g6,edges,alpha,theta,gap,ratio,status
ICRb`yiu?,20,3,3.7071067827,0.7071067827,1.2357022609,Solved
ICQeR`[Mg,19,3,3.6671550571,0.6671550571,1.222385019,Solved
ICRbdO{xG,20,3,3.6666666716,0.6666666716,1.2222222239,Solved
ICRbdO{v_,21,3,3.6666666714,0.6666666714,1.2222222238,Solved
ICRbdO{z_,21,3,3.6666666708,0.6666666708,1.2222222236,Solved
ICRbcqhNO,20,3,3.6666666706,0.6666666706,1.2222222235,Solved
ICRbdO{lg,21,3,3.6666666701,0.6666666701,1.2222222234,Solved
ICRbdO{~o,23,3,3.6666666693,0.6666666693,1.2222222231,Solved
ICRbdO{|o,22,3,3.6666666691,0.6666666691,1.222222223,Solved
ICRbdO{lG,20,3,3.6666666691,0.6666666691,1.222222223,Solved
ICRbdO{|g,22,3,3.666666669,0.666666669,1.222222223,Solved
ICRbdO{zg,22,3,3.666666669,0.666666669,1.222222223,Solved
ICRbdO{~g,23,3,3.6666666688,0.6666666688,1.2222222229,Solved
ICRbdO{xo,21,3,3.6666666687,0.6666666687,1.2222222229,Solved
ICRbdO{u_,20,3,3.6666666686,0.6666666686,1.2222222229,Solved
ICRbdO{~w,24,3,3.6666666686,0.6666666686,1.2222222229,Solved
ICQ`fP[r_,19,3,3.6666666686,0.6666666686,1.2222222229,Solved
ICRbcqhN?,19,3,3.6666666685,0.6666666685,1.2222222228,Solved
ICRbdO{x_,20,3,3.6666666684,0.6666666684,1.2222222228,Solved
ICRbdO{\_,20,3,3.6666666682,0.6666666682,1.2222222227,Solved
ICRbdO{uo,21,3,3.666666668,0.666666668,1.2222222227,Solved
ICRbdO{|G,21,3,3.6666666678,0.6666666678,1.2222222226,Solved
ICRbdO{^_,21,3,3.6666666677,0.6666666677,1.2222222226,Solved
ICRbdO{{_,20,3,3.6666666676,0.6666666676,1.2222222225,Solved
ICRbdO{}o,22,3,3.6666666675,0.6666666675,1.2222222225,Solved
ICRbdO{~G,22,3,3.6666666674,0.6666666674,1.2222222225,Solved
ICRbdO{|_,21,3,3.6666666673,0.6666666673,1.2222222224,Solved
ICRbdO{}_,21,3,3.6666666671,0.6666666671,1.2222222224,Solved
ICRbdO{~_,22,3,3.6666666671,0.6666666671,1.2222222224,Solved
ICQbfP[r_,20,3,3.6666666669,0.6666666669,1.2222222223,Solved
ICRb`yi}?,21,3,3.6364049387,0.6364049387,1.2121349796,Solved
ICQbfP[MW,20,3,3.6272019194,0.6272019194,1.2090673065,Solved
ICQbdp[r_,20,3,3.6180934541,0.6180934541,1.2060311514,Solved
ICR`szot_,21,3,3.6180339945,0.6180339945,1.2060113315,Solved
ICpbfG{j_,21,3,3.618033994,0.618033994,1.2060113313,Solved
ICRb`yito,22,3,3.6180339938,0.6180339938,1.2060113313,Solved
ICRb`yi~w,25,3,3.6180339925,0.6180339925,1.2060113308,Solved
ICRb`yilw,23,3,3.6180339917,0.6180339917,1.2060113306,Solved
ICRb`yihw,22,3,3.6180339915,0.6180339915,1.2060113305,Solved
ICRb`yi~O,23,3,3.6180339915,0.6180339915,1.2060113305,Solved
ICRb`yiz_,22,3,3.6180339914,0.6180339914,1.2060113305,Solved
ICRb`yiHw,21,3,3.6180339914,0.6180339914,1.2060113305,Solved
ICRb`yido,21,3,3.6180339912,0.6180339912,1.2060113304,Solved
ICRb`yi|_,22,3,3.6180339911,0.6180339911,1.2060113304,Solved
ICQbvP[[W,21,3,3.6180339911,0.6180339911,1.2060113304,Solved
ICRb`yixo,22,3,3.6180339911,0.6180339911,1.2060113304,Solved
ICRb`yivo,23,3,3.6180339907,0.6180339907,1.2060113302,Solved
ICRb`yi|O,22,3,3.6180339906,0.6180339906,1.2060113302,Solved
ICpbdq[tO,21,3,3.6180339906,0.6180339906,1.2060113302,Solved
ICRb`yixw,23,3,3.6180339906,0.6180339906,1.2060113302,Solved
ICRb`yiv_,22,3,3.6180339905,0.6180339905,1.2060113302,Solved
ICQeV`[Mg,20,3,3.6180339905,0.6180339905,1.2060113302,Solved
ICRb`yir_,21,3,3.6180339902,0.6180339902,1.2060113301,Solved
ICRb`yitw,23,3,3.6180339901,0.6180339901,1.20601133,Solved
ICRb`yizo,23,3,3.61803399,0.61803399,1.20601133,Solved
ICRb`yilo,22,3,3.61803399,0.61803399,1.20601133,Solved
ICRb`yivO,22,3,3.61803399,0.61803399,1.20601133,Solved
ICRb`yi~o,24,3,3.61803399,0.61803399,1.20601133,Solved
ICRb`yit_,21,3,3.6180339899,0.6180339899,1.20601133,Solved
ICRb`yiv?,21,3,3.6180339899,0.6180339899,1.20601133,Solved
ICRb`yi\o,22,3,3.6180339898,0.6180339898,1.2060113299,Solved
ICRb`yitO,21,3,3.6180339898,0.6180339898,1.2060113299,Solved
ICQ`fP{r_,20,3,3.6180339898,0.6180339898,1.2060113299,Solved
ICpbfG{TW,21,3,3.6180339898,0.6180339898,1.2060113299,Solved
ICRb`yi~_,23,3,3.6180339897,0.6180339897,1.2060113299,Solved
ICRb`yi|w,24,3,3.6180339896,0.6180339896,1.2060113299,Solved
ICQbvP[r_,21,3,3.6180339896,0.6180339896,1.2060113299,Solved
ICRb`yi~?,22,3,3.6180339896,0.6180339896,1.2060113299,Solved
ICRb`yivw,24,3,3.6180339894,0.6180339894,1.2060113298,Solved
ICRb`yidw,22,3,3.6180339893,0.6180339893,1.2060113298,Solved
ICRb`yi|o,23,3,3.6180339891,0.6180339891,1.2060113297,Solved
ICRb`yiro,22,3,3.618033989,0.618033989,1.2060113297,Solved
ICQeR_{hO,18,3,3.59364951,0.59364951,1.19788317,Solved
ICQv@pkco,19,3,3.5658187553,0.5658187553,1.1886062518,Solved
ICQeR_{jO,19,3,3.5648607773,0.5648607773,1.1882869258,Solved
ICQeR`[e_,18,3,3.5601948728,0.5601948728,1.1867316243,Solved
ICQbR_yRW,19,3,3.5600646763,0.5600646763,1.1866882254,Solved
ICQeR`[m_,19,3,3.5594522578,0.5594522578,1.1864840859,Solved
ICQbeT[MW,20,3,3.5594386223,0.5594386223,1.1864795408,Solved
ICRV@qk\O,20,3,3.5572110144,0.5572110144,1.1857370048,Solved
ICRbdQyso,21,3,3.5565471321,0.5565471321,1.1855157107,Solved
ICQbeo{j_,20,3,3.5508708647,0.5508708647,1.1836236216,Solved
I?`DA_wJ?,12,4,4.5507551481,0.5507551481,1.137688787,Solved
ICQe`pcj_,18,3,3.5470248293,0.5470248293,1.1823416098,Solved
ICQeR`kMg,19,3,3.5466467792,0.5466467792,1.1822155931,Solved
ICRV@qkVG,20,3,3.5463924675,0.5463924675,1.1821308225,Solved
ICQe`psfG,19,3,3.5456488321,0.5456488321,1.181882944,Solved
ICQbdZcmG,20,3,3.5456433015,0.5456433015,1.1818811005,Solved
ICpbbgmx_,21,3,3.5456343008,0.5456343008,1.1818781003,Solved
ICpdUg{[_,20,3,3.5455063968,0.5455063968,1.1818354656,Solved
ICQe`psx_,19,3,3.543704588,0.543704588,1.1812348627,Solved
ICQbdp[qo,20,3,3.5420744939,0.5420744939,1.180691498,Solved
ICQbdW{mO,20,3,3.5419949076,0.5419949076,1.1806649692,Solved
ICQbdp[rO,20,3,3.5412796445,0.5412796445,1.1804265482,Solved
ICQVfG{j_,21,3,3.5409987312,0.5409987312,1.1803329104,Solved
ICpdPxq|?,21,3,3.5409908116,0.5409908116,1.1803302705,Solved
ICQeR`[eg,19,3,3.5409001899,0.5409001899,1.1803000633,Solved
ICpbfG{Iw,21,3,3.5401257356,0.5401257356,1.1800419119,Solved
ICQeR_{VG,19,3,3.5399136281,0.5399136281,1.1799712094,Solved
ICQeR`[mg,20,3,3.5397600389,0.5397600389,1.179920013,Solved
ICQeR`[Ng,20,3,3.5397600383,0.5397600383,1.1799200128,Solved
ICQbdp[MW,20,3,3.5395820228,0.5395820228,1.1798606743,Solved
ICQe`psxo,20,3,3.5389872178,0.5389872178,1.1796624059,Solved
ICQb`ri^_,21,3,3.5389093308,0.5389093308,1.1796364436,Solved
ICQbdW{x_,20,3,3.5387484429,0.5387484429,1.1795828143,Solved
ICR`rjg[W,21,3,3.5387389791,0.5387389791,1.1795796597,Solved
ICRV@qkeW,20,3,3.5385148082,0.5385148082,1.1795049361,Solved
ICRV@qk^G,21,3,3.5382350761,0.5382350761,1.179411692,Solved
ICRV@qk\W,21,3,3.5382350758,0.5382350758,1.1794116919,Solved
ICRbdQ{|O,22,3,3.538172797,0.538172797,1.1793909323,Solved
ICpVbqkx_,22,3,3.5375762126,0.5375762126,1.1791920709,Solved
ICQbdo{jo,21,3,3.5362365181,0.5362365181,1.178745506,Solved
ICQbdp[ro,21,3,3.5359114044,0.5359114044,1.1786371348,Solved
ICRb`zgro,22,3,3.5339049442,0.5339049442,1.1779683147,Solved
ICpbfG{io,21,3,3.532905948,0.532905948,1.177635316,Solved
ICpVbqky_,22,3,3.5328347746,0.5328347746,1.1776115915,Solved
ICQbdp[f_,20,3,3.5308006269,0.5308006269,1.1769335423,Solved
ICQb`qu|?,20,3,3.5304838949,0.5304838949,1.176827965,Solved
I?`D@`WJ?,12,4,4.5301101971,0.5301101971,1.1325275493,Solved
ICQb`rsn_,21,3,3.5293200173,0.5293200173,1.1764400058,Solved
ICQe`psj_,19,3,3.5290699185,0.5290699185,1.1763566395,Solved
ICQbdrSNG,20,3,3.5279138382,0.5279138382,1.1759712794,Solved
I?`DB_[U?,13,4,4.52564491,0.52564491,1.1314112275,Solved
ICQbfP[mO,20,3,3.5239253226,0.5239253226,1.1746417742,Solved
ICQv@pk\G,20,3,3.5235904561,0.5235904561,1.174530152,Solved
ICRVBiwjO,21,3,3.5235872022,0.5235872022,1.1745290674,Solved
I?`D@`WN?,13,4,4.5233006692,0.5233006692,1.1308251673,Solved
ICp`eq[qg,20,3,3.5231484641,0.5231484641,1.1743828214,Solved
ICQbdW{|G,21,3,3.5228684976,0.5228684976,1.1742894992,Solved
ICQbdW{xg,21,3,3.5228684974,0.5228684974,1.1742894991,Solved
ICRbdQ{Ng,22,3,3.5224077555,0.5224077555,1.1741359185,Solved
ICRbdQ{^G,22,3,3.5224077513,0.5224077513,1.1741359171,Solved
ICpdPxqIw,21,3,3.5214847309,0.5214847309,1.1738282436,Solved
ICQbdq]to,22,3,3.5214290614,0.5214290614,1.1738096871,Solved
ICRb`ymxo,23,3,3.5213797111,0.5213797111,1.173793237,Solved
ICQeR_{h_,18,3,3.5201502615,0.5201502615,1.1733834205,Solved
ICQeR_{j_,19,3,3.5187628101,0.5187628101,1.1729209367,Solved
ICQbfP[eW,20,3,3.5184714735,0.5184714735,1.1728238245,Solved
ICQbfP[mW,21,3,3.5176174069,0.5176174069,1.1725391356,Solved
I?`@f?[Y?,13,4,4.5173494588,0.5173494588,1.1293373647,Solved
ICpdPxq|_,22,3,3.5170927199,0.5170927199,1.17236424,Solved
ICpVbqkz_,23,3,3.5170172697,0.5170172697,1.1723390899,Solved
ICRbeo{j_,21,3,3.5170172695,0.5170172695,1.1723390898,Solved
ICQbfI{mO,21,3,3.5156614853,0.5156614853,1.1718871618,Solved
I?`DB`Wl?,14,4,4.5153978205,0.5153978205,1.1288494551,Solved
ICQbRbKMg,19,3,3.5152779043,0.5152779043,1.1717593014,Solved
ICRbdQy{o,22,3,3.5151931527,0.5151931527,1.1717310509,Solved
ICQbR_yrO,19,3,3.5146079359,0.5146079359,1.1715359786,Solved
ICp`fQ[r_,20,3,3.5135422293,0.5135422293,1.1711807431,Solved
ICQb`rKy_,19,3,3.5117053481,0.5117053481,1.1705684494,Solved
ICQbeo{jO,20,3,3.5116984806,0.5116984806,1.1705661602,Solved
ICRbcqhn?,20,3,3.5116909985,0.5116909985,1.1705636662,Solved
I?`D@`gF_,13,4,4.5108697146,0.5108697146,1.1277174287,Solved
ICpbfG{dW,21,3,3.5102586702,0.5102586702,1.1700862234,Solved
I?`@f@WFO,14,4,4.5094844961,0.5094844961,1.127371124,Solved
I?`FBQodO,15,4,4.5087469658,0.5087469658,1.1271867415,Solved
ICpbfG{tO,21,3,3.5077215391,0.5077215391,1.169240513,Solved
ICQeR_{xO,19,3,3.5071242687,0.5071242687,1.1690414229,Solved
ICQb`rkf_,20,3,3.506902716,0.506902716,1.168967572,Solved
ICQbQpqMO,18,3,3.5065611719,0.5065611719,1.168853724,Solved
ICRbeo{jO,21,3,3.5065011335,0.5065011335,1.1688337112,Solved
ICQbR_yVO,19,3,3.5062958944,0.5062958944,1.1687652981,Solved
ICpbfG{RW,21,3,3.5059141391,0.5059141391,1.1686380464,Solved
ICQb`riVO,20,3,3.5058580831,0.5058580831,1.168619361,Solved
ICQeR_{zO,20,3,3.5055409913,0.5055409913,1.1685136638,Solved
I?`@f?[]?,14,4,4.5052926313,0.5052926313,1.1263231578,Solved
ICpVbqkqg,22,3,3.5051060177,0.5051060177,1.1683686726,Solved
ICpbfG{VW,22,3,3.5041098157,0.5041098157,1.1680366052,Solved
ICpbfG{tW,22,3,3.5041098152,0.5041098152,1.1680366051,Solved
I?b@f@WF?,14,4,4.5041066484,0.5041066484,1.1260266621,Solved
ICQbdrKf_,20,3,3.5032929572,0.5032929572,1.1677643191,Solved
ICQbR_yUW,19,3,3.5028432111,0.5028432111,1.1676144037,Solved
ICQbRd[Mg,20,3,3.5028380938,0.5028380938,1.1676126979,Solved
ICQe`pdj_,19,3,3.5024655614,0.5024655614,1.1674885205,Solved
ICQbeS{Z_,20,3,3.5017843242,0.5017843242,1.1672614414,Solved
ICQbR_yrW,20,3,3.501108518,0.501108518,1.1670361727,Solved
ICQbR_yVW,20,3,3.5011085178,0.5011085178,1.1670361726,Solved
ICQb`riVo,21,3,3.5011049634,0.5011049634,1.1670349878,Solved
ICOedrKV_,19,3,3.500994172,0.500994172,1.1669980573,Solved
ICQeV`[m_,20,3,3.5008017527,0.5008017527,1.1669339176,Solved
ICQbcs{jO,20,3,3.5007286633,0.5007286633,1.1669095544,Solved
ICRbcqhsg,20,3,3.500698162,0.500698162,1.1668993873,Solved
ICQfep[MW,21,3,3.5006981601,0.5006981601,1.1668993867,Solved
ICRVDXweg,21,3,3.5006183463,0.5006183463,1.1668727821,Solved
ICrb`rimg,23,3,3.5000000013,0.5000000013,1.1666666671,Solved
ICpdQjqNO,21,3,3.5000000011,0.5000000011,1.166666667,Solved
ICpdQiq^?,20,3,3.5000000004,0.5000000004,1.1666666668,Solved
IUZurzmmo,30,2,2.5000000001,0.5000000001,1.25,Solved
ICpdQiqZ?,19,3,3.5000000001,0.5000000001,1.1666666667,Solved
I?b@f?[]?,15,4,4.4997069113,0.4997069113,1.1249267278,Solved
I?`D@`wF_,14,4,4.4993122726,0.4993122726,1.1248280682,Solved
ICQbeo{ho,20,3,3.4988636633,0.4988636633,1.1662878878,Solved
ICQbeT[JW,20,3,3.4985079685,0.4985079685,1.1661693228,Solved
ICRbdrUf_,22,3,3.4981307801,0.4981307801,1.1660435934,Solved
ICQbeo{jo,21,3,3.4980404018,0.4980404018,1.1660134673,Solved
ICQv@rKcw,20,3,3.4979321983,0.4979321983,1.1659773994,Solved
ICQbeS{VG,20,3,3.4978842403,0.4978842403,1.1659614134,Solved
ICpbfG{Kw,21,3,3.4970752023,0.4970752023,1.1656917341,Solved
ICQe`pc[g,18,3,3.4969240495,0.4969240495,1.1656413498,Solved
ICRVDXw\G,21,3,3.4965241072,0.4965241072,1.1655080357,Solved
ICQbdW{ko,20,3,3.4962927141,0.4962927141,1.1654309047,Solved
ICR`uiw[W,21,3,3.4962830474,0.4962830474,1.1654276825,Solved
ICQvDXwVO,21,3,3.49626628,0.49626628,1.1654220933,Solved
ICQbdp[v_,21,3,3.4962632222,0.4962632222,1.1654210741,Solved
ICQbdp[fg,21,3,3.4962632213,0.4962632213,1.1654210738,Solved
ICQbdW{}O,21,3,3.4961273585,0.4961273585,1.1653757862,Solved
ICQbdW{mo,21,3,3.4961273574,0.4961273574,1.1653757858,Solved
ICRbdQ{to,22,3,3.4961217632,0.4961217632,1.1653739211,Solved
ICpfdg{io,22,3,3.4960261809,0.4960261809,1.1653420603,Solved
ICRbeo{ho,21,3,3.4954153133,0.4954153133,1.1651384378,Solved
I?`@f@wFO,15,4,4.4950682181,0.4950682181,1.1237670545,Solved
ICOfdrKV_,20,3,3.4948991847,0.4948991847,1.1649663949,Solved
I?`@d`gF?,13,4,4.4948307662,0.4948307662,1.1237076915,Solved
ICQfdp[r_,21,3,3.4941201458,0.4941201458,1.1647067153,Solved
ICpVV_{l_,22,3,3.4926258033,0.4926258033,1.1642086011,Solved
ICQbfIwj_,20,3,3.4918178423,0.4918178423,1.1639392808,Solved
ICRbeo{jo,22,3,3.4904620581,0.4904620581,1.1634873527,Solved
ICpbfGm^?,21,3,3.4898298073,0.4898298073,1.1632766024,Solved
ICQbeT[eW,20,3,3.4895072872,0.4895072872,1.1631690957,Solved
ICQ`fI[t_,19,3,3.4891767511,0.4891767511,1.163058917,Solved
ICQv@pkRo,20,3,3.4890388845,0.4890388845,1.1630129615,Solved
ICQbQprMo,20,3,3.4887010782,0.4887010782,1.1629003594,Solved
ICRb`zgj_,21,3,3.4886415613,0.4886415613,1.1628805204,Solved
ICRbdq]to,23,3,3.4885261242,0.4885261242,1.1628420414,Solved
ICQbfImmO,21,3,3.4883877302,0.4883877302,1.1627959101,Solved
ICQbeT[mW,21,3,3.487558973,0.487558973,1.1625196577,Solved
ICQbeT[NW,21,3,3.4875589713,0.4875589713,1.1625196571,Solved
ICQb`rKl_,19,3,3.4872720269,0.4872720269,1.162424009,Solved
ICQbRfKMg,20,3,3.4872446586,0.4872446586,1.1624148862,Solved
ICQb`qu|O,21,3,3.4872416562,0.4872416562,1.1624138854,Solved
ICQb`qu~?,21,3,3.4872416557,0.4872416557,1.1624138852,Solved
ICQe`pcq_,17,3,3.4861427782,0.4861427782,1.1620475927,Solved
ICQeR_{e_,18,3,3.4861144667,0.4861144667,1.1620381556,Solved
ICQbQzoM_,19,3,3.4860590553,0.4860590553,1.1620196851,Solved
ICQb`q}|O,22,3,3.4859476904,0.4859476904,1.1619825635,Solved
ICpbbg}x_,22,3,3.4858415442,0.4858415442,1.1619471814,Solved
ICR`rjgx_,21,3,3.484187527,0.484187527,1.1613958423,Solved
ICQe`pkfG,19,3,3.483777192,0.483777192,1.161259064,Solved
ICQe`pcy_,18,3,3.483418514,0.483418514,1.1611395047,Solved
ICQe`psy_,19,3,3.4834017296,0.4834017296,1.1611339099,Solved
ICQeR_{m_,19,3,3.4833544092,0.4833544092,1.1611181364,Solved
ICQbdp[y_,20,3,3.4833516238,0.4833516238,1.1611172079,Solved
ICpbfG{iW,21,3,3.4830695548,0.4830695548,1.1610231849,Solved
ICpbfG{Mw,22,3,3.4829909431,0.4829909431,1.160996981,Solved
ICpbfG{iw,22,3,3.4829909403,0.4829909403,1.1609969801,Solved
ICQbee[m_,20,3,3.482627671,0.482627671,1.1608758903,Solved
ICRbdRRl_,21,3,3.4816869309,0.4816869309,1.1605623103,Solved
ICQeR_{x_,19,3,3.4808987627,0.4808987627,1.1602995876,Solved
ICpdPxq}?,21,3,3.4808937267,0.4808937267,1.1602979089,Solved
ICRbdRRn_,22,3,3.4799726367,0.4799726367,1.1599908789,Solved
I?bB@_Wc_,12,4,4.4793262073,0.4793262073,1.1198315518,Solved
ICQRDPqZ_,18,3,3.4780556623,0.4780556623,1.1593518874,Solved
ICdebQkKo,19,3,3.4778841762,0.4778841762,1.1592947254,Solved
ICQbRbSfO,19,3,3.4776961106,0.4776961106,1.1592320369,Solved
ICQbepkMW,20,3,3.4773670685,0.4773670685,1.1591223562,Solved
ICOedrKUo,19,3,3.4772987643,0.4772987643,1.1590995881,Solved
ICQeV`[eg,20,3,3.4772575325,0.4772575325,1.1590858442,Solved
ICQbdK{eo,20,3,3.4771856678,0.4771856678,1.1590618893,Solved
ICRVDXweW,21,3,3.4771686208,0.4771686208,1.1590562069,Solved
ICQbdrKV_,20,3,3.4770585455,0.4770585455,1.1590195152,Solved
I?`DB`WN?,14,4,4.4767754004,0.4767754004,1.1191938501,Solved
ICQeR_{tG,19,3,3.4765156969,0.4765156969,1.1588385656,Solved
ICp`fQsr_,20,3,3.4762249776,0.4762249776,1.1587416592,Solved
ICOedrKVo,20,3,3.4761463997,0.4761463997,1.1587154666,Solved
ICQbcs{jo,21,3,3.4761461463,0.4761461463,1.1587153821,Solved
ICQeV`[mg,21,3,3.4760356277,0.4760356277,1.1586785426,Solved
ICRVDXwew,22,3,3.4760178087,0.4760178087,1.1586726029,Solved
ICQbdp[xO,20,3,3.4760059287,0.4760059287,1.1586686429,Solved
ICQb`rKKo,18,3,3.475511036,0.475511036,1.1585036787,Solved
ICQe`psVG,19,3,3.4752237815,0.4752237815,1.1584079272,Solved
ICQbdp[NG,20,3,3.4750726017,0.4750726017,1.1583575339,Solved
ICQe`phf?,18,3,3.4747982488,0.4747982488,1.1582660829,Solved
ICRVBiwN_,21,3,3.4747580192,0.4747580192,1.1582526731,Solved
ICQ`fRQf_,19,3,3.4747226992,0.4747226992,1.1582408997,Solved
ICQbeS{V_,20,3,3.4742731387,0.4742731387,1.1580910462,Solved
ICZJfQeNG,22,3,3.4742478575,0.4742478575,1.1580826192,Solved
ICrb`riVo,23,3,3.4742125844,0.4742125844,1.1580708615,Solved
ICQv@pkr_,20,3,3.4741142718,0.4741142718,1.1580380906,Solved
ICQb`riro,21,3,3.4738549606,0.4738549606,1.1579516535,Solved
ICRbdQ{fo,22,3,3.4738548744,0.4738548744,1.1579516248,Solved
I?`@f?kU?,13,4,4.4737046675,0.4737046675,1.1184261669,Solved
ICQv@pkso,20,3,3.4735886269,0.4735886269,1.1578628756,Solved
ICpdUg{{_,21,3,3.4735181752,0.4735181752,1.1578393917,Solved
ICQbdc{ho,20,3,3.4733617921,0.4733617921,1.157787264,Solved
ICpbbK{TW,21,3,3.4733496208,0.4733496208,1.1577832069,Solved
ICRbdRR}_,22,3,3.473140483,0.473140483,1.1577134943,Solved
ICQbdK{~?,21,3,3.4730564876,0.4730564876,1.1576854959,Solved
ICQbdK{mo,21,3,3.4730564846,0.4730564846,1.1576854949,Solved
ICQbdq]|O,22,3,3.4730542691,0.4730542691,1.1576847564,Solved
ICpdPxqmO,21,3,3.472709926,0.472709926,1.1575699753,Solved
ICrb`ri^_,23,3,3.4725527892,0.4725527892,1.1575175964,Solved
ICQbfI[j_,20,3,3.4725231365,0.4725231365,1.1575077122,Solved
ICQbdc{jo,21,3,3.472399512,0.472399512,1.157466504,Solved
ICQvDWy\W,22,3,3.4723989752,0.4723989752,1.1574663251,Solved
I?`ebRodO,17,4,4.4721359665,0.4721359665,1.1180339916,Solved
I?`D@POl?,12,4,4.4721359647,0.4721359647,1.1180339912,Solved
I?bB@`WF_,14,4,4.4721359625,0.4721359625,1.1180339906,Solved
I?`Df?[l?,15,4,4.4721359618,0.4721359618,1.1180339905,Solved
I?`DB_[Y?,13,4,4.4721359615,0.4721359615,1.1180339904,Solved
I?`DE`gdG,14,4,4.4721359609,0.4721359609,1.1180339902,Solved
I?`af?wFO,15,4,4.4721359609,0.4721359609,1.1180339902,Solved
I?`Df?sFO,15,4,4.4721359607,0.4721359607,1.1180339902,Solved
I?`DE_sN?,14,4,4.4721359605,0.4721359605,1.1180339901,Solved
I?`Db`wl?,16,4,4.4721359605,0.4721359605,1.1180339901,Solved
I?`DB_s]?,14,4,4.4721359605,0.4721359605,1.1180339901,Solved
I?bB@`WE_,13,4,4.4721359605,0.4721359605,1.1180339901,Solved
I?`cjboY_,17,4,4.4721359605,0.4721359605,1.1180339901,Solved
I?`DA`gd?,12,4,4.4721359604,0.4721359604,1.1180339901,Solved
I?`DE_{N?,15,4,4.4721359601,0.4721359601,1.11803399,Solved
I?`DE_wN?,14,4,4.47213596,0.47213596,1.11803399,Solved
I?`afASYG,15,4,4.4721359598,0.4721359598,1.11803399,Solved
I?`DA`gl?,13,4,4.4721359597,0.4721359597,1.1180339899,Solved
I?`DB_kN?,14,4,4.4721359595,0.4721359595,1.1180339899,Solved
I?`cm`oY_,16,4,4.4721359595,0.4721359595,1.1180339899,Solved
I?`DA`gdG,13,4,4.4721359593,0.4721359593,1.1180339898,Solved
I?`DB_[M?,13,4,4.4721359592,0.4721359592,1.1180339898,Solved
I?`DA_wd?,12,4,4.472135959,0.472135959,1.1180339898,Solved
I?rFf_{N?,20,4,4.4721359588,0.4721359588,1.1180339897,Solved
I?ovE_wpG,17,4,4.4721359587,0.4721359587,1.1180339897,Solved
I?`D@poF_,14,4,4.4721359584,0.4721359584,1.1180339896,Solved
I?`Db_kN?,15,4,4.4721359582,0.4721359582,1.1180339895,Solved
I?`FAqc{?,15,4,4.4721359581,0.4721359581,1.1180339895,Solved
I?`DE_sJO,14,4,4.472135958,0.472135958,1.1180339895,Solved
I?`af?wF?,14,4,4.4721359579,0.4721359579,1.1180339895,Solved
I?`DA_wl?,13,4,4.4721359579,0.4721359579,1.1180339895,Solved
I?bB@`wF_,15,4,4.4721359576,0.4721359576,1.1180339894,Solved
I?`DE_sJ?,13,4,4.4721359576,0.4721359576,1.1180339894,Solved
I?bFB_wF?,15,4,4.4721359576,0.4721359576,1.1180339894,Solved
I?opuNo{?,19,4,4.4721359575,0.4721359575,1.1180339894,Solved
I?`fBO]]?,17,4,4.4721359574,0.4721359574,1.1180339894,Solved
I?`DBRodO,15,4,4.4721359571,0.4721359571,1.1180339893,Solved
I?`Df@WhG,15,4,4.4721359571,0.4721359571,1.1180339893,Solved
I?`D@poN?,14,4,4.4721359571,0.4721359571,1.1180339893,Solved
I?`DA_wN?,13,4,4.472135957,0.472135957,1.1180339893,Solved
I?`DbRodO,16,4,4.4721359569,0.4721359569,1.1180339892,Solved
I?`DB`gF_,14,4,4.4721359569,0.4721359569,1.1180339892,Solved
ICQbdo{MW,20,3,3.4721359567,0.4721359567,1.1573786522,Solved
I?bB`zoN?,18,4,4.4721359567,0.4721359567,1.1180339892,Solved
I?`D@POd?,11,4,4.4721359567,0.4721359567,1.1180339892,Solved
I?`acjoYO,16,4,4.4721359566,0.4721359566,1.1180339892,Solved
I?`bf?[]?,16,4,4.4721359566,0.4721359566,1.1180339892,Solved
I?`DB_[]?,14,4,4.4721359566,0.4721359566,1.1180339892,Solved
I?bFB_wN?,16,4,4.4721359565,0.4721359565,1.1180339891,Solved
I?b@f@WFO,15,4,4.4721359565,0.4721359565,1.1180339891,Solved
I?`Db_wl?,15,4,4.4721359565,0.4721359565,1.1180339891,Solved
I?`DB_]]?,15,4,4.4721359564,0.4721359564,1.1180339891,Solved
I?`Df?[L?,14,4,4.4721359562,0.4721359562,1.1180339891,Solved
I?b@f@wFO,16,4,4.4721359562,0.4721359562,1.1180339891,Solved
I?`FAo]]?,16,4,4.4721359562,0.4721359562,1.1180339891,Solved
I?`D`roN?,16,4,4.4721359562,0.4721359562,1.118033989,Solved
I?`F?zoN?,16,4,4.472135956,0.472135956,1.118033989,Solved
I?bB`roN?,17,4,4.472135956,0.472135956,1.118033989,Solved
I?`Df?[N?,15,4,4.472135956,0.472135956,1.118033989,Solved
I?bF@pwF_,17,4,4.472135956,0.472135956,1.118033989,Solved
I?`DA`wl?,14,4,4.4721359559,0.4721359559,1.118033989,Solved
I?`cjRo{?,17,4,4.4721359558,0.4721359558,1.118033989,Solved
I?`cn@oY_,16,4,4.4721359557,0.4721359557,1.1180339889,Solved
I?`ed`gdG,16,4,4.4721359556,0.4721359556,1.1180339889,Solved
I?opvBop_,18,4,4.4721359556,0.4721359556,1.1180339889,Solved
I?`cjVo{?,18,4,4.4721359555,0.4721359555,1.1180339889,Solved
I?`cm`g{?,16,4,4.4721359554,0.4721359554,1.1180339889,Solved
I?`FE_wN?,15,4,4.4721359553,0.4721359553,1.1180339888,Solved
I?`DA_wL?,12,4,4.472135955,0.472135955,1.1180339888,Solved
I?`Db_{N?,16,4,4.4721359549,0.4721359549,1.1180339887,Solved
I?opuJo{?,18,4,4.4721359549,0.4721359549,1.1180339887,Solved
I?`DA_{N?,14,4,4.4721359548,0.4721359548,1.1180339887,Solved
I?`FE_{N?,16,4,4.4721359548,0.4721359548,1.1180339887,Solved
I?`Db_kF?,14,4,4.4721359539,0.4721359539,1.1180339885,Solved
ICQbdq]Ng,22,3,3.4716273478,0.4716273478,1.1572091159,Solved
ICQbdp{fg,22,3,3.4716273474,0.4716273474,1.1572091158,Solved
ICRb`ym|O,23,3,3.4716023035,0.4716023035,1.1572007678,Solved
ICRbcqhtG,20,3,3.4714565074,0.4714565074,1.1571521691,Solved
ICpdPxqz?,21,3,3.4708726786,0.4708726786,1.1569575595,Solved
ICQe`pc}_,19,3,3.4703808373,0.4703808373,1.1567936124,Solved
ICQe`pcvo,20,3,3.4703808364,0.4703808364,1.1567936121,Solved
ICQe`pc~_,20,3,3.4703808363,0.4703808363,1.1567936121,Solved
ICQe`pc}o,20,3,3.4703808362,0.4703808362,1.1567936121,Solved
ICQe`pcmO,18,3,3.4703808361,0.4703808361,1.156793612,Solved
ICQe`pcNo,19,3,3.4703808361,0.4703808361,1.156793612,Solved
ICQe`pcno,20,3,3.4703808355,0.4703808355,1.1567936118,Solved
ICQe`pc~w,22,3,3.4703808354,0.4703808354,1.1567936118,Solved
ICQeR_{lO,19,3,3.4703808352,0.4703808352,1.1567936117,Solved
ICQe`pc~O,20,3,3.4703808352,0.4703808352,1.1567936117,Solved
ICQe`pc{o,19,3,3.4703808352,0.4703808352,1.1567936117,Solved
ICQe`pcrO,18,3,3.4703808352,0.4703808352,1.1567936117,Solved
ICQe`pcuO,18,3,3.4703808351,0.4703808351,1.1567936117,Solved
ICQe`pczo,20,3,3.4703808351,0.4703808351,1.1567936117,Solved
ICQe`pcMo,18,3,3.470380835,0.470380835,1.1567936117,Solved
ICQe`pc]g,19,3,3.4703808349,0.4703808349,1.1567936116,Solved
ICQe`pc|o,20,3,3.4703808349,0.4703808349,1.1567936116,Solved
ICQe`pcMO,17,3,3.4703808345,0.4703808345,1.1567936115,Solved
ICQe`pcf_,18,3,3.4703808344,0.4703808344,1.1567936115,Solved
ICQe`pcyO,18,3,3.4703808344,0.4703808344,1.1567936115,Solved
ICQe`pcnO,19,3,3.4703808343,0.4703808343,1.1567936114,Solved
ICQe`pcu_,18,3,3.4703808342,0.4703808342,1.1567936114,Solved
ICQe`pcko,18,3,3.4703808342,0.4703808342,1.1567936114,Solved
ICQe`pct_,18,3,3.4703808341,0.4703808341,1.1567936114,Solved
ICQe`pc[w,19,3,3.470380834,0.470380834,1.1567936113,Solved
ICQe`pc{_,18,3,3.470380834,0.470380834,1.1567936113,Solved
ICQe`pcz_,19,3,3.4703808339,0.4703808339,1.1567936113,Solved
ICQe`pczO,19,3,3.4703808339,0.4703808339,1.1567936113,Solved
ICQe`pcn_,19,3,3.4703808338,0.4703808338,1.1567936113,Solved
ICQe`pcl_,18,3,3.4703808338,0.4703808338,1.1567936113,Solved
ICQe`pclg,19,3,3.4703808338,0.4703808338,1.1567936113,Solved
ICQe`pcqO,17,3,3.4703808338,0.4703808338,1.1567936113,Solved
ICQe`pclo,19,3,3.4703808337,0.4703808337,1.1567936112,Solved
ICQe`pcso,18,3,3.4703808337,0.4703808337,1.1567936112,Solved
ICQe`pcyo,19,3,3.4703808337,0.4703808337,1.1567936112,Solved
ICQe`pc{g,19,3,3.4703808337,0.4703808337,1.1567936112,Solved
ICQe`pcYO,17,3,3.4703808337,0.4703808337,1.1567936112,Solved
ICQe`pcs_,17,3,3.4703808336,0.4703808336,1.1567936112,Solved
ICQe`pc}g,20,3,3.4703808336,0.4703808336,1.1567936112,Solved
ICQe`pcVo,19,3,3.4703808334,0.4703808334,1.1567936111,Solved
ICQe`pcmo,19,3,3.4703808333,0.4703808333,1.1567936111,Solved
ICQe`pkXO,18,3,3.4703808333,0.4703808333,1.1567936111,Solved
ICQeR_{eO,18,3,3.4703808332,0.4703808332,1.1567936111,Solved
ICQe`pc{w,20,3,3.4703808332,0.4703808332,1.1567936111,Solved
ICQe`pcto,19,3,3.4703808331,0.4703808331,1.156793611,Solved
ICQe`pc]O,18,3,3.4703808331,0.4703808331,1.156793611,Solved
ICQe`pc^o,20,3,3.470380833,0.470380833,1.156793611,Solved
ICQe`pcuo,19,3,3.470380833,0.470380833,1.156793611,Solved
ICQe`pc~g,21,3,3.470380833,0.470380833,1.156793611,Solved
ICQe`pc}w,21,3,3.470380833,0.470380833,1.156793611,Solved
ICQe`pc}O,19,3,3.470380833,0.470380833,1.156793611,Solved
ICQe`pc]o,19,3,3.4703808329,0.4703808329,1.156793611,Solved
ICQe`pc|_,19,3,3.4703808329,0.4703808329,1.156793611,Solved
ICQe`pcUo,18,3,3.4703808329,0.4703808329,1.156793611,Solved
ICQe`pcr_,18,3,3.4703808328,0.4703808328,1.1567936109,Solved
ICQe`pcd_,17,3,3.4703808328,0.4703808328,1.1567936109,Solved
ICOcePsJ_,16,3,3.4703808328,0.4703808328,1.1567936109,Solved
ICQe`pc|g,20,3,3.4703808327,0.4703808327,1.1567936109,Solved
ICQe`pcYo,18,3,3.4703808327,0.4703808327,1.1567936109,Solved
ICQe`pc]w,20,3,3.4703808327,0.4703808327,1.1567936109,Solved
ICQe`pcv_,19,3,3.4703808327,0.4703808327,1.1567936109,Solved
ICQe`pcng,20,3,3.4703808327,0.4703808327,1.1567936109,Solved
ICQe`pc|w,21,3,3.4703808327,0.4703808327,1.1567936109,Solved
ICQe`pc~o,21,3,3.4703808327,0.4703808327,1.1567936109,Solved
ICpbegyNG,21,3,3.469902734,0.469902734,1.1566342447,Solved
ICQe^PsMo,21,3,3.4696427465,0.4696427465,1.1565475822,Solved
ICQbeo{xO,20,3,3.4696273788,0.4696273788,1.1565424596,Solved
ICRb`zgz_,22,3,3.4685821725,0.4685821725,1.1561940575,Solved
ICQe`phVO,19,3,3.4683114756,0.4683114756,1.1561038252,Solved
ICQbdp[Kw,20,3,3.4682913757,0.4682913757,1.1560971252,Solved
ICQbQzoMo,20,3,3.4682609182,0.4682609182,1.1560869727,Solved
ICQbdW{RW,20,3,3.467843738,0.467843738,1.1559479127,Solved
I?`DBOkmW,16,4,4.4678437376,0.4678437376,1.1169609344,Solved
ICQebP[Mg,19,3,3.4678437375,0.4678437375,1.1559479125,Solved
ICQbeS{z?,20,3,3.4678437373,0.4678437373,1.1559479124,Solved
ICRV@qk[w,21,3,3.4678437372,0.4678437372,1.1559479124,Solved
ICQbdW{lg,21,3,3.4678437369,0.4678437369,1.1559479123,Solved
ICQbeS{x?,19,3,3.4678437369,0.4678437369,1.1559479123,Solved
ICQRDO{YW,18,3,3.4678437368,0.4678437368,1.1559479123,Solved
ICOedq[mO,19,3,3.4678437368,0.4678437368,1.1559479123,Solved
ICQb`rsyw,22,3,3.4678437366,0.4678437366,1.1559479122,Solved
ICQb`rqjw,22,3,3.4678437365,0.4678437365,1.1559479122,Solved
ICpbfG{m_,21,3,3.4678437364,0.4678437364,1.1559479121,Solved
ICQbRa[m_,19,3,3.4678437364,0.4678437364,1.1559479121,Solved
ICQeR`[l_,19,3,3.4678437364,0.4678437364,1.1559479121,Solved
I?`DBOk]O,15,4,4.4678437363,0.4678437363,1.1169609341,Solved
I?`DB_kYO,14,4,4.4678437362,0.4678437362,1.116960934,Solved
ICQbdW{Z_,20,3,3.4678437362,0.4678437362,1.1559479121,Solved
ICQRDP[u_,18,3,3.4678437362,0.4678437362,1.1559479121,Solved
ICQb`r}no,24,3,3.4678437362,0.4678437362,1.1559479121,Solved
ICQbdW{^G,21,3,3.467843736,0.467843736,1.155947912,Solved
ICQRDO{[w,19,3,3.467843736,0.467843736,1.155947912,Solved
ICRV@qkzg,22,3,3.467843736,0.467843736,1.155947912,Solved
ICRV@qk~G,22,3,3.467843736,0.467843736,1.155947912,Solved
I?`DBOkvO,16,4,4.4678437359,0.4678437359,1.116960934,Solved
ICQTbHhj?,18,3,3.4678437358,0.4678437358,1.1559479119,Solved
ICQbdW{nw,23,3,3.4678437358,0.4678437358,1.1559479119,Solved
ICOedq[zO,20,3,3.4678437358,0.4678437358,1.1559479119,Solved
ICQbdW{\w,22,3,3.4678437358,0.4678437358,1.1559479119,Solved
I?`DBOk^O,16,4,4.4678437358,0.4678437358,1.116960934,Solved
ICQbdW{~W,23,3,3.4678437358,0.4678437358,1.1559479119,Solved
ICQbR_y]g,20,3,3.4678437357,0.4678437357,1.1559479119,Solved
ICQb`rqfw,22,3,3.4678437357,0.4678437357,1.1559479119,Solved
I?`DBOk{_,15,4,4.4678437357,0.4678437357,1.1169609339,Solved
ICQe`q[uW,20,3,3.4678437357,0.4678437357,1.1559479119,Solved
ICQb`rmn_,22,3,3.4678437357,0.4678437357,1.1559479119,Solved
ICQeR`[^O,20,3,3.4678437357,0.4678437357,1.1559479119,Solved
ICQRDO{vW,20,3,3.4678437356,0.4678437356,1.1559479119,Solved
ICRV@qknW,22,3,3.4678437356,0.4678437356,1.1559479119,Solved
ICOedq[Zw,21,3,3.4678437356,0.4678437356,1.1559479119,Solved
ICQRDO{tW,19,3,3.4678437356,0.4678437356,1.1559479119,Solved
ICQb`q}~w,25,3,3.4678437356,0.4678437356,1.1559479119,Solved
ICQbR_ytw,21,3,3.4678437356,0.4678437356,1.1559479119,Solved
ICQRDO{}O,19,3,3.4678437356,0.4678437356,1.1559479119,Solved
ICQeRakMg,19,3,3.4678437356,0.4678437356,1.1559479119,Solved
ICQeR`[yg,20,3,3.4678437356,0.4678437356,1.1559479119,Solved
ICQbdW{Lw,21,3,3.4678437355,0.4678437355,1.1559479118,Solved
ICRV@qkzW,22,3,3.4678437355,0.4678437355,1.1559479118,Solved
ICQb`pzzw,24,3,3.4678437355,0.4678437355,1.1559479118,Solved
ICOedq[cw,19,3,3.4678437355,0.4678437355,1.1559479118,Solved
ICQbdK{\_,20,3,3.4678437355,0.4678437355,1.1559479118,Solved
ICQbdW{zg,22,3,3.4678437354,0.4678437354,1.1559479118,Solved
ICQeR`[^w,22,3,3.4678437354,0.4678437354,1.1559479118,Solved
ICQebP[eW,19,3,3.4678437354,0.4678437354,1.1559479118,Solved
ICRV@qk~o,23,3,3.4678437354,0.4678437354,1.1559479118,Solved
ICQb`rmmw,23,3,3.4678437354,0.4678437354,1.1559479118,Solved
ICQeR`[}_,20,3,3.4678437354,0.4678437354,1.1559479118,Solved
ICQbR_ysw,20,3,3.4678437353,0.4678437353,1.1559479118,Solved
ICQRDO{nG,19,3,3.4678437353,0.4678437353,1.1559479118,Solved
ICQRDO{iW,18,3,3.4678437353,0.4678437353,1.1559479118,Solved
ICQeR`[hg,19,3,3.4678437353,0.4678437353,1.1559479118,Solved
ICQRDO{}o,20,3,3.4678437352,0.4678437352,1.1559479117,Solved
ICQbUTwV_,20,3,3.4678437352,0.4678437352,1.1559479117,Solved
ICQb`rYnw,23,3,3.4678437352,0.4678437352,1.1559479117,Solved
ICQb`rkqo,20,3,3.4678437352,0.4678437352,1.1559479117,Solved
ICRV@qkVW,21,3,3.4678437351,0.4678437351,1.1559479117,Solved
ICQeRaeN_,19,3,3.4678437351,0.4678437351,1.1559479117,Solved
ICRV@qk^O,21,3,3.4678437351,0.4678437351,1.1559479117,Solved
ICQb`rY]W,21,3,3.4678437351,0.4678437351,1.1559479117,Solved
ICQb`rY}o,22,3,3.4678437351,0.4678437351,1.1559479117,Solved
ICQbdW{}_,21,3,3.4678437351,0.4678437351,1.1559479117,Solved
ICQ`fIkmo,20,3,3.4678437351,0.4678437351,1.1559479117,Solved
ICRV@qk~g,23,3,3.4678437351,0.4678437351,1.1559479117,Solved
ICRV@qkqo,20,3,3.4678437351,0.4678437351,1.1559479117,Solved
ICRV@qk|w,23,3,3.4678437351,0.4678437351,1.1559479117,Solved
ICQeR`[dW,19,3,3.4678437351,0.4678437351,1.1559479117,Solved
I?`DBOkMW,15,4,4.467843735,0.467843735,1.1169609338,Solved
ICQebP[[g,19,3,3.467843735,0.467843735,1.1559479117,Solved
ICQbdW{Uw,21,3,3.467843735,0.467843735,1.1559479117,Solved
ICQb`q}lw,23,3,3.467843735,0.467843735,1.1559479117,Solved
ICQbR_y~g,22,3,3.4678437349,0.4678437349,1.1559479116,Solved
ICQeR`[hW,19,3,3.4678437349,0.4678437349,1.1559479116,Solved
ICOedq[Xw,20,3,3.4678437349,0.4678437349,1.1559479116,Solved
ICQb`rYfW,21,3,3.4678437349,0.4678437349,1.1559479116,Solved
ICQRDqk]w,21,3,3.4678437349,0.4678437349,1.1559479116,Solved
ICRV@qk}o,22,3,3.4678437349,0.4678437349,1.1559479116,Solved
ICQeR`[~G,21,3,3.4678437349,0.4678437349,1.1559479116,Solved
ICQb`ru}W,23,3,3.4678437349,0.4678437349,1.1559479116,Solved
ICQbR_yVw,21,3,3.4678437348,0.4678437348,1.1559479116,Solved
ICQb`r}}o,24,3,3.4678437348,0.4678437348,1.1559479116,Solved
ICQbdW{Zg,21,3,3.4678437348,0.4678437348,1.1559479116,Solved
I?`D@pgJO,14,4,4.4678437348,0.4678437348,1.1169609337,Solved
ICQRDPqx_,18,3,3.4678437348,0.4678437348,1.1559479116,Solved
ICQb`pz~o,24,3,3.4678437348,0.4678437348,1.1559479116,Solved
ICRV@qkww,21,3,3.4678437348,0.4678437348,1.1559479116,Solved
ICQb`rz}w,25,3,3.4678437348,0.4678437348,1.1559479116,Solved
ICQbbqsMW,20,3,3.4678437348,0.4678437348,1.1559479116,Solved
ICRV@qktg,21,3,3.4678437348,0.4678437348,1.1559479116,Solved
ICQb`rs{o,21,3,3.4678437348,0.4678437348,1.1559479116,Solved
ICQbR_y}W,21,3,3.4678437348,0.4678437348,1.1559479116,Solved
ICQRDqkZo,20,3,3.4678437348,0.4678437348,1.1559479116,Solved
ICQb`rY~_,22,3,3.4678437348,0.4678437348,1.1559479116,Solved
ICQRDO{~o,21,3,3.4678437347,0.4678437347,1.1559479116,Solved
ICQb`rq~w,24,3,3.4678437347,0.4678437347,1.1559479116,Solved
ICRV@qk~w,24,3,3.4678437347,0.4678437347,1.1559479116,Solved
ICQe`q[^_,20,3,3.4678437347,0.4678437347,1.1559479116,Solved
ICQbR_ykw,20,3,3.4678437347,0.4678437347,1.1559479116,Solved
ICQb`ri|G,21,3,3.4678437347,0.4678437347,1.1559479116,Solved
ICQb`rmng,23,3,3.4678437347,0.4678437347,1.1559479116,Solved
ICQb`r{n_,22,3,3.4678437347,0.4678437347,1.1559479116,Solved
ICQbR_yfW,20,3,3.4678437347,0.4678437347,1.1559479116,Solved
ICQRDO{Yo,18,3,3.4678437347,0.4678437347,1.1559479116,Solved
ICQb`r}~O,24,3,3.4678437347,0.4678437347,1.1559479116,Solved
ICQb`q}nw,24,3,3.4678437347,0.4678437347,1.1559479116,Solved
ICQb`rYmW,21,3,3.4678437346,0.4678437346,1.1559479115,Solved
ICQb`rY]w,22,3,3.4678437346,0.4678437346,1.1559479115,Solved
ICQbR_ydg,19,3,3.4678437346,0.4678437346,1.1559479115,Solved
ICQbdW{ug,21,3,3.4678437346,0.4678437346,1.1559479115,Solved
ICQb`rY]g,21,3,3.4678437346,0.4678437346,1.1559479115,Solved
ICRV@qk~O,22,3,3.4678437346,0.4678437346,1.1559479115,Solved
ICQeR`[dw,20,3,3.4678437346,0.4678437346,1.1559479115,Solved
ICQRDO{lO,18,3,3.4678437345,0.4678437345,1.1559479115,Solved
ICQeR`[r_,19,3,3.4678437345,0.4678437345,1.1559479115,Solved
ICQb`qrxw,22,3,3.4678437345,0.4678437345,1.1559479115,Solved
ICRV@qk{o,21,3,3.4678437345,0.4678437345,1.1559479115,Solved
ICQbRbSMg,19,3,3.4678437345,0.4678437345,1.1559479115,Solved
ICOedq[Z_,19,3,3.4678437345,0.4678437345,1.1559479115,Solved
I?`DBOk{O,15,4,4.4678437345,0.4678437345,1.1169609336,Solved
ICQb`q}}o,23,3,3.4678437344,0.4678437344,1.1559479115,Solved
ICQb`rYnW,22,3,3.4678437344,0.4678437344,1.1559479115,Solved
ICQRDO{}g,20,3,3.4678437344,0.4678437344,1.1559479115,Solved
ICQb`rYyW,21,3,3.4678437344,0.4678437344,1.1559479115,Solved
ICQRDO{nW,20,3,3.4678437344,0.4678437344,1.1559479115,Solved
ICQebPqRg,19,3,3.4678437343,0.4678437343,1.1559479114,Solved
ICQeR`[n_,20,3,3.4678437343,0.4678437343,1.1559479114,Solved
ICQb`ri|o,22,3,3.4678437343,0.4678437343,1.1559479114,Solved
ICQb`qrro,21,3,3.4678437343,0.4678437343,1.1559479114,Solved
ICQeR`[]O,19,3,3.4678437343,0.4678437343,1.1559479114,Solved
ICQbec{MW,20,3,3.4678437343,0.4678437343,1.1559479114,Solved
ICRV@qk^W,22,3,3.4678437343,0.4678437343,1.1559479114,Solved
ICQb`rq]W,21,3,3.4678437343,0.4678437343,1.1559479114,Solved
I?`DBOk~o,18,4,4.4678437343,0.4678437343,1.1169609336,Solved
ICQbdW{[w,21,3,3.4678437343,0.4678437343,1.1559479114,Solved
ICQb`ri~O,22,3,3.4678437343,0.4678437343,1.1559479114,Solved
ICQeR`[^g,21,3,3.4678437343,0.4678437343,1.1559479114,Solved
ICQb`ry]o,22,3,3.4678437342,0.4678437342,1.1559479114,Solved
ICQRDO{]W,19,3,3.4678437342,0.4678437342,1.1559479114,Solved
ICQbdW{}G,21,3,3.4678437342,0.4678437342,1.1559479114,Solved
ICQb`rYlw,22,3,3.4678437342,0.4678437342,1.1559479114,Solved
ICQeR`[xo,20,3,3.4678437342,0.4678437342,1.1559479114,Solved
ICQdbP[dO,18,3,3.4678437342,0.4678437342,1.1559479114,Solved
ICQRDqk|_,20,3,3.4678437342,0.4678437342,1.1559479114,Solved
ICQb`rs|W,22,3,3.4678437342,0.4678437342,1.1559479114,Solved
ICQRDqky_,19,3,3.4678437342,0.4678437342,1.1559479114,Solved
ICRV@qk|g,22,3,3.4678437342,0.4678437342,1.1559479114,Solved
ICQb`pylo,21,3,3.4678437342,0.4678437342,1.1559479114,Solved
ICOedq[xW,20,3,3.4678437342,0.4678437342,1.1559479114,Solved
ICQb`rYzw,23,3,3.4678437341,0.4678437341,1.1559479114,Solved
ICQb`ru|o,23,3,3.4678437341,0.4678437341,1.1559479114,Solved
ICQbdW{|W,22,3,3.4678437341,0.4678437341,1.1559479114,Solved
ICQeR`[Mw,20,3,3.4678437341,0.4678437341,1.1559479114,Solved
ICQb`rK~G,21,3,3.4678437341,0.4678437341,1.1559479114,Solved
ICQb`riqw,21,3,3.4678437341,0.4678437341,1.1559479114,Solved
ICQb`runw,24,3,3.4678437341,0.4678437341,1.1559479114,Solved
ICQbR_yNw,21,3,3.4678437341,0.4678437341,1.1559479114,Solved
ICQeR`[|_,20,3,3.4678437341,0.4678437341,1.1559479114,Solved
ICOedq[Zo,20,3,3.4678437341,0.4678437341,1.1559479114,Solved
ICOedq[Jw,20,3,3.4678437341,0.4678437341,1.1559479114,Solved
ICQbR_y~w,23,3,3.4678437341,0.4678437341,1.1559479114,Solved
ICQRDqk]_,19,3,3.4678437341,0.4678437341,1.1559479114,Solved
ICQb`rk{g,21,3,3.4678437341,0.4678437341,1.1559479114,Solved
ICQbR_y~G,21,3,3.4678437341,0.4678437341,1.1559479114,Solved
ICQbQ\wy_,20,3,3.4678437341,0.4678437341,1.1559479114,Solved
ICRV@qkyW,21,3,3.4678437341,0.4678437341,1.1559479114,Solved
ICQb`rm^_,22,3,3.467843734,0.467843734,1.1559479113,Solved
ICQb`rkn_,21,3,3.467843734,0.467843734,1.1559479113,Solved
ICOedq[}o,21,3,3.467843734,0.467843734,1.1559479113,Solved
ICQb`rqjo,21,3,3.467843734,0.467843734,1.1559479113,Solved
ICQbRa[Mg,19,3,3.467843734,0.467843734,1.1559479113,Solved
ICQbdW{qW,20,3,3.467843734,0.467843734,1.1559479113,Solved
ICQe`q[vG,20,3,3.467843734,0.467843734,1.1559479113,Solved
ICOedq[~O,21,3,3.467843734,0.467843734,1.1559479113,Solved
ICOedq[JW,19,3,3.467843734,0.467843734,1.1559479113,Solved
ICQeR`[}W,21,3,3.467843734,0.467843734,1.1559479113,Solved
ICQb`rY{g,21,3,3.467843734,0.467843734,1.1559479113,Solved
ICQbRfWMg,20,3,3.467843734,0.467843734,1.1559479113,Solved
ICQRDO{yO,18,3,3.467843734,0.467843734,1.1559479113,Solved
ICQb`rY|w,23,3,3.467843734,0.467843734,1.1559479113,Solved
ICRV@qkuw,22,3,3.467843734,0.467843734,1.1559479113,Solved
ICQb`rq|O,21,3,3.467843734,0.467843734,1.1559479113,Solved
ICQb`ru|w,24,3,3.4678437339,0.4678437339,1.1559479113,Solved
ICQRDO{|w,21,3,3.4678437339,0.4678437339,1.1559479113,Solved
ICQb`qrrw,22,3,3.4678437339,0.4678437339,1.1559479113,Solved
ICQb`qrLo,20,3,3.4678437339,0.4678437339,1.1559479113,Solved
ICQRDO{^G,19,3,3.4678437339,0.4678437339,1.1559479113,Solved
ICQbR_yfo,20,3,3.4678437339,0.4678437339,1.1559479113,Solved
ICQbR_yKw,19,3,3.4678437339,0.4678437339,1.1559479113,Solved
ICOebIwfO,18,3,3.4678437339,0.4678437339,1.1559479113,Solved
ICQbdW{]g,21,3,3.4678437339,0.4678437339,1.1559479113,Solved
ICQb`ru~g,24,3,3.4678437339,0.4678437339,1.1559479113,Solved
ICQeR`[ro,20,3,3.4678437339,0.4678437339,1.1559479113,Solved
ICQb`ri}g,22,3,3.4678437339,0.4678437339,1.1559479113,Solved
ICQb`rYqw,21,3,3.4678437339,0.4678437339,1.1559479113,Solved
ICQbRe[m_,20,3,3.4678437339,0.4678437339,1.1559479113,Solved
ICQbdW{|_,21,3,3.4678437338,0.4678437338,1.1559479113,Solved
ICOedq[jo,20,3,3.4678437338,0.4678437338,1.1559479113,Solved
ICOedq[qo,19,3,3.4678437338,0.4678437338,1.1559479113,Solved
ICQb`rq]w,22,3,3.4678437338,0.4678437338,1.1559479113,Solved
ICQb`rYLw,21,3,3.4678437338,0.4678437338,1.1559479113,Solved
ICQb`pz}o,23,3,3.4678437338,0.4678437338,1.1559479113,Solved
ICQbR_yNg,20,3,3.4678437338,0.4678437338,1.1559479113,Solved
ICpdQiwSo,19,3,3.4678437338,0.4678437338,1.1559479113,Solved
ICOedq[XW,19,3,3.4678437338,0.4678437338,1.1559479113,Solved
ICQeR`[zO,20,3,3.4678437338,0.4678437338,1.1559479113,Solved
ICQbR_ynw,22,3,3.4678437338,0.4678437338,1.1559479113,Solved
ICQeR`[uW,20,3,3.4678437338,0.4678437338,1.1559479113,Solved
ICQbR_y[w,20,3,3.4678437338,0.4678437338,1.1559479113,Solved
ICQ`fP[x_,19,3,3.4678437338,0.4678437338,1.1559479113,Solved
ICRV@qk}g,22,3,3.4678437338,0.4678437338,1.1559479113,Solved
ICQb`rYjo,21,3,3.4678437338,0.4678437338,1.1559479113,Solved
ICQb`ru]w,23,3,3.4678437338,0.4678437338,1.1559479113,Solved
ICQb`rs]g,21,3,3.4678437338,0.4678437338,1.1559479113,Solved
ICQb`qrvw,23,3,3.4678437337,0.4678437337,1.1559479112,Solved
ICQRDpej?,18,3,3.4678437337,0.4678437337,1.1559479112,Solved
ICRV@qk}w,23,3,3.4678437337,0.4678437337,1.1559479112,Solved
ICQRDqklW,20,3,3.4678437337,0.4678437337,1.1559479112,Solved
ICQb`rYNo,21,3,3.4678437337,0.4678437337,1.1559479112,Solved
ICQb`rm]o,22,3,3.4678437337,0.4678437337,1.1559479112,Solved
I?`DBOk\O,15,4,4.4678437337,0.4678437337,1.1169609334,Solved
ICQb`rktg,21,3,3.4678437337,0.4678437337,1.1559479112,Solved
ICQe`q[NO,19,3,3.4678437337,0.4678437337,1.1559479112,Solved
ICQbR_yvw,22,3,3.4678437337,0.4678437337,1.1559479112,Solved
ICQb`q}mo,22,3,3.4678437337,0.4678437337,1.1559479112,Solved
ICQbR_yxW,20,3,3.4678437337,0.4678437337,1.1559479112,Solved
ICQbdW{UW,20,3,3.4678437337,0.4678437337,1.1559479112,Solved
ICQb`q}zw,24,3,3.4678437337,0.4678437337,1.1559479112,Solved
ICQb`r}|o,24,3,3.4678437337,0.4678437337,1.1559479112,Solved
ICQb`rY~o,23,3,3.4678437337,0.4678437337,1.1559479112,Solved
ICQb`rq~G,22,3,3.4678437336,0.4678437336,1.1559479112,Solved
ICQbdW{vo,22,3,3.4678437336,0.4678437336,1.1559479112,Solved
ICQb`rYRw,21,3,3.4678437336,0.4678437336,1.1559479112,Solved
ICQb`rYJw,21,3,3.4678437336,0.4678437336,1.1559479112,Solved
ICQeR`[jO,19,3,3.4678437336,0.4678437336,1.1559479112,Solved
ICQb`ri{o,21,3,3.4678437336,0.4678437336,1.1559479112,Solved
ICQb`rq\w,22,3,3.4678437336,0.4678437336,1.1559479112,Solved
ICRV@qkjG,20,3,3.4678437336,0.4678437336,1.1559479112,Solved
ICQdbPqRg,19,3,3.4678437336,0.4678437336,1.1559479112,Solved
ICQdbPqMo,19,3,3.4678437336,0.4678437336,1.1559479112,Solved
ICQb`rrno,23,3,3.4678437336,0.4678437336,1.1559479112,Solved
ICQb`qr~_,22,3,3.4678437336,0.4678437336,1.1559479112,Solved
ICQeR`[xW,20,3,3.4678437336,0.4678437336,1.1559479112,Solved
ICQbR_yuW,20,3,3.4678437336,0.4678437336,1.1559479112,Solved
ICQREiwf_,19,3,3.4678437336,0.4678437336,1.1559479112,Solved
ICQb`rYjW,21,3,3.4678437336,0.4678437336,1.1559479112,Solved
ICOedq[lo,20,3,3.4678437336,0.4678437336,1.1559479112,Solved
ICQeR`[VG,19,3,3.4678437336,0.4678437336,1.1559479112,Solved
ICQbdW{~w,24,3,3.4678437336,0.4678437336,1.1559479112,Solved
ICOedq[hw,20,3,3.4678437335,0.4678437335,1.1559479112,Solved
ICQbR_y]w,21,3,3.4678437335,0.4678437335,1.1559479112,Solved
ICQb`rY}g,22,3,3.4678437335,0.4678437335,1.1559479112,Solved
ICQbdW{zG,21,3,3.4678437335,0.4678437335,1.1559479112,Solved
ICQbR_y}O,20,3,3.4678437335,0.4678437335,1.1559479112,Solved
ICQe`q[ng,21,3,3.4678437335,0.4678437335,1.1559479112,Solved
ICQb`rsnW,22,3,3.4678437335,0.4678437335,1.1559479112,Solved
ICQb`ri^o,22,3,3.4678437335,0.4678437335,1.1559479112,Solved
ICQRDP[NG,18,3,3.4678437335,0.4678437335,1.1559479112,Solved
ICQb`rq}O,21,3,3.4678437335,0.4678437335,1.1559479112,Solved
ICQb`r}~_,24,3,3.4678437335,0.4678437335,1.1559479112,Solved
ICOedq[uw,21,3,3.4678437335,0.4678437335,1.1559479112,Solved
ICQeR`[Nw,21,3,3.4678437335,0.4678437335,1.1559479112,Solved
ICQbdYwfO,20,3,3.4678437335,0.4678437335,1.1559479112,Solved
ICRV@qkto,21,3,3.4678437335,0.4678437335,1.1559479112,Solved
ICQb`rYew,21,3,3.4678437335,0.4678437335,1.1559479112,Solved
ICQb`rsyo,21,3,3.4678437335,0.4678437335,1.1559479112,Solved
ICQbRa[M_,18,3,3.4678437335,0.4678437335,1.1559479112,Solved
ICQbR_yuw,21,3,3.4678437334,0.4678437334,1.1559479111,Solved
ICRV@qk[o,20,3,3.4678437334,0.4678437334,1.1559479111,Solved
ICQb`rq|_,21,3,3.4678437334,0.4678437334,1.1559479111,Solved
ICQbdW{^g,22,3,3.4678437334,0.4678437334,1.1559479111,Solved
ICOedq[nW,21,3,3.4678437334,0.4678437334,1.1559479111,Solved
I?`DBOk|?,15,4,4.4678437334,0.4678437334,1.1169609334,Solved
ICOedrcfG,19,3,3.4678437334,0.4678437334,1.1559479111,Solved
ICQeR`[Zg,20,3,3.4678437334,0.4678437334,1.1559479111,Solved
ICQb`rqzw,23,3,3.4678437334,0.4678437334,1.1559479111,Solved
ICQbdW{}W,22,3,3.4678437334,0.4678437334,1.1559479111,Solved
ICpbfG{e_,20,3,3.4678437334,0.4678437334,1.1559479111,Solved
ICQbR_yZg,20,3,3.4678437334,0.4678437334,1.1559479111,Solved
ICQRDPuN_,19,3,3.4678437334,0.4678437334,1.1559479111,Solved
ICQbR_yYo,19,3,3.4678437334,0.4678437334,1.1559479111,Solved
ICQb`rilw,22,3,3.4678437334,0.4678437334,1.1559479111,Solved
ICQeR`[mO,19,3,3.4678437334,0.4678437334,1.1559479111,Solved
ICOedq[Yo,19,3,3.4678437334,0.4678437334,1.1559479111,Solved
ICQbR_yng,21,3,3.4678437334,0.4678437334,1.1559479111,Solved
ICQRDO{VW,19,3,3.4678437334,0.4678437334,1.1559479111,Solved
ICQb`rqmw,22,3,3.4678437334,0.4678437334,1.1559479111,Solved
ICQe`q[nG,20,3,3.4678437334,0.4678437334,1.1559479111,Solved
ICQeR`[vg,21,3,3.4678437334,0.4678437334,1.1559479111,Solved
ICQb`rkLw,21,3,3.4678437333,0.4678437333,1.1559479111,Solved
ICQeR`[lo,20,3,3.4678437333,0.4678437333,1.1559479111,Solved
ICOedq[zW,21,3,3.4678437333,0.4678437333,1.1559479111,Solved
ICQbR_yrw,21,3,3.4678437333,0.4678437333,1.1559479111,Solved
ICQbR_y{W,20,3,3.4678437333,0.4678437333,1.1559479111,Solved
ICQe`q[to,20,3,3.4678437333,0.4678437333,1.1559479111,Solved
ICQ`fIYso,19,3,3.4678437333,0.4678437333,1.1559479111,Solved
ICrb`ritO,22,3,3.4678437333,0.4678437333,1.1559479111,Solved
ICQRDO{}w,21,3,3.4678437333,0.4678437333,1.1559479111,Solved
ICQeQ\w[o,20,3,3.4678437333,0.4678437333,1.1559479111,Solved
ICQb`rsnw,23,3,3.4678437333,0.4678437333,1.1559479111,Solved
ICQb`py]W,21,3,3.4678437333,0.4678437333,1.1559479111,Solved
ICQb`pylw,22,3,3.4678437333,0.4678437333,1.1559479111,Solved
ICQeR`[ko,19,3,3.4678437333,0.4678437333,1.1559479111,Solved
ICQb`qu]w,22,3,3.4678437333,0.4678437333,1.1559479111,Solved
ICQRDO{|W,20,3,3.4678437333,0.4678437333,1.1559479111,Solved
ICQb`rY\w,22,3,3.4678437333,0.4678437333,1.1559479111,Solved
ICQb`rsmW,21,3,3.4678437333,0.4678437333,1.1559479111,Solved
ICQeRa[M_,18,3,3.4678437333,0.4678437333,1.1559479111,Solved
I?`bC`WF_,14,4,4.4678437333,0.4678437333,1.1169609333,Solved
ICQb`rslg,21,3,3.4678437332,0.4678437332,1.1559479111,Solved
ICQdbG{dW,19,3,3.4678437332,0.4678437332,1.1559479111,Solved
ICQb`qunO,21,3,3.4678437332,0.4678437332,1.1559479111,Solved
ICQb`rKKw,19,3,3.4678437332,0.4678437332,1.1559479111,Solved
ICQbR_y]o,20,3,3.4678437332,0.4678437332,1.1559479111,Solved
ICOedq[|O,20,3,3.4678437332,0.4678437332,1.1559479111,Solved
ICQb`riuo,21,3,3.4678437332,0.4678437332,1.1559479111,Solved
ICQe`q[yO,19,3,3.4678437332,0.4678437332,1.1559479111,Solved
ICQb`quxo,21,3,3.4678437332,0.4678437332,1.1559479111,Solved
ICQb`rmmo,22,3,3.4678437332,0.4678437332,1.1559479111,Solved
ICQ`fIk|W,21,3,3.4678437332,0.4678437332,1.1559479111,Solved
ICQeR`kXo,19,3,3.4678437332,0.4678437332,1.1559479111,Solved
ICQb`rYng,22,3,3.4678437332,0.4678437332,1.1559479111,Solved
ICQb`rY^o,22,3,3.4678437332,0.4678437332,1.1559479111,Solved
ICQb`pyzg,22,3,3.4678437332,0.4678437332,1.1559479111,Solved
ICQeR`[z_,20,3,3.4678437332,0.4678437332,1.1559479111,Solved
ICQbdW{kw,21,3,3.4678437332,0.4678437332,1.1559479111,Solved
ICQe`q[^W,21,3,3.4678437332,0.4678437332,1.1559479111,Solved
ICRV@qk]w,22,3,3.4678437332,0.4678437332,1.1559479111,Solved
ICQb`ry~W,24,3,3.4678437332,0.4678437332,1.1559479111,Solved
ICQ`fIkyW,20,3,3.4678437331,0.4678437331,1.155947911,Solved
ICQe`q[vW,21,3,3.4678437331,0.4678437331,1.155947911,Solved
ICQeR`[fg,20,3,3.4678437331,0.4678437331,1.155947911,Solved
ICQeR`[{O,19,3,3.4678437331,0.4678437331,1.155947911,Solved
ICRV@qk}_,21,3,3.4678437331,0.4678437331,1.155947911,Solved
ICQb`rYxw,22,3,3.4678437331,0.4678437331,1.155947911,Solved
ICQbdW{dw,21,3,3.4678437331,0.4678437331,1.155947911,Solved
ICQbQ\w[o,20,3,3.4678437331,0.4678437331,1.155947911,Solved
ICQeR`[lw,21,3,3.4678437331,0.4678437331,1.155947911,Solved
ICQb`r{yw,23,3,3.4678437331,0.4678437331,1.155947911,Solved
ICQb`rsqw,21,3,3.4678437331,0.4678437331,1.155947911,Solved
ICQb`pylW,21,3,3.4678437331,0.4678437331,1.155947911,Solved
ICQb`pz|w,24,3,3.4678437331,0.4678437331,1.155947911,Solved
ICQb`rsng,22,3,3.4678437331,0.4678437331,1.155947911,Solved
I?`DBOkmO,15,4,4.4678437331,0.4678437331,1.1169609333,Solved
ICOedq[jw,21,3,3.4678437331,0.4678437331,1.155947911,Solved
ICOedq[to,20,3,3.4678437331,0.4678437331,1.155947911,Solved
ICQRDO{~g,21,3,3.4678437331,0.4678437331,1.155947911,Solved
ICQRDP[q_,17,3,3.4678437331,0.4678437331,1.155947911,Solved
ICOedq[vo,21,3,3.467843733,0.467843733,1.155947911,Solved
ICQbdW{v_,21,3,3.467843733,0.467843733,1.155947911,Solved
ICQbeS{j?,19,3,3.467843733,0.467843733,1.155947911,Solved
ICQb`rs~w,24,3,3.467843733,0.467843733,1.155947911,Solved
ICQb`rqzW,22,3,3.467843733,0.467843733,1.155947911,Solved
ICQeR`[vW,21,3,3.467843733,0.467843733,1.155947911,Solved
ICQb`rquo,21,3,3.467843733,0.467843733,1.155947911,Solved
ICQb`r{~G,23,3,3.467843733,0.467843733,1.155947911,Solved
ICQb`riVW,21,3,3.467843733,0.467843733,1.155947911,Solved
ICQb`ri\w,22,3,3.467843733,0.467843733,1.155947911,Solved
ICQbQrIRW,19,3,3.467843733,0.467843733,1.155947911,Solved
ICQbR_y^w,22,3,3.467843733,0.467843733,1.155947911,Solved
ICQb`rsno,22,3,3.467843733,0.467843733,1.155947911,Solved
ICQRDO{]o,19,3,3.467843733,0.467843733,1.155947911,Solved
ICOedq[|w,22,3,3.467843733,0.467843733,1.155947911,Solved
ICQbdW{yW,21,3,3.467843733,0.467843733,1.155947911,Solved
ICQb`q}zo,23,3,3.467843733,0.467843733,1.155947911,Solved
ICQeR`[{w,21,3,3.467843733,0.467843733,1.155947911,Solved
I?`DBOkv?,15,4,4.467843733,0.467843733,1.1169609333,Solved
ICQb`rumw,23,3,3.467843733,0.467843733,1.155947911,Solved
ICQb`py~w,24,3,3.467843733,0.467843733,1.155947911,Solved
ICQb`rk]g,21,3,3.467843733,0.467843733,1.155947911,Solved
ICQb`pz~_,23,3,3.467843733,0.467843733,1.155947911,Solved
ICQb`quYw,21,3,3.467843733,0.467843733,1.155947911,Solved
ICQb`rY}w,23,3,3.467843733,0.467843733,1.155947911,Solved
ICQb`rq}W,22,3,3.467843733,0.467843733,1.155947911,Solved
ICQbdXkMW,20,3,3.467843733,0.467843733,1.155947911,Solved
ICOcfP[]_,18,3,3.467843733,0.467843733,1.155947911,Solved
ICQb`q}yo,22,3,3.467843733,0.467843733,1.155947911,Solved
ICQb`qr~o,23,3,3.4678437329,0.4678437329,1.155947911,Solved
ICQb`rYZW,21,3,3.4678437329,0.4678437329,1.155947911,Solved
ICQe`phfG,19,3,3.4678437329,0.4678437329,1.155947911,Solved
ICQe`q[{o,20,3,3.4678437329,0.4678437329,1.155947911,Solved
ICQb`ryzw,24,3,3.4678437329,0.4678437329,1.155947911,Solved
ICQbfRSr_,20,3,3.4678437329,0.4678437329,1.155947911,Solved
ICQbQrQ[W,19,3,3.4678437329,0.4678437329,1.155947911,Solved
ICQb`ru|_,22,3,3.4678437329,0.4678437329,1.155947911,Solved
ICRV@qkZW,21,3,3.4678437329,0.4678437329,1.155947911,Solved
ICQb`rq^g,22,3,3.4678437329,0.4678437329,1.155947911,Solved
ICQb`rmvO,22,3,3.4678437329,0.4678437329,1.155947911,Solved
ICQbR_yuo,20,3,3.4678437329,0.4678437329,1.155947911,Solved
ICQbeekNO,20,3,3.4678437329,0.4678437329,1.155947911,Solved
I?`D@pgN?,14,4,4.4678437329,0.4678437329,1.1169609332,Solved
ICQb`r{}w,24,3,3.4678437329,0.4678437329,1.155947911,Solved
ICQe`q[tg,20,3,3.4678437329,0.4678437329,1.155947911,Solved
ICQbcukNO,20,3,3.4678437329,0.4678437329,1.155947911,Solved
ICQb`q}~g,24,3,3.4678437329,0.4678437329,1.155947911,Solved
ICQbeUkMW,20,3,3.4678437329,0.4678437329,1.155947911,Solved
ICQbdW{hw,21,3,3.4678437329,0.4678437329,1.155947911,Solved
ICQbdNgMW,20,3,3.4678437329,0.4678437329,1.155947911,Solved
ICQb`qr^g,22,3,3.4678437329,0.4678437329,1.155947911,Solved
ICQbR_ysW,19,3,3.4678437329,0.4678437329,1.155947911,Solved
ICQbdW{{w,22,3,3.4678437329,0.4678437329,1.155947911,Solved
ICQbdW{^w,23,3,3.4678437329,0.4678437329,1.155947911,Solved
ICQb`rYnO,21,3,3.4678437328,0.4678437328,1.1559479109,Solved
ICQb`rqvO,21,3,3.4678437328,0.4678437328,1.1559479109,Solved
ICQb`rsMw,21,3,3.4678437328,0.4678437328,1.1559479109,Solved
ICQe`q[~G,21,3,3.4678437328,0.4678437328,1.1559479109,Solved
ICQb`ru}w,24,3,3.4678437328,0.4678437328,1.1559479109,Solved
ICQbdW{vG,21,3,3.4678437328,0.4678437328,1.1559479109,Solved
ICQb`rqto,21,3,3.4678437328,0.4678437328,1.1559479109,Solved
ICQbR_y~W,22,3,3.4678437328,0.4678437328,1.1559479109,Solved
ICOedqsho,19,3,3.4678437328,0.4678437328,1.1559479109,Solved
ICOedq[}_,20,3,3.4678437328,0.4678437328,1.1559479109,Solved
ICQbdW{u_,20,3,3.4678437328,0.4678437328,1.1559479109,Solved
ICQbdW{Qw,20,3,3.4678437328,0.4678437328,1.1559479109,Solved
ICQbeqkNO,20,3,3.4678437328,0.4678437328,1.1559479109,Solved
ICQb`rq^_,21,3,3.4678437328,0.4678437328,1.1559479109,Solved
ICQb`rYvo,22,3,3.4678437328,0.4678437328,1.1559479109,Solved
ICQb`rqmW,21,3,3.4678437328,0.4678437328,1.1559479109,Solved
ICQbdW{vw,23,3,3.4678437328,0.4678437328,1.1559479109,Solved
ICQb`rinw,23,3,3.4678437328,0.4678437328,1.1559479109,Solved
ICOedq[zo,21,3,3.4678437328,0.4678437328,1.1559479109,Solved
ICQbR_yxg,20,3,3.4678437328,0.4678437328,1.1559479109,Solved
ICQb`rY\o,21,3,3.4678437328,0.4678437328,1.1559479109,Solved
ICRV@qkqW,20,3,3.4678437328,0.4678437328,1.1559479109,Solved
ICQbRbKRW,19,3,3.4678437328,0.4678437328,1.1559479109,Solved
ICQb`rivo,22,3,3.4678437328,0.4678437328,1.1559479109,Solved
ICQe`q[eW,19,3,3.4678437328,0.4678437328,1.1559479109,Solved
ICQb`rivg,22,3,3.4678437328,0.4678437328,1.1559479109,Solved
ICOedq[yW,20,3,3.4678437328,0.4678437328,1.1559479109,Solved
ICQe`q[vo,21,3,3.4678437328,0.4678437328,1.1559479109,Solved
ICQb`rY]o,21,3,3.4678437328,0.4678437328,1.1559479109,Solved
ICQeR`[zw,22,3,3.4678437328,0.4678437328,1.1559479109,Solved
ICQeR`[eo,19,3,3.4678437328,0.4678437328,1.1559479109,Solved
ICQe`q[}W,21,3,3.4678437327,0.4678437327,1.1559479109,Solved
ICQbdW{fo,21,3,3.4678437327,0.4678437327,1.1559479109,Solved
ICQb`qrn_,21,3,3.4678437327,0.4678437327,1.1559479109,Solved
ICQb`rqNo,21,3,3.4678437327,0.4678437327,1.1559479109,Solved
ICQbdW{Ro,20,3,3.4678437327,0.4678437327,1.1559479109,Solved
ICQb`rijg,21,3,3.4678437327,0.4678437327,1.1559479109,Solved
ICQ`fIkxW,20,3,3.4678437327,0.4678437327,1.1559479109,Solved
ICQb`ri|w,23,3,3.4678437327,0.4678437327,1.1559479109,Solved
ICQe`q[~W,22,3,3.4678437327,0.4678437327,1.1559479109,Solved
ICQbR_y}o,21,3,3.4678437327,0.4678437327,1.1559479109,Solved
ICQbR_y}w,22,3,3.4678437327,0.4678437327,1.1559479109,Solved
ICQbR_y|G,20,3,3.4678437327,0.4678437327,1.1559479109,Solved
ICQb`rmvW,23,3,3.4678437327,0.4678437327,1.1559479109,Solved
ICQeR`[Lw,20,3,3.4678437327,0.4678437327,1.1559479109,Solved
ICQbR_y|g,21,3,3.4678437327,0.4678437327,1.1559479109,Solved
ICQb`ri}w,23,3,3.4678437327,0.4678437327,1.1559479109,Solved
ICdebQsj_,20,3,3.4678437327,0.4678437327,1.1559479109,Solved
ICQebP[r_,19,3,3.4678437327,0.4678437327,1.1559479109,Solved
ICQb`q}xw,23,3,3.4678437327,0.4678437327,1.1559479109,Solved
ICQb`rsnO,21,3,3.4678437327,0.4678437327,1.1559479109,Solved
ICQb`quhw,21,3,3.4678437327,0.4678437327,1.1559479109,Solved
ICQb`q}~W,24,3,3.4678437327,0.4678437327,1.1559479109,Solved
ICQRBUwj?,18,3,3.4678437327,0.4678437327,1.1559479109,Solved
ICQbcvcMW,20,3,3.4678437327,0.4678437327,1.1559479109,Solved
ICQb`rY~W,23,3,3.4678437327,0.4678437327,1.1559479109,Solved
ICQb`rYuW,21,3,3.4678437327,0.4678437327,1.1559479109,Solved
ICOe`YwfO,18,3,3.4678437327,0.4678437327,1.1559479109,Solved
ICOedq[|W,21,3,3.4678437327,0.4678437327,1.1559479109,Solved
ICOedq[zw,22,3,3.4678437327,0.4678437327,1.1559479109,Solved
ICQRDqk|O,20,3,3.4678437327,0.4678437327,1.1559479109,Solved
ICRV@qk|O,21,3,3.4678437327,0.4678437327,1.1559479109,Solved
ICQe`q[no,21,3,3.4678437327,0.4678437327,1.1559479109,Solved
ICQb`ryjo,22,3,3.4678437327,0.4678437327,1.1559479109,Solved
ICQbR_ylg,20,3,3.4678437327,0.4678437327,1.1559479109,Solved
ICQbR_yZw,21,3,3.4678437327,0.4678437327,1.1559479109,Solved
ICOedq[qW,19,3,3.4678437327,0.4678437327,1.1559479109,Solved
ICQRDO{|o,20,3,3.4678437327,0.4678437327,1.1559479109,Solved
ICQb`rizW,22,3,3.4678437326,0.4678437326,1.1559479109,Solved
ICQRDiUmG,19,3,3.4678437326,0.4678437326,1.1559479109,Solved
ICQeR`[Kw,19,3,3.4678437326,0.4678437326,1.1559479109,Solved
ICQRDqk\_,19,3,3.4678437326,0.4678437326,1.1559479109,Solved
ICQb`rs[w,21,3,3.4678437326,0.4678437326,1.1559479109,Solved
ICQbdW{dW,20,3,3.4678437326,0.4678437326,1.1559479109,Solved
ICQb`rKzG,20,3,3.4678437326,0.4678437326,1.1559479109,Solved
ICQb`r{uo,22,3,3.4678437326,0.4678437326,1.1559479109,Solved
ICRV@qkUW,20,3,3.4678437326,0.4678437326,1.1559479109,Solved
I?`DB_k]?,14,4,4.4678437326,0.4678437326,1.1169609332,Solved
ICQe`q[fW,20,3,3.4678437326,0.4678437326,1.1559479109,Solved
ICQb`runo,23,3,3.4678437326,0.4678437326,1.1559479109,Solved
ICQbdrSl_,20,3,3.4678437326,0.4678437326,1.1559479109,Solved
ICQRDrKjG,19,3,3.4678437326,0.4678437326,1.1559479109,Solved
ICQbR_y^o,21,3,3.4678437326,0.4678437326,1.1559479109,Solved
ICQb`r}~w,26,3,3.4678437326,0.4678437326,1.1559479109,Solved
ICQb`rYzW,22,3,3.4678437326,0.4678437326,1.1559479109,Solved
ICQbdW{Xw,21,3,3.4678437326,0.4678437326,1.1559479109,Solved
ICQbdrSu_,20,3,3.4678437326,0.4678437326,1.1559479109,Solved
ICQTbRcqg,19,3,3.4678437326,0.4678437326,1.1559479109,Solved
ICQb`r{|o,23,3,3.4678437326,0.4678437326,1.1559479109,Solved
I?`DA_wYO,13,4,4.4678437326,0.4678437326,1.1169609332,Solved
ICQbR_y]W,20,3,3.4678437326,0.4678437326,1.1559479109,Solved
ICQRDO{|G,19,3,3.4678437326,0.4678437326,1.1559479109,Solved
ICQb`rYjw,22,3,3.4678437326,0.4678437326,1.1559479109,Solved
ICQbdW{}w,23,3,3.4678437326,0.4678437326,1.1559479109,Solved
ICQeR`[]W,20,3,3.4678437325,0.4678437325,1.1559479108,Solved
ICQb`rY|o,22,3,3.4678437325,0.4678437325,1.1559479108,Solved
ICQb`rm~_,23,3,3.4678437325,0.4678437325,1.1559479108,Solved
ICQeR`[yo,20,3,3.4678437325,0.4678437325,1.1559479108,Solved
ICQb`rY^W,22,3,3.4678437325,0.4678437325,1.1559479108,Solved
ICQb`qryo,21,3,3.4678437325,0.4678437325,1.1559479108,Solved
ICQb`rz}o,24,3,3.4678437325,0.4678437325,1.1559479108,Solved
ICQb`rYfw,22,3,3.4678437325,0.4678437325,1.1559479108,Solved
ICQb`vg[g,20,3,3.4678437325,0.4678437325,1.1559479108,Solved
ICQeR`[Lo,19,3,3.4678437325,0.4678437325,1.1559479108,Solved
ICQbdW{yg,21,3,3.4678437325,0.4678437325,1.1559479108,Solved
ICQbdW{to,21,3,3.4678437325,0.4678437325,1.1559479108,Solved
ICQb`ry|_,22,3,3.4678437325,0.4678437325,1.1559479108,Solved
ICRcrOx[_,19,3,3.4678437325,0.4678437325,1.1559479108,Solved
ICQeR`[jW,20,3,3.4678437325,0.4678437325,1.1559479108,Solved
ICOedMwfO,19,3,3.4678437325,0.4678437325,1.1559479108,Solved
ICQb`riv_,21,3,3.4678437325,0.4678437325,1.1559479108,Solved
ICOedq[yo,20,3,3.4678437325,0.4678437325,1.1559479108,Solved
ICQe`q[^o,21,3,3.4678437325,0.4678437325,1.1559479108,Solved
ICQb`py~W,23,3,3.4678437325,0.4678437325,1.1559479108,Solved
ICQbfP[x_,20,3,3.4678437325,0.4678437325,1.1559479108,Solved
ICQb`rulo,22,3,3.4678437325,0.4678437325,1.1559479108,Solved
ICQb`ru~_,23,3,3.4678437325,0.4678437325,1.1559479108,Solved
ICQb`r}nw,25,3,3.4678437325,0.4678437325,1.1559479108,Solved
ICQbR_yzW,21,3,3.4678437325,0.4678437325,1.1559479108,Solved
ICQbdW{MW,20,3,3.4678437325,0.4678437325,1.1559479108,Solved
ICQbR_yzG,20,3,3.4678437325,0.4678437325,1.1559479108,Solved
ICQb`rYlo,21,3,3.4678437325,0.4678437325,1.1559479108,Solved
ICQb`py}w,23,3,3.4678437325,0.4678437325,1.1559479108,Solved
ICQeepir_,20,3,3.4678437325,0.4678437325,1.1559479108,Solved
ICQb`rymw,23,3,3.4678437325,0.4678437325,1.1559479108,Solved
ICQRDO{]g,19,3,3.4678437325,0.4678437325,1.1559479108,Solved
ICQeR`[~W,22,3,3.4678437325,0.4678437325,1.1559479108,Solved
ICQb`rynw,24,3,3.4678437325,0.4678437325,1.1559479108,Solved
ICQbdZcZG,20,3,3.4678437325,0.4678437325,1.1559479108,Solved
ICQb`pynw,23,3,3.4678437325,0.4678437325,1.1559479108,Solved
ICRV@qkug,21,3,3.4678437325,0.4678437325,1.1559479108,Solved
ICQb`rm~O,23,3,3.4678437324,0.4678437324,1.1559479108,Solved
ICQb`ri[w,21,3,3.4678437324,0.4678437324,1.1559479108,Solved
ICQRDO{}_,19,3,3.4678437324,0.4678437324,1.1559479108,Solved
ICQ`fIk~O,21,3,3.4678437324,0.4678437324,1.1559479108,Solved
ICQb`py|w,23,3,3.4678437324,0.4678437324,1.1559479108,Solved
ICRV@qk~_,22,3,3.4678437324,0.4678437324,1.1559479108,Solved
ICQRFO{u_,19,3,3.4678437324,0.4678437324,1.1559479108,Solved
ICQRDqkUW,19,3,3.4678437324,0.4678437324,1.1559479108,Solved
ICQRDO{tg,19,3,3.4678437324,0.4678437324,1.1559479108,Solved
ICQb`runW,23,3,3.4678437324,0.4678437324,1.1559479108,Solved
ICQe`pdf?,18,3,3.4678437324,0.4678437324,1.1559479108,Solved
ICQb`qr]w,22,3,3.4678437324,0.4678437324,1.1559479108,Solved
ICQb`rkVg,21,3,3.4678437324,0.4678437324,1.1559479108,Solved
ICQb`qrng,22,3,3.4678437324,0.4678437324,1.1559479108,Solved
ICQb`rYvw,23,3,3.4678437324,0.4678437324,1.1559479108,Solved
ICQb`q}}g,23,3,3.4678437324,0.4678437324,1.1559479108,Solved
ICdebQsJ_,19,3,3.4678437324,0.4678437324,1.1559479108,Solved
ICQb`rk\o,21,3,3.4678437324,0.4678437324,1.1559479108,Solved
ICQb`r{xo,22,3,3.4678437324,0.4678437324,1.1559479108,Solved
ICQb`rm^g,23,3,3.4678437324,0.4678437324,1.1559479108,Solved
I?`D@`gJO,13,4,4.4678437324,0.4678437324,1.1169609331,Solved
ICQb`ry}o,23,3,3.4678437324,0.4678437324,1.1559479108,Solved
ICQbcvKMW,20,3,3.4678437324,0.4678437324,1.1559479108,Solved
ICQeR`[Mo,19,3,3.4678437324,0.4678437324,1.1559479108,Solved
ICQRDO{ww,19,3,3.4678437324,0.4678437324,1.1559479108,Solved
ICQRDqkYW,19,3,3.4678437324,0.4678437324,1.1559479108,Solved
ICRV@qk]o,21,3,3.4678437324,0.4678437324,1.1559479108,Solved
ICQbQzW[W,20,3,3.4678437324,0.4678437324,1.1559479108,Solved
ICQb`rk]o,21,3,3.4678437324,0.4678437324,1.1559479108,Solved
ICQRDPqNG,18,3,3.4678437324,0.4678437324,1.1559479108,Solved
ICQbdW{|w,23,3,3.4678437324,0.4678437324,1.1559479108,Solved
ICQbedkMW,20,3,3.4678437324,0.4678437324,1.1559479108,Solved
ICQbbfKMg,20,3,3.4678437324,0.4678437324,1.1559479108,Solved
ICQeR`[No,20,3,3.4678437324,0.4678437324,1.1559479108,Solved
ICQbR_yxo,20,3,3.4678437323,0.4678437323,1.1559479108,Solved
ICQb`rKzg,21,3,3.4678437323,0.4678437323,1.1559479108,Solved
ICQeR`[eW,19,3,3.4678437323,0.4678437323,1.1559479108,Solved
ICOedq[~o,22,3,3.4678437323,0.4678437323,1.1559479108,Solved
ICQe`rI[g,19,3,3.4678437323,0.4678437323,1.1559479108,Solved
ICQb`rino,22,3,3.4678437323,0.4678437323,1.1559479108,Solved
ICOedq[YW,19,3,3.4678437323,0.4678437323,1.1559479108,Solved
ICQbdW{Ng,21,3,3.4678437323,0.4678437323,1.1559479108,Solved
ICQeR`[Ho,18,3,3.4678437323,0.4678437323,1.1559479108,Solved
ICQeR`[Hw,19,3,3.4678437323,0.4678437323,1.1559479108,Solved
ICRV@qky_,20,3,3.4678437323,0.4678437323,1.1559479108,Solved
ICQb`r{~_,23,3,3.4678437323,0.4678437323,1.1559479108,Solved
ICQb`rYtw,22,3,3.4678437323,0.4678437323,1.1559479108,Solved
ICQbdW{lw,22,3,3.4678437323,0.4678437323,1.1559479108,Solved
ICQeR`[{W,20,3,3.4678437323,0.4678437323,1.1559479108,Solved
ICOedq[|o,21,3,3.4678437323,0.4678437323,1.1559479108,Solved
ICQRDqkyo,20,3,3.4678437323,0.4678437323,1.1559479108,Solved
ICQb`rilg,21,3,3.4678437323,0.4678437323,1.1559479108,Solved
ICQb`ruuo,22,3,3.4678437323,0.4678437323,1.1559479108,Solved
ICQb`rkuw,22,3,3.4678437323,0.4678437323,1.1559479108,Solved
ICQb`rkzg,22,3,3.4678437323,0.4678437323,1.1559479108,Solved
ICQeR`[Zo,20,3,3.4678437323,0.4678437323,1.1559479108,Solved
ICQeV`[Mo,20,3,3.4678437323,0.4678437323,1.1559479108,Solved
ICQb`ryto,22,3,3.4678437323,0.4678437323,1.1559479108,Solved
ICQb`qu}O,21,3,3.4678437323,0.4678437323,1.1559479108,Solved
ICQbfP[qo,20,3,3.4678437323,0.4678437323,1.1559479108,Solved
ICQb`rK~w,23,3,3.4678437323,0.4678437323,1.1559479108,Solved
ICQb`rK|_,20,3,3.4678437323,0.4678437323,1.1559479108,Solved
I?`D@`gN?,13,4,4.4678437323,0.4678437323,1.1169609331,Solved
ICQe`q[VW,20,3,3.4678437323,0.4678437323,1.1559479108,Solved
ICQb`py}O,21,3,3.4678437323,0.4678437323,1.1559479108,Solved
ICQeV`[t_,20,3,3.4678437323,0.4678437323,1.1559479108,Solved
ICQRDO{to,19,3,3.4678437323,0.4678437323,1.1559479108,Solved
ICQb`pz]w,23,3,3.4678437323,0.4678437323,1.1559479108,Solved
ICQb`pzlw,23,3,3.4678437323,0.4678437323,1.1559479108,Solved
ICQb`qrto,21,3,3.4678437323,0.4678437323,1.1559479108,Solved
ICQe`q[|g,21,3,3.4678437323,0.4678437323,1.1559479108,Solved
ICQb`rqzo,22,3,3.4678437323,0.4678437323,1.1559479108,Solved
ICQb`r{|w,24,3,3.4678437322,0.4678437322,1.1559479107,Solved
ICQbR_yro,20,3,3.4678437322,0.4678437322,1.1559479107,Solved
ICQb`quuo,21,3,3.4678437322,0.4678437322,1.1559479107,Solved
ICQe`q[Ro,19,3,3.4678437322,0.4678437322,1.1559479107,Solved
ICQb`ri^W,22,3,3.4678437322,0.4678437322,1.1559479107,Solved
ICQeR`[vo,21,3,3.4678437322,0.4678437322,1.1559479107,Solved
ICQb`ry{w,23,3,3.4678437322,0.4678437322,1.1559479107,Solved
ICQeR`[mw,21,3,3.4678437322,0.4678437322,1.1559479107,Solved
ICRV@qkYW,20,3,3.4678437322,0.4678437322,1.1559479107,Solved
ICQb`qr[w,21,3,3.4678437322,0.4678437322,1.1559479107,Solved
ICQbdfKMW,20,3,3.4678437322,0.4678437322,1.1559479107,Solved
ICQRDO{^w,21,3,3.4678437322,0.4678437322,1.1559479107,Solved
ICOcbR[r_,18,3,3.4678437322,0.4678437322,1.1559479107,Solved
ICRV@qk[_,19,3,3.4678437322,0.4678437322,1.1559479107,Solved
ICQbdW{ew,21,3,3.4678437322,0.4678437322,1.1559479107,Solved
ICQb`ry}w,24,3,3.4678437322,0.4678437322,1.1559479107,Solved
ICQbdW{jw,22,3,3.4678437322,0.4678437322,1.1559479107,Solved
ICOeeUwv?,19,3,3.4678437322,0.4678437322,1.1559479107,Solved
ICQeR`[fW,20,3,3.4678437322,0.4678437322,1.1559479107,Solved
ICOedq[}w,22,3,3.4678437322,0.4678437322,1.1559479107,Solved
ICQbR_yMw,20,3,3.4678437322,0.4678437322,1.1559479107,Solved
ICOferSqg,20,3,3.4678437322,0.4678437322,1.1559479107,Solved
ICQb`rYuw,22,3,3.4678437322,0.4678437322,1.1559479107,Solved
ICQRDO{^_,19,3,3.4678437322,0.4678437322,1.1559479107,Solved
ICQRDO{^g,20,3,3.4678437322,0.4678437322,1.1559479107,Solved
ICQb`pynW,22,3,3.4678437322,0.4678437322,1.1559479107,Solved
ICp`fRSr_,20,3,3.4678437322,0.4678437322,1.1559479107,Solved
ICQbR_yyw,21,3,3.4678437322,0.4678437322,1.1559479107,Solved
ICQeR`[Xo,19,3,3.4678437322,0.4678437322,1.1559479107,Solved
ICQbdW{fg,21,3,3.4678437322,0.4678437322,1.1559479107,Solved
ICQeRa[m_,19,3,3.4678437322,0.4678437322,1.1559479107,Solved
ICQeR`[qw,20,3,3.4678437322,0.4678437322,1.1559479107,Solved
ICQb`rq^W,22,3,3.4678437322,0.4678437322,1.1559479107,Solved
ICQRDqk}o,21,3,3.4678437322,0.4678437322,1.1559479107,Solved
ICQbR`YMg,19,3,3.4678437322,0.4678437322,1.1559479107,Solved
ICQb`rihw,21,3,3.4678437321,0.4678437321,1.1559479107,Solved
ICQbdW{Zo,21,3,3.4678437321,0.4678437321,1.1559479107,Solved
ICQb`py~g,23,3,3.4678437321,0.4678437321,1.1559479107,Solved
ICQb`qr\o,21,3,3.4678437321,0.4678437321,1.1559479107,Solved
ICQe`q[lO,19,3,3.4678437321,0.4678437321,1.1559479107,Solved
ICQeR`[to,20,3,3.4678437321,0.4678437321,1.1559479107,Solved
ICQeR`[xO,19,3,3.4678437321,0.4678437321,1.1559479107,Solved
ICQeUhq}?,20,3,3.4678437321,0.4678437321,1.1559479107,Solved
ICQb`rkhw,21,3,3.4678437321,0.4678437321,1.1559479107,Solved
ICQRDpejG,19,3,3.4678437321,0.4678437321,1.1559479107,Solved
ICQRDO{lG,18,3,3.4678437321,0.4678437321,1.1559479107,Solved
ICQb`rk^g,22,3,3.4678437321,0.4678437321,1.1559479107,Solved
ICQb`rs{w,22,3,3.4678437321,0.4678437321,1.1559479107,Solved
ICOedq[Yw,20,3,3.4678437321,0.4678437321,1.1559479107,Solved
ICQeR`[jg,20,3,3.4678437321,0.4678437321,1.1559479107,Solved
I?`DBOk}O,16,4,4.4678437321,0.4678437321,1.116960933,Solved
ICQb`q}jw,23,3,3.4678437321,0.4678437321,1.1559479107,Solved
ICQeR`[\W,20,3,3.4678437321,0.4678437321,1.1559479107,Solved
ICQb`qruo,21,3,3.4678437321,0.4678437321,1.1559479107,Solved
ICQb`rm|w,24,3,3.4678437321,0.4678437321,1.1559479107,Solved
ICQeR`[\o,20,3,3.4678437321,0.4678437321,1.1559479107,Solved
ICQb`rqZw,22,3,3.4678437321,0.4678437321,1.1559479107,Solved
ICQbbfgMg,20,3,3.4678437321,0.4678437321,1.1559479107,Solved
ICQb`rivw,23,3,3.4678437321,0.4678437321,1.1559479107,Solved
I?`DAhgJ?,13,4,4.4678437321,0.4678437321,1.116960933,Solved
ICQbcukMW,20,3,3.4678437321,0.4678437321,1.1559479107,Solved
ICQbdW{cw,20,3,3.4678437321,0.4678437321,1.1559479107,Solved
I?`D@Rol?,14,4,4.4678437321,0.4678437321,1.116960933,Solved
ICQbdW{nW,22,3,3.4678437321,0.4678437321,1.1559479107,Solved
ICQTbPcjO,18,3,3.4678437321,0.4678437321,1.1559479107,Solved
ICQb`pz~g,24,3,3.4678437321,0.4678437321,1.1559479107,Solved
ICQbR_y\W,20,3,3.4678437321,0.4678437321,1.1559479107,Solved
ICQbdW{xW,21,3,3.4678437321,0.4678437321,1.1559479107,Solved
ICQb`pynO,21,3,3.4678437321,0.4678437321,1.1559479107,Solved
ICQeR`[XW,19,3,3.4678437321,0.4678437321,1.1559479107,Solved
ICRV@qkmW,21,3,3.4678437321,0.4678437321,1.1559479107,Solved
ICQb`rixo,21,3,3.4678437321,0.4678437321,1.1559479107,Solved
ICOedq[xw,21,3,3.4678437321,0.4678437321,1.1559479107,Solved
ICOedq[~W,22,3,3.4678437321,0.4678437321,1.1559479107,Solved
ICQb`rY}W,22,3,3.4678437321,0.4678437321,1.1559479107,Solved
ICQb`quyw,22,3,3.4678437321,0.4678437321,1.1559479107,Solved
ICQbdW{\o,21,3,3.4678437321,0.4678437321,1.1559479107,Solved
ICQb`ru~O,23,3,3.4678437321,0.4678437321,1.1559479107,Solved
ICQb`qr|g,22,3,3.4678437321,0.4678437321,1.1559479107,Solved
ICQb`qulo,21,3,3.4678437321,0.4678437321,1.1559479107,Solved
ICQRDO{]w,20,3,3.4678437321,0.4678437321,1.1559479107,Solved
ICQb`qukw,21,3,3.4678437321,0.4678437321,1.1559479107,Solved
ICQb`ru|g,23,3,3.4678437321,0.4678437321,1.1559479107,Solved
ICQb`r~~o,26,3,3.4678437321,0.4678437321,1.1559479107,Solved
ICQb`rYzO,21,3,3.4678437321,0.4678437321,1.1559479107,Solved
ICQbdW{vO,21,3,3.4678437321,0.4678437321,1.1559479107,Solved
ICQb`rs~O,22,3,3.467843732,0.467843732,1.1559479107,Solved
ICQb`ri~w,24,3,3.467843732,0.467843732,1.1559479107,Solved
ICQRDqkVO,19,3,3.467843732,0.467843732,1.1559479107,Solved
I?`DBOknO,16,4,4.467843732,0.467843732,1.116960933,Solved
ICQb`py|W,22,3,3.467843732,0.467843732,1.1559479107,Solved
ICQbR_yjo,20,3,3.467843732,0.467843732,1.1559479107,Solved
I?`DE_sd_,14,4,4.467843732,0.467843732,1.116960933,Solved
ICQbdW{Kw,20,3,3.467843732,0.467843732,1.1559479107,Solved
ICQbdW{nG,21,3,3.467843732,0.467843732,1.1559479107,Solved
ICQeR`kVG,19,3,3.467843732,0.467843732,1.1559479107,Solved
ICQb`rm}O,22,3,3.467843732,0.467843732,1.1559479107,Solved
ICQb`rKYg,19,3,3.467843732,0.467843732,1.1559479107,Solved
ICQRDO{~G,20,3,3.467843732,0.467843732,1.1559479107,Solved
ICQbdW{\g,21,3,3.467843732,0.467843732,1.1559479107,Solved
ICQb`rm{w,23,3,3.467843732,0.467843732,1.1559479107,Solved
ICQb`qr}_,21,3,3.467843732,0.467843732,1.1559479107,Solved
ICQbdW{mG,20,3,3.467843732,0.467843732,1.1559479107,Solved
ICQb`q}|w,24,3,3.467843732,0.467843732,1.1559479107,Solved
ICQb`riZW,21,3,3.467843732,0.467843732,1.1559479107,Solved
ICQbR_yvO,20,3,3.467843732,0.467843732,1.1559479107,Solved
ICQb`rqvo,22,3,3.467843732,0.467843732,1.1559479107,Solved
ICQb`rY^g,22,3,3.467843732,0.467843732,1.1559479107,Solved
ICQb`ry{o,22,3,3.467843732,0.467843732,1.1559479107,Solved
ICQddhqMo,20,3,3.467843732,0.467843732,1.1559479107,Solved
ICQb`ry^O,22,3,3.467843732,0.467843732,1.1559479107,Solved
ICQb`q}jo,22,3,3.467843732,0.467843732,1.1559479107,Solved
ICQeR`[\O,19,3,3.467843732,0.467843732,1.1559479107,Solved
ICOedYwxG,19,3,3.467843732,0.467843732,1.1559479107,Solved
ICQb`qujw,22,3,3.467843732,0.467843732,1.1559479107,Solved
ICQb`quzo,22,3,3.467843732,0.467843732,1.1559479107,Solved
ICQb`rqmo,21,3,3.467843732,0.467843732,1.1559479107,Solved
ICQb`rY|O,21,3,3.467843732,0.467843732,1.1559479107,Solved
ICQb`rkvo,22,3,3.467843732,0.467843732,1.1559479107,Solved
ICQbeT[n?,20,3,3.467843732,0.467843732,1.1559479107,Solved
ICQb`ry~o,24,3,3.467843732,0.467843732,1.1559479107,Solved
ICQb`qulW,21,3,3.467843732,0.467843732,1.1559479107,Solved
ICQRDO{[o,18,3,3.467843732,0.467843732,1.1559479107,Solved
ICQb`rYn_,21,3,3.467843732,0.467843732,1.1559479107,Solved
ICQb`r{{w,23,3,3.467843732,0.467843732,1.1559479107,Solved
ICQeR`[|G,20,3,3.467843732,0.467843732,1.1559479107,Solved
ICQb`quno,22,3,3.467843732,0.467843732,1.1559479107,Solved
ICQb`r}|w,25,3,3.467843732,0.467843732,1.1559479107,Solved
ICOedq[z_,20,3,3.467843732,0.467843732,1.1559479107,Solved
ICQRDPXrO,18,3,3.4678437319,0.4678437319,1.1559479106,Solved
ICQb`rq~_,22,3,3.4678437319,0.4678437319,1.1559479106,Solved
ICQb`rq{g,21,3,3.4678437319,0.4678437319,1.1559479106,Solved
ICQb`qrLw,21,3,3.4678437319,0.4678437319,1.1559479106,Solved
ICQRDqk^_,20,3,3.4678437319,0.4678437319,1.1559479106,Solved
ICOedq[|_,20,3,3.4678437319,0.4678437319,1.1559479106,Solved
ICQRDqk]W,20,3,3.4678437319,0.4678437319,1.1559479106,Solved
ICQRDpej_,19,3,3.4678437319,0.4678437319,1.1559479106,Solved
ICQb`py~o,23,3,3.4678437319,0.4678437319,1.1559479106,Solved
ICQb`rm}o,23,3,3.4678437319,0.4678437319,1.1559479106,Solved
ICQRDqk\w,21,3,3.4678437319,0.4678437319,1.1559479106,Solved
ICQeR`[dg,19,3,3.4678437319,0.4678437319,1.1559479106,Solved
ICQb`rKsg,19,3,3.4678437319,0.4678437319,1.1559479106,Solved
ICQb`py}g,22,3,3.4678437319,0.4678437319,1.1559479106,Solved
ICQRDqk|W,21,3,3.4678437319,0.4678437319,1.1559479106,Solved
ICQRDqktw,21,3,3.4678437319,0.4678437319,1.1559479106,Solved
ICQbRbSM_,18,3,3.4678437319,0.4678437319,1.1559479106,Solved
ICQb`ridw,21,3,3.4678437319,0.4678437319,1.1559479106,Solved
ICQb`rY{o,21,3,3.4678437319,0.4678437319,1.1559479106,Solved
ICQb`rYzg,22,3,3.4678437319,0.4678437319,1.1559479106,Solved
ICQ`fIklo,20,3,3.4678437319,0.4678437319,1.1559479106,Solved
ICQ`fIk}_,20,3,3.4678437319,0.4678437319,1.1559479106,Solved
ICQRDO{~w,22,3,3.4678437319,0.4678437319,1.1559479106,Solved
ICQRDqk^w,22,3,3.4678437319,0.4678437319,1.1559479106,Solved
ICQb`pyMw,21,3,3.4678437319,0.4678437319,1.1559479106,Solved
ICQb`r{|_,22,3,3.4678437319,0.4678437319,1.1559479106,Solved
ICQb`py[w,21,3,3.4678437319,0.4678437319,1.1559479106,Solved
ICQb`rkRo,20,3,3.4678437319,0.4678437319,1.1559479106,Solved
ICRV@qkxo,21,3,3.4678437319,0.4678437319,1.1559479106,Solved
ICQb`rin_,21,3,3.4678437319,0.4678437319,1.1559479106,Solved
ICQeR`[tw,21,3,3.4678437319,0.4678437319,1.1559479106,Solved
ICQb`rz~w,26,3,3.4678437319,0.4678437319,1.1559479106,Solved
ICQRDO{Yw,19,3,3.4678437319,0.4678437319,1.1559479106,Solved
ICQb`qunw,23,3,3.4678437319,0.4678437319,1.1559479106,Solved
ICQeR`[~O,21,3,3.4678437319,0.4678437319,1.1559479106,Solved
ICQb`ry\w,23,3,3.4678437319,0.4678437319,1.1559479106,Solved
ICpbfG{Z_,21,3,3.4678437319,0.4678437319,1.1559479106,Solved
ICQbR_yNW,20,3,3.4678437319,0.4678437319,1.1559479106,Solved
ICQbR_ydo,19,3,3.4678437319,0.4678437319,1.1559479106,Solved
ICQTbMkN_,20,3,3.4678437319,0.4678437319,1.1559479106,Solved
ICRV@qktW,21,3,3.4678437319,0.4678437319,1.1559479106,Solved
ICQb`rsmw,22,3,3.4678437319,0.4678437319,1.1559479106,Solved
ICOedqsfG,19,3,3.4678437319,0.4678437319,1.1559479106,Solved
ICQb`rYZO,20,3,3.4678437319,0.4678437319,1.1559479106,Solved
ICQeR`[|g,21,3,3.4678437319,0.4678437319,1.1559479106,Solved
ICRV@qktw,22,3,3.4678437319,0.4678437319,1.1559479106,Solved
ICQbR_yzw,22,3,3.4678437319,0.4678437319,1.1559479106,Solved
ICRV@qkwg,20,3,3.4678437319,0.4678437319,1.1559479106,Solved
ICQb`r{}o,23,3,3.4678437319,0.4678437319,1.1559479106,Solved
ICQb`riug,21,3,3.4678437319,0.4678437319,1.1559479106,Solved
ICQb`rs~o,23,3,3.4678437319,0.4678437319,1.1559479106,Solved
ICQbR_ylO,19,3,3.4678437319,0.4678437319,1.1559479106,Solved
ICQbdX[MW,20,3,3.4678437319,0.4678437319,1.1559479106,Solved
ICQbR_ymg,20,3,3.4678437319,0.4678437319,1.1559479106,Solved
ICQ`fIk{_,19,3,3.4678437319,0.4678437319,1.1559479106,Solved
ICQb`pzlo,22,3,3.4678437319,0.4678437319,1.1559479106,Solved
ICOedq[Hw,19,3,3.4678437318,0.4678437318,1.1559479106,Solved
ICQb`rs]_,20,3,3.4678437318,0.4678437318,1.1559479106,Solved
ICQb`rmvg,23,3,3.4678437318,0.4678437318,1.1559479106,Solved
ICQb`rYZw,22,3,3.4678437318,0.4678437318,1.1559479106,Solved
ICQb`py~_,22,3,3.4678437318,0.4678437318,1.1559479106,Solved
ICQbR_ynG,20,3,3.4678437318,0.4678437318,1.1559479106,Solved
ICQbR_yjW,20,3,3.4678437318,0.4678437318,1.1559479106,Solved
ICQbbekMg,20,3,3.4678437318,0.4678437318,1.1559479106,Solved
ICQe`q[^O,20,3,3.4678437318,0.4678437318,1.1559479106,Solved
ICQb`qrZo,21,3,3.4678437318,0.4678437318,1.1559479106,Solved
ICQb`rimo,21,3,3.4678437318,0.4678437318,1.1559479106,Solved
ICQb`pyng,22,3,3.4678437318,0.4678437318,1.1559479106,Solved
ICQb`rYno,22,3,3.4678437318,0.4678437318,1.1559479106,Solved
ICQb`pyxw,22,3,3.4678437318,0.4678437318,1.1559479106,Solved
ICQb`ryzo,23,3,3.4678437318,0.4678437318,1.1559479106,Solved
ICQbRa[t_,19,3,3.4678437318,0.4678437318,1.1559479106,Solved
ICQb`ry]w,23,3,3.4678437318,0.4678437318,1.1559479106,Solved
ICQb`rszo,22,3,3.4678437318,0.4678437318,1.1559479106,Solved
ICQb`rkZg,21,3,3.4678437318,0.4678437318,1.1559479106,Solved
ICQQV`kx_,19,3,3.4678437318,0.4678437318,1.1559479106,Solved
ICQb`qrvo,22,3,3.4678437318,0.4678437318,1.1559479106,Solved
ICQb`rq|o,22,3,3.4678437318,0.4678437318,1.1559479106,Solved
ICQe`q[nW,21,3,3.4678437318,0.4678437318,1.1559479106,Solved
ICQRDO{vG,19,3,3.4678437318,0.4678437318,1.1559479106,Solved
ICQbR_yUw,20,3,3.4678437318,0.4678437318,1.1559479106,Solved
ICQb`rqlW,21,3,3.4678437318,0.4678437318,1.1559479106,Solved
ICQ`fP[qo,19,3,3.4678437318,0.4678437318,1.1559479106,Solved
ICQbeS{MW,20,3,3.4678437318,0.4678437318,1.1559479106,Solved
ICQb`rifo,21,3,3.4678437318,0.4678437318,1.1559479106,Solved
ICQb`rm|g,23,3,3.4678437318,0.4678437318,1.1559479106,Solved
ICQRDqk~O,21,3,3.4678437318,0.4678437318,1.1559479106,Solved
ICQbdW{|o,22,3,3.4678437318,0.4678437318,1.1559479106,Solved
ICQb`ri~_,22,3,3.4678437318,0.4678437318,1.1559479106,Solved
ICRV@qk|o,22,3,3.4678437318,0.4678437318,1.1559479106,Solved
ICQeR`[lW,20,3,3.4678437318,0.4678437318,1.1559479106,Solved
ICQb`rquw,22,3,3.4678437318,0.4678437318,1.1559479106,Solved
ICQbR_yMg,19,3,3.4678437318,0.4678437318,1.1559479106,Solved
ICQe`ph[g,19,3,3.4678437318,0.4678437318,1.1559479106,Solved
ICOedq[Qw,19,3,3.4678437318,0.4678437318,1.1559479106,Solved
ICQe`q[v_,20,3,3.4678437318,0.4678437318,1.1559479106,Solved
ICQRDO{~W,21,3,3.4678437318,0.4678437318,1.1559479106,Solved
ICQbdW{{g,21,3,3.4678437318,0.4678437318,1.1559479106,Solved
ICRV@qkxg,21,3,3.4678437318,0.4678437318,1.1559479106,Solved
ICQb`r{{o,22,3,3.4678437318,0.4678437318,1.1559479106,Solved
ICQb`rkYw,21,3,3.4678437318,0.4678437318,1.1559479106,Solved
ICQ`fIkzW,21,3,3.4678437318,0.4678437318,1.1559479106,Solved
ICQb`rKko,19,3,3.4678437318,0.4678437318,1.1559479106,Solved
ICQb`rivW,22,3,3.4678437318,0.4678437318,1.1559479106,Solved
ICQeR`[mW,20,3,3.4678437318,0.4678437318,1.1559479106,Solved
ICQb`ryNo,22,3,3.4678437318,0.4678437318,1.1559479106,Solved
ICQbdW{Vw,22,3,3.4678437318,0.4678437318,1.1559479106,Solved
ICQbdW{fw,22,3,3.4678437318,0.4678437318,1.1559479106,Solved
ICQb`rK[_,18,3,3.4678437318,0.4678437318,1.1559479106,Solved
ICQb`ri|O,21,3,3.4678437318,0.4678437318,1.1559479106,Solved
ICQb`q}]o,22,3,3.4678437318,0.4678437318,1.1559479106,Solved
ICQRDO{{g,19,3,3.4678437318,0.4678437318,1.1559479106,Solved
ICQe`q[~O,21,3,3.4678437318,0.4678437318,1.1559479106,Solved
ICQb`rqvg,22,3,3.4678437318,0.4678437318,1.1559479106,Solved
ICQe`rKfG,19,3,3.4678437317,0.4678437317,1.1559479106,Solved
ICQb`rqMw,21,3,3.4678437317,0.4678437317,1.1559479106,Solved
ICQb`rsew,21,3,3.4678437317,0.4678437317,1.1559479106,Solved
ICQb`rszg,22,3,3.4678437317,0.4678437317,1.1559479106,Solved
ICQb`rk|w,23,3,3.4678437317,0.4678437317,1.1559479106,Solved
ICQeR`[[W,19,3,3.4678437317,0.4678437317,1.1559479106,Solved
ICQb`rslW,21,3,3.4678437317,0.4678437317,1.1559479106,Solved
ICQb`rm|o,23,3,3.4678437317,0.4678437317,1.1559479106,Solved
ICQb`riZw,22,3,3.4678437317,0.4678437317,1.1559479106,Solved
ICQeR`[\w,21,3,3.4678437317,0.4678437317,1.1559479106,Solved
ICQb`rm|_,22,3,3.4678437317,0.4678437317,1.1559479106,Solved
ICQRDO{yg,19,3,3.4678437317,0.4678437317,1.1559479106,Solved
ICQb`rYvW,22,3,3.4678437317,0.4678437317,1.1559479106,Solved
ICQbdW{yG,20,3,3.4678437317,0.4678437317,1.1559479106,Solved
ICQRDqkqW,19,3,3.4678437317,0.4678437317,1.1559479106,Solved
ICQeR`[xg,20,3,3.4678437317,0.4678437317,1.1559479106,Solved
ICQb`r}~W,25,3,3.4678437317,0.4678437317,1.1559479106,Solved
ICQeR`[rw,21,3,3.4678437317,0.4678437317,1.1559479106,Solved
ICQb`rz^o,24,3,3.4678437317,0.4678437317,1.1559479106,Solved
ICQb`qr|w,23,3,3.4678437317,0.4678437317,1.1559479106,Solved
ICQb`rYfo,21,3,3.4678437317,0.4678437317,1.1559479106,Solved
ICQb`rimw,22,3,3.4678437317,0.4678437317,1.1559479106,Solved
ICRV@qkyg,21,3,3.4678437317,0.4678437317,1.1559479106,Solved
ICQQT`kx_,18,3,3.4678437317,0.4678437317,1.1559479106,Solved
ICQb`rkyo,21,3,3.4678437317,0.4678437317,1.1559479106,Solved
ICQb`pyzO,21,3,3.4678437317,0.4678437317,1.1559479106,Solved
ICQeR`kJo,19,3,3.4678437317,0.4678437317,1.1559479106,Solved
ICQb`rymo,22,3,3.4678437317,0.4678437317,1.1559479106,Solved
ICQeR`[}g,21,3,3.4678437317,0.4678437317,1.1559479106,Solved
ICOecpcj_,17,3,3.4678437317,0.4678437317,1.1559479106,Solved
ICQb`qu{w,22,3,3.4678437317,0.4678437317,1.1559479106,Solved
ICQeRakN_,19,3,3.4678437317,0.4678437317,1.1559479106,Solved
ICQbR_yno,21,3,3.4678437317,0.4678437317,1.1559479106,Solved
ICQbVbKt_,20,3,3.4678437316,0.4678437316,1.1559479105,Solved
ICQeR`[uw,21,3,3.4678437316,0.4678437316,1.1559479105,Solved
ICQRDO{{o,19,3,3.4678437316,0.4678437316,1.1559479105,Solved
ICQbdW{lo,21,3,3.4678437316,0.4678437316,1.1559479105,Solved
ICQe`q[}_,20,3,3.4678437316,0.4678437316,1.1559479105,Solved
ICOedrKfG,19,3,3.4678437316,0.4678437316,1.1559479105,Solved
ICQTbRcjO,19,3,3.4678437316,0.4678437316,1.1559479105,Solved
ICQbfP[u_,20,3,3.4678437316,0.4678437316,1.1559479105,Solved
ICQb`riyw,22,3,3.4678437316,0.4678437316,1.1559479105,Solved
ICQb`riyg,21,3,3.4678437316,0.4678437316,1.1559479105,Solved
ICQeR`[Xw,20,3,3.4678437316,0.4678437316,1.1559479105,Solved
ICRV@qkrG,20,3,3.4678437316,0.4678437316,1.1559479105,Solved
ICOedK{|?,19,3,3.4678437316,0.4678437316,1.1559479105,Solved
ICQRDPiN?,17,3,3.4678437316,0.4678437316,1.1559479105,Solved
ICRV@qkqw,21,3,3.4678437316,0.4678437316,1.1559479105,Solved
ICRV@qkrW,21,3,3.4678437316,0.4678437316,1.1559479105,Solved
ICRV@qkyo,21,3,3.4678437316,0.4678437316,1.1559479105,Solved
ICQbR_yhw,20,3,3.4678437316,0.4678437316,1.1559479105,Solved
ICQbdW{nO,21,3,3.4678437316,0.4678437316,1.1559479105,Solved
ICQb`q}|g,23,3,3.4678437316,0.4678437316,1.1559479105,Solved
ICQb`rYyw,22,3,3.4678437316,0.4678437316,1.1559479105,Solved
ICQbed[}?,20,3,3.4678437316,0.4678437316,1.1559479105,Solved
ICQb`rsuo,21,3,3.4678437316,0.4678437316,1.1559479105,Solved
ICQb`ryvw,24,3,3.4678437316,0.4678437316,1.1559479105,Solved
ICQb`rqZo,21,3,3.4678437316,0.4678437316,1.1559479105,Solved
ICQRDqk}_,20,3,3.4678437316,0.4678437316,1.1559479105,Solved
ICQb`riUw,21,3,3.4678437316,0.4678437316,1.1559479105,Solved
ICOcePyV_,18,3,3.4678437316,0.4678437316,1.1559479105,Solved
ICQbR_yrg,20,3,3.4678437316,0.4678437316,1.1559479105,Solved
ICQeR`[fo,20,3,3.4678437316,0.4678437316,1.1559479105,Solved
ICQb`rq^w,23,3,3.4678437316,0.4678437316,1.1559479105,Solved
ICQb`rifO,20,3,3.4678437316,0.4678437316,1.1559479105,Solved
ICQb`rz~o,25,3,3.4678437316,0.4678437316,1.1559479105,Solved
ICQb`rqhw,21,3,3.4678437316,0.4678437316,1.1559479105,Solved
ICQb`rqfo,21,3,3.4678437316,0.4678437316,1.1559479105,Solved
ICQRDO{yW,19,3,3.4678437316,0.4678437316,1.1559479105,Solved
ICQb`qu|o,22,3,3.4678437316,0.4678437316,1.1559479105,Solved
ICRV@qk|_,21,3,3.4678437316,0.4678437316,1.1559479105,Solved
ICQb`rifw,22,3,3.4678437316,0.4678437316,1.1559479105,Solved
ICQb`rrNw,23,3,3.4678437315,0.4678437315,1.1559479105,Solved
ICRV@qsdo,20,3,3.4678437315,0.4678437315,1.1559479105,Solved
ICQbRikN_,20,3,3.4678437315,0.4678437315,1.1559479105,Solved
ICRV@qknO,21,3,3.4678437315,0.4678437315,1.1559479105,Solved
ICRV@qk]_,20,3,3.4678437315,0.4678437315,1.1559479105,Solved
ICOedq[{w,21,3,3.4678437315,0.4678437315,1.1559479105,Solved
ICQb`ruzw,24,3,3.4678437315,0.4678437315,1.1559479105,Solved
ICQb`rYZg,21,3,3.4678437315,0.4678437315,1.1559479105,Solved
ICQb`rk\g,21,3,3.4678437315,0.4678437315,1.1559479105,Solved
ICQb`rs~g,23,3,3.4678437315,0.4678437315,1.1559479105,Solved
ICQb`rqNw,22,3,3.4678437315,0.4678437315,1.1559479105,Solved
ICQb`rqLw,21,3,3.4678437315,0.4678437315,1.1559479105,Solved
ICQb`rm~g,24,3,3.4678437315,0.4678437315,1.1559479105,Solved
ICQbdW{Vg,21,3,3.4678437315,0.4678437315,1.1559479105,Solved
ICQb`ry~_,23,3,3.4678437315,0.4678437315,1.1559479105,Solved
ICQeRakVG,19,3,3.4678437315,0.4678437315,1.1559479105,Solved
ICQRDO{~_,20,3,3.4678437315,0.4678437315,1.1559479105,Solved
ICQbR_yVg,20,3,3.4678437315,0.4678437315,1.1559479105,Solved
ICQb`r}zo,24,3,3.4678437315,0.4678437315,1.1559479105,Solved
ICQeR`[kw,20,3,3.4678437315,0.4678437315,1.1559479105,Solved
ICQb`py]g,21,3,3.4678437315,0.4678437315,1.1559479105,Solved
ICQe`q[Z_,19,3,3.4678437315,0.4678437315,1.1559479105,Solved
ICOcfPYv?,18,3,3.4678437315,0.4678437315,1.1559479105,Solved
ICQb`rY~g,23,3,3.4678437315,0.4678437315,1.1559479105,Solved
ICQbR_y^g,21,3,3.4678437315,0.4678437315,1.1559479105,Solved
ICQbR_ylW,20,3,3.4678437315,0.4678437315,1.1559479105,Solved
ICQb`rK[g,19,3,3.4678437315,0.4678437315,1.1559479105,Solved
ICQbdfgMW,20,3,3.4678437315,0.4678437315,1.1559479105,Solved
ICQbeVcMW,20,3,3.4678437315,0.4678437315,1.1559479105,Solved
ICQb`r{]w,23,3,3.4678437315,0.4678437315,1.1559479105,Solved
ICQRDO{lW,19,3,3.4678437315,0.4678437315,1.1559479105,Solved
ICQb`ritW,21,3,3.4678437315,0.4678437315,1.1559479105,Solved
ICQeR`[mo,20,3,3.4678437315,0.4678437315,1.1559479105,Solved
ICQ`fIkuo,20,3,3.4678437315,0.4678437315,1.1559479105,Solved
ICQbR_yjw,21,3,3.4678437315,0.4678437315,1.1559479105,Solved
I?`DBOk|_,16,4,4.4678437315,0.4678437315,1.1169609329,Solved
ICQb`rm}g,23,3,3.4678437315,0.4678437315,1.1559479105,Solved
ICQRDqk[w,20,3,3.4678437315,0.4678437315,1.1559479105,Solved
ICQRDqkYw,20,3,3.4678437315,0.4678437315,1.1559479105,Solved
ICQb`qumw,22,3,3.4678437315,0.4678437315,1.1559479105,Solved
ICQb`rs]w,22,3,3.4678437315,0.4678437315,1.1559479105,Solved
ICQ`fIkv_,20,3,3.4678437315,0.4678437315,1.1559479105,Solved
ICQRDO{yw,20,3,3.4678437315,0.4678437315,1.1559479105,Solved
ICQb`rssw,21,3,3.4678437315,0.4678437315,1.1559479105,Solved
ICQb`r}~o,25,3,3.4678437315,0.4678437315,1.1559479105,Solved
ICOfdrcj_,20,3,3.4678437315,0.4678437315,1.1559479105,Solved
ICQb`rkto,21,3,3.4678437315,0.4678437315,1.1559479105,Solved
ICQb`py|g,22,3,3.4678437315,0.4678437315,1.1559479105,Solved
ICQb`rq}w,23,3,3.4678437315,0.4678437315,1.1559479105,Solved
ICQb`rsmo,21,3,3.4678437315,0.4678437315,1.1559479105,Solved
ICQR@Rqx_,18,3,3.4678437315,0.4678437315,1.1559479105,Solved
ICQbR_ymW,20,3,3.4678437314,0.4678437314,1.1559479105,Solved
ICQeR`[]o,20,3,3.4678437314,0.4678437314,1.1559479105,Solved
ICQbR_y{O,19,3,3.4678437314,0.4678437314,1.1559479105,Solved
ICQb`q}xo,22,3,3.4678437314,0.4678437314,1.1559479105,Solved
ICQb`py~O,22,3,3.4678437314,0.4678437314,1.1559479105,Solved
ICQb`q}~_,23,3,3.4678437314,0.4678437314,1.1559479105,Solved
ICQb`rijo,21,3,3.4678437314,0.4678437314,1.1559479105,Solved
ICQb`rkfg,21,3,3.4678437314,0.4678437314,1.1559479105,Solved
ICQdbRSfO,19,3,3.4678437314,0.4678437314,1.1559479105,Solved
ICQb`rszO,21,3,3.4678437314,0.4678437314,1.1559479105,Solved
ICQbR_yJw,20,3,3.4678437314,0.4678437314,1.1559479105,Solved
ICQb`riXw,21,3,3.4678437314,0.4678437314,1.1559479105,Solved
I?`D@pwN?,15,4,4.4678437314,0.4678437314,1.1169609329,Solved
ICQeR`[Rw,20,3,3.4678437314,0.4678437314,1.1559479105,Solved
ICQbR_yuO,19,3,3.4678437314,0.4678437314,1.1559479105,Solved
ICQdbRSr_,19,3,3.4678437314,0.4678437314,1.1559479105,Solved
ICOedq[~w,23,3,3.4678437314,0.4678437314,1.1559479105,Solved
ICQbR_yv?,19,3,3.4678437314,0.4678437314,1.1559479105,Solved
ICQb`rujw,23,3,3.4678437314,0.4678437314,1.1559479105,Solved
I?`@d`wN?,15,4,4.4678437314,0.4678437314,1.1169609329,Solved
ICRV@qkWw,20,3,3.4678437314,0.4678437314,1.1559479105,Solved
ICQb`rq~W,23,3,3.4678437314,0.4678437314,1.1559479105,Solved
ICQeR`[Jo,19,3,3.4678437314,0.4678437314,1.1559479105,Solved
ICQb`qrZw,22,3,3.4678437314,0.4678437314,1.1559479105,Solved
ICQb`qu}w,23,3,3.4678437314,0.4678437314,1.1559479105,Solved
ICQb`q}lo,22,3,3.4678437314,0.4678437314,1.1559479105,Solved
ICQb`riYw,21,3,3.4678437314,0.4678437314,1.1559479105,Solved
ICQb`ri]g,21,3,3.4678437314,0.4678437314,1.1559479105,Solved
ICQbdW{^_,21,3,3.4678437314,0.4678437314,1.1559479105,Solved
ICQ`fIk~_,21,3,3.4678437314,0.4678437314,1.1559479105,Solved
ICQRDO{qW,18,3,3.4678437314,0.4678437314,1.1559479105,Solved
ICQe`rKy_,19,3,3.4678437314,0.4678437314,1.1559479105,Solved
ICQb`q}{o,22,3,3.4678437314,0.4678437314,1.1559479105,Solved
ICQb`rkxw,22,3,3.4678437314,0.4678437314,1.1559479105,Solved
ICQb`rY\g,21,3,3.4678437314,0.4678437314,1.1559479105,Solved
I?`DBOk}o,17,4,4.4678437314,0.4678437314,1.1169609328,Solved
ICQb`rK]_,19,3,3.4678437314,0.4678437314,1.1559479105,Solved
ICRV@qkyw,22,3,3.4678437314,0.4678437314,1.1559479105,Solved
ICQubQieW,20,3,3.4678437314,0.4678437314,1.1559479105,Solved
ICRV@qk|G,21,3,3.4678437314,0.4678437314,1.1559479105,Solved
ICQRDqkvW,21,3,3.4678437314,0.4678437314,1.1559479105,Solved
ICQbdY[MW,20,3,3.4678437314,0.4678437314,1.1559479105,Solved
ICQb`ri^w,23,3,3.4678437314,0.4678437314,1.1559479105,Solved
ICQb`q}|_,22,3,3.4678437314,0.4678437314,1.1559479105,Solved
ICQb`riZo,21,3,3.4678437313,0.4678437313,1.1559479104,Solved
ICQbR_ytO,19,3,3.4678437313,0.4678437313,1.1559479104,Solved
ICQb`rs[o,20,3,3.4678437313,0.4678437313,1.1559479104,Solved
ICRV@qk|W,22,3,3.4678437313,0.4678437313,1.1559479104,Solved
ICQeR`[cw,19,3,3.4678437313,0.4678437313,1.1559479104,Solved
ICQeR`[co,18,3,3.4678437313,0.4678437313,1.1559479104,Solved
ICQb`ruzo,23,3,3.4678437313,0.4678437313,1.1559479104,Solved
ICQbeT[|?,20,3,3.4678437313,0.4678437313,1.1559479104,Solved
ICQb`tw[g,20,3,3.4678437313,0.4678437313,1.1559479104,Solved
ICQb`ryno,23,3,3.4678437313,0.4678437313,1.1559479104,Solved
ICQ`fIk{o,20,3,3.4678437313,0.4678437313,1.1559479104,Solved
ICQe`q[|O,20,3,3.4678437313,0.4678437313,1.1559479104,Solved
ICQb`rm~W,24,3,3.4678437313,0.4678437313,1.1559479104,Solved
ICQbdW{Rg,20,3,3.4678437313,0.4678437313,1.1559479104,Solved
ICQb`pzzo,23,3,3.4678437313,0.4678437313,1.1559479104,Solved
ICQbR_yLw,20,3,3.4678437313,0.4678437313,1.1559479104,Solved
ICQb`rsz_,21,3,3.4678437313,0.4678437313,1.1559479104,Solved
ICQeR`[j_,19,3,3.4678437313,0.4678437313,1.1559479104,Solved
ICQbR_yVo,20,3,3.4678437313,0.4678437313,1.1559479104,Solved
ICQRDO{yo,19,3,3.4678437313,0.4678437313,1.1559479104,Solved
ICQbeqkMW,20,3,3.4678437313,0.4678437313,1.1559479104,Solved
ICQb`ru}o,23,3,3.4678437313,0.4678437313,1.1559479104,Solved
ICQb`rKlg,20,3,3.4678437313,0.4678437313,1.1559479104,Solved
ICQb`vK[g,20,3,3.4678437313,0.4678437313,1.1559479104,Solved
ICQb`rk}g,22,3,3.4678437313,0.4678437313,1.1559479104,Solved
ICQb`rs]W,21,3,3.4678437313,0.4678437313,1.1559479104,Solved
ICQdbG{j_,19,3,3.4678437313,0.4678437313,1.1559479104,Solved
ICQ`fH[jG,19,3,3.4678437313,0.4678437313,1.1559479104,Solved
ICQb`qurw,22,3,3.4678437313,0.4678437313,1.1559479104,Solved
ICQbResMg,20,3,3.4678437313,0.4678437313,1.1559479104,Solved
ICQb`rYYw,21,3,3.4678437313,0.4678437313,1.1559479104,Solved
I?`DBOk}_,16,4,4.4678437313,0.4678437313,1.1169609328,Solved
ICQeR`[nO,20,3,3.4678437313,0.4678437313,1.1559479104,Solved
ICQb`rizO,21,3,3.4678437313,0.4678437313,1.1559479104,Solved
ICQRDO{NW,19,3,3.4678437313,0.4678437313,1.1559479104,Solved
ICQb`pyhw,21,3,3.4678437313,0.4678437313,1.1559479104,Solved
ICQbbewMg,20,3,3.4678437313,0.4678437313,1.1559479104,Solved
ICQbbesMg,20,3,3.4678437313,0.4678437313,1.1559479104,Solved
ICRV@qkuo,21,3,3.4678437313,0.4678437313,1.1559479104,Solved
ICQeR`[ng,21,3,3.4678437313,0.4678437313,1.1559479104,Solved
ICQb`rk^w,23,3,3.4678437313,0.4678437313,1.1559479104,Solved
ICQb`rqlw,22,3,3.4678437313,0.4678437313,1.1559479104,Solved
ICQRDO{\o,19,3,3.4678437313,0.4678437313,1.1559479104,Solved
ICQbdd[MW,20,3,3.4678437313,0.4678437313,1.1559479104,Solved
ICQb`rkdw,21,3,3.4678437313,0.4678437313,1.1559479104,Solved
ICQb`rkr_,20,3,3.4678437313,0.4678437313,1.1559479104,Solved
ICQRDPqN_,18,3,3.4678437313,0.4678437313,1.1559479104,Solved
ICOedq[Xo,19,3,3.4678437313,0.4678437313,1.1559479104,Solved
ICQb`rY^O,21,3,3.4678437313,0.4678437313,1.1559479104,Solved
ICQeR`[so,19,3,3.4678437313,0.4678437313,1.1559479104,Solved
ICOedq[jW,20,3,3.4678437313,0.4678437313,1.1559479104,Solved
ICQbR`Yqo,19,3,3.4678437313,0.4678437313,1.1559479104,Solved
ICRV@qknG,21,3,3.4678437313,0.4678437313,1.1559479104,Solved
ICQRDO{MW,18,3,3.4678437313,0.4678437313,1.1559479104,Solved
ICQb`r{zw,24,3,3.4678437313,0.4678437313,1.1559479104,Solved
ICQb`r{zo,23,3,3.4678437313,0.4678437313,1.1559479104,Solved
ICQb`rYtg,21,3,3.4678437313,0.4678437313,1.1559479104,Solved
ICQbde[t_,20,3,3.4678437313,0.4678437313,1.1559479104,Solved
ICQb`rk\w,22,3,3.4678437313,0.4678437313,1.1559479104,Solved
ICQbdW{rW,21,3,3.4678437313,0.4678437313,1.1559479104,Solved
ICQbdW{rO,20,3,3.4678437313,0.4678437313,1.1559479104,Solved
ICQbdW{tw,22,3,3.4678437313,0.4678437313,1.1559479104,Solved
ICQ`fIkvO,20,3,3.4678437313,0.4678437313,1.1559479104,Solved
ICQb`rYlg,21,3,3.4678437313,0.4678437313,1.1559479104,Solved
ICQb`rrmw,23,3,3.4678437313,0.4678437313,1.1559479104,Solved
ICQb`rq{w,22,3,3.4678437313,0.4678437313,1.1559479104,Solved
ICQeR`[[w,20,3,3.4678437312,0.4678437312,1.1559479104,Solved
ICQbR_ytg,20,3,3.4678437312,0.4678437312,1.1559479104,Solved
ICOedq[{o,20,3,3.4678437312,0.4678437312,1.1559479104,Solved
ICQb`rm}_,22,3,3.4678437312,0.4678437312,1.1559479104,Solved
ICRV@qk]O,20,3,3.4678437312,0.4678437312,1.1559479104,Solved
ICQbR_yzg,21,3,3.4678437312,0.4678437312,1.1559479104,Solved
ICQb`r{zg,23,3,3.4678437312,0.4678437312,1.1559479104,Solved
ICQRDO{\_,18,3,3.4678437312,0.4678437312,1.1559479104,Solved
ICQRDO{Ww,18,3,3.4678437312,0.4678437312,1.1559479104,Solved
ICQb`rs~_,22,3,3.4678437312,0.4678437312,1.1559479104,Solved
ICQRDqk|w,22,3,3.4678437312,0.4678437312,1.1559479104,Solved
ICQb`py]O,20,3,3.4678437312,0.4678437312,1.1559479104,Solved
ICQb`rK|g,21,3,3.4678437312,0.4678437312,1.1559479104,Solved
ICQRDO{NG,18,3,3.4678437312,0.4678437312,1.1559479104,Solved
ICQb`rsmO,20,3,3.4678437312,0.4678437312,1.1559479104,Solved
ICRV@qk~W,23,3,3.4678437312,0.4678437312,1.1559479104,Solved
ICQe`q[}g,21,3,3.4678437312,0.4678437312,1.1559479104,Solved
ICQb`quyo,21,3,3.4678437312,0.4678437312,1.1559479104,Solved
ICQb`q}}w,24,3,3.4678437312,0.4678437312,1.1559479104,Solved
ICQb`rkxg,21,3,3.4678437312,0.4678437312,1.1559479104,Solved
ICQbR_yxw,21,3,3.4678437312,0.4678437312,1.1559479104,Solved
ICQb`rz^w,25,3,3.4678437312,0.4678437312,1.1559479104,Solved
ICQb`rqyw,22,3,3.4678437312,0.4678437312,1.1559479104,Solved
ICQe`q[~w,23,3,3.4678437312,0.4678437312,1.1559479104,Solved
ICQbdW{ZG,20,3,3.4678437312,0.4678437312,1.1559479104,Solved
ICQbR_yfO,19,3,3.4678437312,0.4678437312,1.1559479104,Solved
ICQb`rm~o,24,3,3.4678437312,0.4678437312,1.1559479104,Solved
ICQeR`[ew,20,3,3.4678437312,0.4678437312,1.1559479104,Solved
ICRV@qsjG,20,3,3.4678437312,0.4678437312,1.1559479104,Solved
ICQRDO{~O,20,3,3.4678437312,0.4678437312,1.1559479104,Solved
ICQRDqkWw,19,3,3.4678437312,0.4678437312,1.1559479104,Solved
ICQeR`[^G,20,3,3.4678437312,0.4678437312,1.1559479104,Solved
ICQbR_y{w,21,3,3.4678437312,0.4678437312,1.1559479104,Solved
ICQb`qu~G,22,3,3.4678437312,0.4678437312,1.1559479104,Solved
ICQb`rizw,23,3,3.4678437312,0.4678437312,1.1559479104,Solved
ICQeR`[^W,21,3,3.4678437312,0.4678437312,1.1559479104,Solved
ICQb`qr^w,23,3,3.4678437312,0.4678437312,1.1559479104,Solved
ICQbdW{~_,22,3,3.4678437312,0.4678437312,1.1559479104,Solved
ICRbcqhV?,19,3,3.4678437312,0.4678437312,1.1559479104,Solved
ICQbdW{Xo,20,3,3.4678437312,0.4678437312,1.1559479104,Solved
ICQb`rqn_,21,3,3.4678437312,0.4678437312,1.1559479104,Solved
ICQRDO{y_,18,3,3.4678437312,0.4678437312,1.1559479104,Solved
ICQb`rku_,20,3,3.4678437312,0.4678437312,1.1559479104,Solved
ICOedq[ro,20,3,3.4678437312,0.4678437312,1.1559479104,Solved
ICQb`rkvg,22,3,3.4678437312,0.4678437312,1.1559479104,Solved
ICQbdW{zo,22,3,3.4678437312,0.4678437312,1.1559479104,Solved
ICQRDO{vO,19,3,3.4678437312,0.4678437312,1.1559479104,Solved
ICQb`ry^_,22,3,3.4678437312,0.4678437312,1.1559479104,Solved
ICQb`rYyO,20,3,3.4678437312,0.4678437312,1.1559479104,Solved
ICQb`rm^W,23,3,3.4678437312,0.4678437312,1.1559479104,Solved
ICQb`quzg,22,3,3.4678437312,0.4678437312,1.1559479104,Solved
ICQb`rKlG,19,3,3.4678437312,0.4678437312,1.1559479104,Solved
ICQbR_yvG,20,3,3.4678437312,0.4678437312,1.1559479104,Solved
ICQb`rKng,21,3,3.4678437312,0.4678437312,1.1559479104,Solved
ICQRDqk^W,21,3,3.4678437312,0.4678437312,1.1559479104,Solved
ICQeR`[nG,20,3,3.4678437312,0.4678437312,1.1559479104,Solved
ICQb`ry|W,23,3,3.4678437312,0.4678437312,1.1559479104,Solved
ICQbR_yug,20,3,3.4678437312,0.4678437312,1.1559479104,Solved
ICQRDqk~W,22,3,3.4678437312,0.4678437312,1.1559479104,Solved
I?`DBOk}W,17,4,4.4678437312,0.4678437312,1.1169609328,Solved
ICQb`rmnO,22,3,3.4678437312,0.4678437312,1.1559479104,Solved
ICQb`r{lw,23,3,3.4678437311,0.4678437311,1.1559479104,Solved
ICQbdW{]w,22,3,3.4678437311,0.4678437311,1.1559479104,Solved
ICQb`rqz_,21,3,3.4678437311,0.4678437311,1.1559479104,Solved
ICQb`q}~O,23,3,3.4678437311,0.4678437311,1.1559479104,Solved
ICQb`riVw,22,3,3.4678437311,0.4678437311,1.1559479104,Solved
ICQb`quzO,21,3,3.4678437311,0.4678437311,1.1559479104,Solved
ICQb`rsjw,22,3,3.4678437311,0.4678437311,1.1559479104,Solved
ICQe`q[NW,20,3,3.4678437311,0.4678437311,1.1559479104,Solved
ICQb`rY|g,22,3,3.4678437311,0.4678437311,1.1559479104,Solved
ICQbdW{z_,21,3,3.4678437311,0.4678437311,1.1559479104,Solved
ICQbR_y|W,21,3,3.4678437311,0.4678437311,1.1559479104,Solved
ICQb`qr}w,23,3,3.4678437311,0.4678437311,1.1559479104,Solved
ICQb`rqno,22,3,3.4678437311,0.4678437311,1.1559479104,Solved
ICQb`q}~o,24,3,3.4678437311,0.4678437311,1.1559479104,Solved
ICQb`rYyo,21,3,3.4678437311,0.4678437311,1.1559479104,Solved
ICQeR`[vw,22,3,3.4678437311,0.4678437311,1.1559479104,Solved
ICQb`py|_,21,3,3.4678437311,0.4678437311,1.1559479104,Solved
ICQbR_yqw,20,3,3.4678437311,0.4678437311,1.1559479104,Solved
ICQb`rqNW,21,3,3.4678437311,0.4678437311,1.1559479104,Solved
ICQb`rqVo,21,3,3.4678437311,0.4678437311,1.1559479104,Solved
ICQbR_ylw,21,3,3.4678437311,0.4678437311,1.1559479104,Solved
ICQb`ri^g,22,3,3.4678437311,0.4678437311,1.1559479104,Solved
I?`bC`WF?,13,4,4.4678437311,0.4678437311,1.1169609328,Solved
ICQe`q[ZO,19,3,3.4678437311,0.4678437311,1.1559479104,Solved
ICQb`rs}W,22,3,3.4678437311,0.4678437311,1.1559479104,Solved
ICQb`qu|W,22,3,3.4678437311,0.4678437311,1.1559479104,Solved
ICQb`r{yo,22,3,3.4678437311,0.4678437311,1.1559479104,Solved
ICQb`r{xw,23,3,3.4678437311,0.4678437311,1.1559479104,Solved
ICQb`rm}w,24,3,3.4678437311,0.4678437311,1.1559479104,Solved
ICRV@qkt_,20,3,3.4678437311,0.4678437311,1.1559479104,Solved
ICQb`q}|o,23,3,3.4678437311,0.4678437311,1.1559479104,Solved
ICRV@qkqg,20,3,3.4678437311,0.4678437311,1.1559479104,Solved
ICRV@qklW,21,3,3.4678437311,0.4678437311,1.1559479104,Solved
ICQb`rk~g,23,3,3.4678437311,0.4678437311,1.1559479104,Solved
ICQb`rYkw,21,3,3.4678437311,0.4678437311,1.1559479104,Solved
ICQeR`[VW,20,3,3.4678437311,0.4678437311,1.1559479104,Solved
ICQeeT[}?,20,3,3.4678437311,0.4678437311,1.1559479104,Solved
ICQb`riNW,21,3,3.4678437311,0.4678437311,1.1559479104,Solved
ICQ`fIkzO,20,3,3.4678437311,0.4678437311,1.1559479104,Solved
ICQb`rYsw,21,3,3.4678437311,0.4678437311,1.1559479104,Solved
ICQb`rqlo,21,3,3.4678437311,0.4678437311,1.1559479104,Solved
ICQe`q[fg,20,3,3.4678437311,0.4678437311,1.1559479104,Solved
ICQe`q[]o,20,3,3.4678437311,0.4678437311,1.1559479104,Solved
ICQb`rqsw,21,3,3.4678437311,0.4678437311,1.1559479104,Solved
ICRV@qkuW,21,3,3.4678437311,0.4678437311,1.1559479104,Solved
ICQb`rK{o,20,3,3.4678437311,0.4678437311,1.1559479104,Solved
ICQe`pdfG,19,3,3.4678437311,0.4678437311,1.1559479104,Solved
ICQb`rk{o,21,3,3.4678437311,0.4678437311,1.1559479104,Solved
ICQbR_yXw,20,3,3.4678437311,0.4678437311,1.1559479104,Solved
ICQbR_yyo,20,3,3.4678437311,0.4678437311,1.1559479104,Solved
I?`DA_wJO,13,4,4.4678437311,0.4678437311,1.1169609328,Solved
ICQbdW{Mw,21,3,3.4678437311,0.4678437311,1.1559479104,Solved
ICQb`ryjw,23,3,3.4678437311,0.4678437311,1.1559479104,Solved
ICQb`ri]W,21,3,3.4678437311,0.4678437311,1.1559479104,Solved
ICRbdQydo,21,3,3.4678437311,0.4678437311,1.1559479104,Solved
ICQb`rq|g,22,3,3.4678437311,0.4678437311,1.1559479104,Solved
ICOedq[mW,20,3,3.4678437311,0.4678437311,1.1559479104,Solved
ICQb`rmnW,23,3,3.4678437311,0.4678437311,1.1559479104,Solved
ICQbRe[m?,19,3,3.4678437311,0.4678437311,1.1559479104,Solved
I?`DBOk{?,14,4,4.4678437311,0.4678437311,1.1169609328,Solved
ICOedq[mo,20,3,3.4678437311,0.4678437311,1.1559479104,Solved
ICQb`rs~G,22,3,3.4678437311,0.4678437311,1.1559479104,Solved
ICQRDO{w_,17,3,3.4678437311,0.4678437311,1.1559479104,Solved
ICQ`fIk}W,21,3,3.467843731,0.467843731,1.1559479103,Solved
ICQb`rYxo,21,3,3.467843731,0.467843731,1.1559479103,Solved
ICQRDO{uW,19,3,3.467843731,0.467843731,1.1559479103,Solved
ICQb`qunW,22,3,3.467843731,0.467843731,1.1559479103,Solved
ICQeR`[no,21,3,3.467843731,0.467843731,1.1559479103,Solved
ICQb`rk|g,22,3,3.467843731,0.467843731,1.1559479103,Solved
ICRV@qkzG,21,3,3.467843731,0.467843731,1.1559479103,Solved
ICQRDqkyW,20,3,3.467843731,0.467843731,1.1559479103,Solved
ICQbdjgMW,20,3,3.467843731,0.467843731,1.1559479103,Solved
ICQe`q[]g,20,3,3.467843731,0.467843731,1.1559479103,Solved
ICQb`qung,22,3,3.467843731,0.467843731,1.1559479103,Solved
ICQdarSfO,19,3,3.467843731,0.467843731,1.1559479103,Solved
ICQe`q[|G,20,3,3.467843731,0.467843731,1.1559479103,Solved
ICQ`fIk~w,23,3,3.467843731,0.467843731,1.1559479103,Solved
ICQb`pyn_,21,3,3.467843731,0.467843731,1.1559479103,Solved
ICQb`rsnG,21,3,3.467843731,0.467843731,1.1559479103,Solved
ICQeR`[|o,21,3,3.467843731,0.467843731,1.1559479103,Solved
ICQb`r{|g,23,3,3.467843731,0.467843731,1.1559479103,Solved
ICQbdW{uw,22,3,3.467843731,0.467843731,1.1559479103,Solved
ICQeR`[NO,19,3,3.467843731,0.467843731,1.1559479103,Solved
ICQeR`[uo,20,3,3.467843731,0.467843731,1.1559479103,Solved
ICQeR`[Jw,20,3,3.467843731,0.467843731,1.1559479103,Solved
ICOedq[nw,22,3,3.467843731,0.467843731,1.1559479103,Solved
ICQeR`[tg,20,3,3.467843731,0.467843731,1.1559479103,Solved
ICQffG{j_,21,3,3.467843731,0.467843731,1.1559479103,Solved
ICQeR`[yw,21,3,3.467843731,0.467843731,1.1559479103,Solved
ICQb`qr}g,22,3,3.467843731,0.467843731,1.1559479103,Solved
ICQb`rY^_,21,3,3.467843731,0.467843731,1.1559479103,Solved
ICOedq[mw,21,3,3.467843731,0.467843731,1.1559479103,Solved
ICQb`rK}w,22,3,3.467843731,0.467843731,1.1559479103,Solved
ICRV@qk{g,21,3,3.467843731,0.467843731,1.1559479103,Solved
ICRV@qkzo,22,3,3.467843731,0.467843731,1.1559479103,Solved
ICQb`rY^w,23,3,3.467843731,0.467843731,1.1559479103,Solved
ICQbR_yvg,21,3,3.467843731,0.467843731,1.1559479103,Solved
ICQbdW{zw,23,3,3.467843731,0.467843731,1.1559479103,Solved
ICQbdW{Hw,20,3,3.467843731,0.467843731,1.1559479103,Solved
ICQb`ruyw,23,3,3.467843731,0.467843731,1.1559479103,Solved
ICQbRdwXW,20,3,3.467843731,0.467843731,1.1559479103,Solved
ICQb`rklw,22,3,3.467843731,0.467843731,1.1559479103,Solved
ICQb`rifW,21,3,3.467843731,0.467843731,1.1559479103,Solved
ICQb`rijw,22,3,3.467843731,0.467843731,1.1559479103,Solved
ICQb`r{z_,22,3,3.467843731,0.467843731,1.1559479103,Solved
ICQb`rY|W,22,3,3.467843731,0.467843731,1.1559479103,Solved
ICRV@qkx_,20,3,3.467843731,0.467843731,1.1559479103,Solved
ICQb`rk|G,21,3,3.467843731,0.467843731,1.1559479103,Solved
ICQb`rsjo,21,3,3.467843731,0.467843731,1.1559479103,Solved
ICQb`py{w,22,3,3.467843731,0.467843731,1.1559479103,Solved
ICQb`qrxo,21,3,3.467843731,0.467843731,1.1559479103,Solved
ICQb`rszW,22,3,3.467843731,0.467843731,1.1559479103,Solved
ICQeR`[Uw,20,3,3.467843731,0.467843731,1.1559479103,Solved
ICQe`q[jO,19,3,3.467843731,0.467843731,1.1559479103,Solved
ICQbdW{^W,22,3,3.467843731,0.467843731,1.1559479103,Solved
ICQb`rqdw,21,3,3.467843731,0.467843731,1.1559479103,Solved
ICQb`rsuW,21,3,3.467843731,0.467843731,1.1559479103,Solved
ICQb`qr]o,21,3,3.467843731,0.467843731,1.1559479103,Solved
ICQb`rsxw,22,3,3.467843731,0.467843731,1.1559479103,Solved
ICQb`rm]w,23,3,3.467843731,0.467843731,1.1559479103,Solved
ICQb`py}W,22,3,3.467843731,0.467843731,1.1559479103,Solved
ICQb`ry~O,23,3,3.467843731,0.467843731,1.1559479103,Solved
ICQbdW{kg,20,3,3.467843731,0.467843731,1.1559479103,Solved
ICQb`quz_,21,3,3.467843731,0.467843731,1.1559479103,Solved
ICQb`ru~W,24,3,3.467843731,0.467843731,1.1559479103,Solved
ICQb`q}no,23,3,3.467843731,0.467843731,1.1559479103,Solved
ICQeR`[]g,20,3,3.467843731,0.467843731,1.1559479103,Solved
ICQb`qu~w,24,3,3.467843731,0.467843731,1.1559479103,Solved
ICQb`rr{w,23,3,3.467843731,0.467843731,1.1559479103,Solved
ICQb`qu~_,22,3,3.4678437309,0.4678437309,1.1559479103,Solved
ICdebQklO,20,3,3.4678437309,0.4678437309,1.1559479103,Solved
ICpbfG{ho,21,3,3.4678437309,0.4678437309,1.1559479103,Solved
ICQb`ry~w,25,3,3.4678437309,0.4678437309,1.1559479103,Solved
ICQb`riNw,22,3,3.4678437309,0.4678437309,1.1559479103,Solved
ICQb`riZg,21,3,3.4678437309,0.4678437309,1.1559479103,Solved
ICQe`q[mo,20,3,3.4678437309,0.4678437309,1.1559479103,Solved
ICQb`qu}g,22,3,3.4678437309,0.4678437309,1.1559479103,Solved
ICQ`fIku_,19,3,3.4678437309,0.4678437309,1.1559479103,Solved
ICQbRc{Mg,20,3,3.4678437309,0.4678437309,1.1559479103,Solved
ICQb`ru~o,24,3,3.4678437309,0.4678437309,1.1559479103,Solved
ICQbdW{fW,21,3,3.4678437309,0.4678437309,1.1559479103,Solved
ICQbeUkNO,20,3,3.4678437309,0.4678437309,1.1559479103,Solved
ICQb`r{~o,24,3,3.4678437309,0.4678437309,1.1559479103,Solved
ICQb`ru~w,25,3,3.4678437309,0.4678437309,1.1559479103,Solved
ICQb`rqnw,23,3,3.4678437309,0.4678437309,1.1559479103,Solved
ICOedq[}W,21,3,3.4678437309,0.4678437309,1.1559479103,Solved
ICQbR_y~o,22,3,3.4678437309,0.4678437309,1.1559479103,Solved
ICQbRikx_,20,3,3.4678437309,0.4678437309,1.1559479103,Solved
ICOedq[uW,20,3,3.4678437309,0.4678437309,1.1559479103,Solved
ICOedq[~_,21,3,3.4678437309,0.4678437309,1.1559479103,Solved
I?`DBOk^W,17,4,4.4678437309,0.4678437309,1.1169609327,Solved
I?`DBOk^?,15,4,4.4678437309,0.4678437309,1.1169609327,Solved
ICQe`pd[g,19,3,3.4678437309,0.4678437309,1.1559479103,Solved
ICQb`rK}o,21,3,3.4678437309,0.4678437309,1.1559479103,Solved
ICQb`rkrw,22,3,3.4678437309,0.4678437309,1.1559479103,Solved
ICQb`rK{w,21,3,3.4678437309,0.4678437309,1.1559479103,Solved
ICQeR`[jw,21,3,3.4678437309,0.4678437309,1.1559479103,Solved
ICQbed[MW,20,3,3.4678437309,0.4678437309,1.1559479103,Solved
ICQRBUwjO,19,3,3.4678437309,0.4678437309,1.1559479103,Solved
ICQbfI[MW,20,3,3.4678437309,0.4678437309,1.1559479103,Solved
ICQb`rYVw,22,3,3.4678437309,0.4678437309,1.1559479103,Solved
ICQb`rYUw,21,3,3.4678437309,0.4678437309,1.1559479103,Solved
ICQb`rirw,22,3,3.4678437309,0.4678437309,1.1559479103,Solved
ICQb`rilo,21,3,3.4678437309,0.4678437309,1.1559479103,Solved
ICOedq[kw,20,3,3.4678437309,0.4678437309,1.1559479103,Solved
ICQRDPqN?,17,3,3.4678437309,0.4678437309,1.1559479103,Solved
ICQb`rYvg,22,3,3.4678437309,0.4678437309,1.1559479103,Solved
ICQb`rYNw,22,3,3.4678437309,0.4678437309,1.1559479103,Solved
ICQb`ru]o,22,3,3.4678437309,0.4678437309,1.1559479103,Solved
ICQeR`[y_,19,3,3.4678437309,0.4678437309,1.1559479103,Solved
ICQb`qu~W,23,3,3.4678437309,0.4678437309,1.1559479103,Solved
ICQb`qu[w,21,3,3.4678437309,0.4678437309,1.1559479103,Solved
ICQb`rs]o,21,3,3.4678437309,0.4678437309,1.1559479103,Solved
ICQb`py|o,22,3,3.4678437309,0.4678437309,1.1559479103,Solved
ICQb`rYfg,21,3,3.4678437309,0.4678437309,1.1559479103,Solved
ICOedq[Jo,19,3,3.4678437309,0.4678437309,1.1559479103,Solved
ICQeR`[ho,19,3,3.4678437309,0.4678437309,1.1559479103,Solved
ICQb`ritg,21,3,3.4678437309,0.4678437309,1.1559479103,Solved
ICQRFO{mO,19,3,3.4678437309,0.4678437309,1.1559479103,Solved
ICQb`rYrw,22,3,3.4678437309,0.4678437309,1.1559479103,Solved
ICQb`rYro,21,3,3.4678437309,0.4678437309,1.1559479103,Solved
ICQb`rmz_,22,3,3.4678437309,0.4678437309,1.1559479103,Solved
ICQb`rmzg,23,3,3.4678437309,0.4678437309,1.1559479103,Solved
ICQbR_yzO,20,3,3.4678437309,0.4678437309,1.1559479103,Solved
ICQRDO{dO,17,3,3.4678437309,0.4678437309,1.1559479103,Solved
ICQb`ritO,20,3,3.4678437309,0.4678437309,1.1559479103,Solved
ICQb`risw,21,3,3.4678437309,0.4678437309,1.1559479103,Solved
ICQb`qruw,22,3,3.4678437309,0.4678437309,1.1559479103,Solved
ICQb`qrtw,22,3,3.4678437309,0.4678437309,1.1559479103,Solved
ICQb`rrNo,22,3,3.4678437309,0.4678437309,1.1559479103,Solved
ICQb`rrmo,22,3,3.4678437309,0.4678437309,1.1559479103,Solved
ICQb`ri]w,22,3,3.4678437308,0.4678437308,1.1559479103,Solved
ICQb`rqtw,22,3,3.4678437308,0.4678437308,1.1559479103,Solved
ICQb`qrkw,21,3,3.4678437308,0.4678437308,1.1559479103,Solved
ICQb`rY{w,22,3,3.4678437308,0.4678437308,1.1559479103,Solved
ICQb`rqXw,21,3,3.4678437308,0.4678437308,1.1559479103,Solved
ICQeR`[zW,21,3,3.4678437308,0.4678437308,1.1559479103,Solved
ICQeR`[}o,21,3,3.4678437308,0.4678437308,1.1559479103,Solved
ICQeR`[}w,22,3,3.4678437308,0.4678437308,1.1559479103,Solved
ICQeR`[rg,20,3,3.4678437308,0.4678437308,1.1559479103,Solved
ICQRDO{^o,20,3,3.4678437308,0.4678437308,1.1559479103,Solved
ICQb`qrVo,21,3,3.4678437308,0.4678437308,1.1559479103,Solved
ICQb`r}}w,25,3,3.4678437308,0.4678437308,1.1559479103,Solved
ICQb`rYhw,21,3,3.4678437308,0.4678437308,1.1559479103,Solved
ICQeR`[v_,20,3,3.4678437308,0.4678437308,1.1559479103,Solved
ICOe`YwxG,18,3,3.4678437308,0.4678437308,1.1559479103,Solved
ICQeR`[Yw,20,3,3.4678437308,0.4678437308,1.1559479103,Solved
ICQbeYkMW,20,3,3.4678437308,0.4678437308,1.1559479103,Solved
ICOedq[xo,20,3,3.4678437308,0.4678437308,1.1559479103,Solved
ICQb`pymo,21,3,3.4678437308,0.4678437308,1.1559479103,Solved
ICQb`rqxo,21,3,3.4678437308,0.4678437308,1.1559479103,Solved
ICQbdLwMW,20,3,3.4678437308,0.4678437308,1.1559479103,Solved
ICQb`qr~?,21,3,3.4678437308,0.4678437308,1.1559479103,Solved
I?`DA`gJO,13,4,4.4678437308,0.4678437308,1.1169609327,Solved
ICQb`quzW,22,3,3.4678437308,0.4678437308,1.1559479103,Solved
ICQTbPcJO,17,3,3.4678437308,0.4678437308,1.1559479103,Solved
ICQb`rk|_,21,3,3.4678437308,0.4678437308,1.1559479103,Solved
ICOede[t_,19,3,3.4678437308,0.4678437308,1.1559479103,Solved
ICQbeYsMW,20,3,3.4678437308,0.4678437308,1.1559479103,Solved
ICQbdW{~o,23,3,3.4678437308,0.4678437308,1.1559479103,Solved
ICQb`pz~w,25,3,3.4678437308,0.4678437308,1.1559479103,Solved
ICQRDqknO,20,3,3.4678437308,0.4678437308,1.1559479103,Solved
ICQb`riz_,21,3,3.4678437308,0.4678437308,1.1559479103,Solved
ICQb`rqxw,22,3,3.4678437308,0.4678437308,1.1559479103,Solved
ICQb`rizg,22,3,3.4678437308,0.4678437308,1.1559479103,Solved
ICQbdW{tW,21,3,3.4678437308,0.4678437308,1.1559479103,Solved
ICQbdW{xw,22,3,3.4678437308,0.4678437308,1.1559479103,Solved
ICQeR`[Vw,21,3,3.4678437308,0.4678437308,1.1559479103,Solved
ICQb`rqzO,21,3,3.4678437308,0.4678437308,1.1559479103,Solved
ICQRDiwjO,19,3,3.4678437308,0.4678437308,1.1559479103,Solved
ICQb`pyzw,23,3,3.4678437308,0.4678437308,1.1559479103,Solved
ICQb`ri~G,22,3,3.4678437308,0.4678437308,1.1559479103,Solved
ICQbdW{Zw,22,3,3.4678437308,0.4678437308,1.1559479103,Solved
ICQRDqkXo,19,3,3.4678437308,0.4678437308,1.1559479103,Solved
ICQbdW{rg,21,3,3.4678437308,0.4678437308,1.1559479103,Solved
ICQb`rYdw,21,3,3.4678437308,0.4678437308,1.1559479103,Solved
ICQRDqkmO,19,3,3.4678437308,0.4678437308,1.1559479103,Solved
ICQRDqktW,20,3,3.4678437308,0.4678437308,1.1559479103,Solved
ICQbdW{ng,22,3,3.4678437308,0.4678437308,1.1559479103,Solved
ICQbdW{zW,22,3,3.4678437308,0.4678437308,1.1559479103,Solved
ICQbR_ynW,21,3,3.4678437308,0.4678437308,1.1559479103,Solved
ICQbdW{Nw,22,3,3.4678437308,0.4678437308,1.1559479103,Solved
ICQbR_y^W,21,3,3.4678437308,0.4678437308,1.1559479103,Solved
ICQRDqkMW,19,3,3.4678437308,0.4678437308,1.1559479103,Solved
ICQb`qu]O,20,3,3.4678437308,0.4678437308,1.1559479103,Solved
ICQRDO{^W,20,3,3.4678437308,0.4678437308,1.1559479103,Solved
ICQb`pymw,22,3,3.4678437308,0.4678437308,1.1559479103,Solved
ICRV@qkYw,21,3,3.4678437308,0.4678437308,1.1559479103,Solved
ICQb`pyjw,22,3,3.4678437308,0.4678437308,1.1559479103,Solved
ICQb`rijW,21,3,3.4678437308,0.4678437308,1.1559479103,Solved
ICOfcywuG,20,3,3.4678437308,0.4678437308,1.1559479103,Solved
ICQb`rm~w,25,3,3.4678437308,0.4678437308,1.1559479103,Solved
ICQb`rskw,21,3,3.4678437308,0.4678437308,1.1559479103,Solved
ICOcbRKV_,17,3,3.4678437308,0.4678437308,1.1559479103,Solved
ICQb`rq~?,21,3,3.4678437308,0.4678437308,1.1559479103,Solved
ICQb`rinW,22,3,3.4678437308,0.4678437308,1.1559479103,Solved
ICQb`pyjo,21,3,3.4678437308,0.4678437308,1.1559479103,Solved
ICQbec{jO,20,3,3.4678437308,0.4678437308,1.1559479103,Solved
ICQb`ry^w,24,3,3.4678437308,0.4678437308,1.1559479103,Solved
ICQb`rinO,21,3,3.4678437308,0.4678437308,1.1559479103,Solved
ICOedq[ew,20,3,3.4678437308,0.4678437308,1.1559479103,Solved
ICQRDPiNG,18,3,3.4678437308,0.4678437308,1.1559479103,Solved
ICOedq[sw,20,3,3.4678437308,0.4678437308,1.1559479103,Solved
I?`DBOk~W,18,4,4.4678437308,0.4678437308,1.1169609327,Solved
I?`DBOklO,15,4,4.4678437308,0.4678437308,1.1169609327,Solved
I?`DBOk]?,14,4,4.4678437308,0.4678437308,1.1169609327,Solved
ICQb`qrzw,23,3,3.4678437308,0.4678437308,1.1559479103,Solved
ICOedq[lw,21,3,3.4678437308,0.4678437308,1.1559479103,Solved
ICQb`rY~?,21,3,3.4678437308,0.4678437308,1.1559479103,Solved
ICQbdrKMW,20,3,3.4678437308,0.4678437308,1.1559479103,Solved
ICQb`rszw,23,3,3.4678437308,0.4678437308,1.1559479103,Solved
ICQb`rq~g,23,3,3.4678437307,0.4678437307,1.1559479102,Solved
ICQR@Ra\_,17,3,3.4678437307,0.4678437307,1.1559479102,Solved
ICQe`q[}o,21,3,3.4678437307,0.4678437307,1.1559479102,Solved
ICQb`rsuw,22,3,3.4678437307,0.4678437307,1.1559479102,Solved
ICQb`riNo,21,3,3.4678437307,0.4678437307,1.1559479102,Solved
ICQbR_yvo,21,3,3.4678437307,0.4678437307,1.1559479102,Solved
ICQb`rs|g,22,3,3.4678437307,0.4678437307,1.1559479102,Solved
ICRV@qk}O,21,3,3.4678437307,0.4678437307,1.1559479102,Solved
ICQbR_y\o,20,3,3.4678437307,0.4678437307,1.1559479102,Solved
ICQbR_yew,20,3,3.4678437307,0.4678437307,1.1559479102,Solved
ICQb`rqnW,22,3,3.4678437307,0.4678437307,1.1559479102,Solved
ICQbdW{mg,21,3,3.4678437307,0.4678437307,1.1559479102,Solved
ICQb`ri~g,23,3,3.4678437307,0.4678437307,1.1559479102,Solved
ICRV@qkxw,22,3,3.4678437307,0.4678437307,1.1559479102,Solved
ICQeThqMo,20,3,3.4678437307,0.4678437307,1.1559479102,Solved
I?`DD`gJO,14,4,4.4678437307,0.4678437307,1.1169609327,Solved
ICQbdW{yo,21,3,3.4678437307,0.4678437307,1.1559479102,Solved
ICOebIwj_,18,3,3.4678437307,0.4678437307,1.1559479102,Solved
ICQbeS{jO,20,3,3.4678437307,0.4678437307,1.1559479102,Solved
ICQbdW{|O,21,3,3.4678437307,0.4678437307,1.1559479102,Solved
ICQb`rumo,22,3,3.4678437307,0.4678437307,1.1559479102,Solved
ICQb`qu}o,22,3,3.4678437307,0.4678437307,1.1559479102,Solved
ICQb`ry|O,22,3,3.4678437307,0.4678437307,1.1559479102,Solved
ICQb`ry|g,23,3,3.4678437307,0.4678437307,1.1559479102,Solved
ICQbQzot_,20,3,3.4678437307,0.4678437307,1.1559479102,Solved
ICQbQrKsg,19,3,3.4678437307,0.4678437307,1.1559479102,Solved
ICQbdW{sw,21,3,3.4678437307,0.4678437307,1.1559479102,Solved
ICQb`ru|W,23,3,3.4678437307,0.4678437307,1.1559479102,Solved
ICQb`pyzW,22,3,3.4678437307,0.4678437307,1.1559479102,Solved
ICQRDqkuW,20,3,3.4678437307,0.4678437307,1.1559479102,Solved
ICQbdW{no,22,3,3.4678437307,0.4678437307,1.1559479102,Solved
ICRV@qk}W,22,3,3.4678437307,0.4678437307,1.1559479102,Solved
ICQRDO{]_,18,3,3.4678437307,0.4678437307,1.1559479102,Solved
ICOedq[}O,20,3,3.4678437307,0.4678437307,1.1559479102,Solved
I?`DBOk\?,14,4,4.4678437307,0.4678437307,1.1169609327,Solved
ICQb`r}~g,25,3,3.4678437307,0.4678437307,1.1559479102,Solved
ICQbR_yZW,20,3,3.4678437307,0.4678437307,1.1559479102,Solved
ICQeR`[lg,20,3,3.4678437307,0.4678437307,1.1559479102,Solved
ICQb`rylo,22,3,3.4678437307,0.4678437307,1.1559479102,Solved
ICQb`rklg,21,3,3.4678437307,0.4678437307,1.1559479102,Solved
ICQbctkMW,20,3,3.4678437307,0.4678437307,1.1559479102,Solved
I?`DBOkNO,15,4,4.4678437307,0.4678437307,1.1169609327,Solved
ICQbR_y}g,21,3,3.4678437307,0.4678437307,1.1559479102,Solved
ICQb`rsYw,21,3,3.4678437307,0.4678437307,1.1559479102,Solved
ICQbeTwVG,20,3,3.4678437307,0.4678437307,1.1559479102,Solved
ICQbeTwMW,20,3,3.4678437307,0.4678437307,1.1559479102,Solved
ICQb`rY~O,22,3,3.4678437307,0.4678437307,1.1559479102,Solved
ICQbcvgMW,20,3,3.4678437307,0.4678437307,1.1559479102,Solved
ICQb`rifg,21,3,3.4678437307,0.4678437307,1.1559479102,Solved
ICOedq[nO,20,3,3.4678437307,0.4678437307,1.1559479102,Solved
ICRV@qkYo,20,3,3.4678437307,0.4678437307,1.1559479102,Solved
ICQefPqMo,20,3,3.4678437307,0.4678437307,1.1559479102,Solved
ICQb`pyuw,22,3,3.4678437307,0.4678437307,1.1559479102,Solved
ICQb`rYVo,21,3,3.4678437307,0.4678437307,1.1559479102,Solved
ICRV@qkRW,20,3,3.4678437307,0.4678437307,1.1559479102,Solved
ICQb`rqlg,21,3,3.4678437307,0.4678437307,1.1559479102,Solved
ICQb`rqvw,23,3,3.4678437307,0.4678437307,1.1559479102,Solved
I?`@E_wl?,13,4,4.4678437307,0.4678437307,1.1169609327,Solved
ICQb`qu|_,21,3,3.4678437307,0.4678437307,1.1559479102,Solved
ICdebQkgw,20,3,3.4678437307,0.4678437307,1.1559479102,Solved
ICQeR`[~o,22,3,3.4678437307,0.4678437307,1.1559479102,Solved
ICQb`qu~o,23,3,3.4678437307,0.4678437307,1.1559479102,Solved
ICQeR`[^o,21,3,3.4678437307,0.4678437307,1.1559479102,Solved
ICQbeekMW,20,3,3.4678437307,0.4678437307,1.1559479102,Solved
ICQb`q}}_,22,3,3.4678437307,0.4678437307,1.1559479102,Solved
ICQeR`[nW,21,3,3.4678437307,0.4678437307,1.1559479102,Solved
ICQbR_y|w,22,3,3.4678437306,0.4678437306,1.1559479102,Solved
ICQb`rm{o,22,3,3.4678437306,0.4678437306,1.1559479102,Solved
ICQb`rqNO,20,3,3.4678437306,0.4678437306,1.1559479102,Solved
ICQeR`[u_,19,3,3.4678437306,0.4678437306,1.1559479102,Solved
ICQb`rm|W,23,3,3.4678437306,0.4678437306,1.1559479102,Solved
ICQe`q[Zo,20,3,3.4678437306,0.4678437306,1.1559479102,Solved
ICQb`qr\w,22,3,3.4678437306,0.4678437306,1.1559479102,Solved
ICQb`rqVw,22,3,3.4678437306,0.4678437306,1.1559479102,Solved
ICQb`rqv_,21,3,3.4678437306,0.4678437306,1.1559479102,Solved
ICQb`rk^o,22,3,3.4678437306,0.4678437306,1.1559479102,Solved
ICQb`rqmO,20,3,3.4678437306,0.4678437306,1.1559479102,Solved
ICQb`rK}g,21,3,3.4678437306,0.4678437306,1.1559479102,Solved
ICQb`rK~_,21,3,3.4678437306,0.4678437306,1.1559479102,Solved
ICRV@qkuO,20,3,3.4678437306,0.4678437306,1.1559479102,Solved
ICQbR_y{o,20,3,3.4678437306,0.4678437306,1.1559479102,Solved
ICQbR_y~?,20,3,3.4678437306,0.4678437306,1.1559479102,Solved
ICQb`qrzg,22,3,3.4678437306,0.4678437306,1.1559479102,Solved
ICQb`riew,21,3,3.4678437306,0.4678437306,1.1559479102,Solved
ICQRDO{t_,18,3,3.4678437306,0.4678437306,1.1559479102,Solved
ICQb`rkjg,21,3,3.4678437306,0.4678437306,1.1559479102,Solved
ICQRDqkxo,20,3,3.4678437306,0.4678437306,1.1559479102,Solved
ICQRDO{uO,18,3,3.4678437306,0.4678437306,1.1559479102,Solved
ICQRDO{mO,18,3,3.4678437306,0.4678437306,1.1559479102,Solved
ICQe`rIv?,19,3,3.4678437306,0.4678437306,1.1559479102,Solved
ICRV@qkvO,21,3,3.4678437306,0.4678437306,1.1559479102,Solved
ICRV@qkvW,22,3,3.4678437306,0.4678437306,1.1559479102,Solved
ICRV@qkz_,21,3,3.4678437306,0.4678437306,1.1559479102,Solved
ICQb`rylw,23,3,3.4678437306,0.4678437306,1.1559479102,Solved
I?`DBOkm?,14,4,4.4678437306,0.4678437306,1.1169609327,Solved
ICQb`rK{_,19,3,3.4678437306,0.4678437306,1.1559479102,Solved
ICQb`rKs_,18,3,3.4678437306,0.4678437306,1.1559479102,Solved
ICQb`quuw,22,3,3.4678437306,0.4678437306,1.1559479102,Solved
ICQ`fIkxO,19,3,3.4678437306,0.4678437306,1.1559479102,Solved
ICQb`r{]o,22,3,3.4678437306,0.4678437306,1.1559479102,Solved
ICQb`rqvW,22,3,3.4678437306,0.4678437306,1.1559479102,Solved
ICQb`r{~w,25,3,3.4678437306,0.4678437306,1.1559479102,Solved
ICRV@qk{w,22,3,3.4678437306,0.4678437306,1.1559479102,Solved
ICOedq[ZO,19,3,3.4678437306,0.4678437306,1.1559479102,Solved
ICQe`q[vw,22,3,3.4678437306,0.4678437306,1.1559479102,Solved
ICQeR`[vG,20,3,3.4678437306,0.4678437306,1.1559479102,Solved
ICQeR`[~w,23,3,3.4678437306,0.4678437306,1.1559479102,Solved
ICQeR`[|O,20,3,3.4678437306,0.4678437306,1.1559479102,Solved
ICQb`qr^o,22,3,3.4678437306,0.4678437306,1.1559479102,Solved
ICQb`rr~O,23,3,3.4678437306,0.4678437306,1.1559479102,Solved
ICOedq[no,21,3,3.4678437306,0.4678437306,1.1559479102,Solved
ICQb`rz|w,25,3,3.4678437306,0.4678437306,1.1559479102,Solved
ICQeR`[ZW,20,3,3.4678437306,0.4678437306,1.1559479102,Solved
ICQb`rito,21,3,3.4678437306,0.4678437306,1.1559479102,Solved
ICQRDO{}W,20,3,3.4678437306,0.4678437306,1.1559479102,Solved
ICQbdW{~g,23,3,3.4678437306,0.4678437306,1.1559479102,Solved
ICQb`rsMo,20,3,3.4678437306,0.4678437306,1.1559479102,Solved
ICQb`rk~_,22,3,3.4678437306,0.4678437306,1.1559479102,Solved
ICQb`ritw,22,3,3.4678437306,0.4678437306,1.1559479102,Solved
I?`DAhgJO,14,4,4.4678437306,0.4678437306,1.1169609327,Solved
ICQeR`[qo,19,3,3.4678437306,0.4678437306,1.1559479102,Solved
ICQRDqkNO,19,3,3.4678437306,0.4678437306,1.1559479102,Solved
ICQe`q[^g,21,3,3.4678437306,0.4678437306,1.1559479102,Solved
ICQe`q[vg,21,3,3.4678437306,0.4678437306,1.1559479102,Solved
ICQeR`[{o,20,3,3.4678437306,0.4678437306,1.1559479102,Solved
ICQb`rk{w,22,3,3.4678437306,0.4678437306,1.1559479102,Solved
ICQb`rYuo,21,3,3.4678437306,0.4678437306,1.1559479102,Solved
ICQb`rktw,22,3,3.4678437306,0.4678437306,1.1559479102,Solved
ICOedq[qw,20,3,3.4678437306,0.4678437306,1.1559479102,Solved
ICQb`pyno,22,3,3.4678437306,0.4678437306,1.1559479102,Solved
ICQeR`[nw,22,3,3.4678437306,0.4678437306,1.1559479102,Solved
ICQb`ri~W,23,3,3.4678437306,0.4678437306,1.1559479102,Solved
ICQb`r{}g,23,3,3.4678437306,0.4678437306,1.1559479102,Solved
ICQdbP[tO,19,3,3.4678437306,0.4678437306,1.1559479102,Solved
ICQb`rYZo,21,3,3.4678437306,0.4678437306,1.1559479102,Solved
ICQ`fIk}w,22,3,3.4678437306,0.4678437306,1.1559479102,Solved
