g6,edges,alpha,theta,gap,ratio,status
G???F{,7,7,6.9999999985,-0.0000000015,0.9999999998,Solved
G??CFw,7,6,6.0000000005,0.0000000005,1.0000000001,Solved
G??CF{,8,6,6.0000000000,0.0000000000,1.0000000000,Solved
G??E@{,7,6,5.9999999985,-0.0000000015,0.9999999998,Solved
G??EDw,7,6,6.0000000009,0.0000000009,1.0000000001,Solved
G??ED{,8,6,6.0000000000,0.0000000000,1.0000000000,Solved
G??EFw,8,6,6.0000000001,0.0000000001,1.0000000000,Solved
G??EF{,9,6,6.0000000005,0.0000000005,1.0000000001,Solved
G??F?{,7,6,6.0000000005,0.0000000005,1.0000000001,Solved
G??FCw,7,6,5.9999999998,-0.0000000002,1.0000000000,Solved
G??FC{,8,6,6.0000000001,0.0000000001,1.0000000000,Solved
G??FEw,8,6,5.9999999979,-0.0000000021,0.9999999997,Solved
G??FE{,9,6,6.0000000000,-0.0000000000,1.0000000000,Solved
G??FFw,9,6,6.0000000013,0.0000000013,1.0000000002,Solved
G??FF{,10,6,6.0000000001,0.0000000001,1.0000000000,Solved
G??FeW,8,6,5.9999999996,-0.0000000004,0.9999999999,Solved
G??Fe[,9,6,6.0000000000,0.0000000000,1.0000000000,Solved
G??FfW,9,6,6.0000000006,0.0000000006,1.0000000001,Solved
G??Ff[,10,6,6.0000000001,0.0000000001,1.0000000000,Solved
G??Ffw,10,6,6.0000000000,0.0000000000,1.0000000000,Solved
G??Ff{,11,6,6.0000000005,0.0000000005,1.0000000001,Solved
G??Fvg,10,6,5.9999999997,-0.0000000003,0.9999999999,Solved
G??Fvk,11,6,5.9999999970,-0.0000000030,0.9999999995,Solved
G??Fvw,11,6,5.9999999994,-0.0000000006,0.9999999999,Solved
G??Fv{,12,6,5.9999999998,-0.0000000002,1.0000000000,Solved
G??F~w,12,6,5.9999999976,-0.0000000024,0.9999999996,Solved
G??F~{,13,6,5.9999999981,-0.0000000019,0.9999999997,Solved
G?AAFo,7,5,5.0000000015,0.0000000015,1.0000000003,Solved
G?AAFw,8,5,5.0000000003,0.0000000003,1.0000000001,Solved
G?AAF{,9,5,5.0000000011,0.0000000011,1.0000000002,Solved
G?ABCs,7,5,4.9999999990,-0.0000000010,0.9999999998,Solved
G?ABC{,8,5,5.0000000010,0.0000000010,1.0000000002,Solved
G?ABEo,7,5,5.0000000012,0.0000000012,1.0000000002,Solved
G?ABEs,8,5,5.0000000005,0.0000000005,1.0000000001,Solved
G?ABEw,8,5,5.0000000016,0.0000000016,1.0000000003,Solved
G?ABE{,9,5,5.0000000008,0.0000000008,1.0000000002,Solved
G?ABFo,8,5,4.9999999993,-0.0000000007,0.9999999999,Solved
G?ABFs,9,5,4.9999999997,-0.0000000003,0.9999999999,Solved
G?ABFw,9,5,5.0000000005,0.0000000005,1.0000000001,Solved
G?ABF{,10,5,5.0000000021,0.0000000021,1.0000000004,Solved
G?ABc[,8,5,5.0000000009,0.0000000009,1.0000000002,Solved
G?ABeO,7,5,5.0000000003,0.0000000003,1.0000000001,Solved
G?ABeS,8,5,5.0000000040,0.0000000040,1.0000000008,Solved
G?ABeW,8,5,5.0000000002,0.0000000002,1.0000000000,Solved
G?ABe[,9,5,5.0000000033,0.0000000033,1.0000000007,Solved
G?ABfO,8,5,5.0000000000,0.0000000000,1.0000000000,Solved
G?ABfS,9,5,5.0000000009,0.0000000009,1.0000000002,Solved
G?ABfW,9,5,5.0000000009,0.0000000009,1.0000000002,Solved
G?ABf[,10,5,5.0000000006,0.0000000006,1.0000000001,Solved
G?ABfo,9,5,5.0000000025,0.0000000025,1.0000000005,Solved
G?ABfs,10,5,5.0000000045,0.0000000045,1.0000000009,Solved
G?ABfw,10,5,5.0000000013,0.0000000013,1.0000000003,Solved
G?ABf{,11,5,5.0000000002,0.0000000002,1.0000000000,Solved
G?ABvG,9,5,5.0000000002,0.0000000002,1.0000000000,Solved
G?ABvK,10,5,5.0000000003,0.0000000003,1.0000000001,Solved
G?ABv_,9,5,5.0000000037,0.0000000037,1.0000000007,Solved
G?ABvc,10,5,5.0000000001,0.0000000001,1.0000000000,Solved
G?ABvg,10,5,5.0000000019,0.0000000019,1.0000000004,Solved
G?ABvk,11,5,5.0000000009,0.0000000009,1.0000000002,Solved
G?ABvo,10,5,5.0000000005,0.0000000005,1.0000000001,Solved
G?ABvs,11,5,5.0000000021,0.0000000021,1.0000000004,Solved
G?ABvw,11,5,5.0000000012,0.0000000012,1.0000000002,Solved
G?ABv{,12,5,5.0000000000,0.0000000000,1.0000000000,Solved
G?ACNo,8,5,5.0000000004,0.0000000004,1.0000000001,Solved
G?ACNw,9,5,5.0000000002,0.0000000002,1.0000000000,Solved
G?ACN{,10,5,4.9999999999,-0.0000000001,1.0000000000,Solved
G?AEBo,7,5,5.0000000002,0.0000000002,1.0000000000,Solved
G?AEBw,8,5,5.0000000012,0.0000000012,1.0000000002,Solved
G?AEDo,7,5,5.0000000008,0.0000000008,1.0000000002,Solved
G?AEDs,8,5,5.0000000002,0.0000000002,1.0000000000,Solved
G?AEDw,8,5,5.0000000023,0.0000000023,1.0000000005,Solved
G?AEFo,8,5,5.0000000010,0.0000000010,1.0000000002,Solved
G?AEFs,9,5,5.0000000010,0.0000000010,1.0000000002,Solved
G?AEFw,9,5,5.0000000004,0.0000000004,1.0000000001,Solved
G?AEF{,10,5,4.9999999999,-0.0000000001,1.0000000000,Solved
G?AEJo,8,5,5.0000000003,0.0000000003,1.0000000001,Solved
G?AEJs,9,5,5.0000000004,0.0000000004,1.0000000001,Solved
G?AELo,8,5,5.0000000003,0.0000000003,1.0000000001,Solved
G?AELs,9,5,5.0000000005,0.0000000005,1.0000000001,Solved
G?AELw,9,5,5.0000000002,0.0000000002,1.0000000000,Solved
G?AEL{,10,5,4.9999999993,-0.0000000007,0.9999999999,Solved
G?AENo,9,5,5.0000000015,0.0000000015,1.0000000003,Solved
G?AENs,10,5,5.0000000012,0.0000000012,1.0000000002,Solved
G?AENw,10,5,5.0000000001,0.0000000001,1.0000000000,Solved
G?AEN{,11,5,5.0000000002,0.0000000002,1.0000000000,Solved
G?AF?w,7,5,5.0000000018,0.0000000018,1.0000000004,Solved
G?AF?{,8,5,4.9999999996,-0.0000000004,0.9999999999,Solved
G?AFAw,8,5,5.0000000001,0.0000000001,1.0000000000,Solved
G?AFA{,9,5,5.0000000002,0.0000000002,1.0000000000,Solved
G?AFBo,8,5,5.0000000029,0.0000000029,1.0000000006,Solved
G?AFBs,9,5,5.0000000000,-0.0000000000,1.0000000000,Solved
G?AFBw,9,5,4.9999999986,-0.0000000014,0.9999999997,Solved
G?AFB{,10,5,5.0000000000,-0.0000000000,1.0000000000,Solved
G?AFCs,8,5,4.9999999997,-0.0000000003,0.9999999999,Solved
G?AFCw,8,5,5.0000000012,0.0000000012,1.0000000002,Solved
G?AFC{,9,5,4.9999999994,-0.0000000006,0.9999999999,Solved
G?AFEo,8,5,5.0000000002,0.0000000002,1.0000000000,Solved
G?AFEs,9,5,5.0000000016,0.0000000016,1.0000000003,Solved
G?AFEw,9,5,4.9999999995,-0.0000000005,0.9999999999,Solved
G?AFE{,10,5,4.9999999999,-0.0000000001,1.0000000000,Solved
G?AFFo,9,5,5.0000000008,0.0000000008,1.0000000002,Solved
G?AFFs,10,5,4.9999999992,-0.0000000008,0.9999999998,Solved
G?AFFw,10,5,5.0000000001,0.0000000001,1.0000000000,Solved
G?AFF{,11,5,5.0000000000,0.0000000000,1.0000000000,Solved
G?AFKw,9,5,5.0000000001,0.0000000001,1.0000000000,Solved
G?AFK{,10,5,5.0000000004,0.0000000004,1.0000000001,Solved
G?AFMw,10,5,5.0000000007,0.0000000007,1.0000000001,Solved
G?AFM{,11,5,5.0000000000,0.0000000000,1.0000000000,Solved
G?AFNo,10,5,5.0000000033,0.0000000033,1.0000000007,Solved
G?AFNs,11,5,5.0000000006,0.0000000006,1.0000000001,Solved
G?AFNw,11,5,5.0000000061,0.0000000061,1.0000000012,Solved
G?AFN{,12,5,5.0000000006,0.0000000006,1.0000000001,Solved
G?AFbW,9,5,5.0000000005,0.0000000005,1.0000000001,Solved
G?AFb[,10,5,5.0000000007,0.0000000007,1.0000000001,Solved
G?AFbw,10,5,5.0000000001,0.0000000001,1.0000000000,Solved
G?AFb{,11,5,5.0000000010,0.0000000010,1.0000000002,Solved
G?AFeW,9,5,4.9999999988,-0.0000000012,0.9999999998,Solved
G?AFe[,10,5,5.0000000009,0.0000000009,1.0000000002,Solved
G?AFfO,9,5,5.0000000002,0.0000000002,1.0000000000,Solved
G?AFfS,10,5,5.0000000007,0.0000000007,1.0000000001,Solved
G?AFfW,10,5,5.0000000006,0.0000000006,1.0000000001,Solved
G?AFf[,11,5,5.0000000010,0.0000000010,1.0000000002,Solved
G?AFfo,10,5,5.0000000012,0.0000000012,1.0000000002,Solved
G?AFfs,11,5,5.0000000024,0.0000000024,1.0000000005,Solved
G?AFfw,11,5,5.0000000004,0.0000000004,1.0000000001,Solved
G?AFf{,12,5,5.0000000000,-0.0000000000,1.0000000000,Solved
G?AFnW,11,5,5.0000000044,0.0000000044,1.0000000009,Solved
G?AFn[,12,5,5.0000000009,0.0000000009,1.0000000002,Solved
G?AFnw,12,5,5.0000000009,0.0000000009,1.0000000002,Solved
G?AFn{,13,5,5.0000000008,0.0000000008,1.0000000002,Solved
G?AFrw,11,5,5.0000000020,0.0000000020,1.0000000004,Solved
G?AFr{,12,5,5.0000000013,0.0000000013,1.0000000003,Solved
G?AFvg,11,5,5.0000000009,0.0000000009,1.0000000002,Solved
G?AFvk,12,5,5.0000000027,0.0000000027,1.0000000005,Solved
G?AFvo,11,5,5.0000000010,0.0000000010,1.0000000002,Solved
G?AFvs,12,5,5.0000000009,0.0000000009,1.0000000002,Solved
G?AFvw,12,5,5.0000000006,0.0000000006,1.0000000001,Solved
G?AFv{,13,5,5.0000000015,0.0000000015,1.0000000003,Solved
G?AF~w,13,5,4.9999999989,-0.0000000011,0.9999999998,Solved
G?AF~{,14,5,4.9999999992,-0.0000000008,0.9999999998,Solved
G?B@_[,7,5,5.0000000009,0.0000000009,1.0000000002,Solved
G?B@`W,7,5,4.9999999997,-0.0000000003,0.9999999999,Solved
G?B@`w,8,5,4.9999999977,-0.0000000023,0.9999999995,Solved
G?B@c[,8,5,5.0000000004,0.0000000004,1.0000000001,Solved
G?B@dO,7,5,4.9999999997,-0.0000000003,0.9999999999,Solved
G?B@dW,8,5,5.0000000004,0.0000000004,1.0000000001,Solved
G?B@d[,9,5,5.0000000006,0.0000000006,1.0000000001,Solved
G?B@dw,9,5,5.0000000003,0.0000000003,1.0000000001,Solved
G?B@e[,9,5,5.0000000008,0.0000000008,1.0000000002,Solved
G?B@fO,8,5,4.9999999998,-0.0000000002,1.0000000000,Solved
G?B@fW,9,5,5.0000000003,0.0000000003,1.0000000001,Solved
G?B@f[,10,5,5.0000000005,0.0000000005,1.0000000001,Solved
G?B@fo,9,5,4.9999999994,-0.0000000006,0.9999999999,Solved
G?B@fw,10,5,5.0000000004,0.0000000004,1.0000000001,Solved
G?B@f{,11,5,5.0000000005,0.0000000005,1.0000000001,Solved
G?B@hw,9,5,4.9999999968,-0.0000000032,0.9999999994,Solved
G?B@lW,9,5,4.9999999988,-0.0000000012,0.9999999998,Solved
G?B@l[,10,5,4.9999999984,-0.0000000016,0.9999999997,Solved
G?B@lw,10,5,4.9999999992,-0.0000000008,0.9999999998,Solved
G?B@mW,9,5,4.9999999995,-0.0000000005,0.9999999999,Solved
G?B@m[,10,5,5.0000000003,0.0000000003,1.0000000001,Solved
G?B@nO,9,5,5.0000000000,-0.0000000000,1.0000000000,Solved
G?B@nW,10,5,5.0000000000,0.0000000000,1.0000000000,Solved
G?B@n[,11,5,4.9999999999,-0.0000000001,1.0000000000,Solved
G?B@no,10,5,5.0000000005,0.0000000005,1.0000000001,Solved
G?B@nw,11,5,4.9999999992,-0.0000000008,0.9999999998,Solved
G?B@n{,12,5,5.0000000000,-0.0000000000,1.0000000000,Solved
G?B@pw,9,5,4.9999999986,-0.0000000014,0.9999999997,Solved
G?B@p{,10,5,5.0000000012,0.0000000012,1.0000000002,Solved
G?B@tK,9,5,5.0000000038,0.0000000038,1.0000000008,Solved
G?B@t_,8,5,5.0000000005,0.0000000005,1.0000000001,Solved
G?B@tc,9,5,4.9999999999,-0.0000000001,1.0000000000,Solved
G?B@tg,9,5,5.0000000008,0.0000000008,1.0000000002,Solved
G?B@tk,10,5,5.0000000000,0.0000000000,1.0000000000,Solved
G?B@to,9,5,5.0000000038,0.0000000038,1.0000000008,Solved
G?B@ts,10,5,4.9999999993,-0.0000000007,0.9999999999,Solved
G?B@tw,10,5,5.0000000000,0.0000000000,1.0000000000,Solved
G?B@t{,11,5,5.0000000008,0.0000000008,1.0000000002,Solved
G?B@uK,9,5,5.0000000001,0.0000000001,1.0000000000,Solved
G?B@v?,8,5,4.9999999999,-0.0000000001,1.0000000000,Solved
G?B@vC,9,5,4.9999999996,-0.0000000004,0.9999999999,Solved
G?B@vG,9,5,4.9999999997,-0.0000000003,0.9999999999,Solved
G?B@vK,10,5,4.9999999977,-0.0000000023,0.9999999995,Solved
G?B@v_,9,5,5.0000000002,0.0000000002,1.0000000000,Solved
G?B@vc,10,5,4.9999999992,-0.0000000008,0.9999999998,Solved
G?B@vg,10,5,5.0000000000,-0.0000000000,1.0000000000,Solved
G?B@vk,11,5,4.9999999995,-0.0000000005,0.9999999999,Solved
G?B@vo,10,5,5.0000000006,0.0000000006,1.0000000001,Solved
G?B@vs,11,5,5.0000000016,0.0000000016,1.0000000003,Solved
G?B@vw,11,5,5.0000000020,0.0000000020,1.0000000004,Solved
G?B@v{,12,5,4.9999999999,-0.0000000001,1.0000000000,Solved
G?B@x{,11,5,4.9999999981,-0.0000000019,0.9999999996,Solved
G?B@|k,11,5,5.0000000001,0.0000000001,1.0000000000,Solved
G?B@|o,10,5,5.0000000001,0.0000000001,1.0000000000,Solved
G?B@|s,11,5,4.9999999999,-0.0000000001,1.0000000000,Solved
G?B@|w,11,5,5.0000000001,0.0000000001,1.0000000000,Solved
G?B@|{,12,5,4.9999999996,-0.0000000004,0.9999999999,Solved
G?B@~K,11,5,5.0000000005,0.0000000005,1.0000000001,Solved
G?B@~_,10,5,5.0000000001,0.0000000001,1.0000000000,Solved
G?B@~c,11,5,4.9999999999,-0.0000000001,1.0000000000,Solved
G?B@~g,11,5,4.9999999999,-0.0000000001,1.0000000000,Solved
G?B@~k,12,5,4.9999999999,-0.0000000001,1.0000000000,Solved
G?B@~o,11,5,4.9999999994,-0.0000000006,0.9999999999,Solved
G?B@~s,12,5,4.9999999996,-0.0000000004,0.9999999999,Solved
G?B@~w,12,5,4.9999999997,-0.0000000003,0.9999999999,Solved
G?B@~{,13,5,4.9999999998,-0.0000000002,1.0000000000,Solved
G?BD?{,8,5,4.9999999994,-0.0000000006,0.9999999999,Solved
G?BD@w,8,5,5.0000000001,0.0000000001,1.0000000000,Solved
G?BDAo,7,5,4.9999999999,-0.0000000001,1.0000000000,Solved
G?BDAw,8,5,5.0000000001,0.0000000001,1.0000000000,Solved
G?BDA{,9,5,5.0000000002,0.0000000002,1.0000000000,Solved
G?BDBo,8,5,4.9999999988,-0.0000000012,0.9999999998,Solved
G?BDBw,9,5,4.9999999998,-0.0000000002,1.0000000000,Solved
G?BDB{,10,5,5.0000000010,0.0000000010,1.0000000002,Solved
G?BDCw,8,5,4.9999999985,-0.0000000015,0.9999999997,Solved
G?BDC{,9,5,4.9999999999,-0.0000000001,1.0000000000,Solved
G?BDDw,9,5,4.9999999986,-0.0000000014,0.9999999997,Solved
G?BDEo,8,5,5.0000000002,0.0000000002,1.0000000000,Solved
G?BDEw,9,5,4.9999999996,-0.0000000004,0.9999999999,Solved
G?BDE{,10,5,5.0000000000,0.0000000000,1.0000000000,Solved
G?BDFo,9,5,4.9999999997,-0.0000000003,0.9999999999,Solved
G?BDFw,10,5,5.0000000000,-0.0000000000,1.0000000000,Solved
G?BDF{,11,5,5.0000000000,-0.0000000000,1.0000000000,Solved
G?BDG{,9,5,4.9999999988,-0.0000000012,0.9999999998,Solved
G?BDHw,9,5,4.9999999992,-0.0000000008,0.9999999998,Solved
G?BDI{,10,5,5.0000000000,-0.0000000000,1.0000000000,Solved
G?BDJo,9,5,4.9999999998,-0.0000000002,1.0000000000,Solved
G?BDJw,10,5,5.0000000005,0.0000000005,1.0000000001,Solved
G?BDJ{,11,5,4.9999999997,-0.0000000003,0.9999999999,Solved
G?BDKw,9,5,4.9999999985,-0.0000000015,0.9999999997,Solved
G?BDK{,10,5,5.0000000000,-0.0000000000,1.0000000000,Solved
G?BDLw,10,5,5.0000000000,-0.0000000000,1.0000000000,Solved
G?BDMo,9,5,5.0000000000,0.0000000000,1.0000000000,Solved
G?BDMw,10,5,5.0000000018,0.0000000018,1.0000000004,Solved
G?BDM{,11,5,4.9999999994,-0.0000000006,0.9999999999,Solved
G?BDNo,10,5,5.0000000012,0.0000000012,1.0000000002,Solved
G?BDNw,11,5,5.0000000001,0.0000000001,1.0000000000,Solved
G?BDN{,12,5,4.9999999994,-0.0000000006,0.9999999999,Solved
G?BD`W,8,5,4.9999999988,-0.0000000012,0.9999999998,Solved
G?BD`w,9,5,5.0000000012,0.0000000012,1.0000000002,Solved
G?BD`{,10,5,4.9999999998,-0.0000000002,1.0000000000,Solved
G?BDaW,8,5,5.0000000006,0.0000000006,1.0000000001,Solved
G?BDbO,8,5,5.0000000000,0.0000000000,1.0000000000,Solved
G?BDbS,9,5,5.0000000021,0.0000000021,1.0000000004,Solved
G?BDbW,9,5,5.0000000006,0.0000000006,1.0000000001,Solved
G?BDb[,10,5,5.0000000000,-0.0000000000,1.0000000000,Solved
G?BDbo,9,5,5.0000000002,0.0000000002,1.0000000000,Solved
G?BDbs,10,5,5.0000000000,0.0000000000,1.0000000000,Solved
G?BDbw,10,5,5.0000000009,0.0000000009,1.0000000002,Solved
G?BDb{,11,5,5.0000000004,0.0000000004,1.0000000001,Solved
G?BDdS,9,5,5.0000000001,0.0000000001,1.0000000000,Solved
G?BDdW,9,5,4.9999999988,-0.0000000012,0.9999999998,Solved
G?BDd[,10,5,5.0000000002,0.0000000002,1.0000000000,Solved
G?BDdo,9,5,4.9999999995,-0.0000000005,0.9999999999,Solved
G?BDds,10,5,4.9999999999,-0.0000000001,1.0000000000,Solved
G?BDdw,10,5,5.0000000002,0.0000000002,1.0000000000,Solved
G?BDd{,11,5,5.0000000000,-0.0000000000,1.0000000000,Solved
G?BDeS,9,5,4.9999999994,-0.0000000006,0.9999999999,Solved
G?BDeW,9,5,4.9999999981,-0.0000000019,0.9999999996,Solved
G?BDe[,10,5,5.0000000001,0.0000000001,1.0000000000,Solved
G?BDfO,9,5,4.9999999999,-0.0000000001,1.0000000000,Solved
G?BDfS,10,5,5.0000000004,0.0000000004,1.0000000001,Solved
G?BDfW,10,5,4.9999999992,-0.0000000008,0.9999999998,Solved
G?BDf[,11,5,5.0000000002,0.0000000002,1.0000000000,Solved
G?BDfo,10,5,5.0000000001,0.0000000001,1.0000000000,Solved
G?BDfs,11,5,4.9999999997,-0.0000000003,0.9999999999,Solved
G?BDfw,11,5,5.0000000002,0.0000000002,1.0000000000,Solved
G?BDf{,12,5,5.0000000000,0.0000000000,1.0000000000,Solved
G?BDj[,11,5,4.9999999998,-0.0000000002,1.0000000000,Solved
G?BDjo,10,5,5.0000000004,0.0000000004,1.0000000001,Solved
G?BDjs,11,5,5.0000000004,0.0000000004,1.0000000001,Solved
G?BDjw,11,5,5.0000000012,0.0000000012,1.0000000002,Solved
G?BDj{,12,5,5.0000000000,-0.0000000000,1.0000000000,Solved
G?BDl[,11,5,4.9999999976,-0.0000000024,0.9999999995,Solved
G?BDlo,10,5,4.9999999996,-0.0000000004,0.9999999999,Solved
G?BDls,11,5,4.9999999992,-0.0000000008,0.9999999998,Solved
G?BDlw,11,5,4.9999999998,-0.0000000002,1.0000000000,Solved
G?BDl{,12,5,5.0000000019,0.0000000019,1.0000000004,Solved
G?BDm[,11,5,5.0000000000,0.0000000000,1.0000000000,Solved
G?BDnO,10,5,4.9999999999,-0.0000000001,1.0000000000,Solved
G?BDnS,11,5,4.9999999994,-0.0000000006,0.9999999999,Solved
G?BDnW,11,5,5.0000000029,0.0000000029,1.0000000006,Solved
G?BDn[,12,5,5.0000000000,-0.0000000000,1.0000000000,Solved
G?BDno,11,5,5.0000000000,-0.0000000000,1.0000000000,Solved
G?BDns,12,5,4.9999999999,-0.0000000001,1.0000000000,Solved
G?BDnw,12,5,4.9999999988,-0.0000000012,0.9999999998,Solved
G?BDn{,13,5,5.0000000001,0.0000000001,1.0000000000,Solved
G?BDro,10,5,5.0000000000,-0.0000000000,1.0000000000,Solved
G?BDrs,11,5,5.0000000004,0.0000000004,1.0000000001,Solved
G?BDrw,11,5,5.0000000006,0.0000000006,1.0000000001,Solved
G?BDr{,12,5,5.0000000002,0.0000000002,1.0000000000,Solved
G?BDto,10,5,4.9999999995,-0.0000000005,0.9999999999,Solved
G?BDts,11,5,4.9999999989,-0.0000000011,0.9999999998,Solved
G?BDtw,11,5,5.0000000004,0.0000000004,1.0000000001,Solved
G?BDt{,12,5,5.0000000001,0.0000000001,1.0000000000,Solved
G?BDvG,10,5,4.9999999993,-0.0000000007,0.9999999999,Solved
G?BDvK,11,5,4.9999999999,-0.0000000001,1.0000000000,Solved
G?BDv_,10,5,4.9999999999,-0.0000000001,1.0000000000,Solved
G?BDvc,11,5,5.0000000000,-0.0000000000,1.0000000000,Solved
G?BDvg,11,5,4.9999999991,-0.0000000009,0.9999999998,Solved
G?BDvk,12,5,5.0000000000,0.0000000000,1.0000000000,Solved
G?BDvo,11,5,4.9999999991,-0.0000000009,0.9999999998,Solved
G?BDvs,12,5,5.0000000006,0.0000000006,1.0000000001,Solved
G?BDvw,12,5,5.0000000003,0.0000000003,1.0000000001,Solved
G?BDv{,13,5,5.0000000030,0.0000000030,1.0000000006,Solved
G?BDzw,12,5,4.9999999998,-0.0000000002,1.0000000000,Solved
G?BDz{,13,5,4.9999999997,-0.0000000003,0.9999999999,Solved
G?BD|w,12,5,4.9999999984,-0.0000000016,0.9999999997,Solved
G?BD|{,13,5,4.9999999996,-0.0000000004,0.9999999999,Solved
G?BD~g,12,5,5.0000000002,0.0000000002,1.0000000000,Solved
G?BD~k,13,5,5.0000000000,0.0000000000,1.0000000000,Solved
G?BD~o,12,5,5.0000000003,0.0000000003,1.0000000001,Solved
G?BD~s,13,5,4.9999999989,-0.0000000011,0.9999999998,Solved
G?BD~w,13,5,5.0000000012,0.0000000012,1.0000000002,Solved
G?BD~{,14,5,4.9999999999,-0.0000000001,1.0000000000,Solved
G?BEDo,8,5,5.0000000005,0.0000000005,1.0000000001,Solved
G?BEDw,9,5,5.0000000005,0.0000000005,1.0000000001,Solved
G?BEFo,9,5,5.0000000001,0.0000000001,1.0000000000,Solved
G?BEFw,10,5,5.0000000009,0.0000000009,1.0000000002,Solved
G?BEF{,11,5,4.9999999999,-0.0000000001,1.0000000000,Solved
G?BEH{,10,5,5.0000000020,0.0000000020,1.0000000004,Solved
G?BELo,9,5,4.9999999993,-0.0000000007,0.9999999999,Solved
G?BELw,10,5,4.9999999998,-0.0000000002,1.0000000000,Solved
G?BEL{,11,5,5.0000000006,0.0000000006,1.0000000001,Solved
G?BENo,10,5,4.9999999991,-0.0000000009,0.9999999998,Solved
G?BENw,11,5,4.9999999976,-0.0000000024,0.9999999995,Solved
G?BEN{,12,5,5.0000000006,0.0000000006,1.0000000001,Solved
G?BF?w,8,5,5.0000000000,-0.0000000000,1.0000000000,Solved
G?BF@w,9,5,5.0000000000,0.0000000000,1.0000000000,Solved
G?BF@{,10,5,5.0000000000,0.0000000000,1.0000000000,Solved
G?BFCw,9,5,4.9999999996,-0.0000000004,0.9999999999,Solved
G?BFC{,10,5,5.0000000000,-0.0000000000,1.0000000000,Solved
G?BFDo,9,5,4.9999999999,-0.0000000001,1.0000000000,Solved
G?BFDs,10,5,4.9999999999,-0.0000000001,1.0000000000,Solved
G?BFDw,10,5,5.0000000000,-0.0000000000,1.0000000000,Solved
G?BFD{,11,5,5.0000000001,0.0000000001,1.0000000000,Solved
G?BFEo,9,5,5.0000000003,0.0000000003,1.0000000001,Solved
G?BFEs,10,5,4.9999999998,-0.0000000002,1.0000000000,Solved
G?BFEw,10,5,5.0000000001,0.0000000001,1.0000000000,Solved
G?BFE{,11,5,4.9999999999,-0.0000000001,1.0000000000,Solved
G?BFFo,10,5,5.0000000002,0.0000000002,1.0000000000,Solved
G?BFFs,11,5,5.0000000001,0.0000000001,1.0000000000,Solved
G?BFFw,11,5,5.0000000000,0.0000000000,1.0000000000,Solved
G?BFF{,12,5,5.0000000000,-0.0000000000,1.0000000000,Solved
G?BFLw,11,5,4.9999999998,-0.0000000002,1.0000000000,Solved
G?BFL{,12,5,5.0000000001,0.0000000001,1.0000000000,Solved
G?BFMo,10,5,5.0000000002,0.0000000002,1.0000000000,Solved
G?BFMs,11,5,5.0000000006,0.0000000006,1.0000000001,Solved
G?BFMw,11,5,5.0000000005,0.0000000005,1.0000000001,Solved
G?BFM{,12,5,5.0000000000,-0.0000000000,1.0000000000,Solved
G?BFNo,11,5,4.9999999994,-0.0000000006,0.9999999999,Solved
G?BFNs,12,5,5.0000000003,0.0000000003,1.0000000001,Solved
G?BFNw,12,5,5.0000000007,0.0000000007,1.0000000001,Solved
G?BFN{,13,5,5.0000000040,0.0000000040,1.0000000008,Solved
G?BFdw,11,5,5.0000000000,-0.0000000000,1.0000000000,Solved
G?BFd{,12,5,5.0000000028,0.0000000028,1.0000000006,Solved
G?BFfO,10,5,4.9999999997,-0.0000000003,0.9999999999,Solved
G?BFfS,11,5,5.0000000002,0.0000000002,1.0000000000,Solved
G?BFfW,11,5,4.9999999999,-0.0000000001,1.0000000000,Solved
G?BFf[,12,5,5.0000000007,0.0000000007,1.0000000001,Solved
G?BFfo,11,5,5.0000000004,0.0000000004,1.0000000001,Solved
G?BFfs,12,5,5.0000000000,-0.0000000000,1.0000000000,Solved
G?BFfw,12,5,4.9999999999,-0.0000000001,1.0000000000,Solved
G?BFf{,13,5,4.9999999999,-0.0000000001,1.0000000000,Solved
G?BFnW,12,5,5.0000000010,0.0000000010,1.0000000002,Solved
G?BFn[,13,5,5.0000000002,0.0000000002,1.0000000000,Solved
G?BFno,12,5,4.9999999993,-0.0000000007,0.9999999999,Solved
G?BFns,13,5,5.0000000043,0.0000000043,1.0000000009,Solved
G?BFnw,13,5,5.0000000001,0.0000000001,1.0000000000,Solved
G?BFn{,14,5,5.0000000002,0.0000000002,1.0000000000,Solved
G?BFvo,12,5,4.9999999998,-0.0000000002,1.0000000000,Solved
G?BFvs,13,5,5.0000000009,0.0000000009,1.0000000002,Solved
G?BFvw,13,5,5.0000000001,0.0000000001,1.0000000000,Solved
G?BFv{,14,5,5.0000000031,0.0000000031,1.0000000006,Solved
G?BF~w,14,5,4.9999999993,-0.0000000007,0.9999999999,Solved
G?BF~{,15,5,5.0000000003,0.0000000003,1.0000000001,Solved
G?Bcqk,10,5,4.9999999979,-0.0000000021,0.9999999996,Solved
G?Bcqw,10,5,4.9999999975,-0.0000000025,0.9999999995,Solved
G?BcrK,10,5,5.0000000006,0.0000000006,1.0000000001,Solved
G?Bcr_,9,5,4.9999999995,-0.0000000005,0.9999999999,Solved
G?Bcrg,10,5,5.0000000004,0.0000000004,1.0000000001,Solved
G?Bcrk,11,5,5.0000000001,0.0000000001,1.0000000000,Solved
G?Bcro,10,5,5.0000000002,0.0000000002,1.0000000000,Solved
G?Bcrw,11,5,4.9999999999,-0.0000000001,1.0000000000,Solved
G?Bcr{,12,5,5.0000000002,0.0000000002,1.0000000000,Solved
G?Bcsw,10,5,5.0000000000,-0.0000000000,1.0000000000,Solved
G?BcuK,10,5,4.9999999992,-0.0000000008,0.9999999998,Solved
G?Bcug,10,5,5.0000000012,0.0000000012,1.0000000002,Solved
G?Bcuk,11,5,5.0000000000,-0.0000000000,1.0000000000,Solved
G?Bcuw,11,5,4.9999999999,-0.0000000001,1.0000000000,Solved
G?BcvG,10,5,4.9999999998,-0.0000000002,1.0000000000,Solved
G?BcvK,11,5,5.0000000001,0.0000000001,1.0000000000,Solved
G?Bcv_,10,5,5.0000000005,0.0000000005,1.0000000001,Solved
G?Bcvg,11,5,5.0000000005,0.0000000005,1.0000000001,Solved
G?Bcvk,12,5,5.0000000002,0.0000000002,1.0000000000,Solved
G?Bcvo,11,5,5.0000000001,0.0000000001,1.0000000000,Solved
G?Bcvw,12,5,5.0000000001,0.0000000001,1.0000000000,Solved
G?Bcv{,13,5,5.0000000014,0.0000000014,1.0000000003,Solved
G?Bczk,12,5,4.9999999983,-0.0000000017,0.9999999997,Solved
G?Bczw,12,5,5.0000000000,-0.0000000000,1.0000000000,Solved
G?Bcz{,13,5,4.9999999998,-0.0000000002,1.0000000000,Solved
G?Bc}k,12,5,4.9999999981,-0.0000000019,0.9999999996,Solved
G?Bc}w,12,5,4.9999999999,-0.0000000001,1.0000000000,Solved
G?Bc~K,12,5,5.0000000012,0.0000000012,1.0000000002,Solved
G?Bc~g,12,5,4.9999999990,-0.0000000010,0.9999999998,Solved
G?Bc~k,13,5,4.9999999997,-0.0000000003,0.9999999999,Solved
G?Bc~o,12,5,4.9999999994,-0.0000000006,0.9999999999,Solved
G?Bc~w,13,5,5.0000000002,0.0000000002,1.0000000000,Solved
G?Bc~{,14,5,4.9999999999,-0.0000000001,1.0000000000,Solved
G?Be`[,10,5,5.0000000000,0.0000000000,1.0000000000,Solved
G?Be`{,11,5,5.0000000021,0.0000000021,1.0000000004,Solved
G?Bec[,10,5,4.9999999995,-0.0000000005,0.9999999999,Solved
G?Becw,10,5,5.0000000000,-0.0000000000,1.0000000000,Solved
G?Bed[,11,5,5.0000000001,0.0000000001,1.0000000000,Solved
G?Bedo,10,5,5.0000000001,0.0000000001,1.0000000000,Solved
G?Bedw,11,5,5.0000000006,0.0000000006,1.0000000001,Solved
G?Bed{,12,5,5.0000000029,0.0000000029,1.0000000006,Solved
G?BeeW,10,5,4.9999999999,-0.0000000001,1.0000000000,Solved
G?Bee[,11,5,5.0000000001,0.0000000001,1.0000000000,Solved
G?Beew,11,5,5.0000000029,0.0000000029,1.0000000006,Solved
G?BefO,10,5,5.0000000010,0.0000000010,1.0000000002,Solved
G?BefW,11,5,5.0000000004,0.0000000004,1.0000000001,Solved
G?Bef[,12,5,5.0000000007,0.0000000007,1.0000000001,Solved
G?Befo,11,5,5.0000000000,-0.0000000000,1.0000000000,Solved
G?Befw,12,5,5.0000000006,0.0000000006,1.0000000001,Solved
G?Bef{,13,5,4.9999999995,-0.0000000005,0.9999999999,Solved
G?Belw,12,5,4.9999999992,-0.0000000008,0.9999999998,Solved
G?Bel{,13,5,4.9999999997,-0.0000000003,0.9999999999,Solved
G?Bem[,12,5,5.0000000010,0.0000000010,1.0000000002,Solved
G?Bemw,12,5,4.9999999998,-0.0000000002,1.0000000000,Solved
G?BenW,12,5,5.0000000020,0.0000000020,1.0000000004,Solved
G?Ben[,13,5,5.0000000000,0.0000000000,1.0000000000,Solved
G?Beno,12,5,5.0000000002,0.0000000002,1.0000000000,Solved
G?Benw,13,5,5.0000000014,0.0000000014,1.0000000003,Solved
G?Ben{,14,5,5.0000000015,0.0000000015,1.0000000003,Solved
G?Bepw,11,5,4.9999999985,-0.0000000015,0.9999999997,Solved
G?Besw,11,5,4.9999999996,-0.0000000004,0.9999999999,Solved
G?Betg,11,5,4.9999999993,-0.0000000007,0.9999999999,Solved
G?Beto,11,5,5.0000000015,0.0000000015,1.0000000003,Solved
G?Bets,12,5,5.0000000001,0.0000000001,1.0000000000,Solved
G?Betw,12,5,5.0000000022,0.0000000022,1.0000000004,Solved
G?Bet{,13,5,5.0000000009,0.0000000009,1.0000000002,Solved
G?Beug,11,5,4.9999999995,-0.0000000005,0.9999999999,Solved
G?Beuo,11,5,5.0000000010,0.0000000010,1.0000000002,Solved
G?Beus,12,5,4.9999999996,-0.0000000004,0.9999999999,Solved
G?Beuw,12,5,5.0000000013,0.0000000013,1.0000000003,Solved
G?Beu{,13,5,5.0000000009,0.0000000009,1.0000000002,Solved
G?BevG,11,5,5.0000000005,0.0000000005,1.0000000001,Solved
G?BevK,12,5,4.9999999998,-0.0000000002,1.0000000000,Solved
G?Bev_,11,5,4.9999999995,-0.0000000005,0.9999999999,Solved
G?Bevc,12,5,4.9999999993,-0.0000000007,0.9999999999,Solved
G?Bevg,12,5,5.0000000012,0.0000000012,1.0000000002,Solved
G?Bevk,13,5,5.0000000004,0.0000000004,1.0000000001,Solved
G?Bevo,12,5,5.0000000003,0.0000000003,1.0000000001,Solved
G?Bevs,13,5,5.0000000025,0.0000000025,1.0000000005,Solved
G?Bevw,13,5,4.9999999999,-0.0000000001,1.0000000000,Solved
G?Bev{,14,5,5.0000000000,-0.0000000000,1.0000000000,Solved
G?Be|{,14,5,5.0000000000,-0.0000000000,1.0000000000,Solved
G?Be}{,14,5,5.0000000007,0.0000000007,1.0000000001,Solved
G?Be~k,14,5,5.0000000001,0.0000000001,1.0000000000,Solved
G?Be~o,13,5,4.9999999991,-0.0000000009,0.9999999998,Solved
G?Be~s,14,5,5.0000000007,0.0000000007,1.0000000001,Solved
G?Be~w,14,5,4.9999999997,-0.0000000003,0.9999999999,Solved
G?Be~{,15,5,5.0000000003,0.0000000003,1.0000000001,Solved
G?Bf?{,10,5,4.9999999979,-0.0000000021,0.9999999996,Solved
G?BfC{,11,5,5.0000000014,0.0000000014,1.0000000003,Solved
G?BfEo,10,5,5.0000000000,-0.0000000000,1.0000000000,Solved
G?BfEw,11,5,5.0000000009,0.0000000009,1.0000000002,Solved
G?BfE{,12,5,4.9999999998,-0.0000000002,1.0000000000,Solved
G?BfFo,11,5,4.9999999998,-0.0000000002,1.0000000000,Solved
G?BfFw,12,5,5.0000000011,0.0000000011,1.0000000002,Solved
G?BfF{,13,5,5.0000000005,0.0000000005,1.0000000001,Solved
G?BfM{,13,5,5.0000000002,0.0000000002,1.0000000000,Solved
G?BfNo,12,5,5.0000000010,0.0000000010,1.0000000002,Solved
G?BfNw,13,5,4.9999999993,-0.0000000007,0.9999999999,Solved
G?BfN{,14,5,4.9999999993,-0.0000000007,0.9999999999,Solved
G?Bfew,12,5,4.9999999999,-0.0000000001,1.0000000000,Solved
G?Bfe{,13,5,5.0000000000,0.0000000000,1.0000000000,Solved
G?BffO,11,5,5.0000000003,0.0000000003,1.0000000001,Solved
G?BffS,12,5,5.0000000003,0.0000000003,1.0000000001,Solved
G?BffW,12,5,4.9999999995,-0.0000000005,0.9999999999,Solved
G?Bff[,13,5,5.0000000000,-0.0000000000,1.0000000000,Solved
G?Bffo,12,5,4.9999999985,-0.0000000015,0.9999999997,Solved
G?Bffs,13,5,5.0000000003,0.0000000003,1.0000000001,Solved
G?Bffw,13,5,5.0000000000,0.0000000000,1.0000000000,Solved
G?Bff{,14,5,4.9999999998,-0.0000000002,1.0000000000,Solved
G?Bfn[,14,5,5.0000000005,0.0000000005,1.0000000001,Solved
G?Bfno,13,5,5.0000000005,0.0000000005,1.0000000001,Solved
G?Bfns,14,5,5.0000000003,0.0000000003,1.0000000001,Solved
G?Bfnw,14,5,5.0000000000,-0.0000000000,1.0000000000,Solved
G?Bfn{,15,5,5.0000000005,0.0000000005,1.0000000001,Solved
G?Bfvo,13,5,4.9999999989,-0.0000000011,0.9999999998,Solved
G?Bfvs,14,5,4.9999999995,-0.0000000005,0.9999999999,Solved
G?Bfvw,14,5,5.0000000001,0.0000000001,1.0000000000,Solved
G?Bfv{,15,5,5.0000000000,-0.0000000000,1.0000000000,Solved
G?Bf~w,15,5,5.0000000016,0.0000000016,1.0000000003,Solved
G?Bf~{,16,5,5.0000000007,0.0000000007,1.0000000001,Solved
G?BvS{,13,5,4.9999999993,-0.0000000007,0.9999999999,Solved
G?BvUk,13,5,5.0000000009,0.0000000009,1.0000000002,Solved
G?BvUo,12,5,5.0000000003,0.0000000003,1.0000000001,Solved
G?BvUw,13,5,5.0000000009,0.0000000009,1.0000000002,Solved
G?BvU{,14,5,4.9999999986,-0.0000000014,0.9999999997,Solved
G?BvVK,13,5,5.0000000007,0.0000000007,1.0000000001,Solved
G?BvVW,13,5,4.9999999990,-0.0000000010,0.9999999998,Solved
G?BvVg,13,5,5.0000000043,0.0000000043,1.0000000009,Solved
G?BvVk,14,5,5.0000000000,0.0000000000,1.0000000000,Solved
G?BvVo,13,5,5.0000000015,0.0000000015,1.0000000003,Solved
G?BvVw,14,5,5.0000000008,0.0000000008,1.0000000002,Solved
G?BvV{,15,5,5.0000000018,0.0000000018,1.0000000004,Solved
G?Bv]{,15,5,4.9999999966,-0.0000000034,0.9999999993,Solved
G?Bv^w,15,5,4.9999999968,-0.0000000032,0.9999999994,Solved
G?Bv^{,16,5,4.9999999967,-0.0000000033,0.9999999993,Solved
G?Bve[,13,5,5.0000000005,0.0000000005,1.0000000001,Solved
G?BvfO,12,5,4.9999999999,-0.0000000001,1.0000000000,Solved
G?Bvf[,14,5,5.0000000002,0.0000000002,1.0000000000,Solved
G?Bvfo,13,5,5.0000000001,0.0000000001,1.0000000000,Solved
G?Bvfw,14,5,5.0000000000,0.0000000000,1.0000000000,Solved
G?Bvf{,15,5,5.0000000000,0.0000000000,1.0000000000,Solved
G?Bvn[,15,5,4.9999999999,-0.0000000001,1.0000000000,Solved
G?Bvnw,15,5,4.9999999996,-0.0000000004,0.9999999999,Solved
G?Bvn{,16,5,4.9999999999,-0.0000000001,1.0000000000,Solved
G?BvvW,14,5,4.9999999999,-0.0000000001,1.0000000000,Solved
G?Bvvg,14,5,4.9999999995,-0.0000000005,0.9999999999,Solved
G?Bvvo,14,5,4.9999999999,-0.0000000001,1.0000000000,Solved
G?Bvvs,15,5,4.9999999999,-0.0000000001,1.0000000000,Solved
G?Bvvw,15,5,5.0000000000,0.0000000000,1.0000000000,Solved
G?Bvv{,16,5,4.9999999999,-0.0000000001,1.0000000000,Solved
G?Bv~{,17,5,4.9999999997,-0.0000000003,0.9999999999,Solved
G?B~vk,16,5,4.9999999999,-0.0000000001,1.0000000000,Solved
G?B~vo,15,5,4.9999999960,-0.0000000040,0.9999999992,Solved
G?B~vw,16,5,4.9999999964,-0.0000000036,0.9999999993,Solved
G?B~v{,17,5,4.9999999970,-0.0000000030,0.9999999994,Solved
G?B~~{,18,5,4.9999999976,-0.0000000024,0.9999999995,Solved
G?`@F_,7,4,4.0000000048,0.0000000048,1.0000000012,Solved
G?`@Fo,8,4,4.0000000014,0.0000000014,1.0000000004,Solved
G?`@Fw,9,4,4.0000000042,0.0000000042,1.0000000010,Solved
G?`@F{,10,4,4.0000000000,-0.0000000000,1.0000000000,Solved
G?`@eC,7,5,4.9999999989,-0.0000000011,0.9999999998,Solved
G?`@eS,8,4,4.0000000018,0.0000000018,1.0000000005,Solved
G?`@e[,9,4,4.0000000008,0.0000000008,1.0000000002,Solved
G?`@f?,7,4,4.0000000066,0.0000000066,1.0000000017,Solved
G?`@fC,8,4,4.0000000005,0.0000000005,1.0000000001,Solved
G?`@fO,8,4,4.0000000042,0.0000000042,1.0000000011,Solved
G?`@fS,9,4,4.0000000003,0.0000000003,1.0000000001,Solved
G?`@fW,9,4,4.0000000013,0.0000000013,1.0000000003,Solved
G?`@f[,10,4,4.0000000002,0.0000000002,1.0000000001,Solved
G?`@f_,8,4,4.0000000021,0.0000000021,1.0000000005,Solved
G?`@fc,9,4,4.0000000005,0.0000000005,1.0000000001,Solved
G?`@fo,9,4,4.0000000008,0.0000000008,1.0000000002,Solved
G?`@fs,10,4,4.0000000049,0.0000000049,1.0000000012,Solved
G?`@fw,10,4,4.0000000031,0.0000000031,1.0000000008,Solved
G?`@f{,11,4,4.0000000034,0.0000000034,1.0000000009,Solved
G?`CV_,8,4,4.0000000009,0.0000000009,1.0000000002,Solved
G?`CVg,9,4,4.0000000002,0.0000000002,1.0000000001,Solved
G?`CVo,9,4,4.0000000011,0.0000000011,1.0000000003,Solved
G?`CVs,10,4,4.0000000036,0.0000000036,1.0000000009,Solved
G?`CVw,10,4,4.0000000002,0.0000000002,1.0000000001,Solved
G?`CV{,11,4,3.9999999998,-0.0000000002,1.0000000000,Solved
G?`DB_,7,4,4.0000000057,0.0000000057,1.0000000014,Solved
G?`DBg,8,4,4.0000000011,0.0000000011,1.0000000003,Solved
G?`DBo,8,4,4.0000000007,0.0000000007,1.0000000002,Solved
G?`DBw,9,4,4.0000000030,0.0000000030,1.0000000008,Solved
G?`DE_,7,4,4.0000000008,0.0000000008,1.0000000002,Solved
G?`DEc,8,4,4.0000000012,0.0000000012,1.0000000003,Solved
G?`DEg,8,4,4.0000000013,0.0000000013,1.0000000003,Solved
G?`DEk,9,4,4.0000000004,0.0000000004,1.0000000001,Solved
G?`DEo,8,4,4.0000000040,0.0000000040,1.0000000010,Solved
G?`DEw,9,4,4.0000000005,0.0000000005,1.0000000001,Solved
G?`DF_,8,4,4.0000000009,0.0000000009,1.0000000002,Solved
G?`DFc,9,4,4.0000000005,0.0000000005,1.0000000001,Solved
G?`DFg,9,4,4.0000000005,0.0000000005,1.0000000001,Solved
G?`DFk,10,4,4.0000000032,0.0000000032,1.0000000008,Solved
G?`DFo,9,4,4.0000000018,0.0000000018,1.0000000004,Solved
G?`DFs,10,4,4.0000000034,0.0000000034,1.0000000008,Solved
G?`DFw,10,4,4.0000000030,0.0000000030,1.0000000007,Solved
G?`DF{,11,4,4.0000000001,0.0000000001,1.0000000000,Solved
G?`DQk,9,4,4.0000000071,0.0000000071,1.0000000018,Solved
G?`DRg,9,4,4.0000000033,0.0000000033,1.0000000008,Solved
G?`DRk,10,4,4.0000000013,0.0000000013,1.0000000003,Solved
G?`DUg,9,4,4.0000000012,0.0000000012,1.0000000003,Solved
G?`DUk,10,4,4.0000000002,0.0000000002,1.0000000001,Solved
G?`DUo,9,4,4.0000000002,0.0000000002,1.0000000000,Solved
G?`DUs,10,4,4.0000000037,0.0000000037,1.0000000009,Solved
G?`DUw,10,4,4.0000000008,0.0000000008,1.0000000002,Solved
G?`DU{,11,4,4.0000000015,0.0000000015,1.0000000004,Solved
G?`DV_,9,4,4.0000000005,0.0000000005,1.0000000001,Solved
G?`DVc,10,4,4.0000000005,0.0000000005,1.0000000001,Solved
G?`DVg,10,4,4.0000000012,0.0000000012,1.0000000003,Solved
G?`DVk,11,4,4.0000000001,0.0000000001,1.0000000000,Solved
G?`DVo,10,4,4.0000000001,0.0000000001,1.0000000000,Solved
G?`DVs,11,4,4.0000000003,0.0000000003,1.0000000001,Solved
G?`DVw,11,4,4.0000000038,0.0000000038,1.0000000009,Solved
G?`DV{,12,4,4.0000000001,0.0000000001,1.0000000000,Solved
G?`DaW,8,4,4.0000000003,0.0000000003,1.0000000001,Solved
G?`Da[,9,4,4.0000000003,0.0000000003,1.0000000001,Solved
G?`DbG,8,4,4.0000000011,0.0000000011,1.0000000003,Solved
G?`DbK,9,4,4.0000000015,0.0000000015,1.0000000004,Solved
G?`DbO,8,4,4.0000000034,0.0000000034,1.0000000008,Solved
G?`DbS,9,4,4.0000000001,0.0000000001,1.0000000000,Solved
G?`DbW,9,4,4.0000000008,0.0000000008,1.0000000002,Solved
G?`Db[,10,4,4.0000000002,0.0000000002,1.0000000001,Solved
G?`Db_,8,4,4.0000000003,0.0000000003,1.0000000001,Solved
G?`Dbc,9,4,4.0000000001,0.0000000001,1.0000000000,Solved
G?`Dbg,9,4,3.9999999995,-0.0000000005,0.9999999999,Solved
G?`Dbk,10,4,4.0000000011,0.0000000011,1.0000000003,Solved
G?`Dbo,9,4,4.0000000086,0.0000000086,1.0000000022,Solved
G?`Dbs,10,4,4.0000000001,0.0000000001,1.0000000000,Solved
G?`Dbw,10,4,4.0000000003,0.0000000003,1.0000000001,Solved
G?`Db{,11,4,4.0000000015,0.0000000015,1.0000000004,Solved
G?`DeK,9,4,4.0000000011,0.0000000011,1.0000000003,Solved
G?`DeS,9,4,4.0000000010,0.0000000010,1.0000000002,Solved
G?`DeW,9,4,4.0000000038,0.0000000038,1.0000000009,Solved
G?`De[,10,4,4.0000000004,0.0000000004,1.0000000001,Solved
G?`DfC,9,4,4.0000000003,0.0000000003,1.0000000001,Solved
G?`DfG,9,4,3.9999999997,-0.0000000003,0.9999999999,Solved
G?`DfK,10,4,4.0000000027,0.0000000027,1.0000000007,Solved
G?`DfO,9,4,4.0000000019,0.0000000019,1.0000000005,Solved
G?`DfS,10,4,4.0000000002,0.0000000002,1.0000000001,Solved
G?`DfW,10,4,4.0000000017,0.0000000017,1.0000000004,Solved
G?`Df[,11,4,4.0000000007,0.0000000007,1.0000000002,Solved
G?`Df_,9,4,4.0000000013,0.0000000013,1.0000000003,Solved
G?`Dfc,10,4,4.0000000006,0.0000000006,1.0000000002,Solved
G?`Dfg,10,4,4.0000000008,0.0000000008,1.0000000002,Solved
G?`Dfk,11,4,4.0000000008,0.0000000008,1.0000000002,Solved
G?`Dfo,10,4,4.0000000002,0.0000000002,1.0000000001,Solved
G?`Dfs,11,4,4.0000000001,0.0000000001,1.0000000000,Solved
G?`Dfw,11,4,4.0000000001,0.0000000001,1.0000000000,Solved
G?`Df{,12,4,4.0000000034,0.0000000034,1.0000000008,Solved
G?`Drg,10,4,4.0000000042,0.0000000042,1.0000000011,Solved
G?`Drk,11,4,4.0000000040,0.0000000040,1.0000000010,Solved
G?`DuW,10,4,4.0000000001,0.0000000001,1.0000000000,Solved
G?`Du[,11,4,4.0000000006,0.0000000006,1.0000000001,Solved
G?`DvG,10,4,4.0000000045,0.0000000045,1.0000000011,Solved
G?`DvK,11,4,4.0000000007,0.0000000007,1.0000000002,Solved
G?`DvO,10,4,4.0000000001,0.0000000001,1.0000000000,Solved
G?`DvS,11,4,4.0000000003,0.0000000003,1.0000000001,Solved
G?`DvW,11,4,4.0000000011,0.0000000011,1.0000000003,Solved
G?`Dv[,12,4,4.0000000005,0.0000000005,1.0000000001,Solved
G?`Dvg,11,4,4.0000000001,0.0000000001,1.0000000000,Solved
G?`Dvk,12,4,4.0000000003,0.0000000003,1.0000000001,Solved
G?`Dvo,11,4,4.0000000040,0.0000000040,1.0000000010,Solved
G?`Dvs,12,4,4.0000000008,0.0000000008,1.0000000002,Solved
G?`Dvw,12,4,4.0000000005,0.0000000005,1.0000000001,Solved
G?`Dv{,13,4,4.0000000023,0.0000000023,1.0000000006,Solved
G?`ERg,9,4,4.0000000002,0.0000000002,1.0000000000,Solved
G?`ERk,10,4,4.0000000002,0.0000000002,1.0000000000,Solved
G?`ETg,9,4,4.0000000004,0.0000000004,1.0000000001,Solved
G?`ETk,10,4,4.0000000008,0.0000000008,1.0000000002,Solved
G?`ETo,9,4,4.0000000018,0.0000000018,1.0000000004,Solved
G?`ETs,10,4,4.0000000033,0.0000000033,1.0000000008,Solved
G?`ETw,10,4,4.0000000005,0.0000000005,1.0000000001,Solved
G?`ET{,11,4,4.0000000007,0.0000000007,1.0000000002,Solved
G?`EV_,9,4,4.0000000015,0.0000000015,1.0000000004,Solved
G?`EVc,10,4,4.0000000019,0.0000000019,1.0000000005,Solved
G?`EVg,10,4,4.0000000001,0.0000000001,1.0000000000,Solved
G?`EVk,11,4,4.0000000006,0.0000000006,1.0000000002,Solved
G?`EVo,10,4,4.0000000010,0.0000000010,1.0000000003,Solved
G?`EVs,11,4,4.0000000013,0.0000000013,1.0000000003,Solved
G?`EVw,11,4,4.0000000017,0.0000000017,1.0000000004,Solved
G?`EV{,12,4,3.9999999999,-0.0000000001,1.0000000000,Solved
G?`E^o,11,4,4.0000000009,0.0000000009,1.0000000002,Solved
G?`E^s,12,4,4.0000000017,0.0000000017,1.0000000004,Solved
G?`E^w,12,4,4.0000000031,0.0000000031,1.0000000008,Solved
G?`E^{,13,4,4.0000000000,-0.0000000000,1.0000000000,Solved
G?`F?w,8,4,4.0000000065,0.0000000065,1.0000000016,Solved
G?`F?{,9,4,4.0000000086,0.0000000086,1.0000000022,Solved
G?`F@w,9,4,4.0000000001,0.0000000001,1.0000000000,Solved
G?`F@{,10,4,4.0000000006,0.0000000006,1.0000000002,Solved
G?`FAs,9,4,4.0000000003,0.0000000003,1.0000000001,Solved
G?`FBo,9,4,4.0000000024,0.0000000024,1.0000000006,Solved
G?`FBs,10,4,4.0000000006,0.0000000006,1.0000000001,Solved
G?`FCs,9,4,4.0000000015,0.0000000015,1.0000000004,Solved
G?`FCw,9,4,4.0000000030,0.0000000030,1.0000000008,Solved
G?`FC{,10,4,4.0000000011,0.0000000011,1.0000000003,Solved
G?`FDo,9,4,4.0000000031,0.0000000031,1.0000000008,Solved
G?`FDs,10,4,4.0000000046,0.0000000046,1.0000000012,Solved
G?`FDw,10,4,4.0000000003,0.0000000003,1.0000000001,Solved
G?`FD{,11,4,4.0000000014,0.0000000014,1.0000000003,Solved
G?`FE_,8,4,4.0000000024,0.0000000024,1.0000000006,Solved
G?`FEc,9,4,4.0000000005,0.0000000005,1.0000000001,Solved
G?`FEo,9,4,4.0000000004,0.0000000004,1.0000000001,Solved
G?`FEs,10,4,4.0000000003,0.0000000003,1.0000000001,Solved
G?`FEw,10,4,4.0000000002,0.0000000002,1.0000000001,Solved
G?`FE{,11,4,4.0000000003,0.0000000003,1.0000000001,Solved
G?`FF_,9,4,4.0000000009,0.0000000009,1.0000000002,Solved
G?`FFc,10,4,4.0000000002,0.0000000002,1.0000000000,Solved
G?`FFo,10,4,4.0000000004,0.0000000004,1.0000000001,Solved
G?`FFs,11,4,4.0000000017,0.0000000017,1.0000000004,Solved
G?`FFw,11,4,4.0000000020,0.0000000020,1.0000000005,Solved
G?`FF{,12,4,4.0000000008,0.0000000008,1.0000000002,Solved
G?`FSw,10,4,4.0000000013,0.0000000013,1.0000000003,Solved
G?`FS{,11,4,4.0000000033,0.0000000033,1.0000000008,Solved
G?`FTw,11,4,4.0000000001,0.0000000001,1.0000000000,Solved
G?`FT{,12,4,4.0000000004,0.0000000004,1.0000000001,Solved
G?`FUg,10,4,4.0000000042,0.0000000042,1.0000000011,Solved
G?`FUk,11,4,4.0000000024,0.0000000024,1.0000000006,Solved
G?`FUo,10,4,4.0000000000,-0.0000000000,1.0000000000,Solved
G?`FUs,11,4,4.0000000001,0.0000000001,1.0000000000,Solved
G?`FUw,11,4,4.0000000014,0.0000000014,1.0000000004,Solved
G?`FU{,12,4,4.0000000014,0.0000000014,1.0000000004,Solved
G?`FVg,11,4,4.0000000004,0.0000000004,1.0000000001,Solved
G?`FVk,12,4,4.0000000033,0.0000000033,1.0000000008,Solved
G?`FVo,11,4,3.9999999998,-0.0000000002,0.9999999999,Solved
G?`FVs,12,4,4.0000000002,0.0000000002,1.0000000000,Solved
G?`FVw,12,4,4.0000000021,0.0000000021,1.0000000005,Solved
G?`FV{,13,4,4.0000000005,0.0000000005,1.0000000001,Solved
G?`F]w,12,4,4.0000000001,0.0000000001,1.0000000000,Solved
G?`F]{,13,4,4.0000000003,0.0000000003,1.0000000001,Solved
G?`F^w,13,4,4.0000000003,0.0000000003,1.0000000001,Solved
G?`F^{,14,4,4.0000000001,0.0000000001,1.0000000000,Solved
G?`F`w,10,4,4.0000000075,0.0000000075,1.0000000019,Solved
G?`F`{,11,4,4.0000000010,0.0000000010,1.0000000002,Solved
G?`Fbo,10,4,4.0000000017,0.0000000017,1.0000000004,Solved
G?`Fbs,11,4,4.0000000006,0.0000000006,1.0000000002,Solved
G?`FdW,10,4,4.0000000001,0.0000000001,1.0000000000,Solved
G?`Fd[,11,4,4.0000000011,0.0000000011,1.0000000003,Solved
G?`Fdo,10,4,4.0000000001,0.0000000001,1.0000000000,Solved
G?`Fds,11,4,4.0000000008,0.0000000008,1.0000000002,Solved
G?`Fdw,11,4,4.0000000005,0.0000000005,1.0000000001,Solved
G?`Fd{,12,4,4.0000000001,0.0000000001,1.0000000000,Solved
G?`FeW,10,4,4.0000000007,0.0000000007,1.0000000002,Solved
G?`Fe[,11,4,4.0000000013,0.0000000013,1.0000000003,Solved
G?`FfO,10,4,4.0000000003,0.0000000003,1.0000000001,Solved
G?`FfS,11,4,4.0000000025,0.0000000025,1.0000000006,Solved
G?`FfW,11,4,4.0000000008,0.0000000008,1.0000000002,Solved
G?`Ff[,12,4,4.0000000019,0.0000000019,1.0000000005,Solved
G?`Ff_,10,4,4.0000000001,0.0000000001,1.0000000000,Solved
G?`Ffc,11,4,4.0000000000,0.0000000000,1.0000000000,Solved
G?`Ffo,11,4,4.0000000007,0.0000000007,1.0000000002,Solved
G?`Ffs,12,4,4.0000000001,0.0000000001,1.0000000000,Solved
G?`Ffw,12,4,4.0000000004,0.0000000004,1.0000000001,Solved
G?`Ff{,13,4,4.0000000016,0.0000000016,1.0000000004,Solved
G?`Ftw,12,4,4.0000000003,0.0000000003,1.0000000001,Solved
G?`Ft{,13,4,4.0000000008,0.0000000008,1.0000000002,Solved
G?`FvW,12,4,4.0000000028,0.0000000028,1.0000000007,Solved
G?`Fv[,13,4,4.0000000007,0.0000000007,1.0000000002,Solved
G?`Fvg,12,4,4.0000000039,0.0000000039,1.0000000010,Solved
G?`Fvk,13,4,4.0000000006,0.0000000006,1.0000000001,Solved
G?`Fvo,12,4,4.0000000001,0.0000000001,1.0000000000,Solved
G?`Fvs,13,4,4.0000000014,0.0000000014,1.0000000004,Solved
G?`Fvw,13,4,4.0000000002,0.0000000002,1.0000000001,Solved
G?`Fv{,14,4,4.0000000000,0.0000000000,1.0000000000,Solved
G?`F~w,14,4,4.0000000004,0.0000000004,1.0000000001,Solved
G?`F~{,15,4,4.0000000004,0.0000000004,1.0000000001,Solved
G?`acK,8,5,5.0000000012,0.0000000012,1.0000000002,Solved
G?`acW,8,4,4.0000000024,0.0000000024,1.0000000006,Solved
G?`ac[,9,4,4.0000000015,0.0000000015,1.0000000004,Solved
G?`acg,8,4,4.0000000056,0.0000000056,1.0000000014,Solved
G?`acw,9,4,4.0000000005,0.0000000005,1.0000000001,Solved
G?`ad?,7,4,4.0000000003,0.0000000003,1.0000000001,Solved
G?`adG,8,4,4.0000000019,0.0000000019,1.0000000005,Solved
G?`adK,9,4,4.0000000017,0.0000000017,1.0000000004,Solved
G?`adO,8,4,4.0000000002,0.0000000002,1.0000000000,Solved
G?`adW,9,4,4.0000000011,0.0000000011,1.0000000003,Solved
G?`ad[,10,4,4.0000000009,0.0000000009,1.0000000002,Solved
G?`ad_,8,4,4.0000000013,0.0000000013,1.0000000003,Solved
G?`adg,9,4,3.9999999991,-0.0000000009,0.9999999998,Solved
G?`adk,10,4,4.0000000005,0.0000000005,1.0000000001,Solved
G?`ado,9,4,4.0000000007,0.0000000007,1.0000000002,Solved
G?`adw,10,4,4.0000000042,0.0000000042,1.0000000011,Solved
G?`ad{,11,4,4.0000000003,0.0000000003,1.0000000001,Solved
G?`aeG,8,4,4.0000000027,0.0000000027,1.0000000007,Solved
G?`aeK,9,4,3.9999999995,-0.0000000005,0.9999999999,Solved
G?`aeO,8,4,4.0000000044,0.0000000044,1.0000000011,Solved
G?`aeW,9,4,4.0000000013,0.0000000013,1.0000000003,Solved
G?`ae[,10,4,4.0000000001,0.0000000001,1.0000000000,Solved
G?`aeg,9,4,4.0000000049,0.0000000049,1.0000000012,Solved
G?`aew,10,4,4.0000000018,0.0000000018,1.0000000005,Solved
G?`af?,8,4,4.0000000021,0.0000000021,1.0000000005,Solved
G?`afG,9,4,4.0000000001,0.0000000001,1.0000000000,Solved
G?`afK,10,4,4.0000000000,0.0000000000,1.0000000000,Solved
G?`afO,9,4,4.0000000005,0.0000000005,1.0000000001,Solved
G?`afW,10,4,4.0000000027,0.0000000027,1.0000000007,Solved
G?`af[,11,4,4.0000000004,0.0000000004,1.0000000001,Solved
G?`af_,9,4,4.0000000014,0.0000000014,1.0000000004,Solved
G?`afg,10,4,4.0000000001,0.0000000001,1.0000000000,Solved
G?`afk,11,4,4.0000000002,0.0000000002,1.0000000000,Solved
G?`afo,10,4,4.0000000001,0.0000000001,1.0000000000,Solved
G?`afw,11,4,4.0000000003,0.0000000003,1.0000000001,Solved
G?`af{,12,4,4.0000000005,0.0000000005,1.0000000001,Solved
G?`ak[,10,4,4.0000000024,0.0000000024,1.0000000006,Solved
G?`akw,10,4,4.0000000000,-0.0000000000,1.0000000000,Solved
G?`alK,10,4,4.0000000032,0.0000000032,1.0000000008,Solved
G?`alW,10,4,4.0000000014,0.0000000014,1.0000000003,Solved
G?`al[,11,4,4.0000000019,0.0000000019,1.0000000005,Solved
G?`alg,10,4,4.0000000011,0.0000000011,1.0000000003,Solved
G?`alk,11,4,3.9999999994,-0.0000000006,0.9999999999,Solved
G?`alo,10,4,4.0000000024,0.0000000024,1.0000000006,Solved
G?`alw,11,4,4.0000000006,0.0000000006,1.0000000001,Solved
G?`al{,12,4,4.0000000002,0.0000000002,1.0000000000,Solved
G?`amK,10,4,4.0000000007,0.0000000007,1.0000000002,Solved
G?`amW,10,4,4.0000000001,0.0000000001,1.0000000000,Solved
G?`am[,11,4,4.0000000013,0.0000000013,1.0000000003,Solved
G?`amg,10,4,4.0000000059,0.0000000059,1.0000000015,Solved
G?`amw,11,4,4.0000000006,0.0000000006,1.0000000002,Solved
G?`anG,10,4,4.0000000005,0.0000000005,1.0000000001,Solved
G?`anK,11,4,4.0000000002,0.0000000002,1.0000000000,Solved
G?`anO,10,4,4.0000000009,0.0000000009,1.0000000002,Solved
G?`anW,11,4,4.0000000031,0.0000000031,1.0000000008,Solved
G?`an[,12,4,4.0000000010,0.0000000010,1.0000000003,Solved
G?`an_,10,4,4.0000000006,0.0000000006,1.0000000002,Solved
G?`ang,11,4,4.0000000001,0.0000000001,1.0000000000,Solved
G?`ank,12,4,3.9999999999,-0.0000000001,1.0000000000,Solved
G?`ano,11,4,4.0000000016,0.0000000016,1.0000000004,Solved
G?`anw,12,4,4.0000000007,0.0000000007,1.0000000002,Solved
G?`an{,13,4,4.0000000004,0.0000000004,1.0000000001,Solved
G?`bEg,9,4,4.0000000024,0.0000000024,1.0000000006,Solved
G?`bEo,9,4,4.0000000009,0.0000000009,1.0000000002,Solved
G?`bEw,10,4,4.0000000003,0.0000000003,1.0000000001,Solved
G?`bF_,9,4,4.0000000003,0.0000000003,1.0000000001,Solved
G?`bFg,10,4,4.0000000021,0.0000000021,1.0000000005,Solved
G?`bFk,11,4,4.0000000001,0.0000000001,1.0000000000,Solved
G?`bFo,10,4,4.0000000005,0.0000000005,1.0000000001,Solved
G?`bFw,11,4,4.0000000011,0.0000000011,1.0000000003,Solved
G?`bF{,12,4,4.0000000000,0.0000000000,1.0000000000,Solved
G?`bKk,10,4,4.0000000037,0.0000000037,1.0000000009,Solved
G?`bKw,10,4,4.0000000001,0.0000000001,1.0000000000,Solved
G?`bK{,11,4,4.0000000005,0.0000000005,1.0000000001,Solved
G?`bMg,10,4,4.0000000011,0.0000000011,1.0000000003,Solved
G?`bMk,11,4,4.0000000004,0.0000000004,1.0000000001,Solved
G?`bMo,10,4,4.0000000004,0.0000000004,1.0000000001,Solved
G?`bMw,11,4,4.0000000007,0.0000000007,1.0000000002,Solved
G?`bM{,12,4,4.0000000003,0.0000000003,1.0000000001,Solved
G?`bN_,10,4,4.0000000000,0.0000000000,1.0000000000,Solved
G?`bNg,11,4,4.0000000030,0.0000000030,1.0000000008,Solved
G?`bNk,12,4,4.0000000000,0.0000000000,1.0000000000,Solved
G?`bNo,11,4,4.0000000002,0.0000000002,1.0000000001,Solved
G?`bNw,12,4,4.0000000005,0.0000000005,1.0000000001,Solved
G?`bN{,13,4,4.0000000033,0.0000000033,1.0000000008,Solved
G?`bcW,9,4,4.0000000023,0.0000000023,1.0000000006,Solved
G?`bc[,10,4,4.0000000010,0.0000000010,1.0000000003,Solved
G?`bcg,9,4,4.0000000029,0.0000000029,1.0000000007,Solved
G?`bco,9,4,4.0000000002,0.0000000002,1.0000000000,Solved
G?`bcs,10,4,4.0000000015,0.0000000015,1.0000000004,Solved
G?`bcw,10,4,4.0000000058,0.0000000058,1.0000000015,Solved
G?`bc{,11,4,4.0000000003,0.0000000003,1.0000000001,Solved
G?`beK,10,4,3.9999999999,-0.0000000001,1.0000000000,Solved
G?`beS,10,4,4.0000000011,0.0000000011,1.0000000003,Solved
G?`beW,10,4,4.0000000002,0.0000000002,1.0000000000,Solved
G?`be[,11,4,4.0000000047,0.0000000047,1.0000000012,Solved
G?`bec,10,4,3.9999999992,-0.0000000008,0.9999999998,Solved
G?`beg,10,4,4.0000000000,0.0000000000,1.0000000000,Solved
G?`bek,11,4,3.9999999998,-0.0000000002,1.0000000000,Solved
G?`beo,10,4,4.0000000004,0.0000000004,1.0000000001,Solved
G?`bes,11,4,4.0000000034,0.0000000034,1.0000000008,Solved
G?`bew,11,4,4.0000000002,0.0000000002,1.0000000001,Solved
G?`be{,12,4,4.0000000009,0.0000000009,1.0000000002,Solved
G?`bf?,9,4,3.9999999999,-0.0000000001,1.0000000000,Solved
G?`bfC,10,4,4.0000000019,0.0000000019,1.0000000005,Solved
G?`bfG,10,4,4.0000000001,0.0000000001,1.0000000000,Solved
G?`bfK,11,4,4.0000000014,0.0000000014,1.0000000004,Solved
G?`bfO,10,4,4.0000000006,0.0000000006,1.0000000001,Solved
G?`bfS,11,4,4.0000000026,0.0000000026,1.0000000007,Solved
G?`bfW,11,4,4.0000000011,0.0000000011,1.0000000003,Solved
G?`bf[,12,4,4.0000000000,0.0000000000,1.0000000000,Solved
G?`bf_,10,4,4.0000000010,0.0000000010,1.0000000002,Solved
G?`bfc,11,4,3.9999999995,-0.0000000005,0.9999999999,Solved
G?`bfg,11,4,4.0000000012,0.0000000012,1.0000000003,Solved
G?`bfk,12,4,3.9999999991,-0.0000000009,0.9999999998,Solved
G?`bfo,11,4,4.0000000007,0.0000000007,1.0000000002,Solved
G?`bfs,12,4,4.0000000004,0.0000000004,1.0000000001,Solved
G?`bfw,12,4,4.0000000012,0.0000000012,1.0000000003,Solved
G?`bf{,13,4,4.0000000010,0.0000000010,1.0000000003,Solved
G?`bk{,12,4,4.0000000031,0.0000000031,1.0000000008,Solved
G?`bm[,12,4,4.0000000006,0.0000000006,1.0000000001,Solved
G?`bmk,12,4,4.0000000003,0.0000000003,1.0000000001,Solved
G?`bmo,11,4,4.0000000002,0.0000000002,1.0000000000,Solved
G?`bms,12,4,4.0000000003,0.0000000003,1.0000000001,Solved
G?`bmw,12,4,4.0000000027,0.0000000027,1.0000000007,Solved
G?`bm{,13,4,4.0000000010,0.0000000010,1.0000000002,Solved
G?`bnK,12,4,4.0000000002,0.0000000002,1.0000000001,Solved
G?`bnO,11,4,4.0000000012,0.0000000012,1.0000000003,Solved
G?`bnS,12,4,4.0000000007,0.0000000007,1.0000000002,Solved
G?`bnW,12,4,4.0000000005,0.0000000005,1.0000000001,Solved
G?`bn[,13,4,4.0000000004,0.0000000004,1.0000000001,Solved
G?`bn_,11,4,3.9999999999,-0.0000000001,1.0000000000,Solved
G?`bnc,12,4,4.0000000007,0.0000000007,1.0000000002,Solved
G?`bng,12,4,4.0000000016,0.0000000016,1.0000000004,Solved
G?`bnk,13,4,4.0000000002,0.0000000002,1.0000000000,Solved
G?`bno,12,4,4.0000000011,0.0000000011,1.0000000003,Solved
G?`bns,13,4,3.9999999997,-0.0000000003,0.9999999999,Solved
G?`bnw,13,4,4.0000000006,0.0000000006,1.0000000001,Solved
G?`bn{,14,4,4.0000000002,0.0000000002,1.0000000001,Solved
G?`cZk,11,4,4.0000000002,0.0000000002,1.0000000001,Solved
G?`c[s,10,4,4.0000000009,0.0000000009,1.0000000002,Solved
G?`c[w,10,4,4.0000000012,0.0000000012,1.0000000003,Solved
G?`c[{,11,4,4.0000000014,0.0000000014,1.0000000004,Solved
G?`c]g,10,4,4.0000000073,0.0000000073,1.0000000018,Solved
G?`c]k,11,4,4.0000000014,0.0000000014,1.0000000004,Solved
G?`c]o,10,4,4.0000000048,0.0000000048,1.0000000012,Solved
G?`c]s,11,4,4.0000000006,0.0000000006,1.0000000002,Solved
G?`c]w,11,4,4.0000000014,0.0000000014,1.0000000003,Solved
G?`c]{,12,4,4.0000000003,0.0000000003,1.0000000001,Solved
G?`c^_,10,4,4.0000000008,0.0000000008,1.0000000002,Solved
G?`c^c,11,4,4.0000000011,0.0000000011,1.0000000003,Solved
G?`c^g,11,4,4.0000000036,0.0000000036,1.0000000009,Solved
G?`c^k,12,4,4.0000000004,0.0000000004,1.0000000001,Solved
G?`c^o,11,4,4.0000000002,0.0000000002,1.0000000001,Solved
G?`c^s,12,4,4.0000000012,0.0000000012,1.0000000003,Solved
G?`c^w,12,4,4.0000000008,0.0000000008,1.0000000002,Solved
G?`c^{,13,4,4.0000000006,0.0000000006,1.0000000002,Solved
G?`cg{,10,4,4.0000000017,0.0000000017,1.0000000004,Solved
G?`ci[,10,4,4.0000000047,0.0000000047,1.0000000012,Solved
G?`cis,10,4,4.0000000006,0.0000000006,1.0000000002,Solved
G?`ciw,10,4,4.0000000060,0.0000000060,1.0000000015,Solved
G?`ci{,11,4,4.0000000035,0.0000000035,1.0000000009,Solved
G?`cjS,10,4,4.0000000015,0.0000000015,1.0000000004,Solved
G?`cjW,10,4,4.0000000035,0.0000000035,1.0000000009,Solved
G?`cj[,11,4,3.9999999989,-0.0000000011,0.9999999997,Solved
G?`cjc,10,4,4.0000000003,0.0000000003,1.0000000001,Solved
G?`cjg,10,4,4.0000000015,0.0000000015,1.0000000004,Solved
G?`cjk,11,4,4.0000000002,0.0000000002,1.0000000001,Solved
G?`cjo,10,4,4.0000000010,0.0000000010,1.0000000003,Solved
G?`cjs,11,4,4.0000000050,0.0000000050,1.0000000012,Solved
G?`cjw,11,4,4.0000000015,0.0000000015,1.0000000004,Solved
G?`cj{,12,4,4.0000000008,0.0000000008,1.0000000002,Solved
G?`ck[,10,4,4.0000000005,0.0000000005,1.0000000001,Solved
G?`ckk,10,4,4.0000000054,0.0000000054,1.0000000014,Solved
G?`cks,10,4,4.0000000003,0.0000000003,1.0000000001,Solved
G?`ckw,10,4,4.0000000002,0.0000000002,1.0000000001,Solved
G?`ck{,11,4,4.0000000037,0.0000000037,1.0000000009,Solved
G?`cmK,10,4,4.0000000002,0.0000000002,1.0000000001,Solved
G?`cmS,10,4,4.0000000030,0.0000000030,1.0000000007,Solved
G?`cmW,10,4,4.0000000034,0.0000000034,1.0000000009,Solved
G?`cm[,11,4,4.0000000001,0.0000000001,1.0000000000,Solved
G?`cmc,10,4,4.0000000005,0.0000000005,1.0000000001,Solved
G?`cmg,10,4,4.0000000035,0.0000000035,1.0000000009,Solved
G?`cmk,11,4,4.0000000000,0.0000000000,1.0000000000,Solved
G?`cmo,10,4,4.0000000001,0.0000000001,1.0000000000,Solved
G?`cms,11,4,4.0000000007,0.0000000007,1.0000000002,Solved
G?`cmw,11,4,4.0000000014,0.0000000014,1.0000000004,Solved
G?`cm{,12,4,4.0000000005,0.0000000005,1.0000000001,Solved
G?`cnC,10,4,4.0000000059,0.0000000059,1.0000000015,Solved
G?`cnG,10,4,4.0000000004,0.0000000004,1.0000000001,Solved
G?`cnK,11,4,4.0000000001,0.0000000001,1.0000000000,Solved
G?`cnO,10,4,4.0000000006,0.0000000006,1.0000000002,Solved
G?`cnS,11,4,4.0000000023,0.0000000023,1.0000000006,Solved
G?`cnW,11,4,4.0000000014,0.0000000014,1.0000000003,Solved
G?`cn[,12,4,4.0000000009,0.0000000009,1.0000000002,Solved
G?`cn_,10,4,4.0000000051,0.0000000051,1.0000000013,Solved
G?`cnc,11,4,4.0000000017,0.0000000017,1.0000000004,Solved
G?`cng,11,4,4.0000000016,0.0000000016,1.0000000004,Solved
G?`cnk,12,4,4.0000000013,0.0000000013,1.0000000003,Solved
G?`cno,11,4,4.0000000017,0.0000000017,1.0000000004,Solved
G?`cns,12,4,4.0000000022,0.0000000022,1.0000000006,Solved
G?`cnw,12,4,4.0000000018,0.0000000018,1.0000000004,Solved
G?`cn{,13,4,4.0000000034,0.0000000034,1.0000000008,Solved
G?`crg,10,4,4.0000000005,0.0000000005,1.0000000001,Solved
G?`crk,11,4,4.0000000004,0.0000000004,1.0000000001,Solved
G?`csW,9,4,4.0000000038,0.0000000038,1.0000000010,Solved
G?`csg,9,4,4.0000000028,0.0000000028,1.0000000007,Solved
G?`csw,10,4,4.0000000017,0.0000000017,1.0000000004,Solved
G?`cs{,11,4,4.0000000000,-0.0000000000,1.0000000000,Solved
G?`cuG,9,4,3.9999999999,-0.0000000001,1.0000000000,Solved
G?`cuS,10,4,4.0000000012,0.0000000012,1.0000000003,Solved
G?`cuW,10,4,3.9999999997,-0.0000000003,0.9999999999,Solved
G?`cu[,11,4,4.0000000005,0.0000000005,1.0000000001,Solved
G?`cug,10,4,3.9999999999,-0.0000000001,1.0000000000,Solved
G?`cuk,11,4,4.0000000008,0.0000000008,1.0000000002,Solved
G?`cuo,10,4,4.0000000002,0.0000000002,1.0000000000,Solved
G?`cus,11,4,4.0000000001,0.0000000001,1.0000000000,Solved
G?`cuw,11,4,4.0000000005,0.0000000005,1.0000000001,Solved
G?`cu{,12,4,4.0000000002,0.0000000002,1.0000000000,Solved
G?`cvC,10,4,4.0000000016,0.0000000016,1.0000000004,Solved
G?`cvG,10,4,4.0000000001,0.0000000001,1.0000000000,Solved
G?`cvK,11,4,4.0000000000,0.0000000000,1.0000000000,Solved
G?`cvO,10,4,4.0000000008,0.0000000008,1.0000000002,Solved
G?`cvS,11,4,4.0000000000,0.0000000000,1.0000000000,Solved
G?`cvW,11,4,4.0000000004,0.0000000004,1.0000000001,Solved
G?`cv[,12,4,4.0000000002,0.0000000002,1.0000000001,Solved
G?`cv_,10,4,4.0000000002,0.0000000002,1.0000000000,Solved
G?`cvc,11,4,4.0000000003,0.0000000003,1.0000000001,Solved
G?`cvg,11,4,3.9999999987,-0.0000000013,0.9999999997,Solved
G?`cvk,12,4,4.0000000008,0.0000000008,1.0000000002,Solved
G?`cvo,11,4,4.0000000009,0.0000000009,1.0000000002,Solved
G?`cvs,12,4,4.0000000010,0.0000000010,1.0000000003,Solved
G?`cvw,12,4,4.0000000010,0.0000000010,1.0000000002,Solved
G?`cv{,13,4,4.0000000002,0.0000000002,1.0000000000,Solved
G?`c{{,12,4,4.0000000002,0.0000000002,1.0000000001,Solved
G?`c}[,12,4,4.0000000001,0.0000000001,1.0000000000,Solved
G?`c}o,11,4,4.0000000017,0.0000000017,1.0000000004,Solved
G?`c}s,12,4,4.0000000007,0.0000000007,1.0000000002,Solved
G?`c}w,12,4,4.0000000006,0.0000000006,1.0000000002,Solved
G?`c}{,13,4,4.0000000024,0.0000000024,1.0000000006,Solved
G?`c~K,12,4,3.9999999999,-0.0000000001,1.0000000000,Solved
G?`c~O,11,4,4.0000000003,0.0000000003,1.0000000001,Solved
G?`c~S,12,4,4.0000000008,0.0000000008,1.0000000002,Solved
G?`c~W,12,4,4.0000000004,0.0000000004,1.0000000001,Solved
G?`c~[,13,4,4.0000000011,0.0000000011,1.0000000003,Solved
G?`c~_,11,4,4.0000000041,0.0000000041,1.0000000010,Solved
G?`c~c,12,4,4.0000000027,0.0000000027,1.0000000007,Solved
G?`c~g,12,4,4.0000000016,0.0000000016,1.0000000004,Solved
G?`c~k,13,4,4.0000000029,0.0000000029,1.0000000007,Solved
G?`c~o,12,4,4.0000000004,0.0000000004,1.0000000001,Solved
G?`c~s,13,4,4.0000000016,0.0000000016,1.0000000004,Solved
G?`c~w,13,4,4.0000000019,0.0000000019,1.0000000005,Solved
G?`c~{,14,4,4.0000000006,0.0000000006,1.0000000001,Solved
G?`eHs,10,4,4.0000000005,0.0000000005,1.0000000001,Solved
G?`eH{,11,4,4.0000000002,0.0000000002,1.0000000000,Solved
G?`eIs,10,4,4.0000000021,0.0000000021,1.0000000005,Solved
G?`eIw,10,4,4.0000000003,0.0000000003,1.0000000001,Solved
G?`eI{,11,4,4.0000000005,0.0000000005,1.0000000001,Solved
G?`eJk,11,4,4.0000000028,0.0000000028,1.0000000007,Solved
G?`eJo,10,4,4.0000000012,0.0000000012,1.0000000003,Solved
G?`eJs,11,4,4.0000000012,0.0000000012,1.0000000003,Solved
G?`eJw,11,4,4.0000000058,0.0000000058,1.0000000015,Solved
G?`eJ{,12,4,4.0000000020,0.0000000020,1.0000000005,Solved
G?`eKs,10,4,4.0000000001,0.0000000001,1.0000000000,Solved
G?`eKw,10,4,4.0000000003,0.0000000003,1.0000000001,Solved
G?`eK{,11,4,4.0000000003,0.0000000003,1.0000000001,Solved
G?`eLc,10,4,4.0000000004,0.0000000004,1.0000000001,Solved
G?`eLk,11,4,4.0000000009,0.0000000009,1.0000000002,Solved
G?`eLo,10,4,4.0000000022,0.0000000022,1.0000000005,Solved
G?`eLs,11,4,4.0000000009,0.0000000009,1.0000000002,Solved
G?`eLw,11,4,4.0000000012,0.0000000012,1.0000000003,Solved
G?`eL{,12,4,4.0000000019,0.0000000019,1.0000000005,Solved
G?`eMc,10,4,4.0000000030,0.0000000030,1.0000000007,Solved
G?`eMk,11,4,4.0000000067,0.0000000067,1.0000000017,Solved
G?`eMo,10,4,4.0000000004,0.0000000004,1.0000000001,Solved
G?`eMs,11,4,4.0000000004,0.0000000004,1.0000000001,Solved
G?`eMw,11,4,4.0000000022,0.0000000022,1.0000000005,Solved
G?`eM{,12,4,4.0000000021,0.0000000021,1.0000000005,Solved
G?`eN_,10,4,4.0000000033,0.0000000033,1.0000000008,Solved
G?`eNc,11,4,4.0000000022,0.0000000022,1.0000000006,Solved
G?`eNg,11,4,4.0000000013,0.0000000013,1.0000000003,Solved
G?`eNk,12,4,4.0000000015,0.0000000015,1.0000000004,Solved
G?`eNo,11,4,4.0000000035,0.0000000035,1.0000000009,Solved
G?`eNs,12,4,4.0000000045,0.0000000045,1.0000000011,Solved
G?`eNw,12,4,4.0000000029,0.0000000029,1.0000000007,Solved
G?`eN{,13,4,4.0000000032,0.0000000032,1.0000000008,Solved
G?`ePg,9,4,4.0000000001,0.0000000001,1.0000000000,Solved
G?`eRg,10,4,4.0000000006,0.0000000006,1.0000000002,Solved
G?`eRk,11,4,4.0000000012,0.0000000012,1.0000000003,Solved
G?`eSw,10,4,4.0000000002,0.0000000002,1.0000000000,Solved
G?`eS{,11,4,4.0000000007,0.0000000007,1.0000000002,Solved
G?`eTg,10,4,4.0000000003,0.0000000003,1.0000000001,Solved
G?`eTk,11,4,4.0000000001,0.0000000001,1.0000000000,Solved
G?`eTo,10,4,4.0000000000,-0.0000000000,1.0000000000,Solved
G?`eTs,11,4,4.0000000002,0.0000000002,1.0000000001,Solved
G?`eTw,11,4,4.0000000004,0.0000000004,1.0000000001,Solved
G?`eT{,12,4,4.0000000002,0.0000000002,1.0000000001,Solved
G?`eUg,10,4,4.0000000021,0.0000000021,1.0000000005,Solved
G?`eUk,11,4,4.0000000008,0.0000000008,1.0000000002,Solved
G?`eUo,10,4,4.0000000000,0.0000000000,1.0000000000,Solved
G?`eUs,11,4,3.9999999999,-0.0000000001,1.0000000000,Solved
G?`eUw,11,4,4.0000000001,0.0000000001,1.0000000000,Solved
G?`eU{,12,4,4.0000000005,0.0000000005,1.0000000001,Solved
G?`eV_,10,4,4.0000000001,0.0000000001,1.0000000000,Solved
G?`eVc,11,4,4.0000000004,0.0000000004,1.0000000001,Solved
G?`eVg,11,4,3.9999999996,-0.0000000004,0.9999999999,Solved
G?`eVk,12,4,4.0000000004,0.0000000004,1.0000000001,Solved
G?`eVo,11,4,4.0000000000,-0.0000000000,1.0000000000,Solved
G?`eVs,12,4,4.0000000002,0.0000000002,1.0000000000,Solved
G?`eVw,12,4,3.9999999998,-0.0000000002,1.0000000000,Solved
G?`eV{,13,4,4.0000000002,0.0000000002,1.0000000001,Solved
G?`e\o,11,4,4.0000000002,0.0000000002,1.0000000000,Solved
G?`e\s,12,4,4.0000000009,0.0000000009,1.0000000002,Solved
G?`e\w,12,4,4.0000000029,0.0000000029,1.0000000007,Solved
G?`e\{,13,4,4.0000000009,0.0000000009,1.0000000002,Solved
G?`e]o,11,4,4.0000000004,0.0000000004,1.0000000001,Solved
G?`e]s,12,4,4.0000000008,0.0000000008,1.0000000002,Solved
G?`e]w,12,4,4.0000000027,0.0000000027,1.0000000007,Solved
G?`e]{,13,4,4.0000000006,0.0000000006,1.0000000002,Solved
G?`e^g,12,4,4.0000000002,0.0000000002,1.0000000000,Solved
G?`e^k,13,4,4.0000000032,0.0000000032,1.0000000008,Solved
G?`e^o,12,4,4.0000000005,0.0000000005,1.0000000001,Solved
G?`e^s,13,4,4.0000000016,0.0000000016,1.0000000004,Solved
G?`e^w,13,4,4.0000000002,0.0000000002,1.0000000000,Solved
G?`e^{,14,4,3.9999999992,-0.0000000008,0.9999999998,Solved
G?`e_w,9,4,4.0000000006,0.0000000006,1.0000000002,Solved
G?`e`W,9,4,4.0000000010,0.0000000010,1.0000000002,Solved
G?`e`g,9,4,3.9999999996,-0.0000000004,0.9999999999,Solved
G?`e`o,9,4,4.0000000029,0.0000000029,1.0000000007,Solved
G?`e`s,10,4,4.0000000017,0.0000000017,1.0000000004,Solved
G?`e`w,10,4,3.9999999998,-0.0000000002,1.0000000000,Solved
G?`e`{,11,4,3.9999999999,-0.0000000001,1.0000000000,Solved
G?`eas,10,4,4.0000000020,0.0000000020,1.0000000005,Solved
G?`eaw,10,4,4.0000000020,0.0000000020,1.0000000005,Solved
G?`ea{,11,4,4.0000000004,0.0000000004,1.0000000001,Solved
G?`ebS,10,4,4.0000000009,0.0000000009,1.0000000002,Solved
G?`ebW,10,4,4.0000000001,0.0000000001,1.0000000000,Solved
G?`eb[,11,4,4.0000000011,0.0000000011,1.0000000003,Solved
G?`ebg,10,4,4.0000000007,0.0000000007,1.0000000002,Solved
G?`ebk,11,4,4.0000000003,0.0000000003,1.0000000001,Solved
G?`ebo,10,4,4.0000000007,0.0000000007,1.0000000002,Solved
G?`ebs,11,4,4.0000000011,0.0000000011,1.0000000003,Solved
G?`ebw,11,4,4.0000000010,0.0000000010,1.0000000003,Solved
G?`eb{,12,4,4.0000000015,0.0000000015,1.0000000004,Solved
G?`ecW,9,4,4.0000000017,0.0000000017,1.0000000004,Solved
G?`ec[,10,4,4.0000000023,0.0000000023,1.0000000006,Solved
G?`ecg,9,4,4.0000000003,0.0000000003,1.0000000001,Solved
G?`ecs,10,4,3.9999999998,-0.0000000002,1.0000000000,Solved
G?`ecw,10,4,4.0000000015,0.0000000015,1.0000000004,Solved
G?`ec{,11,4,4.0000000000,-0.0000000000,1.0000000000,Solved
G?`edG,9,4,4.0000000003,0.0000000003,1.0000000001,Solved
G?`edS,10,4,4.0000000004,0.0000000004,1.0000000001,Solved
G?`edW,10,4,4.0000000007,0.0000000007,1.0000000002,Solved
G?`ed[,11,4,4.0000000008,0.0000000008,1.0000000002,Solved
G?`edc,10,4,4.0000000008,0.0000000008,1.0000000002,Solved
G?`edg,10,4,4.0000000000,0.0000000000,1.0000000000,Solved
G?`edk,11,4,4.0000000000,0.0000000000,1.0000000000,Solved
G?`edo,10,4,4.0000000003,0.0000000003,1.0000000001,Solved
G?`eds,11,4,4.0000000027,0.0000000027,1.0000000007,Solved
G?`edw,11,4,4.0000000026,0.0000000026,1.0000000007,Solved
G?`ed{,12,4,4.0000000004,0.0000000004,1.0000000001,Solved
G?`eeG,9,4,4.0000000054,0.0000000054,1.0000000013,Solved
G?`eeS,10,4,4.0000000002,0.0000000002,1.0000000001,Solved
G?`eeW,10,4,3.9999999997,-0.0000000003,0.9999999999,Solved
G?`ee[,11,4,4.0000000002,0.0000000002,1.0000000001,Solved
G?`eec,10,4,4.0000000009,0.0000000009,1.0000000002,Solved
G?`eeg,10,4,4.0000000016,0.0000000016,1.0000000004,Solved
G?`eek,11,4,4.0000000014,0.0000000014,1.0000000004,Solved
G?`eeo,10,4,3.9999999999,-0.0000000001,1.0000000000,Solved
G?`ees,11,4,4.0000000015,0.0000000015,1.0000000004,Solved
G?`eew,11,4,4.0000000004,0.0000000004,1.0000000001,Solved
G?`ee{,12,4,4.0000000005,0.0000000005,1.0000000001,Solved
G?`ef?,9,4,4.0000000012,0.0000000012,1.0000000003,Solved
G?`efC,10,4,4.0000000005,0.0000000005,1.0000000001,Solved
G?`efG,10,4,4.0000000014,0.0000000014,1.0000000004,Solved
G?`efK,11,4,4.0000000000,0.0000000000,1.0000000000,Solved
G?`efO,10,4,4.0000000015,0.0000000015,1.0000000004,Solved
G?`efS,11,4,3.9999999997,-0.0000000003,0.9999999999,Solved
G?`efW,11,4,4.0000000016,0.0000000016,1.0000000004,Solved
G?`ef[,12,4,4.0000000018,0.0000000018,1.0000000005,Solved
G?`ef_,10,4,4.0000000004,0.0000000004,1.0000000001,Solved
G?`efc,11,4,4.0000000003,0.0000000003,1.0000000001,Solved
G?`efg,11,4,4.0000000021,0.0000000021,1.0000000005,Solved
G?`efk,12,4,4.0000000024,0.0000000024,1.0000000006,Solved
G?`efo,11,4,4.0000000015,0.0000000015,1.0000000004,Solved
G?`efs,12,4,4.0000000018,0.0000000018,1.0000000005,Solved
G?`efw,12,4,4.0000000024,0.0000000024,1.0000000006,Solved
G?`ef{,13,4,4.0000000016,0.0000000016,1.0000000004,Solved
G?`eh{,12,4,4.0000000013,0.0000000013,1.0000000003,Solved
G?`ei{,12,4,4.0000000014,0.0000000014,1.0000000004,Solved
G?`ej[,12,4,4.0000000006,0.0000000006,1.0000000002,Solved
G?`ejo,11,4,3.9999999995,-0.0000000005,0.9999999999,Solved
G?`ejs,12,4,4.0000000003,0.0000000003,1.0000000001,Solved
G?`ejw,12,4,4.0000000005,0.0000000005,1.0000000001,Solved
G?`ej{,13,4,4.0000000000,-0.0000000000,1.0000000000,Solved
G?`ek{,12,4,4.0000000003,0.0000000003,1.0000000001,Solved
G?`el[,12,4,4.0000000002,0.0000000002,1.0000000000,Solved
G?`elk,12,4,4.0000000002,0.0000000002,1.0000000001,Solved
G?`elo,11,4,4.0000000001,0.0000000001,1.0000000000,Solved
G?`els,12,4,4.0000000002,0.0000000002,1.0000000001,Solved
G?`elw,12,4,4.0000000001,0.0000000001,1.0000000000,Solved
G?`el{,13,4,4.0000000007,0.0000000007,1.0000000002,Solved
G?`em[,12,4,4.0000000010,0.0000000010,1.0000000002,Solved
G?`emk,12,4,4.0000000003,0.0000000003,1.0000000001,Solved
G?`emo,11,4,3.9999999997,-0.0000000003,0.9999999999,Solved
G?`ems,12,4,3.9999999998,-0.0000000002,1.0000000000,Solved
G?`emw,12,4,4.0000000005,0.0000000005,1.0000000001,Solved
G?`em{,13,4,4.0000000007,0.0000000007,1.0000000002,Solved
G?`enK,12,4,4.0000000010,0.0000000010,1.0000000002,Solved
G?`enO,11,4,3.9999999996,-0.0000000004,0.9999999999,Solved
G?`enS,12,4,4.0000000008,0.0000000008,1.0000000002,Solved
G?`enW,12,4,4.0000000002,0.0000000002,1.0000000001,Solved
G?`en[,13,4,4.0000000000,0.0000000000,1.0000000000,Solved
G?`en_,11,4,4.0000000001,0.0000000001,1.0000000000,Solved
G?`enc,12,4,4.0000000012,0.0000000012,1.0000000003,Solved
G?`eng,12,4,4.0000000001,0.0000000001,1.0000000000,Solved
G?`enk,13,4,3.9999999999,-0.0000000001,1.0000000000,Solved
G?`eno,12,4,3.9999999997,-0.0000000003,0.9999999999,Solved
G?`ens,13,4,4.0000000001,0.0000000001,1.0000000000,Solved
G?`enw,13,4,3.9999999997,-0.0000000003,0.9999999999,Solved
G?`en{,14,4,3.9999999997,-0.0000000003,0.9999999999,Solved
G?`eto,11,4,4.0000000027,0.0000000027,1.0000000007,Solved
G?`ets,12,4,4.0000000011,0.0000000011,1.0000000003,Solved
G?`etw,12,4,4.0000000003,0.0000000003,1.0000000001,Solved
G?`et{,13,4,4.0000000013,0.0000000013,1.0000000003,Solved
G?`euo,11,4,3.9999999999,-0.0000000001,1.0000000000,Solved
G?`eus,12,4,4.0000000001,0.0000000001,1.0000000000,Solved
G?`euw,12,4,4.0000000007,0.0000000007,1.0000000002,Solved
G?`eu{,13,4,4.0000000019,0.0000000019,1.0000000005,Solved
G?`evO,11,4,4.0000000001,0.0000000001,1.0000000000,Solved
G?`evS,12,4,4.0000000005,0.0000000005,1.0000000001,Solved
G?`evW,12,4,3.9999999998,-0.0000000002,0.9999999999,Solved
G?`ev[,13,4,4.0000000026,0.0000000026,1.0000000006,Solved
G?`evg,12,4,4.0000000012,0.0000000012,1.0000000003,Solved
G?`evk,13,4,4.0000000020,0.0000000020,1.0000000005,Solved
G?`evo,12,4,4.0000000032,0.0000000032,1.0000000008,Solved
G?`evs,13,4,4.0000000014,0.0000000014,1.0000000003,Solved
G?`evw,13,4,4.0000000018,0.0000000018,1.0000000004,Solved
G?`ev{,14,4,4.0000000014,0.0000000014,1.0000000003,Solved
G?`e|w,13,4,4.0000000011,0.0000000011,1.0000000003,Solved
G?`e|{,14,4,4.0000000003,0.0000000003,1.0000000001,Solved
G?`e}w,13,4,4.0000000017,0.0000000017,1.0000000004,Solved
G?`e}{,14,4,4.0000000014,0.0000000014,1.0000000004,Solved
G?`e~W,13,4,4.0000000001,0.0000000001,1.0000000000,Solved
G?`e~[,14,4,4.0000000006,0.0000000006,1.0000000001,Solved
G?`e~o,13,4,4.0000000002,0.0000000002,1.0000000000,Solved
G?`e~s,14,4,4.0000000005,0.0000000005,1.0000000001,Solved
G?`e~w,14,4,4.0000000010,0.0000000010,1.0000000003,Solved
G?`e~{,15,4,4.0000000010,0.0000000010,1.0000000002,Solved
G?`f?w,9,4,4.0000000034,0.0000000034,1.0000000009,Solved
G?`fAw,10,4,4.0000000033,0.0000000033,1.0000000008,Solved
G?`fA{,11,4,4.0000000008,0.0000000008,1.0000000002,Solved
G?`fBg,10,4,4.0000000049,0.0000000049,1.0000000012,Solved
G?`fBk,11,4,4.0000000032,0.0000000032,1.0000000008,Solved
G?`fBo,10,4,4.0000000019,0.0000000019,1.0000000005,Solved
G?`fBs,11,4,4.0000000017,0.0000000017,1.0000000004,Solved
G?`fBw,11,4,4.0000000003,0.0000000003,1.0000000001,Solved
G?`fB{,12,4,4.0000000017,0.0000000017,1.0000000004,Solved
G?`fCg,9,4,4.0000000007,0.0000000007,1.0000000002,Solved
G?`fCw,10,4,4.0000000015,0.0000000015,1.0000000004,Solved
G?`fC{,11,4,4.0000000004,0.0000000004,1.0000000001,Solved
G?`fEg,10,4,4.0000000028,0.0000000028,1.0000000007,Solved
G?`fEk,11,4,4.0000000003,0.0000000003,1.0000000001,Solved
G?`fEo,10,4,4.0000000025,0.0000000025,1.0000000006,Solved
G?`fEs,11,4,4.0000000012,0.0000000012,1.0000000003,Solved
G?`fEw,11,4,4.0000000030,0.0000000030,1.0000000008,Solved
G?`fE{,12,4,4.0000000015,0.0000000015,1.0000000004,Solved
G?`fF_,10,4,4.0000000009,0.0000000009,1.0000000002,Solved
G?`fFc,11,4,4.0000000019,0.0000000019,1.0000000005,Solved
G?`fFg,11,4,4.0000000056,0.0000000056,1.0000000014,Solved
G?`fFk,12,4,4.0000000019,0.0000000019,1.0000000005,Solved
G?`fFo,11,4,4.0000000032,0.0000000032,1.0000000008,Solved
G?`fFs,12,4,4.0000000008,0.0000000008,1.0000000002,Solved
G?`fFw,12,4,4.0000000014,0.0000000014,1.0000000003,Solved
G?`fF{,13,4,4.0000000020,0.0000000020,1.0000000005,Solved
G?`fJo,11,4,4.0000000008,0.0000000008,1.0000000002,Solved
G?`fJs,12,4,3.9999999996,-0.0000000004,0.9999999999,Solved
G?`fJw,12,4,3.9999999991,-0.0000000009,0.9999999998,Solved
G?`fJ{,13,4,3.9999999998,-0.0000000002,0.9999999999,Solved
G?`fMo,11,4,4.0000000005,0.0000000005,1.0000000001,Solved
G?`fMs,12,4,3.9999999997,-0.0000000003,0.9999999999,Solved
G?`fMw,12,4,4.0000000003,0.0000000003,1.0000000001,Solved
G?`fM{,13,4,4.0000000001,0.0000000001,1.0000000000,Solved
G?`fN_,11,4,4.0000000003,0.0000000003,1.0000000001,Solved
G?`fNc,12,4,4.0000000005,0.0000000005,1.0000000001,Solved
G?`fNg,12,4,4.0000000002,0.0000000002,1.0000000001,Solved
G?`fNk,13,4,3.9999999998,-0.0000000002,0.9999999999,Solved
G?`fNo,12,4,4.0000000002,0.0000000002,1.0000000000,Solved
G?`fNs,13,4,4.0000000002,0.0000000002,1.0000000001,Solved
G?`fNw,13,4,3.9999999999,-0.0000000001,1.0000000000,Solved
G?`fN{,14,4,3.9999999998,-0.0000000002,1.0000000000,Solved
G?`fUw,12,4,4.0000000018,0.0000000018,1.0000000005,Solved
G?`fU{,13,4,3.9999999999,-0.0000000001,1.0000000000,Solved
G?`fVg,12,4,3.9999999995,-0.0000000005,0.9999999999,Solved
G?`fVk,13,4,3.9999999999,-0.0000000001,1.0000000000,Solved
G?`fVo,12,4,4.0000000005,0.0000000005,1.0000000001,Solved
G?`fVs,13,4,4.0000000002,0.0000000002,1.0000000001,Solved
G?`fVw,13,4,4.0000000006,0.0000000006,1.0000000002,Solved
G?`fV{,14,4,4.0000000011,0.0000000011,1.0000000003,Solved
G?`f^o,13,4,4.0000000023,0.0000000023,1.0000000006,Solved
G?`f^s,14,4,4.0000000003,0.0000000003,1.0000000001,Solved
G?`f^w,14,4,4.0000000045,0.0000000045,1.0000000011,Solved
G?`f^{,15,4,4.0000000049,0.0000000049,1.0000000012,Solved
G?`fbo,11,4,4.0000000047,0.0000000047,1.0000000012,Solved
G?`fbs,12,4,4.0000000006,0.0000000006,1.0000000002,Solved
G?`fbw,12,4,4.0000000012,0.0000000012,1.0000000003,Solved
G?`fb{,13,4,3.9999999999,-0.0000000001,1.0000000000,Solved
G?`feW,11,4,4.0000000002,0.0000000002,1.0000000001,Solved
G?`fe[,12,4,4.0000000008,0.0000000008,1.0000000002,Solved
G?`feo,11,4,4.0000000010,0.0000000010,1.0000000003,Solved
G?`fes,12,4,3.9999999993,-0.0000000007,0.9999999998,Solved
G?`few,12,4,3.9999999993,-0.0000000007,0.9999999998,Solved
G?`fe{,13,4,4.0000000000,0.0000000000,1.0000000000,Solved
G?`ffO,11,4,4.0000000002,0.0000000002,1.0000000000,Solved
G?`ffS,12,4,3.9999999996,-0.0000000004,0.9999999999,Solved
G?`ffW,12,4,3.9999999997,-0.0000000003,0.9999999999,Solved
G?`ff[,13,4,4.0000000006,0.0000000006,1.0000000002,Solved
G?`ff_,11,4,4.0000000006,0.0000000006,1.0000000001,Solved
G?`ffc,12,4,4.0000000004,0.0000000004,1.0000000001,Solved
G?`ffg,12,4,4.0000000008,0.0000000008,1.0000000002,Solved
G?`ffk,13,4,3.9999999999,-0.0000000001,1.0000000000,Solved
G?`ffo,12,4,4.0000000001,0.0000000001,1.0000000000,Solved
G?`ffs,13,4,4.0000000000,0.0000000000,1.0000000000,Solved
G?`ffw,13,4,4.0000000001,0.0000000001,1.0000000000,Solved
G?`ff{,14,4,4.0000000000,0.0000000000,1.0000000000,Solved
G?`fjw,13,4,4.0000000007,0.0000000007,1.0000000002,Solved
G?`fj{,14,4,4.0000000021,0.0000000021,1.0000000005,Solved
G?`fmw,13,4,4.0000000002,0.0000000002,1.0000000000,Solved
G?`fm{,14,4,3.9999999991,-0.0000000009,0.9999999998,Solved
G?`fnW,13,4,4.0000000000,0.0000000000,1.0000000000,Solved
G?`fn[,14,4,4.0000000001,0.0000000001,1.0000000000,Solved
G?`fng,13,4,3.9999999998,-0.0000000002,0.9999999999,Solved
G?`fnk,14,4,4.0000000001,0.0000000001,1.0000000000,Solved
G?`fno,13,4,4.0000000000,0.0000000000,1.0000000000,Solved
G?`fns,14,4,4.0000000001,0.0000000001,1.0000000000,Solved
G?`fnw,14,4,3.9999999990,-0.0000000010,0.9999999997,Solved
G?`fn{,15,4,3.9999999993,-0.0000000007,0.9999999998,Solved
G?`fvo,13,4,4.0000000002,0.0000000002,1.0000000001,Solved
G?`fvs,14,4,4.0000000016,0.0000000016,1.0000000004,Solved
G?`fvw,14,4,4.0000000023,0.0000000023,1.0000000006,Solved
G?`fv{,15,4,4.0000000024,0.0000000024,1.0000000006,Solved
G?`f~w,15,4,4.0000000005,0.0000000005,1.0000000001,Solved
G?`f~{,16,4,4.0000000004,0.0000000004,1.0000000001,Solved
G?`rc[,11,4,4.0000000002,0.0000000002,1.0000000000,Solved
G?`reK,11,4,4.0000000054,0.0000000054,1.0000000013,Solved
G?`reW,11,4,4.0000000002,0.0000000002,1.0000000001,Solved
G?`re[,12,4,4.0000000001,0.0000000001,1.0000000000,Solved
G?`rfG,11,4,4.0000000017,0.0000000017,1.0000000004,Solved
G?`rfK,12,4,4.0000000007,0.0000000007,1.0000000002,Solved
G?`rfO,11,4,4.0000000009,0.0000000009,1.0000000002,Solved
G?`rfW,12,4,4.0000000014,0.0000000014,1.0000000004,Solved
G?`rf[,13,4,4.0000000011,0.0000000011,1.0000000003,Solved
G?`rf_,11,4,4.0000000009,0.0000000009,1.0000000002,Solved
G?`rfg,12,4,4.0000000006,0.0000000006,1.0000000001,Solved
G?`rfk,13,4,3.9999999999,-0.0000000001,1.0000000000,Solved
G?`rfo,12,4,4.0000000007,0.0000000007,1.0000000002,Solved
G?`rfw,13,4,4.0000000003,0.0000000003,1.0000000001,Solved
G?`rf{,14,4,4.0000000007,0.0000000007,1.0000000002,Solved
G?`rm[,13,4,4.0000000002,0.0000000002,1.0000000000,Solved
G?`rnK,13,4,3.9999999999,-0.0000000001,1.0000000000,Solved
G?`rnW,13,4,4.0000000011,0.0000000011,1.0000000003,Solved
G?`rn[,14,4,4.0000000007,0.0000000007,1.0000000002,Solved
G?`rng,13,4,4.0000000000,0.0000000000,1.0000000000,Solved
G?`rnk,14,4,3.9999999995,-0.0000000005,0.9999999999,Solved
G?`rno,13,4,4.0000000000,-0.0000000000,1.0000000000,Solved
G?`rnw,14,4,4.0000000003,0.0000000003,1.0000000001,Solved
G?`rn{,15,4,4.0000000029,0.0000000029,1.0000000007,Solved
G?`uPk,11,4,4.0000000031,0.0000000031,1.0000000008,Solved
G?`uRK,11,4,4.0000000006,0.0000000006,1.0000000001,Solved
G?`uRg,11,4,4.0000000001,0.0000000001,1.0000000000,Solved
G?`uRk,12,4,4.0000000002,0.0000000002,1.0000000000,Solved
G?`uS[,11,4,4.0000000049,0.0000000049,1.0000000012,Solved
G?`uTK,11,4,4.0000000039,0.0000000039,1.0000000010,Solved
G?`uTS,11,4,4.0000000000,0.0000000000,1.0000000000,Solved
G?`uTW,11,4,4.0000000000,0.0000000000,1.0000000000,Solved
G?`uT[,12,4,4.0000000001,0.0000000001,1.0000000000,Solved
G?`uTg,11,4,3.9999999999,-0.0000000001,1.0000000000,Solved
G?`uTk,12,4,4.0000000006,0.0000000006,1.0000000002,Solved
G?`uTo,11,4,4.0000000002,0.0000000002,1.0000000001,Solved
G?`uTs,12,4,4.0000000007,0.0000000007,1.0000000002,Solved
G?`uTw,12,4,4.0000000003,0.0000000003,1.0000000001,Solved
G?`uT{,13,4,4.0000000000,0.0000000000,1.0000000000,Solved
G?`uUK,11,4,4.0000000013,0.0000000013,1.0000000003,Solved
G?`uUS,11,4,3.9999999994,-0.0000000006,0.9999999998,Solved
G?`uUW,11,4,4.0000000010,0.0000000010,1.0000000003,Solved
G?`uU[,12,4,4.0000000021,0.0000000021,1.0000000005,Solved
G?`uVG,11,4,3.9999999994,-0.0000000006,0.9999999998,Solved
G?`uVK,12,4,4.0000000006,0.0000000006,1.0000000001,Solved
G?`uVO,11,4,4.0000000000,0.0000000000,1.0000000000,Solved
G?`uVS,12,4,4.0000000004,0.0000000004,1.0000000001,Solved
G?`uVW,12,4,4.0000000005,0.0000000005,1.0000000001,Solved
G?`uV[,13,4,4.0000000008,0.0000000008,1.0000000002,Solved
G?`uV_,11,4,4.0000000005,0.0000000005,1.0000000001,Solved
G?`uVc,12,4,4.0000000012,0.0000000012,1.0000000003,Solved
G?`uVg,12,4,4.0000000016,0.0000000016,1.0000000004,Solved
G?`uVk,13,4,4.0000000003,0.0000000003,1.0000000001,Solved
G?`uVo,12,4,4.0000000005,0.0000000005,1.0000000001,Solved
G?`uVs,13,4,4.0000000000,0.0000000000,1.0000000000,Solved
G?`uVw,13,4,4.0000000001,0.0000000001,1.0000000000,Solved
G?`uV{,14,4,4.0000000011,0.0000000011,1.0000000003,Solved
G?`u\[,13,4,4.0000000000,0.0000000000,1.0000000000,Solved
G?`u\s,13,4,4.0000000003,0.0000000003,1.0000000001,Solved
G?`u\w,13,4,4.0000000001,0.0000000001,1.0000000000,Solved
G?`u\{,14,4,4.0000000000,0.0000000000,1.0000000000,Solved
G?`u][,13,4,4.0000000006,0.0000000006,1.0000000002,Solved
G?`u^S,13,4,4.0000000001,0.0000000001,1.0000000000,Solved
G?`u^W,13,4,4.0000000000,-0.0000000000,1.0000000000,Solved
G?`u^[,14,4,4.0000000000,0.0000000000,1.0000000000,Solved
G?`u^c,13,4,3.9999999999,-0.0000000001,1.0000000000,Solved
G?`u^g,13,4,3.9999999988,-0.0000000012,0.9999999997,Solved
G?`u^k,14,4,4.0000000001,0.0000000001,1.0000000000,Solved
G?`u^o,13,4,4.0000000000,0.0000000000,1.0000000000,Solved
G?`u^s,14,4,4.0000000001,0.0000000001,1.0000000000,Solved
G?`u^w,14,4,4.0000000001,0.0000000001,1.0000000000,Solved
G?`u^{,15,4,4.0000000000,-0.0000000000,1.0000000000,Solved
G?`v?{,11,4,4.0000000022,0.0000000022,1.0000000005,Solved
G?`vA[,11,4,4.0000000024,0.0000000024,1.0000000006,Solved
G?`vAk,11,4,4.0000000004,0.0000000004,1.0000000001,Solved
G?`vAs,11,4,4.0000000001,0.0000000001,1.0000000000,Solved
G?`vA{,12,4,4.0000000004,0.0000000004,1.0000000001,Solved
G?`vBK,11,4,3.9999999991,-0.0000000009,0.9999999998,Solved
G?`vBS,11,4,4.0000000009,0.0000000009,1.0000000002,Solved
G?`vBW,11,4,4.0000000011,0.0000000011,1.0000000003,Solved
G?`vB[,12,4,3.9999999997,-0.0000000003,0.9999999999,Solved
G?`vBg,11,4,3.9999999999,-0.0000000001,1.0000000000,Solved
G?`vBk,12,4,4.0000000019,0.0000000019,1.0000000005,Solved
G?`vBo,11,4,4.0000000010,0.0000000010,1.0000000002,Solved
G?`vBs,12,4,4.0000000010,0.0000000010,1.0000000002,Solved
G?`vBw,12,4,4.0000000003,0.0000000003,1.0000000001,Solved
G?`vB{,13,4,4.0000000022,0.0000000022,1.0000000005,Solved
G?`vC[,11,4,4.0000000002,0.0000000002,1.0000000001,Solved
G?`vCk,11,4,4.0000000024,0.0000000024,1.0000000006,Solved
G?`vCs,11,4,4.0000000001,0.0000000001,1.0000000000,Solved
G?`vC{,12,4,4.0000000006,0.0000000006,1.0000000001,Solved
G?`vEK,11,4,4.0000000006,0.0000000006,1.0000000001,Solved
G?`vES,11,4,4.0000000002,0.0000000002,1.0000000000,Solved
G?`vE[,12,4,4.0000000000,0.0000000000,1.0000000000,Solved
G?`vEc,11,4,3.9999999998,-0.0000000002,0.9999999999,Solved
G?`vEk,12,4,4.0000000003,0.0000000003,1.0000000001,Solved
G?`vEo,11,4,4.0000000007,0.0000000007,1.0000000002,Solved
G?`vEs,12,4,3.9999999994,-0.0000000006,0.9999999998,Solved
G?`vEw,12,4,4.0000000000,-0.0000000000,1.0000000000,Solved
G?`vE{,13,4,4.0000000002,0.0000000002,1.0000000001,Solved
G?`vF?,10,4,4.0000000028,0.0000000028,1.0000000007,Solved
G?`vFC,11,4,3.9999999991,-0.0000000009,0.9999999998,Solved
G?`vFK,12,4,4.0000000009,0.0000000009,1.0000000002,Solved
G?`vFO,11,4,3.9999999982,-0.0000000018,0.9999999995,Solved
G?`vFS,12,4,4.0000000002,0.0000000002,1.0000000001,Solved
G?`vFW,12,4,4.0000000012,0.0000000012,1.0000000003,Solved
G?`vF[,13,4,3.9999999999,-0.0000000001,1.0000000000,Solved
G?`vF_,11,4,4.0000000078,0.0000000078,1.0000000019,Solved
G?`vFc,12,4,4.0000000001,0.0000000001,1.0000000000,Solved
G?`vFg,12,4,3.9999999994,-0.0000000006,0.9999999998,Solved
G?`vFk,13,4,4.0000000004,0.0000000004,1.0000000001,Solved
G?`vFo,12,4,4.0000000007,0.0000000007,1.0000000002,Solved
G?`vFs,13,4,4.0000000014,0.0000000014,1.0000000004,Solved
G?`vFw,13,4,4.0000000010,0.0000000010,1.0000000003,Solved
G?`vF{,14,4,4.0000000003,0.0000000003,1.0000000001,Solved
G?`vI{,13,4,4.0000000012,0.0000000012,1.0000000003,Solved
G?`vJ[,13,4,4.0000000002,0.0000000002,1.0000000001,Solved
G?`vJs,13,4,4.0000000003,0.0000000003,1.0000000001,Solved
G?`vJw,13,4,4.0000000001,0.0000000001,1.0000000000,Solved
G?`vJ{,14,4,4.0000000002,0.0000000002,1.0000000000,Solved
G?`vK{,13,4,4.0000000005,0.0000000005,1.0000000001,Solved
G?`vM[,13,4,4.0000000000,-0.0000000000,1.0000000000,Solved
G?`vMk,13,4,4.0000000003,0.0000000003,1.0000000001,Solved
G?`vMs,13,4,4.0000000001,0.0000000001,1.0000000000,Solved
G?`vM{,14,4,4.0000000001,0.0000000001,1.0000000000,Solved
G?`vNK,13,4,3.9999999996,-0.0000000004,0.9999999999,Solved
G?`vNS,13,4,4.0000000003,0.0000000003,1.0000000001,Solved
G?`vNW,13,4,4.0000000010,0.0000000010,1.0000000002,Solved
G?`vN[,14,4,3.9999999998,-0.0000000002,1.0000000000,Solved
G?`vNc,13,4,4.0000000013,0.0000000013,1.0000000003,Solved
G?`vNk,14,4,3.9999999997,-0.0000000003,0.9999999999,Solved
G?`vNo,13,4,3.9999999992,-0.0000000008,0.9999999998,Solved
G?`vNs,14,4,4.0000000038,0.0000000038,1.0000000009,Solved
G?`vNw,14,4,4.0000000008,0.0000000008,1.0000000002,Solved
G?`vN{,15,4,4.0000000002,0.0000000002,1.0000000000,Solved
G?`vRg,12,4,4.0000000005,0.0000000005,1.0000000001,Solved
G?`vSw,12,4,4.0000000001,0.0000000001,1.0000000000,Solved
G?`vUW,12,4,4.0000000002,0.0000000002,1.0000000001,Solved
G?`vUg,12,4,3.9999999999,-0.0000000001,1.0000000000,Solved
G?`vUo,12,4,4.0000000000,0.0000000000,1.0000000000,Solved
G?`vUs,13,4,4.0000000002,0.0000000002,1.0000000000,Solved
G?`vUw,13,4,4.0000000000,-0.0000000000,1.0000000000,Solved
G?`vU{,14,4,3.9999999998,-0.0000000002,0.9999999999,Solved
G?`vVG,12,4,4.0000000009,0.0000000009,1.0000000002,Solved
G?`vVO,12,4,4.0000000006,0.0000000006,1.0000000002,Solved
G?`vVS,13,4,4.0000000020,0.0000000020,1.0000000005,Solved
G?`vVW,13,4,4.0000000005,0.0000000005,1.0000000001,Solved
G?`vV[,14,4,4.0000000003,0.0000000003,1.0000000001,Solved
G?`vVg,13,4,4.0000000016,0.0000000016,1.0000000004,Solved
G?`vVk,14,4,3.9999999999,-0.0000000001,1.0000000000,Solved
G?`vVo,13,4,4.0000000000,-0.0000000000,1.0000000000,Solved
G?`vVs,14,4,4.0000000001,0.0000000001,1.0000000000,Solved
G?`vVw,14,4,4.0000000002,0.0000000002,1.0000000000,Solved
G?`vV{,15,4,4.0000000005,0.0000000005,1.0000000001,Solved
G?`v]{,15,4,4.0000000001,0.0000000001,1.0000000000,Solved
G?`v^[,15,4,3.9999999979,-0.0000000021,0.9999999995,Solved
G?`v^o,14,4,3.9999999998,-0.0000000002,1.0000000000,Solved
G?`v^s,15,4,4.0000000003,0.0000000003,1.0000000001,Solved
G?`v^w,15,4,4.0000000006,0.0000000006,1.0000000002,Solved
G?`v^{,16,4,4.0000000006,0.0000000006,1.0000000002,Solved
G?`vbW,12,4,4.0000000000,-0.0000000000,1.0000000000,Solved
G?`vbg,12,4,4.0000000007,0.0000000007,1.0000000002,Solved
G?`vbo,12,4,4.0000000051,0.0000000051,1.0000000013,Solved
G?`vbs,13,4,4.0000000005,0.0000000005,1.0000000001,Solved
G?`vbw,13,4,4.0000000014,0.0000000014,1.0000000004,Solved
G?`vb{,14,4,4.0000000008,0.0000000008,1.0000000002,Solved
G?`veW,12,4,4.0000000004,0.0000000004,1.0000000001,Solved
G?`vfG,12,4,4.0000000004,0.0000000004,1.0000000001,Solved
G?`vfO,12,4,4.0000000002,0.0000000002,1.0000000001,Solved
G?`vfS,13,4,4.0000000002,0.0000000002,1.0000000000,Solved
G?`vfW,13,4,4.0000000009,0.0000000009,1.0000000002,Solved
G?`vf[,14,4,4.0000000015,0.0000000015,1.0000000004,Solved
G?`vf_,12,4,4.0000000014,0.0000000014,1.0000000003,Solved
G?`vfc,13,4,4.0000000025,0.0000000025,1.0000000006,Solved
G?`vfg,13,4,3.9999999997,-0.0000000003,0.9999999999,Solved
G?`vfk,14,4,4.0000000001,0.0000000001,1.0000000000,Solved
G?`vfo,13,4,4.0000000018,0.0000000018,1.0000000005,Solved
G?`vfs,14,4,4.0000000033,0.0000000033,1.0000000008,Solved
G?`vfw,14,4,4.0000000029,0.0000000029,1.0000000007,Solved
G?`vf{,15,4,4.0000000007,0.0000000007,1.0000000002,Solved
G?`vj{,15,4,4.0000000001,0.0000000001,1.0000000000,Solved
G?`vn[,15,4,4.0000000006,0.0000000006,1.0000000001,Solved
G?`vnk,15,4,4.0000000000,0.0000000000,1.0000000000,Solved
G?`vno,14,4,4.0000000014,0.0000000014,1.0000000004,Solved
G?`vns,15,4,4.0000000013,0.0000000013,1.0000000003,Solved
G?`vnw,15,4,4.0000000018,0.0000000018,1.0000000005,Solved
G?`vn{,16,4,4.0000000014,0.0000000014,1.0000000004,Solved
G?`vvo,14,4,4.0000000026,0.0000000026,1.0000000007,Solved
G?`vvs,15,4,4.0000000003,0.0000000003,1.0000000001,Solved
G?`vvw,15,4,4.0000000001,0.0000000001,1.0000000000,Solved
G?`vv{,16,4,4.0000000001,0.0000000001,1.0000000000,Solved
G?`v~w,16,4,4.0000000001,0.0000000001,1.0000000000,Solved
G?`v~{,17,4,4.0000000004,0.0000000004,1.0000000001,Solved
G?aJCc,8,4,4.0000000003,0.0000000003,1.0000000001,Solved
G?aJCs,9,4,4.0000000014,0.0000000014,1.0000000004,Solved
G?aJC{,10,4,4.0000000000,0.0000000000,1.0000000000,Solved
G?aJEc,9,4,4.0000000001,0.0000000001,1.0000000000,Solved
G?aJEo,9,4,4.0000000001,0.0000000001,1.0000000000,Solved
G?aJEs,10,4,4.0000000008,0.0000000008,1.0000000002,Solved
G?aJEw,10,4,3.9999999998,-0.0000000002,1.0000000000,Solved
G?aJE{,11,4,4.0000000002,0.0000000002,1.0000000001,Solved
G?aJF_,9,4,4.0000000004,0.0000000004,1.0000000001,Solved
G?aJFc,10,4,4.0000000008,0.0000000008,1.0000000002,Solved
G?aJFo,10,4,4.0000000007,0.0000000007,1.0000000002,Solved
G?aJFs,11,4,4.0000000005,0.0000000005,1.0000000001,Solved
G?aJFw,11,4,4.0000000003,0.0000000003,1.0000000001,Solved
G?aJF{,12,4,4.0000000016,0.0000000016,1.0000000004,Solved
G?aJc[,10,4,4.0000000007,0.0000000007,1.0000000002,Solved
G?aJeO,9,4,4.0000000070,0.0000000070,1.0000000018,Solved
G?aJeS,10,4,4.0000000005,0.0000000005,1.0000000001,Solved
G?aJeW,10,4,4.0000000002,0.0000000002,1.0000000001,Solved
G?aJe[,11,4,4.0000000002,0.0000000002,1.0000000000,Solved
G?aJfC,10,4,4.0000000007,0.0000000007,1.0000000002,Solved
G?aJfO,10,4,4.0000000005,0.0000000005,1.0000000001,Solved
G?aJfS,11,4,4.0000000011,0.0000000011,1.0000000003,Solved
G?aJfW,11,4,4.0000000021,0.0000000021,1.0000000005,Solved
G?aJf[,12,4,4.0000000002,0.0000000002,1.0000000000,Solved
G?aJf_,10,4,4.0000000025,0.0000000025,1.0000000006,Solved
G?aJfc,11,4,4.0000000024,0.0000000024,1.0000000006,Solved
G?aJfo,11,4,4.0000000008,0.0000000008,1.0000000002,Solved
G?aJfs,12,4,4.0000000026,0.0000000026,1.0000000007,Solved
G?aJfw,12,4,4.0000000003,0.0000000003,1.0000000001,Solved
G?aJf{,13,4,4.0000000001,0.0000000001,1.0000000000,Solved
G?aK^o,11,4,4.0000000003,0.0000000003,1.0000000001,Solved
G?aK^w,12,4,4.0000000003,0.0000000003,1.0000000001,Solved
G?aK^{,13,4,4.0000000000,-0.0000000000,1.0000000000,Solved
G?aM\w,12,4,4.0000000003,0.0000000003,1.0000000001,Solved
G?aM\{,13,4,4.0000000005,0.0000000005,1.0000000001,Solved
G?aM^o,12,4,4.0000000004,0.0000000004,1.0000000001,Solved
G?aM^s,13,4,4.0000000006,0.0000000006,1.0000000001,Solved
G?aM^w,13,4,4.0000000003,0.0000000003,1.0000000001,Solved
G?aM^{,14,4,4.0000000004,0.0000000004,1.0000000001,Solved
G?aNS{,12,4,4.0000000008,0.0000000008,1.0000000002,Solved
G?aNUk,12,4,4.0000000008,0.0000000008,1.0000000002,Solved
G?aNUs,12,4,4.0000000003,0.0000000003,1.0000000001,Solved
G?aNUw,12,4,4.0000000007,0.0000000007,1.0000000002,Solved
G?aNU{,13,4,4.0000000006,0.0000000006,1.0000000002,Solved
G?aNVg,12,4,4.0000000028,0.0000000028,1.0000000007,Solved
G?aNVk,13,4,4.0000000023,0.0000000023,1.0000000006,Solved
G?aNVo,12,4,4.0000000008,0.0000000008,1.0000000002,Solved
G?aNVs,13,4,4.0000000015,0.0000000015,1.0000000004,Solved
G?aNVw,13,4,4.0000000005,0.0000000005,1.0000000001,Solved
G?aNV{,14,4,4.0000000005,0.0000000005,1.0000000001,Solved
G?aN]w,13,4,4.0000000007,0.0000000007,1.0000000002,Solved
G?aN]{,14,4,4.0000000003,0.0000000003,1.0000000001,Solved
G?aN^w,14,4,4.0000000002,0.0000000002,1.0000000001,Solved
G?aN^{,15,4,4.0000000002,0.0000000002,1.0000000001,Solved
G?aNbW,11,4,4.0000000003,0.0000000003,1.0000000001,Solved
G?aNb[,12,4,4.0000000009,0.0000000009,1.0000000002,Solved
G?aNbo,11,4,4.0000000002,0.0000000002,1.0000000000,Solved
G?aNbs,12,4,4.0000000048,0.0000000048,1.0000000012,Solved
G?aNbw,12,4,4.0000000009,0.0000000009,1.0000000002,Solved
G?aNb{,13,4,4.0000000011,0.0000000011,1.0000000003,Solved
G?aNe[,12,4,4.0000000031,0.0000000031,1.0000000008,Solved
G?aNfS,12,4,4.0000000004,0.0000000004,1.0000000001,Solved
G?aNfW,12,4,4.0000000002,0.0000000002,1.0000000000,Solved
G?aNf[,13,4,4.0000000005,0.0000000005,1.0000000001,Solved
G?aNfc,12,4,4.0000000022,0.0000000022,1.0000000006,Solved
G?aNfo,12,4,4.0000000001,0.0000000001,1.0000000000,Solved
G?aNfs,13,4,4.0000000004,0.0000000004,1.0000000001,Solved
G?aNfw,13,4,4.0000000002,0.0000000002,1.0000000000,Solved
G?aNf{,14,4,4.0000000003,0.0000000003,1.0000000001,Solved
G?aNvW,13,4,4.0000000013,0.0000000013,1.0000000003,Solved
G?aNv[,14,4,4.0000000010,0.0000000010,1.0000000002,Solved
G?aNvg,13,4,4.0000000003,0.0000000003,1.0000000001,Solved
G?aNvk,14,4,4.0000000018,0.0000000018,1.0000000004,Solved
G?aNvo,13,4,4.0000000004,0.0000000004,1.0000000001,Solved
G?aNvs,14,4,4.0000000008,0.0000000008,1.0000000002,Solved
G?aNvw,14,4,4.0000000010,0.0000000010,1.0000000003,Solved
G?aNv{,15,4,4.0000000006,0.0000000006,1.0000000002,Solved
G?aN~w,15,4,4.0000000001,0.0000000001,1.0000000000,Solved
G?aN~{,16,4,4.0000000000,0.0000000000,1.0000000000,Solved
G?b@aS,8,4,4.2360679781,0.2360679781,1.0590169945,Solved
G?b@bC,8,4,4.0000000020,0.0000000020,1.0000000005,Solved
G?b@bO,8,4,4.0000000005,0.0000000005,1.0000000001,Solved
G?b@bS,9,4,4.0000000005,0.0000000005,1.0000000001,Solved
G?b@b_,8,4,4.0000000040,0.0000000040,1.0000000010,Solved
G?b@bc,9,4,4.0000000006,0.0000000006,1.0000000001,Solved
G?b@bo,9,4,4.0000000011,0.0000000011,1.0000000003,Solved
G?b@bs,10,4,4.0000000007,0.0000000007,1.0000000002,Solved
G?b@cK,8,5,4.9999999989,-0.0000000011,0.9999999998,Solved
G?b@cS,8,4,4.0000000016,0.0000000016,1.0000000004,Solved
G?b@dC,8,4,4.0000000002,0.0000000002,1.0000000000,Solved
G?b@dG,8,4,4.0000000099,0.0000000099,1.0000000025,Solved
G?b@dK,9,4,4.0000000015,0.0000000015,1.0000000004,Solved
G?b@dS,9,4,4.0000000005,0.0000000005,1.0000000001,Solved
G?b@d_,8,4,4.0000000040,0.0000000040,1.0000000010,Solved
G?b@dc,9,4,4.0000000000,-0.0000000000,1.0000000000,Solved
G?b@dg,9,4,4.0000000017,0.0000000017,1.0000000004,Solved
G?b@dk,10,4,4.0000000017,0.0000000017,1.0000000004,Solved
G?b@do,9,4,4.0000000002,0.0000000002,1.0000000000,Solved
G?b@ds,10,4,4.0000000016,0.0000000016,1.0000000004,Solved
G?b@eC,8,5,5.0000000015,0.0000000015,1.0000000003,Solved
G?b@eK,9,4,4.0000000059,0.0000000059,1.0000000015,Solved
G?b@eS,9,4,4.0000000005,0.0000000005,1.0000000001,Solved
G?b@e[,10,4,4.0000000004,0.0000000004,1.0000000001,Solved
G?b@f?,8,4,4.0000000026,0.0000000026,1.0000000007,Solved
G?b@fC,9,4,4.0000000019,0.0000000019,1.0000000005,Solved
G?b@fG,9,4,4.0000000022,0.0000000022,1.0000000005,Solved
G?b@fK,10,4,4.0000000022,0.0000000022,1.0000000005,Solved
G?b@fO,9,4,4.0000000002,0.0000000002,1.0000000000,Solved
G?b@fS,10,4,4.0000000003,0.0000000003,1.0000000001,Solved
G?b@fW,10,4,4.0000000030,0.0000000030,1.0000000007,Solved
G?b@f[,11,4,4.0000000005,0.0000000005,1.0000000001,Solved
G?b@f_,9,4,4.0000000020,0.0000000020,1.0000000005,Solved
G?b@fc,10,4,4.0000000004,0.0000000004,1.0000000001,Solved
G?b@fg,10,4,4.0000000034,0.0000000034,1.0000000008,Solved
G?b@fk,11,4,4.0000000003,0.0000000003,1.0000000001,Solved
G?b@fo,10,4,4.0000000016,0.0000000016,1.0000000004,Solved
G?b@fs,11,4,4.0000000007,0.0000000007,1.0000000002,Solved
G?b@fw,11,4,4.0000000017,0.0000000017,1.0000000004,Solved
G?b@f{,12,4,4.0000000009,0.0000000009,1.0000000002,Solved
G?bATo,9,4,4.2360679776,0.2360679776,1.0590169944,Solved
G?bAV_,9,4,4.2360679778,0.2360679778,1.0590169945,Solved
G?bAVg,10,4,4.2360679781,0.2360679781,1.0590169945,Solved
G?bAVo,10,4,4.2360679779,0.2360679779,1.0590169945,Solved
G?bAVw,11,4,4.2360679792,0.2360679792,1.0590169948,Solved
G?bAV{,12,4,4.2360679775,0.2360679775,1.0590169944,Solved
G?bB@o,8,4,4.0000000023,0.0000000023,1.0000000006,Solved
G?bBBg,9,4,4.0000000014,0.0000000014,1.0000000003,Solved
G?bBBo,9,4,4.0000000001,0.0000000001,1.0000000000,Solved
G?bBBw,10,4,4.0000000075,0.0000000075,1.0000000019,Solved
G?bBCc,8,4,4.0000000003,0.0000000003,1.0000000001,Solved
G?bBCw,9,4,4.0000000047,0.0000000047,1.0000000012,Solved
G?bBD_,8,4,4.0000000107,0.0000000107,1.0000000027,Solved
G?bBDc,9,4,4.0000000003,0.0000000003,1.0000000001,Solved
G?bBDg,9,4,4.0000000055,0.0000000055,1.0000000014,Solved
G?bBDo,9,4,4.0000000025,0.0000000025,1.0000000006,Solved
G?bBDs,10,4,4.0000000069,0.0000000069,1.0000000017,Solved
G?bBDw,10,4,4.0000000004,0.0000000004,1.0000000001,Solved
G?bBE_,8,4,4.0000000052,0.0000000052,1.0000000013,Solved
G?bBEc,9,4,4.0000000038,0.0000000038,1.0000000010,Solved
G?bBEg,9,4,4.0000000009,0.0000000009,1.0000000002,Solved
G?bBEk,10,4,4.0000000027,0.0000000027,1.0000000007,Solved
G?bBEo,9,4,4.0000000017,0.0000000017,1.0000000004,Solved
G?bBEs,10,4,4.0000000030,0.0000000030,1.0000000007,Solved
G?bBEw,10,4,4.0000000013,0.0000000013,1.0000000003,Solved
G?bBF_,9,4,4.0000000079,0.0000000079,1.0000000020,Solved
G?bBFc,10,4,4.0000000100,0.0000000100,1.0000000025,Solved
G?bBFg,10,4,4.0000000027,0.0000000027,1.0000000007,Solved
G?bBFk,11,4,4.0000000070,0.0000000070,1.0000000018,Solved
G?bBFo,10,4,4.0000000037,0.0000000037,1.0000000009,Solved
G?bBFs,11,4,4.0000000087,0.0000000087,1.0000000022,Solved
G?bBFw,11,4,4.0000000056,0.0000000056,1.0000000014,Solved
G?bBF{,12,4,4.0000000076,0.0000000076,1.0000000019,Solved
G?bBQs,10,4,3.9999999984,-0.0000000016,0.9999999996,Solved
G?bBRo,10,4,4.0000000032,0.0000000032,1.0000000008,Solved
G?bBRs,11,4,4.0000000005,0.0000000005,1.0000000001,Solved
G?bBTg,10,4,4.0000000078,0.0000000078,1.0000000019,Solved
G?bBTk,11,4,4.0000000034,0.0000000034,1.0000000009,Solved
G?bBTo,10,4,4.0000000022,0.0000000022,1.0000000006,Solved
G?bBTs,11,4,4.0000000004,0.0000000004,1.0000000001,Solved
G?bBUg,10,4,4.0000000001,0.0000000001,1.0000000000,Solved
G?bBUk,11,4,4.0000000001,0.0000000001,1.0000000000,Solved
G?bBUo,10,4,4.0000000001,0.0000000001,1.0000000000,Solved
G?bBUs,11,4,4.0000000035,0.0000000035,1.0000000009,Solved
G?bBUw,11,4,4.0000000067,0.0000000067,1.0000000017,Solved
G?bBU{,12,4,4.0000000002,0.0000000002,1.0000000000,Solved
G?bBV_,10,4,4.0000000047,0.0000000047,1.0000000012,Solved
G?bBVc,11,4,4.0000000038,0.0000000038,1.0000000010,Solved
G?bBVg,11,4,4.0000000002,0.0000000002,1.0000000000,Solved
G?bBVk,12,4,4.0000000041,0.0000000041,1.0000000010,Solved
G?bBVo,11,4,4.0000000001,0.0000000001,1.0000000000,Solved
G?bBVs,12,4,4.0000000002,0.0000000002,1.0000000001,Solved
G?bBVw,12,4,4.0000000005,0.0000000005,1.0000000001,Solved
G?bBV{,13,4,4.0000000000,-0.0000000000,1.0000000000,Solved
G?bB`W,9,4,4.0000000008,0.0000000008,1.0000000002,Solved
G?bB`[,10,4,4.0000000025,0.0000000025,1.0000000006,Solved
G?bB`o,9,4,4.0000000009,0.0000000009,1.0000000002,Solved
G?bB`s,10,4,4.0000000012,0.0000000012,1.0000000003,Solved
G?bB`w,10,4,4.0000000005,0.0000000005,1.0000000001,Solved
G?bB`{,11,4,4.0000000002,0.0000000002,1.0000000001,Solved
G?bBa[,10,4,4.0000000007,0.0000000007,1.0000000002,Solved
G?bBbK,10,4,4.0000000013,0.0000000013,1.0000000003,Solved
G?bBbS,10,4,4.0000000005,0.0000000005,1.0000000001,Solved
G?bBbW,10,4,4.0000000020,0.0000000020,1.0000000005,Solved
G?bBb[,11,4,4.0000000002,0.0000000002,1.0000000000,Solved
G?bBbc,10,4,4.0000000003,0.0000000003,1.0000000001,Solved
G?bBbg,10,4,4.0000000003,0.0000000003,1.0000000001,Solved
G?bBbk,11,4,4.0000000001,0.0000000001,1.0000000000,Solved
G?bBbo,10,4,4.0000000029,0.0000000029,1.0000000007,Solved
G?bBbs,11,4,4.0000000002,0.0000000002,1.0000000001,Solved
G?bBbw,11,4,4.0000000005,0.0000000005,1.0000000001,Solved
G?bBb{,12,4,4.0000000060,0.0000000060,1.0000000015,Solved
G?bBc[,10,4,4.0000000022,0.0000000022,1.0000000005,Solved
G?bBdG,9,4,4.0000000005,0.0000000005,1.0000000001,Solved
G?bBdS,10,4,4.0000000030,0.0000000030,1.0000000008,Solved
G?bBdW,10,4,4.0000000041,0.0000000041,1.0000000010,Solved
G?bBd[,11,4,4.0000000002,0.0000000002,1.0000000000,Solved
G?bBdg,10,4,4.0000000016,0.0000000016,1.0000000004,Solved
G?bBdk,11,4,4.0000000002,0.0000000002,1.0000000000,Solved
G?bBdo,10,4,4.0000000005,0.0000000005,1.0000000001,Solved
G?bBds,11,4,4.0000000025,0.0000000025,1.0000000006,Solved
G?bBdw,11,4,4.0000000031,0.0000000031,1.0000000008,Solved
G?bBd{,12,4,4.0000000018,0.0000000018,1.0000000004,Solved
G?bBeK,10,4,4.0000000014,0.0000000014,1.0000000003,Solved
G?bBeS,10,4,4.0000000045,0.0000000045,1.0000000011,Solved
G?bBeW,10,4,4.0000000035,0.0000000035,1.0000000009,Solved
G?bBe[,11,4,4.0000000002,0.0000000002,1.0000000001,Solved
G?bBf?,9,4,4.0000000011,0.0000000011,1.0000000003,Solved
G?bBfC,10,4,4.0000000010,0.0000000010,1.0000000002,Solved
G?bBfG,10,4,4.0000000029,0.0000000029,1.0000000007,Solved
G?bBfK,11,4,3.9999999996,-0.0000000004,0.9999999999,Solved
G?bBfO,10,4,4.0000000005,0.0000000005,1.0000000001,Solved
G?bBfS,11,4,4.0000000011,0.0000000011,1.0000000003,Solved
G?bBfW,11,4,4.0000000012,0.0000000012,1.0000000003,Solved
G?bBf[,12,4,4.0000000002,0.0000000002,1.0000000000,Solved
G?bBf_,10,4,4.0000000030,0.0000000030,1.0000000008,Solved
G?bBfc,11,4,4.0000000004,0.0000000004,1.0000000001,Solved
G?bBfg,11,4,4.0000000005,0.0000000005,1.0000000001,Solved
G?bBfk,12,4,4.0000000008,0.0000000008,1.0000000002,Solved
G?bBfo,11,4,4.0000000004,0.0000000004,1.0000000001,Solved
G?bBfs,12,4,4.0000000006,0.0000000006,1.0000000002,Solved
G?bBfw,12,4,4.0000000005,0.0000000005,1.0000000001,Solved
G?bBf{,13,4,4.0000000009,0.0000000009,1.0000000002,Solved
G?bBro,11,4,4.0000000001,0.0000000001,1.0000000000,Solved
G?bBrs,12,4,4.0000000018,0.0000000018,1.0000000004,Solved
G?bBuW,11,4,4.0000000002,0.0000000002,1.0000000000,Solved
G?bBu[,12,4,4.0000000001,0.0000000001,1.0000000000,Solved
G?bBvO,11,4,4.0000000012,0.0000000012,1.0000000003,Solved
G?bBvS,12,4,4.0000000018,0.0000000018,1.0000000004,Solved
G?bBvW,12,4,4.0000000010,0.0000000010,1.0000000003,Solved
G?bBv[,13,4,4.0000000022,0.0000000022,1.0000000006,Solved
G?bBvg,12,4,4.0000000002,0.0000000002,1.0000000001,Solved
G?bBvk,13,4,4.0000000029,0.0000000029,1.0000000007,Solved
G?bBvo,12,4,4.0000000010,0.0000000010,1.0000000002,Solved
G?bBvs,13,4,4.0000000050,0.0000000050,1.0000000012,Solved
G?bBvw,13,4,3.9999999999,-0.0000000001,1.0000000000,Solved
G?bBv{,14,4,4.0000000017,0.0000000017,1.0000000004,Solved
G?bDJo,10,4,4.0000000007,0.0000000007,1.0000000002,Solved
G?bDKk,10,4,4.0000000006,0.0000000006,1.0000000002,Solved
G?bDLg,10,4,4.0000000004,0.0000000004,1.0000000001,Solved
G?bDMk,11,4,4.0000000000,-0.0000000000,1.0000000000,Solved
G?bDMo,10,4,4.0000000008,0.0000000008,1.0000000002,Solved
G?bDMw,11,4,4.0000000000,0.0000000000,1.0000000000,Solved
G?bDN_,10,4,4.0000000003,0.0000000003,1.0000000001,Solved
G?bDNg,11,4,4.0000000008,0.0000000008,1.0000000002,Solved
G?bDNk,12,4,4.0000000001,0.0000000001,1.0000000000,Solved
G?bDNo,11,4,4.0000000001,0.0000000001,1.0000000000,Solved
G?bDNw,12,4,4.0000000013,0.0000000013,1.0000000003,Solved
G?bDN{,13,4,3.9999999999,-0.0000000001,1.0000000000,Solved
G?bDjo,11,4,4.0000000021,0.0000000021,1.0000000005,Solved
G?bDjs,12,4,4.0000000024,0.0000000024,1.0000000006,Solved
G?bDlk,12,4,4.0000000002,0.0000000002,1.0000000000,Solved
G?bDls,12,4,4.0000000024,0.0000000024,1.0000000006,Solved
G?bDm[,12,4,4.0000000021,0.0000000021,1.0000000005,Solved
G?bDnK,12,4,4.0000000003,0.0000000003,1.0000000001,Solved
G?bDnS,12,4,4.0000000040,0.0000000040,1.0000000010,Solved
G?bDnW,12,4,4.0000000009,0.0000000009,1.0000000002,Solved
G?bDn[,13,4,4.0000000029,0.0000000029,1.0000000007,Solved
G?bDnc,12,4,4.0000000019,0.0000000019,1.0000000005,Solved
G?bDng,12,4,4.0000000004,0.0000000004,1.0000000001,Solved
G?bDnk,13,4,4.0000000012,0.0000000012,1.0000000003,Solved
G?bDno,12,4,4.0000000007,0.0000000007,1.0000000002,Solved
G?bDns,13,4,4.0000000011,0.0000000011,1.0000000003,Solved
G?bDnw,13,4,4.0000000025,0.0000000025,1.0000000006,Solved
G?bDn{,14,4,4.0000000016,0.0000000016,1.0000000004,Solved
G?bDrW,11,4,4.0000000010,0.0000000010,1.0000000003,Solved
G?bDr[,12,4,4.0000000000,0.0000000000,1.0000000000,Solved
G?bDrg,11,4,4.0000000011,0.0000000011,1.0000000003,Solved
G?bDrk,12,4,4.0000000001,0.0000000001,1.0000000000,Solved
G?bDro,11,4,4.0000000014,0.0000000014,1.0000000004,Solved
G?bDrs,12,4,4.0000000001,0.0000000001,1.0000000000,Solved
G?bDrw,12,4,4.0000000005,0.0000000005,1.0000000001,Solved
G?bDr{,13,4,4.0000000032,0.0000000032,1.0000000008,Solved
G?bDt[,12,4,4.0000000003,0.0000000003,1.0000000001,Solved
G?bDts,12,4,4.0000000009,0.0000000009,1.0000000002,Solved
G?bDtw,12,4,4.0000000011,0.0000000011,1.0000000003,Solved
G?bDt{,13,4,4.0000000021,0.0000000021,1.0000000005,Solved
G?bDu[,12,4,4.0000000018,0.0000000018,1.0000000004,Solved
G?bDvK,12,4,4.0000000004,0.0000000004,1.0000000001,Solved
G?bDvS,12,4,4.0000000023,0.0000000023,1.0000000006,Solved
G?bDvW,12,4,4.0000000019,0.0000000019,1.0000000005,Solved
G?bDv[,13,4,4.0000000021,0.0000000021,1.0000000005,Solved
G?bDvg,12,4,4.0000000011,0.0000000011,1.0000000003,Solved
G?bDvk,13,4,4.0000000001,0.0000000001,1.0000000000,Solved
G?bDvo,12,4,4.0000000003,0.0000000003,1.0000000001,Solved
G?bDvs,13,4,4.0000000010,0.0000000010,1.0000000002,Solved
G?bDvw,13,4,4.0000000004,0.0000000004,1.0000000001,Solved
G?bDv{,14,4,4.0000000001,0.0000000001,1.0000000000,Solved
G?bEH{,11,4,4.0000000037,0.0000000037,1.0000000009,Solved
G?bEJk,11,4,4.0000000003,0.0000000003,1.0000000001,Solved
G?bEJo,10,4,4.0000000003,0.0000000003,1.0000000001,Solved
G?bEJw,11,4,4.0000000009,0.0000000009,1.0000000002,Solved
G?bEJ{,12,4,4.0000000008,0.0000000008,1.0000000002,Solved
G?bELk,11,4,4.0000000035,0.0000000035,1.0000000009,Solved
G?bELw,11,4,4.0000000002,0.0000000002,1.0000000000,Solved
G?bEL{,12,4,4.0000000001,0.0000000001,1.0000000000,Solved
G?bENg,11,4,4.0000000001,0.0000000001,1.0000000000,Solved
G?bENk,12,4,4.0000000001,0.0000000001,1.0000000000,Solved
G?bENo,11,4,4.0000000037,0.0000000037,1.0000000009,Solved
G?bENw,12,4,4.0000000006,0.0000000006,1.0000000002,Solved
G?bEN{,13,4,3.9999999997,-0.0000000003,0.9999999999,Solved
G?bERg,10,4,4.0000000001,0.0000000001,1.0000000000,Solved
G?bERo,10,4,4.0000000017,0.0000000017,1.0000000004,Solved
G?bERw,11,4,4.0000000004,0.0000000004,1.0000000001,Solved
G?bETs,11,4,4.0000000039,0.0000000039,1.0000000010,Solved
G?bETw,11,4,4.0000000011,0.0000000011,1.0000000003,Solved
G?bEVc,11,4,4.0000000012,0.0000000012,1.0000000003,Solved
G?bEVg,11,4,4.0000000002,0.0000000002,1.0000000001,Solved
G?bEVk,12,4,4.0000000008,0.0000000008,1.0000000002,Solved
G?bEVo,11,4,4.0000000003,0.0000000003,1.0000000001,Solved
G?bEVs,12,4,4.0000000005,0.0000000005,1.0000000001,Solved
G?bEVw,12,4,4.0000000007,0.0000000007,1.0000000002,Solved
G?bEV{,13,4,4.0000000000,0.0000000000,1.0000000000,Solved
G?bE^g,12,4,4.0000000003,0.0000000003,1.0000000001,Solved
G?bE^k,13,4,4.0000000033,0.0000000033,1.0000000008,Solved
G?bE^o,12,4,4.0000000001,0.0000000001,1.0000000000,Solved
G?bE^s,13,4,4.0000000003,0.0000000003,1.0000000001,Solved
G?bE^w,13,4,4.0000000028,0.0000000028,1.0000000007,Solved
G?bE^{,14,4,4.0000000010,0.0000000010,1.0000000003,Solved
G?bFBg,10,4,4.0000000024,0.0000000024,1.0000000006,Solved
G?bFBo,10,4,4.0000000012,0.0000000012,1.0000000003,Solved
G?bFBw,11,4,4.0000000008,0.0000000008,1.0000000002,Solved
G?bFDg,10,4,4.0000000024,0.0000000024,1.0000000006,Solved
G?bFDs,11,4,4.0000000006,0.0000000006,1.0000000001,Solved
G?bFDw,11,4,4.0000000054,0.0000000054,1.0000000014,Solved
G?bFEg,10,4,4.0000000006,0.0000000006,1.0000000002,Solved
G?bFEk,11,4,4.0000000091,0.0000000091,1.0000000023,Solved
G?bFEs,11,4,4.0000000009,0.0000000009,1.0000000002,Solved
G?bFEw,11,4,4.0000000044,0.0000000044,1.0000000011,Solved
G?bFF_,10,4,4.0000000105,0.0000000105,1.0000000026,Solved
G?bFFc,11,4,4.0000000070,0.0000000070,1.0000000018,Solved
G?bFFg,11,4,4.0000000024,0.0000000024,1.0000000006,Solved
G?bFFk,12,4,4.0000000013,0.0000000013,1.0000000003,Solved
G?bFFo,11,4,4.0000000005,0.0000000005,1.0000000001,Solved
G?bFFs,12,4,4.0000000016,0.0000000016,1.0000000004,Solved
G?bFFw,12,4,4.0000000004,0.0000000004,1.0000000001,Solved
G?bFF{,13,4,4.0000000014,0.0000000014,1.0000000003,Solved
G?bFI{,12,4,4.0000000006,0.0000000006,1.0000000001,Solved
G?bFJo,11,4,4.0000000034,0.0000000034,1.0000000009,Solved
G?bFJs,12,4,4.0000000012,0.0000000012,1.0000000003,Solved
G?bFJw,12,4,4.0000000008,0.0000000008,1.0000000002,Solved
G?bFJ{,13,4,4.0000000009,0.0000000009,1.0000000002,Solved
G?bFK{,12,4,4.0000000010,0.0000000010,1.0000000002,Solved
G?bFLw,12,4,4.0000000001,0.0000000001,1.0000000000,Solved
G?bFL{,13,4,4.0000000011,0.0000000011,1.0000000003,Solved
G?bFMk,12,4,4.0000000008,0.0000000008,1.0000000002,Solved
G?bFMs,12,4,4.0000000005,0.0000000005,1.0000000001,Solved
G?bFMw,12,4,4.0000000018,0.0000000018,1.0000000005,Solved
G?bFM{,13,4,4.0000000005,0.0000000005,1.0000000001,Solved
G?bFNg,12,4,4.0000000012,0.0000000012,1.0000000003,Solved
G?bFNk,13,4,4.0000000029,0.0000000029,1.0000000007,Solved
G?bFNo,12,4,4.0000000016,0.0000000016,1.0000000004,Solved
G?bFNs,13,4,4.0000000007,0.0000000007,1.0000000002,Solved
G?bFNw,13,4,4.0000000005,0.0000000005,1.0000000001,Solved
G?bFN{,14,4,4.0000000005,0.0000000005,1.0000000001,Solved
G?bFQw,11,4,4.0000000007,0.0000000007,1.0000000002,Solved
G?bFQ{,12,4,4.0000000002,0.0000000002,1.0000000001,Solved
G?bFRw,12,4,4.0000000004,0.0000000004,1.0000000001,Solved
G?bFR{,13,4,4.0000000014,0.0000000014,1.0000000004,Solved
G?bFTw,12,4,4.0000000015,0.0000000015,1.0000000004,Solved
G?bFT{,13,4,4.0000000012,0.0000000012,1.0000000003,Solved
G?bFUs,12,4,4.0000000010,0.0000000010,1.0000000002,Solved
G?bFUw,12,4,4.0000000020,0.0000000020,1.0000000005,Solved
G?bFU{,13,4,4.0000000006,0.0000000006,1.0000000001,Solved
G?bFVg,12,4,4.0000000011,0.0000000011,1.0000000003,Solved
G?bFVk,13,4,4.0000000015,0.0000000015,1.0000000004,Solved
G?bFVo,12,4,4.0000000006,0.0000000006,1.0000000001,Solved
G?bFVs,13,4,4.0000000009,0.0000000009,1.0000000002,Solved
G?bFVw,13,4,4.0000000014,0.0000000014,1.0000000003,Solved
G?bFV{,14,4,4.0000000001,0.0000000001,1.0000000000,Solved
G?bF]w,13,4,4.0000000003,0.0000000003,1.0000000001,Solved
G?bF]{,14,4,4.0000000004,0.0000000004,1.0000000001,Solved
G?bF^w,14,4,4.0000000027,0.0000000027,1.0000000007,Solved
G?bF^{,15,4,4.0000000003,0.0000000003,1.0000000001,Solved
G?bF`w,11,4,4.0000000021,0.0000000021,1.0000000005,Solved
G?bF`{,12,4,4.0000000011,0.0000000011,1.0000000003,Solved
G?bFbW,11,4,4.0000000009,0.0000000009,1.0000000002,Solved
G?bFb[,12,4,4.0000000002,0.0000000002,1.0000000001,Solved
G?bFbg,11,4,4.0000000007,0.0000000007,1.0000000002,Solved
G?bFbk,12,4,4.0000000031,0.0000000031,1.0000000008,Solved
G?bFbo,11,4,4.0000000040,0.0000000040,1.0000000010,Solved
G?bFbs,12,4,4.0000000000,0.0000000000,1.0000000000,Solved
G?bFbw,12,4,4.0000000024,0.0000000024,1.0000000006,Solved
G?bFb{,13,4,4.0000000017,0.0000000017,1.0000000004,Solved
G?bFd[,12,4,4.0000000010,0.0000000010,1.0000000002,Solved
G?bFds,12,4,4.0000000004,0.0000000004,1.0000000001,Solved
G?bFdw,12,4,4.0000000005,0.0000000005,1.0000000001,Solved
G?bFd{,13,4,4.0000000045,0.0000000045,1.0000000011,Solved
G?bFe[,12,4,4.0000000029,0.0000000029,1.0000000007,Solved
G?bFfK,12,4,4.0000000009,0.0000000009,1.0000000002,Solved
G?bFfS,12,4,4.0000000006,0.0000000006,1.0000000001,Solved
G?bFfW,12,4,4.0000000012,0.0000000012,1.0000000003,Solved
G?bFf[,13,4,4.0000000010,0.0000000010,1.0000000002,Solved
G?bFfc,12,4,4.0000000024,0.0000000024,1.0000000006,Solved
G?bFfg,12,4,3.9999999999,-0.0000000001,1.0000000000,Solved
G?bFfk,13,4,4.0000000020,0.0000000020,1.0000000005,Solved
G?bFfo,12,4,4.0000000003,0.0000000003,1.0000000001,Solved
G?bFfs,13,4,4.0000000021,0.0000000021,1.0000000005,Solved
G?bFfw,13,4,4.0000000039,0.0000000039,1.0000000010,Solved
G?bFf{,14,4,4.0000000013,0.0000000013,1.0000000003,Solved
G?bFjw,13,4,4.0000000004,0.0000000004,1.0000000001,Solved
G?bFj{,14,4,4.0000000027,0.0000000027,1.0000000007,Solved
G?bFlw,13,4,4.0000000017,0.0000000017,1.0000000004,Solved
G?bFl{,14,4,4.0000000025,0.0000000025,1.0000000006,Solved
G?bFnW,13,4,4.0000000036,0.0000000036,1.0000000009,Solved
G?bFn[,14,4,4.0000000028,0.0000000028,1.0000000007,Solved
G?bFng,13,4,4.0000000003,0.0000000003,1.0000000001,Solved
G?bFnk,14,4,4.0000000015,0.0000000015,1.0000000004,Solved
G?bFno,13,4,4.0000000005,0.0000000005,1.0000000001,Solved
G?bFns,14,4,4.0000000024,0.0000000024,1.0000000006,Solved
G?bFnw,14,4,4.0000000028,0.0000000028,1.0000000007,Solved
G?bFn{,15,4,4.0000000006,0.0000000006,1.0000000001,Solved
G?bFrw,13,4,4.0000000003,0.0000000003,1.0000000001,Solved
G?bFr{,14,4,4.0000000022,0.0000000022,1.0000000006,Solved
G?bFvW,13,4,4.0000000026,0.0000000026,1.0000000007,Solved
G?bFv[,14,4,4.0000000021,0.0000000021,1.0000000005,Solved
G?bFvo,13,4,4.0000000004,0.0000000004,1.0000000001,Solved
G?bFvs,14,4,4.0000000017,0.0000000017,1.0000000004,Solved
G?bFvw,14,4,4.0000000023,0.0000000023,1.0000000006,Solved
G?bFv{,15,4,4.0000000017,0.0000000017,1.0000000004,Solved
G?bF~w,15,4,4.0000000000,-0.0000000000,1.0000000000,Solved
G?bF~{,16,4,4.0000000000,-0.0000000000,1.0000000000,Solved
G?bLQk,11,4,4.0000000002,0.0000000002,1.0000000001,Solved
G?bLRk,12,4,3.9999999997,-0.0000000003,0.9999999999,Solved
G?bLSk,11,4,4.0000000017,0.0000000017,1.0000000004,Solved
G?bLS{,12,4,3.9999999999,-0.0000000001,1.0000000000,Solved
G?bLTw,12,4,4.0000000004,0.0000000004,1.0000000001,Solved
G?bLUk,12,4,4.0000000008,0.0000000008,1.0000000002,Solved
G?bLUw,12,4,4.0000000000,0.0000000000,1.0000000000,Solved
G?bLU{,13,4,4.0000000003,0.0000000003,1.0000000001,Solved
G?bLV_,11,4,4.0000000002,0.0000000002,1.0000000001,Solved
G?bLVg,12,4,4.0000000006,0.0000000006,1.0000000002,Solved
G?bLVk,13,4,4.0000000002,0.0000000002,1.0000000000,Solved
G?bLVo,12,4,4.0000000001,0.0000000001,1.0000000000,Solved
G?bLVw,13,4,3.9999999999,-0.0000000001,1.0000000000,Solved
G?bLV{,14,4,4.0000000001,0.0000000001,1.0000000000,Solved
G?bL[{,13,4,4.0000000015,0.0000000015,1.0000000004,Solved
G?bL]w,13,4,4.0000000007,0.0000000007,1.0000000002,Solved
G?bL]{,14,4,4.0000000003,0.0000000003,1.0000000001,Solved
G?bL^k,14,4,4.0000000004,0.0000000004,1.0000000001,Solved
G?bL^o,13,4,3.9999999996,-0.0000000004,0.9999999999,Solved
G?bL^w,14,4,4.0000000008,0.0000000008,1.0000000002,Solved
G?bL^{,15,4,4.0000000013,0.0000000013,1.0000000003,Solved
G?bL`[,11,4,4.0000000012,0.0000000012,1.0000000003,Solved
G?bL`k,11,4,3.9999999979,-0.0000000021,0.9999999995,Solved
G?bL`s,11,4,4.0000000003,0.0000000003,1.0000000001,Solved
G?bL`w,11,4,4.0000000011,0.0000000011,1.0000000003,Solved
G?bL`{,12,4,3.9999999997,-0.0000000003,0.9999999999,Solved
G?bLa[,11,4,4.0000000011,0.0000000011,1.0000000003,Solved
G?bLbK,11,4,4.0000000016,0.0000000016,1.0000000004,Solved
G?bLbW,11,4,4.0000000003,0.0000000003,1.0000000001,Solved
G?bLb[,12,4,4.0000000000,-0.0000000000,1.0000000000,Solved
G?bLbg,11,4,4.0000000004,0.0000000004,1.0000000001,Solved
G?bLbk,12,4,4.0000000002,0.0000000002,1.0000000000,Solved
G?bLbo,11,4,4.0000000002,0.0000000002,1.0000000001,Solved
G?bLbs,12,4,4.0000000006,0.0000000006,1.0000000001,Solved
G?bLbw,12,4,4.0000000010,0.0000000010,1.0000000003,Solved
G?bLb{,13,4,4.0000000000,-0.0000000000,1.0000000000,Solved
G?bLc[,11,4,4.0000000006,0.0000000006,1.0000000001,Solved
G?bLdK,11,4,4.0000000028,0.0000000028,1.0000000007,Solved
G?bLdS,11,4,4.0000000007,0.0000000007,1.0000000002,Solved
G?bLdW,11,4,4.0000000002,0.0000000002,1.0000000001,Solved
G?bLd[,12,4,4.0000000001,0.0000000001,1.0000000000,Solved
G?bLdg,11,4,4.0000000011,0.0000000011,1.0000000003,Solved
G?bLdk,12,4,4.0000000011,0.0000000011,1.0000000003,Solved
G?bLds,12,4,4.0000000004,0.0000000004,1.0000000001,Solved
G?bLdw,12,4,4.0000000006,0.0000000006,1.0000000001,Solved
G?bLd{,13,4,3.9999999997,-0.0000000003,0.9999999999,Solved
G?bLeK,11,4,4.0000000017,0.0000000017,1.0000000004,Solved
G?bLeS,11,4,4.0000000013,0.0000000013,1.0000000003,Solved
G?bLeW,11,4,4.0000000000,0.0000000000,1.0000000000,Solved
G?bLe[,12,4,4.0000000012,0.0000000012,1.0000000003,Solved
G?bLfC,11,4,4.0000000005,0.0000000005,1.0000000001,Solved
G?bLfG,11,4,4.0000000000,-0.0000000000,1.0000000000,Solved
G?bLfK,12,4,3.9999999999,-0.0000000001,1.0000000000,Solved
G?bLfS,12,4,4.0000000000,0.0000000000,1.0000000000,Solved
G?bLfW,12,4,4.0000000003,0.0000000003,1.0000000001,Solved
G?bLf[,13,4,4.0000000002,0.0000000002,1.0000000000,Solved
G?bLfc,12,4,4.0000000003,0.0000000003,1.0000000001,Solved
G?bLfg,12,4,4.0000000000,-0.0000000000,1.0000000000,Solved
G?bLfk,13,4,3.9999999998,-0.0000000002,0.9999999999,Solved
G?bLfo,12,4,4.0000000004,0.0000000004,1.0000000001,Solved
G?bLfs,13,4,3.9999999998,-0.0000000002,0.9999999999,Solved
G?bLfw,13,4,3.9999999997,-0.0000000003,0.9999999999,Solved
G?bLf{,14,4,3.9999999999,-0.0000000001,1.0000000000,Solved
G?bLts,13,4,4.0000000003,0.0000000003,1.0000000001,Solved
G?bLtw,13,4,4.0000000006,0.0000000006,1.0000000001,Solved
G?bLt{,14,4,4.0000000002,0.0000000002,1.0000000000,Solved
G?bLvW,13,4,4.0000000000,0.0000000000,1.0000000000,Solved
G?bLv[,14,4,4.0000000001,0.0000000001,1.0000000000,Solved
G?bLvg,13,4,4.0000000004,0.0000000004,1.0000000001,Solved
G?bLvk,14,4,4.0000000007,0.0000000007,1.0000000002,Solved
G?bLvo,13,4,4.0000000001,0.0000000001,1.0000000000,Solved
G?bLvs,14,4,4.0000000001,0.0000000001,1.0000000000,Solved
G?bLvw,14,4,4.0000000001,0.0000000001,1.0000000000,Solved
G?bLv{,15,4,4.0000000002,0.0000000002,1.0000000000,Solved
G?bL|{,15,4,4.0000000013,0.0000000013,1.0000000003,Solved
G?bL~w,15,4,4.0000000008,0.0000000008,1.0000000002,Solved
G?bL~{,16,4,4.0000000001,0.0000000001,1.0000000000,Solved
G?bMPk,11,4,4.0000000007,0.0000000007,1.0000000002,Solved
G?bMRk,12,4,4.0000000018,0.0000000018,1.0000000005,Solved
G?bMTk,12,4,4.0000000001,0.0000000001,1.0000000000,Solved
G?bMTw,12,4,4.0000000050,0.0000000050,1.0000000012,Solved
G?bMT{,13,4,4.0000000002,0.0000000002,1.0000000000,Solved
G?bMVg,12,4,4.0000000004,0.0000000004,1.0000000001,Solved
G?bMVk,13,4,4.0000000036,0.0000000036,1.0000000009,Solved
G?bMVo,12,4,4.0000000012,0.0000000012,1.0000000003,Solved
G?bMVw,13,4,4.0000000008,0.0000000008,1.0000000002,Solved
G?bMV{,14,4,4.0000000002,0.0000000002,1.0000000000,Solved
G?bM\w,13,4,4.0000000013,0.0000000013,1.0000000003,Solved
G?bM\{,14,4,4.0000000001,0.0000000001,1.0000000000,Solved
G?bM^k,14,4,4.0000000003,0.0000000003,1.0000000001,Solved
G?bM^o,13,4,3.9999999994,-0.0000000006,0.9999999998,Solved
G?bM^w,14,4,4.0000000003,0.0000000003,1.0000000001,Solved
G?bM^{,15,4,3.9999999997,-0.0000000003,0.9999999999,Solved
G?bN?{,11,4,4.0000000029,0.0000000029,1.0000000007,Solved
G?bN@k,11,4,4.0000000003,0.0000000003,1.0000000001,Solved
G?bN@s,11,4,4.0000000004,0.0000000004,1.0000000001,Solved
G?bN@w,11,4,4.0000000011,0.0000000011,1.0000000003,Solved
G?bN@{,12,4,4.0000000000,-0.0000000000,1.0000000000,Solved
G?bNAk,11,4,4.0000000000,0.0000000000,1.0000000000,Solved
G?bNAs,11,4,4.0000000018,0.0000000018,1.0000000005,Solved
G?bNAw,11,4,4.0000000003,0.0000000003,1.0000000001,Solved
G?bNA{,12,4,4.0000000000,0.0000000000,1.0000000000,Solved
G?bNBg,11,4,4.0000000004,0.0000000004,1.0000000001,Solved
G?bNBk,12,4,4.0000000003,0.0000000003,1.0000000001,Solved
G?bNBo,11,4,4.0000000001,0.0000000001,1.0000000000,Solved
G?bNBs,12,4,4.0000000001,0.0000000001,1.0000000000,Solved
G?bNBw,12,4,3.9999999999,-0.0000000001,1.0000000000,Solved
G?bNB{,13,4,3.9999999995,-0.0000000005,0.9999999999,Solved
G?bNCs,11,4,4.0000000002,0.0000000002,1.0000000000,Solved
G?bNC{,12,4,4.0000000001,0.0000000001,1.0000000000,Solved
G?bNDk,12,4,3.9999999999,-0.0000000001,1.0000000000,Solved
G?bNDo,11,4,4.0000000006,0.0000000006,1.0000000001,Solved
G?bNDs,12,4,4.0000000004,0.0000000004,1.0000000001,Solved
G?bNDw,12,4,4.0000000005,0.0000000005,1.0000000001,Solved
G?bND{,13,4,3.9999999995,-0.0000000005,0.9999999999,Solved
G?bNEc,11,4,3.9999999999,-0.0000000001,1.0000000000,Solved
G?bNEk,12,4,3.9999999999,-0.0000000001,1.0000000000,Solved
G?bNEs,12,4,3.9999999994,-0.0000000006,0.9999999999,Solved
G?bNEw,12,4,3.9999999999,-0.0000000001,1.0000000000,Solved
G?bNE{,13,4,4.0000000002,0.0000000002,1.0000000000,Solved
G?bNFc,12,4,3.9999999995,-0.0000000005,0.9999999999,Solved
G?bNFg,12,4,3.9999999999,-0.0000000001,1.0000000000,Solved
G?bNFk,13,4,4.0000000005,0.0000000005,1.0000000001,Solved
G?bNFo,12,4,3.9999999997,-0.0000000003,0.9999999999,Solved
G?bNFs,13,4,4.0000000002,0.0000000002,1.0000000001,Solved
G?bNFw,13,4,3.9999999995,-0.0000000005,0.9999999999,Solved
G?bNF{,14,4,3.9999999984,-0.0000000016,0.9999999996,Solved
G?bNS{,13,4,4.0000000000,-0.0000000000,1.0000000000,Solved
G?bNTk,13,4,4.0000000000,0.0000000000,1.0000000000,Solved
G?bNTs,13,4,3.9999999998,-0.0000000002,1.0000000000,Solved
G?bNTw,13,4,4.0000000003,0.0000000003,1.0000000001,Solved
G?bNT{,14,4,4.0000000012,0.0000000012,1.0000000003,Solved
G?bNUs,13,4,3.9999999999,-0.0000000001,1.0000000000,Solved
G?bNUw,13,4,4.0000000004,0.0000000004,1.0000000001,Solved
G?bNU{,14,4,4.0000000009,0.0000000009,1.0000000002,Solved
G?bNVg,13,4,4.0000000003,0.0000000003,1.0000000001,Solved
G?bNVk,14,4,4.0000000010,0.0000000010,1.0000000002,Solved
G?bNVo,13,4,3.9999999998,-0.0000000002,0.9999999999,Solved
G?bNVs,14,4,4.0000000011,0.0000000011,1.0000000003,Solved
G?bNVw,14,4,4.0000000009,0.0000000009,1.0000000002,Solved
G?bNV{,15,4,4.0000000010,0.0000000010,1.0000000002,Solved
G?bN\{,15,4,4.0000000002,0.0000000002,1.0000000001,Solved
G?bN]{,15,4,4.0000000019,0.0000000019,1.0000000005,Solved
G?bN^o,14,4,4.0000000011,0.0000000011,1.0000000003,Solved
G?bN^s,15,4,4.0000000014,0.0000000014,1.0000000003,Solved
G?bN^w,15,4,4.0000000012,0.0000000012,1.0000000003,Solved
G?bN^{,16,4,4.0000000014,0.0000000014,1.0000000003,Solved
G?bN`{,13,4,3.9999999999,-0.0000000001,1.0000000000,Solved
G?bNbo,12,4,4.0000000051,0.0000000051,1.0000000013,Solved
G?bNbs,13,4,4.0000000004,0.0000000004,1.0000000001,Solved
G?bNbw,13,4,4.0000000003,0.0000000003,1.0000000001,Solved
G?bNb{,14,4,4.0000000007,0.0000000007,1.0000000002,Solved
G?bNd[,13,4,4.0000000004,0.0000000004,1.0000000001,Solved
G?bNdk,13,4,3.9999999999,-0.0000000001,1.0000000000,Solved
G?bNds,13,4,4.0000000001,0.0000000001,1.0000000000,Solved
G?bNdw,13,4,4.0000000003,0.0000000003,1.0000000001,Solved
G?bNd{,14,4,3.9999999998,-0.0000000002,1.0000000000,Solved
G?bNe[,13,4,4.0000000000,0.0000000000,1.0000000000,Solved
G?bNfS,13,4,4.0000000002,0.0000000002,1.0000000000,Solved
G?bNfW,13,4,4.0000000002,0.0000000002,1.0000000000,Solved
G?bNf[,14,4,4.0000000003,0.0000000003,1.0000000001,Solved
G?bNfc,13,4,3.9999999999,-0.0000000001,1.0000000000,Solved
G?bNfg,13,4,4.0000000002,0.0000000002,1.0000000000,Solved
G?bNfk,14,4,4.0000000003,0.0000000003,1.0000000001,Solved
G?bNfo,13,4,4.0000000002,0.0000000002,1.0000000000,Solved
G?bNfs,14,4,3.9999999995,-0.0000000005,0.9999999999,Solved
G?bNfw,14,4,4.0000000007,0.0000000007,1.0000000002,Solved
G?bNf{,15,4,4.0000000002,0.0000000002,1.0000000001,Solved
G?bNj{,15,4,4.0000000029,0.0000000029,1.0000000007,Solved
G?bNl{,15,4,4.0000000020,0.0000000020,1.0000000005,Solved
G?bNn[,15,4,4.0000000022,0.0000000022,1.0000000006,Solved
G?bNnk,15,4,4.0000000000,0.0000000000,1.0000000000,Solved
G?bNno,14,4,4.0000000006,0.0000000006,1.0000000001,Solved
G?bNns,15,4,4.0000000002,0.0000000002,1.0000000001,Solved
G?bNnw,15,4,4.0000000002,0.0000000002,1.0000000000,Solved
G?bNn{,16,4,4.0000000004,0.0000000004,1.0000000001,Solved
G?bNtw,14,4,4.0000000003,0.0000000003,1.0000000001,Solved
G?bNt{,15,4,4.0000000015,0.0000000015,1.0000000004,Solved
G?bNvo,14,4,4.0000000024,0.0000000024,1.0000000006,Solved
G?bNvs,15,4,4.0000000004,0.0000000004,1.0000000001,Solved
G?bNvw,15,4,4.0000000011,0.0000000011,1.0000000003,Solved
G?bNv{,16,4,4.0000000006,0.0000000006,1.0000000001,Solved
G?bN~w,16,4,4.0000000005,0.0000000005,1.0000000001,Solved
G?bN~{,17,4,4.0000000008,0.0000000008,1.0000000002,Solved
G?bapk,11,4,4.0000000029,0.0000000029,1.0000000007,Solved
G?barK,11,4,4.0000000004,0.0000000004,1.0000000001,Solved
G?barg,11,4,4.0000000000,0.0000000000,1.0000000000,Solved
G?bark,12,4,4.0000000000,-0.0000000000,1.0000000000,Solved
G?barw,12,4,4.0000000011,0.0000000011,1.0000000003,Solved
G?bas[,11,4,4.0000000004,0.0000000004,1.0000000001,Solved
G?bask,11,4,4.0000000027,0.0000000027,1.0000000007,Solved
G?batK,11,4,4.0000000017,0.0000000017,1.0000000004,Solved
G?bat[,12,4,4.0000000000,-0.0000000000,1.0000000000,Solved
G?batg,11,4,4.0000000004,0.0000000004,1.0000000001,Solved
G?batk,12,4,4.0000000000,0.0000000000,1.0000000000,Solved
G?bato,11,4,4.0000000045,0.0000000045,1.0000000011,Solved
G?batw,12,4,4.0000000008,0.0000000008,1.0000000002,Solved
G?bat{,13,4,4.0000000012,0.0000000012,1.0000000003,Solved
G?bauK,11,4,4.0000000014,0.0000000014,1.0000000004,Solved
G?bau[,12,4,4.0000000015,0.0000000015,1.0000000004,Solved
G?baug,11,4,4.0000000001,0.0000000001,1.0000000000,Solved
G?bauk,12,4,4.0000000019,0.0000000019,1.0000000005,Solved
G?bauw,12,4,4.0000000003,0.0000000003,1.0000000001,Solved
G?bavG,11,4,4.0000000003,0.0000000003,1.0000000001,Solved
G?bavK,12,4,4.0000000005,0.0000000005,1.0000000001,Solved
G?bavO,11,4,4.0000000033,0.0000000033,1.0000000008,Solved
G?bavW,12,4,4.0000000004,0.0000000004,1.0000000001,Solved
G?bav[,13,4,4.0000000006,0.0000000006,1.0000000001,Solved
G?bav_,11,4,4.0000000004,0.0000000004,1.0000000001,Solved
G?bavg,12,4,4.0000000018,0.0000000018,1.0000000004,Solved
G?bavk,13,4,4.0000000012,0.0000000012,1.0000000003,Solved
G?bavo,12,4,4.0000000010,0.0000000010,1.0000000002,Solved
G?bavw,13,4,4.0000000016,0.0000000016,1.0000000004,Solved
G?bav{,14,4,4.0000000009,0.0000000009,1.0000000002,Solved
G?ba|[,13,4,4.0000000002,0.0000000002,1.0000000001,Solved
G?ba|{,14,4,4.0000000010,0.0000000010,1.0000000002,Solved
G?ba}[,13,4,4.0000000012,0.0000000012,1.0000000003,Solved
G?ba}w,13,4,4.0000000005,0.0000000005,1.0000000001,Solved
G?ba~[,14,4,4.0000000002,0.0000000002,1.0000000001,Solved
G?ba~g,13,4,4.0000000002,0.0000000002,1.0000000000,Solved
G?ba~k,14,4,4.0000000003,0.0000000003,1.0000000001,Solved
G?ba~o,13,4,4.0000000009,0.0000000009,1.0000000002,Solved
G?ba~w,14,4,4.0000000013,0.0000000013,1.0000000003,Solved
G?ba~{,15,4,3.9999999988,-0.0000000012,0.9999999997,Solved
G?bbQk,11,4,4.0000000003,0.0000000003,1.0000000001,Solved
G?bbRk,12,4,4.0000000007,0.0000000007,1.0000000002,Solved
G?bbRw,12,4,4.0000000062,0.0000000062,1.0000000015,Solved
G?bbSk,11,4,4.0000000089,0.0000000089,1.0000000022,Solved
G?bbS{,12,4,4.0000000003,0.0000000003,1.0000000001,Solved
G?bbUk,12,4,4.0000000018,0.0000000018,1.0000000005,Solved
G?bbUo,11,4,4.0000000059,0.0000000059,1.0000000015,Solved
G?bbUw,12,4,4.0000000024,0.0000000024,1.0000000006,Solved
G?bbU{,13,4,4.0000000007,0.0000000007,1.0000000002,Solved
G?bbV_,11,4,4.0000000031,0.0000000031,1.0000000008,Solved
G?bbVg,12,4,4.0000000046,0.0000000046,1.0000000012,Solved
G?bbVk,13,4,4.0000000013,0.0000000013,1.0000000003,Solved
G?bbVo,12,4,4.0000000004,0.0000000004,1.0000000001,Solved
G?bbVw,13,4,4.0000000013,0.0000000013,1.0000000003,Solved
G?bbV{,14,4,4.0000000002,0.0000000002,1.0000000001,Solved
G?bb[{,13,4,4.0000000020,0.0000000020,1.0000000005,Solved
G?bb]k,13,4,4.0000000006,0.0000000006,1.0000000001,Solved
G?bb]{,14,4,4.0000000030,0.0000000030,1.0000000007,Solved
G?bb^g,13,4,4.0000000018,0.0000000018,1.0000000004,Solved
G?bb^k,14,4,4.0000000000,0.0000000000,1.0000000000,Solved
G?bb^o,13,4,4.0000000004,0.0000000004,1.0000000001,Solved
G?bb^w,14,4,4.0000000009,0.0000000009,1.0000000002,Solved
G?bb^{,15,4,4.0000000043,0.0000000043,1.0000000011,Solved
G?bbqw,12,4,3.9999999997,-0.0000000003,0.9999999999,Solved
G?bbrW,12,4,4.0000000008,0.0000000008,1.0000000002,Solved
G?bbro,12,4,4.0000000014,0.0000000014,1.0000000004,Solved
G?bbrs,13,4,4.0000000033,0.0000000033,1.0000000008,Solved
G?bbrw,13,4,4.0000000018,0.0000000018,1.0000000005,Solved
G?bbr{,14,4,4.0000000017,0.0000000017,1.0000000004,Solved
G?bbsw,12,4,4.0000000000,-0.0000000000,1.0000000000,Solved
G?bbuW,12,4,4.0000000003,0.0000000003,1.0000000001,Solved
G?bbug,12,4,4.0000000005,0.0000000005,1.0000000001,Solved
G?bbuw,13,4,4.0000000005,0.0000000005,1.0000000001,Solved
G?bbu{,14,4,4.0000000003,0.0000000003,1.0000000001,Solved
G?bbvG,12,4,4.0000000011,0.0000000011,1.0000000003,Solved
G?bbvW,13,4,4.0000000009,0.0000000009,1.0000000002,Solved
G?bbv[,14,4,4.0000000004,0.0000000004,1.0000000001,Solved
G?bbvg,13,4,4.0000000003,0.0000000003,1.0000000001,Solved
G?bbvk,14,4,4.0000000022,0.0000000022,1.0000000005,Solved
G?bbvo,13,4,4.0000000002,0.0000000002,1.0000000000,Solved
G?bbvs,14,4,3.9999999999,-0.0000000001,1.0000000000,Solved
G?bbvw,14,4,4.0000000003,0.0000000003,1.0000000001,Solved
G?bbv{,15,4,4.0000000000,-0.0000000000,1.0000000000,Solved
G?bbz{,15,4,4.0000000011,0.0000000011,1.0000000003,Solved
G?bb~w,15,4,4.0000000005,0.0000000005,1.0000000001,Solved
G?bb~{,16,4,4.0000000004,0.0000000004,1.0000000001,Solved
G?bczs,13,4,4.0000000018,0.0000000018,1.0000000004,Solved
G?bcz{,14,4,4.0000000003,0.0000000003,1.0000000001,Solved
G?bc{{,13,4,4.0000000001,0.0000000001,1.0000000000,Solved
G?bc}[,13,4,4.0000000009,0.0000000009,1.0000000002,Solved
G?bc}s,13,4,3.9999999996,-0.0000000004,0.9999999999,Solved
G?bc}{,14,4,3.9999999998,-0.0000000002,0.9999999999,Solved
G?bc~S,13,4,4.0000000001,0.0000000001,1.0000000000,Solved
G?bc~W,13,4,4.0000000006,0.0000000006,1.0000000001,Solved
G?bc~[,14,4,4.0000000010,0.0000000010,1.0000000003,Solved
G?bc~c,13,4,4.0000000003,0.0000000003,1.0000000001,Solved
G?bc~k,14,4,4.0000000000,0.0000000000,1.0000000000,Solved
G?bc~o,13,4,4.0000000007,0.0000000007,1.0000000002,Solved
G?bc~s,14,4,3.9999999995,-0.0000000005,0.9999999999,Solved
G?bc~w,14,4,3.9999999993,-0.0000000007,0.9999999998,Solved
G?bc~{,15,4,3.9999999996,-0.0000000004,0.9999999999,Solved
G?beZs,13,4,4.0000000005,0.0000000005,1.0000000001,Solved
G?beZw,13,4,4.0000000002,0.0000000002,1.0000000000,Solved
G?beZ{,14,4,4.0000000012,0.0000000012,1.0000000003,Solved
G?be\s,13,4,4.0000000025,0.0000000025,1.0000000006,Solved
G?be\w,13,4,4.0000000001,0.0000000001,1.0000000000,Solved
G?be\{,14,4,4.0000000002,0.0000000002,1.0000000000,Solved
G?be]s,13,4,3.9999999999,-0.0000000001,1.0000000000,Solved
G?be]w,13,4,3.9999999998,-0.0000000002,0.9999999999,Solved
G?be]{,14,4,4.0000000021,0.0000000021,1.0000000005,Solved
G?be^c,13,4,4.0000000000,0.0000000000,1.0000000000,Solved
G?be^g,13,4,4.0000000001,0.0000000001,1.0000000000,Solved
G?be^k,14,4,4.0000000000,0.0000000000,1.0000000000,Solved
G?be^o,13,4,4.0000000006,0.0000000006,1.0000000002,Solved
G?be^s,14,4,4.0000000004,0.0000000004,1.0000000001,Solved
G?be^w,14,4,4.0000000003,0.0000000003,1.0000000001,Solved
G?be^{,15,4,4.0000000007,0.0000000007,1.0000000002,Solved
G?be`[,11,4,4.0000000004,0.0000000004,1.0000000001,Solved
G?be`k,11,4,4.0000000012,0.0000000012,1.0000000003,Solved
G?be`w,11,4,4.0000000002,0.0000000002,1.0000000000,Solved
G?be`{,12,4,3.9999999993,-0.0000000007,0.9999999998,Solved
G?bea[,11,4,4.0000000002,0.0000000002,1.0000000000,Solved
G?beaw,11,4,4.0000000006,0.0000000006,1.0000000002,Solved
G?bebK,11,4,4.0000000000,-0.0000000000,1.0000000000,Solved
G?bebW,11,4,4.0000000000,0.0000000000,1.0000000000,Solved
G?beb[,12,4,4.0000000004,0.0000000004,1.0000000001,Solved
G?bebg,11,4,4.0000000012,0.0000000012,1.0000000003,Solved
G?bebk,12,4,4.0000000006,0.0000000006,1.0000000001,Solved
G?bebo,11,4,4.0000000009,0.0000000009,1.0000000002,Solved
G?bebw,12,4,4.0000000030,0.0000000030,1.0000000007,Solved
G?beb{,13,4,4.0000000001,0.0000000001,1.0000000000,Solved
G?bec[,11,4,4.0000000005,0.0000000005,1.0000000001,Solved
G?becw,11,4,4.0000000000,-0.0000000000,1.0000000000,Solved
G?bedK,11,4,4.0000000006,0.0000000006,1.0000000001,Solved
G?bed[,12,4,4.0000000001,0.0000000001,1.0000000000,Solved
G?bedg,11,4,4.0000000002,0.0000000002,1.0000000000,Solved
G?bedk,12,4,3.9999999995,-0.0000000005,0.9999999999,Solved
G?bedo,11,4,4.0000000000,-0.0000000000,1.0000000000,Solved
G?bedw,12,4,4.0000000005,0.0000000005,1.0000000001,Solved
G?bed{,13,4,4.0000000000,0.0000000000,1.0000000000,Solved
G?beeW,11,4,4.0000000001,0.0000000001,1.0000000000,Solved
G?bee[,12,4,3.9999999999,-0.0000000001,1.0000000000,Solved
G?beeg,11,4,4.0000000019,0.0000000019,1.0000000005,Solved
G?beew,12,4,4.0000000004,0.0000000004,1.0000000001,Solved
G?befG,11,4,4.0000000000,0.0000000000,1.0000000000,Solved
G?befK,12,4,4.0000000004,0.0000000004,1.0000000001,Solved
G?befO,11,4,3.9999999996,-0.0000000004,0.9999999999,Solved
G?befW,12,4,4.0000000001,0.0000000001,1.0000000000,Solved
G?bef[,13,4,4.0000000001,0.0000000001,1.0000000000,Solved
G?bef_,11,4,4.0000000002,0.0000000002,1.0000000001,Solved
G?befg,12,4,3.9999999990,-0.0000000010,0.9999999997,Solved
G?befk,13,4,4.0000000008,0.0000000008,1.0000000002,Solved
G?befo,12,4,4.0000000000,-0.0000000000,1.0000000000,Solved
G?befw,13,4,4.0000000000,-0.0000000000,1.0000000000,Solved
G?bef{,14,4,4.0000000001,0.0000000001,1.0000000000,Solved
G?beh{,13,4,4.0000000005,0.0000000005,1.0000000001,Solved
G?bejw,13,4,4.0000000030,0.0000000030,1.0000000008,Solved
G?bej{,14,4,4.0000000027,0.0000000027,1.0000000007,Solved
G?bel[,13,4,4.0000000003,0.0000000003,1.0000000001,Solved
G?belk,13,4,4.0000000015,0.0000000015,1.0000000004,Solved
G?belw,13,4,4.0000000004,0.0000000004,1.0000000001,Solved
G?bel{,14,4,4.0000000003,0.0000000003,1.0000000001,Solved
G?bem[,13,4,4.0000000000,-0.0000000000,1.0000000000,Solved
G?bemw,13,4,4.0000000014,0.0000000014,1.0000000003,Solved
G?benW,13,4,4.0000000012,0.0000000012,1.0000000003,Solved
G?ben[,14,4,4.0000000014,0.0000000014,1.0000000003,Solved
G?beng,13,4,4.0000000003,0.0000000003,1.0000000001,Solved
G?benk,14,4,4.0000000008,0.0000000008,1.0000000002,Solved
G?beno,13,4,4.0000000002,0.0000000002,1.0000000001,Solved
G?benw,14,4,4.0000000015,0.0000000015,1.0000000004,Solved
G?ben{,15,4,4.0000000001,0.0000000001,1.0000000000,Solved
G?bepw,12,4,4.0000000029,0.0000000029,1.0000000007,Solved
G?bep{,13,4,4.0000000034,0.0000000034,1.0000000009,Solved
G?beqw,12,4,4.0000000002,0.0000000002,1.0000000000,Solved
G?beq{,13,4,4.0000000020,0.0000000020,1.0000000005,Solved
G?berW,12,4,4.0000000005,0.0000000005,1.0000000001,Solved
G?ber[,13,4,4.0000000000,-0.0000000000,1.0000000000,Solved
G?berk,13,4,4.0000000005,0.0000000005,1.0000000001,Solved
G?bero,12,4,4.0000000001,0.0000000001,1.0000000000,Solved
G?bers,13,4,4.0000000009,0.0000000009,1.0000000002,Solved
G?berw,13,4,4.0000000011,0.0000000011,1.0000000003,Solved
G?ber{,14,4,4.0000000004,0.0000000004,1.0000000001,Solved
G?bets,13,4,3.9999999999,-0.0000000001,1.0000000000,Solved
G?betw,13,4,4.0000000003,0.0000000003,1.0000000001,Solved
G?bet{,14,4,4.0000000003,0.0000000003,1.0000000001,Solved
G?beus,13,4,3.9999999999,-0.0000000001,1.0000000000,Solved
G?beuw,13,4,4.0000000002,0.0000000002,1.0000000000,Solved
G?beu{,14,4,4.0000000001,0.0000000001,1.0000000000,Solved
G?bevK,13,4,4.0000000021,0.0000000021,1.0000000005,Solved
G?bevS,13,4,4.0000000004,0.0000000004,1.0000000001,Solved
G?bevW,13,4,4.0000000003,0.0000000003,1.0000000001,Solved
G?bev[,14,4,4.0000000005,0.0000000005,1.0000000001,Solved
G?bevc,13,4,4.0000000000,0.0000000000,1.0000000000,Solved
G?bevg,13,4,4.0000000003,0.0000000003,1.0000000001,Solved
G?bevk,14,4,4.0000000011,0.0000000011,1.0000000003,Solved
G?bevo,13,4,4.0000000000,0.0000000000,1.0000000000,Solved
G?bevs,14,4,4.0000000001,0.0000000001,1.0000000000,Solved
G?bevw,14,4,4.0000000000,-0.0000000000,1.0000000000,Solved
G?bev{,15,4,4.0000000001,0.0000000001,1.0000000000,Solved
G?bez{,15,4,4.0000000007,0.0000000007,1.0000000002,Solved
G?be|{,15,4,4.0000000013,0.0000000013,1.0000000003,Solved
G?be}{,15,4,4.0000000008,0.0000000008,1.0000000002,Solved
G?be~[,15,4,4.0000000005,0.0000000005,1.0000000001,Solved
G?be~k,15,4,4.0000000026,0.0000000026,1.0000000006,Solved
G?be~o,14,4,4.0000000004,0.0000000004,1.0000000001,Solved
G?be~s,15,4,4.0000000022,0.0000000022,1.0000000005,Solved
G?be~w,15,4,4.0000000008,0.0000000008,1.0000000002,Solved
G?be~{,16,4,4.0000000010,0.0000000010,1.0000000002,Solved
G?bf?{,11,4,4.0000000040,0.0000000040,1.0000000010,Solved
G?bfAk,11,4,4.0000000029,0.0000000029,1.0000000007,Solved
G?bfAw,11,4,4.0000000013,0.0000000013,1.0000000003,Solved
G?bfA{,12,4,4.0000000007,0.0000000007,1.0000000002,Solved
G?bfBg,11,4,4.0000000010,0.0000000010,1.0000000003,Solved
G?bfBk,12,4,4.0000000006,0.0000000006,1.0000000002,Solved
G?bfBo,11,4,4.0000000002,0.0000000002,1.0000000001,Solved
G?bfBw,12,4,4.0000000015,0.0000000015,1.0000000004,Solved
G?bfB{,13,4,4.0000000005,0.0000000005,1.0000000001,Solved
G?bfCk,11,4,4.0000000001,0.0000000001,1.0000000000,Solved
G?bfC{,12,4,4.0000000003,0.0000000003,1.0000000001,Solved
G?bfEk,12,4,4.0000000022,0.0000000022,1.0000000006,Solved
G?bfEw,12,4,4.0000000013,0.0000000013,1.0000000003,Solved
G?bfE{,13,4,4.0000000051,0.0000000051,1.0000000013,Solved
G?bfF_,11,4,4.0000000008,0.0000000008,1.0000000002,Solved
G?bfFg,12,4,4.0000000011,0.0000000011,1.0000000003,Solved
G?bfFk,13,4,4.0000000021,0.0000000021,1.0000000005,Solved
G?bfFo,12,4,4.0000000001,0.0000000001,1.0000000000,Solved
G?bfFw,13,4,4.0000000021,0.0000000021,1.0000000005,Solved
G?bfF{,14,4,4.0000000003,0.0000000003,1.0000000001,Solved
G?bfI{,13,4,4.0000000000,0.0000000000,1.0000000000,Solved
G?bfJw,13,4,4.0000000033,0.0000000033,1.0000000008,Solved
G?bfJ{,14,4,4.0000000015,0.0000000015,1.0000000004,Solved
G?bfK{,13,4,4.0000000000,0.0000000000,1.0000000000,Solved
G?bfMk,13,4,4.0000000008,0.0000000008,1.0000000002,Solved
G?bfM{,14,4,4.0000000000,0.0000000000,1.0000000000,Solved
G?bfNg,13,4,4.0000000000,0.0000000000,1.0000000000,Solved
G?bfNk,14,4,3.9999999997,-0.0000000003,0.9999999999,Solved
G?bfNo,13,4,4.0000000024,0.0000000024,1.0000000006,Solved
G?bfNw,14,4,4.0000000024,0.0000000024,1.0000000006,Solved
G?bfN{,15,4,4.0000000024,0.0000000024,1.0000000006,Solved
G?bfRo,12,4,4.0000000006,0.0000000006,1.0000000002,Solved
G?bfRs,13,4,4.0000000000,-0.0000000000,1.0000000000,Solved
G?bfRw,13,4,4.0000000007,0.0000000007,1.0000000002,Solved
G?bfR{,14,4,4.0000000009,0.0000000009,1.0000000002,Solved
G?bfUw,13,4,4.0000000015,0.0000000015,1.0000000004,Solved
G?bfU{,14,4,4.0000000027,0.0000000027,1.0000000007,Solved
G?bfVg,13,4,4.0000000024,0.0000000024,1.0000000006,Solved
G?bfVk,14,4,4.0000000020,0.0000000020,1.0000000005,Solved
G?bfVo,13,4,4.0000000004,0.0000000004,1.0000000001,Solved
G?bfVs,14,4,4.0000000011,0.0000000011,1.0000000003,Solved
G?bfVw,14,4,4.0000000025,0.0000000025,1.0000000006,Solved
G?bfV{,15,4,4.0000000002,0.0000000002,1.0000000001,Solved
G?bfZ{,15,4,4.0000000008,0.0000000008,1.0000000002,Solved
G?bf^o,14,4,4.0000000000,0.0000000000,1.0000000000,Solved
G?bf^s,15,4,4.0000000010,0.0000000010,1.0000000003,Solved
G?bf^w,15,4,4.0000000000,-0.0000000000,1.0000000000,Solved
G?bf^{,16,4,3.9999999999,-0.0000000001,1.0000000000,Solved
G?bfa{,13,4,4.0000000003,0.0000000003,1.0000000001,Solved
G?bfb[,13,4,4.0000000008,0.0000000008,1.0000000002,Solved
G?bfbk,13,4,4.0000000004,0.0000000004,1.0000000001,Solved
G?bfbo,12,4,4.0000000026,0.0000000026,1.0000000006,Solved
G?bfbs,13,4,4.0000000021,0.0000000021,1.0000000005,Solved
G?bfbw,13,4,4.0000000006,0.0000000006,1.0000000002,Solved
G?bfb{,14,4,3.9999999998,-0.0000000002,0.9999999999,Solved
G?bfew,13,4,4.0000000007,0.0000000007,1.0000000002,Solved
G?bfe{,14,4,4.0000000009,0.0000000009,1.0000000002,Solved
G?bffS,13,4,4.0000000002,0.0000000002,1.0000000000,Solved
G?bffW,13,4,4.0000000009,0.0000000009,1.0000000002,Solved
G?bff[,14,4,4.0000000010,0.0000000010,1.0000000003,Solved
G?bffc,13,4,4.0000000002,0.0000000002,1.0000000001,Solved
G?bffg,13,4,4.0000000008,0.0000000008,1.0000000002,Solved
G?bffk,14,4,4.0000000001,0.0000000001,1.0000000000,Solved
G?bffo,13,4,4.0000000003,0.0000000003,1.0000000001,Solved
G?bffs,14,4,4.0000000002,0.0000000002,1.0000000001,Solved
G?bffw,14,4,4.0000000002,0.0000000002,1.0000000001,Solved
G?bff{,15,4,4.0000000006,0.0000000006,1.0000000001,Solved
G?bfj{,15,4,4.0000000010,0.0000000010,1.0000000002,Solved
G?bfn[,15,4,4.0000000013,0.0000000013,1.0000000003,Solved
G?bfnk,15,4,4.0000000010,0.0000000010,1.0000000003,Solved
G?bfno,14,4,4.0000000005,0.0000000005,1.0000000001,Solved
G?bfns,15,4,4.0000000053,0.0000000053,1.0000000013,Solved
G?bfnw,15,4,4.0000000001,0.0000000001,1.0000000000,Solved
G?bfn{,16,4,4.0000000001,0.0000000001,1.0000000000,Solved
G?bfrw,14,4,4.0000000013,0.0000000013,1.0000000003,Solved
G?bfr{,15,4,4.0000000009,0.0000000009,1.0000000002,Solved
G?bfvo,14,4,4.0000000029,0.0000000029,1.0000000007,Solved
G?bfvs,15,4,4.0000000027,0.0000000027,1.0000000007,Solved
G?bfvw,15,4,4.0000000024,0.0000000024,1.0000000006,Solved
G?bfv{,16,4,4.0000000020,0.0000000020,1.0000000005,Solved
G?bf~w,16,4,3.9999999999,-0.0000000001,1.0000000000,Solved
G?bf~{,17,4,3.9999999999,-0.0000000001,1.0000000000,Solved
G?bmrk,14,4,4.0000000001,0.0000000001,1.0000000000,Solved
G?bmt[,14,4,4.0000000001,0.0000000001,1.0000000000,Solved
G?bmtk,14,4,4.0000000007,0.0000000007,1.0000000002,Solved
G?bmtw,14,4,4.0000000001,0.0000000001,1.0000000000,Solved
G?bmt{,15,4,4.0000000008,0.0000000008,1.0000000002,Solved
G?bmu[,14,4,4.0000000007,0.0000000007,1.0000000002,Solved
G?bmuw,14,4,4.0000000010,0.0000000010,1.0000000002,Solved
G?bmvK,14,4,4.0000000003,0.0000000003,1.0000000001,Solved
G?bmvW,14,4,3.9999999993,-0.0000000007,0.9999999998,Solved
G?bmv[,15,4,4.0000000044,0.0000000044,1.0000000011,Solved
G?bmvg,14,4,4.0000000003,0.0000000003,1.0000000001,Solved
G?bmvk,15,4,4.0000000004,0.0000000004,1.0000000001,Solved
G?bmvo,14,4,4.0000000009,0.0000000009,1.0000000002,Solved
G?bmvw,15,4,4.0000000001,0.0000000001,1.0000000000,Solved
G?bmv{,16,4,4.0000000005,0.0000000005,1.0000000001,Solved
G?bm|{,16,4,4.0000000003,0.0000000003,1.0000000001,Solved
G?bm~w,16,4,4.0000000004,0.0000000004,1.0000000001,Solved
G?bm~{,17,4,4.0000000002,0.0000000002,1.0000000000,Solved
G?bnRk,14,4,3.9999999995,-0.0000000005,0.9999999999,Solved
G?bnS{,14,4,3.9999999998,-0.0000000002,1.0000000000,Solved
G?bnUk,14,4,4.0000000002,0.0000000002,1.0000000000,Solved
G?bnU{,15,4,4.0000000001,0.0000000001,1.0000000000,Solved
G?bnVk,15,4,4.0000000001,0.0000000001,1.0000000000,Solved
G?bnVo,14,4,4.0000000003,0.0000000003,1.0000000001,Solved
G?bnVw,15,4,4.0000000003,0.0000000003,1.0000000001,Solved
G?bnV{,16,4,4.0000000007,0.0000000007,1.0000000002,Solved
G?bn]{,16,4,4.0000000023,0.0000000023,1.0000000006,Solved
G?bn^w,16,4,4.0000000001,0.0000000001,1.0000000000,Solved
G?bn^{,17,4,4.0000000000,-0.0000000000,1.0000000000,Solved
G?bnuw,15,4,4.0000000022,0.0000000022,1.0000000005,Solved
G?bnvW,15,4,4.0000000004,0.0000000004,1.0000000001,Solved
G?bnvo,15,4,4.0000000009,0.0000000009,1.0000000002,Solved
G?bnvs,16,4,4.0000000005,0.0000000005,1.0000000001,Solved
G?bnvw,16,4,4.0000000004,0.0000000004,1.0000000001,Solved
G?bnv{,17,4,4.0000000002,0.0000000002,1.0000000000,Solved
G?bn~{,18,4,4.0000000007,0.0000000007,1.0000000002,Solved
G?brrk,14,4,4.0000000005,0.0000000005,1.0000000001,Solved
G?bru[,14,4,4.0000000033,0.0000000033,1.0000000008,Solved
G?brvK,14,4,4.0000000001,0.0000000001,1.0000000000,Solved
G?brvO,13,4,4.0000000008,0.0000000008,1.0000000002,Solved
G?brv[,15,4,4.0000000002,0.0000000002,1.0000000001,Solved
G?brvg,14,4,4.0000000004,0.0000000004,1.0000000001,Solved
G?brvk,15,4,4.0000000002,0.0000000002,1.0000000001,Solved
G?brvo,14,4,4.0000000032,0.0000000032,1.0000000008,Solved
G?brvw,15,4,4.0000000021,0.0000000021,1.0000000005,Solved
G?brv{,16,4,4.0000000003,0.0000000003,1.0000000001,Solved
G?br~[,16,4,4.0000000003,0.0000000003,1.0000000001,Solved
G?br~{,17,4,4.0000000014,0.0000000014,1.0000000004,Solved
G?bvQ{,14,4,4.0000000002,0.0000000002,1.0000000001,Solved
G?bvR[,14,4,4.0000000007,0.0000000007,1.0000000002,Solved
G?bvRk,14,4,3.9999999999,-0.0000000001,1.0000000000,Solved
G?bvRs,14,4,4.0000000001,0.0000000001,1.0000000000,Solved
G?bvRw,14,4,4.0000000005,0.0000000005,1.0000000001,Solved
G?bvR{,15,4,4.0000000004,0.0000000004,1.0000000001,Solved
G?bvS{,14,4,4.0000000001,0.0000000001,1.0000000000,Solved
G?bvU[,14,4,4.0000000047,0.0000000047,1.0000000012,Solved
G?bvUk,14,4,4.0000000017,0.0000000017,1.0000000004,Solved
G?bvUs,14,4,4.0000000014,0.0000000014,1.0000000003,Solved
G?bvU{,15,4,4.0000000003,0.0000000003,1.0000000001,Solved
G?bvVK,14,4,4.0000000002,0.0000000002,1.0000000000,Solved
G?bvVS,14,4,3.9999999999,-0.0000000001,1.0000000000,Solved
G?bvVW,14,4,4.0000000004,0.0000000004,1.0000000001,Solved
G?bvV[,15,4,3.9999999986,-0.0000000014,0.9999999996,Solved
G?bvVc,14,4,4.0000000005,0.0000000005,1.0000000001,Solved
G?bvVg,14,4,4.0000000002,0.0000000002,1.0000000000,Solved
G?bvVk,15,4,4.0000000000,-0.0000000000,1.0000000000,Solved
G?bvVo,14,4,4.0000000004,0.0000000004,1.0000000001,Solved
G?bvVs,15,4,4.0000000004,0.0000000004,1.0000000001,Solved
G?bvVw,15,4,3.9999999997,-0.0000000003,0.9999999999,Solved
G?bvV{,16,4,4.0000000004,0.0000000004,1.0000000001,Solved
G?bv]{,16,4,4.0000000001,0.0000000001,1.0000000000,Solved
G?bv^[,16,4,4.0000000002,0.0000000002,1.0000000001,Solved
G?bv^s,16,4,4.0000000020,0.0000000020,1.0000000005,Solved
G?bv^w,16,4,4.0000000005,0.0000000005,1.0000000001,Solved
G?bv^{,17,4,4.0000000002,0.0000000002,1.0000000000,Solved
G?bvb[,14,4,4.0000000005,0.0000000005,1.0000000001,Solved
G?bvbk,14,4,4.0000000006,0.0000000006,1.0000000002,Solved
G?bvbo,13,4,4.0000000009,0.0000000009,1.0000000002,Solved
G?bvbw,14,4,4.0000000004,0.0000000004,1.0000000001,Solved
G?bvb{,15,4,4.0000000001,0.0000000001,1.0000000000,Solved
G?bve[,14,4,4.0000000016,0.0000000016,1.0000000004,Solved
G?bvfK,14,4,4.0000000001,0.0000000001,1.0000000000,Solved
G?bvf[,15,4,4.0000000004,0.0000000004,1.0000000001,Solved
G?bvfg,14,4,4.0000000025,0.0000000025,1.0000000006,Solved
G?bvfk,15,4,4.0000000007,0.0000000007,1.0000000002,Solved
G?bvfo,14,4,4.0000000016,0.0000000016,1.0000000004,Solved
G?bvfw,15,4,4.0000000011,0.0000000011,1.0000000003,Solved
G?bvf{,16,4,3.9999999998,-0.0000000002,0.9999999999,Solved
G?bvj{,16,4,4.0000000000,0.0000000000,1.0000000000,Solved
G?bvn[,16,4,4.0000000000,-0.0000000000,1.0000000000,Solved
G?bvnk,16,4,4.0000000011,0.0000000011,1.0000000003,Solved
G?bvnw,16,4,4.0000000012,0.0000000012,1.0000000003,Solved
G?bvn{,17,4,4.0000000000,0.0000000000,1.0000000000,Solved
G?bvrw,15,4,4.0000000001,0.0000000001,1.0000000000,Solved
G?bvr{,16,4,4.0000000018,0.0000000018,1.0000000005,Solved
G?bvvW,15,4,3.9999999998,-0.0000000002,1.0000000000,Solved
G?bvvg,15,4,4.0000000007,0.0000000007,1.0000000002,Solved
G?bvvo,15,4,4.0000000005,0.0000000005,1.0000000001,Solved
G?bvvs,16,4,3.9999999997,-0.0000000003,0.9999999999,Solved
G?bvvw,16,4,4.0000000002,0.0000000002,1.0000000001,Solved
G?bvv{,17,4,4.0000000006,0.0000000006,1.0000000001,Solved
G?bv~{,18,4,3.9999999999,-0.0000000001,1.0000000000,Solved
G?b~v[,17,4,4.0000000003,0.0000000003,1.0000000001,Solved
G?b~vk,17,4,4.0000000000,-0.0000000000,1.0000000000,Solved
G?b~vo,16,4,4.0000000000,-0.0000000000,1.0000000000,Solved
G?b~vw,17,4,4.0000000000,-0.0000000000,1.0000000000,Solved
G?b~v{,18,4,4.0000000000,-0.0000000000,1.0000000000,Solved
G?b~~{,19,4,4.0000000000,-0.0000000000,1.0000000000,Solved
G?oppg,10,4,4.0000000001,0.0000000001,1.0000000000,Solved
G?opps,11,4,4.0000000003,0.0000000003,1.0000000001,Solved
G?oppw,11,4,4.0000000012,0.0000000012,1.0000000003,Solved
G?opp{,12,4,4.0000000010,0.0000000010,1.0000000003,Solved
G?optK,11,4,4.0000000000,0.0000000000,1.0000000000,Solved
G?optW,11,4,4.0000000007,0.0000000007,1.0000000002,Solved
G?opt[,12,4,4.0000000031,0.0000000031,1.0000000008,Solved
G?optg,11,4,4.0000000003,0.0000000003,1.0000000001,Solved
G?optk,12,4,4.0000000000,-0.0000000000,1.0000000000,Solved
G?opto,11,4,4.0000000030,0.0000000030,1.0000000008,Solved
G?opts,12,4,4.0000000002,0.0000000002,1.0000000000,Solved
G?optw,12,4,4.0000000019,0.0000000019,1.0000000005,Solved
G?opt{,13,4,4.0000000007,0.0000000007,1.0000000002,Solved
G?opuG,10,4,4.0000000001,0.0000000001,1.0000000000,Solved
G?opuK,11,4,4.0000000014,0.0000000014,1.0000000003,Solved
G?opuW,11,4,3.9999999992,-0.0000000008,0.9999999998,Solved
G?opu[,12,4,4.0000000024,0.0000000024,1.0000000006,Solved
G?opvG,11,4,3.9999999991,-0.0000000009,0.9999999998,Solved
G?opvK,12,4,4.0000000005,0.0000000005,1.0000000001,Solved
G?opvO,11,4,4.0000000020,0.0000000020,1.0000000005,Solved
G?opvS,12,4,4.0000000023,0.0000000023,1.0000000006,Solved
G?opvW,12,4,4.0000000010,0.0000000010,1.0000000002,Solved
G?opv[,13,4,4.0000000010,0.0000000010,1.0000000002,Solved
G?opv_,11,4,4.0000000013,0.0000000013,1.0000000003,Solved
G?opvc,12,4,4.0000000004,0.0000000004,1.0000000001,Solved
G?opvg,12,4,4.0000000018,0.0000000018,1.0000000005,Solved
G?opvk,13,4,4.0000000042,0.0000000042,1.0000000010,Solved
G?opvo,12,4,4.0000000023,0.0000000023,1.0000000006,Solved
G?opvs,13,4,4.0000000027,0.0000000027,1.0000000007,Solved
G?opvw,13,4,4.0000000002,0.0000000002,1.0000000001,Solved
G?opv{,14,4,4.0000000005,0.0000000005,1.0000000001,Solved
G?otPk,11,4,4.0000000012,0.0000000012,1.0000000003,Solved
G?otPs,11,4,4.0000000005,0.0000000005,1.0000000001,Solved
G?otP{,12,4,3.9999999997,-0.0000000003,0.9999999999,Solved
G?otQg,10,4,4.0000000012,0.0000000012,1.0000000003,Solved
G?otQk,11,4,4.0000000005,0.0000000005,1.0000000001,Solved
G?otQs,11,4,3.9999999990,-0.0000000010,0.9999999997,Solved
G?otQw,11,4,4.0000000000,-0.0000000000,1.0000000000,Solved
G?otQ{,12,4,3.9999999998,-0.0000000002,1.0000000000,Solved
G?otRK,11,4,3.9999999997,-0.0000000003,0.9999999999,Solved
G?otRS,11,4,3.9999999996,-0.0000000004,0.9999999999,Solved
G?otR[,12,4,3.9999999995,-0.0000000005,0.9999999999,Solved
G?otRg,11,4,3.9999999994,-0.0000000006,0.9999999999,Solved
G?otRk,12,4,3.9999999998,-0.0000000002,1.0000000000,Solved
G?otRs,12,4,3.9999999986,-0.0000000014,0.9999999996,Solved
G?otRw,12,4,3.9999999995,-0.0000000005,0.9999999999,Solved
G?otR{,13,4,3.9999999999,-0.0000000001,1.0000000000,Solved
G?otSs,11,4,3.9999999983,-0.0000000017,0.9999999996,Solved
G?otSw,11,4,4.0000000000,0.0000000000,1.0000000000,Solved
G?otS{,12,4,3.9999999985,-0.0000000015,0.9999999996,Solved
G?otTG,10,4,4.0000000002,0.0000000002,1.0000000001,Solved
G?otTK,11,4,3.9999999998,-0.0000000002,0.9999999999,Solved
G?otTS,11,4,3.9999999971,-0.0000000029,0.9999999993,Solved
G?otT[,12,4,3.9999999995,-0.0000000005,0.9999999999,Solved
G?otTg,11,4,3.9999999990,-0.0000000010,0.9999999997,Solved
G?otTk,12,4,3.9999999998,-0.0000000002,0.9999999999,Solved
G?otTo,11,4,4.0000000004,0.0000000004,1.0000000001,Solved
G?otTs,12,4,3.9999999998,-0.0000000002,0.9999999999,Solved
G?otTw,12,4,3.9999999998,-0.0000000002,1.0000000000,Solved
G?otT{,13,4,3.9999999998,-0.0000000002,1.0000000000,Solved
G?otU[,12,4,4.0000000000,0.0000000000,1.0000000000,Solved
G?otUg,11,4,3.9999999987,-0.0000000013,0.9999999997,Solved
G?otUk,12,4,3.9999999989,-0.0000000011,0.9999999997,Solved
G?otUo,11,4,3.9999999991,-0.0000000009,0.9999999998,Solved
G?otUs,12,4,3.9999999999,-0.0000000001,1.0000000000,Solved
G?otUw,12,4,3.9999999979,-0.0000000021,0.9999999995,Solved
G?otU{,13,4,3.9999999998,-0.0000000002,0.9999999999,Solved
G?otVG,11,4,3.9999999999,-0.0000000001,1.0000000000,Solved
G?otVK,12,4,3.9999999974,-0.0000000026,0.9999999993,Solved
G?otVS,12,4,3.9999999985,-0.0000000015,0.9999999996,Solved
G?otVW,12,4,3.9999999997,-0.0000000003,0.9999999999,Solved
G?otV[,13,4,3.9999999998,-0.0000000002,1.0000000000,Solved
G?otV_,11,4,3.9999999996,-0.0000000004,0.9999999999,Solved
G?otVc,12,4,3.9999999984,-0.0000000016,0.9999999996,Solved
G?otVg,12,4,3.9999999997,-0.0000000003,0.9999999999,Solved
G?otVk,13,4,3.9999999998,-0.0000000002,1.0000000000,Solved
G?otVo,12,4,3.9999999999,-0.0000000001,1.0000000000,Solved
G?otVs,13,4,3.9999999999,-0.0000000001,1.0000000000,Solved
G?otVw,13,4,3.9999999998,-0.0000000002,1.0000000000,Solved
G?otV{,14,4,3.9999999998,-0.0000000002,1.0000000000,Solved
G?otYw,12,4,4.0000000038,0.0000000038,1.0000000010,Solved
G?otY{,13,4,4.0000000024,0.0000000024,1.0000000006,Solved
G?otZ[,13,4,3.9999999983,-0.0000000017,0.9999999996,Solved
G?ot\W,12,4,3.9999999995,-0.0000000005,0.9999999999,Solved
G?ot\[,13,4,4.0000000000,0.0000000000,1.0000000000,Solved
G?ot]w,13,4,3.9999999994,-0.0000000006,0.9999999998,Solved
G?ot]{,14,4,3.9999999998,-0.0000000002,0.9999999999,Solved
G?ot^W,13,4,4.0000000001,0.0000000001,1.0000000000,Solved
G?ot^[,14,4,3.9999999997,-0.0000000003,0.9999999999,Solved
G?ot^o,13,4,3.9999999998,-0.0000000002,0.9999999999,Solved
G?ot^s,14,4,3.9999999988,-0.0000000012,0.9999999997,Solved
G?ot^w,14,4,4.0000000020,0.0000000020,1.0000000005,Solved
G?ot^{,15,4,3.9999999995,-0.0000000005,0.9999999999,Solved
G?otp{,13,4,3.9999999989,-0.0000000011,0.9999999997,Solved
G?otr[,13,4,3.9999999984,-0.0000000016,0.9999999996,Solved
G?otrs,13,4,3.9999999999,-0.0000000001,1.0000000000,Solved
G?otrw,13,4,3.9999999996,-0.0000000004,0.9999999999,Solved
G?otr{,14,4,4.0000000006,0.0000000006,1.0000000001,Solved
G?ott[,13,4,4.0000000003,0.0000000003,1.0000000001,Solved
G?otts,13,4,3.9999999998,-0.0000000002,0.9999999999,Solved
G?ottw,13,4,4.0000000004,0.0000000004,1.0000000001,Solved
G?ott{,14,4,4.0000000005,0.0000000005,1.0000000001,Solved
G?otu[,13,4,3.9999999988,-0.0000000012,0.9999999997,Solved
G?otvG,12,4,4.0000000001,0.0000000001,1.0000000000,Solved
G?otvK,13,4,3.9999999998,-0.0000000002,1.0000000000,Solved
G?otvS,13,4,3.9999999999,-0.0000000001,1.0000000000,Solved
G?otvW,13,4,4.0000000001,0.0000000001,1.0000000000,Solved
G?otv[,14,4,4.0000000007,0.0000000007,1.0000000002,Solved
G?otvg,13,4,4.0000000001,0.0000000001,1.0000000000,Solved
G?otvk,14,4,4.0000000004,0.0000000004,1.0000000001,Solved
G?otvo,13,4,4.0000000000,-0.0000000000,1.0000000000,Solved
G?otvs,14,4,4.0000000002,0.0000000002,1.0000000000,Solved
G?otvw,14,4,3.9999999989,-0.0000000011,0.9999999997,Solved
G?otv{,15,4,4.0000000003,0.0000000003,1.0000000001,Solved
G?ouP[,11,4,4.0000000002,0.0000000002,1.0000000001,Solved
G?ouPs,11,4,4.0000000014,0.0000000014,1.0000000004,Solved
G?ouPw,11,4,4.0000000000,0.0000000000,1.0000000000,Solved
G?ouP{,12,4,3.9999999982,-0.0000000018,0.9999999995,Solved
G?ouTS,11,4,4.0000000001,0.0000000001,1.0000000000,Solved
G?ouT[,12,4,4.0000000022,0.0000000022,1.0000000006,Solved
G?ouTg,11,4,3.9999999995,-0.0000000005,0.9999999999,Solved
G?ouTs,12,4,3.9999999993,-0.0000000007,0.9999999998,Solved
G?ouTw,12,4,3.9999999992,-0.0000000008,0.9999999998,Solved
G?ouT{,13,4,4.0000000009,0.0000000009,1.0000000002,Solved
G?ouUW,11,4,4.0000000010,0.0000000010,1.0000000003,Solved
G?ouU[,12,4,4.0000000000,-0.0000000000,1.0000000000,Solved
G?ouVG,11,4,4.0000000017,0.0000000017,1.0000000004,Solved
G?ouVS,12,4,3.9999999992,-0.0000000008,0.9999999998,Solved
G?ouVW,12,4,4.0000000009,0.0000000009,1.0000000002,Solved
G?ouV[,13,4,4.0000000007,0.0000000007,1.0000000002,Solved
G?ouV_,11,4,4.0000000001,0.0000000001,1.0000000000,Solved
G?ouVg,12,4,3.9999999984,-0.0000000016,0.9999999996,Solved
G?ouVo,12,4,3.9999999999,-0.0000000001,1.0000000000,Solved
G?ouVs,13,4,4.0000000009,0.0000000009,1.0000000002,Solved
G?ouVw,13,4,4.0000000008,0.0000000008,1.0000000002,Solved
G?ouV{,14,4,4.0000000019,0.0000000019,1.0000000005,Solved
G?ouXw,12,4,4.0000000016,0.0000000016,1.0000000004,Solved
G?ouX{,13,4,4.0000000008,0.0000000008,1.0000000002,Solved
G?ou\[,13,4,4.0000000002,0.0000000002,1.0000000000,Solved
G?ou\w,13,4,3.9999999995,-0.0000000005,0.9999999999,Solved
G?ou\{,14,4,4.0000000001,0.0000000001,1.0000000000,Solved
G?ou][,13,4,3.9999999999,-0.0000000001,1.0000000000,Solved
G?ou^W,13,4,3.9999999992,-0.0000000008,0.9999999998,Solved
G?ou^[,14,4,3.9999999995,-0.0000000005,0.9999999999,Solved
G?ou^g,13,4,4.0000000001,0.0000000001,1.0000000000,Solved
G?ou^k,14,4,3.9999999976,-0.0000000024,0.9999999994,Solved
G?ou^o,13,4,3.9999999998,-0.0000000002,1.0000000000,Solved
G?ou^s,14,4,4.0000000000,0.0000000000,1.0000000000,Solved
G?ou^w,14,4,3.9999999970,-0.0000000030,0.9999999993,Solved
G?ou^{,15,4,3.9999999986,-0.0000000014,0.9999999996,Solved
G?ov?w,10,4,3.9999999997,-0.0000000003,0.9999999999,Solved
G?ov?{,11,4,4.0000000004,0.0000000004,1.0000000001,Solved
G?ov@W,10,4,4.0000000032,0.0000000032,1.0000000008,Solved
G?ov@[,11,4,4.0000000005,0.0000000005,1.0000000001,Solved
G?ov@k,11,4,3.9999999995,-0.0000000005,0.9999999999,Solved
G?ov@o,10,4,4.0000000005,0.0000000005,1.0000000001,Solved
G?ov@s,11,4,4.0000000004,0.0000000004,1.0000000001,Solved
G?ov@w,11,4,3.9999999984,-0.0000000016,0.9999999996,Solved
G?ov@{,12,4,4.0000000000,-0.0000000000,1.0000000000,Solved
G?ovCW,10,4,4.0000000003,0.0000000003,1.0000000001,Solved
G?ovC[,11,4,3.9999999999,-0.0000000001,1.0000000000,Solved
G?ovCk,11,4,3.9999999999,-0.0000000001,1.0000000000,Solved
G?ovCs,11,4,3.9999999993,-0.0000000007,0.9999999998,Solved
G?ovCw,11,4,3.9999999993,-0.0000000007,0.9999999998,Solved
G?ovC{,12,4,3.9999999999,-0.0000000001,1.0000000000,Solved
G?ovDG,10,4,4.0000000008,0.0000000008,1.0000000002,Solved
G?ovDK,11,4,3.9999999994,-0.0000000006,0.9999999998,Solved
G?ovDS,11,4,3.9999999991,-0.0000000009,0.9999999998,Solved
G?ovDW,11,4,3.9999999984,-0.0000000016,0.9999999996,Solved
G?ovD[,12,4,3.9999999999,-0.0000000001,1.0000000000,Solved
G?ovD_,10,4,3.9999999995,-0.0000000005,0.9999999999,Solved
G?ovDc,11,4,4.0000000007,0.0000000007,1.0000000002,Solved
G?ovDg,11,4,3.9999999988,-0.0000000012,0.9999999997,Solved
G?ovDk,12,4,3.9999999999,-0.0000000001,1.0000000000,Solved
G?ovDo,11,4,3.9999999988,-0.0000000012,0.9999999997,Solved
G?ovDs,12,4,4.0000000008,0.0000000008,1.0000000002,Solved
G?ovDw,12,4,3.9999999999,-0.0000000001,1.0000000000,Solved
G?ovD{,13,4,3.9999999989,-0.0000000011,0.9999999997,Solved
G?ovEG,10,4,4.0000000019,0.0000000019,1.0000000005,Solved
G?ovEK,11,4,4.0000000008,0.0000000008,1.0000000002,Solved
G?ovEO,10,4,3.9999999998,-0.0000000002,0.9999999999,Solved
G?ovES,11,4,3.9999999996,-0.0000000004,0.9999999999,Solved
G?ovEW,11,4,3.9999999985,-0.0000000015,0.9999999996,Solved
G?ovE[,12,4,3.9999999997,-0.0000000003,0.9999999999,Solved
G?ovE_,10,4,4.0000000001,0.0000000001,1.0000000000,Solved
G?ovEc,11,4,4.0000000002,0.0000000002,1.0000000000,Solved
G?ovEg,11,4,3.9999999997,-0.0000000003,0.9999999999,Solved
G?ovEk,12,4,3.9999999985,-0.0000000015,0.9999999996,Solved
G?ovEo,11,4,4.0000000004,0.0000000004,1.0000000001,Solved
G?ovEs,12,4,4.0000000005,0.0000000005,1.0000000001,Solved
G?ovEw,12,4,3.9999999990,-0.0000000010,0.9999999997,Solved
G?ovE{,13,4,4.0000000009,0.0000000009,1.0000000002,Solved
G?ovF?,10,4,4.0000000012,0.0000000012,1.0000000003,Solved
G?ovFC,11,4,3.9999999983,-0.0000000017,0.9999999996,Solved
G?ovFG,11,4,4.0000000011,0.0000000011,1.0000000003,Solved
G?ovFK,12,4,3.9999999974,-0.0000000026,0.9999999993,Solved
G?ovFO,11,4,4.0000000003,0.0000000003,1.0000000001,Solved
G?ovFS,12,4,4.0000000000,0.0000000000,1.0000000000,Solved
G?ovFW,12,4,4.0000000000,-0.0000000000,1.0000000000,Solved
G?ovF[,13,4,4.0000000002,0.0000000002,1.0000000000,Solved
G?ovF_,11,4,4.0000000004,0.0000000004,1.0000000001,Solved
G?ovFc,12,4,3.9999999994,-0.0000000006,0.9999999999,Solved
G?ovFg,12,4,4.0000000003,0.0000000003,1.0000000001,Solved
G?ovFk,13,4,4.0000000005,0.0000000005,1.0000000001,Solved
G?ovFo,12,4,3.9999999994,-0.0000000006,0.9999999998,Solved
G?ovFs,13,4,3.9999999989,-0.0000000011,0.9999999997,Solved
G?ovFw,13,4,3.9999999996,-0.0000000004,0.9999999999,Solved
G?ovF{,14,4,4.0000000003,0.0000000003,1.0000000001,Solved
G?ovP{,13,4,3.9999999997,-0.0000000003,0.9999999999,Solved
G?ovS{,13,4,3.9999999999,-0.0000000001,1.0000000000,Solved
G?ovT[,13,4,3.9999999995,-0.0000000005,0.9999999999,Solved
G?ovTg,12,4,4.0000000003,0.0000000003,1.0000000001,Solved
G?ovTk,13,4,3.9999999997,-0.0000000003,0.9999999999,Solved
G?ovTw,13,4,4.0000000010,0.0000000010,1.0000000003,Solved
G?ovT{,14,4,3.9999999999,-0.0000000001,1.0000000000,Solved
G?ovU[,13,4,3.9999999998,-0.0000000002,1.0000000000,Solved
G?ovUg,12,4,3.9999999996,-0.0000000004,0.9999999999,Solved
G?ovUk,13,4,3.9999999989,-0.0000000011,0.9999999997,Solved
G?ovUs,13,4,4.0000000002,0.0000000002,1.0000000000,Solved
G?ovUw,13,4,4.0000000011,0.0000000011,1.0000000003,Solved
G?ovU{,14,4,4.0000000003,0.0000000003,1.0000000001,Solved
G?ovVG,12,4,4.0000000001,0.0000000001,1.0000000000,Solved
G?ovVK,13,4,3.9999999980,-0.0000000020,0.9999999995,Solved
G?ovVS,13,4,4.0000000001,0.0000000001,1.0000000000,Solved
G?ovVW,13,4,4.0000000008,0.0000000008,1.0000000002,Solved
G?ovV[,14,4,4.0000000002,0.0000000002,1.0000000000,Solved
G?ovVg,13,4,4.0000000001,0.0000000001,1.0000000000,Solved
G?ovVk,14,4,4.0000000010,0.0000000010,1.0000000002,Solved
G?ovVo,13,4,3.9999999999,-0.0000000001,1.0000000000,Solved
G?ovVs,14,4,3.9999999996,-0.0000000004,0.9999999999,Solved
G?ovVw,14,4,3.9999999996,-0.0000000004,0.9999999999,Solved
G?ovV{,15,4,3.9999999998,-0.0000000002,1.0000000000,Solved
G?ov\w,14,4,4.0000000002,0.0000000002,1.0000000001,Solved
G?ov\{,15,4,4.0000000022,0.0000000022,1.0000000006,Solved
G?ov]w,14,4,4.0000000000,-0.0000000000,1.0000000000,Solved
G?ov]{,15,4,4.0000000026,0.0000000026,1.0000000007,Solved
G?ov^W,14,4,4.0000000005,0.0000000005,1.0000000001,Solved
G?ov^[,15,4,3.9999999999,-0.0000000001,1.0000000000,Solved
G?ov^w,15,4,4.0000000008,0.0000000008,1.0000000002,Solved
G?ov^{,16,4,3.9999999999,-0.0000000001,1.0000000000,Solved
G?ovdW,12,4,3.9999999996,-0.0000000004,0.9999999999,Solved
G?ovd[,13,4,4.0000000002,0.0000000002,1.0000000001,Solved
G?ovdo,12,4,4.0000000001,0.0000000001,1.0000000000,Solved
G?ovds,13,4,4.0000000009,0.0000000009,1.0000000002,Solved
G?oveW,12,4,3.9999999996,-0.0000000004,0.9999999999,Solved
G?ove[,13,4,3.9999999995,-0.0000000005,0.9999999999,Solved
G?ovfO,12,4,4.0000000000,-0.0000000000,1.0000000000,Solved
G?ovfS,13,4,3.9999999998,-0.0000000002,1.0000000000,Solved
G?ovfW,13,4,4.0000000007,0.0000000007,1.0000000002,Solved
G?ovf[,14,4,4.0000000004,0.0000000004,1.0000000001,Solved
G?ovf_,12,4,4.0000000007,0.0000000007,1.0000000002,Solved
G?ovfc,13,4,4.0000000010,0.0000000010,1.0000000002,Solved
G?ovfo,13,4,4.0000000002,0.0000000002,1.0000000000,Solved
G?ovfs,14,4,3.9999999993,-0.0000000007,0.9999999998,Solved
G?ovfw,14,4,4.0000000002,0.0000000002,1.0000000000,Solved
G?ovf{,15,4,4.0000000010,0.0000000010,1.0000000002,Solved
G?ovtw,14,4,3.9999999997,-0.0000000003,0.9999999999,Solved
G?ovt{,15,4,4.0000000007,0.0000000007,1.0000000002,Solved
G?ovvW,14,4,3.9999999997,-0.0000000003,0.9999999999,Solved
G?ovv[,15,4,4.0000000007,0.0000000007,1.0000000002,Solved
G?ovvg,14,4,4.0000000008,0.0000000008,1.0000000002,Solved
G?ovvk,15,4,4.0000000016,0.0000000016,1.0000000004,Solved
G?ovvo,14,4,3.9999999998,-0.0000000002,0.9999999999,Solved
G?ovvs,15,4,3.9999999989,-0.0000000011,0.9999999997,Solved
G?ovvw,15,4,3.9999999963,-0.0000000037,0.9999999991,Solved
G?ovv{,16,4,4.0000000001,0.0000000001,1.0000000000,Solved
G?ov~w,16,4,4.0000000018,0.0000000018,1.0000000005,Solved
G?ov~{,17,4,4.0000000001,0.0000000001,1.0000000000,Solved
G?o|Y{,14,4,4.0000000004,0.0000000004,1.0000000001,Solved
G?o|Zs,14,4,3.9999999996,-0.0000000004,0.9999999999,Solved
G?o|\[,14,4,3.9999999997,-0.0000000003,0.9999999999,Solved
G?o|\s,14,4,3.9999999999,-0.0000000001,1.0000000000,Solved
G?o|]s,14,4,3.9999999998,-0.0000000002,0.9999999999,Solved
G?o|]w,14,4,3.9999999996,-0.0000000004,0.9999999999,Solved
G?o|]{,15,4,3.9999999976,-0.0000000024,0.9999999994,Solved
G?o|^S,14,4,3.9999999992,-0.0000000008,0.9999999998,Solved
G?o|^W,14,4,3.9999999994,-0.0000000006,0.9999999998,Solved
G?o|^[,15,4,4.0000000000,-0.0000000000,1.0000000000,Solved
G?o|^o,14,4,3.9999999996,-0.0000000004,0.9999999999,Solved
G?o|^s,15,4,3.9999999999,-0.0000000001,1.0000000000,Solved
G?o|^w,15,4,3.9999999999,-0.0000000001,1.0000000000,Solved
G?o|^{,16,4,3.9999999979,-0.0000000021,0.9999999995,Solved
G?o|rs,14,4,3.9999999985,-0.0000000015,0.9999999996,Solved
G?o|rw,14,4,3.9999999975,-0.0000000025,0.9999999994,Solved
G?o|r{,15,4,3.9999999968,-0.0000000032,0.9999999992,Solved
G?o|ts,14,4,3.9999999992,-0.0000000008,0.9999999998,Solved
G?o|tw,14,4,4.0000000001,0.0000000001,1.0000000000,Solved
G?o|t{,15,4,3.9999999999,-0.0000000001,1.0000000000,Solved
G?o|vK,14,4,3.9999999999,-0.0000000001,1.0000000000,Solved
G?o|vW,14,4,3.9999999999,-0.0000000001,1.0000000000,Solved
G?o|v[,15,4,3.9999999999,-0.0000000001,1.0000000000,Solved
G?o|vg,14,4,3.9999999998,-0.0000000002,0.9999999999,Solved
G?o|vk,15,4,3.9999999999,-0.0000000001,1.0000000000,Solved
G?o|vo,14,4,3.9999999999,-0.0000000001,1.0000000000,Solved
G?o|vs,15,4,3.9999999999,-0.0000000001,1.0000000000,Solved
G?o|vw,15,4,3.9999999999,-0.0000000001,1.0000000000,Solved
G?o|v{,16,4,3.9999999999,-0.0000000001,1.0000000000,Solved
G?o}X{,14,4,4.0000000013,0.0000000013,1.0000000003,Solved
G?o}\s,14,4,4.0000000000,-0.0000000000,1.0000000000,Solved
G?o}\{,15,4,4.0000000000,-0.0000000000,1.0000000000,Solved
G?o}][,14,4,4.0000000000,-0.0000000000,1.0000000000,Solved
G?o}^S,14,4,4.0000000001,0.0000000001,1.0000000000,Solved
G?o}^W,14,4,4.0000000001,0.0000000001,1.0000000000,Solved
G?o}^[,15,4,4.0000000001,0.0000000001,1.0000000000,Solved
G?o}^g,14,4,4.0000000000,0.0000000000,1.0000000000,Solved
G?o}^s,15,4,4.0000000002,0.0000000002,1.0000000001,Solved
G?o}^w,15,4,4.0000000001,0.0000000001,1.0000000000,Solved
G?o}^{,16,4,3.9999999998,-0.0000000002,0.9999999999,Solved
G?o~?{,12,4,4.0000000001,0.0000000001,1.0000000000,Solved
G?o~@[,12,4,4.0000000027,0.0000000027,1.0000000007,Solved
G?o~@k,12,4,3.9999999979,-0.0000000021,0.9999999995,Solved
G?o~@s,12,4,4.0000000000,0.0000000000,1.0000000000,Solved
G?o~@{,13,4,4.0000000000,-0.0000000000,1.0000000000,Solved
G?o~C[,12,4,4.0000000001,0.0000000001,1.0000000000,Solved
G?o~Ck,12,4,3.9999999980,-0.0000000020,0.9999999995,Solved
G?o~Cs,12,4,3.9999999979,-0.0000000021,0.9999999995,Solved
G?o~C{,13,4,3.9999999994,-0.0000000006,0.9999999999,Solved
G?o~DK,12,4,3.9999999997,-0.0000000003,0.9999999999,Solved
G?o~DS,12,4,3.9999999980,-0.0000000020,0.9999999995,Solved
G?o~D[,13,4,3.9999999976,-0.0000000024,0.9999999994,Solved
G?o~Dc,12,4,4.0000000006,0.0000000006,1.0000000001,Solved
G?o~Dg,12,4,3.9999999987,-0.0000000013,0.9999999997,Solved
G?o~Dk,13,4,3.9999999997,-0.0000000003,0.9999999999,Solved
G?o~Ds,13,4,3.9999999980,-0.0000000020,0.9999999995,Solved
G?o~Dw,13,4,3.9999999996,-0.0000000004,0.9999999999,Solved
G?o~D{,14,4,3.9999999976,-0.0000000024,0.9999999994,Solved
G?o~EK,12,4,4.0000000004,0.0000000004,1.0000000001,Solved
G?o~ES,12,4,3.9999999997,-0.0000000003,0.9999999999,Solved
G?o~EW,12,4,4.0000000004,0.0000000004,1.0000000001,Solved
G?o~E[,13,4,4.0000000003,0.0000000003,1.0000000001,Solved
G?o~Ec,12,4,3.9999999998,-0.0000000002,0.9999999999,Solved
G?o~Eg,12,4,3.9999999986,-0.0000000014,0.9999999997,Solved
G?o~Ek,13,4,3.9999999997,-0.0000000003,0.9999999999,Solved
G?o~Es,13,4,3.9999999998,-0.0000000002,0.9999999999,Solved
G?o~Ew,13,4,3.9999999997,-0.0000000003,0.9999999999,Solved
G?o~E{,14,4,3.9999999999,-0.0000000001,1.0000000000,Solved
G?o~F?,11,4,4.0000000018,0.0000000018,1.0000000005,Solved
G?o~FC,12,4,3.9999999995,-0.0000000005,0.9999999999,Solved
G?o~FG,12,4,4.0000000009,0.0000000009,1.0000000002,Solved
G?o~FK,13,4,3.9999999995,-0.0000000005,0.9999999999,Solved
G?o~FS,13,4,3.9999999997,-0.0000000003,0.9999999999,Solved
G?o~FW,13,4,3.9999999999,-0.0000000001,1.0000000000,Solved
G?o~F[,14,4,3.9999999999,-0.0000000001,1.0000000000,Solved
G?o~F_,12,4,3.9999999998,-0.0000000002,1.0000000000,Solved
G?o~Fc,13,4,3.9999999982,-0.0000000018,0.9999999996,Solved
G?o~Fg,13,4,4.0000000009,0.0000000009,1.0000000002,Solved
G?o~Fk,14,4,3.9999999999,-0.0000000001,1.0000000000,Solved
G?o~Fo,13,4,4.0000000001,0.0000000001,1.0000000000,Solved
G?o~Fs,14,4,4.0000000006,0.0000000006,1.0000000001,Solved
G?o~Fw,14,4,4.0000000002,0.0000000002,1.0000000001,Solved
G?o~F{,15,4,4.0000000000,-0.0000000000,1.0000000000,Solved
G?o~P{,14,4,4.0000000003,0.0000000003,1.0000000001,Solved
G?o~Tk,14,4,4.0000000015,0.0000000015,1.0000000004,Solved
G?o~Ts,14,4,3.9999999996,-0.0000000004,0.9999999999,Solved
G?o~Tw,14,4,3.9999999973,-0.0000000027,0.9999999993,Solved
G?o~T{,15,4,3.9999999998,-0.0000000002,1.0000000000,Solved
G?o~Uk,14,4,3.9999999999,-0.0000000001,1.0000000000,Solved
G?o~Us,14,4,3.9999999999,-0.0000000001,1.0000000000,Solved
G?o~U{,15,4,3.9999999998,-0.0000000002,0.9999999999,Solved
G?o~VK,14,4,3.9999999999,-0.0000000001,1.0000000000,Solved
G?o~VS,14,4,3.9999999998,-0.0000000002,1.0000000000,Solved
G?o~VW,14,4,3.9999999999,-0.0000000001,1.0000000000,Solved
G?o~V[,15,4,4.0000000000,0.0000000000,1.0000000000,Solved
G?o~Vg,14,4,3.9999999994,-0.0000000006,0.9999999999,Solved
G?o~Vk,15,4,3.9999999988,-0.0000000012,0.9999999997,Solved
G?o~Vs,15,4,3.9999999973,-0.0000000027,0.9999999993,Solved
G?o~Vw,15,4,3.9999999985,-0.0000000015,0.9999999996,Solved
G?o~V{,16,4,3.9999999988,-0.0000000012,0.9999999997,Solved
G?o~\{,16,4,3.9999999999,-0.0000000001,1.0000000000,Solved
G?o~]{,16,4,3.9999999997,-0.0000000003,0.9999999999,Solved
G?o~^[,16,4,3.9999999999,-0.0000000001,1.0000000000,Solved
G?o~^w,16,4,3.9999999998,-0.0000000002,1.0000000000,Solved
G?o~^{,17,4,3.9999999998,-0.0000000002,1.0000000000,Solved
G?o~dW,13,4,4.0000000002,0.0000000002,1.0000000001,Solved
G?o~d[,14,4,3.9999999993,-0.0000000007,0.9999999998,Solved
G?o~do,13,4,3.9999999997,-0.0000000003,0.9999999999,Solved
G?o~ds,14,4,3.9999999996,-0.0000000004,0.9999999999,Solved
G?o~eW,13,4,4.0000000013,0.0000000013,1.0000000003,Solved
G?o~e[,14,4,3.9999999993,-0.0000000007,0.9999999998,Solved
G?o~fO,13,4,3.9999999997,-0.0000000003,0.9999999999,Solved
G?o~fS,14,4,3.9999999995,-0.0000000005,0.9999999999,Solved
G?o~fW,14,4,3.9999999990,-0.0000000010,0.9999999997,Solved
G?o~f[,15,4,3.9999999988,-0.0000000012,0.9999999997,Solved
G?o~f_,13,4,4.0000000003,0.0000000003,1.0000000001,Solved
G?o~fc,14,4,4.0000000022,0.0000000022,1.0000000005,Solved
G?o~fo,14,4,3.9999999999,-0.0000000001,1.0000000000,Solved
G?o~fs,15,4,4.0000000001,0.0000000001,1.0000000000,Solved
G?o~fw,15,4,4.0000000002,0.0000000002,1.0000000001,Solved
G?o~f{,16,4,4.0000000003,0.0000000003,1.0000000001,Solved
G?o~t{,16,4,3.9999999999,-0.0000000001,1.0000000000,Solved
G?o~v[,16,4,3.9999999998,-0.0000000002,0.9999999999,Solved
G?o~vg,15,4,4.0000000007,0.0000000007,1.0000000002,Solved
G?o~vk,16,4,4.0000000003,0.0000000003,1.0000000001,Solved
G?o~vs,16,4,4.0000000004,0.0000000004,1.0000000001,Solved
G?o~vw,16,4,4.0000000006,0.0000000006,1.0000000002,Solved
G?o~v{,17,4,4.0000000003,0.0000000003,1.0000000001,Solved
G?o~~w,17,4,4.0000000003,0.0000000003,1.0000000001,Solved
G?o~~{,18,4,4.0000000002,0.0000000002,1.0000000001,Solved
G?q`qg,10,4,3.9999999999,-0.0000000001,1.0000000000,Solved
G?q`qw,11,4,4.0000000001,0.0000000001,1.0000000000,Solved
G?q`q{,12,4,4.0000000004,0.0000000004,1.0000000001,Solved
G?q`r[,12,4,3.9999999993,-0.0000000007,0.9999999998,Solved
G?q`rw,12,4,4.0000000000,-0.0000000000,1.0000000000,Solved
G?q`sw,11,4,3.9999999993,-0.0000000007,0.9999999998,Solved
G?q`tS,11,4,3.9999999995,-0.0000000005,0.9999999999,Solved
G?q`t[,12,4,3.9999999998,-0.0000000002,1.0000000000,Solved
G?q`to,11,4,4.0000000014,0.0000000014,1.0000000003,Solved
G?q`tw,12,4,3.9999999984,-0.0000000016,0.9999999996,Solved
G?q`uW,11,4,3.9999999997,-0.0000000003,0.9999999999,Solved
G?q`u[,12,4,3.9999999997,-0.0000000003,0.9999999999,Solved
G?q`ug,11,4,3.9999999986,-0.0000000014,0.9999999997,Solved
G?q`uo,11,4,3.9999999976,-0.0000000024,0.9999999994,Solved
G?q`us,12,4,3.9999999993,-0.0000000007,0.9999999998,Solved
G?q`uw,12,4,3.9999999995,-0.0000000005,0.9999999999,Solved
G?q`u{,13,4,3.9999999996,-0.0000000004,0.9999999999,Solved
G?q`v?,10,4,4.0000000012,0.0000000012,1.0000000003,Solved
G?q`vG,11,4,3.9999999996,-0.0000000004,0.9999999999,Solved
G?q`vS,12,4,3.9999999986,-0.0000000014,0.9999999997,Solved
G?q`vW,12,4,3.9999999987,-0.0000000013,0.9999999997,Solved
G?q`v[,13,4,3.9999999992,-0.0000000008,0.9999999998,Solved
G?q`v_,11,4,3.9999999998,-0.0000000002,1.0000000000,Solved
G?q`vg,12,4,3.9999999995,-0.0000000005,0.9999999999,Solved
G?q`vo,12,4,3.9999999987,-0.0000000013,0.9999999997,Solved
G?q`vs,13,4,3.9999999997,-0.0000000003,0.9999999999,Solved
G?q`vw,13,4,3.9999999995,-0.0000000005,0.9999999999,Solved
G?q`v{,14,4,3.9999999999,-0.0000000001,1.0000000000,Solved
G?qa_[,9,5,5.0000000002,0.0000000002,1.0000000000,Solved
G?qa_w,9,4,4.0000000027,0.0000000027,1.0000000007,Solved
G?qa`K,9,4,4.0000000000,0.0000000000,1.0000000000,Solved
G?qa`W,9,4,4.0000000007,0.0000000007,1.0000000002,Solved
G?qa`[,10,4,3.9999999998,-0.0000000002,1.0000000000,Solved
G?qa`_,8,4,4.0000000003,0.0000000003,1.0000000001,Solved
G?qa`g,9,4,3.9999999999,-0.0000000001,1.0000000000,Solved
G?qa`k,10,4,4.0000000007,0.0000000007,1.0000000002,Solved
G?qa`o,9,4,4.0000000001,0.0000000001,1.0000000000,Solved
G?qa`w,10,4,3.9999999998,-0.0000000002,0.9999999999,Solved
G?qa`{,11,4,4.0000000008,0.0000000008,1.0000000002,Solved
G?qaaW,9,4,4.0000000028,0.0000000028,1.0000000007,Solved
G?qaag,9,4,4.0000000007,0.0000000007,1.0000000002,Solved
G?qaaw,10,4,4.0000000013,0.0000000013,1.0000000003,Solved
G?qabG,9,4,3.9999999984,-0.0000000016,0.9999999996,Solved
G?qabK,10,4,3.9999999997,-0.0000000003,0.9999999999,Solved
G?qabW,10,4,4.0000000007,0.0000000007,1.0000000002,Solved
G?qab[,11,4,3.9999999998,-0.0000000002,0.9999999999,Solved
G?qabg,10,4,3.9999999979,-0.0000000021,0.9999999995,Solved
G?qabw,11,4,3.9999999995,-0.0000000005,0.9999999999,Solved
G?qacK,9,4,4.0000000006,0.0000000006,1.0000000001,Solved
G?qacW,9,4,4.0000000002,0.0000000002,1.0000000000,Solved
G?qac[,10,4,4.0000000006,0.0000000006,1.0000000002,Solved
G?qacg,9,4,3.9999999997,-0.0000000003,0.9999999999,Solved
G?qacw,10,4,3.9999999999,-0.0000000001,1.0000000000,Solved
G?qadK,10,4,4.0000000000,-0.0000000000,1.0000000000,Solved
G?qadO,9,4,4.0000000016,0.0000000016,1.0000000004,Solved
G?qadW,10,4,3.9999999991,-0.0000000009,0.9999999998,Solved
G?qad[,11,4,3.9999999993,-0.0000000007,0.9999999998,Solved
G?qad_,9,4,4.0000000025,0.0000000025,1.0000000006,Solved
G?qadg,10,4,3.9999999993,-0.0000000007,0.9999999998,Solved
G?qadk,11,4,3.9999999997,-0.0000000003,0.9999999999,Solved
G?qado,10,4,3.9999999992,-0.0000000008,0.9999999998,Solved
G?qadw,11,4,3.9999999992,-0.0000000008,0.9999999998,Solved
G?qad{,12,4,3.9999999987,-0.0000000013,0.9999999997,Solved
G?qaeG,9,4,4.0000000021,0.0000000021,1.0000000005,Solved
G?qaeK,10,4,4.0000000008,0.0000000008,1.0000000002,Solved
G?qaeO,9,4,3.9999999973,-0.0000000027,0.9999999993,Solved
G?qaeW,10,4,3.9999999995,-0.0000000005,0.9999999999,Solved
G?qae[,11,4,3.9999999999,-0.0000000001,1.0000000000,Solved
G?qaeg,10,4,4.0000000003,0.0000000003,1.0000000001,Solved
G?qaew,11,4,3.9999999994,-0.0000000006,0.9999999998,Solved
G?qaf?,9,4,4.0000000001,0.0000000001,1.0000000000,Solved
G?qafG,10,4,3.9999999990,-0.0000000010,0.9999999998,Solved
G?qafK,11,4,3.9999999999,-0.0000000001,1.0000000000,Solved
G?qafO,10,4,3.9999999992,-0.0000000008,0.9999999998,Solved
G?qafW,11,4,3.9999999995,-0.0000000005,0.9999999999,Solved
G?qaf[,12,4,3.9999999987,-0.0000000013,0.9999999997,Solved
G?qaf_,10,4,4.0000000000,-0.0000000000,1.0000000000,Solved
G?qafg,11,4,3.9999999991,-0.0000000009,0.9999999998,Solved
G?qafk,12,4,3.9999999988,-0.0000000012,0.9999999997,Solved
G?qafo,11,4,3.9999999997,-0.0000000003,0.9999999999,Solved
G?qafw,12,4,3.9999999989,-0.0000000011,0.9999999997,Solved
G?qaf{,13,4,3.9999999990,-0.0000000010,0.9999999997,Solved
G?qaxw,12,4,3.9999999990,-0.0000000010,0.9999999997,Solved
G?qax{,13,4,3.9999999989,-0.0000000011,0.9999999997,Solved
G?qay{,13,4,3.9999999984,-0.0000000016,0.9999999996,Solved
G?qaz[,13,4,3.9999999993,-0.0000000007,0.9999999998,Solved
G?qazk,13,4,3.9999999990,-0.0000000010,0.9999999998,Solved
G?qazs,13,4,3.9999999997,-0.0000000003,0.9999999999,Solved
G?qazw,13,4,3.9999999983,-0.0000000017,0.9999999996,Solved
G?qaz{,14,4,3.9999999979,-0.0000000021,0.9999999995,Solved
G?qa|w,13,4,3.9999999992,-0.0000000008,0.9999999998,Solved
G?qa|{,14,4,3.9999999995,-0.0000000005,0.9999999999,Solved
G?qa}W,12,4,4.0000000000,-0.0000000000,1.0000000000,Solved
G?qa}w,13,4,3.9999999976,-0.0000000024,0.9999999994,Solved
G?qa}{,14,4,3.9999999999,-0.0000000001,1.0000000000,Solved
G?qa~K,13,4,3.9999999981,-0.0000000019,0.9999999995,Solved
G?qa~S,13,4,3.9999999996,-0.0000000004,0.9999999999,Solved
G?qa~W,13,4,3.9999999990,-0.0000000010,0.9999999998,Solved
G?qa~[,14,4,3.9999999995,-0.0000000005,0.9999999999,Solved
G?qa~_,12,4,4.0000000001,0.0000000001,1.0000000000,Solved
G?qa~c,13,4,3.9999999992,-0.0000000008,0.9999999998,Solved
G?qa~g,13,4,4.0000000003,0.0000000003,1.0000000001,Solved
G?qa~k,14,4,3.9999999993,-0.0000000007,0.9999999998,Solved
G?qa~o,13,4,3.9999999998,-0.0000000002,1.0000000000,Solved
G?qa~s,14,4,3.9999999991,-0.0000000009,0.9999999998,Solved
G?qa~w,14,4,3.9999999994,-0.0000000006,0.9999999998,Solved
G?qa~{,15,4,3.9999999999,-0.0000000001,1.0000000000,Solved
G?qb@o,9,4,4.0000000011,0.0000000011,1.0000000003,Solved
G?qbBw,11,4,4.0000000003,0.0000000003,1.0000000001,Solved
G?qbDo,10,4,3.9999999997,-0.0000000003,0.9999999999,Solved
G?qbE_,9,4,4.0000000013,0.0000000013,1.0000000003,Solved
G?qbEo,10,4,4.0000000006,0.0000000006,1.0000000001,Solved
G?qbEw,11,4,4.0000000007,0.0000000007,1.0000000002,Solved
G?qbF_,10,4,4.0000000005,0.0000000005,1.0000000001,Solved
G?qbFo,11,4,4.0000000002,0.0000000002,1.0000000000,Solved
G?qbFw,12,4,4.0000000002,0.0000000002,1.0000000001,Solved
G?qbF{,13,4,3.9999999999,-0.0000000001,1.0000000000,Solved
G?qbQ{,12,4,3.9999999994,-0.0000000006,0.9999999998,Solved
G?qbRw,12,4,4.0000000001,0.0000000001,1.0000000000,Solved
G?qbSs,11,4,3.9999999991,-0.0000000009,0.9999999998,Solved
G?qbS{,12,4,3.9999999976,-0.0000000024,0.9999999994,Solved
G?qbTg,11,4,3.9999999994,-0.0000000006,0.9999999999,Solved
G?qbTs,12,4,3.9999999968,-0.0000000032,0.9999999992,Solved
G?qbTw,12,4,3.9999999999,-0.0000000001,1.0000000000,Solved
G?qbT{,13,4,3.9999999996,-0.0000000004,0.9999999999,Solved
G?qbUg,11,4,3.9999999984,-0.0000000016,0.9999999996,Solved
G?qbUs,12,4,4.0000000000,-0.0000000000,1.0000000000,Solved
G?qbUw,12,4,3.9999999999,-0.0000000001,1.0000000000,Solved
G?qbU{,13,4,4.0000000001,0.0000000001,1.0000000000,Solved
G?qbV_,11,4,3.9999999995,-0.0000000005,0.9999999999,Solved
G?qbVg,12,4,3.9999999994,-0.0000000006,0.9999999999,Solved
G?qbVo,12,4,4.0000000000,0.0000000000,1.0000000000,Solved
G?qbVs,13,4,3.9999999985,-0.0000000015,0.9999999996,Solved
G?qbVw,13,4,3.9999999999,-0.0000000001,1.0000000000,Solved
G?qbV{,14,4,3.9999999983,-0.0000000017,0.9999999996,Solved
G?qbZw,13,4,4.0000000001,0.0000000001,1.0000000000,Solved
G?qbZ{,14,4,4.0000000006,0.0000000006,1.0000000001,Solved
G?qb]w,13,4,4.0000000000,0.0000000000,1.0000000000,Solved
G?qb]{,14,4,3.9999999993,-0.0000000007,0.9999999998,Solved
G?qb^o,13,4,3.9999999989,-0.0000000011,0.9999999997,Solved
G?qb^s,14,4,4.0000000001,0.0000000001,1.0000000000,Solved
G?qb^w,14,4,3.9999999999,-0.0000000001,1.0000000000,Solved
G?qb^{,15,4,3.9999999999,-0.0000000001,1.0000000000,Solved
G?qb_w,10,4,4.0000000045,0.0000000045,1.0000000011,Solved
G?qbaw,11,4,3.9999999997,-0.0000000003,0.9999999999,Solved
G?qba{,12,4,3.9999999991,-0.0000000009,0.9999999998,Solved
G?qbbO,10,4,3.9999999994,-0.0000000006,0.9999999999,Solved
G?qbbS,11,4,3.9999999987,-0.0000000013,0.9999999997,Solved
G?qbbW,11,4,3.9999999998,-0.0000000002,1.0000000000,Solved
G?qbb[,12,4,3.9999999997,-0.0000000003,0.9999999999,Solved
G?qbbc,11,4,3.9999999997,-0.0000000003,0.9999999999,Solved
G?qbbo,11,4,4.0000000007,0.0000000007,1.0000000002,Solved
G?qbbs,12,4,3.9999999998,-0.0000000002,1.0000000000,Solved
G?qbbw,12,4,3.9999999995,-0.0000000005,0.9999999999,Solved
G?qbb{,13,4,3.9999999989,-0.0000000011,0.9999999997,Solved
G?qbcW,10,4,3.9999999995,-0.0000000005,0.9999999999,Solved
G?qbcw,11,4,3.9999999977,-0.0000000023,0.9999999994,Solved
G?qbc{,12,4,3.9999999995,-0.0000000005,0.9999999999,Solved
G?qbdO,10,4,4.0000000003,0.0000000003,1.0000000001,Solved
G?qbdo,11,4,4.0000000002,0.0000000002,1.0000000000,Solved
G?qbds,12,4,3.9999999993,-0.0000000007,0.9999999998,Solved
G?qbeW,11,4,3.9999999932,-0.0000000068,0.9999999983,AlmostSolved
G?qbe[,12,4,3.9999999998,-0.0000000002,1.0000000000,Solved
G?qbe_,10,4,4.0000000002,0.0000000002,1.0000000001,Solved
G?qbeo,11,4,4.0000000001,0.0000000001,1.0000000000,Solved
G?qbes,12,4,4.0000000000,0.0000000000,1.0000000000,Solved
G?qbew,12,4,3.9999999997,-0.0000000003,0.9999999999,Solved
G?qbe{,13,4,4.0000000000,-0.0000000000,1.0000000000,Solved
G?qbf?,10,4,4.0000000044,0.0000000044,1.0000000011,Solved
G?qbfO,11,4,4.0000000000,-0.0000000000,1.0000000000,Solved
G?qbfS,12,4,4.0000000001,0.0000000001,1.0000000000,Solved
G?qbfW,12,4,4.0000000002,0.0000000002,1.0000000000,Solved
G?qbf[,13,4,3.9999999997,-0.0000000003,0.9999999999,Solved
G?qbf_,11,4,3.9999999998,-0.0000000002,1.0000000000,Solved
G?qbfc,12,4,4.0000000000,-0.0000000000,1.0000000000,Solved
G?qbfo,12,4,3.9999999999,-0.0000000001,1.0000000000,Solved
G?qbfs,13,4,3.9999999999,-0.0000000001,1.0000000000,Solved
G?qbfw,13,4,3.9999999985,-0.0000000015,0.9999999996,Solved
G?qbf{,14,4,4.0000000000,0.0000000000,1.0000000000,Solved
G?qbr[,13,4,4.0000000002,0.0000000002,1.0000000000,Solved
G?qbrg,12,4,3.9999999999,-0.0000000001,1.0000000000,Solved
G?qbrk,13,4,3.9999999991,-0.0000000009,0.9999999998,Solved
G?qbrs,13,4,3.9999999988,-0.0000000012,0.9999999997,Solved
G?qbrw,13,4,3.9999999996,-0.0000000004,0.9999999999,Solved
G?qbr{,14,4,4.0000000002,0.0000000002,1.0000000000,Solved
G?qbtw,13,4,4.0000000000,-0.0000000000,1.0000000000,Solved
G?qbt{,14,4,4.0000000003,0.0000000003,1.0000000001,Solved
G?qbuw,13,4,4.0000000003,0.0000000003,1.0000000001,Solved
G?qbu{,14,4,3.9999999996,-0.0000000004,0.9999999999,Solved
G?qbvW,13,4,3.9999999998,-0.0000000002,0.9999999999,Solved
G?qbv[,14,4,3.9999999988,-0.0000000012,0.9999999997,Solved
G?qbvg,13,4,3.9999999997,-0.0000000003,0.9999999999,Solved
G?qbvk,14,4,4.0000000000,-0.0000000000,1.0000000000,Solved
G?qbvo,13,4,3.9999999990,-0.0000000010,0.9999999998,Solved
G?qbvs,14,4,3.9999999992,-0.0000000008,0.9999999998,Solved
G?qbvw,14,4,4.0000000020,0.0000000020,1.0000000005,Solved
G?qbv{,15,4,3.9999999995,-0.0000000005,0.9999999999,Solved
G?qbzw,14,4,3.9999999984,-0.0000000016,0.9999999996,Solved
G?qbz{,15,4,3.9999999968,-0.0000000032,0.9999999992,Solved
G?qb~w,15,4,3.9999999998,-0.0000000002,0.9999999999,Solved
G?qb~{,16,4,3.9999999984,-0.0000000016,0.9999999996,Solved
G?qcyw,12,4,4.0000000003,0.0000000003,1.0000000001,Solved
G?qcy{,13,4,3.9999999994,-0.0000000006,0.9999999999,Solved
G?qczW,12,4,3.9999999996,-0.0000000004,0.9999999999,Solved
G?qcz[,13,4,3.9999999988,-0.0000000012,0.9999999997,Solved
G?qczs,13,4,3.9999999999,-0.0000000001,1.0000000000,Solved
G?qczw,13,4,3.9999999992,-0.0000000008,0.9999999998,Solved
G?qcz{,14,4,3.9999999998,-0.0000000002,1.0000000000,Solved
G?qc{{,13,4,3.9999999984,-0.0000000016,0.9999999996,Solved
G?qc|s,13,4,4.0000000002,0.0000000002,1.0000000001,Solved
G?qc}[,13,4,3.9999999974,-0.0000000026,0.9999999994,Solved
G?qc}s,13,4,4.0000000002,0.0000000002,1.0000000000,Solved
G?qc}w,13,4,4.0000000001,0.0000000001,1.0000000000,Solved
G?qc}{,14,4,4.0000000001,0.0000000001,1.0000000000,Solved
G?qc~S,13,4,3.9999999997,-0.0000000003,0.9999999999,Solved
G?qc~W,13,4,3.9999999976,-0.0000000024,0.9999999994,Solved
G?qc~[,14,4,3.9999999998,-0.0000000002,1.0000000000,Solved
G?qc~c,13,4,4.0000000004,0.0000000004,1.0000000001,Solved
G?qc~o,13,4,3.9999999998,-0.0000000002,1.0000000000,Solved
G?qc~s,14,4,3.9999999993,-0.0000000007,0.9999999998,Solved
G?qc~w,14,4,3.9999999998,-0.0000000002,1.0000000000,Solved
G?qc~{,15,4,3.9999999989,-0.0000000011,0.9999999997,Solved
G?qdPw,11,4,4.0000000003,0.0000000003,1.0000000001,Solved
G?qdRg,11,4,4.0000000049,0.0000000049,1.0000000012,Solved
G?qdRw,12,4,4.0000000015,0.0000000015,1.0000000004,Solved
G?qdTg,11,4,3.9999999998,-0.0000000002,1.0000000000,Solved
G?qdTk,12,4,4.0000000010,0.0000000010,1.0000000003,Solved
G?qdTs,12,4,4.0000000001,0.0000000001,1.0000000000,Solved
G?qdTw,12,4,4.0000000005,0.0000000005,1.0000000001,Solved
G?qdT{,13,4,4.0000000011,0.0000000011,1.0000000003,Solved
G?qdUg,11,4,4.0000000003,0.0000000003,1.0000000001,Solved
G?qdUs,12,4,4.0000000021,0.0000000021,1.0000000005,Solved
G?qdUw,12,4,3.9999999996,-0.0000000004,0.9999999999,Solved
G?qdV_,11,4,4.0000000013,0.0000000013,1.0000000003,Solved
G?qdVc,12,4,4.0000000001,0.0000000001,1.0000000000,Solved
G?qdVg,12,4,4.0000000005,0.0000000005,1.0000000001,Solved
G?qdVk,13,4,4.0000000004,0.0000000004,1.0000000001,Solved
G?qdVo,12,4,4.0000000000,0.0000000000,1.0000000000,Solved
G?qdVs,13,4,4.0000000001,0.0000000001,1.0000000000,Solved
G?qdVw,13,4,4.0000000029,0.0000000029,1.0000000007,Solved
G?qdV{,14,4,4.0000000047,0.0000000047,1.0000000012,Solved
G?qdp{,13,4,3.9999999998,-0.0000000002,1.0000000000,Solved
G?qdq{,13,4,3.9999999996,-0.0000000004,0.9999999999,Solved
G?qdr[,13,4,3.9999999999,-0.0000000001,1.0000000000,Solved
G?qdrg,12,4,3.9999999994,-0.0000000006,0.9999999998,Solved
G?qdrk,13,4,3.9999999990,-0.0000000010,0.9999999998,Solved
G?qdrs,13,4,3.9999999989,-0.0000000011,0.9999999997,Solved
G?qdrw,13,4,3.9999999997,-0.0000000003,0.9999999999,Solved
G?qdr{,14,4,3.9999999994,-0.0000000006,0.9999999999,Solved
G?qdt[,13,4,3.9999999997,-0.0000000003,0.9999999999,Solved
G?qdtk,13,4,3.9999999997,-0.0000000003,0.9999999999,Solved
G?qdts,13,4,3.9999999998,-0.0000000002,0.9999999999,Solved
G?qdtw,13,4,3.9999999999,-0.0000000001,1.0000000000,Solved
G?qdt{,14,4,3.9999999997,-0.0000000003,0.9999999999,Solved
G?qdu[,13,4,3.9999999998,-0.0000000002,1.0000000000,Solved
G?qduk,13,4,3.9999999992,-0.0000000008,0.9999999998,Solved
G?qdus,13,4,3.9999999996,-0.0000000004,0.9999999999,Solved
G?qduw,13,4,4.0000000000,-0.0000000000,1.0000000000,Solved
G?qdu{,14,4,3.9999999990,-0.0000000010,0.9999999998,Solved
G?qdvK,13,4,3.9999999997,-0.0000000003,0.9999999999,Solved
G?qdvS,13,4,3.9999999999,-0.0000000001,1.0000000000,Solved
G?qdvW,13,4,3.9999999995,-0.0000000005,0.9999999999,Solved
G?qdv[,14,4,3.9999999973,-0.0000000027,0.9999999993,Solved
G?qdvc,13,4,4.0000000000,-0.0000000000,1.0000000000,Solved
G?qdvg,13,4,3.9999999994,-0.0000000006,0.9999999999,Solved
G?qdvk,14,4,3.9999999990,-0.0000000010,0.9999999998,Solved
G?qdvo,13,4,3.9999999997,-0.0000000003,0.9999999999,Solved
G?qdvs,14,4,3.9999999991,-0.0000000009,0.9999999998,Solved
G?qdvw,14,4,3.9999999996,-0.0000000004,0.9999999999,Solved
G?qdv{,15,4,3.9999999988,-0.0000000012,0.9999999997,Solved
G?qeXw,12,4,3.9999999985,-0.0000000015,0.9999999996,Solved
G?qeX{,13,4,3.9999999998,-0.0000000002,1.0000000000,Solved
G?qeY{,13,4,3.9999999997,-0.0000000003,0.9999999999,Solved
G?qeZk,13,4,4.0000000015,0.0000000015,1.0000000004,Solved
G?qeZs,13,4,4.0000000000,0.0000000000,1.0000000000,Solved
G?qeZw,13,4,4.0000000000,-0.0000000000,1.0000000000,Solved
G?qeZ{,14,4,3.9999999992,-0.0000000008,0.9999999998,Solved
G?qe\w,13,4,4.0000000026,0.0000000026,1.0000000006,Solved
G?qe\{,14,4,4.0000000041,0.0000000041,1.0000000010,Solved
G?qe]w,13,4,3.9999999980,-0.0000000020,0.9999999995,Solved
G?qe]{,14,4,3.9999999991,-0.0000000009,0.9999999998,Solved
G?qe^c,13,4,3.9999999987,-0.0000000013,0.9999999997,Solved
G?qe^g,13,4,3.9999999999,-0.0000000001,1.0000000000,Solved
G?qe^k,14,4,3.9999999997,-0.0000000003,0.9999999999,Solved
G?qe^o,13,4,3.9999999987,-0.0000000013,0.9999999997,Solved
G?qe^s,14,4,3.9999999996,-0.0000000004,0.9999999999,Solved
G?qe^w,14,4,3.9999999984,-0.0000000016,0.9999999996,Solved
G?qe^{,15,4,4.0000000006,0.0000000006,1.0000000001,Solved
G?qep{,13,4,3.9999999998,-0.0000000002,0.9999999999,Solved
G?qeq{,13,4,3.9999999978,-0.0000000022,0.9999999994,Solved
G?qer[,13,4,3.9999999997,-0.0000000003,0.9999999999,Solved
G?qerg,12,4,3.9999999997,-0.0000000003,0.9999999999,Solved
G?qerk,13,4,3.9999999999,-0.0000000001,1.0000000000,Solved
G?qers,13,4,3.9999999996,-0.0000000004,0.9999999999,Solved
G?qerw,13,4,4.0000000003,0.0000000003,1.0000000001,Solved
G?qer{,14,4,4.0000000003,0.0000000003,1.0000000001,Solved
G?qet[,13,4,3.9999999989,-0.0000000011,0.9999999997,Solved
G?qetk,13,4,3.9999999999,-0.0000000001,1.0000000000,Solved
G?qetw,13,4,3.9999999999,-0.0000000001,1.0000000000,Solved
G?qet{,14,4,4.0000000002,0.0000000002,1.0000000001,Solved
G?qeu[,13,4,3.9999999999,-0.0000000001,1.0000000000,Solved
G?qeus,13,4,3.9999999999,-0.0000000001,1.0000000000,Solved
G?qeuw,13,4,3.9999999997,-0.0000000003,0.9999999999,Solved
G?qeu{,14,4,4.0000000001,0.0000000001,1.0000000000,Solved
G?qevK,13,4,3.9999999992,-0.0000000008,0.9999999998,Solved
G?qevS,13,4,3.9999999997,-0.0000000003,0.9999999999,Solved
G?qevW,13,4,3.9999999988,-0.0000000012,0.9999999997,Solved
G?qev[,14,4,3.9999999993,-0.0000000007,0.9999999998,Solved
G?qevc,13,4,3.9999999998,-0.0000000002,1.0000000000,Solved
G?qevg,13,4,4.0000000000,0.0000000000,1.0000000000,Solved
G?qevk,14,4,4.0000000002,0.0000000002,1.0000000001,Solved
G?qevo,13,4,3.9999999999,-0.0000000001,1.0000000000,Solved
G?qevs,14,4,4.0000000002,0.0000000002,1.0000000001,Solved
G?qevw,14,4,4.0000000002,0.0000000002,1.0000000000,Solved
G?qev{,15,4,3.9999999996,-0.0000000004,0.9999999999,Solved
G?qezw,14,4,4.0000000000,-0.0000000000,1.0000000000,Solved
G?qez{,15,4,4.0000000004,0.0000000004,1.0000000001,Solved
G?qe|w,14,4,3.9999999990,-0.0000000010,0.9999999998,Solved
G?qe|{,15,4,3.9999999993,-0.0000000007,0.9999999998,Solved
G?qe}w,14,4,3.9999999997,-0.0000000003,0.9999999999,Solved
G?qe}{,15,4,3.9999999986,-0.0000000014,0.9999999997,Solved
G?qe~W,14,4,3.9999999997,-0.0000000003,0.9999999999,Solved
G?qe~[,15,4,3.9999999997,-0.0000000003,0.9999999999,Solved
G?qe~g,14,4,4.0000000000,-0.0000000000,1.0000000000,Solved
G?qe~k,15,4,3.9999999998,-0.0000000002,1.0000000000,Solved
G?qe~o,14,4,3.9999999999,-0.0000000001,1.0000000000,Solved
G?qe~s,15,4,3.9999999987,-0.0000000013,0.9999999997,Solved
G?qe~w,15,4,3.9999999999,-0.0000000001,1.0000000000,Solved
G?qe~{,16,4,3.9999999998,-0.0000000002,0.9999999999,Solved
G?qfBo,11,4,4.0000000000,0.0000000000,1.0000000000,Solved
G?qfBw,12,4,4.0000000025,0.0000000025,1.0000000006,Solved
G?qfCw,11,4,3.9999999999,-0.0000000001,1.0000000000,Solved
G?qfDs,12,4,4.0000000000,0.0000000000,1.0000000000,Solved
G?qfEs,12,4,4.0000000004,0.0000000004,1.0000000001,Solved
G?qfEw,12,4,4.0000000011,0.0000000011,1.0000000003,Solved
G?qfFc,12,4,4.0000000007,0.0000000007,1.0000000002,Solved
G?qfFo,12,4,4.0000000009,0.0000000009,1.0000000002,Solved
G?qfFs,13,4,3.9999999998,-0.0000000002,1.0000000000,Solved
G?qfFw,13,4,4.0000000011,0.0000000011,1.0000000003,Solved
G?qfF{,14,4,4.0000000004,0.0000000004,1.0000000001,Solved
G?qfRg,12,4,3.9999999992,-0.0000000008,0.9999999998,Solved
G?qfRk,13,4,3.9999999990,-0.0000000010,0.9999999998,Solved
G?qfRs,13,4,3.9999999986,-0.0000000014,0.9999999996,Solved
G?qfRw,13,4,3.9999999998,-0.0000000002,0.9999999999,Solved
G?qfR{,14,4,4.0000000001,0.0000000001,1.0000000000,Solved
G?qfTw,13,4,3.9999999999,-0.0000000001,1.0000000000,Solved
G?qfT{,14,4,3.9999999993,-0.0000000007,0.9999999998,Solved
G?qfUw,13,4,3.9999999994,-0.0000000006,0.9999999999,Solved
G?qfU{,14,4,4.0000000001,0.0000000001,1.0000000000,Solved
G?qfVg,13,4,3.9999999996,-0.0000000004,0.9999999999,Solved
G?qfVk,14,4,4.0000000000,0.0000000000,1.0000000000,Solved
G?qfVo,13,4,3.9999999999,-0.0000000001,1.0000000000,Solved
G?qfVs,14,4,4.0000000000,-0.0000000000,1.0000000000,Solved
G?qfVw,14,4,4.0000000001,0.0000000001,1.0000000000,Solved
G?qfV{,15,4,4.0000000000,-0.0000000000,1.0000000000,Solved
G?qfZw,14,4,4.0000000006,0.0000000006,1.0000000002,Solved
G?qfZ{,15,4,3.9999999988,-0.0000000012,0.9999999997,Solved
G?qf^w,15,4,4.0000000002,0.0000000002,1.0000000000,Solved
G?qf^{,16,4,4.0000000003,0.0000000003,1.0000000001,Solved
G?qfbW,12,4,3.9999999999,-0.0000000001,1.0000000000,Solved
G?qfb[,13,4,3.9999999986,-0.0000000014,0.9999999996,Solved
G?qfbo,12,4,3.9999999994,-0.0000000006,0.9999999998,Solved
G?qfbs,13,4,3.9999999999,-0.0000000001,1.0000000000,Solved
G?qfbw,13,4,3.9999999987,-0.0000000013,0.9999999997,Solved
G?qfb{,14,4,3.9999999998,-0.0000000002,0.9999999999,Solved
G?qfew,13,4,3.9999999998,-0.0000000002,1.0000000000,Solved
G?qfe{,14,4,4.0000000000,-0.0000000000,1.0000000000,Solved
G?qffS,13,4,4.0000000000,-0.0000000000,1.0000000000,Solved
G?qffW,13,4,3.9999999997,-0.0000000003,0.9999999999,Solved
G?qff[,14,4,3.9999999997,-0.0000000003,0.9999999999,Solved
G?qffc,13,4,3.9999999997,-0.0000000003,0.9999999999,Solved
G?qffo,13,4,3.9999999999,-0.0000000001,1.0000000000,Solved
G?qffs,14,4,4.0000000000,-0.0000000000,1.0000000000,Solved
G?qffw,14,4,4.0000000002,0.0000000002,1.0000000000,Solved
G?qff{,15,4,3.9999999986,-0.0000000014,0.9999999997,Solved
G?qfrw,14,4,3.9999999998,-0.0000000002,0.9999999999,Solved
G?qfr{,15,4,3.9999999998,-0.0000000002,1.0000000000,Solved
G?qfvW,14,4,3.9999999994,-0.0000000006,0.9999999998,Solved
G?qfv[,15,4,3.9999999991,-0.0000000009,0.9999999998,Solved
G?qfvg,14,4,3.9999999995,-0.0000000005,0.9999999999,Solved
G?qfvk,15,4,3.9999999997,-0.0000000003,0.9999999999,Solved
G?qfvo,14,4,3.9999999998,-0.0000000002,1.0000000000,Solved
G?qfvs,15,4,3.9999999986,-0.0000000014,0.9999999996,Solved
G?qfvw,15,4,4.0000000005,0.0000000005,1.0000000001,Solved
G?qfv{,16,4,3.9999999995,-0.0000000005,0.9999999999,Solved
G?qf~w,16,4,3.9999999968,-0.0000000032,0.9999999992,Solved
G?qf~{,17,4,3.9999999986,-0.0000000014,0.9999999997,Solved
G?qjZw,14,4,4.0000000001,0.0000000001,1.0000000000,Solved
G?qj]w,14,4,4.0000000001,0.0000000001,1.0000000000,Solved
G?qj]{,15,4,3.9999999990,-0.0000000010,0.9999999998,Solved
G?qj^w,15,4,3.9999999999,-0.0000000001,1.0000000000,Solved
G?qj^{,16,4,4.0000000000,-0.0000000000,1.0000000000,Solved
G?qj_{,12,4,4.0000000004,0.0000000004,1.0000000001,Solved
G?qj`s,12,4,3.9999999998,-0.0000000002,1.0000000000,Solved
G?qja[,12,4,4.0000000002,0.0000000002,1.0000000001,Solved
G?qjas,12,4,3.9999999988,-0.0000000012,0.9999999997,Solved
G?qjaw,12,4,3.9999999997,-0.0000000003,0.9999999999,Solved
G?qja{,13,4,3.9999999985,-0.0000000015,0.9999999996,Solved
G?qjbS,12,4,3.9999999994,-0.0000000006,0.9999999999,Solved
G?qjbW,12,4,3.9999999991,-0.0000000009,0.9999999998,Solved
G?qjb[,13,4,3.9999999998,-0.0000000002,0.9999999999,Solved
G?qjbc,12,4,3.9999999997,-0.0000000003,0.9999999999,Solved
G?qjbo,12,4,3.9999999996,-0.0000000004,0.9999999999,Solved
G?qjbs,13,4,3.9999999997,-0.0000000003,0.9999999999,Solved
G?qjbw,13,4,3.9999999998,-0.0000000002,1.0000000000,Solved
G?qjb{,14,4,3.9999999999,-0.0000000001,1.0000000000,Solved
G?qjc[,12,4,4.0000000004,0.0000000004,1.0000000001,Solved
G?qjcs,12,4,3.9999999998,-0.0000000002,1.0000000000,Solved
G?qjcw,12,4,4.0000000001,0.0000000001,1.0000000000,Solved
G?qjc{,13,4,3.9999999999,-0.0000000001,1.0000000000,Solved
G?qjdS,12,4,4.0000000002,0.0000000002,1.0000000000,Solved
G?qjds,13,4,4.0000000000,-0.0000000000,1.0000000000,Solved
G?qjeS,12,4,3.9999999985,-0.0000000015,0.9999999996,Solved
G?qjeW,12,4,3.9999999999,-0.0000000001,1.0000000000,Solved
G?qje[,13,4,4.0000000000,0.0000000000,1.0000000000,Solved
G?qjes,13,4,4.0000000000,0.0000000000,1.0000000000,Solved
G?qjew,13,4,4.0000000000,-0.0000000000,1.0000000000,Solved
G?qje{,14,4,3.9999999998,-0.0000000002,1.0000000000,Solved
G?qjf?,11,4,3.9999999994,-0.0000000006,0.9999999998,Solved
G?qjfS,13,4,4.0000000000,-0.0000000000,1.0000000000,Solved
G?qjfW,13,4,4.0000000000,-0.0000000000,1.0000000000,Solved
G?qjf[,14,4,3.9999999993,-0.0000000007,0.9999999998,Solved
G?qjf_,12,4,3.9999999998,-0.0000000002,1.0000000000,Solved
G?qjfc,13,4,4.0000000000,-0.0000000000,1.0000000000,Solved
G?qjfo,13,4,3.9999999983,-0.0000000017,0.9999999996,Solved
G?qjfs,14,4,3.9999999999,-0.0000000001,1.0000000000,Solved
G?qjfw,14,4,3.9999999997,-0.0000000003,0.9999999999,Solved
G?qjf{,15,4,3.9999999999,-0.0000000001,1.0000000000,Solved
G?qjrk,14,4,3.9999999990,-0.0000000010,0.9999999997,Solved
G?qjrs,14,4,3.9999999997,-0.0000000003,0.9999999999,Solved
G?qjrw,14,4,3.9999999993,-0.0000000007,0.9999999998,Solved
G?qjr{,15,4,4.0000000000,0.0000000000,1.0000000000,Solved
G?qjt[,14,4,3.9999999997,-0.0000000003,0.9999999999,Solved
G?qjts,14,4,4.0000000002,0.0000000002,1.0000000001,Solved
G?qjtw,14,4,3.9999999998,-0.0000000002,0.9999999999,Solved
G?qjt{,15,4,3.9999999995,-0.0000000005,0.9999999999,Solved
G?qjus,14,4,3.9999999984,-0.0000000016,0.9999999996,Solved
G?qjuw,14,4,3.9999999990,-0.0000000010,0.9999999998,Solved
G?qju{,15,4,3.9999999999,-0.0000000001,1.0000000000,Solved
G?qjvS,14,4,4.0000000005,0.0000000005,1.0000000001,Solved
G?qjvW,14,4,3.9999999998,-0.0000000002,0.9999999999,Solved
G?qjv[,15,4,4.0000000001,0.0000000001,1.0000000000,Solved
G?qjvg,14,4,4.0000000009,0.0000000009,1.0000000002,Solved
G?qjvk,15,4,3.9999999990,-0.0000000010,0.9999999997,Solved
G?qjvs,15,4,3.9999999995,-0.0000000005,0.9999999999,Solved
G?qjvw,15,4,3.9999999999,-0.0000000001,1.0000000000,Solved
G?qjv{,16,4,3.9999999997,-0.0000000003,0.9999999999,Solved
G?qjz{,16,4,3.9999999999,-0.0000000001,1.0000000000,Solved
G?qj~w,16,4,3.9999999983,-0.0000000017,0.9999999996,Solved
G?qj~{,17,4,4.0000000000,-0.0000000000,1.0000000000,Solved
G?qkz[,14,4,3.9999999985,-0.0000000015,0.9999999996,Solved
G?qkzw,14,4,3.9999999995,-0.0000000005,0.9999999999,Solved
G?qkz{,15,4,3.9999999965,-0.0000000035,0.9999999991,Solved
G?qk}w,14,4,4.0000000013,0.0000000013,1.0000000003,Solved
G?qk~W,14,4,3.9999999999,-0.0000000001,1.0000000000,Solved
G?qk~[,15,4,4.0000000001,0.0000000001,1.0000000000,Solved
G?qk~o,14,4,4.0000000000,-0.0000000000,1.0000000000,Solved
G?qk~w,15,4,3.9999999997,-0.0000000003,0.9999999999,Solved
G?qk~{,16,4,3.9999999997,-0.0000000003,0.9999999999,Solved
G?qlrk,14,4,4.0000000000,-0.0000000000,1.0000000000,Solved
G?qlr{,15,4,3.9999999999,-0.0000000001,1.0000000000,Solved
G?qltk,14,4,3.9999999999,-0.0000000001,1.0000000000,Solved
G?qlts,14,4,3.9999999998,-0.0000000002,1.0000000000,Solved
G?qlt{,15,4,3.9999999993,-0.0000000007,0.9999999998,Solved
G?qluk,14,4,4.0000000000,-0.0000000000,1.0000000000,Solved
G?qlu{,15,4,3.9999999997,-0.0000000003,0.9999999999,Solved
G?qlvK,14,4,3.9999999998,-0.0000000002,1.0000000000,Solved
G?qlvS,14,4,4.0000000000,-0.0000000000,1.0000000000,Solved
G?qlvW,14,4,3.9999999998,-0.0000000002,1.0000000000,Solved
G?qlv[,15,4,4.0000000002,0.0000000002,1.0000000001,Solved
G?qlvc,14,4,4.0000000000,0.0000000000,1.0000000000,Solved
G?qlvg,14,4,3.9999999996,-0.0000000004,0.9999999999,Solved
G?qlvk,15,4,4.0000000000,-0.0000000000,1.0000000000,Solved
G?qlvs,15,4,4.0000000000,-0.0000000000,1.0000000000,Solved
G?qlvw,15,4,3.9999999995,-0.0000000005,0.9999999999,Solved
G?qlv{,16,4,4.0000000000,0.0000000000,1.0000000000,Solved
G?qmX{,14,4,3.9999999999,-0.0000000001,1.0000000000,Solved
G?qmZs,14,4,3.9999999997,-0.0000000003,0.9999999999,Solved
G?qmZ{,15,4,4.0000000007,0.0000000007,1.0000000002,Solved
G?qm[{,14,4,3.9999999995,-0.0000000005,0.9999999999,Solved
G?qm\s,14,4,4.0000000003,0.0000000003,1.0000000001,Solved
G?qm\{,15,4,3.9999999999,-0.0000000001,1.0000000000,Solved
G?qm]s,14,4,4.0000000007,0.0000000007,1.0000000002,Solved
G?qm]w,14,4,3.9999999999,-0.0000000001,1.0000000000,Solved
G?qm]{,15,4,3.9999999997,-0.0000000003,0.9999999999,Solved
G?qm^g,14,4,3.9999999997,-0.0000000003,0.9999999999,Solved
G?qm^o,14,4,4.0000000009,0.0000000009,1.0000000002,Solved
G?qm^s,15,4,3.9999999996,-0.0000000004,0.9999999999,Solved
G?qm^w,15,4,4.0000000000,0.0000000000,1.0000000000,Solved
G?qm^{,16,4,3.9999999998,-0.0000000002,1.0000000000,Solved
G?qm_{,12,4,4.0000000020,0.0000000020,1.0000000005,Solved
G?qm`[,12,4,4.0000000004,0.0000000004,1.0000000001,Solved
G?qm`k,12,4,3.9999999999,-0.0000000001,1.0000000000,Solved
G?qm`s,12,4,3.9999999994,-0.0000000006,0.9999999998,Solved
G?qm`{,13,4,3.9999999985,-0.0000000015,0.9999999996,Solved
G?qma[,12,4,4.0000000009,0.0000000009,1.0000000002,Solved
G?qmak,12,4,3.9999999991,-0.0000000009,0.9999999998,Solved
G?qmas,12,4,3.9999999999,-0.0000000001,1.0000000000,Solved
G?qmaw,12,4,4.0000000000,-0.0000000000,1.0000000000,Solved
G?qma{,13,4,3.9999999998,-0.0000000002,1.0000000000,Solved
G?qmbK,12,4,3.9999999973,-0.0000000027,0.9999999993,Solved
G?qmbS,12,4,3.9999999988,-0.0000000012,0.9999999997,Solved
G?qmb[,13,4,3.9999999993,-0.0000000007,0.9999999998,Solved
G?qmbc,12,4,4.0000000000,0.0000000000,1.0000000000,Solved
G?qmbk,13,4,4.0000000001,0.0000000001,1.0000000000,Solved
G?qmbs,13,4,3.9999999998,-0.0000000002,0.9999999999,Solved
G?qmbw,13,4,4.0000000001,0.0000000001,1.0000000000,Solved
G?qmb{,14,4,3.9999999999,-0.0000000001,1.0000000000,Solved
G?qmc[,12,4,4.0000000003,0.0000000003,1.0000000001,Solved
G?qmcw,12,4,3.9999999980,-0.0000000020,0.9999999995,Solved
G?qmc{,13,4,3.9999999997,-0.0000000003,0.9999999999,Solved
G?qmd[,13,4,3.9999999994,-0.0000000006,0.9999999999,Solved
G?qmdc,12,4,3.9999999982,-0.0000000018,0.9999999996,Solved
G?qmdk,13,4,4.0000000000,0.0000000000,1.0000000000,Solved
G?qmds,13,4,4.0000000000,0.0000000000,1.0000000000,Solved
G?qmdw,13,4,3.9999999982,-0.0000000018,0.9999999996,Solved
G?qmd{,14,4,4.0000000000,0.0000000000,1.0000000000,Solved
G?qmeK,12,4,4.0000000005,0.0000000005,1.0000000001,Solved
G?qmeW,12,4,3.9999999989,-0.0000000011,0.9999999997,Solved
G?qme[,13,4,4.0000000001,0.0000000001,1.0000000000,Solved
G?qmec,12,4,4.0000000001,0.0000000001,1.0000000000,Solved
G?qmek,13,4,3.9999999996,-0.0000000004,0.9999999999,Solved
G?qmes,13,4,3.9999999977,-0.0000000023,0.9999999994,Solved
G?qmew,13,4,4.0000000000,0.0000000000,1.0000000000,Solved
G?qme{,14,4,3.9999999997,-0.0000000003,0.9999999999,Solved
G?qmfC,12,4,3.9999999978,-0.0000000022,0.9999999994,Solved
G?qmfK,13,4,3.9999999999,-0.0000000001,1.0000000000,Solved
G?qmfS,13,4,4.0000000001,0.0000000001,1.0000000000,Solved
G?qmfW,13,4,4.0000000000,-0.0000000000,1.0000000000,Solved
G?qmf[,14,4,4.0000000005,0.0000000005,1.0000000001,Solved
G?qmfc,13,4,4.0000000001,0.0000000001,1.0000000000,Solved
G?qmfg,13,4,4.0000000000,0.0000000000,1.0000000000,Solved
G?qmfk,14,4,3.9999999999,-0.0000000001,1.0000000000,Solved
G?qmfo,13,4,4.0000000000,-0.0000000000,1.0000000000,Solved
G?qmfs,14,4,3.9999999982,-0.0000000018,0.9999999996,Solved
G?qmfw,14,4,4.0000000001,0.0000000001,1.0000000000,Solved
G?qmf{,15,4,3.9999999981,-0.0000000019,0.9999999995,Solved
G?qmrk,14,4,4.0000000000,0.0000000000,1.0000000000,Solved
G?qmr{,15,4,3.9999999999,-0.0000000001,1.0000000000,Solved
G?qmt[,14,4,4.0000000000,0.0000000000,1.0000000000,Solved
G?qmtk,14,4,3.9999999998,-0.0000000002,1.0000000000,Solved
G?qmts,14,4,4.0000000000,0.0000000000,1.0000000000,Solved
G?qmt{,15,4,4.0000000001,0.0000000001,1.0000000000,Solved
G?qmus,14,4,3.9999999999,-0.0000000001,1.0000000000,Solved
G?qmuw,14,4,3.9999999990,-0.0000000010,0.9999999998,Solved
G?qmu{,15,4,3.9999999997,-0.0000000003,0.9999999999,Solved
G?qmvK,14,4,4.0000000000,-0.0000000000,1.0000000000,Solved
G?qmvS,14,4,3.9999999996,-0.0000000004,0.9999999999,Solved
G?qmv[,15,4,4.0000000025,0.0000000025,1.0000000006,Solved
G?qmvc,14,4,4.0000000005,0.0000000005,1.0000000001,Solved
G?qmvg,14,4,4.0000000001,0.0000000001,1.0000000000,Solved
G?qmvk,15,4,3.9999999999,-0.0000000001,1.0000000000,Solved
G?qmvs,15,4,3.9999999999,-0.0000000001,1.0000000000,Solved
G?qmvw,15,4,3.9999999994,-0.0000000006,0.9999999998,Solved
G?qmv{,16,4,3.9999999998,-0.0000000002,1.0000000000,Solved
G?qmz{,16,4,3.9999999997,-0.0000000003,0.9999999999,Solved
G?qm|{,16,4,4.0000000011,0.0000000011,1.0000000003,Solved
G?qm}{,16,4,3.9999999997,-0.0000000003,0.9999999999,Solved
G?qm~[,16,4,3.9999999986,-0.0000000014,0.9999999997,Solved
G?qm~k,16,4,4.0000000000,0.0000000000,1.0000000000,Solved
G?qm~s,16,4,3.9999999995,-0.0000000005,0.9999999999,Solved
G?qm~w,16,4,3.9999999996,-0.0000000004,0.9999999999,Solved
G?qm~{,17,4,3.9999999998,-0.0000000002,1.0000000000,Solved
G?qn?{,12,4,4.0000000013,0.0000000013,1.0000000003,Solved
G?qn@s,12,4,4.0000000000,-0.0000000000,1.0000000000,Solved
G?qnAs,12,4,4.0000000003,0.0000000003,1.0000000001,Solved
G?qnA{,13,4,3.9999999992,-0.0000000008,0.9999999998,Solved
G?qnBc,12,4,3.9999999998,-0.0000000002,1.0000000000,Solved
G?qnBs,13,4,3.9999999997,-0.0000000003,0.9999999999,Solved
G?qnBw,13,4,4.0000000001,0.0000000001,1.0000000000,Solved
G?qnB{,14,4,4.0000000002,0.0000000002,1.0000000001,Solved
G?qnC{,13,4,3.9999999977,-0.0000000023,0.9999999994,Solved
G?qnDs,13,4,3.9999999999,-0.0000000001,1.0000000000,Solved
G?qnEs,13,4,3.9999999995,-0.0000000005,0.9999999999,Solved
G?qnEw,13,4,3.9999999982,-0.0000000018,0.9999999996,Solved
G?qnE{,14,4,4.0000000003,0.0000000003,1.0000000001,Solved
G?qnFc,13,4,3.9999999987,-0.0000000013,0.9999999997,Solved
G?qnFo,13,4,4.0000000001,0.0000000001,1.0000000000,Solved
G?qnFs,14,4,3.9999999988,-0.0000000012,0.9999999997,Solved
G?qnFw,14,4,3.9999999990,-0.0000000010,0.9999999998,Solved
G?qnF{,15,4,4.0000000007,0.0000000007,1.0000000002,Solved
G?qnRk,14,4,3.9999999999,-0.0000000001,1.0000000000,Solved
G?qnRw,14,4,3.9999999995,-0.0000000005,0.9999999999,Solved
G?qnR{,15,4,3.9999999996,-0.0000000004,0.9999999999,Solved
G?qnTw,14,4,3.9999999998,-0.0000000002,1.0000000000,Solved
G?qnT{,15,4,4.0000000011,0.0000000011,1.0000000003,Solved
G?qnUw,14,4,3.9999999995,-0.0000000005,0.9999999999,Solved
G?qnU{,15,4,4.0000000001,0.0000000001,1.0000000000,Solved
G?qnVg,14,4,3.9999999998,-0.0000000002,0.9999999999,Solved
G?qnVk,15,4,3.9999999995,-0.0000000005,0.9999999999,Solved
G?qnVo,14,4,3.9999999997,-0.0000000003,0.9999999999,Solved
G?qnVs,15,4,3.9999999990,-0.0000000010,0.9999999997,Solved
G?qnVw,15,4,3.9999999996,-0.0000000004,0.9999999999,Solved
G?qnV{,16,4,3.9999999998,-0.0000000002,1.0000000000,Solved
G?qnZ{,16,4,4.0000000006,0.0000000006,1.0000000001,Solved
G?qn^w,16,4,3.9999999977,-0.0000000023,0.9999999994,Solved
G?qn^{,17,4,3.9999999998,-0.0000000002,1.0000000000,Solved
G?qnbW,13,4,3.9999999999,-0.0000000001,1.0000000000,Solved
G?qnb[,14,4,3.9999999994,-0.0000000006,0.9999999998,Solved
G?qnbo,13,4,3.9999999996,-0.0000000004,0.9999999999,Solved
G?qnbs,14,4,4.0000000000,-0.0000000000,1.0000000000,Solved
G?qnbw,14,4,3.9999999997,-0.0000000003,0.9999999999,Solved
G?qnb{,15,4,4.0000000002,0.0000000002,1.0000000001,Solved
G?qnew,14,4,3.9999999988,-0.0000000012,0.9999999997,Solved
G?qne{,15,4,3.9999999993,-0.0000000007,0.9999999998,Solved
G?qnfS,14,4,3.9999999998,-0.0000000002,0.9999999999,Solved
G?qnfW,14,4,3.9999999992,-0.0000000008,0.9999999998,Solved
G?qnf[,15,4,3.9999999997,-0.0000000003,0.9999999999,Solved
G?qnfc,14,4,3.9999999992,-0.0000000008,0.9999999998,Solved
G?qnfo,14,4,3.9999999994,-0.0000000006,0.9999999999,Solved
G?qnfs,15,4,4.0000000005,0.0000000005,1.0000000001,Solved
G?qnfw,15,4,3.9999999996,-0.0000000004,0.9999999999,Solved
G?qnf{,16,4,3.9999999994,-0.0000000006,0.9999999998,Solved
G?qnr{,16,4,3.9999999990,-0.0000000010,0.9999999997,Solved
G?qnv[,16,4,3.9999999999,-0.0000000001,1.0000000000,Solved
G?qnvg,15,4,3.9999999971,-0.0000000029,0.9999999993,Solved
G?qnvk,16,4,3.9999999993,-0.0000000007,0.9999999998,Solved
G?qnvs,16,4,3.9999999995,-0.0000000005,0.9999999999,Solved
G?qnvw,16,4,3.9999999990,-0.0000000010,0.9999999997,Solved
G?qnv{,17,4,3.9999999989,-0.0000000011,0.9999999997,Solved
G?qn~w,17,4,3.9999999997,-0.0000000003,0.9999999999,Solved
G?qn~{,18,4,4.0000000000,-0.0000000000,1.0000000000,Solved
G?qr`[,12,4,4.0000000000,-0.0000000000,1.0000000000,Solved
G?qr`k,12,4,4.0000000004,0.0000000004,1.0000000001,Solved
G?qr`w,12,4,3.9999999991,-0.0000000009,0.9999999998,Solved
G?qr`{,13,4,3.9999999995,-0.0000000005,0.9999999999,Solved
G?qrbW,12,4,3.9999999997,-0.0000000003,0.9999999999,Solved
G?qrbg,12,4,3.9999999999,-0.0000000001,1.0000000000,Solved
G?qrbw,13,4,3.9999999995,-0.0000000005,0.9999999999,Solved
G?qrc[,12,4,4.0000000001,0.0000000001,1.0000000000,Solved
G?qrdK,12,4,3.9999999999,-0.0000000001,1.0000000000,Solved
G?qrdW,12,4,4.0000000003,0.0000000003,1.0000000001,Solved
G?qrd[,13,4,3.9999999990,-0.0000000010,0.9999999997,Solved
G?qrd_,11,4,4.0000000022,0.0000000022,1.0000000005,Solved
G?qrdg,12,4,3.9999999995,-0.0000000005,0.9999999999,Solved
G?qrdk,13,4,4.0000000000,0.0000000000,1.0000000000,Solved
G?qrdo,12,4,3.9999999979,-0.0000000021,0.9999999995,Solved
G?qrdw,13,4,3.9999999998,-0.0000000002,1.0000000000,Solved
G?qrd{,14,4,4.0000000001,0.0000000001,1.0000000000,Solved
G?qreK,12,4,4.0000000000,-0.0000000000,1.0000000000,Solved
G?qreW,12,4,4.0000000004,0.0000000004,1.0000000001,Solved
G?qre[,13,4,4.0000000000,0.0000000000,1.0000000000,Solved
G?qrf?,11,4,4.0000000000,-0.0000000000,1.0000000000,Solved
G?qrfG,12,4,3.9999999997,-0.0000000003,0.9999999999,Solved
G?qrfK,13,4,3.9999999999,-0.0000000001,1.0000000000,Solved
G?qrfO,12,4,4.0000000000,-0.0000000000,1.0000000000,Solved
G?qrfW,13,4,3.9999999993,-0.0000000007,0.9999999998,Solved
G?qrf[,14,4,4.0000000004,0.0000000004,1.0000000001,Solved
G?qrf_,12,4,4.0000000000,-0.0000000000,1.0000000000,Solved
G?qrfg,13,4,4.0000000010,0.0000000010,1.0000000003,Solved
G?qrfk,14,4,4.0000000010,0.0000000010,1.0000000003,Solved
G?qrfo,13,4,3.9999999998,-0.0000000002,0.9999999999,Solved
G?qrfw,14,4,4.0000000004,0.0000000004,1.0000000001,Solved
G?qrf{,15,4,4.0000000000,0.0000000000,1.0000000000,Solved
G?qrjw,14,4,3.9999999993,-0.0000000007,0.9999999998,Solved
G?qrlw,14,4,4.0000000000,0.0000000000,1.0000000000,Solved
G?qrl{,15,4,3.9999999996,-0.0000000004,0.9999999999,Solved
G?qrm[,14,4,4.0000000020,0.0000000020,1.0000000005,Solved
G?qrnK,14,4,3.9999999991,-0.0000000009,0.9999999998,Solved
G?qrnW,14,4,4.0000000000,0.0000000000,1.0000000000,Solved
G?qrn[,15,4,4.0000000001,0.0000000001,1.0000000000,Solved
G?qrng,14,4,4.0000000000,-0.0000000000,1.0000000000,Solved
G?qrnk,15,4,3.9999999999,-0.0000000001,1.0000000000,Solved
G?qrno,14,4,4.0000000000,-0.0000000000,1.0000000000,Solved
G?qrnw,15,4,4.0000000017,0.0000000017,1.0000000004,Solved
G?qrn{,16,4,4.0000000001,0.0000000001,1.0000000000,Solved
G?qrpw,13,4,3.9999999999,-0.0000000001,1.0000000000,Solved
G?qrp{,14,4,3.9999999998,-0.0000000002,0.9999999999,Solved
G?qrrW,13,4,3.9999999990,-0.0000000010,0.9999999997,Solved
G?qrrg,13,4,3.9999999990,-0.0000000010,0.9999999997,Solved
G?qrrs,14,4,3.9999999992,-0.0000000008,0.9999999998,Solved
G?qrrw,14,4,3.9999999998,-0.0000000002,1.0000000000,Solved
G?qrr{,15,4,3.9999999985,-0.0000000015,0.9999999996,Solved
G?qrtW,13,4,3.9999999998,-0.0000000002,1.0000000000,Solved
G?qrt[,14,4,3.9999999999,-0.0000000001,1.0000000000,Solved
G?qrtg,13,4,3.9999999995,-0.0000000005,0.9999999999,Solved
G?qrtk,14,4,3.9999999998,-0.0000000002,0.9999999999,Solved
G?qrts,14,4,3.9999999998,-0.0000000002,1.0000000000,Solved
G?qrtw,14,4,3.9999999999,-0.0000000001,1.0000000000,Solved
G?qrt{,15,4,3.9999999997,-0.0000000003,0.9999999999,Solved
G?qruW,13,4,4.0000000012,0.0000000012,1.0000000003,Solved
G?qru[,14,4,4.0000000000,-0.0000000000,1.0000000000,Solved
G?qrvG,13,4,3.9999999988,-0.0000000012,0.9999999997,Solved
G?qrvS,14,4,4.0000000000,0.0000000000,1.0000000000,Solved
G?qrvW,14,4,4.0000000002,0.0000000002,1.0000000001,Solved
G?qrv[,15,4,4.0000000004,0.0000000004,1.0000000001,Solved
G?qrvg,14,4,4.0000000005,0.0000000005,1.0000000001,Solved
G?qrvk,15,4,4.0000000004,0.0000000004,1.0000000001,Solved
G?qrvo,14,4,4.0000000002,0.0000000002,1.0000000000,Solved
G?qrvs,15,4,3.9999999992,-0.0000000008,0.9999999998,Solved
G?qrvw,15,4,4.0000000001,0.0000000001,1.0000000000,Solved
G?qrv{,16,4,3.9999999999,-0.0000000001,1.0000000000,Solved
G?qrz{,16,4,3.9999999998,-0.0000000002,1.0000000000,Solved
G?qr|{,16,4,4.0000000003,0.0000000003,1.0000000001,Solved
G?qr~[,16,4,4.0000000003,0.0000000003,1.0000000001,Solved
G?qr~o,15,4,4.0000000000,0.0000000000,1.0000000000,Solved
G?qr~s,16,4,4.0000000001,0.0000000001,1.0000000000,Solved
G?qr~w,16,4,3.9999999985,-0.0000000015,0.9999999996,Solved
G?qr~{,17,4,3.9999999993,-0.0000000007,0.9999999998,Solved
G?qt`[,12,4,4.0000000000,0.0000000000,1.0000000000,Solved
G?qt`k,12,4,4.0000000007,0.0000000007,1.0000000002,Solved
G?qt`w,12,4,3.9999999991,-0.0000000009,0.9999999998,Solved
G?qt`{,13,4,3.9999999997,-0.0000000003,0.9999999999,Solved
G?qta[,12,4,4.0000000000,0.0000000000,1.0000000000,Solved
G?qtbK,12,4,4.0000000001,0.0000000001,1.0000000000,Solved
G?qtb[,13,4,3.9999999980,-0.0000000020,0.9999999995,Solved
G?qtbk,13,4,4.0000000000,-0.0000000000,1.0000000000,Solved
G?qtbo,12,4,3.9999999997,-0.0000000003,0.9999999999,Solved
G?qtbw,13,4,3.9999999998,-0.0000000002,0.9999999999,Solved
G?qtb{,14,4,3.9999999985,-0.0000000015,0.9999999996,Solved
G?qtc[,12,4,3.9999999999,-0.0000000001,1.0000000000,Solved
G?qtdW,12,4,3.9999999989,-0.0000000011,0.9999999997,Solved
G?qtd[,13,4,4.0000000001,0.0000000001,1.0000000000,Solved
G?qtdg,12,4,3.9999999997,-0.0000000003,0.9999999999,Solved
G?qtdk,13,4,3.9999999988,-0.0000000012,0.9999999997,Solved
G?qtdo,12,4,4.0000000014,0.0000000014,1.0000000003,Solved
G?qtdw,13,4,3.9999999999,-0.0000000001,1.0000000000,Solved
G?qtd{,14,4,4.0000000002,0.0000000002,1.0000000000,Solved
G?qteK,12,4,4.0000000002,0.0000000002,1.0000000000,Solved
G?qteW,12,4,4.0000000000,0.0000000000,1.0000000000,Solved
G?qte[,13,4,3.9999999996,-0.0000000004,0.9999999999,Solved
G?qtfG,12,4,3.9999999995,-0.0000000005,0.9999999999,Solved
G?qtfK,13,4,3.9999999987,-0.0000000013,0.9999999997,Solved
G?qtfW,13,4,3.9999999990,-0.0000000010,0.9999999998,Solved
G?qtf[,14,4,3.9999999995,-0.0000000005,0.9999999999,Solved
G?qtf_,12,4,3.9999999988,-0.0000000012,0.9999999997,Solved
G?qtfg,13,4,3.9999999997,-0.0000000003,0.9999999999,Solved
G?qtfk,14,4,3.9999999998,-0.0000000002,1.0000000000,Solved
G?qtfo,13,4,4.0000000000,0.0000000000,1.0000000000,Solved
G?qtfw,14,4,3.9999999998,-0.0000000002,1.0000000000,Solved
G?qtf{,15,4,4.0000000001,0.0000000001,1.0000000000,Solved
G?qtjk,14,4,4.0000000000,-0.0000000000,1.0000000000,Solved
G?qtj{,15,4,3.9999999988,-0.0000000012,0.9999999997,Solved
G?qtlk,14,4,3.9999999970,-0.0000000030,0.9999999992,Solved
G?qtlw,14,4,4.0000000000,-0.0000000000,1.0000000000,Solved
G?qtl{,15,4,4.0000000004,0.0000000004,1.0000000001,Solved
G?qtm[,14,4,4.0000000017,0.0000000017,1.0000000004,Solved
G?qtnK,14,4,3.9999999989,-0.0000000011,0.9999999997,Solved
G?qtnW,14,4,3.9999999996,-0.0000000004,0.9999999999,Solved
G?qtn[,15,4,4.0000000011,0.0000000011,1.0000000003,Solved
G?qtnk,15,4,4.0000000001,0.0000000001,1.0000000000,Solved
G?qtno,14,4,4.0000000002,0.0000000002,1.0000000000,Solved
G?qtnw,15,4,3.9999999997,-0.0000000003,0.9999999999,Solved
G?qtn{,16,4,3.9999999994,-0.0000000006,0.9999999998,Solved
G?qtpw,13,4,3.9999999988,-0.0000000012,0.9999999997,Solved
G?qtrW,13,4,4.0000000003,0.0000000003,1.0000000001,Solved
G?qtrw,14,4,3.9999999998,-0.0000000002,1.0000000000,Solved
G?qtr{,15,4,4.0000000005,0.0000000005,1.0000000001,Solved
G?qtts,14,4,3.9999999999,-0.0000000001,1.0000000000,Solved
G?qttw,14,4,3.9999999999,-0.0000000001,1.0000000000,Solved
G?qtt{,15,4,3.9999999999,-0.0000000001,1.0000000000,Solved
G?qtvW,14,4,3.9999999999,-0.0000000001,1.0000000000,Solved
G?qtv[,15,4,3.9999999999,-0.0000000001,1.0000000000,Solved
G?qtvg,14,4,3.9999999994,-0.0000000006,0.9999999999,Solved
G?qtvk,15,4,4.0000000005,0.0000000005,1.0000000001,Solved
G?qtvo,14,4,4.0000000004,0.0000000004,1.0000000001,Solved
G?qtvs,15,4,4.0000000003,0.0000000003,1.0000000001,Solved
G?qtvw,15,4,4.0000000004,0.0000000004,1.0000000001,Solved
G?qtv{,16,4,4.0000000000,-0.0000000000,1.0000000000,Solved
G?qt|{,16,4,3.9999999983,-0.0000000017,0.9999999996,Solved
G?qt~w,16,4,3.9999999995,-0.0000000005,0.9999999999,Solved
G?qt~{,17,4,3.9999999991,-0.0000000009,0.9999999998,Solved
G?quZw,14,4,4.0000000006,0.0000000006,1.0000000001,Solved
G?quZ{,15,4,3.9999999997,-0.0000000003,0.9999999999,Solved
G?qu\s,14,4,3.9999999997,-0.0000000003,0.9999999999,Solved
G?qu\w,14,4,3.9999999994,-0.0000000006,0.9999999999,Solved
G?qu\{,15,4,3.9999999996,-0.0000000004,0.9999999999,Solved
G?qu][,14,4,4.0000000000,-0.0000000000,1.0000000000,Solved
G?qu^K,14,4,4.0000000001,0.0000000001,1.0000000000,Solved
G?qu^S,14,4,3.9999999997,-0.0000000003,0.9999999999,Solved
G?qu^W,14,4,4.0000000000,-0.0000000000,1.0000000000,Solved
G?qu^[,15,4,3.9999999990,-0.0000000010,0.9999999997,Solved
G?qu^g,14,4,4.0000000020,0.0000000020,1.0000000005,Solved
G?qu^k,15,4,3.9999999996,-0.0000000004,0.9999999999,Solved
G?qu^o,14,4,4.0000000001,0.0000000001,1.0000000000,Solved
G?qu^s,15,4,3.9999999992,-0.0000000008,0.9999999998,Solved
G?qu^w,15,4,3.9999999994,-0.0000000006,0.9999999999,Solved
G?qu^{,16,4,3.9999999998,-0.0000000002,1.0000000000,Solved
G?qv?{,12,4,4.0000000001,0.0000000001,1.0000000000,Solved
G?qv@[,12,4,4.0000000001,0.0000000001,1.0000000000,Solved
G?qv@k,12,4,4.0000000010,0.0000000010,1.0000000003,Solved
G?qv@s,12,4,3.9999999996,-0.0000000004,0.9999999999,Solved
G?qv@{,13,4,3.9999999994,-0.0000000006,0.9999999999,Solved
G?qvA[,12,4,3.9999999994,-0.0000000006,0.9999999999,Solved
G?qvAk,12,4,3.9999999998,-0.0000000002,1.0000000000,Solved
G?qvAs,12,4,3.9999999998,-0.0000000002,0.9999999999,Solved
G?qvAw,12,4,3.9999999988,-0.0000000012,0.9999999997,Solved
G?qvA{,13,4,4.0000000002,0.0000000002,1.0000000000,Solved
G?qvBK,12,4,4.0000000000,-0.0000000000,1.0000000000,Solved
G?qvBS,12,4,3.9999999996,-0.0000000004,0.9999999999,Solved
G?qvBW,12,4,3.9999999998,-0.0000000002,0.9999999999,Solved
G?qvB[,13,4,4.0000000009,0.0000000009,1.0000000002,Solved
G?qvBg,12,4,3.9999999993,-0.0000000007,0.9999999998,Solved
G?qvBk,13,4,3.9999999999,-0.0000000001,1.0000000000,Solved
G?qvBo,12,4,4.0000000000,-0.0000000000,1.0000000000,Solved
G?qvBs,13,4,3.9999999994,-0.0000000006,0.9999999999,Solved
G?qvBw,13,4,4.0000000000,-0.0000000000,1.0000000000,Solved
G?qvB{,14,4,3.9999999994,-0.0000000006,0.9999999998,Solved
G?qvC[,12,4,4.0000000001,0.0000000001,1.0000000000,Solved
G?qvCs,12,4,3.9999999982,-0.0000000018,0.9999999995,Solved
G?qvC{,13,4,4.0000000000,-0.0000000000,1.0000000000,Solved
G?qvDS,12,4,3.9999999996,-0.0000000004,0.9999999999,Solved
G?qvDW,12,4,3.9999999986,-0.0000000014,0.9999999997,Solved
G?qvD[,13,4,4.0000000014,0.0000000014,1.0000000004,Solved
G?qvDk,13,4,3.9999999999,-0.0000000001,1.0000000000,Solved
G?qvDs,13,4,4.0000000000,0.0000000000,1.0000000000,Solved
G?qvDw,13,4,3.9999999997,-0.0000000003,0.9999999999,Solved
G?qvD{,14,4,3.9999999999,-0.0000000001,1.0000000000,Solved
G?qvEK,12,4,4.0000000011,0.0000000011,1.0000000003,Solved
G?qvES,12,4,3.9999999999,-0.0000000001,1.0000000000,Solved
G?qvEW,12,4,3.9999999998,-0.0000000002,0.9999999999,Solved
G?qvE[,13,4,3.9999999999,-0.0000000001,1.0000000000,Solved
G?qvEc,12,4,3.9999999998,-0.0000000002,1.0000000000,Solved
G?qvEk,13,4,3.9999999999,-0.0000000001,1.0000000000,Solved
G?qvEs,13,4,3.9999999998,-0.0000000002,1.0000000000,Solved
G?qvEw,13,4,4.0000000000,-0.0000000000,1.0000000000,Solved
G?qvE{,14,4,3.9999999990,-0.0000000010,0.9999999997,Solved
G?qvFC,12,4,3.9999999999,-0.0000000001,1.0000000000,Solved
G?qvFG,12,4,4.0000000001,0.0000000001,1.0000000000,Solved
G?qvFK,13,4,3.9999999999,-0.0000000001,1.0000000000,Solved
G?qvFO,12,4,3.9999999999,-0.0000000001,1.0000000000,Solved
G?qvFS,13,4,3.9999999995,-0.0000000005,0.9999999999,Solved
G?qvFW,13,4,4.0000000000,-0.0000000000,1.0000000000,Solved
G?qvF[,14,4,3.9999999986,-0.0000000014,0.9999999996,Solved
G?qvF_,12,4,4.0000000015,0.0000000015,1.0000000004,Solved
G?qvFc,13,4,3.9999999997,-0.0000000003,0.9999999999,Solved
G?qvFg,13,4,3.9999999983,-0.0000000017,0.9999999996,Solved
G?qvFk,14,4,3.9999999994,-0.0000000006,0.9999999998,Solved
G?qvFo,13,4,3.9999999999,-0.0000000001,1.0000000000,Solved
G?qvFs,14,4,4.0000000000,0.0000000000,1.0000000000,Solved
G?qvFw,14,4,3.9999999994,-0.0000000006,0.9999999999,Solved
G?qvF{,15,4,4.0000000000,0.0000000000,1.0000000000,Solved
G?qvJs,14,4,3.9999999996,-0.0000000004,0.9999999999,Solved
G?qvJw,14,4,3.9999999988,-0.0000000012,0.9999999997,Solved
G?qvJ{,15,4,3.9999999999,-0.0000000001,1.0000000000,Solved
G?qvLs,14,4,3.9999999985,-0.0000000015,0.9999999996,Solved
G?qvLw,14,4,3.9999999994,-0.0000000006,0.9999999999,Solved
G?qvL{,15,4,3.9999999992,-0.0000000008,0.9999999998,Solved
G?qvMk,14,4,3.9999999996,-0.0000000004,0.9999999999,Solved
G?qvMs,14,4,3.9999999999,-0.0000000001,1.0000000000,Solved
G?qvMw,14,4,3.9999999996,-0.0000000004,0.9999999999,Solved
G?qvM{,15,4,3.9999999993,-0.0000000007,0.9999999998,Solved
G?qvNK,14,4,3.9999999992,-0.0000000008,0.9999999998,Solved
G?qvNS,14,4,3.9999999998,-0.0000000002,0.9999999999,Solved
G?qvNW,14,4,3.9999999996,-0.0000000004,0.9999999999,Solved
G?qvN[,15,4,3.9999999998,-0.0000000002,0.9999999999,Solved
G?qvNc,14,4,3.9999999990,-0.0000000010,0.9999999997,Solved
G?qvNg,14,4,3.9999999992,-0.0000000008,0.9999999998,Solved
G?qvNk,15,4,3.9999999994,-0.0000000006,0.9999999999,Solved
G?qvNo,14,4,3.9999999995,-0.0000000005,0.9999999999,Solved
G?qvNs,15,4,3.9999999999,-0.0000000001,1.0000000000,Solved
G?qvNw,15,4,3.9999999994,-0.0000000006,0.9999999999,Solved
G?qvN{,16,4,3.9999999998,-0.0000000002,0.9999999999,Solved
G?qvPw,13,4,3.9999999999,-0.0000000001,1.0000000000,Solved
G?qvRg,13,4,3.9999999993,-0.0000000007,0.9999999998,Solved
G?qvRw,14,4,3.9999999998,-0.0000000002,1.0000000000,Solved
G?qvR{,15,4,4.0000000001,0.0000000001,1.0000000000,Solved
G?qvS{,14,4,3.9999999986,-0.0000000014,0.9999999997,Solved
G?qvT[,14,4,3.9999999997,-0.0000000003,0.9999999999,Solved
G?qvTs,14,4,4.0000000000,0.0000000000,1.0000000000,Solved
G?qvTw,14,4,4.0000000000,0.0000000000,1.0000000000,Solved
G?qvT{,15,4,4.0000000000,0.0000000000,1.0000000000,Solved
G?qvUs,14,4,4.0000000001,0.0000000001,1.0000000000,Solved
G?qvUw,14,4,3.9999999998,-0.0000000002,1.0000000000,Solved
G?qvU{,15,4,4.0000000003,0.0000000003,1.0000000001,Solved
G?qvVS,14,4,3.9999999999,-0.0000000001,1.0000000000,Solved
G?qvVW,14,4,3.9999999991,-0.0000000009,0.9999999998,Solved
G?qvV[,15,4,4.0000000001,0.0000000001,1.0000000000,Solved
G?qvVg,14,4,4.0000000004,0.0000000004,1.0000000001,Solved
G?qvVk,15,4,4.0000000000,0.0000000000,1.0000000000,Solved
G?qvVo,14,4,4.0000000003,0.0000000003,1.0000000001,Solved
G?qvVs,15,4,4.0000000007,0.0000000007,1.0000000002,Solved
G?qvVw,15,4,3.9999999999,-0.0000000001,1.0000000000,Solved
G?qvV{,16,4,4.0000000000,0.0000000000,1.0000000000,Solved
G?qv\{,16,4,4.0000000000,-0.0000000000,1.0000000000,Solved
G?qv]{,16,4,3.9999999981,-0.0000000019,0.9999999995,Solved
G?qv^[,16,4,3.9999999999,-0.0000000001,1.0000000000,Solved
G?qv^o,15,4,3.9999999999,-0.0000000001,1.0000000000,Solved
G?qv^s,16,4,3.9999999998,-0.0000000002,0.9999999999,Solved
G?qv^w,16,4,3.9999999997,-0.0000000003,0.9999999999,Solved
G?qv^{,17,4,3.9999999991,-0.0000000009,0.9999999998,Solved
G?qv`{,14,4,3.9999999996,-0.0000000004,0.9999999999,Solved
G?qvb[,14,4,3.9999999992,-0.0000000008,0.9999999998,Solved
G?qvbg,13,4,4.0000000006,0.0000000006,1.0000000001,Solved
G?qvbo,13,4,4.0000000001,0.0000000001,1.0000000000,Solved
G?qvbs,14,4,4.0000000001,0.0000000001,1.0000000000,Solved
G?qvbw,14,4,4.0000000007,0.0000000007,1.0000000002,Solved
G?qvb{,15,4,3.9999999999,-0.0000000001,1.0000000000,Solved
G?qvd[,14,4,4.0000000000,-0.0000000000,1.0000000000,Solved
G?qvdk,14,4,4.0000000002,0.0000000002,1.0000000001,Solved
G?qvds,14,4,4.0000000000,-0.0000000000,1.0000000000,Solved
G?qvdw,14,4,3.9999999996,-0.0000000004,0.9999999999,Solved
G?qvd{,15,4,3.9999999997,-0.0000000003,0.9999999999,Solved
G?qve[,14,4,3.9999999994,-0.0000000006,0.9999999998,Solved
G?qvfS,14,4,4.0000000004,0.0000000004,1.0000000001,Solved
G?qvfW,14,4,4.0000000002,0.0000000002,1.0000000001,Solved
G?qvf[,15,4,3.9999999998,-0.0000000002,1.0000000000,Solved
G?qvfc,14,4,3.9999999998,-0.0000000002,0.9999999999,Solved
G?qvfg,14,4,3.9999999999,-0.0000000001,1.0000000000,Solved
G?qvfk,15,4,4.0000000000,-0.0000000000,1.0000000000,Solved
G?qvfo,14,4,4.0000000001,0.0000000001,1.0000000000,Solved
G?qvfs,15,4,3.9999999996,-0.0000000004,0.9999999999,Solved
G?qvfw,15,4,3.9999999998,-0.0000000002,0.9999999999,Solved
G?qvf{,16,4,4.0000000001,0.0000000001,1.0000000000,Solved
G?qvj{,16,4,3.9999999995,-0.0000000005,0.9999999999,Solved
G?qvl{,16,4,3.9999999986,-0.0000000014,0.9999999997,Solved
G?qvn[,16,4,3.9999999993,-0.0000000007,0.9999999998,Solved
G?qvnk,16,4,3.9999999996,-0.0000000004,0.9999999999,Solved
G?qvno,15,4,4.0000000001,0.0000000001,1.0000000000,Solved
G?qvns,16,4,3.9999999991,-0.0000000009,0.9999999998,Solved
G?qvnw,16,4,3.9999999991,-0.0000000009,0.9999999998,Solved
G?qvn{,17,4,3.9999999988,-0.0000000012,0.9999999997,Solved
G?qvtw,15,4,3.9999999997,-0.0000000003,0.9999999999,Solved
G?qvt{,16,4,3.9999999990,-0.0000000010,0.9999999998,Solved
G?qvvo,15,4,4.0000000006,0.0000000006,1.0000000001,Solved
G?qvvs,16,4,4.0000000000,0.0000000000,1.0000000000,Solved
G?qvvw,16,4,4.0000000001,0.0000000001,1.0000000000,Solved
G?qvv{,17,4,4.0000000002,0.0000000002,1.0000000000,Solved
G?qv~w,17,4,4.0000000003,0.0000000003,1.0000000001,Solved
G?qv~{,18,4,4.0000000003,0.0000000003,1.0000000001,Solved
G?qzp{,15,4,3.9999999999,-0.0000000001,1.0000000000,Solved
G?qzrw,15,4,3.9999999999,-0.0000000001,1.0000000000,Solved
G?qzt[,15,4,4.0000000000,-0.0000000000,1.0000000000,Solved
G?qztk,15,4,3.9999999992,-0.0000000008,0.9999999998,Solved
G?qztw,15,4,3.9999999995,-0.0000000005,0.9999999999,Solved
G?qzt{,16,4,4.0000000002,0.0000000002,1.0000000001,Solved
G?qzu[,15,4,3.9999999997,-0.0000000003,0.9999999999,Solved
G?qzvK,15,4,3.9999999994,-0.0000000006,0.9999999998,Solved
G?qzv[,16,4,4.0000000005,0.0000000005,1.0000000001,Solved
G?qzvk,16,4,4.0000000006,0.0000000006,1.0000000001,Solved
G?qzvo,15,4,3.9999999991,-0.0000000009,0.9999999998,Solved
G?qzvw,16,4,4.0000000017,0.0000000017,1.0000000004,Solved
G?qzv{,17,4,3.9999999995,-0.0000000005,0.9999999999,Solved
G?qz~[,17,4,4.0000000013,0.0000000013,1.0000000003,Solved
G?qz~k,17,4,4.0000000003,0.0000000003,1.0000000001,Solved
G?qz~{,18,4,4.0000000000,-0.0000000000,1.0000000000,Solved
G?q|p{,15,4,3.9999999998,-0.0000000002,1.0000000000,Solved
G?q|r[,15,4,3.9999999994,-0.0000000006,0.9999999999,Solved
G?q|rk,15,4,4.0000000006,0.0000000006,1.0000000001,Solved
G?q|r{,16,4,3.9999999998,-0.0000000002,1.0000000000,Solved
G?q|t[,15,4,3.9999999982,-0.0000000018,0.9999999996,Solved
G?q|tk,15,4,3.9999999979,-0.0000000021,0.9999999995,Solved
G?q|tw,15,4,3.9999999995,-0.0000000005,0.9999999999,Solved
G?q|t{,16,4,3.9999999998,-0.0000000002,0.9999999999,Solved
G?q|u[,15,4,4.0000000001,0.0000000001,1.0000000000,Solved
G?q|vK,15,4,3.9999999996,-0.0000000004,0.9999999999,Solved
G?q|v[,16,4,4.0000000000,-0.0000000000,1.0000000000,Solved
G?q|vg,15,4,3.9999999999,-0.0000000001,1.0000000000,Solved
G?q|vk,16,4,3.9999999995,-0.0000000005,0.9999999999,Solved
G?q|vo,15,4,3.9999999986,-0.0000000014,0.9999999996,Solved
G?q|vw,16,4,3.9999999999,-0.0000000001,1.0000000000,Solved
G?q|v{,17,4,3.9999999995,-0.0000000005,0.9999999999,Solved
G?q|z{,17,4,4.0000000009,0.0000000009,1.0000000002,Solved
G?q||{,17,4,3.9999999980,-0.0000000020,0.9999999995,Solved
G?q|~[,17,4,3.9999999997,-0.0000000003,0.9999999999,Solved
G?q|~k,17,4,4.0000000003,0.0000000003,1.0000000001,Solved
G?q|~w,17,4,3.9999999997,-0.0000000003,0.9999999999,Solved
G?q|~{,18,4,3.9999999995,-0.0000000005,0.9999999999,Solved
G?q~]{,17,4,3.9999999999,-0.0000000001,1.0000000000,Solved
G?q~^[,17,4,4.0000000008,0.0000000008,1.0000000002,Solved
G?q~^k,17,4,4.0000000002,0.0000000002,1.0000000001,Solved
G?q~^s,17,4,4.0000000012,0.0000000012,1.0000000003,Solved
G?q~^w,17,4,3.9999999997,-0.0000000003,0.9999999999,Solved
G?q~^{,18,4,4.0000000000,0.0000000000,1.0000000000,Solved
G?q~`{,15,4,3.9999999998,-0.0000000002,1.0000000000,Solved
G?q~b[,15,4,3.9999999981,-0.0000000019,0.9999999995,Solved
G?q~bk,15,4,3.9999999988,-0.0000000012,0.9999999997,Solved
G?q~bs,15,4,4.0000000001,0.0000000001,1.0000000000,Solved
G?q~bw,15,4,4.0000000002,0.0000000002,1.0000000000,Solved
G?q~b{,16,4,4.0000000019,0.0000000019,1.0000000005,Solved
G?q~d[,15,4,3.9999999998,-0.0000000002,1.0000000000,Solved
G?q~dk,15,4,3.9999999995,-0.0000000005,0.9999999999,Solved
G?q~dw,15,4,3.9999999992,-0.0000000008,0.9999999998,Solved
G?q~d{,16,4,4.0000000012,0.0000000012,1.0000000003,Solved
G?q~e[,15,4,3.9999999984,-0.0000000016,0.9999999996,Solved
G?q~fK,15,4,3.9999999992,-0.0000000008,0.9999999998,Solved
G?q~fW,15,4,3.9999999993,-0.0000000007,0.9999999998,Solved
G?q~f[,16,4,4.0000000002,0.0000000002,1.0000000001,Solved
G?q~fc,15,4,4.0000000002,0.0000000002,1.0000000001,Solved
G?q~fg,15,4,4.0000000000,0.0000000000,1.0000000000,Solved
G?q~fk,16,4,4.0000000000,0.0000000000,1.0000000000,Solved
G?q~fo,15,4,4.0000000024,0.0000000024,1.0000000006,Solved
G?q~fs,16,4,4.0000000002,0.0000000002,1.0000000001,Solved
G?q~fw,16,4,4.0000000001,0.0000000001,1.0000000000,Solved
G?q~f{,17,4,3.9999999998,-0.0000000002,1.0000000000,Solved
G?q~nk,17,4,4.0000000016,0.0000000016,1.0000000004,Solved
G?q~nw,17,4,3.9999999992,-0.0000000008,0.9999999998,Solved
G?q~n{,18,4,4.0000000001,0.0000000001,1.0000000000,Solved
G?q~r{,17,4,4.0000000001,0.0000000001,1.0000000000,Solved
G?q~vg,16,4,4.0000000009,0.0000000009,1.0000000002,Solved
G?q~vk,17,4,3.9999999991,-0.0000000009,0.9999999998,Solved
G?q~vs,17,4,4.0000000000,0.0000000000,1.0000000000,Solved
G?q~vw,17,4,4.0000000001,0.0000000001,1.0000000000,Solved
G?q~v{,18,4,3.9999999998,-0.0000000002,1.0000000000,Solved
G?q~~{,19,4,4.0000000000,-0.0000000000,1.0000000000,Solved
G?r@cS,9,4,4.0000000028,0.0000000028,1.0000000007,Solved
G?r@dC,9,4,4.0000000007,0.0000000007,1.0000000002,Solved
G?r@dS,10,4,3.9999999999,-0.0000000001,1.0000000000,Solved
G?r@d_,9,4,4.0000000004,0.0000000004,1.0000000001,Solved
G?r@dc,10,4,4.0000000002,0.0000000002,1.0000000000,Solved
G?r@do,10,4,4.0000000023,0.0000000023,1.0000000006,Solved
G?r@ds,11,4,4.0000000008,0.0000000008,1.0000000002,Solved
G?r@eC,9,5,4.9999999995,-0.0000000005,0.9999999999,Solved
G?r@eS,10,4,4.0000000009,0.0000000009,1.0000000002,Solved
G?r@e[,11,4,4.0000000001,0.0000000001,1.0000000000,Solved
G?r@f?,9,4,4.0000000016,0.0000000016,1.0000000004,Solved
G?r@fC,10,4,4.0000000010,0.0000000010,1.0000000002,Solved
G?r@fO,10,4,3.9999999994,-0.0000000006,0.9999999999,Solved
G?r@fS,11,4,4.0000000011,0.0000000011,1.0000000003,Solved
G?r@fW,11,4,4.0000000005,0.0000000005,1.0000000001,Solved
G?r@f[,12,4,4.0000000005,0.0000000005,1.0000000001,Solved
G?r@f_,10,4,4.0000000008,0.0000000008,1.0000000002,Solved
G?r@fc,11,4,4.0000000003,0.0000000003,1.0000000001,Solved
G?r@fo,11,4,4.0000000013,0.0000000013,1.0000000003,Solved
G?r@fs,12,4,4.0000000000,0.0000000000,1.0000000000,Solved
G?r@fw,12,4,3.9999999997,-0.0000000003,0.9999999999,Solved
G?r@f{,13,4,4.0000000004,0.0000000004,1.0000000001,Solved
G?rDrg,12,4,3.9999999998,-0.0000000002,1.0000000000,Solved
G?rDrk,13,4,3.9999999998,-0.0000000002,0.9999999999,Solved
G?rDrs,13,4,4.0000000001,0.0000000001,1.0000000000,Solved
G?rDts,13,4,4.0000000002,0.0000000002,1.0000000001,Solved
G?rDu[,13,4,4.0000000009,0.0000000009,1.0000000002,Solved
G?rDvK,13,4,4.0000000002,0.0000000002,1.0000000000,Solved
G?rDvS,13,4,4.0000000002,0.0000000002,1.0000000000,Solved
G?rDvW,13,4,4.0000000001,0.0000000001,1.0000000000,Solved
G?rDv[,14,4,4.0000000003,0.0000000003,1.0000000001,Solved
G?rDvg,13,4,4.0000000012,0.0000000012,1.0000000003,Solved
G?rDvk,14,4,4.0000000011,0.0000000011,1.0000000003,Solved
G?rDvo,13,4,4.0000000007,0.0000000007,1.0000000002,Solved
G?rDvs,14,4,4.0000000017,0.0000000017,1.0000000004,Solved
G?rDvw,14,4,4.0000000003,0.0000000003,1.0000000001,Solved
G?rDv{,15,4,4.0000000002,0.0000000002,1.0000000001,Solved
G?rE^o,13,4,4.0000000007,0.0000000007,1.0000000002,Solved
G?rE^s,14,4,4.0000000017,0.0000000017,1.0000000004,Solved
G?rE^w,14,4,4.0000000015,0.0000000015,1.0000000004,Solved
G?rE^{,15,4,4.0000000007,0.0000000007,1.0000000002,Solved
G?rFS{,13,4,4.0000000003,0.0000000003,1.0000000001,Solved
G?rFTw,13,4,4.0000000024,0.0000000024,1.0000000006,Solved
G?rFT{,14,4,4.0000000024,0.0000000024,1.0000000006,Solved
G?rFUk,13,4,3.9999999997,-0.0000000003,0.9999999999,Solved
G?rFUs,13,4,4.0000000006,0.0000000006,1.0000000002,Solved
G?rFUw,13,4,4.0000000006,0.0000000006,1.0000000002,Solved
G?rFU{,14,4,4.0000000001,0.0000000001,1.0000000000,Solved
G?rFV_,12,4,4.0000000004,0.0000000004,1.0000000001,Solved
G?rFVg,13,4,4.0000000012,0.0000000012,1.0000000003,Solved
G?rFVk,14,4,4.0000000003,0.0000000003,1.0000000001,Solved
G?rFVo,13,4,4.0000000005,0.0000000005,1.0000000001,Solved
G?rFVs,14,4,4.0000000007,0.0000000007,1.0000000002,Solved
G?rFVw,14,4,4.0000000003,0.0000000003,1.0000000001,Solved
G?rFV{,15,4,4.0000000005,0.0000000005,1.0000000001,Solved
G?rF]w,14,4,4.0000000006,0.0000000006,1.0000000001,Solved
G?rF]{,15,4,3.9999999986,-0.0000000014,0.9999999997,Solved
G?rF^w,15,4,3.9999999983,-0.0000000017,0.9999999996,Solved
G?rF^{,16,4,4.0000000002,0.0000000002,1.0000000001,Solved
G?rF`w,12,4,4.0000000044,0.0000000044,1.0000000011,Solved
G?rF`{,13,4,3.9999999997,-0.0000000003,0.9999999999,Solved
G?rFd[,13,4,3.9999999998,-0.0000000002,1.0000000000,Solved
G?rFds,13,4,4.0000000002,0.0000000002,1.0000000000,Solved
G?rFdw,13,4,3.9999999995,-0.0000000005,0.9999999999,Solved
G?rFd{,14,4,4.0000000002,0.0000000002,1.0000000000,Solved
G?rFeW,12,4,4.0000000003,0.0000000003,1.0000000001,Solved
G?rFe[,13,4,4.0000000015,0.0000000015,1.0000000004,Solved
G?rFfS,13,4,4.0000000025,0.0000000025,1.0000000006,Solved
G?rFfW,13,4,4.0000000003,0.0000000003,1.0000000001,Solved
G?rFf[,14,4,4.0000000000,0.0000000000,1.0000000000,Solved
G?rFf_,12,4,4.0000000007,0.0000000007,1.0000000002,Solved
G?rFfc,13,4,4.0000000013,0.0000000013,1.0000000003,Solved
G?rFfo,13,4,4.0000000000,-0.0000000000,1.0000000000,Solved
G?rFfs,14,4,4.0000000001,0.0000000001,1.0000000000,Solved
G?rFfw,14,4,4.0000000017,0.0000000017,1.0000000004,Solved
G?rFf{,15,4,3.9999999993,-0.0000000007,0.9999999998,Solved
G?rFtw,14,4,4.0000000001,0.0000000001,1.0000000000,Solved
G?rFt{,15,4,4.0000000002,0.0000000002,1.0000000001,Solved
G?rFvW,14,4,4.0000000008,0.0000000008,1.0000000002,Solved
G?rFv[,15,4,4.0000000002,0.0000000002,1.0000000001,Solved
G?rFvg,14,4,4.0000000000,0.0000000000,1.0000000000,Solved
G?rFvk,15,4,3.9999999998,-0.0000000002,0.9999999999,Solved
G?rFvo,14,4,4.0000000003,0.0000000003,1.0000000001,Solved
G?rFvs,15,4,4.0000000019,0.0000000019,1.0000000005,Solved
G?rFvw,15,4,4.0000000002,0.0000000002,1.0000000000,Solved
G?rFv{,16,4,4.0000000004,0.0000000004,1.0000000001,Solved
G?rF~w,16,4,3.9999999999,-0.0000000001,1.0000000000,Solved
G?rF~{,17,4,4.0000000000,-0.0000000000,1.0000000000,Solved
G?rL`[,12,4,4.0000000000,-0.0000000000,1.0000000000,Solved
G?rL`s,12,4,4.0000000001,0.0000000001,1.0000000000,Solved
G?rL`w,12,4,3.9999999994,-0.0000000006,0.9999999998,Solved
G?rL`{,13,4,3.9999999987,-0.0000000013,0.9999999997,Solved
G?rLa[,12,4,4.0000000004,0.0000000004,1.0000000001,Solved
G?rLbS,12,4,3.9999999988,-0.0000000012,0.9999999997,Solved
G?rLb[,13,4,4.0000000004,0.0000000004,1.0000000001,Solved
G?rLbc,12,4,3.9999999997,-0.0000000003,0.9999999999,Solved
G?rLbs,13,4,4.0000000004,0.0000000004,1.0000000001,Solved
G?rLbw,13,4,4.0000000005,0.0000000005,1.0000000001,Solved
G?rLb{,14,4,4.0000000000,0.0000000000,1.0000000000,Solved
G?rLc[,12,4,4.0000000002,0.0000000002,1.0000000001,Solved
G?rLdW,12,4,3.9999999990,-0.0000000010,0.9999999998,Solved
G?rLd[,13,4,4.0000000002,0.0000000002,1.0000000000,Solved
G?rLds,13,4,4.0000000003,0.0000000003,1.0000000001,Solved
G?rLdw,13,4,4.0000000000,0.0000000000,1.0000000000,Solved
G?rLd{,14,4,4.0000000012,0.0000000012,1.0000000003,Solved
G?rLeS,12,4,4.0000000027,0.0000000027,1.0000000007,Solved
G?rLeW,12,4,3.9999999986,-0.0000000014,0.9999999997,Solved
G?rLe[,13,4,3.9999999998,-0.0000000002,0.9999999999,Solved
G?rLfS,13,4,3.9999999998,-0.0000000002,1.0000000000,Solved
G?rLfW,13,4,3.9999999992,-0.0000000008,0.9999999998,Solved
G?rLf[,14,4,3.9999999990,-0.0000000010,0.9999999997,Solved
G?rLfc,13,4,4.0000000003,0.0000000003,1.0000000001,Solved
G?rLfo,13,4,4.0000000001,0.0000000001,1.0000000000,Solved
G?rLfs,14,4,4.0000000000,-0.0000000000,1.0000000000,Solved
G?rLfw,14,4,3.9999999992,-0.0000000008,0.9999999998,Solved
G?rLf{,15,4,4.0000000000,0.0000000000,1.0000000000,Solved
G?rLz{,16,4,3.9999999998,-0.0000000002,0.9999999999,Solved
G?rL|{,16,4,4.0000000000,-0.0000000000,1.0000000000,Solved
G?rL~[,16,4,4.0000000003,0.0000000003,1.0000000001,Solved
G?rL~s,16,4,3.9999999998,-0.0000000002,1.0000000000,Solved
G?rL~w,16,4,3.9999999996,-0.0000000004,0.9999999999,Solved
G?rL~{,17,4,3.9999999992,-0.0000000008,0.9999999998,Solved
G?rM\{,15,4,4.0000000003,0.0000000003,1.0000000001,Solved
G?rM^w,15,4,3.9999999986,-0.0000000014,0.9999999996,Solved
G?rM^{,16,4,4.0000000000,-0.0000000000,1.0000000000,Solved
G?rN?{,12,4,4.0000000001,0.0000000001,1.0000000000,Solved
G?rN@s,12,4,3.9999999999,-0.0000000001,1.0000000000,Solved
G?rN@{,13,4,3.9999999998,-0.0000000002,1.0000000000,Solved
G?rNC{,13,4,3.9999999996,-0.0000000004,0.9999999999,Solved
G?rNDs,13,4,3.9999999978,-0.0000000022,0.9999999995,Solved
G?rNDw,13,4,3.9999999993,-0.0000000007,0.9999999998,Solved
G?rND{,14,4,3.9999999993,-0.0000000007,0.9999999998,Solved
G?rNEc,12,4,3.9999999998,-0.0000000002,0.9999999999,Solved
G?rNEo,12,4,3.9999999983,-0.0000000017,0.9999999996,Solved
G?rNEs,13,4,3.9999999997,-0.0000000003,0.9999999999,Solved
G?rNEw,13,4,3.9999999995,-0.0000000005,0.9999999999,Solved
G?rNE{,14,4,3.9999999978,-0.0000000022,0.9999999994,Solved
G?rNF_,12,4,3.9999999998,-0.0000000002,1.0000000000,Solved
G?rNFc,13,4,3.9999999986,-0.0000000014,0.9999999997,Solved
G?rNFo,13,4,3.9999999996,-0.0000000004,0.9999999999,Solved
G?rNFs,14,4,3.9999999990,-0.0000000010,0.9999999998,Solved
G?rNFw,14,4,3.9999999997,-0.0000000003,0.9999999999,Solved
G?rNF{,15,4,3.9999999997,-0.0000000003,0.9999999999,Solved
G?rNT{,15,4,4.0000000013,0.0000000013,1.0000000003,Solved
G?rNUk,14,4,4.0000000028,0.0000000028,1.0000000007,Solved
G?rNUs,14,4,3.9999999980,-0.0000000020,0.9999999995,Solved
G?rNUw,14,4,4.0000000002,0.0000000002,1.0000000001,Solved
G?rNU{,15,4,4.0000000000,-0.0000000000,1.0000000000,Solved
G?rNVg,14,4,4.0000000006,0.0000000006,1.0000000002,Solved
G?rNVk,15,4,4.0000000012,0.0000000012,1.0000000003,Solved
G?rNVs,15,4,4.0000000002,0.0000000002,1.0000000001,Solved
G?rNVw,15,4,4.0000000001,0.0000000001,1.0000000000,Solved
G?rNV{,16,4,3.9999999997,-0.0000000003,0.9999999999,Solved
G?rN]{,16,4,4.0000000029,0.0000000029,1.0000000007,Solved
G?rN^w,16,4,4.0000000013,0.0000000013,1.0000000003,Solved
G?rN^{,17,4,3.9999999997,-0.0000000003,0.9999999999,Solved
G?rNdw,14,4,3.9999999999,-0.0000000001,1.0000000000,Solved
G?rNd{,15,4,4.0000000000,-0.0000000000,1.0000000000,Solved
G?rNeW,13,4,4.0000000001,0.0000000001,1.0000000000,Solved
G?rNe[,14,4,3.9999999993,-0.0000000007,0.9999999998,Solved
G?rNfO,13,4,4.0000000001,0.0000000001,1.0000000000,Solved
G?rNfS,14,4,4.0000000003,0.0000000003,1.0000000001,Solved
G?rNfW,14,4,4.0000000014,0.0000000014,1.0000000003,Solved
G?rNf[,15,4,3.9999999994,-0.0000000006,0.9999999998,Solved
G?rNfc,14,4,3.9999999999,-0.0000000001,1.0000000000,Solved
G?rNfo,14,4,3.9999999996,-0.0000000004,0.9999999999,Solved
G?rNfs,15,4,4.0000000000,-0.0000000000,1.0000000000,Solved
G?rNfw,15,4,4.0000000003,0.0000000003,1.0000000001,Solved
G?rNf{,16,4,3.9999999999,-0.0000000001,1.0000000000,Solved
G?rNv[,16,4,3.9999999999,-0.0000000001,1.0000000000,Solved
G?rNvg,15,4,4.0000000007,0.0000000007,1.0000000002,Solved
G?rNvk,16,4,3.9999999998,-0.0000000002,1.0000000000,Solved
G?rNvs,16,4,4.0000000012,0.0000000012,1.0000000003,Solved
G?rNvw,16,4,3.9999999995,-0.0000000005,0.9999999999,Solved
G?rNv{,17,4,3.9999999989,-0.0000000011,0.9999999997,Solved
G?rN~w,17,4,4.0000000000,-0.0000000000,1.0000000000,Solved
G?rN~{,18,4,4.0000000000,0.0000000000,1.0000000000,Solved
G?rdpw,13,4,3.9999999967,-0.0000000033,0.9999999992,Solved
G?rdq{,14,4,3.9999999994,-0.0000000006,0.9999999999,Solved
G?rdrW,13,4,4.0000000003,0.0000000003,1.0000000001,Solved
G?rdrs,14,4,3.9999999994,-0.0000000006,0.9999999999,Solved
G?rdrw,14,4,3.9999999987,-0.0000000013,0.9999999997,Solved
G?rdr{,15,4,3.9999999995,-0.0000000005,0.9999999999,Solved
G?rds{,14,4,3.9999999999,-0.0000000001,1.0000000000,Solved
G?rdts,14,4,3.9999999995,-0.0000000005,0.9999999999,Solved
G?rdtw,14,4,3.9999999986,-0.0000000014,0.9999999996,Solved
G?rdt{,15,4,3.9999999997,-0.0000000003,0.9999999999,Solved
G?rdu[,14,4,4.0000000004,0.0000000004,1.0000000001,Solved
G?rduk,14,4,3.9999999999,-0.0000000001,1.0000000000,Solved
G?rdus,14,4,3.9999999989,-0.0000000011,0.9999999997,Solved
G?rduw,14,4,4.0000000014,0.0000000014,1.0000000003,Solved
G?rdu{,15,4,3.9999999997,-0.0000000003,0.9999999999,Solved
G?rdvK,14,4,4.0000000000,-0.0000000000,1.0000000000,Solved
G?rdvS,14,4,3.9999999997,-0.0000000003,0.9999999999,Solved
G?rdvW,14,4,3.9999999999,-0.0000000001,1.0000000000,Solved
G?rdv[,15,4,3.9999999996,-0.0000000004,0.9999999999,Solved
G?rdvc,14,4,3.9999999998,-0.0000000002,0.9999999999,Solved
G?rdvg,14,4,3.9999999981,-0.0000000019,0.9999999995,Solved
G?rdvk,15,4,3.9999999993,-0.0000000007,0.9999999998,Solved
G?rdvo,14,4,3.9999999994,-0.0000000006,0.9999999998,Solved
G?rdvs,15,4,4.0000000000,-0.0000000000,1.0000000000,Solved
G?rdvw,15,4,3.9999999987,-0.0000000013,0.9999999997,Solved
G?rdv{,16,4,4.0000000001,0.0000000001,1.0000000000,Solved
G?rdz{,16,4,3.9999999997,-0.0000000003,0.9999999999,Solved
G?rd|{,16,4,3.9999999995,-0.0000000005,0.9999999999,Solved
G?rd}{,16,4,3.9999999998,-0.0000000002,1.0000000000,Solved
G?rd~[,16,4,4.0000000006,0.0000000006,1.0000000001,Solved
G?rd~k,16,4,3.9999999990,-0.0000000010,0.9999999998,Solved
G?rd~o,15,4,3.9999999998,-0.0000000002,0.9999999999,Solved
G?rd~s,16,4,4.0000000000,0.0000000000,1.0000000000,Solved
G?rd~w,16,4,4.0000000006,0.0000000006,1.0000000001,Solved
G?rd~{,17,4,4.0000000006,0.0000000006,1.0000000001,Solved
G?re`[,12,4,4.0000000007,0.0000000007,1.0000000002,Solved
G?re`k,12,4,3.9999999995,-0.0000000005,0.9999999999,Solved
G?re`{,13,4,3.9999999997,-0.0000000003,0.9999999999,Solved
G?rec[,12,4,4.0000000001,0.0000000001,1.0000000000,Solved
G?recw,12,4,3.9999999998,-0.0000000002,0.9999999999,Solved
G?red[,13,4,3.9999999999,-0.0000000001,1.0000000000,Solved
G?redk,13,4,3.9999999991,-0.0000000009,0.9999999998,Solved
G?redw,13,4,3.9999999999,-0.0000000001,1.0000000000,Solved
G?red{,14,4,3.9999999990,-0.0000000010,0.9999999998,Solved
G?reeK,12,4,3.9999999995,-0.0000000005,0.9999999999,Solved
G?ree[,13,4,3.9999999999,-0.0000000001,1.0000000000,Solved
G?reeg,12,4,4.0000000002,0.0000000002,1.0000000001,Solved
G?reew,13,4,4.0000000001,0.0000000001,1.0000000000,Solved
G?refG,12,4,3.9999999998,-0.0000000002,0.9999999999,Solved
G?refK,13,4,3.9999999996,-0.0000000004,0.9999999999,Solved
G?refO,12,4,3.9999999993,-0.0000000007,0.9999999998,Solved
G?refW,13,4,3.9999999999,-0.0000000001,1.0000000000,Solved
G?ref[,14,4,3.9999999992,-0.0000000008,0.9999999998,Solved
G?ref_,12,4,4.0000000002,0.0000000002,1.0000000001,Solved
G?refg,13,4,3.9999999998,-0.0000000002,1.0000000000,Solved
G?refk,14,4,4.0000000000,-0.0000000000,1.0000000000,Solved
G?refo,13,4,3.9999999999,-0.0000000001,1.0000000000,Solved
G?refw,14,4,3.9999999996,-0.0000000004,0.9999999999,Solved
G?ref{,15,4,3.9999999989,-0.0000000011,0.9999999997,Solved
G?rel{,15,4,3.9999999997,-0.0000000003,0.9999999999,Solved
G?renW,14,4,3.9999999986,-0.0000000014,0.9999999996,Solved
G?ren[,15,4,4.0000000000,0.0000000000,1.0000000000,Solved
G?renk,15,4,3.9999999999,-0.0000000001,1.0000000000,Solved
G?reno,14,4,3.9999999998,-0.0000000002,1.0000000000,Solved
G?renw,15,4,3.9999999998,-0.0000000002,0.9999999999,Solved
G?ren{,16,4,3.9999999991,-0.0000000009,0.9999999998,Solved
G?retw,14,4,3.9999999997,-0.0000000003,0.9999999999,Solved
G?ret{,15,4,3.9999999996,-0.0000000004,0.9999999999,Solved
G?reug,13,4,4.0000000002,0.0000000002,1.0000000001,Solved
G?reus,14,4,3.9999999985,-0.0000000015,0.9999999996,Solved
G?reuw,14,4,3.9999999996,-0.0000000004,0.9999999999,Solved
G?reu{,15,4,3.9999999995,-0.0000000005,0.9999999999,Solved
G?revG,13,4,3.9999999995,-0.0000000005,0.9999999999,Solved
G?revW,14,4,3.9999999990,-0.0000000010,0.9999999997,Solved
G?rev[,15,4,4.0000000004,0.0000000004,1.0000000001,Solved
G?rev_,13,4,4.0000000001,0.0000000001,1.0000000000,Solved
G?revg,14,4,3.9999999999,-0.0000000001,1.0000000000,Solved
G?revk,15,4,3.9999999999,-0.0000000001,1.0000000000,Solved
G?revo,14,4,3.9999999995,-0.0000000005,0.9999999999,Solved
G?revs,15,4,3.9999999996,-0.0000000004,0.9999999999,Solved
G?revw,15,4,3.9999999982,-0.0000000018,0.9999999996,Solved
G?rev{,16,4,3.9999999998,-0.0000000002,0.9999999999,Solved
G?re}{,16,4,3.9999999990,-0.0000000010,0.9999999997,Solved
G?re~w,16,4,3.9999999997,-0.0000000003,0.9999999999,Solved
G?re~{,17,4,4.0000000002,0.0000000002,1.0000000001,Solved
G?rfDw,13,4,4.0000000007,0.0000000007,1.0000000002,Solved
G?rfEk,13,4,4.0000000015,0.0000000015,1.0000000004,Solved
G?rfEo,12,4,4.0000000000,0.0000000000,1.0000000000,Solved
G?rfEw,13,4,4.0000000006,0.0000000006,1.0000000002,Solved
G?rfF_,12,4,4.0000000003,0.0000000003,1.0000000001,Solved
G?rfFg,13,4,4.0000000021,0.0000000021,1.0000000005,Solved
G?rfFk,14,4,4.0000000009,0.0000000009,1.0000000002,Solved
G?rfFo,13,4,3.9999999998,-0.0000000002,1.0000000000,Solved
G?rfFw,14,4,4.0000000044,0.0000000044,1.0000000011,Solved
G?rfF{,15,4,4.0000000005,0.0000000005,1.0000000001,Solved
G?rfL{,15,4,4.0000000002,0.0000000002,1.0000000001,Solved
G?rfMk,14,4,3.9999999998,-0.0000000002,1.0000000000,Solved
G?rfMw,14,4,3.9999999990,-0.0000000010,0.9999999998,Solved
G?rfM{,15,4,3.9999999999,-0.0000000001,1.0000000000,Solved
G?rfNg,14,4,3.9999999997,-0.0000000003,0.9999999999,Solved
G?rfNk,15,4,4.0000000000,-0.0000000000,1.0000000000,Solved
G?rfNo,14,4,4.0000000000,-0.0000000000,1.0000000000,Solved
G?rfNw,15,4,3.9999999997,-0.0000000003,0.9999999999,Solved
G?rfN{,16,4,4.0000000005,0.0000000005,1.0000000001,Solved
G?rfS{,14,4,4.0000000024,0.0000000024,1.0000000006,Solved
G?rfTw,14,4,4.0000000000,-0.0000000000,1.0000000000,Solved
G?rfT{,15,4,3.9999999999,-0.0000000001,1.0000000000,Solved
G?rfUk,14,4,3.9999999980,-0.0000000020,0.9999999995,Solved
G?rfUs,14,4,3.9999999997,-0.0000000003,0.9999999999,Solved
G?rfUw,14,4,3.9999999986,-0.0000000014,0.9999999997,Solved
G?rfU{,15,4,3.9999999999,-0.0000000001,1.0000000000,Solved
G?rfV_,13,4,4.0000000000,-0.0000000000,1.0000000000,Solved
G?rfVg,14,4,4.0000000000,0.0000000000,1.0000000000,Solved
G?rfVk,15,4,3.9999999999,-0.0000000001,1.0000000000,Solved
G?rfVo,14,4,3.9999999998,-0.0000000002,0.9999999999,Solved
G?rfVs,15,4,3.9999999995,-0.0000000005,0.9999999999,Solved
G?rfVw,15,4,3.9999999997,-0.0000000003,0.9999999999,Solved
G?rfV{,16,4,4.0000000000,0.0000000000,1.0000000000,Solved
G?rf]{,16,4,4.0000000006,0.0000000006,1.0000000002,Solved
G?rf^o,15,4,4.0000000006,0.0000000006,1.0000000001,Solved
G?rf^s,16,4,4.0000000010,0.0000000010,1.0000000002,Solved
G?rf^w,16,4,4.0000000002,0.0000000002,1.0000000001,Solved
G?rf^{,17,4,4.0000000001,0.0000000001,1.0000000000,Solved
G?rfc{,14,4,3.9999999999,-0.0000000001,1.0000000000,Solved
G?rfdw,14,4,3.9999999985,-0.0000000015,0.9999999996,Solved
G?rfd{,15,4,3.9999999998,-0.0000000002,1.0000000000,Solved
G?rfe[,14,4,3.9999999995,-0.0000000005,0.9999999999,Solved
G?rfeg,13,4,3.9999999987,-0.0000000013,0.9999999997,Solved
G?rfek,14,4,3.9999999999,-0.0000000001,1.0000000000,Solved
G?rfes,14,4,3.9999999985,-0.0000000015,0.9999999996,Solved
G?rfew,14,4,4.0000000000,-0.0000000000,1.0000000000,Solved
G?rfe{,15,4,3.9999999999,-0.0000000001,1.0000000000,Solved
G?rffG,13,4,3.9999999993,-0.0000000007,0.9999999998,Solved
G?rffS,14,4,3.9999999995,-0.0000000005,0.9999999999,Solved
G?rffW,14,4,3.9999999991,-0.0000000009,0.9999999998,Solved
G?rff[,15,4,4.0000000005,0.0000000005,1.0000000001,Solved
G?rff_,13,4,4.0000000010,0.0000000010,1.0000000003,Solved
G?rffc,14,4,3.9999999997,-0.0000000003,0.9999999999,Solved
G?rffg,14,4,3.9999999998,-0.0000000002,0.9999999999,Solved
G?rffk,15,4,3.9999999996,-0.0000000004,0.9999999999,Solved
G?rffo,14,4,4.0000000001,0.0000000001,1.0000000000,Solved
G?rffs,15,4,3.9999999999,-0.0000000001,1.0000000000,Solved
G?rffw,15,4,4.0000000000,-0.0000000000,1.0000000000,Solved
G?rff{,16,4,3.9999999998,-0.0000000002,1.0000000000,Solved
G?rfm{,16,4,3.9999999994,-0.0000000006,0.9999999998,Solved
G?rfn[,16,4,4.0000000005,0.0000000005,1.0000000001,Solved
G?rfnk,16,4,4.0000000000,-0.0000000000,1.0000000000,Solved
G?rfno,15,4,3.9999999997,-0.0000000003,0.9999999999,Solved
G?rfns,16,4,3.9999999991,-0.0000000009,0.9999999998,Solved
G?rfnw,16,4,3.9999999997,-0.0000000003,0.9999999999,Solved
G?rfn{,17,4,4.0000000004,0.0000000004,1.0000000001,Solved
G?rfuw,15,4,3.9999999997,-0.0000000003,0.9999999999,Solved
G?rfu{,16,4,3.9999999999,-0.0000000001,1.0000000000,Solved
G?rfvo,15,4,3.9999999983,-0.0000000017,0.9999999996,Solved
G?rfvs,16,4,4.0000000004,0.0000000004,1.0000000001,Solved
G?rfvw,16,4,3.9999999996,-0.0000000004,0.9999999999,Solved
G?rfv{,17,4,4.0000000009,0.0000000009,1.0000000002,Solved
G?rf~w,17,4,4.0000000006,0.0000000006,1.0000000002,Solved
G?rf~{,18,4,4.0000000003,0.0000000003,1.0000000001,Solved
G?rlp{,15,4,3.9999999984,-0.0000000016,0.9999999996,Solved
G?rlr[,15,4,3.9999999990,-0.0000000010,0.9999999998,Solved
G?rlrk,15,4,4.0000000005,0.0000000005,1.0000000001,Solved
G?rlrs,15,4,4.0000000000,-0.0000000000,1.0000000000,Solved
G?rlrw,15,4,4.0000000005,0.0000000005,1.0000000001,Solved
G?rlr{,16,4,3.9999999994,-0.0000000006,0.9999999998,Solved
G?rls{,15,4,4.0000000000,0.0000000000,1.0000000000,Solved
G?rlt[,15,4,3.9999999999,-0.0000000001,1.0000000000,Solved
G?rltk,15,4,4.0000000008,0.0000000008,1.0000000002,Solved
G?rlts,15,4,3.9999999988,-0.0000000012,0.9999999997,Solved
G?rltw,15,4,3.9999999999,-0.0000000001,1.0000000000,Solved
G?rlt{,16,4,4.0000000003,0.0000000003,1.0000000001,Solved
G?rlu[,15,4,4.0000000001,0.0000000001,1.0000000000,Solved
G?rluk,15,4,4.0000000001,0.0000000001,1.0000000000,Solved
G?rlus,15,4,4.0000000001,0.0000000001,1.0000000000,Solved
G?rluw,15,4,4.0000000000,-0.0000000000,1.0000000000,Solved
G?rlu{,16,4,3.9999999999,-0.0000000001,1.0000000000,Solved
G?rlvK,15,4,3.9999999999,-0.0000000001,1.0000000000,Solved
G?rlvS,15,4,3.9999999999,-0.0000000001,1.0000000000,Solved
G?rlvW,15,4,4.0000000000,-0.0000000000,1.0000000000,Solved
G?rlv[,16,4,4.0000000016,0.0000000016,1.0000000004,Solved
G?rlvc,15,4,3.9999999997,-0.0000000003,0.9999999999,Solved
G?rlvg,15,4,4.0000000002,0.0000000002,1.0000000000,Solved
G?rlvk,16,4,3.9999999993,-0.0000000007,0.9999999998,Solved
G?rlvo,15,4,3.9999999993,-0.0000000007,0.9999999998,Solved
G?rlvs,16,4,4.0000000000,0.0000000000,1.0000000000,Solved
G?rlvw,16,4,4.0000000000,0.0000000000,1.0000000000,Solved
G?rlv{,17,4,3.9999999997,-0.0000000003,0.9999999999,Solved
G?rmtk,15,4,3.9999999986,-0.0000000014,0.9999999996,Solved
G?rmt{,16,4,4.0000000004,0.0000000004,1.0000000001,Solved
G?rmu[,15,4,4.0000000000,0.0000000000,1.0000000000,Solved
G?rmuw,15,4,3.9999999999,-0.0000000001,1.0000000000,Solved
G?rmvK,15,4,4.0000000009,0.0000000009,1.0000000002,Solved
G?rmvW,15,4,3.9999999997,-0.0000000003,0.9999999999,Solved
G?rmv[,16,4,3.9999999990,-0.0000000010,0.9999999998,Solved
G?rmvk,16,4,4.0000000008,0.0000000008,1.0000000002,Solved
G?rmvw,16,4,3.9999999985,-0.0000000015,0.9999999996,Solved
G?rmv{,17,4,3.9999999999,-0.0000000001,1.0000000000,Solved
G?rm~k,17,4,4.0000000008,0.0000000008,1.0000000002,Solved
G?rm~{,18,4,3.9999999999,-0.0000000001,1.0000000000,Solved
G?rnTk,15,4,3.9999999997,-0.0000000003,0.9999999999,Solved
G?rnT{,16,4,3.9999999998,-0.0000000002,1.0000000000,Solved
G?rnUk,15,4,3.9999999995,-0.0000000005,0.9999999999,Solved
G?rnU{,16,4,3.9999999993,-0.0000000007,0.9999999998,Solved
G?rnVg,15,4,4.0000000000,-0.0000000000,1.0000000000,Solved
G?rnVk,16,4,4.0000000015,0.0000000015,1.0000000004,Solved
G?rnVo,15,4,4.0000000000,0.0000000000,1.0000000000,Solved
G?rnVw,16,4,4.0000000003,0.0000000003,1.0000000001,Solved
G?rnV{,17,4,3.9999999999,-0.0000000001,1.0000000000,Solved
G?rn]{,17,4,3.9999999997,-0.0000000003,0.9999999999,Solved
G?rn^k,17,4,3.9999999993,-0.0000000007,0.9999999998,Solved
G?rn^w,17,4,3.9999999995,-0.0000000005,0.9999999999,Solved
G?rn^{,18,4,4.0000000003,0.0000000003,1.0000000001,Solved
G?rn`{,15,4,3.9999999999,-0.0000000001,1.0000000000,Solved
G?rnc{,15,4,3.9999999999,-0.0000000001,1.0000000000,Solved
G?rnd[,15,4,3.9999999996,-0.0000000004,0.9999999999,Solved
G?rndk,15,4,4.0000000001,0.0000000001,1.0000000000,Solved
G?rnd{,16,4,4.0000000010,0.0000000010,1.0000000003,Solved
G?rne[,15,4,3.9999999995,-0.0000000005,0.9999999999,Solved
G?rnek,15,4,3.9999999996,-0.0000000004,0.9999999999,Solved
G?rnes,15,4,4.0000000001,0.0000000001,1.0000000000,Solved
G?rnew,15,4,3.9999999998,-0.0000000002,1.0000000000,Solved
G?rne{,16,4,3.9999999980,-0.0000000020,0.9999999995,Solved
G?rnfK,15,4,3.9999999999,-0.0000000001,1.0000000000,Solved
G?rnfW,15,4,4.0000000002,0.0000000002,1.0000000000,Solved
G?rnf[,16,4,4.0000000000,-0.0000000000,1.0000000000,Solved
G?rnfc,15,4,3.9999999998,-0.0000000002,1.0000000000,Solved
G?rnfk,16,4,4.0000000019,0.0000000019,1.0000000005,Solved
G?rnfo,15,4,3.9999999992,-0.0000000008,0.9999999998,Solved
G?rnfs,16,4,4.0000000005,0.0000000005,1.0000000001,Solved
G?rnfw,16,4,4.0000000000,0.0000000000,1.0000000000,Solved
G?rnf{,17,4,4.0000000010,0.0000000010,1.0000000003,Solved
G?rnnk,17,4,4.0000000004,0.0000000004,1.0000000001,Solved
G?rnnw,17,4,3.9999999998,-0.0000000002,1.0000000000,Solved
G?rnn{,18,4,3.9999999994,-0.0000000006,0.9999999999,Solved
G?rnu{,17,4,4.0000000004,0.0000000004,1.0000000001,Solved
G?rnvg,16,4,3.9999999999,-0.0000000001,1.0000000000,Solved
G?rnvk,17,4,4.0000000001,0.0000000001,1.0000000000,Solved
G?rnvs,17,4,4.0000000005,0.0000000005,1.0000000001,Solved
G?rnvw,17,4,4.0000000005,0.0000000005,1.0000000001,Solved
G?rnv{,18,4,4.0000000001,0.0000000001,1.0000000000,Solved
G?rn~{,19,4,4.0000000000,0.0000000000,1.0000000000,Solved
G?rv`{,15,4,4.0000000000,0.0000000000,1.0000000000,Solved
G?rvd[,15,4,3.9999999993,-0.0000000007,0.9999999998,Solved
G?rvdk,15,4,3.9999999998,-0.0000000002,0.9999999999,Solved
G?rvd{,16,4,3.9999999999,-0.0000000001,1.0000000000,Solved
G?rve[,15,4,3.9999999997,-0.0000000003,0.9999999999,Solved
G?rvfK,15,4,3.9999999996,-0.0000000004,0.9999999999,Solved
G?rvfW,15,4,4.0000000001,0.0000000001,1.0000000000,Solved
G?rvf[,16,4,4.0000000001,0.0000000001,1.0000000000,Solved
G?rvfg,15,4,4.0000000000,-0.0000000000,1.0000000000,Solved
G?rvfk,16,4,3.9999999999,-0.0000000001,1.0000000000,Solved
G?rvfo,15,4,4.0000000000,0.0000000000,1.0000000000,Solved
G?rvfw,16,4,4.0000000013,0.0000000013,1.0000000003,Solved
G?rvf{,17,4,4.0000000000,0.0000000000,1.0000000000,Solved
G?rvnk,17,4,4.0000000007,0.0000000007,1.0000000002,Solved
G?rvnw,17,4,3.9999999999,-0.0000000001,1.0000000000,Solved
G?rvn{,18,4,3.9999999997,-0.0000000003,0.9999999999,Solved
G?rvvg,16,4,3.9999999999,-0.0000000001,1.0000000000,Solved
G?rvvo,16,4,4.0000000003,0.0000000003,1.0000000001,Solved
G?rvvs,17,4,3.9999999996,-0.0000000004,0.9999999999,Solved
G?rvvw,17,4,4.0000000001,0.0000000001,1.0000000000,Solved
G?rvv{,18,4,4.0000000009,0.0000000009,1.0000000002,Solved
G?rv~{,19,4,4.0000000007,0.0000000007,1.0000000002,Solved
G?r~t{,18,4,3.9999999998,-0.0000000002,1.0000000000,Solved
G?r~v[,18,4,4.0000000001,0.0000000001,1.0000000000,Solved
G?r~vk,18,4,4.0000000009,0.0000000009,1.0000000002,Solved
G?r~vw,18,4,4.0000000013,0.0000000013,1.0000000003,Solved
G?r~v{,19,4,4.0000000000,0.0000000000,1.0000000000,Solved
G?r~~{,20,4,4.0000000011,0.0000000011,1.0000000003,Solved
G?zT`w,13,4,4.0000000000,-0.0000000000,1.0000000000,Solved
G?zTa[,13,4,4.0000000005,0.0000000005,1.0000000001,Solved
G?zTbW,13,4,3.9999999987,-0.0000000013,0.9999999997,Solved
G?zTb[,14,4,4.0000000000,0.0000000000,1.0000000000,Solved
G?zTb_,12,4,4.0000000035,0.0000000035,1.0000000009,Solved
G?zTbo,13,4,3.9999999999,-0.0000000001,1.0000000000,Solved
G?zTbw,14,4,3.9999999990,-0.0000000010,0.9999999997,Solved
G?zTb{,15,4,4.0000000000,0.0000000000,1.0000000000,Solved
G?zTc[,13,4,4.0000000007,0.0000000007,1.0000000002,Solved
G?zTdW,13,4,3.9999999997,-0.0000000003,0.9999999999,Solved
G?zTdw,14,4,3.9999999996,-0.0000000004,0.9999999999,Solved
G?zTeW,13,4,3.9999999996,-0.0000000004,0.9999999999,Solved
G?zTe[,14,4,3.9999999998,-0.0000000002,1.0000000000,Solved
G?zTfW,14,4,4.0000000002,0.0000000002,1.0000000001,Solved
G?zTf[,15,4,4.0000000001,0.0000000001,1.0000000000,Solved
G?zTf_,13,4,4.0000000006,0.0000000006,1.0000000001,Solved
G?zTfo,14,4,3.9999999998,-0.0000000002,0.9999999999,Solved
G?zTfw,15,4,3.9999999993,-0.0000000007,0.9999999998,Solved
G?zTf{,16,4,4.0000000013,0.0000000013,1.0000000003,Solved
G?zTrg,14,4,4.0000000003,0.0000000003,1.0000000001,Solved
G?zTrs,15,4,3.9999999984,-0.0000000016,0.9999999996,Solved
G?zTrw,15,4,3.9999999993,-0.0000000007,0.9999999998,Solved
G?zTr{,16,4,4.0000000002,0.0000000002,1.0000000001,Solved
G?zTtw,15,4,3.9999999981,-0.0000000019,0.9999999995,Solved
G?zTus,15,4,4.0000000000,0.0000000000,1.0000000000,Solved
G?zTuw,15,4,3.9999999971,-0.0000000029,0.9999999993,Solved
G?zTu{,16,4,4.0000000000,-0.0000000000,1.0000000000,Solved
G?zTvW,15,4,3.9999999989,-0.0000000011,0.9999999997,Solved
G?zTv[,16,4,3.9999999999,-0.0000000001,1.0000000000,Solved
G?zTvg,15,4,3.9999999997,-0.0000000003,0.9999999999,Solved
G?zTvo,15,4,4.0000000001,0.0000000001,1.0000000000,Solved
G?zTvs,16,4,4.0000000001,0.0000000001,1.0000000000,Solved
G?zTvw,16,4,3.9999999998,-0.0000000002,0.9999999999,Solved
G?zTv{,17,4,3.9999999996,-0.0000000004,0.9999999999,Solved
G?zTzw,16,4,4.0000000001,0.0000000001,1.0000000000,Solved
G?zTz{,17,4,4.0000000002,0.0000000002,1.0000000000,Solved
G?zT|w,16,4,4.0000000004,0.0000000004,1.0000000001,Solved
G?zT|{,17,4,3.9999999991,-0.0000000009,0.9999999998,Solved
G?zT~W,16,4,3.9999999999,-0.0000000001,1.0000000000,Solved
G?zT~[,17,4,4.0000000002,0.0000000002,1.0000000001,Solved
G?zT~s,17,4,3.9999999990,-0.0000000010,0.9999999997,Solved
G?zT~w,17,4,3.9999999996,-0.0000000004,0.9999999999,Solved
G?zT~{,18,4,4.0000000001,0.0000000001,1.0000000000,Solved
G?zUtw,15,4,3.9999999974,-0.0000000026,0.9999999994,Solved
G?zUt{,16,4,3.9999999994,-0.0000000006,0.9999999999,Solved
G?zUuk,15,4,3.9999999998,-0.0000000002,0.9999999999,Solved
G?zUus,15,4,4.0000000001,0.0000000001,1.0000000000,Solved
G?zUuw,15,4,4.0000000003,0.0000000003,1.0000000001,Solved
G?zUu{,16,4,4.0000000001,0.0000000001,1.0000000000,Solved
G?zUvK,15,4,3.9999999999,-0.0000000001,1.0000000000,Solved
G?zUvW,15,4,3.9999999992,-0.0000000008,0.9999999998,Solved
G?zUv[,16,4,3.9999999999,-0.0000000001,1.0000000000,Solved
G?zUvg,15,4,3.9999999999,-0.0000000001,1.0000000000,Solved
G?zUvk,16,4,4.0000000000,0.0000000000,1.0000000000,Solved
G?zUvo,15,4,3.9999999995,-0.0000000005,0.9999999999,Solved
G?zUvs,16,4,3.9999999999,-0.0000000001,1.0000000000,Solved
G?zUvw,16,4,3.9999999999,-0.0000000001,1.0000000000,Solved
G?zUv{,17,4,3.9999999999,-0.0000000001,1.0000000000,Solved
G?zVTs,15,4,3.9999999993,-0.0000000007,0.9999999998,Solved
G?zVT{,16,4,3.9999999988,-0.0000000012,0.9999999997,Solved
G?zVUs,15,4,4.0000000000,-0.0000000000,1.0000000000,Solved
G?zVUw,15,4,3.9999999983,-0.0000000017,0.9999999996,Solved
G?zVU{,16,4,3.9999999997,-0.0000000003,0.9999999999,Solved
G?zVVS,15,4,3.9999999998,-0.0000000002,0.9999999999,Solved
G?zVV[,16,4,4.0000000000,0.0000000000,1.0000000000,Solved
G?zVVg,15,4,3.9999999997,-0.0000000003,0.9999999999,Solved
G?zVVs,16,4,3.9999999998,-0.0000000002,0.9999999999,Solved
G?zVVw,16,4,3.9999999988,-0.0000000012,0.9999999997,Solved
G?zVV{,17,4,3.9999999996,-0.0000000004,0.9999999999,Solved
G?zV]w,16,4,3.9999999999,-0.0000000001,1.0000000000,Solved
G?zV]{,17,4,3.9999999997,-0.0000000003,0.9999999999,Solved
G?zV^[,17,4,3.9999999999,-0.0000000001,1.0000000000,Solved
G?zV^w,17,4,3.9999999997,-0.0000000003,0.9999999999,Solved
G?zV^{,18,4,3.9999999997,-0.0000000003,0.9999999999,Solved
G?zV`w,14,4,3.9999999999,-0.0000000001,1.0000000000,Solved
G?zVdw,15,4,4.0000000002,0.0000000002,1.0000000001,Solved
G?zVd{,16,4,4.0000000004,0.0000000004,1.0000000001,Solved
G?zVeW,14,4,4.0000000001,0.0000000001,1.0000000000,Solved
G?zVe[,15,4,3.9999999998,-0.0000000002,0.9999999999,Solved
G?zVeo,14,4,3.9999999998,-0.0000000002,0.9999999999,Solved
G?zVes,15,4,3.9999999994,-0.0000000006,0.9999999998,Solved
G?zVfS,15,4,3.9999999995,-0.0000000005,0.9999999999,Solved
G?zVfW,15,4,4.0000000001,0.0000000001,1.0000000000,Solved
G?zVf[,16,4,4.0000000000,0.0000000000,1.0000000000,Solved
G?zVf_,14,4,3.9999999990,-0.0000000010,0.9999999997,Solved
G?zVfc,15,4,3.9999999997,-0.0000000003,0.9999999999,Solved
G?zVfo,15,4,3.9999999997,-0.0000000003,0.9999999999,Solved
G?zVfs,16,4,3.9999999992,-0.0000000008,0.9999999998,Solved
G?zVfw,16,4,4.0000000007,0.0000000007,1.0000000002,Solved
G?zVf{,17,4,4.0000000000,0.0000000000,1.0000000000,Solved
G?zVu{,17,4,4.0000000001,0.0000000001,1.0000000000,Solved
G?zVv[,17,4,4.0000000001,0.0000000001,1.0000000000,Solved
G?zVvg,16,4,4.0000000000,0.0000000000,1.0000000000,Solved
G?zVvk,17,4,4.0000000003,0.0000000003,1.0000000001,Solved
G?zVvs,17,4,4.0000000002,0.0000000002,1.0000000000,Solved
G?zVvw,17,4,4.0000000002,0.0000000002,1.0000000001,Solved
G?zVv{,18,4,3.9999999999,-0.0000000001,1.0000000000,Solved
G?zV~w,18,4,3.9999999996,-0.0000000004,0.9999999999,Solved
G?zV~{,19,4,3.9999999994,-0.0000000006,0.9999999998,Solved
G?z\z{,18,4,4.0000000005,0.0000000005,1.0000000001,Solved
G?z\~[,18,4,3.9999999996,-0.0000000004,0.9999999999,Solved
G?z\~w,18,4,3.9999999999,-0.0000000001,1.0000000000,Solved
G?z\~{,19,4,3.9999999999,-0.0000000001,1.0000000000,Solved
G?z^`{,16,4,3.9999999999,-0.0000000001,1.0000000000,Solved
G?z^d[,16,4,3.9999999998,-0.0000000002,0.9999999999,Solved
G?z^ds,16,4,3.9999999988,-0.0000000012,0.9999999997,Solved
G?z^dw,16,4,4.0000000001,0.0000000001,1.0000000000,Solved
G?z^d{,17,4,3.9999999999,-0.0000000001,1.0000000000,Solved
G?z^e[,16,4,4.0000000000,0.0000000000,1.0000000000,Solved
G?z^es,16,4,3.9999999983,-0.0000000017,0.9999999996,Solved
G?z^fS,16,4,4.0000000001,0.0000000001,1.0000000000,Solved
G?z^f[,17,4,3.9999999996,-0.0000000004,0.9999999999,Solved
G?z^fc,16,4,3.9999999994,-0.0000000006,0.9999999999,Solved
G?z^fo,16,4,3.9999999997,-0.0000000003,0.9999999999,Solved
G?z^fs,17,4,4.0000000000,-0.0000000000,1.0000000000,Solved
G?z^fw,17,4,3.9999999997,-0.0000000003,0.9999999999,Solved
G?z^f{,18,4,3.9999999998,-0.0000000002,1.0000000000,Solved
G?z^vk,18,4,3.9999999999,-0.0000000001,1.0000000000,Solved
G?z^vs,18,4,3.9999999999,-0.0000000001,1.0000000000,Solved
G?z^vw,18,4,3.9999999999,-0.0000000001,1.0000000000,Solved
G?z^v{,19,4,3.9999999999,-0.0000000001,1.0000000000,Solved
G?z^~{,20,4,3.9999999972,-0.0000000028,0.9999999993,Solved
G?ze_{,13,4,4.0000000005,0.0000000005,1.0000000001,Solved
G?ze`[,13,4,4.0000000004,0.0000000004,1.0000000001,Solved
G?ze`s,13,4,3.9999999984,-0.0000000016,0.9999999996,Solved
G?ze`w,13,4,3.9999999998,-0.0000000002,1.0000000000,Solved
G?ze`{,14,4,3.9999999985,-0.0000000015,0.9999999996,Solved
G?zec[,13,4,4.0000000011,0.0000000011,1.0000000003,Solved
G?zecs,13,4,3.9999999996,-0.0000000004,0.9999999999,Solved
G?zecw,13,4,3.9999999992,-0.0000000008,0.9999999998,Solved
G?zec{,14,4,3.9999999996,-0.0000000004,0.9999999999,Solved
G?zedS,13,4,4.0000000005,0.0000000005,1.0000000001,Solved
G?zedW,13,4,3.9999999995,-0.0000000005,0.9999999999,Solved
G?zed[,14,4,4.0000000000,-0.0000000000,1.0000000000,Solved
G?zeds,14,4,3.9999999997,-0.0000000003,0.9999999999,Solved
G?zedw,14,4,3.9999999996,-0.0000000004,0.9999999999,Solved
G?zed{,15,4,3.9999999999,-0.0000000001,1.0000000000,Solved
G?zeeS,13,4,4.0000000000,0.0000000000,1.0000000000,Solved
G?zeeW,13,4,3.9999999997,-0.0000000003,0.9999999999,Solved
G?zee[,14,4,3.9999999985,-0.0000000015,0.9999999996,Solved
G?zeec,13,4,3.9999999992,-0.0000000008,0.9999999998,Solved
G?zeeo,13,4,4.0000000004,0.0000000004,1.0000000001,Solved
G?zees,14,4,3.9999999995,-0.0000000005,0.9999999999,Solved
G?zeew,14,4,3.9999999998,-0.0000000002,1.0000000000,Solved
G?zee{,15,4,3.9999999975,-0.0000000025,0.9999999994,Solved
G?zefO,13,4,3.9999999999,-0.0000000001,1.0000000000,Solved
G?zefS,14,4,4.0000000000,-0.0000000000,1.0000000000,Solved
G?zefW,14,4,3.9999999997,-0.0000000003,0.9999999999,Solved
G?zef[,15,4,3.9999999998,-0.0000000002,0.9999999999,Solved
G?zef_,13,4,4.0000000000,0.0000000000,1.0000000000,Solved
G?zefc,14,4,3.9999999971,-0.0000000029,0.9999999993,Solved
G?zefo,14,4,3.9999999999,-0.0000000001,1.0000000000,Solved
G?zefs,15,4,3.9999999996,-0.0000000004,0.9999999999,Solved
G?zefw,15,4,3.9999999996,-0.0000000004,0.9999999999,Solved
G?zef{,16,4,3.9999999996,-0.0000000004,0.9999999999,Solved
G?ze|{,17,4,4.0000000000,0.0000000000,1.0000000000,Solved
G?ze}w,16,4,4.0000000000,-0.0000000000,1.0000000000,Solved
G?ze}{,17,4,3.9999999992,-0.0000000008,0.9999999998,Solved
G?ze~[,17,4,3.9999999999,-0.0000000001,1.0000000000,Solved
G?ze~s,17,4,3.9999999991,-0.0000000009,0.9999999998,Solved
G?ze~w,17,4,4.0000000000,0.0000000000,1.0000000000,Solved
G?ze~{,18,4,3.9999999999,-0.0000000001,1.0000000000,Solved
G?zfEo,13,4,4.0000000015,0.0000000015,1.0000000004,Solved
G?zfEw,14,4,4.0000000016,0.0000000016,1.0000000004,Solved
G?zfF_,13,4,4.0000000003,0.0000000003,1.0000000001,Solved
G?zfFo,14,4,4.0000000007,0.0000000007,1.0000000002,Solved
G?zfFw,15,4,4.0000000008,0.0000000008,1.0000000002,Solved
G?zfF{,16,4,3.9999999993,-0.0000000007,0.9999999998,Solved
G?zfU{,16,4,4.0000000005,0.0000000005,1.0000000001,Solved
G?zfVg,15,4,4.0000000003,0.0000000003,1.0000000001,Solved
G?zfVs,16,4,3.9999999994,-0.0000000006,0.9999999998,Solved
G?zfVw,16,4,4.0000000011,0.0000000011,1.0000000003,Solved
G?zfV{,17,4,3.9999999985,-0.0000000015,0.9999999996,Solved
G?zf]w,16,4,3.9999999999,-0.0000000001,1.0000000000,Solved
G?zf^w,17,4,4.0000000005,0.0000000005,1.0000000001,Solved
G?zf^{,18,4,4.0000000002,0.0000000002,1.0000000000,Solved
G?zfeW,14,4,4.0000000008,0.0000000008,1.0000000002,Solved
G?zfew,15,4,3.9999999999,-0.0000000001,1.0000000000,Solved
G?zfe{,16,4,3.9999999997,-0.0000000003,0.9999999999,Solved
G?zffO,14,4,3.9999999992,-0.0000000008,0.9999999998,Solved
G?zffS,15,4,3.9999999998,-0.0000000002,0.9999999999,Solved
G?zffW,15,4,4.0000000006,0.0000000006,1.0000000002,Solved
G?zff[,16,4,4.0000000000,-0.0000000000,1.0000000000,Solved
G?zff_,14,4,4.0000000001,0.0000000001,1.0000000000,Solved
G?zffc,15,4,3.9999999990,-0.0000000010,0.9999999997,Solved
G?zffo,15,4,3.9999999995,-0.0000000005,0.9999999999,Solved
G?zffs,16,4,3.9999999993,-0.0000000007,0.9999999998,Solved
G?zffw,16,4,4.0000000002,0.0000000002,1.0000000000,Solved
G?zff{,17,4,4.0000000000,0.0000000000,1.0000000000,Solved
G?zfv[,17,4,4.0000000003,0.0000000003,1.0000000001,Solved
G?zfvg,16,4,3.9999999998,-0.0000000002,0.9999999999,Solved
G?zfvk,17,4,3.9999999984,-0.0000000016,0.9999999996,Solved
G?zfvs,17,4,4.0000000000,-0.0000000000,1.0000000000,Solved
G?zfvw,17,4,3.9999999993,-0.0000000007,0.9999999998,Solved
G?zfv{,18,4,3.9999999998,-0.0000000002,1.0000000000,Solved
G?zf~w,18,4,3.9999999997,-0.0000000003,0.9999999999,Solved
G?zf~{,19,4,3.9999999990,-0.0000000010,0.9999999997,Solved
G?zm}{,18,4,3.9999999999,-0.0000000001,1.0000000000,Solved
G?zm~s,18,4,3.9999999999,-0.0000000001,1.0000000000,Solved
G?zm~w,18,4,3.9999999999,-0.0000000001,1.0000000000,Solved
G?zm~{,19,4,3.9999999999,-0.0000000001,1.0000000000,Solved
G?zn]{,18,4,3.9999999989,-0.0000000011,0.9999999997,Solved
G?zn^w,18,4,3.9999999999,-0.0000000001,1.0000000000,Solved
G?zn^{,19,4,3.9999999996,-0.0000000004,0.9999999999,Solved
G?znc{,16,4,4.0000000000,-0.0000000000,1.0000000000,Solved
G?zne[,16,4,4.0000000010,0.0000000010,1.0000000002,Solved
G?znes,16,4,4.0000000004,0.0000000004,1.0000000001,Solved
G?znew,16,4,4.0000000000,-0.0000000000,1.0000000000,Solved
G?zne{,17,4,4.0000000000,-0.0000000000,1.0000000000,Solved
G?znfS,16,4,3.9999999997,-0.0000000003,0.9999999999,Solved
G?znfW,16,4,4.0000000005,0.0000000005,1.0000000001,Solved
G?znf[,17,4,4.0000000001,0.0000000001,1.0000000000,Solved
G?znfc,16,4,3.9999999998,-0.0000000002,0.9999999999,Solved
G?znfo,16,4,3.9999999999,-0.0000000001,1.0000000000,Solved
G?znfs,17,4,4.0000000012,0.0000000012,1.0000000003,Solved
G?znfw,17,4,4.0000000012,0.0000000012,1.0000000003,Solved
G?znf{,18,4,3.9999999995,-0.0000000005,0.9999999999,Solved
G?znvk,18,4,3.9999999997,-0.0000000003,0.9999999999,Solved
G?znvs,18,4,3.9999999998,-0.0000000002,0.9999999999,Solved
G?znvw,18,4,3.9999999998,-0.0000000002,1.0000000000,Solved
G?znv{,19,4,3.9999999996,-0.0000000004,0.9999999999,Solved
G?zn~{,20,4,3.9999999996,-0.0000000004,0.9999999999,Solved
G?zvc{,16,4,4.0000000001,0.0000000001,1.0000000000,Solved
G?zve[,16,4,3.9999999994,-0.0000000006,0.9999999999,Solved
G?zvek,16,4,4.0000000000,-0.0000000000,1.0000000000,Solved
G?zve{,17,4,3.9999999999,-0.0000000001,1.0000000000,Solved
G?zvfK,16,4,4.0000000009,0.0000000009,1.0000000002,Solved
G?zvf[,17,4,3.9999999997,-0.0000000003,0.9999999999,Solved
G?zvf_,15,4,4.0000000018,0.0000000018,1.0000000004,Solved
G?zvfg,16,4,3.9999999995,-0.0000000005,0.9999999999,Solved
G?zvfk,17,4,3.9999999976,-0.0000000024,0.9999999994,Solved
G?zvfo,16,4,4.0000000000,0.0000000000,1.0000000000,Solved
G?zvfw,17,4,3.9999999979,-0.0000000021,0.9999999995,Solved
G?zvf{,18,4,3.9999999988,-0.0000000012,0.9999999997,Solved
G?zvnk,18,4,4.0000000004,0.0000000004,1.0000000001,Solved
G?zvn{,19,4,4.0000000002,0.0000000002,1.0000000001,Solved
G?zvuw,17,4,3.9999999999,-0.0000000001,1.0000000000,Solved
G?zvvW,17,4,3.9999999999,-0.0000000001,1.0000000000,Solved
G?zvvg,17,4,3.9999999987,-0.0000000013,0.9999999997,Solved
G?zvvk,18,4,3.9999999996,-0.0000000004,0.9999999999,Solved
G?zvvs,18,4,4.0000000004,0.0000000004,1.0000000001,Solved
G?zvvw,18,4,4.0000000003,0.0000000003,1.0000000001,Solved
G?zvv{,19,4,4.0000000007,0.0000000007,1.0000000002,Solved
G?zv~{,20,4,4.0000000011,0.0000000011,1.0000000003,Solved
G?z~u{,19,4,3.9999999970,-0.0000000030,0.9999999992,Solved
G?z~v[,19,4,3.9999999997,-0.0000000003,0.9999999999,Solved
G?z~vk,19,4,4.0000000006,0.0000000006,1.0000000002,Solved
G?z~vw,19,4,3.9999999976,-0.0000000024,0.9999999994,Solved
G?z~v{,20,4,4.0000000002,0.0000000002,1.0000000001,Solved
G?z~~{,21,4,4.0000000010,0.0000000010,1.0000000002,Solved
G?~ve[,17,4,4.0000000016,0.0000000016,1.0000000004,Solved
G?~vfW,17,4,3.9999999982,-0.0000000018,0.9999999996,Solved
G?~vf[,18,4,3.9999999987,-0.0000000013,0.9999999997,Solved
G?~vf_,16,4,3.9999999997,-0.0000000003,0.9999999999,Solved
G?~vfo,17,4,4.0000000000,0.0000000000,1.0000000000,Solved
G?~vfw,18,4,4.0000000000,-0.0000000000,1.0000000000,Solved
G?~vf{,19,4,3.9999999971,-0.0000000029,0.9999999993,Solved
G?~vvg,18,4,4.0000000000,-0.0000000000,1.0000000000,Solved
G?~vvs,19,4,3.9999999961,-0.0000000039,0.9999999990,Solved
G?~vvw,19,4,3.9999999961,-0.0000000039,0.9999999990,Solved
G?~vv{,20,4,3.9999999961,-0.0000000039,0.9999999990,Solved
G?~v~w,20,4,3.9999999961,-0.0000000039,0.9999999990,Solved
G?~v~{,21,4,3.9999999964,-0.0000000036,0.9999999991,Solved
G?~~~{,22,4,3.9999999970,-0.0000000030,0.9999999992,Solved
GCOcfO,9,3,3.0000000003,0.0000000003,1.0000000001,Solved
GCOcfW,10,3,3.0000000004,0.0000000004,1.0000000001,Solved
GCOcf_,9,4,3.9999999991,-0.0000000009,0.9999999998,Solved
GCOcfc,10,3,3.0000000001,0.0000000001,1.0000000000,Solved
GCOcfo,10,3,3.0000000005,0.0000000005,1.0000000002,Solved
GCOcfs,11,3,3.0000000011,0.0000000011,1.0000000004,Solved
GCOcfw,11,3,3.0000000001,0.0000000001,1.0000000000,Solved
GCOcf{,12,3,3.0000000001,0.0000000001,1.0000000000,Solved
GCOe`W,9,3,3.0000000011,0.0000000011,1.0000000004,Solved
GCOe`[,10,3,3.0000000003,0.0000000003,1.0000000001,Solved
GCOebK,10,3,3.0000000000,0.0000000000,1.0000000000,Solved
GCOebW,10,3,3.0000000033,0.0000000033,1.0000000011,Solved
GCOeb[,11,3,3.0000000004,0.0000000004,1.0000000001,Solved
GCOedK,10,3,3.0000000002,0.0000000002,1.0000000001,Solved
GCOedW,10,3,3.0000000041,0.0000000041,1.0000000014,Solved
GCOed[,11,3,3.0000000022,0.0000000022,1.0000000007,Solved
GCOedc,10,3,3.0000000013,0.0000000013,1.0000000004,Solved
GCOedg,10,3,3.0000000005,0.0000000005,1.0000000002,Solved
GCOedk,11,3,3.0000000002,0.0000000002,1.0000000001,Solved
GCOedo,10,3,3.2360679805,0.2360679805,1.0786893268,Solved
GCOeds,11,3,3.0000000009,0.0000000009,1.0000000003,Solved
GCOedw,11,3,3.0000000001,0.0000000001,1.0000000000,Solved
GCOed{,12,3,3.0000000023,0.0000000023,1.0000000008,Solved
GCOef?,9,4,4.0000000009,0.0000000009,1.0000000002,Solved
GCOefC,10,4,3.9999999994,-0.0000000006,0.9999999998,Solved
GCOefG,10,3,3.0000000002,0.0000000002,1.0000000001,Solved
GCOefK,11,3,3.0000000001,0.0000000001,1.0000000000,Solved
GCOefO,10,3,3.0000000003,0.0000000003,1.0000000001,Solved
GCOefS,11,3,3.0000000014,0.0000000014,1.0000000005,Solved
GCOefW,11,3,3.0000000005,0.0000000005,1.0000000002,Solved
GCOef[,12,3,3.0000000016,0.0000000016,1.0000000005,Solved
GCOef_,10,4,3.9999999991,-0.0000000009,0.9999999998,Solved
GCOefc,11,3,3.0000000002,0.0000000002,1.0000000001,Solved
GCOefg,11,3,3.0000000006,0.0000000006,1.0000000002,Solved
GCOefk,12,3,3.0000000013,0.0000000013,1.0000000004,Solved
GCOefo,11,3,3.0000000003,0.0000000003,1.0000000001,Solved
GCOefs,12,3,3.0000000015,0.0000000015,1.0000000005,Solved
GCOefw,12,3,3.0000000002,0.0000000002,1.0000000001,Solved
GCOef{,13,3,3.0000000001,0.0000000001,1.0000000000,Solved
GCOetg,11,3,3.0000000006,0.0000000006,1.0000000002,Solved
GCOetk,12,3,3.0000000001,0.0000000001,1.0000000000,Solved
GCOevg,12,3,3.0000000025,0.0000000025,1.0000000008,Solved
GCOevk,13,3,3.0000000001,0.0000000001,1.0000000000,Solved
GCOevo,12,3,3.0000000040,0.0000000040,1.0000000013,Solved
GCOevs,13,3,2.9999999999,-0.0000000001,1.0000000000,Solved
GCOevw,13,3,2.9999999999,-0.0000000001,1.0000000000,Solved
GCOev{,14,3,3.0000000001,0.0000000001,1.0000000000,Solved
GCOf?w,9,4,3.9999999997,-0.0000000003,0.9999999999,Solved
GCOf?{,10,4,4.0000000035,0.0000000035,1.0000000009,Solved
GCOf@s,10,4,3.9999999987,-0.0000000013,0.9999999997,Solved
GCOfB_,9,4,4.0000000001,0.0000000001,1.0000000000,Solved
GCOfBc,10,4,4.0000000003,0.0000000003,1.0000000001,Solved
GCOfCs,10,4,4.0000000000,0.0000000000,1.0000000000,Solved
GCOfCw,10,4,3.9999999997,-0.0000000003,0.9999999999,Solved
GCOfC{,11,4,3.9999999997,-0.0000000003,0.9999999999,Solved
GCOfDo,10,4,3.9999999991,-0.0000000009,0.9999999998,Solved
GCOfDs,11,4,3.9999999997,-0.0000000003,0.9999999999,Solved
GCOfEo,10,4,4.0000000006,0.0000000006,1.0000000002,Solved
GCOfEs,11,4,3.9999999996,-0.0000000004,0.9999999999,Solved
GCOfEw,11,4,3.9999999994,-0.0000000006,0.9999999999,Solved
GCOfE{,12,4,3.9999999994,-0.0000000006,0.9999999998,Solved
GCOfF?,9,5,4.9999999998,-0.0000000002,1.0000000000,Solved
GCOfFC,10,4,4.0000000004,0.0000000004,1.0000000001,Solved
GCOfF_,10,4,4.0000000001,0.0000000001,1.0000000000,Solved
GCOfFc,11,4,4.0000000004,0.0000000004,1.0000000001,Solved
GCOfFo,11,4,3.9999999998,-0.0000000002,1.0000000000,Solved
GCOfFs,12,4,3.9999999993,-0.0000000007,0.9999999998,Solved
GCOfFw,12,4,3.9999999992,-0.0000000008,0.9999999998,Solved
GCOfF{,13,4,3.9999999991,-0.0000000009,0.9999999998,Solved
GCOfbW,11,3,3.0000000018,0.0000000018,1.0000000006,Solved
GCOfb[,12,3,3.0000000003,0.0000000003,1.0000000001,Solved
GCOfcw,11,3,3.1965575950,0.1965575950,1.0655191983,Solved
GCOfc{,12,3,3.0000000002,0.0000000002,1.0000000001,Solved
GCOfdo,11,3,3.2360679816,0.2360679816,1.0786893272,Solved
GCOfds,12,3,3.0000000024,0.0000000024,1.0000000008,Solved
GCOfeW,11,3,3.0000000004,0.0000000004,1.0000000001,Solved
GCOfe[,12,3,3.0000000024,0.0000000024,1.0000000008,Solved
GCOfeo,11,3,3.0000000004,0.0000000004,1.0000000001,Solved
GCOfes,12,3,3.0000000008,0.0000000008,1.0000000003,Solved
GCOfew,12,3,3.0000000002,0.0000000002,1.0000000001,Solved
GCOfe{,13,3,3.0000000002,0.0000000002,1.0000000001,Solved
GCOffO,11,3,3.0000000002,0.0000000002,1.0000000001,Solved
GCOffS,12,3,3.0000000003,0.0000000003,1.0000000001,Solved
GCOffW,12,3,3.0000000012,0.0000000012,1.0000000004,Solved
GCOff[,13,3,3.0000000019,0.0000000019,1.0000000006,Solved
GCOff_,11,4,3.9999999996,-0.0000000004,0.9999999999,Solved
GCOffc,12,3,3.0000000010,0.0000000010,1.0000000003,Solved
GCOffo,12,3,3.0000000023,0.0000000023,1.0000000008,Solved
GCOffs,13,3,3.0000000002,0.0000000002,1.0000000001,Solved
GCOffw,13,3,3.0000000009,0.0000000009,1.0000000003,Solved
GCOff{,14,3,3.0000000013,0.0000000013,1.0000000004,Solved
GCOfuw,13,3,3.0000000007,0.0000000007,1.0000000002,Solved
GCOfu{,14,3,3.0000000002,0.0000000002,1.0000000001,Solved
GCOfvg,13,3,3.0000000017,0.0000000017,1.0000000006,Solved
GCOfvk,14,3,3.0000000001,0.0000000001,1.0000000000,Solved
GCOfvo,13,3,3.0000000005,0.0000000005,1.0000000002,Solved
GCOfvs,14,3,3.0000000000,0.0000000000,1.0000000000,Solved
GCOfvw,14,3,3.0000000009,0.0000000009,1.0000000003,Solved
GCOfv{,15,3,3.0000000001,0.0000000001,1.0000000000,Solved
GCOf~w,15,3,3.0000000000,0.0000000000,1.0000000000,Solved
GCOf~{,16,3,3.0000000001,0.0000000001,1.0000000000,Solved
GCQQV?,9,3,3.0000000003,0.0000000003,1.0000000001,Solved
GCQQV_,10,3,3.0000000005,0.0000000005,1.0000000002,Solved
GCQQVg,11,3,3.0000000003,0.0000000003,1.0000000001,Solved
GCQQVo,11,3,3.0000000016,0.0000000016,1.0000000005,Solved
GCQQVw,12,3,3.0000000018,0.0000000018,1.0000000006,Solved
GCQQV{,13,3,2.9999999997,-0.0000000003,0.9999999999,Solved
GCQRDO,9,3,3.2360679776,0.2360679776,1.0786893259,Solved
GCQRD_,9,4,3.9999999996,-0.0000000004,0.9999999999,Solved
GCQRDg,10,3,3.0000000059,0.0000000059,1.0000000020,Solved
GCQRDo,10,3,3.2360679820,0.2360679820,1.0786893273,Solved
GCQRDw,11,3,3.0000000001,0.0000000001,1.0000000000,Solved
GCQREC,9,4,4.0000000003,0.0000000003,1.0000000001,Solved
GCQREO,9,3,3.0000000000,0.0000000000,1.0000000000,Solved
GCQRE_,9,4,4.0000000023,0.0000000023,1.0000000006,Solved
GCQREc,10,4,3.9999999998,-0.0000000002,1.0000000000,Solved
GCQREg,10,3,3.0000000007,0.0000000007,1.0000000002,Solved
GCQREk,11,3,3.0000000004,0.0000000004,1.0000000001,Solved
GCQREo,10,3,3.0000000001,0.0000000001,1.0000000000,Solved
GCQREw,11,3,3.0000000015,0.0000000015,1.0000000005,Solved
GCQRF?,9,4,4.0000000009,0.0000000009,1.0000000002,Solved
GCQRFC,10,3,3.0000000008,0.0000000008,1.0000000003,Solved
GCQRFO,10,3,3.0000000006,0.0000000006,1.0000000002,Solved
GCQRFS,11,3,3.0000000019,0.0000000019,1.0000000006,Solved
GCQRF_,10,4,3.9999999999,-0.0000000001,1.0000000000,Solved
GCQRFc,11,3,3.0000000002,0.0000000002,1.0000000001,Solved
GCQRFg,11,3,3.0000000040,0.0000000040,1.0000000013,Solved
GCQRFk,12,3,3.0000000011,0.0000000011,1.0000000004,Solved
GCQRFo,11,3,3.0000000009,0.0000000009,1.0000000003,Solved
GCQRFs,12,3,3.0000000009,0.0000000009,1.0000000003,Solved
GCQRFw,12,3,3.0000000010,0.0000000010,1.0000000003,Solved
GCQRF{,13,3,3.0000000000,0.0000000000,1.0000000000,Solved
GCQRT_,10,3,3.0000000026,0.0000000026,1.0000000009,Solved
GCQRTg,11,3,3.0000000006,0.0000000006,1.0000000002,Solved
GCQRTk,12,3,3.0000000009,0.0000000009,1.0000000003,Solved
GCQRUO,10,3,3.0000000012,0.0000000012,1.0000000004,Solved
GCQRUS,11,3,3.0000000007,0.0000000007,1.0000000002,Solved
GCQRU_,10,4,4.0000000001,0.0000000001,1.0000000000,Solved
GCQRUg,11,3,3.0000000002,0.0000000002,1.0000000001,Solved
GCQRUk,12,3,3.0000000001,0.0000000001,1.0000000000,Solved
GCQRUo,11,3,3.0000000003,0.0000000003,1.0000000001,Solved
GCQRUs,12,3,3.0000000008,0.0000000008,1.0000000003,Solved
GCQRUw,12,3,3.0000000010,0.0000000010,1.0000000003,Solved
GCQRU{,13,3,3.0000000007,0.0000000007,1.0000000002,Solved
GCQRV?,10,3,3.0000000022,0.0000000022,1.0000000007,Solved
GCQRVO,11,3,3.0000000056,0.0000000056,1.0000000019,Solved
GCQRVS,12,3,3.0000000007,0.0000000007,1.0000000002,Solved
GCQRV_,11,3,3.0000000002,0.0000000002,1.0000000001,Solved
GCQRVc,12,3,3.0000000005,0.0000000005,1.0000000002,Solved
GCQRVg,12,3,3.0000000001,0.0000000001,1.0000000000,Solved
GCQRVk,13,3,3.0000000002,0.0000000002,1.0000000001,Solved
GCQRVo,12,3,3.0000000015,0.0000000015,1.0000000005,Solved
GCQRVs,13,3,3.0000000003,0.0000000003,1.0000000001,Solved
GCQRVw,13,3,3.0000000002,0.0000000002,1.0000000001,Solved
GCQRV{,14,3,3.0000000019,0.0000000019,1.0000000006,Solved
GCQSnO,11,3,3.0000000011,0.0000000011,1.0000000004,Solved
GCQSng,12,3,3.0000000001,0.0000000001,1.0000000000,Solved
GCQSnk,13,3,3.0000000002,0.0000000002,1.0000000001,Solved
GCQSno,12,3,3.0000000039,0.0000000039,1.0000000013,Solved
GCQSnw,13,3,3.0000000006,0.0000000006,1.0000000002,Solved
GCQSn{,14,3,2.9999999998,-0.0000000002,0.9999999999,Solved
GCQTa[,11,3,3.0000000001,0.0000000001,1.0000000000,Solved
GCQTbK,11,3,3.0000000001,0.0000000001,1.0000000000,Solved
GCQTbS,11,3,3.0000000008,0.0000000008,1.0000000003,Solved
GCQTbW,11,3,3.0000000049,0.0000000049,1.0000000016,Solved
GCQTb[,12,3,3.0000000031,0.0000000031,1.0000000010,Solved
GCQTeK,11,4,3.9999999974,-0.0000000026,0.9999999994,Solved
GCQTeS,11,3,3.0000000002,0.0000000002,1.0000000001,Solved
GCQTe[,12,3,3.0000000001,0.0000000001,1.0000000000,Solved
GCQTec,11,4,3.9999999999,-0.0000000001,1.0000000000,Solved
GCQTek,12,3,3.0000000001,0.0000000001,1.0000000000,Solved
GCQTeo,11,3,3.0000000007,0.0000000007,1.0000000002,Solved
GCQTes,12,3,3.0000000006,0.0000000006,1.0000000002,Solved
GCQTew,12,3,3.0000000008,0.0000000008,1.0000000003,Solved
GCQTe{,13,3,3.0000000004,0.0000000004,1.0000000001,Solved
GCQTfK,12,3,3.0000000001,0.0000000001,1.0000000000,Solved
GCQTfS,12,3,3.0000000011,0.0000000011,1.0000000004,Solved
GCQTfW,12,3,3.0000000017,0.0000000017,1.0000000006,Solved
GCQTf[,13,3,3.0000000008,0.0000000008,1.0000000003,Solved
GCQTf_,11,4,3.9999999999,-0.0000000001,1.0000000000,Solved
GCQTfc,12,3,3.0000000019,0.0000000019,1.0000000006,Solved
GCQTfg,12,3,3.0000000001,0.0000000001,1.0000000000,Solved
GCQTfk,13,3,3.0000000013,0.0000000013,1.0000000004,Solved
GCQTfo,12,3,3.0000000008,0.0000000008,1.0000000003,Solved
GCQTfs,13,3,3.0000000019,0.0000000019,1.0000000006,Solved
GCQTfw,13,3,3.0000000008,0.0000000008,1.0000000003,Solved
GCQTf{,14,3,3.0000000002,0.0000000002,1.0000000001,Solved
GCQTmk,13,3,3.0000000004,0.0000000004,1.0000000001,Solved
GCQTms,13,3,3.0000000020,0.0000000020,1.0000000007,Solved
GCQTmw,13,3,3.0000000001,0.0000000001,1.0000000000,Solved
GCQTm{,14,3,3.0000000001,0.0000000001,1.0000000000,Solved
GCQTnS,13,3,3.0000000001,0.0000000001,1.0000000000,Solved
GCQTnc,13,3,3.0000000056,0.0000000056,1.0000000019,Solved
GCQTng,13,3,3.0000000005,0.0000000005,1.0000000002,Solved
GCQTnk,14,3,3.0000000001,0.0000000001,1.0000000000,Solved
GCQTno,13,3,3.0000000001,0.0000000001,1.0000000000,Solved
GCQTns,14,3,3.0000000001,0.0000000001,1.0000000000,Solved
GCQTnw,14,3,3.0000000004,0.0000000004,1.0000000001,Solved
GCQTn{,15,3,2.9999999999,-0.0000000001,1.0000000000,Solved
GCQURo,11,3,3.0000000015,0.0000000015,1.0000000005,Solved
GCQURw,12,3,3.0000000001,0.0000000001,1.0000000000,Solved
GCQUVS,12,3,3.0000000005,0.0000000005,1.0000000002,Solved
GCQUVc,12,3,3.0000000013,0.0000000013,1.0000000004,Solved
GCQUVg,12,3,3.0000000012,0.0000000012,1.0000000004,Solved
GCQUVo,12,3,3.0000000018,0.0000000018,1.0000000006,Solved
GCQUVs,13,3,3.0000000020,0.0000000020,1.0000000007,Solved
GCQUVw,13,3,3.0000000007,0.0000000007,1.0000000002,Solved
GCQUV{,14,3,3.0000000001,0.0000000001,1.0000000000,Solved
GCQUbS,11,4,3.9999999997,-0.0000000003,0.9999999999,Solved
GCQUbW,11,4,3.9999999975,-0.0000000025,0.9999999994,Solved
GCQUb[,12,4,3.9999999995,-0.0000000005,0.9999999999,Solved
GCQUdW,11,4,3.9999999989,-0.0000000011,0.9999999997,Solved
GCQUd[,12,4,3.9999999997,-0.0000000003,0.9999999999,Solved
GCQUdk,12,4,3.9999999984,-0.0000000016,0.9999999996,Solved
GCQUdo,11,4,3.9999999988,-0.0000000012,0.9999999997,Solved
GCQUds,12,4,3.9999999980,-0.0000000020,0.9999999995,Solved
GCQUdw,12,4,3.9999999997,-0.0000000003,0.9999999999,Solved
GCQUd{,13,4,3.9999999988,-0.0000000012,0.9999999997,Solved
GCQUfG,11,4,3.9999999994,-0.0000000006,0.9999999999,Solved
GCQUfK,12,4,3.9999999983,-0.0000000017,0.9999999996,Solved
GCQUfO,11,4,3.9999999998,-0.0000000002,0.9999999999,Solved
GCQUfS,12,4,3.9999999999,-0.0000000001,1.0000000000,Solved
GCQUfW,12,4,3.9999999997,-0.0000000003,0.9999999999,Solved
GCQUf[,13,4,3.9999999985,-0.0000000015,0.9999999996,Solved
GCQUfc,12,4,3.9999999991,-0.0000000009,0.9999999998,Solved
GCQUfg,12,4,3.9999999987,-0.0000000013,0.9999999997,Solved
GCQUfk,13,4,4.0000000000,-0.0000000000,1.0000000000,Solved
GCQUfo,12,4,3.9999999991,-0.0000000009,0.9999999998,Solved
GCQUfs,13,4,3.9999999979,-0.0000000021,0.9999999995,Solved
GCQUfw,13,4,3.9999999984,-0.0000000016,0.9999999996,Solved
GCQUf{,14,4,3.9999999987,-0.0000000013,0.9999999997,Solved
GCQUlw,13,3,3.0000000002,0.0000000002,1.0000000001,Solved
GCQUl{,14,3,3.0000000001,0.0000000001,1.0000000000,Solved
GCQUnS,13,3,3.0000000007,0.0000000007,1.0000000002,Solved
GCQUng,13,3,2.9999999999,-0.0000000001,1.0000000000,Solved
GCQUnk,14,3,3.0000000001,0.0000000001,1.0000000000,Solved
GCQUno,13,3,3.0000000004,0.0000000004,1.0000000001,Solved
GCQUns,14,3,3.0000000001,0.0000000001,1.0000000000,Solved
GCQUnw,14,3,3.0000000002,0.0000000002,1.0000000001,Solved
GCQUn{,15,3,3.0000000000,-0.0000000000,1.0000000000,Solved
GCQUvW,13,3,3.0000000020,0.0000000020,1.0000000007,Solved
GCQUv[,14,3,3.0000000046,0.0000000046,1.0000000015,Solved
GCQUvg,13,3,3.0000000016,0.0000000016,1.0000000005,Solved
GCQUvk,14,3,3.0000000006,0.0000000006,1.0000000002,Solved
GCQUvo,13,3,3.0000000027,0.0000000027,1.0000000009,Solved
GCQUvs,14,3,3.0000000008,0.0000000008,1.0000000003,Solved
GCQUvw,14,3,3.0000000029,0.0000000029,1.0000000010,Solved
GCQUv{,15,3,3.0000000021,0.0000000021,1.0000000007,Solved
GCQU~w,15,3,3.0000000011,0.0000000011,1.0000000004,Solved
GCQU~{,16,3,3.0000000019,0.0000000019,1.0000000006,Solved
GCQVQw,12,3,3.0000000014,0.0000000014,1.0000000005,Solved
GCQVQ{,13,3,3.0000000012,0.0000000012,1.0000000004,Solved
GCQVRo,12,3,3.0000000009,0.0000000009,1.0000000003,Solved
GCQVRs,13,3,3.0000000003,0.0000000003,1.0000000001,Solved
GCQVRw,13,3,3.0000000007,0.0000000007,1.0000000002,Solved
GCQVR{,14,3,3.0000000001,0.0000000001,1.0000000000,Solved
GCQVUs,13,3,3.0000000022,0.0000000022,1.0000000007,Solved
GCQVUw,13,3,3.0000000004,0.0000000004,1.0000000001,Solved
GCQVU{,14,3,3.0000000002,0.0000000002,1.0000000001,Solved
GCQVVS,13,3,2.9999999999,-0.0000000001,1.0000000000,Solved
GCQVVg,13,3,3.0000000018,0.0000000018,1.0000000006,Solved
GCQVVk,14,3,3.0000000004,0.0000000004,1.0000000001,Solved
GCQVVo,13,3,3.0000000006,0.0000000006,1.0000000002,Solved
GCQVVs,14,3,3.0000000001,0.0000000001,1.0000000000,Solved
GCQVVw,14,3,3.0000000002,0.0000000002,1.0000000001,Solved
GCQVV{,15,3,3.0000000001,0.0000000001,1.0000000000,Solved
GCQVbW,12,3,3.0000000008,0.0000000008,1.0000000003,Solved
GCQVb[,13,3,3.0000000001,0.0000000001,1.0000000000,Solved
GCQVc{,13,3,3.0000000002,0.0000000002,1.0000000001,Solved
GCQVd[,13,3,3.0000000001,0.0000000001,1.0000000000,Solved
GCQVds,13,3,3.0000000001,0.0000000001,1.0000000000,Solved
GCQVdw,13,3,3.0000000002,0.0000000002,1.0000000001,Solved
GCQVd{,14,3,3.0000000030,0.0000000030,1.0000000010,Solved
GCQVe[,13,3,3.0000000009,0.0000000009,1.0000000003,Solved
GCQVek,13,3,3.0000000001,0.0000000001,1.0000000000,Solved
GCQVes,13,3,3.0000000001,0.0000000001,1.0000000000,Solved
GCQVew,13,3,3.0000000006,0.0000000006,1.0000000002,Solved
GCQVe{,14,3,3.0000000011,0.0000000011,1.0000000004,Solved
GCQVfK,13,3,3.0000000001,0.0000000001,1.0000000000,Solved
GCQVfS,13,3,3.0000000040,0.0000000040,1.0000000013,Solved
GCQVfW,13,3,3.0000000004,0.0000000004,1.0000000001,Solved
GCQVf[,14,3,3.0000000031,0.0000000031,1.0000000010,Solved
GCQVfc,13,3,3.0000000001,0.0000000001,1.0000000000,Solved
GCQVfg,13,3,3.0000000001,0.0000000001,1.0000000000,Solved
GCQVfk,14,3,3.0000000035,0.0000000035,1.0000000012,Solved
GCQVfo,13,3,3.0000000013,0.0000000013,1.0000000004,Solved
GCQVfs,14,3,3.0000000028,0.0000000028,1.0000000009,Solved
GCQVfw,14,3,3.0000000001,0.0000000001,1.0000000000,Solved
GCQVf{,15,3,3.0000000004,0.0000000004,1.0000000001,Solved
GCQVlw,14,3,3.0000000013,0.0000000013,1.0000000004,Solved
GCQVl{,15,3,3.0000000001,0.0000000001,1.0000000000,Solved
GCQVmw,14,3,3.0000000009,0.0000000009,1.0000000003,Solved
GCQVm{,15,3,3.0000000003,0.0000000003,1.0000000001,Solved
GCQVng,14,3,3.0000000019,0.0000000019,1.0000000006,Solved
GCQVnk,15,3,3.0000000003,0.0000000003,1.0000000001,Solved
GCQVno,14,3,3.0000000005,0.0000000005,1.0000000002,Solved
GCQVns,15,3,3.0000000000,-0.0000000000,1.0000000000,Solved
GCQVnw,15,3,3.0000000002,0.0000000002,1.0000000001,Solved
GCQVn{,16,3,3.0000000001,0.0000000001,1.0000000000,Solved
GCQVuw,14,3,3.0000000015,0.0000000015,1.0000000005,Solved
GCQVu{,15,3,3.0000000006,0.0000000006,1.0000000002,Solved
GCQVvW,14,3,3.0000000011,0.0000000011,1.0000000004,Solved
GCQVv[,15,3,3.0000000007,0.0000000007,1.0000000002,Solved
GCQVvo,14,3,3.0000000025,0.0000000025,1.0000000008,Solved
GCQVvs,15,3,2.9999999997,-0.0000000003,0.9999999999,Solved
GCQVvw,15,3,3.0000000007,0.0000000007,1.0000000002,Solved
GCQVv{,16,3,3.0000000010,0.0000000010,1.0000000003,Solved
GCQV~w,16,3,2.9999999998,-0.0000000002,0.9999999999,Solved
GCQV~{,17,3,2.9999999998,-0.0000000002,0.9999999999,Solved
GCQ`e_,9,4,3.9999999991,-0.0000000009,0.9999999998,Solved
GCQ`eo,10,3,3.2360679775,0.2360679775,1.0786893258,Solved
GCQ`f?,9,4,4.0000000035,0.0000000035,1.0000000009,Solved
GCQ`fG,10,3,3.2360679781,0.2360679781,1.0786893260,Solved
GCQ`fO,10,3,3.2360679777,0.2360679777,1.0786893259,Solved
GCQ`fW,11,3,3.2360679782,0.2360679782,1.0786893261,Solved
GCQ`f_,10,4,3.9999999998,-0.0000000002,0.9999999999,Solved
GCQ`fg,11,3,3.2360679776,0.2360679776,1.0786893259,Solved
GCQ`fk,12,3,3.2360679775,0.2360679775,1.0786893258,Solved
GCQ`fo,11,3,3.2360679791,0.2360679791,1.0786893264,Solved
GCQ`fw,12,3,3.2360679777,0.2360679777,1.0786893259,Solved
GCQ`f{,13,3,3.2360679776,0.2360679776,1.0786893259,Solved
GCQbPk,11,3,3.0000000042,0.0000000042,1.0000000014,Solved
GCQbQW,10,3,3.2360679808,0.2360679808,1.0786893269,Solved
GCQbQ[,11,3,3.0000000010,0.0000000010,1.0000000003,Solved
GCQbQg,10,4,3.9999999991,-0.0000000009,0.9999999998,Solved
GCQbQk,11,4,3.9999999996,-0.0000000004,0.9999999999,Solved
GCQbQs,11,3,3.0000000025,0.0000000025,1.0000000008,Solved
GCQbQw,11,3,3.2360679809,0.2360679809,1.0786893270,Solved
GCQbQ{,12,3,3.0000000002,0.0000000002,1.0000000001,Solved
GCQbRG,10,3,3.0000000002,0.0000000002,1.0000000001,Solved
GCQbRK,11,3,3.0000000025,0.0000000025,1.0000000008,Solved
GCQbRS,11,3,3.0000000010,0.0000000010,1.0000000003,Solved
GCQbRW,11,3,3.0000000037,0.0000000037,1.0000000012,Solved
GCQbR[,12,3,3.0000000056,0.0000000056,1.0000000019,Solved
GCQbR_,10,3,3.2360679777,0.2360679777,1.0786893259,Solved
GCQbRc,11,3,3.2360679810,0.2360679810,1.0786893270,Solved
GCQbRg,11,3,3.0000000053,0.0000000053,1.0000000018,Solved
GCQbRk,12,3,3.0000000006,0.0000000006,1.0000000002,Solved
GCQbRo,11,3,3.2360679777,0.2360679777,1.0786893259,Solved
GCQbRs,12,3,3.0000000004,0.0000000004,1.0000000001,Solved
GCQbRw,12,3,3.0000000038,0.0000000038,1.0000000013,Solved
GCQbR{,13,3,3.0000000007,0.0000000007,1.0000000002,Solved
GCQbSk,11,3,3.0000000017,0.0000000017,1.0000000006,Solved
GCQbTK,11,3,3.0000000016,0.0000000016,1.0000000005,Solved
GCQbTc,11,3,3.0000000035,0.0000000035,1.0000000012,Solved
GCQbTg,11,3,3.0000000005,0.0000000005,1.0000000002,Solved
GCQbTk,12,3,3.0000000005,0.0000000005,1.0000000002,Solved
GCQbUG,10,4,3.9999999970,-0.0000000030,0.9999999993,Solved
GCQbUK,11,4,4.0000000002,0.0000000002,1.0000000000,Solved
GCQbUO,10,4,3.9999999994,-0.0000000006,0.9999999998,Solved
GCQbUS,11,3,3.0000000003,0.0000000003,1.0000000001,Solved
GCQbUW,11,3,3.2360679827,0.2360679827,1.0786893276,Solved
GCQbU[,12,3,3.0000000024,0.0000000024,1.0000000008,Solved
GCQbU_,10,3,3.0000000002,0.0000000002,1.0000000001,Solved
GCQbUc,11,3,3.0000000010,0.0000000010,1.0000000003,Solved
GCQbUg,11,3,3.0000000029,0.0000000029,1.0000000010,Solved
GCQbUk,12,3,3.0000000007,0.0000000007,1.0000000002,Solved
GCQbUo,11,3,3.0000000039,0.0000000039,1.0000000013,Solved
GCQbUs,12,3,3.0000000017,0.0000000017,1.0000000006,Solved
GCQbUw,12,3,3.0000000012,0.0000000012,1.0000000004,Solved
GCQbU{,13,3,3.0000000020,0.0000000020,1.0000000007,Solved
GCQbV?,10,4,4.0000000001,0.0000000001,1.0000000000,Solved
GCQbVC,11,4,3.9999999992,-0.0000000008,0.9999999998,Solved
GCQbVG,11,3,3.0000000005,0.0000000005,1.0000000002,Solved
GCQbVK,12,3,3.0000000017,0.0000000017,1.0000000006,Solved
GCQbVO,11,4,3.9999999990,-0.0000000010,0.9999999998,Solved
GCQbVS,12,3,3.0000000049,0.0000000049,1.0000000016,Solved
GCQbVW,12,3,3.0000000059,0.0000000059,1.0000000020,Solved
GCQbV[,13,3,3.0000000028,0.0000000028,1.0000000009,Solved
GCQbV_,11,3,3.0000000008,0.0000000008,1.0000000003,Solved
GCQbVc,12,3,3.0000000050,0.0000000050,1.0000000017,Solved
GCQbVg,12,3,3.0000000008,0.0000000008,1.0000000003,Solved
GCQbVk,13,3,3.0000000017,0.0000000017,1.0000000006,Solved
GCQbVo,12,3,3.0000000001,0.0000000001,1.0000000000,Solved
GCQbVs,13,3,3.0000000016,0.0000000016,1.0000000005,Solved
GCQbVw,13,3,3.0000000015,0.0000000015,1.0000000005,Solved
GCQbV{,14,3,3.0000000033,0.0000000033,1.0000000011,Solved
GCQb`o,10,3,3.4678437329,0.4678437329,1.1559479110,Solved
GCQb`s,11,3,3.2360679778,0.2360679778,1.0786893259,Solved
GCQbb_,10,4,4.0000000076,0.0000000076,1.0000000019,Solved
GCQbbc,11,3,3.2360679786,0.2360679786,1.0786893262,Solved
GCQbbo,11,3,3.2360679777,0.2360679777,1.0786893259,Solved
GCQbbs,12,3,3.2360679779,0.2360679779,1.0786893260,Solved
GCQbcW,10,4,3.9999999999,-0.0000000001,1.0000000000,Solved
GCQbc[,11,4,3.9999999985,-0.0000000015,0.9999999996,Solved
GCQbcs,11,3,3.2360679790,0.2360679790,1.0786893263,Solved
GCQbdK,11,3,3.2360679779,0.2360679779,1.0786893260,Solved
GCQbdO,10,4,3.9999999998,-0.0000000002,1.0000000000,Solved
GCQbdS,11,4,3.9999999995,-0.0000000005,0.9999999999,Solved
GCQbdW,11,3,3.2360679817,0.2360679817,1.0786893272,Solved
GCQbd[,12,3,3.2360679783,0.2360679783,1.0786893261,Solved
GCQbd_,10,4,3.9999999994,-0.0000000006,0.9999999999,Solved
GCQbdc,11,3,3.2360679782,0.2360679782,1.0786893261,Solved
GCQbdg,11,3,3.2360679781,0.2360679781,1.0786893260,Solved
GCQbdk,12,3,3.2360679818,0.2360679818,1.0786893273,Solved
GCQbdo,11,3,3.3722813247,0.3722813247,1.1240937749,Solved
GCQbds,12,3,3.2360679817,0.2360679817,1.0786893272,Solved
GCQbdw,12,3,3.2360679777,0.2360679777,1.0786893259,Solved
GCQbd{,13,3,3.2360679780,0.2360679780,1.0786893260,Solved
GCQbeG,10,4,3.9999999985,-0.0000000015,0.9999999996,Solved
GCQbeK,11,4,3.9999999993,-0.0000000007,0.9999999998,Solved
GCQbeO,10,3,3.2360679811,0.2360679811,1.0786893270,Solved
GCQbeS,11,3,3.2360679778,0.2360679778,1.0786893259,Solved
GCQbeW,11,3,3.2360679796,0.2360679796,1.0786893265,Solved
GCQbe[,12,3,3.2360679778,0.2360679778,1.0786893259,Solved
GCQbec,11,3,3.2360679793,0.2360679793,1.0786893264,Solved
GCQbeo,11,3,3.2360679796,0.2360679796,1.0786893265,Solved
GCQbes,12,3,3.2360679780,0.2360679780,1.0786893260,Solved
GCQbf?,10,4,4.0000000062,0.0000000062,1.0000000015,Solved
GCQbfC,11,4,3.9999999998,-0.0000000002,1.0000000000,Solved
GCQbfG,11,3,3.2360679803,0.2360679803,1.0786893268,Solved
GCQbfK,12,3,3.2360679826,0.2360679826,1.0786893275,Solved
GCQbfO,11,3,3.2360679802,0.2360679802,1.0786893267,Solved
GCQbfS,12,3,3.2360679784,0.2360679784,1.0786893261,Solved
GCQbfW,12,3,3.2360679783,0.2360679783,1.0786893261,Solved
GCQbf[,13,3,3.2360679785,0.2360679785,1.0786893262,Solved
GCQbf_,11,4,3.9999999996,-0.0000000004,0.9999999999,Solved
GCQbfc,12,3,3.2360679787,0.2360679787,1.0786893262,Solved
GCQbfg,12,3,3.2360679782,0.2360679782,1.0786893261,Solved
GCQbfk,13,3,3.2360679790,0.2360679790,1.0786893263,Solved
GCQbfo,12,3,3.2360679781,0.2360679781,1.0786893260,Solved
GCQbfs,13,3,3.2360679791,0.2360679791,1.0786893264,Solved
GCQbfw,13,3,3.2360679780,0.2360679780,1.0786893260,Solved
GCQbf{,14,3,3.2360679792,0.2360679792,1.0786893264,Solved
GCQbro,12,3,3.2360679791,0.2360679791,1.0786893264,Solved
GCQbrs,13,3,3.0000000001,0.0000000001,1.0000000000,Solved
GCQbtg,12,3,3.0000000009,0.0000000009,1.0000000003,Solved
GCQbtk,13,3,3.0000000006,0.0000000006,1.0000000002,Solved
GCQbuW,12,3,3.0641777755,0.0641777755,1.0213925918,Solved
GCQbu[,13,3,3.0000000002,0.0000000002,1.0000000001,Solved
GCQbuo,12,3,3.0000000015,0.0000000015,1.0000000005,Solved
GCQbus,13,3,3.0000000007,0.0000000007,1.0000000002,Solved
GCQbvG,12,3,3.0000000035,0.0000000035,1.0000000012,Solved
GCQbvK,13,3,3.0000000005,0.0000000005,1.0000000002,Solved
GCQbvO,12,3,3.1965575940,0.1965575940,1.0655191980,Solved
GCQbvS,13,3,3.0000000003,0.0000000003,1.0000000001,Solved
GCQbvW,13,3,3.0000000002,0.0000000002,1.0000000001,Solved
GCQbv[,14,3,3.0000000005,0.0000000005,1.0000000002,Solved
GCQbv_,12,3,3.0000000021,0.0000000021,1.0000000007,Solved
GCQbvc,13,3,3.0000000014,0.0000000014,1.0000000005,Solved
GCQbvg,13,3,3.0000000003,0.0000000003,1.0000000001,Solved
GCQbvk,14,3,3.0000000010,0.0000000010,1.0000000003,Solved
GCQbvo,13,3,3.0000000013,0.0000000013,1.0000000004,Solved
GCQbvs,14,3,3.0000000009,0.0000000009,1.0000000003,Solved
GCQbvw,14,3,3.0000000037,0.0000000037,1.0000000012,Solved
GCQbv{,15,3,3.0000000001,0.0000000001,1.0000000000,Solved
GCQdbW,11,3,3.0000000020,0.0000000020,1.0000000007,Solved
GCQdbg,11,3,3.0000000001,0.0000000001,1.0000000000,Solved
GCQdbo,11,3,3.0000000002,0.0000000002,1.0000000001,Solved
GCQdbw,12,3,3.0000000003,0.0000000003,1.0000000001,Solved
GCQdeS,11,3,3.0000000010,0.0000000010,1.0000000003,Solved
GCQdes,12,3,3.0000000010,0.0000000010,1.0000000003,Solved
GCQdew,12,3,3.0000000021,0.0000000021,1.0000000007,Solved
GCQdfC,11,4,3.9999999979,-0.0000000021,0.9999999995,Solved
GCQdfK,12,3,3.0000000016,0.0000000016,1.0000000005,Solved
GCQdfS,12,3,3.0000000008,0.0000000008,1.0000000003,Solved
GCQdfW,12,3,3.0000000007,0.0000000007,1.0000000002,Solved
GCQdf[,13,3,3.0000000005,0.0000000005,1.0000000002,Solved
GCQdfc,12,3,3.0000000038,0.0000000038,1.0000000013,Solved
GCQdfg,12,3,3.0000000001,0.0000000001,1.0000000000,Solved
GCQdfk,13,3,3.0000000000,0.0000000000,1.0000000000,Solved
GCQdfo,12,3,3.0000000026,0.0000000026,1.0000000009,Solved
GCQdfs,13,3,3.0000000033,0.0000000033,1.0000000011,Solved
GCQdfw,13,3,3.0000000015,0.0000000015,1.0000000005,Solved
GCQdf{,14,3,3.0000000016,0.0000000016,1.0000000005,Solved
GCQdnW,13,3,3.0000000002,0.0000000002,1.0000000001,Solved
GCQdn[,14,3,3.0000000001,0.0000000001,1.0000000000,Solved
GCQdng,13,3,3.0000000023,0.0000000023,1.0000000008,Solved
GCQdnk,14,3,3.0000000006,0.0000000006,1.0000000002,Solved
GCQdno,13,3,3.0000000004,0.0000000004,1.0000000001,Solved
GCQdns,14,3,3.0000000001,0.0000000001,1.0000000000,Solved
GCQdnw,14,3,3.0000000001,0.0000000001,1.0000000000,Solved
GCQdn{,15,3,3.0000000018,0.0000000018,1.0000000006,Solved
GCQeJo,11,4,4.0000000002,0.0000000002,1.0000000001,Solved
GCQeJs,12,4,3.9999999997,-0.0000000003,0.9999999999,Solved
GCQeK[,11,4,3.9999999999,-0.0000000001,1.0000000000,Solved
GCQeLS,11,4,4.0000000034,0.0000000034,1.0000000008,Solved
GCQeL[,12,4,3.9999999998,-0.0000000002,0.9999999999,Solved
GCQeLk,12,4,3.9999999995,-0.0000000005,0.9999999999,Solved
GCQeLo,11,4,3.9999999996,-0.0000000004,0.9999999999,Solved
GCQeLs,12,4,3.9999999998,-0.0000000002,1.0000000000,Solved
GCQeLw,12,4,3.9999999998,-0.0000000002,0.9999999999,Solved
GCQeL{,13,4,3.9999999998,-0.0000000002,1.0000000000,Solved
GCQeMK,11,4,4.0000000000,-0.0000000000,1.0000000000,Solved
GCQeMS,11,4,3.9999999998,-0.0000000002,0.9999999999,Solved
GCQeM[,12,4,3.9999999998,-0.0000000002,0.9999999999,Solved
GCQeMo,11,4,4.0000000002,0.0000000002,1.0000000001,Solved
GCQeMs,12,4,3.9999999999,-0.0000000001,1.0000000000,Solved
GCQeNC,11,4,4.0000000004,0.0000000004,1.0000000001,Solved
GCQeNK,12,4,3.9999999998,-0.0000000002,1.0000000000,Solved
GCQeNO,11,4,3.9999999994,-0.0000000006,0.9999999999,Solved
GCQeNS,12,4,3.9999999990,-0.0000000010,0.9999999997,Solved
GCQeNW,12,4,3.9999999998,-0.0000000002,0.9999999999,Solved
GCQeN[,13,4,3.9999999994,-0.0000000006,0.9999999999,Solved
GCQeN_,11,4,3.9999999999,-0.0000000001,1.0000000000,Solved
GCQeNc,12,4,3.9999999999,-0.0000000001,1.0000000000,Solved
GCQeNg,12,4,3.9999999997,-0.0000000003,0.9999999999,Solved
GCQeNk,13,4,3.9999999982,-0.0000000018,0.9999999996,Solved
GCQeNo,12,4,3.9999999994,-0.0000000006,0.9999999998,Solved
GCQeNs,13,4,3.9999999998,-0.0000000002,0.9999999999,Solved
GCQeNw,13,4,3.9999999999,-0.0000000001,1.0000000000,Solved
GCQeN{,14,4,3.9999999998,-0.0000000002,1.0000000000,Solved
GCQePk,11,3,3.0000000012,0.0000000012,1.0000000004,Solved
GCQeQW,10,4,3.9999999992,-0.0000000008,0.9999999998,Solved
GCQeQ[,11,3,3.0000000004,0.0000000004,1.0000000001,Solved
GCQeQk,11,4,3.9999999998,-0.0000000002,1.0000000000,Solved
GCQeQw,11,3,3.2360679810,0.2360679810,1.0786893270,Solved
GCQeQ{,12,3,3.0000000002,0.0000000002,1.0000000001,Solved
GCQeRG,10,3,3.0000000004,0.0000000004,1.0000000001,Solved
GCQeRK,11,3,3.0000000002,0.0000000002,1.0000000001,Solved
GCQeRW,11,3,3.0000000009,0.0000000009,1.0000000003,Solved
GCQeR[,12,3,3.0000000021,0.0000000021,1.0000000007,Solved
GCQeRg,11,3,3.0000000002,0.0000000002,1.0000000001,Solved
GCQeRk,12,3,3.0000000014,0.0000000014,1.0000000005,Solved
GCQeRo,11,3,3.1965575952,0.1965575952,1.0655191984,Solved
GCQeRs,12,3,3.0000000001,0.0000000001,1.0000000000,Solved
GCQeRw,12,3,3.0000000002,0.0000000002,1.0000000001,Solved
GCQeR{,13,3,2.9999999997,-0.0000000003,0.9999999999,Solved
GCQeTg,11,3,3.0000000034,0.0000000034,1.0000000011,Solved
GCQeTk,12,3,3.0000000002,0.0000000002,1.0000000001,Solved
GCQeUS,11,3,3.0000000005,0.0000000005,1.0000000002,Solved
GCQeUW,11,4,3.9999999992,-0.0000000008,0.9999999998,Solved
GCQeU[,12,3,3.0000000001,0.0000000001,1.0000000000,Solved
GCQeUg,11,3,3.0000000023,0.0000000023,1.0000000008,Solved
GCQeUk,12,3,3.0000000005,0.0000000005,1.0000000002,Solved
GCQeUs,12,3,3.0000000001,0.0000000001,1.0000000000,Solved
GCQeUw,12,3,3.0000000008,0.0000000008,1.0000000003,Solved
GCQeU{,13,3,3.0000000002,0.0000000002,1.0000000001,Solved
GCQeVG,11,3,3.0000000008,0.0000000008,1.0000000003,Solved
GCQeVK,12,3,3.0000000017,0.0000000017,1.0000000006,Solved
GCQeVO,11,4,3.9999999989,-0.0000000011,0.9999999997,Solved
GCQeVS,12,3,3.0000000002,0.0000000002,1.0000000001,Solved
GCQeVW,12,3,3.0000000005,0.0000000005,1.0000000002,Solved
GCQeV[,13,3,3.0000000013,0.0000000013,1.0000000004,Solved
GCQeV_,11,3,3.0000000014,0.0000000014,1.0000000005,Solved
GCQeVc,12,3,3.0000000024,0.0000000024,1.0000000008,Solved
GCQeVg,12,3,3.0000000010,0.0000000010,1.0000000003,Solved
GCQeVk,13,3,3.0000000001,0.0000000001,1.0000000000,Solved
GCQeVo,12,3,3.0000000006,0.0000000006,1.0000000002,Solved
GCQeVs,13,3,3.0000000006,0.0000000006,1.0000000002,Solved
GCQeVw,13,3,3.0000000056,0.0000000056,1.0000000019,Solved
GCQeV{,14,3,3.0000000004,0.0000000004,1.0000000001,Solved
GCQe\k,13,3,3.0000000008,0.0000000008,1.0000000003,Solved
GCQe][,13,3,3.0000000001,0.0000000001,1.0000000000,Solved
GCQe^K,13,3,3.0000000026,0.0000000026,1.0000000009,Solved
GCQe^W,13,3,3.0000000014,0.0000000014,1.0000000005,Solved
GCQe^[,14,3,3.0000000010,0.0000000010,1.0000000003,Solved
GCQe^g,13,3,3.0000000021,0.0000000021,1.0000000007,Solved
GCQe^k,14,3,3.0000000008,0.0000000008,1.0000000003,Solved
GCQe^o,13,3,3.0000000001,0.0000000001,1.0000000000,Solved
GCQe^s,14,3,3.0000000015,0.0000000015,1.0000000005,Solved
GCQe^w,14,3,3.0000000015,0.0000000015,1.0000000005,Solved
GCQe^{,15,3,3.0000000001,0.0000000001,1.0000000000,Solved
GCQeag,10,4,4.0000000004,0.0000000004,1.0000000001,Solved
GCQebW,11,3,3.0000000006,0.0000000006,1.0000000002,Solved
GCQebg,11,3,3.0000000008,0.0000000008,1.0000000003,Solved
GCQebo,11,3,3.0000000003,0.0000000003,1.0000000001,Solved
GCQebw,12,3,3.0000000005,0.0000000005,1.0000000002,Solved
GCQedS,11,4,4.0000000006,0.0000000006,1.0000000001,Solved
GCQedc,11,3,3.0000000001,0.0000000001,1.0000000000,Solved
GCQeds,12,3,3.0000000001,0.0000000001,1.0000000000,Solved
GCQedw,12,3,3.0000000001,0.0000000001,1.0000000000,Solved
GCQeeK,11,4,3.9999999987,-0.0000000013,0.9999999997,Solved
GCQeeS,11,3,3.0000000007,0.0000000007,1.0000000002,Solved
GCQeeW,11,3,3.0000000005,0.0000000005,1.0000000002,Solved
GCQeec,11,3,3.0000000001,0.0000000001,1.0000000000,Solved
GCQeek,12,3,3.0000000003,0.0000000003,1.0000000001,Solved
GCQeeo,11,3,3.0000000029,0.0000000029,1.0000000010,Solved
GCQees,12,3,3.0000000002,0.0000000002,1.0000000001,Solved
GCQeew,12,3,3.0000000007,0.0000000007,1.0000000002,Solved
GCQefC,11,4,4.0000000001,0.0000000001,1.0000000000,Solved
GCQefK,12,3,3.0000000009,0.0000000009,1.0000000003,Solved
GCQefO,11,3,3.0000000015,0.0000000015,1.0000000005,Solved
GCQefS,12,3,3.0000000003,0.0000000003,1.0000000001,Solved
GCQefW,12,3,3.0000000010,0.0000000010,1.0000000003,Solved
GCQef[,13,3,3.0000000001,0.0000000001,1.0000000000,Solved
GCQefc,12,3,3.0000000001,0.0000000001,1.0000000000,Solved
GCQefg,12,3,3.0000000010,0.0000000010,1.0000000003,Solved
GCQefk,13,3,3.0000000001,0.0000000001,1.0000000000,Solved
GCQefo,12,3,3.0000000001,0.0000000001,1.0000000000,Solved
GCQefs,13,3,3.0000000023,0.0000000023,1.0000000008,Solved
GCQefw,13,3,3.0000000002,0.0000000002,1.0000000001,Solved
GCQef{,14,3,3.0000000003,0.0000000003,1.0000000001,Solved
GCQerW,12,3,3.0000000005,0.0000000005,1.0000000002,Solved
GCQer[,13,3,3.0000000000,0.0000000000,1.0000000000,Solved
GCQerg,12,3,3.0000000001,0.0000000001,1.0000000000,Solved
GCQerk,13,3,3.0000000003,0.0000000003,1.0000000001,Solved
GCQerw,13,3,3.0000000002,0.0000000002,1.0000000001,Solved
GCQer{,14,3,3.0000000002,0.0000000002,1.0000000001,Solved
GCQetk,13,3,3.0000000006,0.0000000006,1.0000000002,Solved
GCQeu[,13,3,3.0000000018,0.0000000018,1.0000000006,Solved
GCQeuk,13,3,3.0000000012,0.0000000012,1.0000000004,Solved
GCQeus,13,3,3.0000000006,0.0000000006,1.0000000002,Solved
GCQeuw,13,3,3.0000000036,0.0000000036,1.0000000012,Solved
GCQeu{,14,3,3.0000000001,0.0000000001,1.0000000000,Solved
GCQevK,13,3,3.0000000018,0.0000000018,1.0000000006,Solved
GCQevW,13,3,3.0000000000,-0.0000000000,1.0000000000,Solved
GCQev[,14,3,3.0000000001,0.0000000001,1.0000000000,Solved
GCQevc,13,3,3.0000000035,0.0000000035,1.0000000012,Solved
GCQevg,13,3,3.0000000002,0.0000000002,1.0000000001,Solved
GCQevk,14,3,3.0000000002,0.0000000002,1.0000000001,Solved
GCQevo,13,3,3.0000000050,0.0000000050,1.0000000017,Solved
GCQevs,14,3,3.0000000013,0.0000000013,1.0000000004,Solved
GCQevw,14,3,3.0000000003,0.0000000003,1.0000000001,Solved
GCQev{,15,3,3.0000000001,0.0000000001,1.0000000000,Solved
GCQf?{,11,4,4.0000000001,0.0000000001,1.0000000000,Solved
GCQf@[,11,4,3.9999999999,-0.0000000001,1.0000000000,Solved
GCQf@k,11,4,4.0000000001,0.0000000001,1.0000000000,Solved
GCQf@w,11,4,3.9999999996,-0.0000000004,0.9999999999,Solved
GCQf@{,12,4,3.9999999997,-0.0000000003,0.9999999999,Solved
GCQfAW,10,4,3.9999999994,-0.0000000006,0.9999999998,Solved
GCQfAk,11,4,4.0000000002,0.0000000002,1.0000000000,Solved
GCQfAw,11,4,3.9999999999,-0.0000000001,1.0000000000,Solved
GCQfA{,12,4,3.9999999997,-0.0000000003,0.9999999999,Solved
GCQfBK,11,4,4.0000000000,-0.0000000000,1.0000000000,Solved
GCQfBW,11,4,3.9999999995,-0.0000000005,0.9999999999,Solved
GCQfB[,12,4,3.9999999999,-0.0000000001,1.0000000000,Solved
GCQfBg,11,4,3.9999999978,-0.0000000022,0.9999999994,Solved
GCQfBk,12,4,3.9999999997,-0.0000000003,0.9999999999,Solved
GCQfBo,11,4,3.9999999996,-0.0000000004,0.9999999999,Solved
GCQfBs,12,4,3.9999999996,-0.0000000004,0.9999999999,Solved
GCQfBw,12,4,3.9999999998,-0.0000000002,1.0000000000,Solved
GCQfB{,13,4,3.9999999998,-0.0000000002,0.9999999999,Solved
GCQfCw,11,4,4.0000000001,0.0000000001,1.0000000000,Solved
GCQfC{,12,4,3.9999999994,-0.0000000006,0.9999999998,Solved
GCQfDS,11,4,4.0000000000,0.0000000000,1.0000000000,Solved
GCQfDW,11,4,3.9999999991,-0.0000000009,0.9999999998,Solved
GCQfD[,12,4,4.0000000001,0.0000000001,1.0000000000,Solved
GCQfDg,11,4,3.9999999983,-0.0000000017,0.9999999996,Solved
GCQfDk,12,4,3.9999999987,-0.0000000013,0.9999999997,Solved
GCQfDo,11,4,3.9999999992,-0.0000000008,0.9999999998,Solved
GCQfDs,12,4,3.9999999988,-0.0000000012,0.9999999997,Solved
GCQfDw,12,4,3.9999999998,-0.0000000002,0.9999999999,Solved
GCQfD{,13,4,4.0000000000,0.0000000000,1.0000000000,Solved
GCQfES,11,4,3.9999999990,-0.0000000010,0.9999999998,Solved
GCQfEW,11,4,3.9999999997,-0.0000000003,0.9999999999,Solved
GCQfE[,12,4,3.9999999993,-0.0000000007,0.9999999998,Solved
GCQfEg,11,4,3.9999999980,-0.0000000020,0.9999999995,Solved
GCQfEk,12,4,3.9999999990,-0.0000000010,0.9999999997,Solved
GCQfEo,11,4,4.0000000003,0.0000000003,1.0000000001,Solved
GCQfEs,12,4,3.9999999983,-0.0000000017,0.9999999996,Solved
GCQfEw,12,4,3.9999999999,-0.0000000001,1.0000000000,Solved
GCQfE{,13,4,4.0000000000,-0.0000000000,1.0000000000,Solved
GCQfFC,11,4,4.0000000002,0.0000000002,1.0000000001,Solved
GCQfFG,11,4,4.0000000002,0.0000000002,1.0000000001,Solved
GCQfFK,12,4,3.9999999996,-0.0000000004,0.9999999999,Solved
GCQfFO,11,4,4.0000000002,0.0000000002,1.0000000001,Solved
GCQfFS,12,4,3.9999999996,-0.0000000004,0.9999999999,Solved
GCQfFW,12,4,4.0000000004,0.0000000004,1.0000000001,Solved
GCQfF[,13,4,3.9999999996,-0.0000000004,0.9999999999,Solved
GCQfFc,12,4,3.9999999999,-0.0000000001,1.0000000000,Solved
GCQfFg,12,4,3.9999999988,-0.0000000012,0.9999999997,Solved
GCQfFk,13,4,3.9999999997,-0.0000000003,0.9999999999,Solved
GCQfFo,12,4,3.9999999999,-0.0000000001,1.0000000000,Solved
GCQfFs,13,4,3.9999999995,-0.0000000005,0.9999999999,Solved
GCQfFw,13,4,3.9999999993,-0.0000000007,0.9999999998,Solved
GCQfF{,14,4,3.9999999998,-0.0000000002,1.0000000000,Solved
GCQfJw,13,3,3.0000000018,0.0000000018,1.0000000006,Solved
GCQfJ{,14,3,3.0000000054,0.0000000054,1.0000000018,Solved
GCQfK{,13,3,3.0000000026,0.0000000026,1.0000000009,Solved
GCQfL[,13,3,3.0000000001,0.0000000001,1.0000000000,Solved
GCQfLk,13,3,3.0000000006,0.0000000006,1.0000000002,Solved
GCQfLw,13,3,3.0000000014,0.0000000014,1.0000000005,Solved
GCQfL{,14,3,3.0000000052,0.0000000052,1.0000000017,Solved
GCQfMk,13,3,3.0000000009,0.0000000009,1.0000000003,Solved
GCQfMw,13,3,3.0000000014,0.0000000014,1.0000000005,Solved
GCQfM{,14,3,3.0000000009,0.0000000009,1.0000000003,Solved
GCQfNK,13,3,3.0000000003,0.0000000003,1.0000000001,Solved
GCQfNW,13,3,3.0000000007,0.0000000007,1.0000000002,Solved
GCQfN[,14,3,3.0000000025,0.0000000025,1.0000000008,Solved
GCQfNg,13,3,3.0000000000,0.0000000000,1.0000000000,Solved
GCQfNk,14,3,3.0000000060,0.0000000060,1.0000000020,Solved
GCQfNo,13,3,3.0000000011,0.0000000011,1.0000000004,Solved
GCQfNs,14,3,3.0000000004,0.0000000004,1.0000000001,Solved
GCQfNw,14,3,3.0000000003,0.0000000003,1.0000000001,Solved
GCQfN{,15,3,3.0000000019,0.0000000019,1.0000000006,Solved
GCQfQw,12,3,3.1965575939,0.1965575939,1.0655191980,Solved
GCQfQ{,13,3,3.0000000001,0.0000000001,1.0000000000,Solved
GCQfRW,12,3,3.0000000004,0.0000000004,1.0000000001,Solved
GCQfR[,13,3,3.0000000041,0.0000000041,1.0000000014,Solved
GCQfRg,12,3,3.0000000054,0.0000000054,1.0000000018,Solved
GCQfRk,13,3,3.0000000005,0.0000000005,1.0000000002,Solved
GCQfRw,13,3,3.0000000006,0.0000000006,1.0000000002,Solved
GCQfR{,14,3,3.0000000018,0.0000000018,1.0000000006,Solved
GCQfTk,13,3,3.0000000007,0.0000000007,1.0000000002,Solved
GCQfU[,13,3,3.0000000001,0.0000000001,1.0000000000,Solved
GCQfUk,13,3,3.0000000016,0.0000000016,1.0000000005,Solved
GCQfUs,13,3,3.0000000027,0.0000000027,1.0000000009,Solved
GCQfUw,13,3,3.0000000010,0.0000000010,1.0000000003,Solved
GCQfU{,14,3,3.0000000014,0.0000000014,1.0000000005,Solved
GCQfVK,13,3,3.0000000012,0.0000000012,1.0000000004,Solved
GCQfVS,13,3,3.0000000002,0.0000000002,1.0000000001,Solved
GCQfVW,13,3,3.0000000005,0.0000000005,1.0000000002,Solved
GCQfV[,14,3,3.0000000002,0.0000000002,1.0000000001,Solved
GCQfVc,13,3,3.0000000010,0.0000000010,1.0000000003,Solved
GCQfVg,13,3,3.0000000021,0.0000000021,1.0000000007,Solved
GCQfVk,14,3,3.0000000012,0.0000000012,1.0000000004,Solved
GCQfVo,13,3,3.0000000005,0.0000000005,1.0000000002,Solved
GCQfVs,14,3,3.0000000005,0.0000000005,1.0000000002,Solved
GCQfVw,14,3,3.0000000014,0.0000000014,1.0000000005,Solved
GCQfV{,15,3,3.0000000035,0.0000000035,1.0000000012,Solved
GCQf]w,14,3,3.0000000005,0.0000000005,1.0000000002,Solved
GCQf]{,15,3,3.0000000008,0.0000000008,1.0000000003,Solved
GCQf^W,14,3,3.0000000017,0.0000000017,1.0000000006,Solved
GCQf^[,15,3,2.9999999999,-0.0000000001,1.0000000000,Solved
GCQf^g,14,3,3.0000000024,0.0000000024,1.0000000008,Solved
GCQf^k,15,3,3.0000000015,0.0000000015,1.0000000005,Solved
GCQf^w,15,3,3.0000000019,0.0000000019,1.0000000006,Solved
GCQf^{,16,3,3.0000000002,0.0000000002,1.0000000001,Solved
GCQf`w,12,3,3.0000000000,0.0000000000,1.0000000000,Solved
GCQf`{,13,3,3.0000000007,0.0000000007,1.0000000002,Solved
GCQfbg,12,3,3.0000000002,0.0000000002,1.0000000001,Solved
GCQfbk,13,3,3.0000000014,0.0000000014,1.0000000005,Solved
GCQfbw,13,3,3.0000000008,0.0000000008,1.0000000003,Solved
GCQfb{,14,3,3.0000000004,0.0000000004,1.0000000001,Solved
GCQfc{,13,3,3.0000000002,0.0000000002,1.0000000001,Solved
GCQfd[,13,3,3.0000000016,0.0000000016,1.0000000005,Solved
GCQfdk,13,3,3.0000000013,0.0000000013,1.0000000004,Solved
GCQfds,13,3,3.0000000002,0.0000000002,1.0000000001,Solved
GCQfdw,13,3,3.0000000012,0.0000000012,1.0000000004,Solved
GCQfd{,14,3,3.0000000009,0.0000000009,1.0000000003,Solved
GCQfe[,13,3,3.0000000042,0.0000000042,1.0000000014,Solved
GCQfek,13,3,3.0000000013,0.0000000013,1.0000000004,Solved
GCQfew,13,3,3.0000000034,0.0000000034,1.0000000011,Solved
GCQfe{,14,3,3.0000000002,0.0000000002,1.0000000001,Solved
GCQffK,13,3,3.0000000002,0.0000000002,1.0000000001,Solved
GCQffW,13,3,3.0000000036,0.0000000036,1.0000000012,Solved
GCQff[,14,3,3.0000000003,0.0000000003,1.0000000001,Solved
GCQffc,13,3,3.0000000002,0.0000000002,1.0000000001,Solved
GCQffg,13,3,3.0000000009,0.0000000009,1.0000000003,Solved
GCQffk,14,3,3.0000000007,0.0000000007,1.0000000002,Solved
GCQffo,13,3,3.0000000004,0.0000000004,1.0000000001,Solved
GCQffs,14,3,3.0000000003,0.0000000003,1.0000000001,Solved
GCQffw,14,3,3.0000000002,0.0000000002,1.0000000001,Solved
GCQff{,15,3,3.0000000007,0.0000000007,1.0000000002,Solved
GCQflw,14,3,3.0000000034,0.0000000034,1.0000000011,Solved
GCQfl{,15,3,3.0000000018,0.0000000018,1.0000000006,Solved
GCQfng,14,3,3.0000000002,0.0000000002,1.0000000001,Solved
GCQfnk,15,3,3.0000000014,0.0000000014,1.0000000005,Solved
GCQfnw,15,3,3.0000000029,0.0000000029,1.0000000010,Solved
GCQfn{,16,3,3.0000000003,0.0000000003,1.0000000001,Solved
GCQfrw,14,3,3.0000000001,0.0000000001,1.0000000000,Solved
GCQfr{,15,3,3.0000000005,0.0000000005,1.0000000002,Solved
GCQfuw,14,3,3.0000000007,0.0000000007,1.0000000002,Solved
GCQfu{,15,3,3.0000000014,0.0000000014,1.0000000005,Solved
GCQfvW,14,3,3.0000000002,0.0000000002,1.0000000001,Solved
GCQfv[,15,3,3.0000000014,0.0000000014,1.0000000005,Solved
GCQfvg,14,3,3.0000000001,0.0000000001,1.0000000000,Solved
GCQfvk,15,3,3.0000000014,0.0000000014,1.0000000005,Solved
GCQfvo,14,3,3.0000000017,0.0000000017,1.0000000006,Solved
GCQfvs,15,3,3.0000000002,0.0000000002,1.0000000001,Solved
GCQfvw,15,3,3.0000000023,0.0000000023,1.0000000008,Solved
GCQfv{,16,3,3.0000000001,0.0000000001,1.0000000000,Solved
GCQf~w,16,3,3.0000000000,-0.0000000000,1.0000000000,Solved
GCQf~{,17,3,3.0000000000,-0.0000000000,1.0000000000,Solved
GCQrRW,12,3,3.0000000004,0.0000000004,1.0000000001,Solved
GCQrSk,12,3,3.0000000003,0.0000000003,1.0000000001,Solved
GCQrTK,12,3,3.0000000001,0.0000000001,1.0000000000,Solved
GCQrTg,12,3,3.0000000001,0.0000000001,1.0000000000,Solved
GCQrTk,13,3,3.0000000003,0.0000000003,1.0000000001,Solved
GCQrUK,12,4,3.9999999995,-0.0000000005,0.9999999999,Solved
GCQrUW,12,3,3.0000000084,0.0000000084,1.0000000028,Solved
GCQrU_,11,3,2.9999999997,-0.0000000003,0.9999999999,Solved
GCQrUg,12,3,3.0000000006,0.0000000006,1.0000000002,Solved
GCQrUk,13,3,3.0000000020,0.0000000020,1.0000000007,Solved
GCQrUo,12,3,3.0000000038,0.0000000038,1.0000000013,Solved
GCQrUw,13,3,3.0000000003,0.0000000003,1.0000000001,Solved
GCQrU{,14,3,2.9999999994,-0.0000000006,0.9999999998,Solved
GCQrV?,11,3,3.0000000002,0.0000000002,1.0000000001,Solved
GCQrVG,12,3,3.0000000007,0.0000000007,1.0000000002,Solved
GCQrVK,13,3,3.0000000010,0.0000000010,1.0000000003,Solved
GCQrVW,13,3,3.0000000010,0.0000000010,1.0000000003,Solved
GCQrV_,12,3,3.0000000006,0.0000000006,1.0000000002,Solved
GCQrVg,13,3,3.0000000001,0.0000000001,1.0000000000,Solved
GCQrVk,14,3,3.0000000025,0.0000000025,1.0000000008,Solved
GCQrVo,13,3,3.0000000015,0.0000000015,1.0000000005,Solved
GCQrVw,14,3,3.0000000015,0.0000000015,1.0000000005,Solved
GCQrV{,15,3,3.0000000001,0.0000000001,1.0000000000,Solved
GCQr\k,14,3,3.0000000000,-0.0000000000,1.0000000000,Solved
GCQr]k,14,3,3.0000000029,0.0000000029,1.0000000010,Solved
GCQr]w,14,3,3.0000000005,0.0000000005,1.0000000002,Solved
GCQr]{,15,3,3.0000000018,0.0000000018,1.0000000006,Solved
GCQr^K,14,3,3.0000000008,0.0000000008,1.0000000003,Solved
GCQr^W,14,3,3.0000000028,0.0000000028,1.0000000009,Solved
GCQr^g,14,3,3.0000000007,0.0000000007,1.0000000002,Solved
GCQr^k,15,3,3.0000000003,0.0000000003,1.0000000001,Solved
GCQr^o,14,3,2.9999999999,-0.0000000001,1.0000000000,Solved
GCQr^w,15,3,3.0000000008,0.0000000008,1.0000000003,Solved
GCQr^{,16,3,2.9999999998,-0.0000000002,0.9999999999,Solved
GCQta[,12,3,3.0000000046,0.0000000046,1.0000000015,Solved
GCQtbK,12,3,3.0000000035,0.0000000035,1.0000000012,Solved
GCQtb[,13,3,3.0000000026,0.0000000026,1.0000000009,Solved
GCQteK,12,4,3.9999999993,-0.0000000007,0.9999999998,Solved
GCQteW,12,3,3.0000000008,0.0000000008,1.0000000003,Solved
GCQte[,13,3,3.0000000024,0.0000000024,1.0000000008,Solved
GCQtek,13,3,3.0000000010,0.0000000010,1.0000000003,Solved
GCQteo,12,3,3.0000000034,0.0000000034,1.0000000011,Solved
GCQtew,13,3,3.0000000018,0.0000000018,1.0000000006,Solved
GCQte{,14,3,3.0000000008,0.0000000008,1.0000000003,Solved
GCQtfG,12,3,3.0000000001,0.0000000001,1.0000000000,Solved
GCQtfK,13,3,3.0000000016,0.0000000016,1.0000000005,Solved
GCQtfW,13,3,3.0000000048,0.0000000048,1.0000000016,Solved
GCQtf[,14,3,3.0000000004,0.0000000004,1.0000000001,Solved
GCQtfg,13,3,3.0000000019,0.0000000019,1.0000000006,Solved
GCQtfk,14,3,3.0000000003,0.0000000003,1.0000000001,Solved
GCQtfo,13,3,3.0000000023,0.0000000023,1.0000000008,Solved
GCQtfw,14,3,3.0000000001,0.0000000001,1.0000000000,Solved
GCQtf{,15,3,3.0000000037,0.0000000037,1.0000000012,Solved
GCQtm[,14,3,3.0000000007,0.0000000007,1.0000000002,Solved
GCQtmk,14,3,3.0000000016,0.0000000016,1.0000000005,Solved
GCQtmw,14,3,3.0000000012,0.0000000012,1.0000000004,Solved
GCQtm{,15,3,3.0000000008,0.0000000008,1.0000000003,Solved
GCQtn[,15,3,3.0000000002,0.0000000002,1.0000000001,Solved
GCQtng,14,3,3.0000000003,0.0000000003,1.0000000001,Solved
GCQtnk,15,3,3.0000000001,0.0000000001,1.0000000000,Solved
GCQtno,14,3,3.0000000003,0.0000000003,1.0000000001,Solved
GCQtnw,15,3,3.0000000002,0.0000000002,1.0000000001,Solved
GCQtn{,16,3,3.0000000001,0.0000000001,1.0000000000,Solved
GCQuPk,12,3,3.0000000013,0.0000000013,1.0000000004,Solved
GCQuQ[,12,3,3.0000000018,0.0000000018,1.0000000006,Solved
GCQuQk,12,4,3.9999999982,-0.0000000018,0.9999999996,Solved
GCQuQo,11,3,3.2360679777,0.2360679777,1.0786893259,Solved
GCQuQs,12,3,3.0000000000,0.0000000000,1.0000000000,Solved
GCQuQw,12,3,3.2360679799,0.2360679799,1.0786893266,Solved
GCQuQ{,13,3,3.0000000019,0.0000000019,1.0000000006,Solved
GCQuRK,12,3,3.0000000008,0.0000000008,1.0000000003,Solved
GCQuRW,12,3,3.0000000015,0.0000000015,1.0000000005,Solved
GCQuR[,13,3,3.0000000007,0.0000000007,1.0000000002,Solved
GCQuRg,12,3,3.0000000024,0.0000000024,1.0000000008,Solved
GCQuRk,13,3,3.0000000017,0.0000000017,1.0000000006,Solved
GCQuRo,12,3,3.0000000052,0.0000000052,1.0000000017,Solved
GCQuRs,13,3,3.0000000032,0.0000000032,1.0000000011,Solved
GCQuRw,13,3,3.0000000014,0.0000000014,1.0000000005,Solved
GCQuR{,14,3,3.0000000025,0.0000000025,1.0000000008,Solved
GCQuSk,12,3,3.0000000010,0.0000000010,1.0000000003,Solved
GCQuTK,12,3,3.0000000014,0.0000000014,1.0000000005,Solved
GCQuTk,13,3,3.0000000004,0.0000000004,1.0000000001,Solved
GCQuUK,12,4,3.9999999997,-0.0000000003,0.9999999999,Solved
GCQuUS,12,3,3.0000000027,0.0000000027,1.0000000009,Solved
GCQuUW,12,4,3.9999999992,-0.0000000008,0.9999999998,Solved
GCQuU[,13,3,3.0000000003,0.0000000003,1.0000000001,Solved
GCQuUg,12,3,3.0000000003,0.0000000003,1.0000000001,Solved
GCQuUk,13,3,3.0000000019,0.0000000019,1.0000000006,Solved
GCQuUo,12,3,3.0000000041,0.0000000041,1.0000000014,Solved
GCQuUs,13,3,3.0000000013,0.0000000013,1.0000000004,Solved
GCQuUw,13,3,3.0000000023,0.0000000023,1.0000000008,Solved
GCQuU{,14,3,3.0000000021,0.0000000021,1.0000000007,Solved
GCQuVG,12,3,3.0000000025,0.0000000025,1.0000000008,Solved
GCQuVK,13,3,3.0000000006,0.0000000006,1.0000000002,Solved
GCQuVO,12,3,3.0000000001,0.0000000001,1.0000000000,Solved
GCQuVS,13,3,3.0000000003,0.0000000003,1.0000000001,Solved
GCQuVW,13,3,3.0000000015,0.0000000015,1.0000000005,Solved
GCQuV[,14,3,3.0000000006,0.0000000006,1.0000000002,Solved
GCQuVc,13,3,3.0000000023,0.0000000023,1.0000000008,Solved
GCQuVg,13,3,3.0000000018,0.0000000018,1.0000000006,Solved
GCQuVk,14,3,3.0000000007,0.0000000007,1.0000000002,Solved
GCQuVo,13,3,3.0000000032,0.0000000032,1.0000000011,Solved
GCQuVs,14,3,3.0000000028,0.0000000028,1.0000000009,Solved
GCQuVw,14,3,3.0000000003,0.0000000003,1.0000000001,Solved
GCQuV{,15,3,3.0000000001,0.0000000001,1.0000000000,Solved
GCQuY{,14,3,3.0000000004,0.0000000004,1.0000000001,Solved
GCQuZs,14,3,3.0000000008,0.0000000008,1.0000000003,Solved
GCQuZw,14,3,3.0000000013,0.0000000013,1.0000000004,Solved
GCQuZ{,15,3,3.0000000007,0.0000000007,1.0000000002,Solved
GCQu][,14,3,3.0000000013,0.0000000013,1.0000000004,Solved
GCQu]s,14,3,3.0000000010,0.0000000010,1.0000000003,Solved
GCQu]w,14,3,3.0000000006,0.0000000006,1.0000000002,Solved
GCQu]{,15,3,3.0000000004,0.0000000004,1.0000000001,Solved
GCQu^S,14,3,3.0000000019,0.0000000019,1.0000000006,Solved
GCQu^W,14,3,3.0000000007,0.0000000007,1.0000000002,Solved
GCQu^[,15,3,3.0000000004,0.0000000004,1.0000000001,Solved
GCQu^c,14,3,3.0000000006,0.0000000006,1.0000000002,Solved
GCQu^g,14,3,3.0000000003,0.0000000003,1.0000000001,Solved
GCQu^k,15,3,3.0000000010,0.0000000010,1.0000000003,Solved
GCQu^o,14,3,3.0000000031,0.0000000031,1.0000000010,Solved
GCQu^s,15,3,3.0000000006,0.0000000006,1.0000000002,Solved
GCQu^w,15,3,3.0000000005,0.0000000005,1.0000000002,Solved
GCQu^{,16,3,3.0000000004,0.0000000004,1.0000000001,Solved
GCQu`[,12,3,3.0000000003,0.0000000003,1.0000000001,Solved
GCQua[,12,3,3.0000000011,0.0000000011,1.0000000004,Solved
GCQubK,12,3,3.0000000010,0.0000000010,1.0000000003,Solved
GCQub[,13,3,3.0000000018,0.0000000018,1.0000000006,Solved
GCQuc[,12,4,3.9999999982,-0.0000000018,0.9999999995,Solved
GCQuck,12,3,3.0000000000,-0.0000000000,1.0000000000,Solved
GCQucs,12,3,3.0000000000,0.0000000000,1.0000000000,Solved
GCQucw,12,3,3.2360679777,0.2360679777,1.0786893259,Solved
GCQuc{,13,3,3.0000000001,0.0000000001,1.0000000000,Solved
GCQud[,13,3,3.0000000001,0.0000000001,1.0000000000,Solved
GCQudc,12,3,3.0000000000,0.0000000000,1.0000000000,Solved
GCQudk,13,3,3.0000000051,0.0000000051,1.0000000017,Solved
GCQudo,12,3,3.2360679799,0.2360679799,1.0786893266,Solved
GCQuds,13,3,3.0000000014,0.0000000014,1.0000000005,Solved
GCQudw,13,3,3.0000000011,0.0000000011,1.0000000004,Solved
GCQud{,14,3,3.0000000019,0.0000000019,1.0000000006,Solved
GCQueK,12,4,3.9999999998,-0.0000000002,1.0000000000,Solved
GCQueS,12,3,3.0000000067,0.0000000067,1.0000000022,Solved
GCQue[,13,3,3.0000000008,0.0000000008,1.0000000003,Solved
GCQuec,12,3,3.0000000001,0.0000000001,1.0000000000,Solved
GCQuek,13,3,3.0000000000,0.0000000000,1.0000000000,Solved
GCQues,13,3,3.0000000006,0.0000000006,1.0000000002,Solved
GCQuew,13,3,3.0000000002,0.0000000002,1.0000000001,Solved
GCQue{,14,3,3.0000000035,0.0000000035,1.0000000012,Solved
GCQufK,13,3,3.0000000000,0.0000000000,1.0000000000,Solved
GCQufS,13,3,3.0000000014,0.0000000014,1.0000000005,Solved
GCQufW,13,3,3.0000000004,0.0000000004,1.0000000001,Solved
GCQuf[,14,3,3.0000000017,0.0000000017,1.0000000006,Solved
GCQufc,13,3,3.0000000000,0.0000000000,1.0000000000,Solved
GCQufg,13,3,3.0000000002,0.0000000002,1.0000000001,Solved
GCQufk,14,3,3.0000000036,0.0000000036,1.0000000012,Solved
GCQufo,13,3,3.0000000000,0.0000000000,1.0000000000,Solved
GCQufs,14,3,3.0000000005,0.0000000005,1.0000000002,Solved
GCQufw,14,3,3.0000000012,0.0000000012,1.0000000004,Solved
GCQuf{,15,3,3.0000000006,0.0000000006,1.0000000002,Solved
GCQuk{,14,3,3.0000000003,0.0000000003,1.0000000001,Solved
GCQuls,14,3,3.0000000025,0.0000000025,1.0000000008,Solved
GCQul{,15,3,3.0000000003,0.0000000003,1.0000000001,Solved
GCQum[,14,3,3.0000000010,0.0000000010,1.0000000003,Solved
GCQumk,14,3,3.0000000002,0.0000000002,1.0000000001,Solved
GCQums,14,3,2.9999999999,-0.0000000001,1.0000000000,Solved
GCQum{,15,3,3.0000000003,0.0000000003,1.0000000001,Solved
GCQun[,15,3,3.0000000005,0.0000000005,1.0000000002,Solved
GCQunc,14,3,3.0000000016,0.0000000016,1.0000000005,Solved
GCQunk,15,3,3.0000000000,0.0000000000,1.0000000000,Solved
GCQuno,14,3,3.0000000002,0.0000000002,1.0000000001,Solved
GCQuns,15,3,3.0000000009,0.0000000009,1.0000000003,Solved
GCQunw,15,3,3.0000000002,0.0000000002,1.0000000001,Solved
GCQun{,16,3,3.0000000004,0.0000000004,1.0000000001,Solved
GCQurW,13,3,3.0000000000,-0.0000000000,1.0000000000,Solved
GCQuus,14,3,2.9999999999,-0.0000000001,1.0000000000,Solved
GCQuuw,14,3,3.0000000010,0.0000000010,1.0000000003,Solved
GCQuu{,15,3,3.0000000001,0.0000000001,1.0000000000,Solved
GCQuvW,14,3,3.0000000014,0.0000000014,1.0000000005,Solved
GCQuv[,15,3,3.0000000026,0.0000000026,1.0000000009,Solved
GCQuvg,14,3,3.0000000001,0.0000000001,1.0000000000,Solved
GCQuvk,15,3,3.0000000007,0.0000000007,1.0000000002,Solved
GCQuvo,14,3,3.0000000017,0.0000000017,1.0000000006,Solved
GCQuvs,15,3,3.0000000001,0.0000000001,1.0000000000,Solved
GCQuvw,15,3,3.0000000000,0.0000000000,1.0000000000,Solved
GCQuv{,16,3,3.0000000001,0.0000000001,1.0000000000,Solved
GCQu}{,16,3,2.9999999998,-0.0000000002,0.9999999999,Solved
GCQu~o,15,3,3.0000000001,0.0000000001,1.0000000000,Solved
GCQu~s,16,3,2.9999999998,-0.0000000002,0.9999999999,Solved
GCQu~w,16,3,2.9999999998,-0.0000000002,0.9999999999,Solved
GCQu~{,17,3,2.9999999999,-0.0000000001,1.0000000000,Solved
GCQv?{,12,4,3.9999999996,-0.0000000004,0.9999999999,Solved
GCQv@[,12,3,3.0000000033,0.0000000033,1.0000000011,Solved
GCQv@k,12,3,3.0000000013,0.0000000013,1.0000000004,Solved
GCQv@s,12,3,3.0000000027,0.0000000027,1.0000000009,Solved
GCQv@{,13,3,3.0000000006,0.0000000006,1.0000000002,Solved
GCQvA[,12,3,3.0000000022,0.0000000022,1.0000000007,Solved
GCQvAk,12,4,3.9999999993,-0.0000000007,0.9999999998,Solved
GCQvAs,12,3,3.0000000030,0.0000000030,1.0000000010,Solved
GCQvAw,12,3,3.0000000016,0.0000000016,1.0000000005,Solved
GCQvA{,13,3,3.0000000047,0.0000000047,1.0000000016,Solved
GCQvBK,12,3,3.0000000004,0.0000000004,1.0000000001,Solved
GCQvBW,12,3,3.0000000002,0.0000000002,1.0000000001,Solved
GCQvB[,13,3,3.0000000009,0.0000000009,1.0000000003,Solved
GCQvBc,12,3,3.0000000020,0.0000000020,1.0000000007,Solved
GCQvBk,13,3,3.0000000041,0.0000000041,1.0000000014,Solved
GCQvBo,12,3,3.0000000001,0.0000000001,1.0000000000,Solved
GCQvBs,13,3,3.0000000033,0.0000000033,1.0000000011,Solved
GCQvBw,13,3,3.0000000016,0.0000000016,1.0000000005,Solved
GCQvB{,14,3,3.0000000000,-0.0000000000,1.0000000000,Solved
GCQvC[,12,4,3.9999999988,-0.0000000012,0.9999999997,Solved
GCQvCk,12,3,3.0000000001,0.0000000001,1.0000000000,Solved
GCQvCs,12,3,3.2360679791,0.2360679791,1.0786893264,Solved
GCQvCw,12,3,3.0000000014,0.0000000014,1.0000000005,Solved
GCQvC{,13,3,3.0000000015,0.0000000015,1.0000000005,Solved
GCQvDK,12,3,3.0000000000,0.0000000000,1.0000000000,Solved
GCQvDS,12,3,3.0000000029,0.0000000029,1.0000000010,Solved
GCQvDW,12,3,3.2360679802,0.2360679802,1.0786893267,Solved
GCQvD[,13,3,3.0000000002,0.0000000002,1.0000000001,Solved
GCQvDg,12,3,3.0000000001,0.0000000001,1.0000000000,Solved
GCQvDk,13,3,3.0000000038,0.0000000038,1.0000000013,Solved
GCQvDs,13,3,3.0000000019,0.0000000019,1.0000000006,Solved
GCQvDw,13,3,3.0000000003,0.0000000003,1.0000000001,Solved
GCQvD{,14,3,3.0000000008,0.0000000008,1.0000000003,Solved
GCQvEK,12,4,3.9999999999,-0.0000000001,1.0000000000,Solved
GCQvES,12,3,3.0000000003,0.0000000003,1.0000000001,Solved
GCQvEW,12,3,3.0000000015,0.0000000015,1.0000000005,Solved
GCQvE[,13,3,3.0000000028,0.0000000028,1.0000000009,Solved
GCQvEc,12,3,3.2360679794,0.2360679794,1.0786893265,Solved
GCQvEk,13,3,3.0000000001,0.0000000001,1.0000000000,Solved
GCQvEs,13,3,3.0000000059,0.0000000059,1.0000000020,Solved
GCQvEw,13,3,3.0000000009,0.0000000009,1.0000000003,Solved
GCQvE{,14,3,3.0000000002,0.0000000002,1.0000000001,Solved
GCQvFC,12,3,3.0000000007,0.0000000007,1.0000000002,Solved
GCQvFG,12,4,3.9999999995,-0.0000000005,0.9999999999,Solved
GCQvFK,13,3,3.0000000018,0.0000000018,1.0000000006,Solved
GCQvFO,12,3,3.0000000010,0.0000000010,1.0000000003,Solved
GCQvFS,13,3,3.0000000033,0.0000000033,1.0000000011,Solved
GCQvFW,13,3,3.0000000000,0.0000000000,1.0000000000,Solved
GCQvF[,14,3,3.0000000019,0.0000000019,1.0000000006,Solved
GCQvFc,13,3,3.0000000007,0.0000000007,1.0000000002,Solved
GCQvFg,13,3,3.0000000020,0.0000000020,1.0000000007,Solved
GCQvFk,14,3,3.0000000005,0.0000000005,1.0000000002,Solved
GCQvFo,13,3,3.0000000001,0.0000000001,1.0000000000,Solved
GCQvFs,14,3,3.0000000002,0.0000000002,1.0000000001,Solved
GCQvFw,14,3,3.0000000010,0.0000000010,1.0000000003,Solved
GCQvF{,15,3,3.0000000019,0.0000000019,1.0000000006,Solved
GCQvQw,13,3,3.0000000038,0.0000000038,1.0000000013,Solved
GCQvRW,13,3,3.0000000006,0.0000000006,1.0000000002,Solved
GCQvRg,13,3,3.0000000011,0.0000000011,1.0000000004,Solved
GCQvRo,13,3,3.0000000043,0.0000000043,1.0000000014,Solved
GCQvRs,14,3,3.0000000006,0.0000000006,1.0000000002,Solved
GCQvRw,14,3,3.0000000010,0.0000000010,1.0000000003,Solved
GCQvR{,15,3,3.0000000007,0.0000000007,1.0000000002,Solved
GCQvTk,14,3,3.0000000002,0.0000000002,1.0000000001,Solved
GCQvUk,14,3,3.0000000004,0.0000000004,1.0000000001,Solved
GCQvUs,14,3,3.0000000019,0.0000000019,1.0000000006,Solved
GCQvUw,14,3,3.0000000003,0.0000000003,1.0000000001,Solved
GCQvU{,15,3,3.0000000003,0.0000000003,1.0000000001,Solved
GCQvVS,14,3,3.0000000009,0.0000000009,1.0000000003,Solved
GCQvVW,14,3,3.0000000022,0.0000000022,1.0000000007,Solved
GCQvV[,15,3,3.0000000002,0.0000000002,1.0000000001,Solved
GCQvVc,14,3,3.0000000019,0.0000000019,1.0000000006,Solved
GCQvVg,14,3,3.0000000011,0.0000000011,1.0000000004,Solved
GCQvVk,15,3,3.0000000000,-0.0000000000,1.0000000000,Solved
GCQvVo,14,3,3.0000000034,0.0000000034,1.0000000011,Solved
GCQvVs,15,3,3.0000000004,0.0000000004,1.0000000001,Solved
GCQvVw,15,3,3.0000000027,0.0000000027,1.0000000009,Solved
GCQvV{,16,3,3.0000000007,0.0000000007,1.0000000002,Solved
GCQvZ{,16,3,3.0000000003,0.0000000003,1.0000000001,Solved
GCQv]{,16,3,3.0000000007,0.0000000007,1.0000000002,Solved
GCQv^[,16,3,3.0000000029,0.0000000029,1.0000000010,Solved
GCQv^k,16,3,3.0000000003,0.0000000003,1.0000000001,Solved
GCQv^o,15,3,3.0000000003,0.0000000003,1.0000000001,Solved
GCQv^s,16,3,3.0000000000,-0.0000000000,1.0000000000,Solved
GCQv^w,16,3,3.0000000003,0.0000000003,1.0000000001,Solved
GCQv^{,17,3,3.0000000001,0.0000000001,1.0000000000,Solved
GCQvds,14,3,3.0000000018,0.0000000018,1.0000000006,Solved
GCQvdw,14,3,3.0000000033,0.0000000033,1.0000000011,Solved
GCQvd{,15,3,3.0000000008,0.0000000008,1.0000000003,Solved
GCQves,14,3,3.0000000016,0.0000000016,1.0000000005,Solved
GCQvew,14,3,3.0000000005,0.0000000005,1.0000000002,Solved
GCQve{,15,3,3.0000000011,0.0000000011,1.0000000004,Solved
GCQvfW,14,3,3.0000000009,0.0000000009,1.0000000003,Solved
GCQvf[,15,3,3.0000000013,0.0000000013,1.0000000004,Solved
GCQvfc,14,3,3.0000000003,0.0000000003,1.0000000001,Solved
GCQvfg,14,3,3.0000000045,0.0000000045,1.0000000015,Solved
GCQvfk,15,3,3.0000000017,0.0000000017,1.0000000006,Solved
GCQvfo,14,3,3.0000000035,0.0000000035,1.0000000012,Solved
GCQvfs,15,3,3.0000000018,0.0000000018,1.0000000006,Solved
GCQvfw,15,3,3.0000000037,0.0000000037,1.0000000012,Solved
GCQvf{,16,3,3.0000000015,0.0000000015,1.0000000005,Solved
GCQvl{,16,3,3.0000000003,0.0000000003,1.0000000001,Solved
GCQvm{,16,3,3.0000000001,0.0000000001,1.0000000000,Solved
GCQvnk,16,3,3.0000000021,0.0000000021,1.0000000007,Solved
GCQvno,15,3,3.0000000007,0.0000000007,1.0000000002,Solved
GCQvns,16,3,3.0000000006,0.0000000006,1.0000000002,Solved
GCQvnw,16,3,3.0000000002,0.0000000002,1.0000000001,Solved
GCQvn{,17,3,3.0000000002,0.0000000002,1.0000000001,Solved
GCQvvo,15,3,3.0000000038,0.0000000038,1.0000000013,Solved
GCQvvs,16,3,2.9999999995,-0.0000000005,0.9999999998,Solved
GCQvvw,16,3,3.0000000001,0.0000000001,1.0000000000,Solved
GCQvv{,17,3,3.0000000001,0.0000000001,1.0000000000,Solved
GCQv~w,17,3,3.0000000010,0.0000000010,1.0000000003,Solved
GCQv~{,18,3,3.0000000005,0.0000000005,1.0000000002,Solved
GCRSrK,12,3,3.2360679783,0.2360679783,1.0786893261,Solved
GCRSr[,13,3,3.2360679777,0.2360679777,1.0786893259,Solved
GCRStK,12,3,3.2360679839,0.2360679839,1.0786893280,Solved
GCRStk,13,3,3.2360679794,0.2360679794,1.0786893265,Solved
GCRStw,13,3,3.2360679785,0.2360679785,1.0786893262,Solved
GCRSvK,13,3,3.2360679808,0.2360679808,1.0786893269,Solved
GCRSvW,13,3,3.2360679809,0.2360679809,1.0786893270,Solved
GCRSv[,14,3,3.2360679778,0.2360679778,1.0786893259,Solved
GCRSvg,13,3,3.2360679815,0.2360679815,1.0786893272,Solved
GCRSvk,14,3,3.2360679777,0.2360679777,1.0786893259,Solved
GCRSvo,13,3,3.2360679782,0.2360679782,1.0786893261,Solved
GCRSvw,14,3,3.2360679790,0.2360679790,1.0786893263,Solved
GCRSv{,15,3,3.2360679784,0.2360679784,1.0786893261,Solved
GCRS|w,14,3,3.0000000002,0.0000000002,1.0000000001,Solved
GCRS~[,15,3,3.0000000031,0.0000000031,1.0000000010,Solved
GCRS~g,14,3,3.0000000000,0.0000000000,1.0000000000,Solved
GCRS~k,15,3,3.0000000006,0.0000000006,1.0000000002,Solved
GCRS~o,14,3,3.0000000030,0.0000000030,1.0000000010,Solved
GCRS~w,15,3,3.0000000007,0.0000000007,1.0000000002,Solved
GCRS~{,16,3,3.0000000000,-0.0000000000,1.0000000000,Solved
GCRTtk,14,3,3.0000000006,0.0000000006,1.0000000002,Solved
GCRTts,14,3,3.0000000006,0.0000000006,1.0000000002,Solved
GCRTtw,14,3,3.0000000007,0.0000000007,1.0000000002,Solved
GCRTt{,15,3,3.0000000003,0.0000000003,1.0000000001,Solved
GCRTuk,14,3,3.0000000000,0.0000000000,1.0000000000,Solved
GCRTuw,14,3,3.0000000019,0.0000000019,1.0000000006,Solved
GCRTu{,15,3,3.0000000001,0.0000000001,1.0000000000,Solved
GCRTvK,14,3,3.0000000004,0.0000000004,1.0000000001,Solved
GCRTvW,14,3,3.0000000033,0.0000000033,1.0000000011,Solved
GCRTv[,15,3,3.0000000024,0.0000000024,1.0000000008,Solved
GCRTvc,14,3,3.0000000010,0.0000000010,1.0000000003,Solved
GCRTvg,14,3,3.0000000002,0.0000000002,1.0000000001,Solved
GCRTvk,15,3,3.0000000029,0.0000000029,1.0000000010,Solved
GCRTvo,14,3,3.0000000003,0.0000000003,1.0000000001,Solved
GCRTvs,15,3,3.0000000023,0.0000000023,1.0000000008,Solved
GCRTvw,15,3,3.0000000042,0.0000000042,1.0000000014,Solved
GCRTv{,16,3,3.0000000003,0.0000000003,1.0000000001,Solved
GCRT|{,16,3,3.0000000000,0.0000000000,1.0000000000,Solved
GCRT~k,16,3,3.0000000001,0.0000000001,1.0000000000,Solved
GCRT~w,16,3,3.0000000001,0.0000000001,1.0000000000,Solved
GCRT~{,17,3,3.0000000000,0.0000000000,1.0000000000,Solved
GCRURw,13,3,3.0000000002,0.0000000002,1.0000000001,Solved
GCRUTW,12,3,3.0000000010,0.0000000010,1.0000000003,Solved
GCRUTo,12,3,3.0000000008,0.0000000008,1.0000000003,Solved
GCRUTw,13,3,3.0000000003,0.0000000003,1.0000000001,Solved
GCRUVK,13,3,3.0000000003,0.0000000003,1.0000000001,Solved
GCRUVW,13,3,3.0000000014,0.0000000014,1.0000000005,Solved
GCRUV_,12,3,3.0000000001,0.0000000001,1.0000000000,Solved
GCRUVg,13,3,3.0000000010,0.0000000010,1.0000000003,Solved
GCRUVk,14,3,3.0000000005,0.0000000005,1.0000000002,Solved
GCRUVo,13,3,3.0000000009,0.0000000009,1.0000000003,Solved
GCRUVw,14,3,3.0000000002,0.0000000002,1.0000000001,Solved
GCRUV{,15,3,3.0000000004,0.0000000004,1.0000000001,Solved
GCRUZw,14,3,3.0000000015,0.0000000015,1.0000000005,Solved
GCRU\w,14,3,3.0000000011,0.0000000011,1.0000000004,Solved
GCRU\{,15,3,3.0000000003,0.0000000003,1.0000000001,Solved
GCRU^W,14,3,3.0000000053,0.0000000053,1.0000000018,Solved
GCRU^g,14,3,3.0000000019,0.0000000019,1.0000000006,Solved
GCRU^k,15,3,3.0000000008,0.0000000008,1.0000000003,Solved
GCRU^o,14,3,3.0000000015,0.0000000015,1.0000000005,Solved
GCRU^w,15,3,3.0000000017,0.0000000017,1.0000000006,Solved
GCRU^{,16,3,3.0000000009,0.0000000009,1.0000000003,Solved
GCRUl{,15,3,3.0000000011,0.0000000011,1.0000000004,Solved
GCRUn[,15,3,3.0000000015,0.0000000015,1.0000000005,Solved
GCRUng,14,3,3.0000000000,-0.0000000000,1.0000000000,Solved
GCRUnk,15,3,3.0000000023,0.0000000023,1.0000000008,Solved
GCRUno,14,3,3.0000000001,0.0000000001,1.0000000000,Solved
GCRUnw,15,3,3.0000000018,0.0000000018,1.0000000006,Solved
GCRUn{,16,3,3.0000000000,0.0000000000,1.0000000000,Solved
GCRUt[,14,3,3.0000000004,0.0000000004,1.0000000001,Solved
GCRUtk,14,3,3.0000000001,0.0000000001,1.0000000000,Solved
GCRUts,14,3,3.0000000003,0.0000000003,1.0000000001,Solved
GCRUtw,14,3,3.0000000006,0.0000000006,1.0000000002,Solved
GCRUt{,15,3,3.0000000009,0.0000000009,1.0000000003,Solved
GCRUvK,14,3,3.0000000002,0.0000000002,1.0000000001,Solved
GCRUvW,14,3,3.0000000018,0.0000000018,1.0000000006,Solved
GCRUv[,15,3,3.0000000004,0.0000000004,1.0000000001,Solved
GCRUvc,14,3,3.0000000001,0.0000000001,1.0000000000,Solved
GCRUvg,14,3,3.0000000008,0.0000000008,1.0000000003,Solved
GCRUvk,15,3,3.0000000017,0.0000000017,1.0000000006,Solved
GCRUvo,14,3,3.0000000011,0.0000000011,1.0000000004,Solved
GCRUvs,15,3,3.0000000002,0.0000000002,1.0000000001,Solved
GCRUvw,15,3,3.0000000031,0.0000000031,1.0000000010,Solved
GCRUv{,16,3,3.0000000000,0.0000000000,1.0000000000,Solved
GCRU|{,16,3,3.0000000002,0.0000000002,1.0000000001,Solved
GCRU~k,16,3,3.0000000001,0.0000000001,1.0000000000,Solved
GCRU~o,15,3,3.0000000001,0.0000000001,1.0000000000,Solved
GCRU~s,16,3,3.0000000002,0.0000000002,1.0000000001,Solved
GCRU~w,16,3,3.0000000003,0.0000000003,1.0000000001,Solved
GCRU~{,17,3,3.0000000001,0.0000000001,1.0000000000,Solved
GCRVBg,12,3,3.2360679818,0.2360679818,1.0786893273,Solved
GCRVBs,13,3,3.0000000001,0.0000000001,1.0000000000,Solved
GCRVBw,13,3,3.0000000001,0.0000000001,1.0000000000,Solved
GCRVDW,12,3,3.2360679775,0.2360679775,1.0786893258,Solved
GCRVDg,12,3,3.0000000001,0.0000000001,1.0000000000,Solved
GCRVDw,13,3,3.0000000003,0.0000000003,1.0000000001,Solved
GCRVEK,12,4,3.9999999994,-0.0000000006,0.9999999998,Solved
GCRVES,12,3,3.0000000006,0.0000000006,1.0000000002,Solved
GCRVEW,12,3,3.0000000004,0.0000000004,1.0000000001,Solved
GCRVEc,12,4,3.9999999975,-0.0000000025,0.9999999994,Solved
GCRVEg,12,3,3.0000000001,0.0000000001,1.0000000000,Solved
GCRVEk,13,3,3.0000000003,0.0000000003,1.0000000001,Solved
GCRVEo,12,3,3.0000000014,0.0000000014,1.0000000005,Solved
GCRVEs,13,3,3.0000000003,0.0000000003,1.0000000001,Solved
GCRVEw,13,3,3.0000000026,0.0000000026,1.0000000009,Solved
GCRVFC,12,3,3.0000000017,0.0000000017,1.0000000006,Solved
GCRVFG,12,4,3.9999999996,-0.0000000004,0.9999999999,Solved
GCRVFK,13,3,3.0000000003,0.0000000003,1.0000000001,Solved
GCRVFO,12,3,3.0000000052,0.0000000052,1.0000000017,Solved
GCRVFS,13,3,3.0000000036,0.0000000036,1.0000000012,Solved
GCRVFW,13,3,3.0000000033,0.0000000033,1.0000000011,Solved
GCRVF[,14,3,3.0000000043,0.0000000043,1.0000000014,Solved
GCRVF_,12,4,3.9999999998,-0.0000000002,1.0000000000,Solved
GCRVFc,13,3,3.0000000003,0.0000000003,1.0000000001,Solved
GCRVFg,13,3,3.0000000001,0.0000000001,1.0000000000,Solved
GCRVFk,14,3,3.0000000029,0.0000000029,1.0000000010,Solved
GCRVFo,13,3,3.0000000002,0.0000000002,1.0000000001,Solved
GCRVFs,14,3,3.0000000001,0.0000000001,1.0000000000,Solved
GCRVFw,14,3,3.0000000012,0.0000000012,1.0000000004,Solved
GCRVF{,15,3,3.0000000001,0.0000000001,1.0000000000,Solved
GCRVP{,14,3,3.0000000008,0.0000000008,1.0000000003,Solved
GCRVRk,14,3,3.0000000006,0.0000000006,1.0000000002,Solved
GCRVRs,14,3,3.0000000012,0.0000000012,1.0000000004,Solved
GCRVRw,14,3,3.0000000010,0.0000000010,1.0000000003,Solved
GCRVR{,15,3,3.0000000027,0.0000000027,1.0000000009,Solved
GCRVS{,14,3,3.0000000004,0.0000000004,1.0000000001,Solved
GCRVT[,14,3,3.0000000017,0.0000000017,1.0000000006,Solved
GCRVTk,14,3,3.0000000000,0.0000000000,1.0000000000,Solved
GCRVTs,14,3,3.0000000006,0.0000000006,1.0000000002,Solved
GCRVTw,14,3,3.0000000051,0.0000000051,1.0000000017,Solved
GCRVT{,15,3,3.0000000026,0.0000000026,1.0000000009,Solved
GCRVUW,13,3,3.0000000010,0.0000000010,1.0000000003,Solved
GCRVUg,13,3,3.0000000002,0.0000000002,1.0000000001,Solved
GCRVUk,14,3,3.0000000005,0.0000000005,1.0000000002,Solved
GCRVUs,14,3,3.0000000011,0.0000000011,1.0000000004,Solved
GCRVUw,14,3,3.0000000045,0.0000000045,1.0000000015,Solved
GCRVU{,15,3,3.0000000002,0.0000000002,1.0000000001,Solved
GCRVVG,13,3,3.0000000018,0.0000000018,1.0000000006,Solved
GCRVVK,14,3,3.0000000024,0.0000000024,1.0000000008,Solved
GCRVVS,14,3,3.0000000018,0.0000000018,1.0000000006,Solved
GCRVVW,14,3,3.0000000071,0.0000000071,1.0000000024,Solved
GCRVV[,15,3,3.0000000001,0.0000000001,1.0000000000,Solved
GCRVVc,14,3,3.0000000021,0.0000000021,1.0000000007,Solved
GCRVVg,14,3,3.0000000019,0.0000000019,1.0000000006,Solved
GCRVVk,15,3,3.0000000052,0.0000000052,1.0000000017,Solved
GCRVVo,14,3,3.0000000011,0.0000000011,1.0000000004,Solved
GCRVVs,15,3,3.0000000007,0.0000000007,1.0000000002,Solved
GCRVVw,15,3,3.0000000037,0.0000000037,1.0000000012,Solved
GCRVV{,16,3,3.0000000026,0.0000000026,1.0000000009,Solved
GCRVZ{,16,3,3.0000000005,0.0000000005,1.0000000002,Solved
GCRV\{,16,3,3.0000000001,0.0000000001,1.0000000000,Solved
GCRV]{,16,3,3.0000000002,0.0000000002,1.0000000001,Solved
GCRV^[,16,3,2.9999999999,-0.0000000001,1.0000000000,Solved
GCRV^k,16,3,3.0000000001,0.0000000001,1.0000000000,Solved
GCRV^o,15,3,3.0000000006,0.0000000006,1.0000000002,Solved
GCRV^s,16,3,3.0000000003,0.0000000003,1.0000000001,Solved
GCRV^w,16,3,3.0000000001,0.0000000001,1.0000000000,Solved
GCRV^{,17,3,3.0000000001,0.0000000001,1.0000000000,Solved
GCRVdk,14,3,3.0000000007,0.0000000007,1.0000000002,Solved
GCRVdw,14,3,3.0000000015,0.0000000015,1.0000000005,Solved
GCRVd{,15,3,3.0000000024,0.0000000024,1.0000000008,Solved
GCRVeg,13,3,3.0000000001,0.0000000001,1.0000000000,Solved
GCRVew,14,3,3.0000000012,0.0000000012,1.0000000004,Solved
GCRVe{,15,3,3.0000000017,0.0000000017,1.0000000006,Solved
GCRVfW,14,3,3.0000000046,0.0000000046,1.0000000015,Solved
GCRVf[,15,3,3.0000000047,0.0000000047,1.0000000016,Solved
GCRVfc,14,3,3.0000000001,0.0000000001,1.0000000000,Solved
GCRVfg,14,3,3.0000000023,0.0000000023,1.0000000008,Solved
GCRVfk,15,3,3.0000000051,0.0000000051,1.0000000017,Solved
GCRVfo,14,3,3.0000000001,0.0000000001,1.0000000000,Solved
GCRVfs,15,3,3.0000000036,0.0000000036,1.0000000012,Solved
GCRVfw,15,3,3.0000000009,0.0000000009,1.0000000003,Solved
GCRVf{,16,3,3.0000000009,0.0000000009,1.0000000003,Solved
GCRVnk,16,3,3.0000000000,0.0000000000,1.0000000000,Solved
GCRVnw,16,3,3.0000000001,0.0000000001,1.0000000000,Solved
GCRVn{,17,3,3.0000000001,0.0000000001,1.0000000000,Solved
GCRVtw,15,3,3.0000000016,0.0000000016,1.0000000005,Solved
GCRVt{,16,3,2.9999999997,-0.0000000003,0.9999999999,Solved
GCRVvg,15,3,3.0000000004,0.0000000004,1.0000000001,Solved
GCRVvk,16,3,3.0000000002,0.0000000002,1.0000000001,Solved
GCRVvo,15,3,3.0000000034,0.0000000034,1.0000000011,Solved
GCRVvs,16,3,3.0000000001,0.0000000001,1.0000000000,Solved
GCRVvw,16,3,3.0000000028,0.0000000028,1.0000000009,Solved
GCRVv{,17,3,3.0000000000,0.0000000000,1.0000000000,Solved
GCRV~w,17,3,2.9999999991,-0.0000000009,0.9999999997,Solved
GCRV~{,18,3,2.9999999989,-0.0000000011,0.9999999996,Solved
GCR]tk,15,3,3.0000000009,0.0000000009,1.0000000003,Solved
GCR]vK,15,3,3.0000000013,0.0000000013,1.0000000004,Solved
GCR]vk,16,3,3.0000000003,0.0000000003,1.0000000001,Solved
GCR]vo,15,3,3.0000000006,0.0000000006,1.0000000002,Solved
GCR]vw,16,3,3.0000000003,0.0000000003,1.0000000001,Solved
GCR]v{,17,3,3.0000000000,-0.0000000000,1.0000000000,Solved
GCR]~w,17,3,3.0000000017,0.0000000017,1.0000000006,Solved
GCR]~{,18,3,3.0000000011,0.0000000011,1.0000000004,Solved
GCR^uw,16,3,3.0000000009,0.0000000009,1.0000000003,Solved
GCR^vo,16,3,3.0000000003,0.0000000003,1.0000000001,Solved
GCR^vs,17,3,3.0000000000,-0.0000000000,1.0000000000,Solved
GCR^vw,17,3,3.0000000000,0.0000000000,1.0000000000,Solved
GCR^v{,18,3,3.0000000000,-0.0000000000,1.0000000000,Solved
GCR^~{,19,3,3.0000000004,0.0000000004,1.0000000001,Solved
GCR`pw,12,4,3.9999999992,-0.0000000008,0.9999999998,Solved
GCR`qk,12,4,3.9999999997,-0.0000000003,0.9999999999,Solved
GCR`r_,11,3,3.4384471871,0.4384471871,1.1461490624,Solved
GCR`rg,12,3,3.2360679795,0.2360679795,1.0786893265,Solved
GCR`rk,13,3,3.1965575946,0.1965575946,1.0655191982,Solved
GCR`sk,12,3,3.1965575941,0.1965575941,1.0655191980,Solved
GCR`sw,12,3,3.1965575944,0.1965575944,1.0655191981,Solved
GCR`tK,12,3,3.1965575939,0.1965575939,1.0655191980,Solved
GCR`tg,12,3,3.1965575952,0.1965575952,1.0655191984,Solved
GCR`tk,13,3,3.1965575938,0.1965575938,1.0655191979,Solved
GCR`tw,13,3,3.1965575946,0.1965575946,1.0655191982,Solved
GCR`uK,12,4,4.0000000000,0.0000000000,1.0000000000,Solved
GCR`u_,11,3,3.2360679802,0.2360679802,1.0786893267,Solved
GCR`ug,12,3,3.1965575942,0.1965575942,1.0655191981,Solved
GCR`uk,13,3,3.1965575941,0.1965575941,1.0655191980,Solved
GCR`uo,12,3,3.2360679775,0.2360679775,1.0786893258,Solved
GCR`uw,13,3,3.1965575943,0.1965575943,1.0655191981,Solved
GCR`u{,14,3,3.1965575938,0.1965575938,1.0655191979,Solved
GCR`v?,11,4,3.9999999978,-0.0000000022,0.9999999994,Solved
GCR`vG,12,3,3.1965575938,0.1965575938,1.0655191979,Solved
GCR`vK,13,3,3.1965575945,0.1965575945,1.0655191982,Solved
GCR`v_,12,3,3.2360679802,0.2360679802,1.0786893267,Solved
GCR`vg,13,3,3.1965575937,0.1965575937,1.0655191979,Solved
GCR`vk,14,3,3.1965575940,0.1965575940,1.0655191980,Solved
GCR`vo,13,3,3.1965575942,0.1965575942,1.0655191981,Solved
GCR`vw,14,3,3.1965575949,0.1965575949,1.0655191983,Solved
GCR`v{,15,3,3.1965575938,0.1965575938,1.0655191979,Solved
GCR`zk,14,3,3.0000000003,0.0000000003,1.0000000001,Solved
GCR`|k,14,3,3.0000000008,0.0000000008,1.0000000003,Solved
GCR`|w,14,3,3.0000000003,0.0000000003,1.0000000001,Solved
GCR`}k,14,3,3.0000000001,0.0000000001,1.0000000000,Solved
GCR`}w,14,3,3.0000000032,0.0000000032,1.0000000011,Solved
GCR`}{,15,3,3.0000000002,0.0000000002,1.0000000001,Solved
GCR`~K,14,3,3.0000000005,0.0000000005,1.0000000002,Solved
GCR`~g,14,3,3.0000000018,0.0000000018,1.0000000006,Solved
GCR`~k,15,3,3.0000000009,0.0000000009,1.0000000003,Solved
GCR`~o,14,3,3.0000000012,0.0000000012,1.0000000004,Solved
GCR`~w,15,3,3.0000000003,0.0000000003,1.0000000001,Solved
GCR`~{,16,3,3.0000000004,0.0000000004,1.0000000001,Solved
GCRb`[,12,3,3.2360679807,0.2360679807,1.0786893269,Solved
GCRb`w,12,3,3.3722813250,0.3722813250,1.1240937750,Solved
GCRba[,12,3,3.2360679786,0.2360679786,1.0786893262,Solved
GCRbb[,13,3,3.2360679803,0.2360679803,1.0786893268,Solved
GCRbbw,13,3,3.2360679782,0.2360679782,1.0786893261,Solved
GCRbc[,12,4,4.0000000004,0.0000000004,1.0000000001,Solved
GCRbck,12,3,3.2360679778,0.2360679778,1.0786893259,Solved
GCRbcw,12,3,3.2360679835,0.2360679835,1.0786893278,Solved
GCRbc{,13,3,3.2360679801,0.2360679801,1.0786893267,Solved
GCRbdK,12,3,3.2360679802,0.2360679802,1.0786893267,Solved
GCRbd[,13,3,3.2360679782,0.2360679782,1.0786893261,Solved
GCRbdg,12,3,3.2360679786,0.2360679786,1.0786893262,Solved
GCRbdk,13,3,3.2360679781,0.2360679781,1.0786893260,Solved
GCRbdo,12,3,3.3292176925,0.3292176925,1.1097392308,Solved
GCRbdw,13,3,3.2360679777,0.2360679777,1.0786893259,Solved
GCRbd{,14,3,3.2360679779,0.2360679779,1.0786893260,Solved
GCRbeK,12,4,3.9999999997,-0.0000000003,0.9999999999,Solved
GCRbe[,13,3,3.2360679773,0.2360679773,1.0786893258,Solved
GCRbek,13,3,3.2360679779,0.2360679779,1.0786893260,Solved
GCRbeo,12,3,3.2360679795,0.2360679795,1.0786893265,Solved
GCRbew,13,3,3.2360679776,0.2360679776,1.0786893259,Solved
GCRbe{,14,3,3.2360679779,0.2360679779,1.0786893260,Solved
GCRbfG,12,3,3.2360679788,0.2360679788,1.0786893263,Solved
GCRbfK,13,3,3.2360679789,0.2360679789,1.0786893263,Solved
GCRbfO,12,3,3.2360679807,0.2360679807,1.0786893269,Solved
GCRbfW,13,3,3.2360679820,0.2360679820,1.0786893273,Solved
GCRbf[,14,3,3.2360679776,0.2360679776,1.0786893259,Solved
GCRbf_,12,4,3.9999999998,-0.0000000002,1.0000000000,Solved
GCRbfg,13,3,3.2360679780,0.2360679780,1.0786893260,Solved
GCRbfk,14,3,3.2360679801,0.2360679801,1.0786893267,Solved
GCRbfo,13,3,3.2360679778,0.2360679778,1.0786893259,Solved
GCRbfw,14,3,3.2360679776,0.2360679776,1.0786893259,Solved
GCRbf{,15,3,3.2360679779,0.2360679779,1.0786893260,Solved
GCRbjw,14,3,3.0000000001,0.0000000001,1.0000000000,Solved
GCRbk{,14,3,3.0000000001,0.0000000001,1.0000000000,Solved
GCRblk,14,3,3.0000000005,0.0000000005,1.0000000002,Solved
GCRblw,14,3,3.0000000008,0.0000000008,1.0000000003,Solved
GCRbl{,15,3,3.0000000023,0.0000000023,1.0000000008,Solved
GCRbm[,14,3,3.0000000015,0.0000000015,1.0000000005,Solved
GCRbmk,14,3,3.0000000000,0.0000000000,1.0000000000,Solved
GCRbmw,14,3,3.0000000037,0.0000000037,1.0000000012,Solved
GCRbm{,15,3,3.0000000018,0.0000000018,1.0000000006,Solved
GCRbnK,14,3,3.0000000015,0.0000000015,1.0000000005,Solved
GCRbnW,14,3,3.0000000004,0.0000000004,1.0000000001,Solved
GCRbn[,15,3,3.0000000017,0.0000000017,1.0000000006,Solved
GCRbng,14,3,3.0000000008,0.0000000008,1.0000000003,Solved
GCRbnk,15,3,3.0000000021,0.0000000021,1.0000000007,Solved
GCRbno,14,3,3.0000000019,0.0000000019,1.0000000006,Solved
GCRbnw,15,3,3.0000000031,0.0000000031,1.0000000010,Solved
GCRbn{,16,3,3.0000000007,0.0000000007,1.0000000002,Solved
GCRco{,12,4,4.0000000000,-0.0000000000,1.0000000000,Solved
GCRcp[,12,3,3.0000000004,0.0000000004,1.0000000001,Solved
GCRcpk,12,3,3.0000000011,0.0000000011,1.0000000004,Solved
GCRcpw,12,3,3.0000000025,0.0000000025,1.0000000008,Solved
GCRcp{,13,3,3.0000000003,0.0000000003,1.0000000001,Solved
GCRcq[,12,3,3.0000000012,0.0000000012,1.0000000004,Solved
GCRcqk,12,4,3.9999999999,-0.0000000001,1.0000000000,Solved
GCRcqo,11,3,3.0000000002,0.0000000002,1.0000000001,Solved
GCRcqs,12,3,3.0000000000,0.0000000000,1.0000000000,Solved
GCRcq{,13,3,3.0000000004,0.0000000004,1.0000000001,Solved
GCRcrK,12,3,3.0000000015,0.0000000015,1.0000000005,Solved
GCRcr[,13,3,3.0000000029,0.0000000029,1.0000000010,Solved
GCRcrg,12,3,3.0000000034,0.0000000034,1.0000000011,Solved
GCRcrk,13,3,3.0000000014,0.0000000014,1.0000000005,Solved
GCRcro,12,3,3.0000000017,0.0000000017,1.0000000006,Solved
GCRcrs,13,3,3.0000000004,0.0000000004,1.0000000001,Solved
GCRcrw,13,3,3.0000000017,0.0000000017,1.0000000006,Solved
GCRcr{,14,3,3.0000000005,0.0000000005,1.0000000002,Solved
GCRcs[,12,4,3.9999999988,-0.0000000012,0.9999999997,Solved
GCRcsk,12,3,3.0000000002,0.0000000002,1.0000000001,Solved
GCRcss,12,3,3.0000000004,0.0000000004,1.0000000001,Solved
GCRcs{,13,3,3.0000000002,0.0000000002,1.0000000001,Solved
GCRctK,12,3,3.0000000066,0.0000000066,1.0000000022,Solved
GCRctS,12,3,3.2360679800,0.2360679800,1.0786893267,Solved
GCRct[,13,3,3.0000000038,0.0000000038,1.0000000013,Solved
GCRctk,13,3,3.0000000018,0.0000000018,1.0000000006,Solved
GCRcts,13,3,3.0000000018,0.0000000018,1.0000000006,Solved
GCRctw,13,3,3.0000000001,0.0000000001,1.0000000000,Solved
GCRct{,14,3,3.0000000053,0.0000000053,1.0000000018,Solved
GCRcuK,12,4,3.9999999995,-0.0000000005,0.9999999999,Solved
GCRcuS,12,3,3.0000000032,0.0000000032,1.0000000011,Solved
GCRcuW,12,3,3.0000000009,0.0000000009,1.0000000003,Solved
GCRcu[,13,3,3.0000000010,0.0000000010,1.0000000003,Solved
GCRcug,12,3,3.2360679800,0.2360679800,1.0786893267,Solved
GCRcuk,13,3,3.0000000005,0.0000000005,1.0000000002,Solved
GCRcuo,12,3,3.0000000002,0.0000000002,1.0000000001,Solved
GCRcus,13,3,3.0000000036,0.0000000036,1.0000000012,Solved
GCRcuw,13,3,3.0000000007,0.0000000007,1.0000000002,Solved
GCRcu{,14,3,3.0000000004,0.0000000004,1.0000000001,Solved
GCRcvC,12,4,3.9999999999,-0.0000000001,1.0000000000,Solved
GCRcvK,13,3,3.0000000013,0.0000000013,1.0000000004,Solved
GCRcvO,12,3,3.0000000015,0.0000000015,1.0000000005,Solved
GCRcvS,13,3,3.0000000004,0.0000000004,1.0000000001,Solved
GCRcvW,13,3,3.0000000020,0.0000000020,1.0000000007,Solved
GCRcv[,14,3,3.0000000013,0.0000000013,1.0000000004,Solved
GCRcvc,13,3,3.0000000001,0.0000000001,1.0000000000,Solved
GCRcvg,13,3,3.0000000001,0.0000000001,1.0000000000,Solved
GCRcvk,14,3,3.0000000003,0.0000000003,1.0000000001,Solved
GCRcvo,13,3,3.0000000042,0.0000000042,1.0000000014,Solved
GCRcvs,14,3,3.0000000005,0.0000000005,1.0000000002,Solved
GCRcvw,14,3,3.0000000004,0.0000000004,1.0000000001,Solved
GCRcv{,15,3,3.0000000002,0.0000000002,1.0000000001,Solved
GCRcy{,14,3,3.0000000003,0.0000000003,1.0000000001,Solved
GCRczs,14,3,3.0000000011,0.0000000011,1.0000000004,Solved
GCRcz{,15,3,3.0000000004,0.0000000004,1.0000000001,Solved
GCRc{{,14,3,3.0000000001,0.0000000001,1.0000000000,Solved
GCRc|s,14,3,3.0000000029,0.0000000029,1.0000000010,Solved
GCRc|w,14,3,3.0000000001,0.0000000001,1.0000000000,Solved
GCRc|{,15,3,3.0000000043,0.0000000043,1.0000000014,Solved
GCRc}s,14,3,2.9999999995,-0.0000000005,0.9999999998,Solved
GCRc}{,15,3,3.0000000032,0.0000000032,1.0000000011,Solved
GCRc~S,14,3,3.0000000002,0.0000000002,1.0000000001,Solved
GCRc~[,15,3,3.0000000002,0.0000000002,1.0000000001,Solved
GCRc~c,14,3,3.0000000002,0.0000000002,1.0000000001,Solved
GCRc~g,14,3,3.0000000032,0.0000000032,1.0000000011,Solved
GCRc~k,15,3,3.0000000058,0.0000000058,1.0000000019,Solved
GCRc~o,14,3,3.0000000012,0.0000000012,1.0000000004,Solved
GCRc~s,15,3,3.0000000003,0.0000000003,1.0000000001,Solved
GCRc~w,15,3,3.0000000003,0.0000000003,1.0000000001,Solved
GCRc~{,16,3,3.0000000011,0.0000000011,1.0000000004,Solved
GCRdi{,14,3,3.0000000015,0.0000000015,1.0000000005,Solved
GCRdjs,14,3,3.0000000012,0.0000000012,1.0000000004,Solved
GCRdjw,14,3,3.0000000006,0.0000000006,1.0000000002,Solved
GCRdj{,15,3,3.0000000005,0.0000000005,1.0000000002,Solved
GCRdk{,14,3,3.0000000003,0.0000000003,1.0000000001,Solved
GCRdl[,14,3,3.0000000029,0.0000000029,1.0000000010,Solved
GCRdlk,14,3,3.0000000013,0.0000000013,1.0000000004,Solved
GCRdls,14,3,3.0000000019,0.0000000019,1.0000000006,Solved
GCRdlw,14,3,3.0000000026,0.0000000026,1.0000000009,Solved
GCRdl{,15,3,3.0000000001,0.0000000001,1.0000000000,Solved
GCRdm[,14,3,3.0000000042,0.0000000042,1.0000000014,Solved
GCRdmk,14,3,3.0000000030,0.0000000030,1.0000000010,Solved
GCRdms,14,3,3.0000000048,0.0000000048,1.0000000016,Solved
GCRdmw,14,3,3.0000000008,0.0000000008,1.0000000003,Solved
GCRdm{,15,3,3.0000000007,0.0000000007,1.0000000002,Solved
GCRdnK,14,3,3.0000000010,0.0000000010,1.0000000003,Solved
GCRdnS,14,3,3.0000000004,0.0000000004,1.0000000001,Solved
GCRdnW,14,3,3.0000000008,0.0000000008,1.0000000003,Solved
GCRdn[,15,3,3.0000000001,0.0000000001,1.0000000000,Solved
GCRdnc,14,3,3.0000000003,0.0000000003,1.0000000001,Solved
GCRdng,14,3,3.0000000024,0.0000000024,1.0000000008,Solved
GCRdnk,15,3,3.0000000003,0.0000000003,1.0000000001,Solved
GCRdno,14,3,3.0000000015,0.0000000015,1.0000000005,Solved
GCRdns,15,3,3.0000000016,0.0000000016,1.0000000005,Solved
GCRdnw,15,3,3.0000000017,0.0000000017,1.0000000006,Solved
GCRdn{,16,3,3.0000000029,0.0000000029,1.0000000010,Solved
GCRdpw,13,3,3.0000000051,0.0000000051,1.0000000017,Solved
GCRdqw,13,3,3.0000000016,0.0000000016,1.0000000005,Solved
GCRdrg,13,3,3.0000000015,0.0000000015,1.0000000005,Solved
GCRdro,13,3,3.0000000007,0.0000000007,1.0000000002,Solved
GCRdrs,14,3,3.0000000039,0.0000000039,1.0000000013,Solved
GCRdrw,14,3,3.0000000026,0.0000000026,1.0000000009,Solved
GCRdr{,15,3,3.0000000026,0.0000000026,1.0000000009,Solved
GCRdts,14,3,3.0000000009,0.0000000009,1.0000000003,Solved
GCRdtw,14,3,3.0000000019,0.0000000019,1.0000000006,Solved
GCRdt{,15,3,3.0000000035,0.0000000035,1.0000000012,Solved
GCRdu[,14,3,3.0000000002,0.0000000002,1.0000000001,Solved
GCRduk,14,3,3.0000000007,0.0000000007,1.0000000002,Solved
GCRdus,14,3,3.0000000004,0.0000000004,1.0000000001,Solved
GCRduw,14,3,3.0000000048,0.0000000048,1.0000000016,Solved
GCRdu{,15,3,3.0000000037,0.0000000037,1.0000000012,Solved
GCRdvK,14,3,3.0000000004,0.0000000004,1.0000000001,Solved
GCRdvS,14,3,3.0000000024,0.0000000024,1.0000000008,Solved
GCRdvW,14,3,3.0000000006,0.0000000006,1.0000000002,Solved
GCRdv[,15,3,3.0000000032,0.0000000032,1.0000000011,Solved
GCRdvc,14,3,3.0000000004,0.0000000004,1.0000000001,Solved
GCRdvg,14,3,3.0000000021,0.0000000021,1.0000000007,Solved
GCRdvk,15,3,3.0000000004,0.0000000004,1.0000000001,Solved
GCRdvo,14,3,3.0000000026,0.0000000026,1.0000000009,Solved
GCRdvs,15,3,3.0000000004,0.0000000004,1.0000000001,Solved
GCRdvw,15,3,3.0000000004,0.0000000004,1.0000000001,Solved
GCRdv{,16,3,3.0000000016,0.0000000016,1.0000000005,Solved
GCRdz{,16,3,3.0000000004,0.0000000004,1.0000000001,Solved
GCRd|{,16,3,2.9999999982,-0.0000000018,0.9999999994,Solved
GCRd}{,16,3,2.9999999995,-0.0000000005,0.9999999998,Solved
GCRd~[,16,3,3.0000000003,0.0000000003,1.0000000001,Solved
GCRd~k,16,3,3.0000000003,0.0000000003,1.0000000001,Solved
GCRd~o,15,3,3.0000000009,0.0000000009,1.0000000003,Solved
GCRd~s,16,3,3.0000000002,0.0000000002,1.0000000001,Solved
GCRd~w,16,3,3.0000000003,0.0000000003,1.0000000001,Solved
GCRd~{,17,3,3.0000000048,0.0000000048,1.0000000016,Solved
GCRei{,14,3,3.0000000012,0.0000000012,1.0000000004,Solved
GCRej{,15,3,3.0000000008,0.0000000008,1.0000000003,Solved
GCRek{,14,3,3.0000000002,0.0000000002,1.0000000001,Solved
GCRel{,15,3,3.0000000004,0.0000000004,1.0000000001,Solved
GCRem[,14,3,3.0000000002,0.0000000002,1.0000000001,Solved
GCRemk,14,3,3.0000000000,0.0000000000,1.0000000000,Solved
GCRems,14,3,3.0000000005,0.0000000005,1.0000000002,Solved
GCRem{,15,3,3.0000000004,0.0000000004,1.0000000001,Solved
GCRenS,14,3,3.0000000005,0.0000000005,1.0000000002,Solved
GCRen[,15,3,3.0000000006,0.0000000006,1.0000000002,Solved
GCRenc,14,3,3.0000000001,0.0000000001,1.0000000000,Solved
GCReng,14,3,3.0000000001,0.0000000001,1.0000000000,Solved
GCRenk,15,3,3.0000000006,0.0000000006,1.0000000002,Solved
GCReno,14,3,3.0000000004,0.0000000004,1.0000000001,Solved
GCRens,15,3,3.0000000003,0.0000000003,1.0000000001,Solved
GCRenw,15,3,3.0000000008,0.0000000008,1.0000000003,Solved
GCRen{,16,3,3.0000000025,0.0000000025,1.0000000008,Solved
GCRepw,13,3,3.0000000027,0.0000000027,1.0000000009,Solved
GCRetw,14,3,3.0000000033,0.0000000033,1.0000000011,Solved
GCRet{,15,3,3.0000000019,0.0000000019,1.0000000006,Solved
GCReug,13,3,3.0000000007,0.0000000007,1.0000000002,Solved
GCReus,14,3,3.0000000003,0.0000000003,1.0000000001,Solved
GCReuw,14,3,3.0000000020,0.0000000020,1.0000000007,Solved
GCReu{,15,3,3.0000000007,0.0000000007,1.0000000002,Solved
GCRevG,13,3,3.0000000034,0.0000000034,1.0000000011,Solved
GCRev_,13,3,3.0000000007,0.0000000007,1.0000000002,Solved
GCRevg,14,3,3.0000000001,0.0000000001,1.0000000000,Solved
GCRevk,15,3,3.0000000011,0.0000000011,1.0000000004,Solved
GCRevo,14,3,3.0000000037,0.0000000037,1.0000000012,Solved
GCRevs,15,3,3.0000000001,0.0000000001,1.0000000000,Solved
GCRevw,15,3,3.0000000019,0.0000000019,1.0000000006,Solved
GCRev{,16,3,2.9999999999,-0.0000000001,1.0000000000,Solved
GCRe}{,16,3,2.9999999999,-0.0000000001,1.0000000000,Solved
GCRe~o,15,3,3.0000000008,0.0000000008,1.0000000003,Solved
GCRe~s,16,3,3.0000000037,0.0000000037,1.0000000012,Solved
GCRe~w,16,3,3.0000000005,0.0000000005,1.0000000002,Solved
GCRe~{,17,3,3.0000000002,0.0000000002,1.0000000001,Solved
GCRfK{,14,3,3.0000000047,0.0000000047,1.0000000016,Solved
GCRfL{,15,3,3.0000000057,0.0000000057,1.0000000019,Solved
GCRfMk,14,3,3.0000000016,0.0000000016,1.0000000005,Solved
GCRfMw,14,3,3.0000000051,0.0000000051,1.0000000017,Solved
GCRfM{,15,3,3.0000000025,0.0000000025,1.0000000008,Solved
GCRfNK,14,3,3.0000000003,0.0000000003,1.0000000001,Solved
GCRfNg,14,3,3.0000000017,0.0000000017,1.0000000006,Solved
GCRfNk,15,3,3.0000000002,0.0000000002,1.0000000001,Solved
GCRfNo,14,3,3.0000000014,0.0000000014,1.0000000005,Solved
GCRfNw,15,3,3.0000000011,0.0000000011,1.0000000004,Solved
GCRfN{,16,3,3.0000000018,0.0000000018,1.0000000006,Solved
GCRfbw,14,3,3.0000000010,0.0000000010,1.0000000003,Solved
GCRfb{,15,3,3.0000000002,0.0000000002,1.0000000001,Solved
GCRfdw,14,3,3.0000000026,0.0000000026,1.0000000009,Solved
GCRfd{,15,3,3.0000000002,0.0000000002,1.0000000001,Solved
GCRfeg,13,3,3.2360679777,0.2360679777,1.0786893259,Solved
GCRfes,14,3,3.0000000013,0.0000000013,1.0000000004,Solved
GCRfew,14,3,3.0000000031,0.0000000031,1.0000000010,Solved
GCRfe{,15,3,3.0000000014,0.0000000014,1.0000000005,Solved
GCRffG,13,3,3.0000000005,0.0000000005,1.0000000002,Solved
GCRffO,13,3,3.0000000002,0.0000000002,1.0000000001,Solved
GCRffS,14,3,3.0000000014,0.0000000014,1.0000000005,Solved
GCRffW,14,3,3.0000000001,0.0000000001,1.0000000000,Solved
GCRff[,15,3,3.0000000005,0.0000000005,1.0000000002,Solved
GCRffc,14,3,3.0000000020,0.0000000020,1.0000000007,Solved
GCRffg,14,3,3.0000000044,0.0000000044,1.0000000015,Solved
GCRffk,15,3,3.0000000003,0.0000000003,1.0000000001,Solved
GCRffo,14,3,3.0000000006,0.0000000006,1.0000000002,Solved
GCRffs,15,3,3.0000000002,0.0000000002,1.0000000001,Solved
GCRffw,15,3,3.0000000004,0.0000000004,1.0000000001,Solved
GCRff{,16,3,3.0000000001,0.0000000001,1.0000000000,Solved
GCRfm{,16,3,3.0000000016,0.0000000016,1.0000000005,Solved
GCRfn[,16,3,3.0000000003,0.0000000003,1.0000000001,Solved
GCRfnk,16,3,3.0000000002,0.0000000002,1.0000000001,Solved
GCRfno,15,3,3.0000000004,0.0000000004,1.0000000001,Solved
GCRfns,16,3,3.0000000003,0.0000000003,1.0000000001,Solved
GCRfnw,16,3,3.0000000045,0.0000000045,1.0000000015,Solved
GCRfn{,17,3,3.0000000036,0.0000000036,1.0000000012,Solved
GCRfvo,15,3,3.0000000022,0.0000000022,1.0000000007,Solved
GCRfvs,16,3,3.0000000004,0.0000000004,1.0000000001,Solved
GCRfvw,16,3,3.0000000001,0.0000000001,1.0000000000,Solved
GCRfv{,17,3,3.0000000022,0.0000000022,1.0000000007,Solved
GCRf~w,17,3,3.0000000002,0.0000000002,1.0000000001,Solved
GCRf~{,18,3,3.0000000002,0.0000000002,1.0000000001,Solved
GCRtr[,15,3,3.0000000003,0.0000000003,1.0000000001,Solved
GCRttk,15,3,3.0000000006,0.0000000006,1.0000000002,Solved
GCRttw,15,3,3.0000000044,0.0000000044,1.0000000015,Solved
GCRtu[,15,3,3.0000000005,0.0000000005,1.0000000002,Solved
GCRtuk,15,3,3.0000000034,0.0000000034,1.0000000011,Solved
GCRtuw,15,3,3.0000000018,0.0000000018,1.0000000006,Solved
GCRtu{,16,3,3.0000000023,0.0000000023,1.0000000008,Solved
GCRtvK,15,3,3.0000000022,0.0000000022,1.0000000007,Solved
GCRtv[,16,3,3.0000000004,0.0000000004,1.0000000001,Solved
GCRtvg,15,3,3.0000000012,0.0000000012,1.0000000004,Solved
GCRtvk,16,3,3.0000000037,0.0000000037,1.0000000012,Solved
GCRtvo,15,3,3.0000000028,0.0000000028,1.0000000009,Solved
GCRtvw,16,3,3.0000000045,0.0000000045,1.0000000015,Solved
GCRtv{,17,3,3.0000000017,0.0000000017,1.0000000006,Solved
GCRt}{,17,3,3.0000000001,0.0000000001,1.0000000000,Solved
GCRt~[,17,3,3.0000000004,0.0000000004,1.0000000001,Solved
GCRt~w,17,3,3.0000000008,0.0000000008,1.0000000003,Solved
GCRt~{,18,3,3.0000000001,0.0000000001,1.0000000000,Solved
GCRur[,15,3,3.0000000009,0.0000000009,1.0000000003,Solved
GCRus{,15,3,3.0000000000,-0.0000000000,1.0000000000,Solved
GCRut[,15,3,3.0000000003,0.0000000003,1.0000000001,Solved
GCRutk,15,3,2.9999999996,-0.0000000004,0.9999999999,Solved
GCRutw,15,3,3.0000000000,0.0000000000,1.0000000000,Solved
GCRut{,16,3,3.0000000003,0.0000000003,1.0000000001,Solved
GCRuu[,15,3,3.0000000001,0.0000000001,1.0000000000,Solved
GCRuuk,15,3,2.9999999996,-0.0000000004,0.9999999999,Solved
GCRuus,15,3,3.0000000000,0.0000000000,1.0000000000,Solved
GCRuuw,15,3,3.0000000016,0.0000000016,1.0000000005,Solved
GCRuu{,16,3,3.0000000001,0.0000000001,1.0000000000,Solved
GCRuvK,15,3,3.0000000002,0.0000000002,1.0000000001,Solved
GCRuvW,15,3,3.0000000001,0.0000000001,1.0000000000,Solved
GCRuv[,16,3,3.0000000013,0.0000000013,1.0000000004,Solved
GCRuvc,15,3,3.0000000011,0.0000000011,1.0000000004,Solved
GCRuvg,15,3,3.0000000000,0.0000000000,1.0000000000,Solved
GCRuvk,16,3,3.0000000006,0.0000000006,1.0000000002,Solved
GCRuvo,15,3,3.0000000006,0.0000000006,1.0000000002,Solved
GCRuvs,16,3,3.0000000006,0.0000000006,1.0000000002,Solved
GCRuvw,16,3,3.0000000001,0.0000000001,1.0000000000,Solved
GCRuv{,17,3,3.0000000002,0.0000000002,1.0000000001,Solved
GCRu}{,17,3,3.0000000018,0.0000000018,1.0000000006,Solved
GCRu~s,17,3,3.0000000026,0.0000000026,1.0000000009,Solved
GCRu~w,17,3,3.0000000004,0.0000000004,1.0000000001,Solved
GCRu~{,18,3,3.0000000000,-0.0000000000,1.0000000000,Solved
GCRvP{,15,3,3.0000000004,0.0000000004,1.0000000001,Solved
GCRvRk,15,3,3.0000000005,0.0000000005,1.0000000002,Solved
GCRvRw,15,3,3.0000000002,0.0000000002,1.0000000001,Solved
GCRvS{,15,3,3.0000000029,0.0000000029,1.0000000010,Solved
GCRvTk,15,3,3.0000000004,0.0000000004,1.0000000001,Solved
GCRvTw,15,3,3.0000000001,0.0000000001,1.0000000000,Solved
GCRvT{,16,3,3.0000000002,0.0000000002,1.0000000001,Solved
GCRvUk,15,3,3.0000000003,0.0000000003,1.0000000001,Solved
GCRvUw,15,3,2.9999999999,-0.0000000001,1.0000000000,Solved
GCRvU{,16,3,3.0000000038,0.0000000038,1.0000000013,Solved
GCRvVK,15,3,3.0000000003,0.0000000003,1.0000000001,Solved
GCRvVW,15,3,3.0000000003,0.0000000003,1.0000000001,Solved
GCRvVg,15,3,3.0000000026,0.0000000026,1.0000000009,Solved
GCRvVk,16,3,3.0000000007,0.0000000007,1.0000000002,Solved
GCRvVo,15,3,3.0000000009,0.0000000009,1.0000000003,Solved
GCRvVw,16,3,3.0000000002,0.0000000002,1.0000000001,Solved
GCRvV{,17,3,3.0000000001,0.0000000001,1.0000000000,Solved
GCRv]{,17,3,3.0000000003,0.0000000003,1.0000000001,Solved
GCRv^w,17,3,3.0000000002,0.0000000002,1.0000000001,Solved
GCRv^{,18,3,3.0000000001,0.0000000001,1.0000000000,Solved
GCRvb[,15,3,3.0000000009,0.0000000009,1.0000000003,Solved
GCRvc{,15,3,3.0000000016,0.0000000016,1.0000000005,Solved
GCRvd[,15,3,3.0000000041,0.0000000041,1.0000000014,Solved
GCRvdk,15,3,3.0000000025,0.0000000025,1.0000000008,Solved
GCRvd{,16,3,3.0000000015,0.0000000015,1.0000000005,Solved
GCRve[,15,3,3.0000000021,0.0000000021,1.0000000007,Solved
GCRvek,15,3,3.0000000007,0.0000000007,1.0000000002,Solved
GCRve{,16,3,3.0000000006,0.0000000006,1.0000000002,Solved
GCRvfK,15,3,3.0000000030,0.0000000030,1.0000000010,Solved
GCRvf[,16,3,3.0000000004,0.0000000004,1.0000000001,Solved
GCRvfg,15,3,3.0000000003,0.0000000003,1.0000000001,Solved
GCRvfk,16,3,3.0000000008,0.0000000008,1.0000000003,Solved
GCRvfo,15,3,3.0000000011,0.0000000011,1.0000000004,Solved
GCRvfw,16,3,3.0000000018,0.0000000018,1.0000000006,Solved
GCRvf{,17,3,3.0000000014,0.0000000014,1.0000000005,Solved
GCRvl{,17,3,2.9999999997,-0.0000000003,0.9999999999,Solved
GCRvm{,17,3,3.0000000006,0.0000000006,1.0000000002,Solved
GCRvn[,17,3,3.0000000012,0.0000000012,1.0000000004,Solved
GCRvnk,17,3,3.0000000000,0.0000000000,1.0000000000,Solved
GCRvn{,18,3,2.9999999990,-0.0000000010,0.9999999997,Solved
GCRvtw,16,3,3.0000000004,0.0000000004,1.0000000001,Solved
GCRvuw,16,3,3.0000000010,0.0000000010,1.0000000003,Solved
GCRvvW,16,3,3.0000000004,0.0000000004,1.0000000001,Solved
GCRvvg,16,3,3.0000000003,0.0000000003,1.0000000001,Solved
GCRvvk,17,3,3.0000000026,0.0000000026,1.0000000009,Solved
GCRvvo,16,3,3.0000000010,0.0000000010,1.0000000003,Solved
GCRvvs,17,3,3.0000000026,0.0000000026,1.0000000009,Solved
GCRvvw,17,3,3.0000000016,0.0000000016,1.0000000005,Solved
GCRvv{,18,3,3.0000000006,0.0000000006,1.0000000002,Solved
GCRv~{,19,3,2.9999999994,-0.0000000006,0.9999999998,Solved
GCR~u{,18,3,2.9999999997,-0.0000000003,0.9999999999,Solved
GCR~vk,18,3,2.9999999989,-0.0000000011,0.9999999996,Solved
GCR~vo,17,3,3.0000000000,-0.0000000000,1.0000000000,Solved
GCR~vw,18,3,2.9999999999,-0.0000000001,1.0000000000,Solved
GCR~v{,19,3,2.9999999999,-0.0000000001,1.0000000000,Solved
GCR~~{,20,3,2.9999999999,-0.0000000001,1.0000000000,Solved
GCXb^W,14,3,3.0000000009,0.0000000009,1.0000000003,Solved
GCXb^[,15,3,3.0000000014,0.0000000014,1.0000000005,Solved
GCXb^_,13,3,3.0000000001,0.0000000001,1.0000000000,Solved
GCXb^o,14,3,3.0000000020,0.0000000020,1.0000000007,Solved
GCXb^s,15,3,3.0000000003,0.0000000003,1.0000000001,Solved
GCXb^w,15,3,3.0000000005,0.0000000005,1.0000000002,Solved
GCXb^{,16,3,3.0000000032,0.0000000032,1.0000000011,Solved
GCXe`W,11,3,3.0000000034,0.0000000034,1.0000000011,Solved
GCXe`[,12,3,3.0000000012,0.0000000012,1.0000000004,Solved
GCXeb[,13,3,3.0000000016,0.0000000016,1.0000000005,Solved
GCXecW,11,4,3.9999999999,-0.0000000001,1.0000000000,Solved
GCXec[,12,4,3.9999999997,-0.0000000003,0.9999999999,Solved
GCXeco,11,3,3.2360679796,0.2360679796,1.0786893265,Solved
GCXecs,12,3,2.9999999999,-0.0000000001,1.0000000000,Solved
GCXecw,12,3,3.2360679810,0.2360679810,1.0786893270,Solved
GCXec{,13,3,2.9999999994,-0.0000000006,0.9999999998,Solved
GCXedS,12,3,3.0000000075,0.0000000075,1.0000000025,Solved
GCXedW,12,3,3.0000000012,0.0000000012,1.0000000004,Solved
GCXed[,13,3,3.0000000017,0.0000000017,1.0000000006,Solved
GCXed_,11,4,3.9999999998,-0.0000000002,1.0000000000,Solved
GCXedc,12,3,3.0000000004,0.0000000004,1.0000000001,Solved
GCXedo,12,3,3.0000000030,0.0000000030,1.0000000010,Solved
GCXeds,13,3,3.0000000020,0.0000000020,1.0000000007,Solved
GCXedw,13,3,3.0000000058,0.0000000058,1.0000000019,Solved
GCXed{,14,3,3.0000000042,0.0000000042,1.0000000014,Solved
GCXeeW,12,3,3.0000000007,0.0000000007,1.0000000002,Solved
GCXee[,13,3,3.0000000044,0.0000000044,1.0000000015,Solved
GCXeec,12,3,3.0000000004,0.0000000004,1.0000000001,Solved
GCXeeo,12,3,3.0000000016,0.0000000016,1.0000000005,Solved
GCXees,13,3,3.0000000006,0.0000000006,1.0000000002,Solved
GCXeew,13,3,3.0000000012,0.0000000012,1.0000000004,Solved
GCXee{,14,3,3.0000000003,0.0000000003,1.0000000001,Solved
GCXefO,12,3,3.0000000011,0.0000000011,1.0000000004,Solved
GCXefS,13,3,3.0000000035,0.0000000035,1.0000000012,Solved
GCXefW,13,3,3.0000000007,0.0000000007,1.0000000002,Solved
GCXef[,14,3,3.0000000008,0.0000000008,1.0000000003,Solved
GCXef_,12,4,3.9999999995,-0.0000000005,0.9999999999,Solved
GCXefc,13,3,3.0000000004,0.0000000004,1.0000000001,Solved
GCXefo,13,3,3.0000000009,0.0000000009,1.0000000003,Solved
GCXefs,14,3,3.0000000010,0.0000000010,1.0000000003,Solved
GCXefw,14,3,3.0000000005,0.0000000005,1.0000000002,Solved
GCXef{,15,3,3.0000000032,0.0000000032,1.0000000011,Solved
GCXer[,14,3,3.0000000005,0.0000000005,1.0000000002,Solved
GCXetg,13,3,3.0000000003,0.0000000003,1.0000000001,Solved
GCXetk,14,3,2.9999999999,-0.0000000001,1.0000000000,Solved
GCXets,14,3,2.9999999997,-0.0000000003,0.9999999999,Solved
GCXeus,14,3,3.0000000006,0.0000000006,1.0000000002,Solved
GCXevK,14,3,3.0000000001,0.0000000001,1.0000000000,Solved
GCXevS,14,3,3.0000000030,0.0000000030,1.0000000010,Solved
GCXevW,14,3,3.0000000001,0.0000000001,1.0000000000,Solved
GCXev[,15,3,3.0000000001,0.0000000001,1.0000000000,Solved
GCXevg,14,3,3.0000000002,0.0000000002,1.0000000001,Solved
GCXevk,15,3,2.9999999998,-0.0000000002,0.9999999999,Solved
GCXevo,14,3,3.0000000014,0.0000000014,1.0000000005,Solved
GCXevs,15,3,3.0000000004,0.0000000004,1.0000000001,Solved
GCXevw,15,3,2.9999999998,-0.0000000002,0.9999999999,Solved
GCXev{,16,3,2.9999999999,-0.0000000001,1.0000000000,Solved
GCXfQ{,14,3,3.0000000011,0.0000000011,1.0000000004,Solved
GCXfR[,14,3,3.0000000028,0.0000000028,1.0000000009,Solved
GCXfRg,13,3,3.0000000000,0.0000000000,1.0000000000,Solved
GCXfRk,14,3,3.0000000008,0.0000000008,1.0000000003,Solved
GCXfRs,14,3,3.0000000006,0.0000000006,1.0000000002,Solved
GCXfRw,14,3,3.0000000011,0.0000000011,1.0000000004,Solved
GCXfR{,15,3,3.0000000037,0.0000000037,1.0000000012,Solved
GCXfU[,14,3,3.0000000031,0.0000000031,1.0000000010,Solved
GCXfUw,14,3,3.0000000022,0.0000000022,1.0000000007,Solved
GCXfU{,15,3,3.0000000009,0.0000000009,1.0000000003,Solved
GCXfVG,13,3,3.0000000001,0.0000000001,1.0000000000,Solved
GCXfVK,14,3,3.0000000000,0.0000000000,1.0000000000,Solved
GCXfVS,14,3,3.0000000015,0.0000000015,1.0000000005,Solved
GCXfVW,14,3,3.0000000024,0.0000000024,1.0000000008,Solved
GCXfV[,15,3,3.0000000012,0.0000000012,1.0000000004,Solved
GCXfV_,13,3,3.0000000009,0.0000000009,1.0000000003,Solved
GCXfVg,14,3,3.0000000002,0.0000000002,1.0000000001,Solved
GCXfVk,15,3,3.0000000017,0.0000000017,1.0000000006,Solved
GCXfVo,14,3,3.0000000024,0.0000000024,1.0000000008,Solved
GCXfVs,15,3,3.0000000010,0.0000000010,1.0000000003,Solved
GCXfVw,15,3,3.0000000015,0.0000000015,1.0000000005,Solved
GCXfV{,16,3,3.0000000037,0.0000000037,1.0000000012,Solved
GCXfZw,15,3,3.0000000010,0.0000000010,1.0000000003,Solved
GCXfZ{,16,3,3.0000000000,0.0000000000,1.0000000000,Solved
GCXf^W,15,3,3.0000000013,0.0000000013,1.0000000004,Solved
GCXf^[,16,3,3.0000000000,-0.0000000000,1.0000000000,Solved
GCXf^w,16,3,3.0000000015,0.0000000015,1.0000000005,Solved
GCXf^{,17,3,3.0000000000,-0.0000000000,1.0000000000,Solved
GCXfb[,14,3,3.0000000020,0.0000000020,1.0000000007,Solved
GCXfcw,13,3,3.1965575938,0.1965575938,1.0655191979,Solved
GCXfc{,14,3,3.0000000001,0.0000000001,1.0000000000,Solved
GCXfe[,14,3,3.0000000002,0.0000000002,1.0000000001,Solved
GCXfes,14,3,3.0000000027,0.0000000027,1.0000000009,Solved
GCXfew,14,3,3.0000000044,0.0000000044,1.0000000015,Solved
GCXfe{,15,3,3.0000000006,0.0000000006,1.0000000002,Solved
GCXffS,14,3,3.0000000005,0.0000000005,1.0000000002,Solved
GCXffW,14,3,3.0000000012,0.0000000012,1.0000000004,Solved
GCXff[,15,3,3.0000000009,0.0000000009,1.0000000003,Solved
GCXff_,13,4,4.0000000006,0.0000000006,1.0000000002,Solved
GCXffc,14,3,3.0000000000,0.0000000000,1.0000000000,Solved
GCXffo,14,3,3.0000000009,0.0000000009,1.0000000003,Solved
GCXffs,15,3,3.0000000005,0.0000000005,1.0000000002,Solved
GCXffw,15,3,3.0000000003,0.0000000003,1.0000000001,Solved
GCXff{,16,3,3.0000000010,0.0000000010,1.0000000003,Solved
GCXfuw,15,3,3.0000000019,0.0000000019,1.0000000006,Solved
GCXfu{,16,3,3.0000000012,0.0000000012,1.0000000004,Solved
GCXfvW,15,3,3.0000000004,0.0000000004,1.0000000001,Solved
GCXfv[,16,3,3.0000000007,0.0000000007,1.0000000002,Solved
GCXfvg,15,3,3.0000000001,0.0000000001,1.0000000000,Solved
GCXfvk,16,3,2.9999999998,-0.0000000002,0.9999999999,Solved
GCXfvo,15,3,3.0000000005,0.0000000005,1.0000000002,Solved
GCXfvs,16,3,3.0000000015,0.0000000015,1.0000000005,Solved
GCXfvw,16,3,3.0000000042,0.0000000042,1.0000000014,Solved
GCXfv{,17,3,3.0000000029,0.0000000029,1.0000000010,Solved
GCXf~w,17,3,3.0000000002,0.0000000002,1.0000000001,Solved
GCXf~{,18,3,3.0000000002,0.0000000002,1.0000000001,Solved
GCXj[{,15,3,2.9999999992,-0.0000000008,0.9999999997,Solved
GCXj][,15,3,3.0000000006,0.0000000006,1.0000000002,Solved
GCXj]w,15,3,3.0000000002,0.0000000002,1.0000000001,Solved
GCXj]{,16,3,3.0000000005,0.0000000005,1.0000000002,Solved
GCXj^W,15,3,3.0000000037,0.0000000037,1.0000000012,Solved
GCXj^[,16,3,3.0000000003,0.0000000003,1.0000000001,Solved
GCXj^w,16,3,3.0000000006,0.0000000006,1.0000000002,Solved
GCXj^{,17,3,3.0000000012,0.0000000012,1.0000000004,Solved
GCXk{{,15,3,3.0000000005,0.0000000005,1.0000000002,Solved
GCXk}s,15,3,3.0000000002,0.0000000002,1.0000000001,Solved
GCXk}w,15,3,3.0000000005,0.0000000005,1.0000000002,Solved
GCXk}{,16,3,3.0000000000,0.0000000000,1.0000000000,Solved
GCXk~S,15,3,3.0000000007,0.0000000007,1.0000000002,Solved
GCXk~[,16,3,3.0000000017,0.0000000017,1.0000000006,Solved
GCXk~c,15,3,3.0000000003,0.0000000003,1.0000000001,Solved
GCXk~o,15,3,3.0000000006,0.0000000006,1.0000000002,Solved
GCXk~s,16,3,3.0000000004,0.0000000004,1.0000000001,Solved
GCXk~w,16,3,3.0000000001,0.0000000001,1.0000000000,Solved
GCXk~{,17,3,3.0000000000,0.0000000000,1.0000000000,Solved
GCXmX{,15,3,3.0000000002,0.0000000002,1.0000000001,Solved
GCXmY{,15,3,3.0000000026,0.0000000026,1.0000000009,Solved
GCXmZs,15,3,3.0000000002,0.0000000002,1.0000000001,Solved
GCXmZw,15,3,3.0000000007,0.0000000007,1.0000000002,Solved
GCXmZ{,16,3,3.0000000016,0.0000000016,1.0000000005,Solved
GCXm[{,15,3,3.0000000030,0.0000000030,1.0000000010,Solved
GCXm\[,15,3,3.0000000007,0.0000000007,1.0000000002,Solved
GCXm\s,15,3,3.0000000001,0.0000000001,1.0000000000,Solved
GCXm\w,15,3,2.9999999995,-0.0000000005,0.9999999998,Solved
GCXm\{,16,3,3.0000000021,0.0000000021,1.0000000007,Solved
GCXm][,15,3,2.9999999996,-0.0000000004,0.9999999999,Solved
GCXm]s,15,3,3.0000000014,0.0000000014,1.0000000005,Solved
GCXm]w,15,3,3.0000000009,0.0000000009,1.0000000003,Solved
GCXm]{,16,3,3.0000000004,0.0000000004,1.0000000001,Solved
GCXm^S,15,3,3.0000000007,0.0000000007,1.0000000002,Solved
GCXm^W,15,3,3.0000000035,0.0000000035,1.0000000012,Solved
GCXm^[,16,3,3.0000000005,0.0000000005,1.0000000002,Solved
GCXm^c,15,3,3.0000000005,0.0000000005,1.0000000002,Solved
GCXm^o,15,3,3.0000000005,0.0000000005,1.0000000002,Solved
GCXm^s,16,3,3.0000000002,0.0000000002,1.0000000001,Solved
GCXm^w,16,3,3.0000000003,0.0000000003,1.0000000001,Solved
GCXm^{,17,3,2.9999999998,-0.0000000002,0.9999999999,Solved
GCXm`[,13,3,3.0000000004,0.0000000004,1.0000000001,Solved
GCXma[,13,3,3.0000000006,0.0000000006,1.0000000002,Solved
GCXmbS,13,3,3.0000000009,0.0000000009,1.0000000003,Solved
GCXmb[,14,3,2.9999999999,-0.0000000001,1.0000000000,Solved
GCXmc[,13,4,3.9999999998,-0.0000000002,0.9999999999,Solved
GCXmcs,13,3,3.0000000019,0.0000000019,1.0000000006,Solved
GCXmcw,13,3,3.0000000033,0.0000000033,1.0000000011,Solved
GCXmc{,14,3,3.0000000001,0.0000000001,1.0000000000,Solved
GCXmdS,13,3,3.0000000037,0.0000000037,1.0000000012,Solved
GCXmdW,13,3,3.0000000001,0.0000000001,1.0000000000,Solved
GCXmd[,14,3,3.0000000031,0.0000000031,1.0000000010,Solved
GCXmd_,12,3,3.0000000016,0.0000000016,1.0000000005,Solved
GCXmdc,13,3,3.0000000002,0.0000000002,1.0000000001,Solved
GCXmdo,13,3,3.0000000002,0.0000000002,1.0000000001,Solved
GCXmds,14,3,3.0000000004,0.0000000004,1.0000000001,Solved
GCXmdw,14,3,3.0000000007,0.0000000007,1.0000000002,Solved
GCXmd{,15,3,3.0000000000,-0.0000000000,1.0000000000,Solved
GCXmeS,13,3,3.0000000009,0.0000000009,1.0000000003,Solved
GCXmeW,13,3,3.0000000002,0.0000000002,1.0000000001,Solved
GCXme[,14,3,3.0000000005,0.0000000005,1.0000000002,Solved
GCXmeo,13,3,3.0000000000,0.0000000000,1.0000000000,Solved
GCXmes,14,3,3.0000000007,0.0000000007,1.0000000002,Solved
GCXmew,14,3,3.0000000007,0.0000000007,1.0000000002,Solved
GCXme{,15,3,3.0000000008,0.0000000008,1.0000000003,Solved
GCXmfO,13,3,3.0000000030,0.0000000030,1.0000000010,Solved
GCXmfS,14,3,3.0000000007,0.0000000007,1.0000000002,Solved
GCXmfW,14,3,2.9999999997,-0.0000000003,0.9999999999,Solved
GCXmf[,15,3,2.9999999993,-0.0000000007,0.9999999998,Solved
GCXmf_,13,3,3.0000000024,0.0000000024,1.0000000008,Solved
GCXmfc,14,3,3.0000000007,0.0000000007,1.0000000002,Solved
GCXmfo,14,3,3.0000000009,0.0000000009,1.0000000003,Solved
GCXmfs,15,3,3.0000000001,0.0000000001,1.0000000000,Solved
GCXmfw,15,3,3.0000000004,0.0000000004,1.0000000001,Solved
GCXmf{,16,3,3.0000000005,0.0000000005,1.0000000002,Solved
GCXmtk,15,3,2.9999999998,-0.0000000002,0.9999999999,Solved
GCXmts,15,3,3.0000000005,0.0000000005,1.0000000002,Solved
GCXmtw,15,3,3.0000000001,0.0000000001,1.0000000000,Solved
GCXmt{,16,3,3.0000000001,0.0000000001,1.0000000000,Solved
GCXmuk,15,3,2.9999999999,-0.0000000001,1.0000000000,Solved
GCXmus,15,3,3.0000000009,0.0000000009,1.0000000003,Solved
GCXmuw,15,3,3.0000000009,0.0000000009,1.0000000003,Solved
GCXmu{,16,3,2.9999999999,-0.0000000001,1.0000000000,Solved
GCXmvK,15,3,3.0000000026,0.0000000026,1.0000000009,Solved
GCXmvW,15,3,3.0000000004,0.0000000004,1.0000000001,Solved
GCXmv[,16,3,3.0000000001,0.0000000001,1.0000000000,Solved
GCXmvc,15,3,3.0000000000,-0.0000000000,1.0000000000,Solved
GCXmvg,15,3,2.9999999997,-0.0000000003,0.9999999999,Solved
GCXmvk,16,3,3.0000000032,0.0000000032,1.0000000011,Solved
GCXmvo,15,3,3.0000000028,0.0000000028,1.0000000009,Solved
GCXmvs,16,3,3.0000000002,0.0000000002,1.0000000001,Solved
GCXmvw,16,3,3.0000000003,0.0000000003,1.0000000001,Solved
GCXmv{,17,3,3.0000000002,0.0000000002,1.0000000001,Solved
GCXm|{,17,3,3.0000000027,0.0000000027,1.0000000009,Solved
GCXm}{,17,3,3.0000000018,0.0000000018,1.0000000006,Solved
GCXm~[,17,3,3.0000000003,0.0000000003,1.0000000001,Solved
GCXm~s,17,3,3.0000000002,0.0000000002,1.0000000001,Solved
GCXm~w,17,3,3.0000000015,0.0000000015,1.0000000005,Solved
GCXm~{,18,3,3.0000000000,0.0000000000,1.0000000000,Solved
GCXn?{,13,4,3.9999999998,-0.0000000002,1.0000000000,Solved
GCXnA[,13,3,3.0000000010,0.0000000010,1.0000000003,Solved
GCXnA{,14,3,3.0000000054,0.0000000054,1.0000000018,Solved
GCXnBS,13,3,3.0000000009,0.0000000009,1.0000000003,Solved
GCXnBW,13,3,3.0000000012,0.0000000012,1.0000000004,Solved
GCXnB[,14,3,3.0000000027,0.0000000027,1.0000000009,Solved
GCXnBc,13,3,3.0000000018,0.0000000018,1.0000000006,Solved
GCXnBo,13,3,3.2360679775,0.2360679775,1.0786893258,Solved
GCXnBs,14,3,3.0000000017,0.0000000017,1.0000000006,Solved
GCXnBw,14,3,3.0000000008,0.0000000008,1.0000000003,Solved
GCXnB{,15,3,3.0000000002,0.0000000002,1.0000000001,Solved
GCXnC[,13,4,3.9999999996,-0.0000000004,0.9999999999,Solved
GCXnCs,13,3,3.0000000080,0.0000000080,1.0000000027,Solved
GCXnC{,14,3,3.0000000002,0.0000000002,1.0000000001,Solved
GCXnE[,14,3,3.0000000015,0.0000000015,1.0000000005,Solved
GCXnEs,14,3,3.0000000012,0.0000000012,1.0000000004,Solved
GCXnEw,14,3,3.0000000001,0.0000000001,1.0000000000,Solved
GCXnE{,15,3,3.0000000003,0.0000000003,1.0000000001,Solved
GCXnFC,13,3,3.0000000021,0.0000000021,1.0000000007,Solved
GCXnFS,14,3,3.0000000012,0.0000000012,1.0000000004,Solved
GCXnFW,14,3,3.0000000003,0.0000000003,1.0000000001,Solved
GCXnF[,15,3,3.0000000008,0.0000000008,1.0000000003,Solved
GCXnF_,13,3,3.0000000007,0.0000000007,1.0000000002,Solved
GCXnFc,14,3,3.0000000005,0.0000000005,1.0000000002,Solved
GCXnFo,14,3,3.0000000013,0.0000000013,1.0000000004,Solved
GCXnFs,15,3,3.0000000007,0.0000000007,1.0000000002,Solved
GCXnFw,15,3,3.0000000005,0.0000000005,1.0000000002,Solved
GCXnF{,16,3,3.0000000010,0.0000000010,1.0000000003,Solved
GCXnRk,15,3,3.0000000002,0.0000000002,1.0000000001,Solved
GCXnRs,15,3,3.0000000006,0.0000000006,1.0000000002,Solved
GCXnRw,15,3,3.0000000002,0.0000000002,1.0000000001,Solved
GCXnR{,16,3,3.0000000000,-0.0000000000,1.0000000000,Solved
GCXnUs,15,3,3.0000000008,0.0000000008,1.0000000003,Solved
GCXnU{,16,3,3.0000000011,0.0000000011,1.0000000004,Solved
GCXnVK,15,3,3.0000000001,0.0000000001,1.0000000000,Solved
GCXnVS,15,3,3.0000000005,0.0000000005,1.0000000002,Solved
GCXnVW,15,3,3.0000000004,0.0000000004,1.0000000001,Solved
GCXnV[,16,3,3.0000000027,0.0000000027,1.0000000009,Solved
GCXnVg,15,3,3.0000000022,0.0000000022,1.0000000007,Solved
GCXnVk,16,3,3.0000000003,0.0000000003,1.0000000001,Solved
GCXnVo,15,3,3.0000000002,0.0000000002,1.0000000001,Solved
GCXnVs,16,3,3.0000000012,0.0000000012,1.0000000004,Solved
GCXnVw,16,3,3.0000000010,0.0000000010,1.0000000003,Solved
GCXnV{,17,3,3.0000000018,0.0000000018,1.0000000006,Solved
GCXnZ{,17,3,3.0000000001,0.0000000001,1.0000000000,Solved
GCXn^[,17,3,2.9999999995,-0.0000000005,0.9999999998,Solved
GCXn^w,17,3,3.0000000005,0.0000000005,1.0000000002,Solved
GCXn^{,18,3,3.0000000001,0.0000000001,1.0000000000,Solved
GCXnbW,14,3,3.0000000000,0.0000000000,1.0000000000,Solved
GCXnb[,15,3,3.0000000010,0.0000000010,1.0000000003,Solved
GCXncw,14,3,3.0000000049,0.0000000049,1.0000000016,Solved
GCXnew,15,3,3.0000000000,-0.0000000000,1.0000000000,Solved
GCXne{,16,3,3.0000000000,0.0000000000,1.0000000000,Solved
GCXnfO,14,3,3.0000000032,0.0000000032,1.0000000011,Solved
GCXnfS,15,3,3.0000000012,0.0000000012,1.0000000004,Solved
GCXnfW,15,3,3.0000000000,0.0000000000,1.0000000000,Solved
GCXnf[,16,3,3.0000000002,0.0000000002,1.0000000001,Solved
GCXnf_,14,3,3.0000000031,0.0000000031,1.0000000010,Solved
GCXnfc,15,3,3.0000000000,-0.0000000000,1.0000000000,Solved
GCXnfo,15,3,3.0000000012,0.0000000012,1.0000000004,Solved
GCXnfs,16,3,3.0000000003,0.0000000003,1.0000000001,Solved
GCXnfw,16,3,3.0000000001,0.0000000001,1.0000000000,Solved
GCXnf{,17,3,3.0000000007,0.0000000007,1.0000000002,Solved
GCXnv[,17,3,3.0000000005,0.0000000005,1.0000000002,Solved
GCXnvg,16,3,3.0000000016,0.0000000016,1.0000000005,Solved
GCXnvk,17,3,3.0000000009,0.0000000009,1.0000000003,Solved
GCXnvs,17,3,3.0000000006,0.0000000006,1.0000000002,Solved
GCXnvw,17,3,3.0000000008,0.0000000008,1.0000000003,Solved
GCXnv{,18,3,3.0000000003,0.0000000003,1.0000000001,Solved
GCXn~w,18,3,3.0000000001,0.0000000001,1.0000000000,Solved
GCXn~{,19,3,3.0000000010,0.0000000010,1.0000000003,Solved
GCY[{{,15,3,3.0000000005,0.0000000005,1.0000000002,Solved
GCY[}k,15,3,3.0000000000,0.0000000000,1.0000000000,Solved
GCY[}{,16,3,3.0000000019,0.0000000019,1.0000000006,Solved
GCY[~K,15,3,3.0000000003,0.0000000003,1.0000000001,Solved
GCY[~[,16,3,3.0000000013,0.0000000013,1.0000000004,Solved
GCY[~g,15,3,3.0000000018,0.0000000018,1.0000000006,Solved
GCY[~k,16,3,3.0000000009,0.0000000009,1.0000000003,Solved
GCY[~o,15,3,3.0000000011,0.0000000011,1.0000000004,Solved
GCY[~w,16,3,3.0000000011,0.0000000011,1.0000000004,Solved
GCY[~{,17,3,3.0000000020,0.0000000020,1.0000000007,Solved
GCY]lk,15,3,3.0000000002,0.0000000002,1.0000000001,Solved
GCY]lw,15,3,3.0000000001,0.0000000001,1.0000000000,Solved
GCY]l{,16,3,3.0000000001,0.0000000001,1.0000000000,Solved
GCY]mk,15,3,3.0000000003,0.0000000003,1.0000000001,Solved
GCY]mw,15,3,3.0000000011,0.0000000011,1.0000000004,Solved
GCY]m{,16,3,3.0000000006,0.0000000006,1.0000000002,Solved
GCY]nW,15,3,3.0000000002,0.0000000002,1.0000000001,Solved
GCY]n[,16,3,3.0000000011,0.0000000011,1.0000000004,Solved
GCY]nc,15,3,3.0000000061,0.0000000061,1.0000000020,Solved
GCY]ng,15,3,3.0000000014,0.0000000014,1.0000000005,Solved
GCY]nk,16,3,3.0000000001,0.0000000001,1.0000000000,Solved
GCY]no,15,3,3.0000000004,0.0000000004,1.0000000001,Solved
GCY]ns,16,3,3.0000000004,0.0000000004,1.0000000001,Solved
GCY]nw,16,3,3.0000000001,0.0000000001,1.0000000000,Solved
GCY]n{,17,3,3.0000000001,0.0000000001,1.0000000000,Solved
GCY]s{,15,3,3.0000000028,0.0000000028,1.0000000009,Solved
GCY]tk,15,3,3.0000000011,0.0000000011,1.0000000004,Solved
GCY]ts,15,3,3.0000000053,0.0000000053,1.0000000018,Solved
GCY]tw,15,3,3.0000000020,0.0000000020,1.0000000007,Solved
GCY]t{,16,3,3.0000000001,0.0000000001,1.0000000000,Solved
GCY]uk,15,3,3.0000000002,0.0000000002,1.0000000001,Solved
GCY]us,15,3,3.0000000035,0.0000000035,1.0000000012,Solved
GCY]uw,15,3,3.0000000004,0.0000000004,1.0000000001,Solved
GCY]u{,16,3,3.0000000022,0.0000000022,1.0000000007,Solved
GCY]vW,15,3,3.0000000001,0.0000000001,1.0000000000,Solved
GCY]v[,16,3,3.0000000003,0.0000000003,1.0000000001,Solved
GCY]vc,15,3,3.0000000068,0.0000000068,1.0000000023,Solved
GCY]vg,15,3,3.0000000034,0.0000000034,1.0000000011,Solved
GCY]vk,16,3,3.0000000008,0.0000000008,1.0000000003,Solved
GCY]vo,15,3,3.0000000002,0.0000000002,1.0000000001,Solved
GCY]vs,16,3,3.0000000008,0.0000000008,1.0000000003,Solved
GCY]vw,16,3,3.0000000002,0.0000000002,1.0000000001,Solved
GCY]v{,17,3,3.0000000012,0.0000000012,1.0000000004,Solved
GCY]|{,17,3,3.0000000002,0.0000000002,1.0000000001,Solved
GCY]}{,17,3,3.0000000002,0.0000000002,1.0000000001,Solved
GCY]~k,17,3,3.0000000002,0.0000000002,1.0000000001,Solved
GCY]~s,17,3,3.0000000011,0.0000000011,1.0000000004,Solved
GCY]~w,17,3,3.0000000003,0.0000000003,1.0000000001,Solved
GCY]~{,18,3,3.0000000003,0.0000000003,1.0000000001,Solved
GCY^As,13,3,3.0000000002,0.0000000002,1.0000000001,Solved
GCY^BS,13,3,3.0000000002,0.0000000002,1.0000000001,Solved
GCY^BW,13,3,3.0000000004,0.0000000004,1.0000000001,Solved
GCY^B_,12,3,3.2749172185,0.2749172185,1.0916390728,Solved
GCY^Bo,13,3,3.0000000005,0.0000000005,1.0000000002,Solved
GCY^Bs,14,3,3.0000000032,0.0000000032,1.0000000011,Solved
GCY^Bw,14,3,3.0000000001,0.0000000001,1.0000000000,Solved
GCY^C[,13,4,3.9999999993,-0.0000000007,0.9999999998,Solved
GCY^Cs,13,4,4.0000000014,0.0000000014,1.0000000003,Solved
GCY^Cw,13,3,3.0000000006,0.0000000006,1.0000000002,Solved
GCY^C{,14,3,3.0000000000,-0.0000000000,1.0000000000,Solved
GCY^ES,13,3,3.0000000049,0.0000000049,1.0000000016,Solved
GCY^EW,13,3,3.0000000010,0.0000000010,1.0000000003,Solved
GCY^E[,14,3,3.0000000021,0.0000000021,1.0000000007,Solved
GCY^Eo,13,3,3.0000000008,0.0000000008,1.0000000003,Solved
GCY^Es,14,3,3.0000000012,0.0000000012,1.0000000004,Solved
GCY^Ew,14,3,3.0000000002,0.0000000002,1.0000000001,Solved
GCY^E{,15,3,3.0000000005,0.0000000005,1.0000000002,Solved
GCY^FG,13,4,3.9999999985,-0.0000000015,0.9999999996,Solved
GCY^FO,13,3,3.0000000032,0.0000000032,1.0000000011,Solved
GCY^FS,14,3,3.0000000035,0.0000000035,1.0000000012,Solved
GCY^FW,14,3,3.0000000002,0.0000000002,1.0000000001,Solved
GCY^F[,15,3,3.0000000003,0.0000000003,1.0000000001,Solved
GCY^F_,13,3,3.2360679776,0.2360679776,1.0786893259,Solved
GCY^Fg,14,3,3.0000000002,0.0000000002,1.0000000001,Solved
GCY^Fo,14,3,3.0000000001,0.0000000001,1.0000000000,Solved
GCY^Fs,15,3,3.0000000003,0.0000000003,1.0000000001,Solved
GCY^Fw,15,3,3.0000000003,0.0000000003,1.0000000001,Solved
GCY^F{,16,3,3.0000000000,0.0000000000,1.0000000000,Solved
GCY^Jk,15,3,3.0000000032,0.0000000032,1.0000000011,Solved
GCY^Jw,15,3,3.0000000008,0.0000000008,1.0000000003,Solved
GCY^J{,16,3,3.0000000020,0.0000000020,1.0000000007,Solved
GCY^Mk,15,3,3.0000000002,0.0000000002,1.0000000001,Solved
GCY^Ms,15,3,3.0000000013,0.0000000013,1.0000000004,Solved
GCY^Mw,15,3,3.0000000011,0.0000000011,1.0000000004,Solved
GCY^M{,16,3,2.9999999998,-0.0000000002,0.9999999999,Solved
GCY^NK,15,3,3.0000000007,0.0000000007,1.0000000002,Solved
GCY^NW,15,3,3.0000000014,0.0000000014,1.0000000005,Solved
GCY^N[,16,3,3.0000000012,0.0000000012,1.0000000004,Solved
GCY^Nc,15,3,3.0000000030,0.0000000030,1.0000000010,Solved
GCY^Ng,15,3,3.0000000007,0.0000000007,1.0000000002,Solved
GCY^Nk,16,3,3.0000000009,0.0000000009,1.0000000003,Solved
GCY^No,15,3,3.0000000023,0.0000000023,1.0000000008,Solved
GCY^Ns,16,3,3.0000000031,0.0000000031,1.0000000010,Solved
GCY^Nw,16,3,3.0000000024,0.0000000024,1.0000000008,Solved
GCY^N{,17,3,3.0000000006,0.0000000006,1.0000000002,Solved
GCY^Rs,15,3,2.9999999998,-0.0000000002,0.9999999999,Solved
GCY^Rw,15,3,3.0000000006,0.0000000006,1.0000000002,Solved
GCY^S{,15,3,3.0000000003,0.0000000003,1.0000000001,Solved
GCY^U[,15,3,3.0000000030,0.0000000030,1.0000000010,Solved
GCY^Us,15,3,3.0000000004,0.0000000004,1.0000000001,Solved
GCY^Uw,15,3,3.0000000012,0.0000000012,1.0000000004,Solved
GCY^U{,16,3,3.0000000024,0.0000000024,1.0000000008,Solved
GCY^VS,15,3,3.0000000007,0.0000000007,1.0000000002,Solved
GCY^VW,15,3,3.0000000010,0.0000000010,1.0000000003,Solved
GCY^V[,16,3,3.0000000001,0.0000000001,1.0000000000,Solved
GCY^Vg,15,3,3.0000000000,0.0000000000,1.0000000000,Solved
GCY^Vo,15,3,3.0000000055,0.0000000055,1.0000000018,Solved
GCY^Vs,16,3,3.0000000002,0.0000000002,1.0000000001,Solved
GCY^Vw,16,3,3.0000000004,0.0000000004,1.0000000001,Solved
GCY^V{,17,3,3.0000000004,0.0000000004,1.0000000001,Solved
GCY^Z{,17,3,3.0000000001,0.0000000001,1.0000000000,Solved
GCY^]{,17,3,3.0000000008,0.0000000008,1.0000000003,Solved
GCY^^[,17,3,3.0000000028,0.0000000028,1.0000000009,Solved
GCY^^k,17,3,3.0000000004,0.0000000004,1.0000000001,Solved
GCY^^s,17,3,3.0000000002,0.0000000002,1.0000000001,Solved
GCY^^w,17,3,3.0000000014,0.0000000014,1.0000000005,Solved
GCY^^{,18,3,3.0000000002,0.0000000002,1.0000000001,Solved
GCY^cw,14,3,3.0000000031,0.0000000031,1.0000000010,Solved
GCY^eo,14,3,3.0000000001,0.0000000001,1.0000000000,Solved
GCY^ew,15,3,3.0000000017,0.0000000017,1.0000000006,Solved
GCY^e{,16,3,3.0000000014,0.0000000014,1.0000000005,Solved
GCY^fW,15,3,3.0000000020,0.0000000020,1.0000000007,Solved
GCY^f[,16,3,3.0000000041,0.0000000041,1.0000000014,Solved
GCY^fc,15,3,3.0000000017,0.0000000017,1.0000000006,Solved
GCY^fg,15,3,3.0000000020,0.0000000020,1.0000000007,Solved
GCY^fk,16,3,3.0000000011,0.0000000011,1.0000000004,Solved
GCY^fo,15,3,3.0000000027,0.0000000027,1.0000000009,Solved
GCY^fs,16,3,3.0000000024,0.0000000024,1.0000000008,Solved
GCY^fw,16,3,3.0000000023,0.0000000023,1.0000000008,Solved
GCY^f{,17,3,3.0000000008,0.0000000008,1.0000000003,Solved
GCY^nk,17,3,2.9999999999,-0.0000000001,1.0000000000,Solved
GCY^nw,17,3,3.0000000001,0.0000000001,1.0000000000,Solved
GCY^n{,18,3,3.0000000000,0.0000000000,1.0000000000,Solved
GCY^vg,16,3,3.0000000011,0.0000000011,1.0000000004,Solved
GCY^vk,17,3,3.0000000004,0.0000000004,1.0000000001,Solved
GCY^vs,17,3,3.0000000006,0.0000000006,1.0000000002,Solved
GCY^vw,17,3,3.0000000016,0.0000000016,1.0000000005,Solved
GCY^v{,18,3,3.0000000003,0.0000000003,1.0000000001,Solved
GCY^~w,18,3,3.0000000000,0.0000000000,1.0000000000,Solved
GCY^~{,19,3,3.0000000000,-0.0000000000,1.0000000000,Solved
GCZH{{,15,3,3.0000000002,0.0000000002,1.0000000001,Solved
GCZH|w,15,3,3.0000000013,0.0000000013,1.0000000004,Solved
GCZH}k,15,3,3.0000000014,0.0000000014,1.0000000005,Solved
GCZH}{,16,3,3.0000000003,0.0000000003,1.0000000001,Solved
GCZH~K,15,3,3.0000000002,0.0000000002,1.0000000001,Solved
GCZH~W,15,3,3.0000000001,0.0000000001,1.0000000000,Solved
GCZH~[,16,3,2.9999999999,-0.0000000001,1.0000000000,Solved
GCZH~g,15,3,3.0000000004,0.0000000004,1.0000000001,Solved
GCZH~k,16,3,2.9999999994,-0.0000000006,0.9999999998,Solved
GCZH~o,15,3,3.0000000003,0.0000000003,1.0000000001,Solved
GCZH~w,16,3,3.0000000001,0.0000000001,1.0000000000,Solved
GCZH~{,17,3,3.0000000000,-0.0000000000,1.0000000000,Solved
GCZI{{,15,3,3.0000000001,0.0000000001,1.0000000000,Solved
GCZI|[,15,3,3.0000000010,0.0000000010,1.0000000003,Solved
GCZI|k,15,3,3.0000000015,0.0000000015,1.0000000005,Solved
GCZI|{,16,3,3.0000000011,0.0000000011,1.0000000004,Solved
GCZI}k,15,3,3.0000000023,0.0000000023,1.0000000008,Solved
GCZI}{,16,3,3.0000000004,0.0000000004,1.0000000001,Solved
GCZI~K,15,3,3.0000000010,0.0000000010,1.0000000003,Solved
GCZI~[,16,3,3.0000000005,0.0000000005,1.0000000002,Solved
GCZI~g,15,3,3.0000000003,0.0000000003,1.0000000001,Solved
GCZI~k,16,3,3.0000000016,0.0000000016,1.0000000005,Solved
GCZI~o,15,3,3.0000000013,0.0000000013,1.0000000004,Solved
GCZI~w,16,3,3.0000000019,0.0000000019,1.0000000006,Solved
GCZI~{,17,3,3.0000000002,0.0000000002,1.0000000001,Solved
GCZJ_{,13,4,3.9999999999,-0.0000000001,1.0000000000,Solved
GCZJ`[,13,3,3.0000000001,0.0000000001,1.0000000000,Solved
GCZJ`k,13,3,3.0000000001,0.0000000001,1.0000000000,Solved
GCZJ`s,13,3,3.0000000004,0.0000000004,1.0000000001,Solved
GCZJ`{,14,3,3.0000000001,0.0000000001,1.0000000000,Solved
GCZJa[,13,3,3.0000000001,0.0000000001,1.0000000000,Solved
GCZJak,13,3,3.1316524992,0.1316524992,1.0438841664,Solved
GCZJas,13,3,3.2360679783,0.2360679783,1.0786893261,Solved
GCZJaw,13,3,3.0000000001,0.0000000001,1.0000000000,Solved
GCZJa{,14,3,3.0000000006,0.0000000006,1.0000000002,Solved
GCZJbK,13,3,3.0000000014,0.0000000014,1.0000000005,Solved
GCZJb[,14,3,3.0000000044,0.0000000044,1.0000000015,Solved
GCZJbg,13,4,3.9999999995,-0.0000000005,0.9999999999,Solved
GCZJbk,14,3,3.0000000005,0.0000000005,1.0000000002,Solved
GCZJbs,14,3,3.0000000043,0.0000000043,1.0000000014,Solved
GCZJbw,14,3,3.0000000049,0.0000000049,1.0000000016,Solved
GCZJb{,15,3,3.0000000039,0.0000000039,1.0000000013,Solved
GCZJc[,13,4,3.9999999994,-0.0000000006,0.9999999999,Solved
GCZJck,13,3,3.0000000004,0.0000000004,1.0000000001,Solved
GCZJcs,13,3,3.0000000002,0.0000000002,1.0000000001,Solved
GCZJc{,14,3,3.0000000003,0.0000000003,1.0000000001,Solved
GCZJdK,13,3,3.0000000043,0.0000000043,1.0000000014,Solved
GCZJdS,13,3,3.0000000003,0.0000000003,1.0000000001,Solved
GCZJd[,14,3,3.0000000000,0.0000000000,1.0000000000,Solved
GCZJd_,12,3,3.0000000001,0.0000000001,1.0000000000,Solved
GCZJdc,13,3,3.0000000007,0.0000000007,1.0000000002,Solved
GCZJdg,13,3,3.0000000013,0.0000000013,1.0000000004,Solved
GCZJdk,14,3,3.0000000005,0.0000000005,1.0000000002,Solved
GCZJdo,13,3,3.0000000006,0.0000000006,1.0000000002,Solved
GCZJds,14,3,3.0000000013,0.0000000013,1.0000000004,Solved
GCZJdw,14,3,3.0000000005,0.0000000005,1.0000000002,Solved
GCZJd{,15,3,3.0000000041,0.0000000041,1.0000000014,Solved
GCZJeK,13,3,3.1316524996,0.1316524996,1.0438841665,Solved
GCZJe[,14,3,3.0000000014,0.0000000014,1.0000000005,Solved
GCZJeg,13,3,3.0000000039,0.0000000039,1.0000000013,Solved
GCZJek,14,3,3.0000000016,0.0000000016,1.0000000005,Solved
GCZJeo,13,3,3.0000000004,0.0000000004,1.0000000001,Solved
GCZJes,14,3,3.0000000001,0.0000000001,1.0000000000,Solved
GCZJew,14,3,3.0000000022,0.0000000022,1.0000000007,Solved
GCZJe{,15,3,3.0000000007,0.0000000007,1.0000000002,Solved
GCZJfG,13,3,3.2360679781,0.2360679781,1.0786893260,Solved
GCZJfK,14,3,3.0000000034,0.0000000034,1.0000000011,Solved
GCZJfO,13,3,3.2360679776,0.2360679776,1.0786893259,Solved
GCZJfS,14,3,3.0000000002,0.0000000002,1.0000000001,Solved
GCZJfW,14,3,3.0000000054,0.0000000054,1.0000000018,Solved
GCZJf[,15,3,3.0000000048,0.0000000048,1.0000000016,Solved
GCZJf_,13,3,3.0000000023,0.0000000023,1.0000000008,Solved
GCZJfc,14,3,3.0000000039,0.0000000039,1.0000000013,Solved
GCZJfg,14,3,3.0000000001,0.0000000001,1.0000000000,Solved
GCZJfk,15,3,3.0000000037,0.0000000037,1.0000000012,Solved
GCZJfo,14,3,3.0000000018,0.0000000018,1.0000000006,Solved
GCZJfs,15,3,3.0000000023,0.0000000023,1.0000000008,Solved
GCZJfw,15,3,3.0000000045,0.0000000045,1.0000000015,Solved
GCZJf{,16,3,3.0000000042,0.0000000042,1.0000000014,Solved
GCZJjk,15,3,3.0000000026,0.0000000026,1.0000000009,Solved
GCZJjw,15,3,3.0000000028,0.0000000028,1.0000000009,Solved
GCZJj{,16,3,3.0000000022,0.0000000022,1.0000000007,Solved
GCZJlk,15,3,3.0000000003,0.0000000003,1.0000000001,Solved
GCZJls,15,3,3.0000000005,0.0000000005,1.0000000002,Solved
GCZJlw,15,3,3.0000000009,0.0000000009,1.0000000003,Solved
GCZJl{,16,3,3.0000000012,0.0000000012,1.0000000004,Solved
GCZJmk,15,3,3.0000000029,0.0000000029,1.0000000010,Solved
GCZJms,15,3,3.0000000030,0.0000000030,1.0000000010,Solved
GCZJmw,15,3,3.0000000036,0.0000000036,1.0000000012,Solved
GCZJm{,16,3,3.0000000058,0.0000000058,1.0000000019,Solved
GCZJnK,15,3,3.0000000007,0.0000000007,1.0000000002,Solved
GCZJnS,15,3,3.0000000025,0.0000000025,1.0000000008,Solved
GCZJnW,15,3,3.0000000005,0.0000000005,1.0000000002,Solved
GCZJn[,16,3,3.0000000015,0.0000000015,1.0000000005,Solved
GCZJnc,15,3,3.0000000014,0.0000000014,1.0000000005,Solved
GCZJng,15,3,3.0000000008,0.0000000008,1.0000000003,Solved
GCZJnk,16,3,3.0000000016,0.0000000016,1.0000000005,Solved
GCZJno,15,3,3.0000000002,0.0000000002,1.0000000001,Solved
GCZJns,16,3,3.0000000032,0.0000000032,1.0000000011,Solved
GCZJnw,16,3,3.0000000013,0.0000000013,1.0000000004,Solved
GCZJn{,17,3,3.0000000012,0.0000000012,1.0000000004,Solved
GCZJq{,15,3,3.0000000026,0.0000000026,1.0000000009,Solved
GCZJrk,15,3,3.0000000023,0.0000000023,1.0000000008,Solved
GCZJrs,15,3,3.0000000009,0.0000000009,1.0000000003,Solved
GCZJrw,15,3,3.0000000029,0.0000000029,1.0000000010,Solved
GCZJr{,16,3,3.0000000011,0.0000000011,1.0000000004,Solved
GCZJtk,15,3,3.0000000012,0.0000000012,1.0000000004,Solved
GCZJtw,15,3,3.0000000023,0.0000000023,1.0000000008,Solved
GCZJt{,16,3,3.0000000006,0.0000000006,1.0000000002,Solved
GCZJuk,15,3,3.0000000008,0.0000000008,1.0000000003,Solved
GCZJus,15,3,3.0000000005,0.0000000005,1.0000000002,Solved
GCZJuw,15,3,3.0000000008,0.0000000008,1.0000000003,Solved
GCZJu{,16,3,3.0000000004,0.0000000004,1.0000000001,Solved
GCZJvK,15,3,3.0000000028,0.0000000028,1.0000000009,Solved
GCZJvW,15,3,3.0000000016,0.0000000016,1.0000000005,Solved
GCZJv[,16,3,3.0000000036,0.0000000036,1.0000000012,Solved
GCZJvc,15,3,3.0000000007,0.0000000007,1.0000000002,Solved
GCZJvg,15,3,3.0000000008,0.0000000008,1.0000000003,Solved
GCZJvk,16,3,3.0000000008,0.0000000008,1.0000000003,Solved
GCZJvo,15,3,3.0000000056,0.0000000056,1.0000000019,Solved
GCZJvs,16,3,3.0000000005,0.0000000005,1.0000000002,Solved
GCZJvw,16,3,3.0000000008,0.0000000008,1.0000000003,Solved
GCZJv{,17,3,3.0000000009,0.0000000009,1.0000000003,Solved
GCZJz{,17,3,3.0000000004,0.0000000004,1.0000000001,Solved
GCZJ|{,17,3,3.0000000015,0.0000000015,1.0000000005,Solved
GCZJ}{,17,3,3.0000000007,0.0000000007,1.0000000002,Solved
GCZJ~[,17,3,3.0000000004,0.0000000004,1.0000000001,Solved
GCZJ~k,17,3,3.0000000006,0.0000000006,1.0000000002,Solved
GCZJ~s,17,3,3.0000000010,0.0000000010,1.0000000003,Solved
GCZJ~w,17,3,3.0000000005,0.0000000005,1.0000000002,Solved
GCZJ~{,18,3,3.0000000002,0.0000000002,1.0000000001,Solved
GCZKzk,15,3,3.0000000023,0.0000000023,1.0000000008,Solved
GCZKzs,15,3,3.0000000019,0.0000000019,1.0000000006,Solved
GCZKz{,16,3,3.0000000005,0.0000000005,1.0000000002,Solved
GCZK{{,15,3,3.0000000002,0.0000000002,1.0000000001,Solved
GCZK|k,15,3,3.0000000002,0.0000000002,1.0000000001,Solved
GCZK|w,15,3,3.0000000006,0.0000000006,1.0000000002,Solved
GCZK|{,16,3,3.0000000006,0.0000000006,1.0000000002,Solved
GCZK}k,15,3,3.0000000004,0.0000000004,1.0000000001,Solved
GCZK}s,15,3,3.0000000006,0.0000000006,1.0000000002,Solved
GCZK}w,15,3,3.0000000006,0.0000000006,1.0000000002,Solved
GCZK}{,16,3,3.0000000002,0.0000000002,1.0000000001,Solved
GCZK~K,15,3,3.0000000013,0.0000000013,1.0000000004,Solved
GCZK~[,16,3,3.0000000019,0.0000000019,1.0000000006,Solved
GCZK~c,15,3,3.0000000015,0.0000000015,1.0000000005,Solved
GCZK~g,15,3,3.0000000010,0.0000000010,1.0000000003,Solved
GCZK~k,16,3,3.0000000012,0.0000000012,1.0000000004,Solved
GCZK~s,16,3,3.0000000006,0.0000000006,1.0000000002,Solved
GCZK~w,16,3,3.0000000063,0.0000000063,1.0000000021,Solved
GCZK~{,17,3,3.0000000012,0.0000000012,1.0000000004,Solved
GCZLZk,15,3,3.0000000041,0.0000000041,1.0000000014,Solved
GCZLZw,15,3,3.0000000004,0.0000000004,1.0000000001,Solved
GCZLZ{,16,3,3.0000000012,0.0000000012,1.0000000004,Solved
GCZL[{,15,3,3.0000000032,0.0000000032,1.0000000011,Solved
GCZL\w,15,3,3.0000000010,0.0000000010,1.0000000003,Solved
GCZL]k,15,3,3.0000000001,0.0000000001,1.0000000000,Solved
GCZL]w,15,3,3.0000000003,0.0000000003,1.0000000001,Solved
GCZL]{,16,3,3.0000000014,0.0000000014,1.0000000005,Solved
GCZL^K,15,3,3.0000000007,0.0000000007,1.0000000002,Solved
GCZL^[,16,3,3.0000000036,0.0000000036,1.0000000012,Solved
GCZL^g,15,3,3.0000000009,0.0000000009,1.0000000003,Solved
GCZL^k,16,3,3.0000000005,0.0000000005,1.0000000002,Solved
GCZL^w,16,3,3.0000000009,0.0000000009,1.0000000003,Solved
GCZL^{,17,3,3.0000000015,0.0000000015,1.0000000005,Solved
GCZLas,13,3,3.2360679780,0.2360679780,1.0786893260,Solved
GCZLaw,13,3,3.0000000005,0.0000000005,1.0000000002,Solved
GCZLbS,13,3,3.0000000031,0.0000000031,1.0000000010,Solved
GCZLbs,14,3,3.0000000010,0.0000000010,1.0000000003,Solved
GCZLbw,14,3,3.0000000000,0.0000000000,1.0000000000,Solved
GCZLc[,13,4,4.0000000000,0.0000000000,1.0000000000,Solved
GCZLcs,13,3,3.0000000005,0.0000000005,1.0000000002,Solved
GCZLcw,13,3,3.0000000009,0.0000000009,1.0000000003,Solved
GCZLdS,13,3,3.0000000003,0.0000000003,1.0000000001,Solved
GCZLdW,13,3,3.0000000055,0.0000000055,1.0000000018,Solved
GCZLd[,14,3,3.0000000005,0.0000000005,1.0000000002,Solved
GCZLdo,13,3,3.0000000035,0.0000000035,1.0000000012,Solved
GCZLds,14,3,3.0000000005,0.0000000005,1.0000000002,Solved
GCZLdw,14,3,3.0000000050,0.0000000050,1.0000000017,Solved
GCZLeS,13,4,3.9999999994,-0.0000000006,0.9999999998,Solved
GCZLeW,13,3,3.0000000014,0.0000000014,1.0000000005,Solved
GCZLe[,14,3,3.0000000010,0.0000000010,1.0000000003,Solved
GCZLeo,13,3,3.0000000001,0.0000000001,1.0000000000,Solved
GCZLes,14,3,3.0000000035,0.0000000035,1.0000000012,Solved
GCZLew,14,3,3.0000000019,0.0000000019,1.0000000006,Solved
GCZLe{,15,3,3.0000000014,0.0000000014,1.0000000005,Solved
GCZLfO,13,3,3.0000000052,0.0000000052,1.0000000017,Solved
GCZLfS,14,3,3.0000000011,0.0000000011,1.0000000004,Solved
GCZLfW,14,3,2.9999999997,-0.0000000003,0.9999999999,Solved
GCZLf[,15,3,3.0000000001,0.0000000001,1.0000000000,Solved
GCZLf_,13,3,3.0000000008,0.0000000008,1.0000000003,Solved
GCZLfg,14,3,3.0000000027,0.0000000027,1.0000000009,Solved
GCZLfo,14,3,3.0000000016,0.0000000016,1.0000000005,Solved
GCZLfs,15,3,3.0000000000,-0.0000000000,1.0000000000,Solved
GCZLfw,15,3,3.0000000004,0.0000000004,1.0000000001,Solved
GCZLf{,16,3,3.0000000004,0.0000000004,1.0000000001,Solved
GCZLjw,15,3,3.0000000010,0.0000000010,1.0000000003,Solved
GCZLj{,16,3,3.0000000016,0.0000000016,1.0000000005,Solved
GCZLlk,15,3,2.9999999999,-0.0000000001,1.0000000000,Solved
GCZLlw,15,3,3.0000000015,0.0000000015,1.0000000005,Solved
GCZLl{,16,3,3.0000000002,0.0000000002,1.0000000001,Solved
GCZLmk,15,3,3.0000000024,0.0000000024,1.0000000008,Solved
GCZLms,15,3,3.0000000004,0.0000000004,1.0000000001,Solved
GCZLmw,15,3,3.0000000000,0.0000000000,1.0000000000,Solved
GCZLm{,16,3,3.0000000002,0.0000000002,1.0000000001,Solved
GCZLnS,15,3,3.0000000017,0.0000000017,1.0000000006,Solved
GCZLnW,15,3,3.0000000006,0.0000000006,1.0000000002,Solved
GCZLn[,16,3,3.0000000004,0.0000000004,1.0000000001,Solved
GCZLnc,15,3,3.0000000017,0.0000000017,1.0000000006,Solved
GCZLng,15,3,3.0000000047,0.0000000047,1.0000000016,Solved
GCZLnk,16,3,3.0000000003,0.0000000003,1.0000000001,Solved
GCZLno,15,3,3.0000000006,0.0000000006,1.0000000002,Solved
GCZLns,16,3,3.0000000007,0.0000000007,1.0000000002,Solved
GCZLnw,16,3,3.0000000003,0.0000000003,1.0000000001,Solved
GCZLn{,17,3,3.0000000005,0.0000000005,1.0000000002,Solved
GCZLrs,15,3,3.0000000020,0.0000000020,1.0000000007,Solved
GCZLrw,15,3,2.9999999996,-0.0000000004,0.9999999999,Solved
GCZLtw,15,3,3.0000000002,0.0000000002,1.0000000001,Solved
GCZLu[,15,3,3.0000000007,0.0000000007,1.0000000002,Solved
GCZLus,15,3,3.0000000011,0.0000000011,1.0000000004,Solved
GCZLuw,15,3,3.0000000005,0.0000000005,1.0000000002,Solved
GCZLu{,16,3,3.0000000004,0.0000000004,1.0000000001,Solved
GCZLvW,15,3,3.0000000000,0.0000000000,1.0000000000,Solved
GCZLv[,16,3,3.0000000022,0.0000000022,1.0000000007,Solved
GCZLvg,15,3,3.0000000024,0.0000000024,1.0000000008,Solved
GCZLvs,16,3,3.0000000005,0.0000000005,1.0000000002,Solved
GCZLvw,16,3,3.0000000004,0.0000000004,1.0000000001,Solved
GCZLv{,17,3,3.0000000002,0.0000000002,1.0000000001,Solved
GCZL|{,17,3,3.0000000000,0.0000000000,1.0000000000,Solved
GCZL}{,17,3,3.0000000023,0.0000000023,1.0000000008,Solved
GCZL~[,17,3,3.0000000011,0.0000000011,1.0000000004,Solved
GCZL~k,17,3,3.0000000008,0.0000000008,1.0000000003,Solved
GCZL~s,17,3,3.0000000004,0.0000000004,1.0000000001,Solved
GCZL~w,17,3,3.0000000005,0.0000000005,1.0000000002,Solved
GCZL~{,18,3,3.0000000004,0.0000000004,1.0000000001,Solved
GCZMX{,15,3,3.0000000001,0.0000000001,1.0000000000,Solved
GCZMY{,15,3,3.0000000003,0.0000000003,1.0000000001,Solved
GCZMZk,15,3,3.0000000020,0.0000000020,1.0000000007,Solved
GCZMZw,15,3,3.0000000000,0.0000000000,1.0000000000,Solved
GCZMZ{,16,3,3.0000000002,0.0000000002,1.0000000001,Solved
GCZM[{,15,3,3.0000000001,0.0000000001,1.0000000000,Solved
GCZM\[,15,3,3.0000000011,0.0000000011,1.0000000004,Solved
GCZM\k,15,3,3.0000000011,0.0000000011,1.0000000004,Solved
GCZM\{,16,3,3.0000000003,0.0000000003,1.0000000001,Solved
GCZM][,15,3,3.0000000004,0.0000000004,1.0000000001,Solved
GCZM]k,15,3,3.0000000011,0.0000000011,1.0000000004,Solved
GCZM]w,15,3,3.0000000018,0.0000000018,1.0000000006,Solved
GCZM]{,16,3,3.0000000012,0.0000000012,1.0000000004,Solved
GCZM^K,15,3,3.0000000011,0.0000000011,1.0000000004,Solved
GCZM^[,16,3,3.0000000009,0.0000000009,1.0000000003,Solved
GCZM^k,16,3,3.0000000036,0.0000000036,1.0000000012,Solved
GCZM^w,16,3,3.0000000002,0.0000000002,1.0000000001,Solved
GCZM^{,17,3,3.0000000010,0.0000000010,1.0000000003,Solved
GCZMjw,15,3,3.0000000013,0.0000000013,1.0000000004,Solved
GCZMj{,16,3,3.0000000016,0.0000000016,1.0000000005,Solved
GCZMlw,15,3,3.0000000015,0.0000000015,1.0000000005,Solved
GCZMl{,16,3,3.0000000004,0.0000000004,1.0000000001,Solved
GCZMmk,15,3,2.9999999999,-0.0000000001,1.0000000000,Solved
GCZMmw,15,3,3.0000000047,0.0000000047,1.0000000016,Solved
GCZMm{,16,3,2.9999999999,-0.0000000001,1.0000000000,Solved
GCZMnS,15,3,3.0000000011,0.0000000011,1.0000000004,Solved
GCZMnW,15,3,3.0000000020,0.0000000020,1.0000000007,Solved
GCZMn[,16,3,3.0000000002,0.0000000002,1.0000000001,Solved
GCZMnc,15,3,3.0000000004,0.0000000004,1.0000000001,Solved
GCZMng,15,3,3.0000000032,0.0000000032,1.0000000011,Solved
GCZMnk,16,3,3.0000000009,0.0000000009,1.0000000003,Solved
GCZMno,15,3,3.0000000003,0.0000000003,1.0000000001,Solved
GCZMns,16,3,3.0000000012,0.0000000012,1.0000000004,Solved
GCZMnw,16,3,3.0000000007,0.0000000007,1.0000000002,Solved
GCZMn{,17,3,3.0000000006,0.0000000006,1.0000000002,Solved
GCZMq{,15,3,3.0000000010,0.0000000010,1.0000000003,Solved
GCZMrw,15,3,3.0000000016,0.0000000016,1.0000000005,Solved
GCZMr{,16,3,3.0000000013,0.0000000013,1.0000000004,Solved
GCZMt{,16,3,3.0000000014,0.0000000014,1.0000000005,Solved
GCZMuk,15,3,3.0000000020,0.0000000020,1.0000000007,Solved
GCZMus,15,3,3.0000000002,0.0000000002,1.0000000001,Solved
GCZMuw,15,3,3.0000000055,0.0000000055,1.0000000018,Solved
GCZMu{,16,3,3.0000000005,0.0000000005,1.0000000002,Solved
GCZMvK,15,3,3.0000000012,0.0000000012,1.0000000004,Solved
GCZMvW,15,3,3.0000000025,0.0000000025,1.0000000008,Solved
GCZMv[,16,3,3.0000000024,0.0000000024,1.0000000008,Solved
GCZMvc,15,3,3.0000000024,0.0000000024,1.0000000008,Solved
GCZMvg,15,3,3.0000000040,0.0000000040,1.0000000013,Solved
GCZMvk,16,3,3.0000000014,0.0000000014,1.0000000005,Solved
GCZMvs,16,3,3.0000000037,0.0000000037,1.0000000012,Solved
GCZMvw,16,3,3.0000000011,0.0000000011,1.0000000004,Solved
GCZMv{,17,3,3.0000000007,0.0000000007,1.0000000002,Solved
GCZM}{,17,3,3.0000000003,0.0000000003,1.0000000001,Solved
GCZM~[,17,3,3.0000000047,0.0000000047,1.0000000016,Solved
GCZM~k,17,3,3.0000000024,0.0000000024,1.0000000008,Solved
GCZM~s,17,3,3.0000000005,0.0000000005,1.0000000002,Solved
GCZM~w,17,3,3.0000000009,0.0000000009,1.0000000003,Solved
GCZM~{,18,3,2.9999999998,-0.0000000002,0.9999999999,Solved
GCZNJw,15,3,3.0000000003,0.0000000003,1.0000000001,Solved
GCZNJ{,16,3,3.0000000011,0.0000000011,1.0000000004,Solved
GCZNLk,15,3,3.0000000010,0.0000000010,1.0000000003,Solved
GCZNLw,15,3,3.0000000018,0.0000000018,1.0000000006,Solved
GCZNL{,16,3,3.0000000029,0.0000000029,1.0000000010,Solved
GCZNMk,15,3,3.0000000009,0.0000000009,1.0000000003,Solved
GCZNMw,15,3,3.0000000002,0.0000000002,1.0000000001,Solved
GCZNM{,16,3,3.0000000010,0.0000000010,1.0000000003,Solved
GCZNNK,15,3,3.0000000008,0.0000000008,1.0000000003,Solved
GCZNNW,15,3,3.0000000063,0.0000000063,1.0000000021,Solved
GCZNN[,16,3,3.0000000030,0.0000000030,1.0000000010,Solved
GCZNNg,15,3,3.0000000045,0.0000000045,1.0000000015,Solved
GCZNNk,16,3,3.0000000002,0.0000000002,1.0000000001,Solved
GCZNNo,15,3,3.0000000018,0.0000000018,1.0000000006,Solved
GCZNNs,16,3,3.0000000000,-0.0000000000,1.0000000000,Solved
GCZNNw,16,3,3.0000000002,0.0000000002,1.0000000001,Solved
GCZNN{,17,3,3.0000000006,0.0000000006,1.0000000002,Solved
GCZN^[,17,3,3.0000000008,0.0000000008,1.0000000003,Solved
GCZN^w,17,3,3.0000000014,0.0000000014,1.0000000005,Solved
GCZN^{,18,3,3.0000000004,0.0000000004,1.0000000001,Solved
GCZN`w,14,3,3.0000000010,0.0000000010,1.0000000003,Solved
GCZNbw,15,3,3.0000000009,0.0000000009,1.0000000003,Solved
GCZNb{,16,3,3.0000000016,0.0000000016,1.0000000005,Solved
GCZNdw,15,3,3.0000000013,0.0000000013,1.0000000004,Solved
GCZNd{,16,3,3.0000000013,0.0000000013,1.0000000004,Solved
GCZNeW,14,3,3.0000000002,0.0000000002,1.0000000001,Solved
GCZNe[,15,3,3.0000000002,0.0000000002,1.0000000001,Solved
GCZNew,15,3,3.0000000011,0.0000000011,1.0000000004,Solved
GCZNe{,16,3,3.0000000003,0.0000000003,1.0000000001,Solved
GCZNfG,14,3,3.0000000012,0.0000000012,1.0000000004,Solved
GCZNfK,15,3,3.0000000005,0.0000000005,1.0000000002,Solved
GCZNfO,14,3,3.0000000003,0.0000000003,1.0000000001,Solved
GCZNfS,15,3,3.0000000015,0.0000000015,1.0000000005,Solved
GCZNfW,15,3,3.0000000009,0.0000000009,1.0000000003,Solved
GCZNf[,16,3,3.0000000003,0.0000000003,1.0000000001,Solved
GCZNfc,15,3,3.0000000011,0.0000000011,1.0000000004,Solved
GCZNfg,15,3,3.0000000006,0.0000000006,1.0000000002,Solved
GCZNfk,16,3,3.0000000022,0.0000000022,1.0000000007,Solved
GCZNfo,15,3,3.0000000025,0.0000000025,1.0000000008,Solved
GCZNfs,16,3,3.0000000006,0.0000000006,1.0000000002,Solved
GCZNfw,16,3,3.0000000005,0.0000000005,1.0000000002,Solved
GCZNf{,17,3,3.0000000003,0.0000000003,1.0000000001,Solved
GCZNn[,17,3,3.0000000006,0.0000000006,1.0000000002,Solved
GCZNnk,17,3,3.0000000010,0.0000000010,1.0000000003,Solved
GCZNnw,17,3,3.0000000003,0.0000000003,1.0000000001,Solved
GCZNn{,18,3,3.0000000011,0.0000000011,1.0000000004,Solved
GCZNv[,17,3,3.0000000004,0.0000000004,1.0000000001,Solved
GCZNvg,16,3,3.0000000003,0.0000000003,1.0000000001,Solved
GCZNvk,17,3,3.0000000005,0.0000000005,1.0000000002,Solved
GCZNvs,17,3,3.0000000002,0.0000000002,1.0000000001,Solved
GCZNvw,17,3,3.0000000002,0.0000000002,1.0000000001,Solved
GCZNv{,18,3,3.0000000024,0.0000000024,1.0000000008,Solved
GCZN~w,18,3,3.0000000000,0.0000000000,1.0000000000,Solved
GCZN~{,19,3,2.9999999999,-0.0000000001,1.0000000000,Solved
GCZTa[,13,3,3.0000000015,0.0000000015,1.0000000005,Solved
GCZTbK,13,3,3.0000000000,0.0000000000,1.0000000000,Solved
GCZTb[,14,3,3.0000000038,0.0000000038,1.0000000013,Solved
GCZTck,13,3,3.0000000009,0.0000000009,1.0000000003,Solved
GCZTcw,13,3,3.0000000012,0.0000000012,1.0000000004,Solved
GCZTc{,14,3,3.0000000020,0.0000000020,1.0000000007,Solved
GCZTdW,13,3,3.0000000044,0.0000000044,1.0000000015,Solved
GCZTdg,13,3,3.0000000035,0.0000000035,1.0000000012,Solved
GCZTdw,14,3,3.0000000021,0.0000000021,1.0000000007,Solved
GCZTeK,13,3,3.0000000003,0.0000000003,1.0000000001,Solved
GCZTeW,13,3,3.0000000005,0.0000000005,1.0000000002,Solved
GCZTe[,14,3,3.0000000017,0.0000000017,1.0000000006,Solved
GCZTeg,13,3,3.0000000015,0.0000000015,1.0000000005,Solved
GCZTek,14,3,3.0000000007,0.0000000007,1.0000000002,Solved
GCZTeo,13,3,3.0000000011,0.0000000011,1.0000000004,Solved
GCZTew,14,3,3.0000000013,0.0000000013,1.0000000004,Solved
GCZTe{,15,3,3.0000000003,0.0000000003,1.0000000001,Solved
GCZTfK,14,3,3.0000000007,0.0000000007,1.0000000002,Solved
GCZTfO,13,3,3.0000000009,0.0000000009,1.0000000003,Solved
GCZTfW,14,3,3.0000000021,0.0000000021,1.0000000007,Solved
GCZTf[,15,3,3.0000000002,0.0000000002,1.0000000001,Solved
GCZTf_,13,4,3.9999999995,-0.0000000005,0.9999999999,Solved
GCZTfg,14,3,3.0000000022,0.0000000022,1.0000000007,Solved
GCZTfk,15,3,3.0000000032,0.0000000032,1.0000000011,Solved
GCZTfo,14,3,3.0000000007,0.0000000007,1.0000000002,Solved
GCZTfw,15,3,3.0000000001,0.0000000001,1.0000000000,Solved
GCZTf{,16,3,3.0000000003,0.0000000003,1.0000000001,Solved
GCZTlw,15,3,3.0000000005,0.0000000005,1.0000000002,Solved
GCZTmw,15,3,3.0000000002,0.0000000002,1.0000000001,Solved
GCZTm{,16,3,3.0000000000,-0.0000000000,1.0000000000,Solved
GCZTnW,15,3,3.0000000003,0.0000000003,1.0000000001,Solved
GCZTn[,16,3,3.0000000003,0.0000000003,1.0000000001,Solved
GCZTng,15,3,3.0000000020,0.0000000020,1.0000000007,Solved
GCZTnk,16,3,3.0000000004,0.0000000004,1.0000000001,Solved
GCZTno,15,3,2.9999999998,-0.0000000002,0.9999999999,Solved
GCZTnw,16,3,2.9999999997,-0.0000000003,0.9999999999,Solved
GCZTn{,17,3,3.0000000013,0.0000000013,1.0000000004,Solved
GCZTrW,14,3,3.0000000001,0.0000000001,1.0000000000,Solved
GCZTts,15,3,2.9999999991,-0.0000000009,0.9999999997,Solved
GCZTtw,15,3,3.0000000006,0.0000000006,1.0000000002,Solved
GCZTt{,16,3,2.9999999998,-0.0000000002,0.9999999999,Solved
GCZTuW,14,3,3.0000000002,0.0000000002,1.0000000001,Solved
GCZTus,15,3,3.0000000008,0.0000000008,1.0000000003,Solved
GCZTuw,15,3,3.0000000001,0.0000000001,1.0000000000,Solved
GCZTu{,16,3,2.9999999997,-0.0000000003,0.9999999999,Solved
GCZTvW,15,3,3.0000000000,0.0000000000,1.0000000000,Solved
GCZTv[,16,3,3.0000000010,0.0000000010,1.0000000003,Solved
GCZTvc,15,3,3.0000000017,0.0000000017,1.0000000006,Solved
GCZTvg,15,3,3.0000000002,0.0000000002,1.0000000001,Solved
GCZTvk,16,3,3.0000000006,0.0000000006,1.0000000002,Solved
GCZTvo,15,3,3.0000000045,0.0000000045,1.0000000015,Solved
GCZTvs,16,3,2.9999999999,-0.0000000001,1.0000000000,Solved
GCZTvw,16,3,2.9999999997,-0.0000000003,0.9999999999,Solved
GCZTv{,17,3,3.0000000002,0.0000000002,1.0000000001,Solved
GCZT|{,17,3,3.0000000000,-0.0000000000,1.0000000000,Solved
GCZT}{,17,3,2.9999999999,-0.0000000001,1.0000000000,Solved
GCZT~k,17,3,2.9999999999,-0.0000000001,1.0000000000,Solved
GCZT~o,16,3,3.0000000002,0.0000000002,1.0000000001,Solved
GCZT~s,17,3,3.0000000009,0.0000000009,1.0000000003,Solved
GCZT~w,17,3,2.9999999998,-0.0000000002,0.9999999999,Solved
GCZT~{,18,3,3.0000000000,0.0000000000,1.0000000000,Solved
GCZUlk,15,3,3.0000000001,0.0000000001,1.0000000000,Solved
GCZUlw,15,3,2.9999999996,-0.0000000004,0.9999999999,Solved
GCZUl{,16,3,2.9999999999,-0.0000000001,1.0000000000,Solved
GCZUmk,15,3,3.0000000014,0.0000000014,1.0000000005,Solved
GCZUmw,15,3,3.0000000025,0.0000000025,1.0000000008,Solved
GCZUm{,16,3,3.0000000001,0.0000000001,1.0000000000,Solved
GCZUnW,15,3,3.0000000027,0.0000000027,1.0000000009,Solved
GCZUn[,16,3,3.0000000006,0.0000000006,1.0000000002,Solved
GCZUng,15,3,3.0000000007,0.0000000007,1.0000000002,Solved
GCZUnk,16,3,3.0000000005,0.0000000005,1.0000000002,Solved
GCZUno,15,3,2.9999999998,-0.0000000002,0.9999999999,Solved
GCZUnw,16,3,2.9999999999,-0.0000000001,1.0000000000,Solved
GCZUn{,17,3,2.9999999999,-0.0000000001,1.0000000000,Solved
GCZUtW,14,3,3.0000000043,0.0000000043,1.0000000014,Solved
GCZUtw,15,3,3.0000000017,0.0000000017,1.0000000006,Solved
GCZUt{,16,3,3.0000000012,0.0000000012,1.0000000004,Solved
GCZUuW,14,3,3.0000000002,0.0000000002,1.0000000001,Solved
GCZUug,14,3,3.0000000009,0.0000000009,1.0000000003,Solved
GCZUuo,14,4,3.9999999998,-0.0000000002,1.0000000000,Solved
GCZUus,15,3,3.0000000039,0.0000000039,1.0000000013,Solved
GCZUuw,15,3,3.0000000020,0.0000000020,1.0000000007,Solved
GCZUu{,16,3,3.0000000003,0.0000000003,1.0000000001,Solved
GCZUvG,14,3,3.0000000015,0.0000000015,1.0000000005,Solved
GCZUvW,15,3,3.0000000002,0.0000000002,1.0000000001,Solved
GCZUv[,16,3,3.0000000005,0.0000000005,1.0000000002,Solved
GCZUvg,15,3,3.0000000004,0.0000000004,1.0000000001,Solved
GCZUvk,16,3,2.9999999998,-0.0000000002,0.9999999999,Solved
GCZUvo,15,3,3.0000000003,0.0000000003,1.0000000001,Solved
GCZUvs,16,3,3.0000000052,0.0000000052,1.0000000017,Solved
GCZUvw,16,3,3.0000000040,0.0000000040,1.0000000013,Solved
GCZUv{,17,3,3.0000000002,0.0000000002,1.0000000001,Solved
GCZU}{,17,3,2.9999999993,-0.0000000007,0.9999999998,Solved
GCZU~o,16,3,2.9999999999,-0.0000000001,1.0000000000,Solved
GCZU~s,17,3,2.9999999998,-0.0000000002,0.9999999999,Solved
GCZU~w,17,3,2.9999999999,-0.0000000001,1.0000000000,Solved
GCZU~{,18,3,2.9999999999,-0.0000000001,1.0000000000,Solved
GCZVBW,13,3,3.0000000008,0.0000000008,1.0000000003,Solved
GCZVBs,14,3,3.0000000002,0.0000000002,1.0000000001,Solved
GCZVBw,14,3,3.0000000024,0.0000000024,1.0000000008,Solved
GCZVDW,13,3,3.0000000034,0.0000000034,1.0000000011,Solved
GCZVDg,13,3,3.0000000000,0.0000000000,1.0000000000,Solved
GCZVDw,14,3,3.0000000010,0.0000000010,1.0000000003,Solved
GCZVEK,13,3,3.0000000002,0.0000000002,1.0000000001,Solved
GCZVES,13,3,3.0000000014,0.0000000014,1.0000000005,Solved
GCZVEW,13,3,3.0000000053,0.0000000053,1.0000000018,Solved
GCZVEc,13,3,3.0000000051,0.0000000051,1.0000000017,Solved
GCZVEg,13,3,3.0000000020,0.0000000020,1.0000000007,Solved
GCZVEk,14,3,3.0000000005,0.0000000005,1.0000000002,Solved
GCZVEo,13,3,3.0000000025,0.0000000025,1.0000000008,Solved
GCZVEs,14,3,3.0000000022,0.0000000022,1.0000000007,Solved
GCZVEw,14,3,3.0000000009,0.0000000009,1.0000000003,Solved
GCZVFC,13,3,3.0000000015,0.0000000015,1.0000000005,Solved
GCZVFK,14,3,3.0000000007,0.0000000007,1.0000000002,Solved
GCZVFO,13,3,3.0000000006,0.0000000006,1.0000000002,Solved
GCZVFS,14,3,3.0000000020,0.0000000020,1.0000000007,Solved
GCZVFW,14,3,3.0000000042,0.0000000042,1.0000000014,Solved
GCZVF[,15,3,3.0000000006,0.0000000006,1.0000000002,Solved
GCZVF_,13,4,3.9999999988,-0.0000000012,0.9999999997,Solved
GCZVFc,14,3,3.0000000058,0.0000000058,1.0000000019,Solved
GCZVFg,14,3,3.0000000015,0.0000000015,1.0000000005,Solved
GCZVFk,15,3,3.0000000001,0.0000000001,1.0000000000,Solved
GCZVFo,14,3,3.0000000011,0.0000000011,1.0000000004,Solved
GCZVFs,15,3,3.0000000019,0.0000000019,1.0000000006,Solved
GCZVFw,15,3,3.0000000015,0.0000000015,1.0000000005,Solved
GCZVF{,16,3,3.0000000006,0.0000000006,1.0000000002,Solved
GCZVPw,14,3,3.0000000054,0.0000000054,1.0000000018,Solved
GCZVRs,15,3,3.0000000020,0.0000000020,1.0000000007,Solved
GCZVRw,15,3,3.0000000005,0.0000000005,1.0000000002,Solved
GCZVR{,16,3,2.9999999998,-0.0000000002,0.9999999999,Solved
GCZVSw,14,3,3.0000000000,0.0000000000,1.0000000000,Solved
GCZVTs,15,3,3.0000000009,0.0000000009,1.0000000003,Solved
GCZVTw,15,3,3.0000000004,0.0000000004,1.0000000001,Solved
GCZVT{,16,3,3.0000000007,0.0000000007,1.0000000002,Solved
GCZVUW,14,3,3.0000000005,0.0000000005,1.0000000002,Solved
GCZVUs,15,3,3.0000000011,0.0000000011,1.0000000004,Solved
GCZVUw,15,3,3.0000000006,0.0000000006,1.0000000002,Solved
GCZVU{,16,3,3.0000000019,0.0000000019,1.0000000006,Solved
GCZVVG,14,3,3.0000000011,0.0000000011,1.0000000004,Solved
GCZVVS,15,3,3.0000000011,0.0000000011,1.0000000004,Solved
GCZVVW,15,3,3.0000000005,0.0000000005,1.0000000002,Solved
GCZVV[,16,3,3.0000000005,0.0000000005,1.0000000002,Solved
GCZVVc,15,3,3.0000000021,0.0000000021,1.0000000007,Solved
GCZVVg,15,3,3.0000000016,0.0000000016,1.0000000005,Solved
GCZVVk,16,3,2.9999999998,-0.0000000002,0.9999999999,Solved
GCZVVo,15,3,3.0000000003,0.0000000003,1.0000000001,Solved
GCZVVs,16,3,3.0000000000,0.0000000000,1.0000000000,Solved
GCZVVw,16,3,3.0000000001,0.0000000001,1.0000000000,Solved
GCZVV{,17,3,3.0000000003,0.0000000003,1.0000000001,Solved
GCZVZ{,17,3,3.0000000020,0.0000000020,1.0000000007,Solved
GCZV\{,17,3,3.0000000015,0.0000000015,1.0000000005,Solved
GCZV]{,17,3,3.0000000001,0.0000000001,1.0000000000,Solved
GCZV^[,17,3,3.0000000013,0.0000000013,1.0000000004,Solved
GCZV^k,17,3,3.0000000001,0.0000000001,1.0000000000,Solved
GCZV^o,16,3,3.0000000011,0.0000000011,1.0000000004,Solved
GCZV^s,17,3,3.0000000000,0.0000000000,1.0000000000,Solved
GCZV^w,17,3,3.0000000003,0.0000000003,1.0000000001,Solved
GCZV^{,18,3,3.0000000010,0.0000000010,1.0000000003,Solved
GCZVdw,15,3,3.0000000019,0.0000000019,1.0000000006,Solved
GCZVd{,16,3,3.0000000010,0.0000000010,1.0000000003,Solved
GCZVeW,14,3,3.0000000005,0.0000000005,1.0000000002,Solved
GCZVeg,14,3,3.0000000015,0.0000000015,1.0000000005,Solved
GCZVeo,14,3,3.0000000029,0.0000000029,1.0000000010,Solved
GCZVes,15,3,3.0000000026,0.0000000026,1.0000000009,Solved
GCZVew,15,3,3.0000000015,0.0000000015,1.0000000005,Solved
GCZVe{,16,3,3.0000000003,0.0000000003,1.0000000001,Solved
GCZVfG,14,3,3.0000000008,0.0000000008,1.0000000003,Solved
GCZVfO,14,3,3.0000000017,0.0000000017,1.0000000006,Solved
GCZVfW,15,3,3.0000000003,0.0000000003,1.0000000001,Solved
GCZVf[,16,3,3.0000000010,0.0000000010,1.0000000003,Solved
GCZVf_,14,4,3.9999999998,-0.0000000002,0.9999999999,Solved
GCZVfc,15,3,3.0000000004,0.0000000004,1.0000000001,Solved
GCZVfg,15,3,3.0000000003,0.0000000003,1.0000000001,Solved
GCZVfk,16,3,3.0000000015,0.0000000015,1.0000000005,Solved
GCZVfo,15,3,3.0000000009,0.0000000009,1.0000000003,Solved
GCZVfs,16,3,3.0000000011,0.0000000011,1.0000000004,Solved
GCZVfw,16,3,3.0000000011,0.0000000011,1.0000000004,Solved
GCZVf{,17,3,3.0000000009,0.0000000009,1.0000000003,Solved
GCZVm{,17,3,3.0000000008,0.0000000008,1.0000000003,Solved
GCZVnk,17,3,3.0000000001,0.0000000001,1.0000000000,Solved
GCZVno,16,3,3.0000000011,0.0000000011,1.0000000004,Solved
GCZVns,17,3,2.9999999995,-0.0000000005,0.9999999998,Solved
GCZVnw,17,3,2.9999999998,-0.0000000002,0.9999999999,Solved
GCZVn{,18,3,3.0000000001,0.0000000001,1.0000000000,Solved
GCZVvo,16,3,3.0000000021,0.0000000021,1.0000000007,Solved
GCZVvs,17,3,2.9999999999,-0.0000000001,1.0000000000,Solved
GCZVvw,17,3,2.9999999999,-0.0000000001,1.0000000000,Solved
GCZVv{,18,3,3.0000000003,0.0000000003,1.0000000001,Solved
GCZV~w,18,3,2.9999999999,-0.0000000001,1.0000000000,Solved
GCZV~{,19,3,3.0000000007,0.0000000007,1.0000000002,Solved
GCZ\r[,16,3,2.9999999997,-0.0000000003,0.9999999999,Solved
GCZ\s{,16,3,3.0000000001,0.0000000001,1.0000000000,Solved
GCZ\u[,16,3,3.0000000009,0.0000000009,1.0000000003,Solved
GCZ\uk,16,3,3.0000000000,0.0000000000,1.0000000000,Solved
GCZ\uw,16,3,2.9999999996,-0.0000000004,0.9999999999,Solved
GCZ\u{,17,3,3.0000000006,0.0000000006,1.0000000002,Solved
GCZ\vK,16,3,3.0000000003,0.0000000003,1.0000000001,Solved
GCZ\v[,17,3,3.0000000000,0.0000000000,1.0000000000,Solved
GCZ\vg,16,3,2.9999999989,-0.0000000011,0.9999999996,Solved
GCZ\vk,17,3,3.0000000019,0.0000000019,1.0000000006,Solved
GCZ\vo,16,3,3.0000000019,0.0000000019,1.0000000006,Solved
GCZ\vw,17,3,3.0000000000,-0.0000000000,1.0000000000,Solved
GCZ\v{,18,3,3.0000000000,0.0000000000,1.0000000000,Solved
GCZ\~k,18,3,3.0000000004,0.0000000004,1.0000000001,Solved
GCZ\~w,18,3,2.9999999999,-0.0000000001,1.0000000000,Solved
GCZ\~{,19,3,3.0000000001,0.0000000001,1.0000000000,Solved
GCZ]r[,16,3,3.0000000002,0.0000000002,1.0000000001,Solved
GCZ]s{,16,3,3.0000000010,0.0000000010,1.0000000003,Solved
GCZ]t[,16,3,3.0000000025,0.0000000025,1.0000000008,Solved
GCZ]tk,16,3,3.0000000006,0.0000000006,1.0000000002,Solved
GCZ]tw,16,3,3.0000000007,0.0000000007,1.0000000002,Solved
GCZ]t{,17,3,3.0000000010,0.0000000010,1.0000000003,Solved
GCZ]u[,16,3,3.0000000003,0.0000000003,1.0000000001,Solved
GCZ]uk,16,3,3.0000000010,0.0000000010,1.0000000003,Solved
GCZ]uw,16,3,3.0000000007,0.0000000007,1.0000000002,Solved
GCZ]u{,17,3,3.0000000001,0.0000000001,1.0000000000,Solved
GCZ]vK,16,3,3.0000000013,0.0000000013,1.0000000004,Solved
GCZ]v[,17,3,3.0000000013,0.0000000013,1.0000000004,Solved
GCZ]vg,16,3,3.0000000002,0.0000000002,1.0000000001,Solved
GCZ]vk,17,3,3.0000000009,0.0000000009,1.0000000003,Solved
GCZ]vw,17,3,3.0000000018,0.0000000018,1.0000000006,Solved
GCZ]v{,18,3,3.0000000008,0.0000000008,1.0000000003,Solved
GCZ]|{,18,3,3.0000000000,0.0000000000,1.0000000000,Solved
GCZ]}{,18,3,3.0000000000,-0.0000000000,1.0000000000,Solved
GCZ]~k,18,3,3.0000000001,0.0000000001,1.0000000000,Solved
GCZ]~w,18,3,3.0000000005,0.0000000005,1.0000000002,Solved
GCZ]~{,19,3,3.0000000002,0.0000000002,1.0000000001,Solved
GCZ^b[,16,3,3.0000000022,0.0000000022,1.0000000007,Solved
GCZ^c{,16,3,3.0000000004,0.0000000004,1.0000000001,Solved
GCZ^d[,16,3,3.0000000002,0.0000000002,1.0000000001,Solved
GCZ^dk,16,3,3.0000000001,0.0000000001,1.0000000000,Solved
GCZ^dw,16,3,3.0000000003,0.0000000003,1.0000000001,Solved
GCZ^d{,17,3,3.0000000000,-0.0000000000,1.0000000000,Solved
GCZ^e[,16,3,3.0000000007,0.0000000007,1.0000000002,Solved
GCZ^ek,16,3,2.9999999999,-0.0000000001,1.0000000000,Solved
GCZ^ew,16,3,3.0000000001,0.0000000001,1.0000000000,Solved
GCZ^e{,17,3,2.9999999999,-0.0000000001,1.0000000000,Solved
GCZ^fK,16,3,3.0000000013,0.0000000013,1.0000000004,Solved
GCZ^f[,17,3,3.0000000001,0.0000000001,1.0000000000,Solved
GCZ^fc,16,3,3.0000000002,0.0000000002,1.0000000001,Solved
GCZ^fg,16,3,3.0000000003,0.0000000003,1.0000000001,Solved
GCZ^fk,17,3,2.9999999998,-0.0000000002,0.9999999999,Solved
GCZ^fo,16,3,3.0000000005,0.0000000005,1.0000000002,Solved
GCZ^fs,17,3,2.9999999998,-0.0000000002,0.9999999999,Solved
GCZ^fw,17,3,2.9999999999,-0.0000000001,1.0000000000,Solved
GCZ^f{,18,3,3.0000000003,0.0000000003,1.0000000001,Solved
GCZ^nk,18,3,3.0000000002,0.0000000002,1.0000000001,Solved
GCZ^nw,18,3,3.0000000002,0.0000000002,1.0000000001,Solved
GCZ^n{,19,3,2.9999999995,-0.0000000005,0.9999999998,Solved
GCZ^vg,17,3,3.0000000009,0.0000000009,1.0000000003,Solved
GCZ^vk,18,3,3.0000000008,0.0000000008,1.0000000003,Solved
GCZ^vs,18,3,3.0000000004,0.0000000004,1.0000000001,Solved
GCZ^vw,18,3,3.0000000007,0.0000000007,1.0000000002,Solved
GCZ^v{,19,3,2.9999999996,-0.0000000004,0.9999999999,Solved
GCZ^~{,20,3,3.0000000003,0.0000000003,1.0000000001,Solved
GCZba[,13,3,3.2360679787,0.2360679787,1.0786893262,Solved
GCZbaw,13,3,3.2360679804,0.2360679804,1.0786893268,Solved
GCZbbK,13,3,3.2360679811,0.2360679811,1.0786893270,Solved
GCZbb[,14,3,3.2360679776,0.2360679776,1.0786893259,Solved
GCZbbw,14,3,3.2360679775,0.2360679775,1.0786893258,Solved
GCZbc[,13,4,3.9999999995,-0.0000000005,0.9999999999,Solved
GCZbck,13,3,3.2360679800,0.2360679800,1.0786893267,Solved
GCZbc{,14,3,3.2360679776,0.2360679776,1.0786893259,Solved
GCZbeK,13,3,3.2360679771,0.2360679771,1.0786893257,Solved
GCZbe[,14,3,3.2360679784,0.2360679784,1.0786893261,Solved
GCZbeg,13,3,3.2360679777,0.2360679777,1.0786893259,Solved
GCZbek,14,3,3.2360679779,0.2360679779,1.0786893260,Solved
GCZbeo,13,3,3.2360679792,0.2360679792,1.0786893264,Solved
GCZbew,14,3,3.2360679775,0.2360679775,1.0786893258,Solved
GCZbe{,15,3,3.2360679784,0.2360679784,1.0786893261,Solved
GCZbfG,13,3,3.2360679793,0.2360679793,1.0786893264,Solved
GCZbfK,14,3,3.2360679783,0.2360679783,1.0786893261,Solved
GCZbfO,13,3,3.2360679786,0.2360679786,1.0786893262,Solved
GCZbfW,14,3,3.2360679775,0.2360679775,1.0786893258,Solved
GCZbf[,15,3,3.2360679775,0.2360679775,1.0786893258,Solved
GCZbf_,13,4,3.9999999996,-0.0000000004,0.9999999999,Solved
GCZbfg,14,3,3.2360679787,0.2360679787,1.0786893262,Solved
GCZbfk,15,3,3.2360679795,0.2360679795,1.0786893265,Solved
GCZbfo,14,3,3.2360679784,0.2360679784,1.0786893261,Solved
GCZbfw,15,3,3.2360679778,0.2360679778,1.0786893259,Solved
GCZbf{,16,3,3.2360679775,0.2360679775,1.0786893258,Solved
GCZbjw,15,3,3.0000000018,0.0000000018,1.0000000006,Solved
GCZbmk,15,3,3.0000000060,0.0000000060,1.0000000020,Solved
GCZbmw,15,3,3.0000000019,0.0000000019,1.0000000006,Solved
GCZbm{,16,3,3.0000000009,0.0000000009,1.0000000003,Solved
GCZbnW,15,3,3.0000000013,0.0000000013,1.0000000004,Solved
GCZbn[,16,3,3.0000000011,0.0000000011,1.0000000004,Solved
GCZbng,15,3,3.0000000056,0.0000000056,1.0000000019,Solved
GCZbnk,16,3,3.0000000031,0.0000000031,1.0000000010,Solved
GCZbno,15,3,3.0000000004,0.0000000004,1.0000000001,Solved
GCZbnw,16,3,3.0000000005,0.0000000005,1.0000000002,Solved
GCZbn{,17,3,3.0000000008,0.0000000008,1.0000000003,Solved
GCZbrg,14,3,3.0000000054,0.0000000054,1.0000000018,Solved
GCZbrs,15,3,3.0000000000,0.0000000000,1.0000000000,Solved
GCZbrw,15,3,3.0000000035,0.0000000035,1.0000000012,Solved
GCZbr{,16,3,3.0000000008,0.0000000008,1.0000000003,Solved
GCZbsw,14,3,3.0000000030,0.0000000030,1.0000000010,Solved
GCZbuw,15,3,3.0000000028,0.0000000028,1.0000000009,Solved
GCZbu{,16,3,3.0000000029,0.0000000029,1.0000000010,Solved
GCZbvG,14,3,3.0000000045,0.0000000045,1.0000000015,Solved
GCZbvK,15,3,3.0000000017,0.0000000017,1.0000000006,Solved
GCZbvS,15,3,3.0000000009,0.0000000009,1.0000000003,Solved
GCZbvW,15,3,3.0000000033,0.0000000033,1.0000000011,Solved
GCZbv[,16,3,3.0000000017,0.0000000017,1.0000000006,Solved
GCZbvc,15,3,3.0000000002,0.0000000002,1.0000000001,Solved
GCZbvg,15,3,3.0000000011,0.0000000011,1.0000000004,Solved
GCZbvk,16,3,3.0000000019,0.0000000019,1.0000000006,Solved
GCZbvo,15,3,3.0000000047,0.0000000047,1.0000000016,Solved
GCZbvs,16,3,3.0000000003,0.0000000003,1.0000000001,Solved
GCZbvw,16,3,3.0000000002,0.0000000002,1.0000000001,Solved
GCZbv{,17,3,3.0000000004,0.0000000004,1.0000000001,Solved
GCZbz{,17,3,3.0000000038,0.0000000038,1.0000000013,Solved
GCZb~[,17,3,3.0000000000,-0.0000000000,1.0000000000,Solved
GCZb~k,17,3,3.0000000028,0.0000000028,1.0000000009,Solved
GCZb~o,16,3,3.0000000012,0.0000000012,1.0000000004,Solved
GCZb~s,17,3,3.0000000001,0.0000000001,1.0000000000,Solved
GCZb~w,17,3,3.0000000005,0.0000000005,1.0000000002,Solved
GCZb~{,18,3,3.0000000002,0.0000000002,1.0000000001,Solved
GCZejs,15,3,3.0000000021,0.0000000021,1.0000000007,Solved
GCZejw,15,3,3.0000000001,0.0000000001,1.0000000000,Solved
GCZej{,16,3,3.0000000003,0.0000000003,1.0000000001,Solved
GCZelk,15,3,3.0000000011,0.0000000011,1.0000000004,Solved
GCZels,15,3,3.0000000027,0.0000000027,1.0000000009,Solved
GCZelw,15,3,3.0000000009,0.0000000009,1.0000000003,Solved
GCZel{,16,3,3.0000000022,0.0000000022,1.0000000007,Solved
GCZemk,15,3,3.0000000002,0.0000000002,1.0000000001,Solved
GCZems,15,3,3.0000000009,0.0000000009,1.0000000003,Solved
GCZemw,15,3,3.0000000042,0.0000000042,1.0000000014,Solved
GCZem{,16,3,3.0000000005,0.0000000005,1.0000000002,Solved
GCZenS,15,3,3.0000000016,0.0000000016,1.0000000005,Solved
GCZenW,15,3,3.0000000005,0.0000000005,1.0000000002,Solved
GCZen[,16,3,3.0000000001,0.0000000001,1.0000000000,Solved
GCZenc,15,3,3.0000000014,0.0000000014,1.0000000005,Solved
GCZeng,15,3,3.0000000007,0.0000000007,1.0000000002,Solved
GCZenk,16,3,3.0000000002,0.0000000002,1.0000000001,Solved
GCZeno,15,3,3.0000000018,0.0000000018,1.0000000006,Solved
GCZens,16,3,3.0000000011,0.0000000011,1.0000000004,Solved
GCZenw,16,3,3.0000000036,0.0000000036,1.0000000012,Solved
GCZen{,17,3,3.0000000005,0.0000000005,1.0000000002,Solved
GCZepw,14,3,3.0000000021,0.0000000021,1.0000000007,Solved
GCZer[,15,3,3.0000000007,0.0000000007,1.0000000002,Solved
GCZers,15,3,3.0000000026,0.0000000026,1.0000000009,Solved
GCZerw,15,3,3.0000000018,0.0000000018,1.0000000006,Solved
GCZer{,16,3,3.0000000004,0.0000000004,1.0000000001,Solved
GCZets,15,3,3.0000000012,0.0000000012,1.0000000004,Solved
GCZetw,15,3,3.0000000005,0.0000000005,1.0000000002,Solved
GCZet{,16,3,3.0000000011,0.0000000011,1.0000000004,Solved
GCZeuW,14,3,3.0000000053,0.0000000053,1.0000000018,Solved
GCZeus,15,3,3.0000000003,0.0000000003,1.0000000001,Solved
GCZeuw,15,3,3.0000000001,0.0000000001,1.0000000000,Solved
GCZeu{,16,3,3.0000000011,0.0000000011,1.0000000004,Solved
GCZevG,14,3,3.0000000045,0.0000000045,1.0000000015,Solved
GCZevK,15,3,3.0000000001,0.0000000001,1.0000000000,Solved
GCZevS,15,3,3.0000000005,0.0000000005,1.0000000002,Solved
GCZevW,15,3,3.0000000007,0.0000000007,1.0000000002,Solved
GCZev[,16,3,3.0000000009,0.0000000009,1.0000000003,Solved
GCZevc,15,3,3.0000000006,0.0000000006,1.0000000002,Solved
GCZevg,15,3,3.0000000007,0.0000000007,1.0000000002,Solved
GCZevk,16,3,3.0000000020,0.0000000020,1.0000000007,Solved
GCZevo,15,3,3.0000000018,0.0000000018,1.0000000006,Solved
GCZevs,16,3,3.0000000011,0.0000000011,1.0000000004,Solved
GCZevw,16,3,3.0000000016,0.0000000016,1.0000000005,Solved
GCZev{,17,3,3.0000000006,0.0000000006,1.0000000002,Solved
GCZez{,17,3,3.0000000006,0.0000000006,1.0000000002,Solved
GCZe|{,17,3,3.0000000001,0.0000000001,1.0000000000,Solved
GCZe}{,17,3,3.0000000002,0.0000000002,1.0000000001,Solved
GCZe~[,17,3,3.0000000004,0.0000000004,1.0000000001,Solved
GCZe~k,17,3,3.0000000006,0.0000000006,1.0000000002,Solved
GCZe~o,16,3,3.0000000027,0.0000000027,1.0000000009,Solved
GCZe~s,17,3,3.0000000004,0.0000000004,1.0000000001,Solved
GCZe~w,17,3,3.0000000003,0.0000000003,1.0000000001,Solved
GCZe~{,18,3,3.0000000017,0.0000000017,1.0000000006,Solved
GCZfJk,15,3,3.0000000003,0.0000000003,1.0000000001,Solved
GCZfJ{,16,3,3.0000000032,0.0000000032,1.0000000011,Solved
GCZfMk,15,3,3.0000000022,0.0000000022,1.0000000007,Solved
GCZfM{,16,3,3.0000000027,0.0000000027,1.0000000009,Solved
GCZfNK,15,3,3.0000000012,0.0000000012,1.0000000004,Solved
GCZfNW,15,3,3.0000000065,0.0000000065,1.0000000022,Solved
GCZfN[,16,3,3.0000000049,0.0000000049,1.0000000016,Solved
GCZfNg,15,3,3.0000000004,0.0000000004,1.0000000001,Solved
GCZfNk,16,3,3.0000000031,0.0000000031,1.0000000010,Solved
GCZfNo,15,3,3.0000000004,0.0000000004,1.0000000001,Solved
GCZfNw,16,3,3.0000000017,0.0000000017,1.0000000006,Solved
GCZfN{,17,3,3.0000000021,0.0000000021,1.0000000007,Solved
GCZfRw,15,3,3.0000000019,0.0000000019,1.0000000006,Solved
GCZfR{,16,3,2.9999999999,-0.0000000001,1.0000000000,Solved
GCZfSw,14,3,3.0000000009,0.0000000009,1.0000000003,Solved
GCZfUW,14,3,3.0000000005,0.0000000005,1.0000000002,Solved
GCZfUw,15,3,3.0000000042,0.0000000042,1.0000000014,Solved
GCZfU{,16,3,3.0000000041,0.0000000041,1.0000000014,Solved
GCZfVG,14,3,3.0000000003,0.0000000003,1.0000000001,Solved
GCZfVS,15,3,3.0000000003,0.0000000003,1.0000000001,Solved
GCZfVW,15,3,3.0000000024,0.0000000024,1.0000000008,Solved
GCZfV[,16,3,3.0000000003,0.0000000003,1.0000000001,Solved
GCZfV_,14,3,3.0000000038,0.0000000038,1.0000000013,Solved
GCZfVg,15,3,3.0000000012,0.0000000012,1.0000000004,Solved
GCZfVk,16,3,3.0000000014,0.0000000014,1.0000000005,Solved
GCZfVo,15,3,3.0000000058,0.0000000058,1.0000000019,Solved
GCZfVs,16,3,3.0000000003,0.0000000003,1.0000000001,Solved
GCZfVw,16,3,3.0000000019,0.0000000019,1.0000000006,Solved
GCZfV{,17,3,3.0000000040,0.0000000040,1.0000000013,Solved
GCZf^[,17,3,3.0000000001,0.0000000001,1.0000000000,Solved
GCZf^o,16,3,3.0000000018,0.0000000018,1.0000000006,Solved
GCZf^s,17,3,3.0000000024,0.0000000024,1.0000000008,Solved
GCZf^w,17,3,3.0000000001,0.0000000001,1.0000000000,Solved
GCZf^{,18,3,2.9999999999,-0.0000000001,1.0000000000,Solved
GCZfbg,14,3,3.0000000016,0.0000000016,1.0000000005,Solved
GCZfbo,14,3,3.0000000038,0.0000000038,1.0000000013,Solved
GCZfbw,15,3,3.0000000001,0.0000000001,1.0000000000,Solved
GCZfb{,16,3,3.0000000008,0.0000000008,1.0000000003,Solved
GCZfew,15,3,3.0000000015,0.0000000015,1.0000000005,Solved
GCZfe{,16,3,3.0000000004,0.0000000004,1.0000000001,Solved
GCZffG,14,3,3.0000000007,0.0000000007,1.0000000002,Solved
GCZffS,15,3,3.0000000007,0.0000000007,1.0000000002,Solved
GCZffW,15,3,3.0000000014,0.0000000014,1.0000000005,Solved
GCZff[,16,3,3.0000000035,0.0000000035,1.0000000012,Solved
GCZff_,14,4,3.9999999998,-0.0000000002,1.0000000000,Solved
GCZffc,15,3,3.0000000001,0.0000000001,1.0000000000,Solved
GCZffg,15,3,3.0000000003,0.0000000003,1.0000000001,Solved
GCZffk,16,3,3.0000000018,0.0000000018,1.0000000006,Solved
GCZffo,15,3,3.0000000006,0.0000000006,1.0000000002,Solved
GCZffs,16,3,3.0000000007,0.0000000007,1.0000000002,Solved
GCZffw,16,3,3.0000000003,0.0000000003,1.0000000001,Solved
GCZff{,17,3,3.0000000029,0.0000000029,1.0000000010,Solved
GCZfn[,17,3,3.0000000002,0.0000000002,1.0000000001,Solved
GCZfnk,17,3,3.0000000000,0.0000000000,1.0000000000,Solved
GCZfno,16,3,3.0000000002,0.0000000002,1.0000000001,Solved
GCZfns,17,3,3.0000000022,0.0000000022,1.0000000007,Solved
GCZfnw,17,3,3.0000000004,0.0000000004,1.0000000001,Solved
GCZfn{,18,3,3.0000000007,0.0000000007,1.0000000002,Solved
GCZfvo,16,3,3.0000000022,0.0000000022,1.0000000007,Solved
GCZfvs,17,3,3.0000000005,0.0000000005,1.0000000002,Solved
GCZfvw,17,3,3.0000000006,0.0000000006,1.0000000002,Solved
GCZfv{,18,3,3.0000000001,0.0000000001,1.0000000000,Solved
GCZf~w,18,3,2.9999999998,-0.0000000002,0.9999999999,Solved
GCZf~{,19,3,3.0000000004,0.0000000004,1.0000000001,Solved
GCZjr[,16,3,2.9999999999,-0.0000000001,1.0000000000,Solved
GCZjs{,16,3,3.0000000009,0.0000000009,1.0000000003,Solved
GCZju[,16,3,3.0000000010,0.0000000010,1.0000000003,Solved
GCZjuk,16,3,3.0000000008,0.0000000008,1.0000000003,Solved
GCZju{,17,3,3.0000000015,0.0000000015,1.0000000005,Solved
GCZjvK,16,3,3.0000000024,0.0000000024,1.0000000008,Solved
GCZjvW,16,3,3.0000000011,0.0000000011,1.0000000004,Solved
GCZjv[,17,3,3.0000000024,0.0000000024,1.0000000008,Solved
GCZjvg,16,3,3.0000000047,0.0000000047,1.0000000016,Solved
GCZjvk,17,3,3.0000000016,0.0000000016,1.0000000005,Solved
GCZjvw,17,3,3.0000000012,0.0000000012,1.0000000004,Solved
GCZjv{,18,3,3.0000000012,0.0000000012,1.0000000004,Solved
GCZj}{,18,3,2.9999999999,-0.0000000001,1.0000000000,Solved
GCZj~k,18,3,3.0000000001,0.0000000001,1.0000000000,Solved
GCZj~w,18,3,2.9999999998,-0.0000000002,0.9999999999,Solved
GCZj~{,19,3,3.0000000007,0.0000000007,1.0000000002,Solved
GCZmp{,16,3,3.0000000001,0.0000000001,1.0000000000,Solved
GCZmq{,16,3,3.0000000026,0.0000000026,1.0000000009,Solved
GCZmr[,16,3,3.0000000001,0.0000000001,1.0000000000,Solved
GCZmrk,16,3,3.0000000002,0.0000000002,1.0000000001,Solved
GCZmrs,16,3,3.0000000000,0.0000000000,1.0000000000,Solved
GCZmrw,16,3,3.0000000004,0.0000000004,1.0000000001,Solved
GCZmr{,17,3,3.0000000008,0.0000000008,1.0000000003,Solved
GCZms{,16,3,3.0000000015,0.0000000015,1.0000000005,Solved
GCZmt[,16,3,3.0000000003,0.0000000003,1.0000000001,Solved
GCZmtk,16,3,2.9999999995,-0.0000000005,0.9999999998,Solved
GCZmtw,16,3,3.0000000010,0.0000000010,1.0000000003,Solved
GCZmt{,17,3,3.0000000001,0.0000000001,1.0000000000,Solved
GCZmu[,16,3,3.0000000053,0.0000000053,1.0000000018,Solved
GCZmuk,16,3,2.9999999999,-0.0000000001,1.0000000000,Solved
GCZmuw,16,3,3.0000000008,0.0000000008,1.0000000003,Solved
GCZmu{,17,3,3.0000000000,0.0000000000,1.0000000000,Solved
GCZmvK,16,3,3.0000000003,0.0000000003,1.0000000001,Solved
GCZmvW,16,3,3.0000000018,0.0000000018,1.0000000006,Solved
GCZmv[,17,3,3.0000000018,0.0000000018,1.0000000006,Solved
GCZmvc,16,3,3.0000000003,0.0000000003,1.0000000001,Solved
GCZmvg,16,3,3.0000000011,0.0000000011,1.0000000004,Solved
GCZmvk,17,3,3.0000000001,0.0000000001,1.0000000000,Solved
GCZmvo,16,3,3.0000000017,0.0000000017,1.0000000006,Solved
GCZmvs,17,3,3.0000000005,0.0000000005,1.0000000002,Solved
GCZmvw,17,3,2.9999999999,-0.0000000001,1.0000000000,Solved
GCZmv{,18,3,3.0000000005,0.0000000005,1.0000000002,Solved
GCZm|{,18,3,3.0000000001,0.0000000001,1.0000000000,Solved
GCZm}{,18,3,3.0000000000,-0.0000000000,1.0000000000,Solved
GCZm~k,18,3,3.0000000006,0.0000000006,1.0000000002,Solved
GCZm~s,18,3,3.0000000012,0.0000000012,1.0000000004,Solved
GCZm~w,18,3,3.0000000007,0.0000000007,1.0000000002,Solved
GCZm~{,19,3,3.0000000013,0.0000000013,1.0000000004,Solved
GCZnQ{,16,3,3.0000000004,0.0000000004,1.0000000001,Solved
GCZnR[,16,3,3.0000000017,0.0000000017,1.0000000006,Solved
GCZnRk,16,3,3.0000000024,0.0000000024,1.0000000008,Solved
GCZnRw,16,3,3.0000000020,0.0000000020,1.0000000007,Solved
GCZnR{,17,3,3.0000000004,0.0000000004,1.0000000001,Solved
GCZnS{,16,3,3.0000000004,0.0000000004,1.0000000001,Solved
GCZnU[,16,3,3.0000000025,0.0000000025,1.0000000008,Solved
GCZnUk,16,3,3.0000000007,0.0000000007,1.0000000002,Solved
GCZnU{,17,3,3.0000000013,0.0000000013,1.0000000004,Solved
GCZnVK,16,3,3.0000000011,0.0000000011,1.0000000004,Solved
GCZnV[,17,3,3.0000000004,0.0000000004,1.0000000001,Solved
GCZnVg,16,3,3.0000000001,0.0000000001,1.0000000000,Solved
GCZnVk,17,3,3.0000000010,0.0000000010,1.0000000003,Solved
GCZnVw,17,3,3.0000000004,0.0000000004,1.0000000001,Solved
GCZnV{,18,3,3.0000000024,0.0000000024,1.0000000008,Solved
GCZnZ{,18,3,2.9999999999,-0.0000000001,1.0000000000,Solved
GCZn]{,18,3,2.9999999999,-0.0000000001,1.0000000000,Solved
GCZn^[,18,3,2.9999999999,-0.0000000001,1.0000000000,Solved
GCZn^k,18,3,3.0000000007,0.0000000007,1.0000000002,Solved
GCZn^w,18,3,3.0000000002,0.0000000002,1.0000000001,Solved
GCZn^{,19,3,3.0000000003,0.0000000003,1.0000000001,Solved
GCZna{,16,3,3.0000000005,0.0000000005,1.0000000002,Solved
GCZnb[,16,3,3.0000000007,0.0000000007,1.0000000002,Solved
GCZnbk,16,3,3.0000000002,0.0000000002,1.0000000001,Solved
GCZnbw,16,3,3.0000000018,0.0000000018,1.0000000006,Solved
GCZnb{,17,3,3.0000000002,0.0000000002,1.0000000001,Solved
GCZnc{,16,3,3.0000000014,0.0000000014,1.0000000005,Solved
GCZne[,16,3,3.0000000021,0.0000000021,1.0000000007,Solved
GCZnek,16,3,3.0000000002,0.0000000002,1.0000000001,Solved
GCZnew,16,3,3.0000000001,0.0000000001,1.0000000000,Solved
GCZne{,17,3,3.0000000003,0.0000000003,1.0000000001,Solved
GCZnfK,16,3,3.0000000003,0.0000000003,1.0000000001,Solved
GCZnfO,15,3,3.0000000003,0.0000000003,1.0000000001,Solved
GCZnfW,16,3,2.9999999993,-0.0000000007,0.9999999998,Solved
GCZnf[,17,3,3.0000000000,-0.0000000000,1.0000000000,Solved
GCZnfc,16,3,3.0000000004,0.0000000004,1.0000000001,Solved
GCZnfg,16,3,3.0000000013,0.0000000013,1.0000000004,Solved
GCZnfk,17,3,2.9999999998,-0.0000000002,0.9999999999,Solved
GCZnfo,16,3,3.0000000031,0.0000000031,1.0000000010,Solved
GCZnfs,17,3,3.0000000000,-0.0000000000,1.0000000000,Solved
GCZnfw,17,3,3.0000000007,0.0000000007,1.0000000002,Solved
GCZnf{,18,3,3.0000000000,0.0000000000,1.0000000000,Solved
GCZnnk,18,3,3.0000000002,0.0000000002,1.0000000001,Solved
GCZnnw,18,3,3.0000000001,0.0000000001,1.0000000000,Solved
GCZnn{,19,3,3.0000000009,0.0000000009,1.0000000003,Solved
GCZnvg,17,3,3.0000000015,0.0000000015,1.0000000005,Solved
GCZnvk,18,3,3.0000000001,0.0000000001,1.0000000000,Solved
GCZnvs,18,3,3.0000000001,0.0000000001,1.0000000000,Solved
GCZnvw,18,3,3.0000000000,0.0000000000,1.0000000000,Solved
GCZnv{,19,3,3.0000000004,0.0000000004,1.0000000001,Solved
GCZn~{,20,3,3.0000000000,-0.0000000000,1.0000000000,Solved
GCZvb[,16,3,3.0000000009,0.0000000009,1.0000000003,Solved
GCZvc{,16,3,3.0000000056,0.0000000056,1.0000000019,Solved
GCZve[,16,3,3.0000000007,0.0000000007,1.0000000002,Solved
GCZvek,16,3,3.0000000008,0.0000000008,1.0000000003,Solved
GCZve{,17,3,3.0000000009,0.0000000009,1.0000000003,Solved
GCZvfK,16,3,3.0000000030,0.0000000030,1.0000000010,Solved
GCZvfO,15,3,3.0000000003,0.0000000003,1.0000000001,Solved
GCZvf[,17,3,3.0000000012,0.0000000012,1.0000000004,Solved
GCZvf_,15,4,4.0000000000,-0.0000000000,1.0000000000,Solved
GCZvfg,16,3,3.0000000018,0.0000000018,1.0000000006,Solved
GCZvfk,17,3,3.0000000030,0.0000000030,1.0000000010,Solved
GCZvfo,16,3,3.0000000011,0.0000000011,1.0000000004,Solved
GCZvfw,17,3,3.0000000003,0.0000000003,1.0000000001,Solved
GCZvf{,18,3,3.0000000018,0.0000000018,1.0000000006,Solved
GCZvnk,18,3,3.0000000011,0.0000000011,1.0000000004,Solved
GCZvnw,18,3,2.9999999997,-0.0000000003,0.9999999999,Solved
GCZvn{,19,3,3.0000000014,0.0000000014,1.0000000005,Solved
GCZvvg,17,3,3.0000000005,0.0000000005,1.0000000002,Solved
GCZvvo,17,3,3.0000000006,0.0000000006,1.0000000002,Solved
GCZvvs,18,3,2.9999999994,-0.0000000006,0.9999999998,Solved
GCZvvw,18,3,3.0000000014,0.0000000014,1.0000000005,Solved
GCZvv{,19,3,2.9999999997,-0.0000000003,0.9999999999,Solved
GCZv~{,20,3,3.0000000001,0.0000000001,1.0000000000,Solved
GCZ~u{,19,3,2.9999999996,-0.0000000004,0.9999999999,Solved
GCZ~v[,19,3,3.0000000000,-0.0000000000,1.0000000000,Solved
GCZ~vk,19,3,2.9999999999,-0.0000000001,1.0000000000,Solved
GCZ~vw,19,3,3.0000000000,-0.0000000000,1.0000000000,Solved
GCZ~v{,20,3,3.0000000000,0.0000000000,1.0000000000,Solved
GCZ~~{,21,3,3.0000000000,0.0000000000,1.0000000000,Solved
GCdbEG,10,3,3.0000000006,0.0000000006,1.0000000002,Solved
GCdbE_,10,4,3.9999999994,-0.0000000006,0.9999999999,Solved
GCdbEg,11,3,3.0000000021,0.0000000021,1.0000000007,Solved
GCdbEo,11,3,3.0000000013,0.0000000013,1.0000000004,Solved
GCdbEw,12,3,3.0000000005,0.0000000005,1.0000000002,Solved
GCdbF?,10,4,4.0000000053,0.0000000053,1.0000000013,Solved
GCdbFG,11,3,3.0000000017,0.0000000017,1.0000000006,Solved
GCdbFK,12,3,3.0000000014,0.0000000014,1.0000000005,Solved
GCdbF_,11,4,4.0000000000,-0.0000000000,1.0000000000,Solved
GCdbFg,12,3,3.0000000041,0.0000000041,1.0000000014,Solved
GCdbFk,13,3,3.0000000006,0.0000000006,1.0000000002,Solved
GCdbFo,12,3,2.9999999998,-0.0000000002,0.9999999999,Solved
GCdbFw,13,3,3.0000000011,0.0000000011,1.0000000004,Solved
GCdbF{,14,3,3.0000000000,0.0000000000,1.0000000000,Solved
GCdbKk,12,4,4.0000000000,-0.0000000000,1.0000000000,Solved
GCdbKw,12,3,3.0000000007,0.0000000007,1.0000000002,Solved
GCdbK{,13,3,3.0000000007,0.0000000007,1.0000000002,Solved
GCdbMK,12,3,3.0000000010,0.0000000010,1.0000000003,Solved
GCdbM_,11,3,3.0000000031,0.0000000031,1.0000000010,Solved
GCdbMg,12,3,3.0000000022,0.0000000022,1.0000000007,Solved
GCdbMk,13,3,3.0000000008,0.0000000008,1.0000000003,Solved
GCdbMo,12,3,3.0000000008,0.0000000008,1.0000000003,Solved
GCdbMw,13,3,3.0000000002,0.0000000002,1.0000000001,Solved
GCdbM{,14,3,3.0000000011,0.0000000011,1.0000000004,Solved
GCdbNG,12,3,3.0000000008,0.0000000008,1.0000000003,Solved
GCdbNK,13,3,2.9999999997,-0.0000000003,0.9999999999,Solved
GCdbN_,12,3,3.0000000050,0.0000000050,1.0000000017,Solved
GCdbNg,13,3,3.0000000007,0.0000000007,1.0000000002,Solved
GCdbNk,14,3,2.9999999983,-0.0000000017,0.9999999994,Solved
GCdbNo,13,3,3.0000000005,0.0000000005,1.0000000002,Solved
GCdbNw,14,3,3.0000000005,0.0000000005,1.0000000002,Solved
GCdbN{,15,3,3.0000000001,0.0000000001,1.0000000000,Solved
GCdcs{,13,3,3.0000000017,0.0000000017,1.0000000006,Solved
GCdcuo,12,3,3.0000000001,0.0000000001,1.0000000000,Solved
GCdcus,13,3,3.0000000000,0.0000000000,1.0000000000,Solved
GCdcuw,13,3,3.0000000002,0.0000000002,1.0000000001,Solved
GCdcu{,14,3,3.0000000001,0.0000000001,1.0000000000,Solved
GCdcvg,13,3,3.0000000001,0.0000000001,1.0000000000,Solved
GCdcvo,13,3,3.0000000015,0.0000000015,1.0000000005,Solved
GCdcvs,14,3,2.9999999999,-0.0000000001,1.0000000000,Solved
GCdcvw,14,3,2.9999999999,-0.0000000001,1.0000000000,Solved
GCdcv{,15,3,3.0000000003,0.0000000003,1.0000000001,Solved
GCdc{{,14,3,3.0000000002,0.0000000002,1.0000000001,Solved
GCdc}w,14,3,3.0000000034,0.0000000034,1.0000000011,Solved
GCdc}{,15,3,3.0000000011,0.0000000011,1.0000000004,Solved
GCdc~g,14,3,3.0000000008,0.0000000008,1.0000000003,Solved
GCdc~k,15,3,3.0000000010,0.0000000010,1.0000000003,Solved
GCdc~o,14,3,3.0000000009,0.0000000009,1.0000000003,Solved
GCdc~s,15,3,3.0000000009,0.0000000009,1.0000000003,Solved
GCdc~w,15,3,3.0000000028,0.0000000028,1.0000000009,Solved
GCdc~{,16,3,3.0000000021,0.0000000021,1.0000000007,Solved
GCdebW,12,3,3.0000000008,0.0000000008,1.0000000003,Solved
GCdeb[,13,3,3.0000000008,0.0000000008,1.0000000003,Solved
GCdec{,13,3,2.9999999999,-0.0000000001,1.0000000000,Solved
GCded[,13,3,3.0000000043,0.0000000043,1.0000000014,Solved
GCdedc,12,3,3.2360679776,0.2360679776,1.0786893259,Solved
GCdedg,12,3,3.0000000027,0.0000000027,1.0000000009,Solved
GCdedk,13,3,3.0000000035,0.0000000035,1.0000000012,Solved
GCdedo,12,3,3.0000000002,0.0000000002,1.0000000001,Solved
GCdeds,13,3,3.0000000016,0.0000000016,1.0000000005,Solved
GCdedw,13,3,3.0000000001,0.0000000001,1.0000000000,Solved
GCded{,14,3,3.0000000021,0.0000000021,1.0000000007,Solved
GCdee[,13,3,3.0000000031,0.0000000031,1.0000000010,Solved
GCdeec,12,3,3.0000000001,0.0000000001,1.0000000000,Solved
GCdeek,13,3,3.0000000003,0.0000000003,1.0000000001,Solved
GCdees,13,3,3.0000000001,0.0000000001,1.0000000000,Solved
GCdeew,13,3,3.0000000027,0.0000000027,1.0000000009,Solved
GCdee{,14,3,3.0000000018,0.0000000018,1.0000000006,Solved
GCdefG,12,3,3.0000000001,0.0000000001,1.0000000000,Solved
GCdefK,13,3,3.0000000009,0.0000000009,1.0000000003,Solved
GCdefS,13,3,3.0000000005,0.0000000005,1.0000000002,Solved
GCdefW,13,3,3.0000000048,0.0000000048,1.0000000016,Solved
GCdef[,14,3,3.0000000012,0.0000000012,1.0000000004,Solved
GCdef_,12,4,4.0000000002,0.0000000002,1.0000000001,Solved
GCdefc,13,3,3.0000000004,0.0000000004,1.0000000001,Solved
GCdefg,13,3,3.0000000004,0.0000000004,1.0000000001,Solved
GCdefk,14,3,3.0000000005,0.0000000005,1.0000000002,Solved
GCdefo,13,3,3.0000000023,0.0000000023,1.0000000008,Solved
GCdefs,14,3,3.0000000008,0.0000000008,1.0000000003,Solved
GCdefw,14,3,3.0000000018,0.0000000018,1.0000000006,Solved
GCdef{,15,3,3.0000000015,0.0000000015,1.0000000005,Solved
GCdek{,14,3,3.0000000001,0.0000000001,1.0000000000,Solved
GCdel[,14,3,3.0000000001,0.0000000001,1.0000000000,Solved
GCdelk,14,3,3.0000000006,0.0000000006,1.0000000002,Solved
GCdels,14,3,3.0000000010,0.0000000010,1.0000000003,Solved
GCdelw,14,3,3.0000000031,0.0000000031,1.0000000010,Solved
GCdel{,15,3,3.0000000008,0.0000000008,1.0000000003,Solved
GCdem[,14,3,3.0000000001,0.0000000001,1.0000000000,Solved
GCdemk,14,3,3.0000000006,0.0000000006,1.0000000002,Solved
GCdems,14,3,3.0000000013,0.0000000013,1.0000000004,Solved
GCdemw,14,3,3.0000000005,0.0000000005,1.0000000002,Solved
GCdem{,15,3,3.0000000010,0.0000000010,1.0000000003,Solved
GCdenW,14,3,3.0000000027,0.0000000027,1.0000000009,Solved
GCden[,15,3,3.0000000014,0.0000000014,1.0000000005,Solved
GCdeng,14,3,3.0000000005,0.0000000005,1.0000000002,Solved
GCdenk,15,3,3.0000000014,0.0000000014,1.0000000005,Solved
GCdeno,14,3,3.0000000002,0.0000000002,1.0000000001,Solved
GCdens,15,3,3.0000000002,0.0000000002,1.0000000001,Solved
GCdenw,15,3,3.0000000021,0.0000000021,1.0000000007,Solved
GCden{,16,3,3.0000000011,0.0000000011,1.0000000004,Solved
GCdes{,14,3,3.0000000013,0.0000000013,1.0000000004,Solved
GCdets,14,3,3.0000000024,0.0000000024,1.0000000008,Solved
GCdetw,14,3,3.0000000003,0.0000000003,1.0000000001,Solved
GCdet{,15,3,3.0000000004,0.0000000004,1.0000000001,Solved
GCdeus,14,3,2.9999999996,-0.0000000004,0.9999999999,Solved
GCdeuw,14,3,3.0000000006,0.0000000006,1.0000000002,Solved
GCdeu{,15,3,3.0000000003,0.0000000003,1.0000000001,Solved
GCdevg,14,3,3.0000000016,0.0000000016,1.0000000005,Solved
GCdevk,15,3,3.0000000000,0.0000000000,1.0000000000,Solved
GCdevo,14,3,3.0000000002,0.0000000002,1.0000000001,Solved
GCdevs,15,3,3.0000000002,0.0000000002,1.0000000001,Solved
GCdevw,15,3,2.9999999996,-0.0000000004,0.9999999999,Solved
GCdev{,16,3,3.0000000001,0.0000000001,1.0000000000,Solved
GCde|w,15,3,3.0000000000,0.0000000000,1.0000000000,Solved
GCde|{,16,3,3.0000000004,0.0000000004,1.0000000001,Solved
GCde}w,15,3,3.0000000005,0.0000000005,1.0000000002,Solved
GCde}{,16,3,3.0000000001,0.0000000001,1.0000000000,Solved
GCde~w,16,3,3.0000000000,0.0000000000,1.0000000000,Solved
GCde~{,17,3,3.0000000001,0.0000000001,1.0000000000,Solved
GCdfI{,14,3,3.0000000004,0.0000000004,1.0000000001,Solved
GCdfJk,14,3,2.9999999999,-0.0000000001,1.0000000000,Solved
GCdfJo,13,3,3.0000000029,0.0000000029,1.0000000010,Solved
GCdfJs,14,3,3.0000000020,0.0000000020,1.0000000007,Solved
GCdfJw,14,3,3.0000000031,0.0000000031,1.0000000010,Solved
GCdfJ{,15,3,3.0000000020,0.0000000020,1.0000000007,Solved
GCdfKw,13,3,3.0000000025,0.0000000025,1.0000000008,Solved
GCdfK{,14,3,3.0000000012,0.0000000012,1.0000000004,Solved
GCdfMk,14,3,2.9999999997,-0.0000000003,0.9999999999,Solved
GCdfMs,14,3,3.0000000012,0.0000000012,1.0000000004,Solved
GCdfMw,14,3,3.0000000016,0.0000000016,1.0000000005,Solved
GCdfM{,15,3,3.0000000008,0.0000000008,1.0000000003,Solved
GCdfNK,14,3,3.0000000004,0.0000000004,1.0000000001,Solved
GCdfNc,14,3,3.0000000010,0.0000000010,1.0000000003,Solved
GCdfNg,14,3,3.0000000023,0.0000000023,1.0000000008,Solved
GCdfNk,15,3,3.0000000013,0.0000000013,1.0000000004,Solved
GCdfNo,14,3,3.0000000005,0.0000000005,1.0000000002,Solved
GCdfNs,15,3,3.0000000002,0.0000000002,1.0000000001,Solved
GCdfNw,15,3,3.0000000003,0.0000000003,1.0000000001,Solved
GCdfN{,16,3,3.0000000004,0.0000000004,1.0000000001,Solved
GCdfc{,14,3,3.0000000002,0.0000000002,1.0000000001,Solved
GCdfe[,14,3,3.0000000056,0.0000000056,1.0000000019,Solved
GCdfek,14,3,3.0000000013,0.0000000013,1.0000000004,Solved
GCdfes,14,3,3.0000000025,0.0000000025,1.0000000008,Solved
GCdfew,14,3,3.0000000031,0.0000000031,1.0000000010,Solved
GCdfe{,15,3,3.0000000014,0.0000000014,1.0000000005,Solved
GCdffS,14,3,3.0000000012,0.0000000012,1.0000000004,Solved
GCdffW,14,3,3.0000000062,0.0000000062,1.0000000021,Solved
GCdff[,15,3,3.0000000022,0.0000000022,1.0000000007,Solved
GCdffc,14,3,3.0000000008,0.0000000008,1.0000000003,Solved
GCdffg,14,3,3.0000000010,0.0000000010,1.0000000003,Solved
GCdffk,15,3,3.0000000017,0.0000000017,1.0000000006,Solved
GCdffo,14,3,3.0000000001,0.0000000001,1.0000000000,Solved
GCdffs,15,3,3.0000000020,0.0000000020,1.0000000007,Solved
GCdffw,15,3,3.0000000004,0.0000000004,1.0000000001,Solved
GCdff{,16,3,3.0000000003,0.0000000003,1.0000000001,Solved
GCdfmw,15,3,3.0000000012,0.0000000012,1.0000000004,Solved
GCdfm{,16,3,3.0000000010,0.0000000010,1.0000000003,Solved
GCdfnW,15,3,3.0000000027,0.0000000027,1.0000000009,Solved
GCdfn[,16,3,3.0000000012,0.0000000012,1.0000000004,Solved
GCdfng,15,3,3.0000000005,0.0000000005,1.0000000002,Solved
GCdfnk,16,3,3.0000000012,0.0000000012,1.0000000004,Solved
GCdfno,15,3,2.9999999998,-0.0000000002,0.9999999999,Solved
GCdfns,16,3,3.0000000031,0.0000000031,1.0000000010,Solved
GCdfnw,16,3,3.0000000013,0.0000000013,1.0000000004,Solved
GCdfn{,17,3,3.0000000004,0.0000000004,1.0000000001,Solved
GCdfuw,15,3,3.0000000000,-0.0000000000,1.0000000000,Solved
GCdfu{,16,3,3.0000000014,0.0000000014,1.0000000005,Solved
GCdfvo,15,3,3.0000000012,0.0000000012,1.0000000004,Solved
GCdfvs,16,3,3.0000000002,0.0000000002,1.0000000001,Solved
GCdfvw,16,3,3.0000000002,0.0000000002,1.0000000001,Solved
GCdfv{,17,3,3.0000000001,0.0000000001,1.0000000000,Solved
GCdf~w,17,3,3.0000000012,0.0000000012,1.0000000004,Solved
GCdf~{,18,3,3.0000000016,0.0000000016,1.0000000005,Solved
GCe[~w,16,3,3.0000000004,0.0000000004,1.0000000001,Solved
GCe[~{,17,3,2.9999999999,-0.0000000001,1.0000000000,Solved
GCe]|{,17,3,3.0000000031,0.0000000031,1.0000000010,Solved
GCe]~w,17,3,3.0000000022,0.0000000022,1.0000000007,Solved
GCe]~{,18,3,3.0000000016,0.0000000016,1.0000000005,Solved
GCe^u{,17,3,3.0000000006,0.0000000006,1.0000000002,Solved
GCe^vk,17,3,3.0000000005,0.0000000005,1.0000000002,Solved
GCe^vs,17,3,3.0000000001,0.0000000001,1.0000000000,Solved
GCe^vw,17,3,3.0000000032,0.0000000032,1.0000000011,Solved
GCe^v{,18,3,3.0000000034,0.0000000034,1.0000000011,Solved
GCe^~w,18,3,3.0000000019,0.0000000019,1.0000000006,Solved
GCe^~{,19,3,3.0000000017,0.0000000017,1.0000000006,Solved
GCf\s{,16,3,3.0000000003,0.0000000003,1.0000000001,Solved
GCf\tw,16,3,3.0000000002,0.0000000002,1.0000000001,Solved
GCf\uk,16,3,3.0000000030,0.0000000030,1.0000000010,Solved
GCf\u{,17,3,3.0000000005,0.0000000005,1.0000000002,Solved
GCf\vg,16,3,3.0000000014,0.0000000014,1.0000000005,Solved
GCf\vk,17,3,3.0000000008,0.0000000008,1.0000000003,Solved
GCf\vw,17,3,3.0000000004,0.0000000004,1.0000000001,Solved
GCf\v{,18,3,3.0000000001,0.0000000001,1.0000000000,Solved
GCf\~{,19,3,3.0000000002,0.0000000002,1.0000000001,Solved
GCf]t{,17,3,3.0000000017,0.0000000017,1.0000000006,Solved
GCf]vk,17,3,3.0000000010,0.0000000010,1.0000000003,Solved
GCf]vw,17,3,3.0000000005,0.0000000005,1.0000000002,Solved
GCf]v{,18,3,3.0000000006,0.0000000006,1.0000000002,Solved
GCf]|{,18,3,2.9999999999,-0.0000000001,1.0000000000,Solved
GCf]~w,18,3,3.0000000000,0.0000000000,1.0000000000,Solved
GCf]~{,19,3,3.0000000001,0.0000000001,1.0000000000,Solved
GCf^b[,16,3,3.0000000015,0.0000000015,1.0000000005,Solved
GCf^c{,16,3,3.0000000007,0.0000000007,1.0000000002,Solved
GCf^dk,16,3,3.0000000028,0.0000000028,1.0000000009,Solved
GCf^dw,16,3,3.0000000007,0.0000000007,1.0000000002,Solved
GCf^d{,17,3,3.0000000032,0.0000000032,1.0000000011,Solved
GCf^es,16,3,3.0000000008,0.0000000008,1.0000000003,Solved
GCf^ew,16,3,3.0000000000,0.0000000000,1.0000000000,Solved
GCf^e{,17,3,3.0000000022,0.0000000022,1.0000000007,Solved
GCf^fW,16,3,3.0000000015,0.0000000015,1.0000000005,Solved
GCf^f[,17,3,3.0000000008,0.0000000008,1.0000000003,Solved
GCf^fc,16,3,3.0000000003,0.0000000003,1.0000000001,Solved
GCf^fg,16,3,3.0000000023,0.0000000023,1.0000000008,Solved
GCf^fk,17,3,3.0000000019,0.0000000019,1.0000000006,Solved
GCf^fs,17,3,3.0000000007,0.0000000007,1.0000000002,Solved
GCf^fw,17,3,3.0000000008,0.0000000008,1.0000000003,Solved
GCf^f{,18,3,3.0000000010,0.0000000010,1.0000000003,Solved
GCf^t{,18,3,3.0000000003,0.0000000003,1.0000000001,Solved
GCf^vs,18,3,3.0000000002,0.0000000002,1.0000000001,Solved
GCf^vw,18,3,3.0000000002,0.0000000002,1.0000000001,Solved
GCf^v{,19,3,3.0000000008,0.0000000008,1.0000000003,Solved
GCf^~{,20,3,3.0000000000,0.0000000000,1.0000000000,Solved
GCfu|{,18,3,3.0000000009,0.0000000009,1.0000000003,Solved
GCfu}{,18,3,3.0000000012,0.0000000012,1.0000000004,Solved
GCfu~s,18,3,3.0000000011,0.0000000011,1.0000000004,Solved
GCfu~w,18,3,3.0000000008,0.0000000008,1.0000000003,Solved
GCfu~{,19,3,3.0000000004,0.0000000004,1.0000000001,Solved
GCfvQ{,16,3,3.0000000014,0.0000000014,1.0000000005,Solved
GCfvRk,16,3,3.0000000019,0.0000000019,1.0000000006,Solved
GCfvRw,16,3,3.0000000027,0.0000000027,1.0000000009,Solved
GCfvR{,17,3,3.0000000003,0.0000000003,1.0000000001,Solved
GCfvS{,16,3,3.0000000009,0.0000000009,1.0000000003,Solved
GCfvU{,17,3,3.0000000006,0.0000000006,1.0000000002,Solved
GCfvVg,16,3,3.0000000020,0.0000000020,1.0000000007,Solved
GCfvVk,17,3,3.0000000040,0.0000000040,1.0000000013,Solved
GCfvVw,17,3,3.0000000017,0.0000000017,1.0000000006,Solved
GCfvV{,18,3,3.0000000002,0.0000000002,1.0000000001,Solved
GCfvZ{,18,3,3.0000000005,0.0000000005,1.0000000002,Solved
GCfv]{,18,3,3.0000000008,0.0000000008,1.0000000003,Solved
GCfv^w,18,3,3.0000000038,0.0000000038,1.0000000013,Solved
GCfv^{,19,3,3.0000000005,0.0000000005,1.0000000002,Solved
GCfvb[,16,3,3.0000000002,0.0000000002,1.0000000001,Solved
GCfvc{,16,3,3.0000000005,0.0000000005,1.0000000002,Solved
GCfvek,16,3,3.0000000012,0.0000000012,1.0000000004,Solved
GCfve{,17,3,3.0000000015,0.0000000015,1.0000000005,Solved
GCfvfW,16,3,3.0000000019,0.0000000019,1.0000000006,Solved
GCfvf[,17,3,3.0000000002,0.0000000002,1.0000000001,Solved
GCfvfg,16,3,3.0000000002,0.0000000002,1.0000000001,Solved
GCfvfk,17,3,3.0000000007,0.0000000007,1.0000000002,Solved
GCfvfw,17,3,3.0000000010,0.0000000010,1.0000000003,Solved
GCfvf{,18,3,3.0000000002,0.0000000002,1.0000000001,Solved
GCfvm{,18,3,3.0000000010,0.0000000010,1.0000000003,Solved
GCfvn[,18,3,3.0000000008,0.0000000008,1.0000000003,Solved
GCfvnk,18,3,3.0000000005,0.0000000005,1.0000000002,Solved
GCfvn{,19,3,3.0000000006,0.0000000006,1.0000000002,Solved
GCfvvk,18,3,3.0000000028,0.0000000028,1.0000000009,Solved
GCfvvs,18,3,3.0000000020,0.0000000020,1.0000000007,Solved
GCfvvw,18,3,3.0000000054,0.0000000054,1.0000000018,Solved
GCfvv{,19,3,3.0000000016,0.0000000016,1.0000000005,Solved
GCfv~{,20,3,3.0000000002,0.0000000002,1.0000000001,Solved
GCf~u{,19,3,3.0000000004,0.0000000004,1.0000000001,Solved
GCf~vk,19,3,3.0000000004,0.0000000004,1.0000000001,Solved
GCf~vw,19,3,3.0000000010,0.0000000010,1.0000000003,Solved
GCf~v{,20,3,3.0000000006,0.0000000006,1.0000000002,Solved
GCf~~{,21,3,3.0000000001,0.0000000001,1.0000000000,Solved
GCpUvG,13,3,3.2360679786,0.2360679786,1.0786893262,Solved
GCpUvW,14,3,3.2360679775,0.2360679775,1.0786893258,Solved
GCpUv[,15,3,3.2360679782,0.2360679782,1.0786893261,Solved
GCpUvg,14,3,3.2360679778,0.2360679778,1.0786893259,Solved
GCpUvk,15,3,3.2360679784,0.2360679784,1.0786893261,Solved
GCpUvo,14,3,3.2360679779,0.2360679779,1.0786893260,Solved
GCpUvs,15,3,3.2360679787,0.2360679787,1.0786893262,Solved
GCpUvw,15,3,3.2360679788,0.2360679788,1.0786893263,Solved
GCpUv{,16,3,3.2360679781,0.2360679781,1.0786893260,Solved
GCpU~w,16,3,3.2360679782,0.2360679782,1.0786893261,Solved
GCpU~{,17,3,3.2360679778,0.2360679778,1.0786893259,Solved
GCpVP{,14,3,3.2360679777,0.2360679777,1.0786893259,Solved
GCpVS{,14,3,3.2360679782,0.2360679782,1.0786893261,Solved
GCpVTk,14,3,3.2360679772,0.2360679772,1.0786893257,Solved
GCpVTs,14,3,3.2360679777,0.2360679777,1.0786893259,Solved
GCpVTw,14,3,3.2360679777,0.2360679777,1.0786893259,Solved
GCpVT{,15,3,3.2360679777,0.2360679777,1.0786893259,Solved
GCpVUg,13,3,3.2360679802,0.2360679802,1.0786893267,Solved
GCpVUk,14,3,3.2360679783,0.2360679783,1.0786893261,Solved
GCpVUs,14,3,3.2360679778,0.2360679778,1.0786893259,Solved
GCpVUw,14,3,3.2360679775,0.2360679775,1.0786893258,Solved
GCpVU{,15,3,3.2360679778,0.2360679778,1.0786893259,Solved
GCpVVS,14,3,3.2360679767,0.2360679767,1.0786893256,Solved
GCpVV_,13,3,3.2360679777,0.2360679777,1.0786893259,Solved
GCpVVg,14,3,3.2360679800,0.2360679800,1.0786893267,Solved
GCpVVk,15,3,3.2360679775,0.2360679775,1.0786893258,Solved
GCpVVo,14,3,3.2360679785,0.2360679785,1.0786893262,Solved
GCpVVs,15,3,3.2360679776,0.2360679776,1.0786893259,Solved
GCpVVw,15,3,3.2360679779,0.2360679779,1.0786893260,Solved
GCpVV{,16,3,3.2360679784,0.2360679784,1.0786893261,Solved
GCpVbo,13,3,3.2360679776,0.2360679776,1.0786893259,Solved
GCpVbs,14,3,3.2360679772,0.2360679772,1.0786893257,Solved
GCpVc{,14,3,3.2360679779,0.2360679779,1.0786893260,Solved
GCpVd[,14,3,3.2360679777,0.2360679777,1.0786893259,Solved
GCpVds,14,3,3.2360679788,0.2360679788,1.0786893263,Solved
GCpVdw,14,3,3.2360679796,0.2360679796,1.0786893265,Solved
GCpVd{,15,3,3.2360679775,0.2360679775,1.0786893258,Solved
GCpVe[,14,3,3.2360679774,0.2360679774,1.0786893258,Solved
GCpVes,14,3,3.2360679775,0.2360679775,1.0786893258,Solved
GCpVew,14,3,3.2360679777,0.2360679777,1.0786893259,Solved
GCpVe{,15,3,3.2360679777,0.2360679777,1.0786893259,Solved
GCpVfS,14,3,3.2360679774,0.2360679774,1.0786893258,Solved
GCpVfW,14,3,3.2360679796,0.2360679796,1.0786893265,Solved
GCpVf[,15,3,3.2360679783,0.2360679783,1.0786893261,Solved
GCpVfc,14,3,3.2360679774,0.2360679774,1.0786893258,Solved
GCpVfo,14,3,3.2360679795,0.2360679795,1.0786893265,Solved
GCpVfs,15,3,3.2360679800,0.2360679800,1.0786893267,Solved
GCpVfw,15,3,3.2360679805,0.2360679805,1.0786893268,Solved
GCpVf{,16,3,3.2360679776,0.2360679776,1.0786893259,Solved
GCpVuw,15,3,3.2360679775,0.2360679775,1.0786893258,Solved
GCpVu{,16,3,3.2360679774,0.2360679774,1.0786893258,Solved
GCpVvW,15,3,3.2360679771,0.2360679771,1.0786893257,Solved
GCpVv[,16,3,3.2360679778,0.2360679778,1.0786893259,Solved
GCpVvg,15,3,3.2360679782,0.2360679782,1.0786893261,Solved
GCpVvk,16,3,3.2360679773,0.2360679773,1.0786893258,Solved
GCpVvo,15,3,3.2360679776,0.2360679776,1.0786893259,Solved
GCpVvs,16,3,3.2360679778,0.2360679778,1.0786893259,Solved
GCpVvw,16,3,3.2360679780,0.2360679780,1.0786893260,Solved
GCpVv{,17,3,3.2360679773,0.2360679773,1.0786893258,Solved
GCpV~w,17,3,3.2360679775,0.2360679775,1.0786893258,Solved
GCpV~{,18,3,3.2360679775,0.2360679775,1.0786893258,Solved
GCp`dO,10,3,3.3722813226,0.3722813226,1.1240937742,Solved
GCp`eO,10,3,3.3176672099,0.3176672099,1.1058890700,Solved
GCp`e_,10,4,3.9999999993,-0.0000000007,0.9999999998,Solved
GCp`eg,11,3,3.3176672086,0.3176672086,1.1058890695,Solved
GCp`eo,11,3,3.3176672073,0.3176672073,1.1058890691,Solved
GCp`f?,10,4,4.0000000001,0.0000000001,1.0000000000,Solved
GCp`fO,11,3,3.3176672076,0.3176672076,1.1058890692,Solved
GCp`fW,12,3,3.3176672090,0.3176672090,1.1058890697,Solved
GCp`f_,11,4,3.9999999998,-0.0000000002,1.0000000000,Solved
GCp`fg,12,3,3.3176672076,0.3176672076,1.1058890692,Solved
GCp`fo,12,3,3.3176672078,0.3176672078,1.1058890693,Solved
GCp`fw,13,3,3.3176672078,0.3176672078,1.1058890693,Solved
GCp`f{,14,3,3.3176672074,0.3176672074,1.1058890691,Solved
GCpbPw,12,3,3.0000000017,0.0000000017,1.0000000006,Solved
GCpbQs,12,3,3.0000000013,0.0000000013,1.0000000004,Solved
GCpbQw,12,3,3.2360679781,0.2360679781,1.0786893260,Solved
GCpbRK,12,3,3.0000000007,0.0000000007,1.0000000002,Solved
GCpbR[,13,3,3.0000000044,0.0000000044,1.0000000015,Solved
GCpbRc,12,3,3.2360679779,0.2360679779,1.0786893260,Solved
GCpbRk,13,3,3.0000000012,0.0000000012,1.0000000004,Solved
GCpbRs,13,3,3.0000000058,0.0000000058,1.0000000019,Solved
GCpbRw,13,3,3.0000000000,0.0000000000,1.0000000000,Solved
GCpbR{,14,3,3.0000000008,0.0000000008,1.0000000003,Solved
GCpbTW,12,3,3.0000000070,0.0000000070,1.0000000023,Solved
GCpbTg,12,3,3.0000000010,0.0000000010,1.0000000003,Solved
GCpbTw,13,3,3.0000000007,0.0000000007,1.0000000002,Solved
GCpbUW,12,3,3.2360679794,0.2360679794,1.0786893265,Solved
GCpbUo,12,3,3.0000000005,0.0000000005,1.0000000002,Solved
GCpbUs,13,3,3.0000000021,0.0000000021,1.0000000007,Solved
GCpbUw,13,3,3.0000000058,0.0000000058,1.0000000019,Solved
GCpbVK,13,3,3.0000000033,0.0000000033,1.0000000011,Solved
GCpbVS,13,3,3.0000000005,0.0000000005,1.0000000002,Solved
GCpbVW,13,3,3.0000000007,0.0000000007,1.0000000002,Solved
GCpbV[,14,3,3.0000000022,0.0000000022,1.0000000007,Solved
GCpbVc,13,3,3.0000000017,0.0000000017,1.0000000006,Solved
GCpbVg,13,3,3.0000000046,0.0000000046,1.0000000015,Solved
GCpbVk,14,3,3.0000000010,0.0000000010,1.0000000003,Solved
GCpbVo,13,3,3.0000000008,0.0000000008,1.0000000003,Solved
GCpbVs,14,3,3.0000000004,0.0000000004,1.0000000001,Solved
GCpbVw,14,3,3.0000000046,0.0000000046,1.0000000015,Solved
GCpbV{,15,3,3.0000000011,0.0000000011,1.0000000004,Solved
GCpb`o,11,4,4.0000000001,0.0000000001,1.0000000000,Solved
GCpb`w,12,3,3.2360679781,0.2360679781,1.0786893260,Solved
GCpbaw,12,3,3.3016943431,0.3016943431,1.1005647810,Solved
GCpbbK,12,3,3.2360679775,0.2360679775,1.0786893258,Solved
GCpbbg,12,3,3.2360679796,0.2360679796,1.0786893265,Solved
GCpbbk,13,3,3.2360679776,0.2360679776,1.0786893259,Solved
GCpbbo,12,4,3.9999999999,-0.0000000001,1.0000000000,Solved
GCpbbs,13,3,3.2360679776,0.2360679776,1.0786893259,Solved
GCpbbw,13,3,3.2360679777,0.2360679777,1.0786893259,Solved
GCpbb{,14,3,3.2360679776,0.2360679776,1.0786893259,Solved
GCpbdO,11,3,3.3309706604,0.3309706604,1.1103235535,Solved
GCpbd_,11,4,3.9999999997,-0.0000000003,0.9999999999,Solved
GCpbdg,12,3,3.2360679815,0.2360679815,1.0786893272,Solved
GCpbdo,12,3,3.2360679807,0.2360679807,1.0786893269,Solved
GCpbdw,13,3,3.2360679788,0.2360679788,1.0786893263,Solved
GCpbeg,12,3,3.3016943429,0.3016943429,1.1005647810,Solved
GCpbeo,12,3,3.2360679799,0.2360679799,1.0786893266,Solved
GCpbes,13,3,3.2360679776,0.2360679776,1.0786893259,Solved
GCpbew,13,3,3.2360679798,0.2360679798,1.0786893266,Solved
GCpbfG,12,3,3.2360679793,0.2360679793,1.0786893264,Solved
GCpbfK,13,3,3.2360679784,0.2360679784,1.0786893261,Solved
GCpbfO,12,3,3.2360679825,0.2360679825,1.0786893275,Solved
GCpbfS,13,3,3.2360679779,0.2360679779,1.0786893260,Solved
GCpbfW,13,3,3.2360679775,0.2360679775,1.0786893258,Solved
GCpbf_,12,4,3.9999999971,-0.0000000029,0.9999999993,Solved
GCpbfc,13,3,3.2360679802,0.2360679802,1.0786893267,Solved
GCpbfg,13,3,3.2360679775,0.2360679775,1.0786893258,Solved
GCpbfk,14,3,3.2360679779,0.2360679779,1.0786893260,Solved
GCpbfo,13,3,3.2360679796,0.2360679796,1.0786893265,Solved
GCpbfs,14,3,3.2360679776,0.2360679776,1.0786893259,Solved
GCpbfw,14,3,3.2360679783,0.2360679783,1.0786893261,Solved
GCpbf{,15,3,3.2360679776,0.2360679776,1.0786893259,Solved
GCpbrs,14,3,3.0000000000,0.0000000000,1.0000000000,Solved
GCpbu[,14,3,3.0000000001,0.0000000001,1.0000000000,Solved
GCpbuk,14,3,3.0000000009,0.0000000009,1.0000000003,Solved
GCpbus,14,3,3.0000000016,0.0000000016,1.0000000005,Solved
GCpbvK,14,3,3.0000000031,0.0000000031,1.0000000010,Solved
GCpbvS,14,3,3.0000000026,0.0000000026,1.0000000009,Solved
GCpbvW,14,3,3.0000000024,0.0000000024,1.0000000008,Solved
GCpbv[,15,3,3.0000000021,0.0000000021,1.0000000007,Solved
GCpbvg,14,3,3.0000000006,0.0000000006,1.0000000002,Solved
GCpbvk,15,3,3.0000000015,0.0000000015,1.0000000005,Solved
GCpbvo,14,3,3.0000000035,0.0000000035,1.0000000012,Solved
GCpbvs,15,3,3.0000000006,0.0000000006,1.0000000002,Solved
GCpbvw,15,3,3.0000000011,0.0000000011,1.0000000004,Solved
GCpbv{,16,3,3.0000000003,0.0000000003,1.0000000001,Solved
GCpdPw,12,3,3.3016943429,0.3016943429,1.1005647810,Solved
GCpdQ{,13,3,3.2360679792,0.2360679792,1.0786893264,Solved
GCpdRW,12,3,3.2360679818,0.2360679818,1.0786893273,Solved
GCpdR[,13,3,3.2360679780,0.2360679780,1.0786893260,Solved
GCpdRg,12,3,3.2360679795,0.2360679795,1.0786893265,Solved
GCpdRs,13,3,3.2360679783,0.2360679783,1.0786893261,Solved
GCpdRw,13,3,3.2360679776,0.2360679776,1.0786893259,Solved
GCpdR{,14,3,3.2360679807,0.2360679807,1.0786893269,Solved
GCpdS{,13,3,3.2360679777,0.2360679777,1.0786893259,Solved
GCpdTw,13,3,3.2360679776,0.2360679776,1.0786893259,Solved
GCpdU[,13,3,3.2360679777,0.2360679777,1.0786893259,Solved
GCpdUg,12,3,3.2360679795,0.2360679795,1.0786893265,Solved
GCpdUs,13,3,3.2360679828,0.2360679828,1.0786893276,Solved
GCpdUw,13,3,3.2360679784,0.2360679784,1.0786893261,Solved
GCpdU{,14,3,3.2360679802,0.2360679802,1.0786893267,Solved
GCpdVG,12,3,3.2360679776,0.2360679776,1.0786893259,Solved
GCpdVS,13,3,3.2360679785,0.2360679785,1.0786893262,Solved
GCpdVW,13,3,3.2360679780,0.2360679780,1.0786893260,Solved
GCpdV[,14,3,3.2360679809,0.2360679809,1.0786893270,Solved
GCpdVg,13,3,3.2360679779,0.2360679779,1.0786893260,Solved
GCpdVo,13,3,3.2360679781,0.2360679781,1.0786893260,Solved
GCpdVs,14,3,3.2360679788,0.2360679788,1.0786893263,Solved
GCpdVw,14,3,3.2360679797,0.2360679797,1.0786893266,Solved
GCpdV{,15,3,3.2360679796,0.2360679796,1.0786893265,Solved
GCpd`o,11,3,3.2360679773,0.2360679773,1.0786893258,Solved
GCpdag,11,3,3.3380444589,0.3380444589,1.1126814863,Solved
GCpdao,11,3,3.0000000002,0.0000000002,1.0000000001,Solved
GCpdbO,11,3,3.0000000000,0.0000000000,1.0000000000,Solved
GCpdbW,12,3,3.0000000012,0.0000000012,1.0000000004,Solved
GCpdbg,12,3,3.0000000001,0.0000000001,1.0000000000,Solved
GCpdbo,12,3,3.0000000021,0.0000000021,1.0000000007,Solved
GCpdbw,13,3,3.0000000003,0.0000000003,1.0000000001,Solved
GCpdcw,12,3,3.2360679776,0.2360679776,1.0786893259,Solved
GCpddS,12,3,3.2360679782,0.2360679782,1.0786893261,Solved
GCpddW,12,3,3.0000000001,0.0000000001,1.0000000000,Solved
GCpddg,12,3,3.0000000004,0.0000000004,1.0000000001,Solved
GCpddo,12,3,3.2360679813,0.2360679813,1.0786893271,Solved
GCpdds,13,3,3.0000000001,0.0000000001,1.0000000000,Solved
GCpddw,13,3,3.0000000001,0.0000000001,1.0000000000,Solved
GCpdeS,12,3,3.0000000002,0.0000000002,1.0000000001,Solved
GCpdeW,12,3,3.0000000014,0.0000000014,1.0000000005,Solved
GCpdeg,12,3,3.2360679781,0.2360679781,1.0786893260,Solved
GCpdek,13,3,3.0000000006,0.0000000006,1.0000000002,Solved
GCpdeo,12,3,3.0000000055,0.0000000055,1.0000000018,Solved
GCpdes,13,3,3.0000000010,0.0000000010,1.0000000003,Solved
GCpdew,13,3,3.0000000007,0.0000000007,1.0000000002,Solved
GCpdfC,12,4,4.0000000001,0.0000000001,1.0000000000,Solved
GCpdfG,12,3,3.0000000003,0.0000000003,1.0000000001,Solved
GCpdfK,13,3,3.0000000027,0.0000000027,1.0000000009,Solved
GCpdfO,12,3,3.0000000020,0.0000000020,1.0000000007,Solved
GCpdfS,13,3,3.0000000001,0.0000000001,1.0000000000,Solved
GCpdfW,13,3,3.0000000002,0.0000000002,1.0000000001,Solved
GCpdf[,14,3,3.0000000004,0.0000000004,1.0000000001,Solved
GCpdf_,12,4,4.0000000000,0.0000000000,1.0000000000,Solved
GCpdfc,13,3,3.0000000003,0.0000000003,1.0000000001,Solved
GCpdfg,13,3,3.0000000005,0.0000000005,1.0000000002,Solved
GCpdfk,14,3,3.0000000009,0.0000000009,1.0000000003,Solved
GCpdfo,13,3,3.0000000013,0.0000000013,1.0000000004,Solved
GCpdfs,14,3,3.0000000006,0.0000000006,1.0000000002,Solved
GCpdfw,14,3,3.0000000005,0.0000000005,1.0000000002,Solved
GCpdf{,15,3,3.0000000000,0.0000000000,1.0000000000,Solved
GCpdjo,13,3,3.0000000005,0.0000000005,1.0000000002,Solved
GCpdjs,14,3,3.0000000003,0.0000000003,1.0000000001,Solved
GCpdlk,14,3,3.0000000008,0.0000000008,1.0000000003,Solved
GCpdls,14,3,3.0000000021,0.0000000021,1.0000000007,Solved
GCpdmW,13,3,3.0000000009,0.0000000009,1.0000000003,Solved
GCpdm[,14,3,3.0000000002,0.0000000002,1.0000000001,Solved
GCpdmg,13,3,3.0000000009,0.0000000009,1.0000000003,Solved
GCpdmk,14,3,3.0000000037,0.0000000037,1.0000000012,Solved
GCpdms,14,3,3.0000000019,0.0000000019,1.0000000006,Solved
GCpdnG,13,3,3.0000000005,0.0000000005,1.0000000002,Solved
GCpdnK,14,3,3.0000000004,0.0000000004,1.0000000001,Solved
GCpdnS,14,3,3.0000000017,0.0000000017,1.0000000006,Solved
GCpdnW,14,3,3.0000000005,0.0000000005,1.0000000002,Solved
GCpdn[,15,3,3.0000000029,0.0000000029,1.0000000010,Solved
GCpdnc,14,3,3.0000000016,0.0000000016,1.0000000005,Solved
GCpdng,14,3,3.0000000004,0.0000000004,1.0000000001,Solved
GCpdnk,15,3,3.0000000004,0.0000000004,1.0000000001,Solved
GCpdno,14,3,3.0000000018,0.0000000018,1.0000000006,Solved
GCpdns,15,3,3.0000000012,0.0000000012,1.0000000004,Solved
GCpdnw,15,3,3.0000000011,0.0000000011,1.0000000004,Solved
GCpdn{,16,3,3.0000000002,0.0000000002,1.0000000001,Solved
GCpdq{,14,3,3.0000000003,0.0000000003,1.0000000001,Solved
GCpdr[,14,3,3.0000000038,0.0000000038,1.0000000013,Solved
GCpdrg,13,3,3.0000000004,0.0000000004,1.0000000001,Solved
GCpdrk,14,3,3.0000000008,0.0000000008,1.0000000003,Solved
GCpdrs,14,3,3.0000000057,0.0000000057,1.0000000019,Solved
GCpdrw,14,3,3.0000000017,0.0000000017,1.0000000006,Solved
GCpdr{,15,3,3.0000000003,0.0000000003,1.0000000001,Solved
GCpds{,14,3,3.0000000006,0.0000000006,1.0000000002,Solved
GCpdt[,14,3,3.0000000051,0.0000000051,1.0000000017,Solved
GCpdts,14,3,3.0000000010,0.0000000010,1.0000000003,Solved
GCpdtw,14,3,3.0000000011,0.0000000011,1.0000000004,Solved
GCpdt{,15,3,3.0000000027,0.0000000027,1.0000000009,Solved
GCpdu[,14,3,3.0000000003,0.0000000003,1.0000000001,Solved
GCpduk,14,3,3.0000000007,0.0000000007,1.0000000002,Solved
GCpdus,14,3,3.0000000012,0.0000000012,1.0000000004,Solved
GCpduw,14,3,3.0000000041,0.0000000041,1.0000000014,Solved
GCpdu{,15,3,3.0000000033,0.0000000033,1.0000000011,Solved
GCpdvK,14,3,3.0000000019,0.0000000019,1.0000000006,Solved
GCpdvS,14,3,3.0000000007,0.0000000007,1.0000000002,Solved
GCpdvW,14,3,3.0000000004,0.0000000004,1.0000000001,Solved
GCpdv[,15,3,3.0000000008,0.0000000008,1.0000000003,Solved
GCpdvg,14,3,3.0000000007,0.0000000007,1.0000000002,Solved
GCpdvk,15,3,3.0000000002,0.0000000002,1.0000000001,Solved
GCpdvo,14,3,3.0000000041,0.0000000041,1.0000000014,Solved
GCpdvs,15,3,3.0000000004,0.0000000004,1.0000000001,Solved
GCpdvw,15,3,3.0000000002,0.0000000002,1.0000000001,Solved
GCpdv{,16,3,3.0000000030,0.0000000030,1.0000000010,Solved
GCpe]W,13,4,3.9999999996,-0.0000000004,0.9999999999,Solved
GCpe][,14,3,2.9999999999,-0.0000000001,1.0000000000,Solved
GCpe^W,14,3,3.0000000001,0.0000000001,1.0000000000,Solved
GCpe^[,15,3,3.0000000004,0.0000000004,1.0000000001,Solved
GCpe^g,14,3,3.0000000017,0.0000000017,1.0000000006,Solved
GCpe^k,15,3,3.0000000003,0.0000000003,1.0000000001,Solved
GCpe^o,14,3,3.0000000034,0.0000000034,1.0000000011,Solved
GCpe^s,15,3,3.0000000006,0.0000000006,1.0000000002,Solved
GCpe^w,15,3,3.0000000022,0.0000000022,1.0000000007,Solved
GCpe^{,16,3,3.0000000000,0.0000000000,1.0000000000,Solved
GCpei{,14,3,3.0000000004,0.0000000004,1.0000000001,Solved
GCpej[,14,3,3.0000000022,0.0000000022,1.0000000007,Solved
GCpejw,14,3,3.0000000029,0.0000000029,1.0000000010,Solved
GCpej{,15,3,3.0000000026,0.0000000026,1.0000000009,Solved
GCpelW,13,3,3.0000000040,0.0000000040,1.0000000013,Solved
GCpel[,14,3,3.0000000003,0.0000000003,1.0000000001,Solved
GCpelw,14,3,3.0000000007,0.0000000007,1.0000000002,Solved
GCpel{,15,3,3.0000000015,0.0000000015,1.0000000005,Solved
GCpem[,14,3,3.0000000001,0.0000000001,1.0000000000,Solved
GCpemk,14,3,3.0000000002,0.0000000002,1.0000000001,Solved
GCpems,14,3,3.0000000031,0.0000000031,1.0000000010,Solved
GCpemw,14,3,3.0000000018,0.0000000018,1.0000000006,Solved
GCpem{,15,3,3.0000000034,0.0000000034,1.0000000011,Solved
GCpenS,14,3,3.0000000011,0.0000000011,1.0000000004,Solved
GCpenW,14,3,3.0000000036,0.0000000036,1.0000000012,Solved
GCpen[,15,3,3.0000000003,0.0000000003,1.0000000001,Solved
GCpeng,14,3,3.0000000019,0.0000000019,1.0000000006,Solved
GCpenk,15,3,3.0000000009,0.0000000009,1.0000000003,Solved
GCpeno,14,3,3.0000000026,0.0000000026,1.0000000009,Solved
GCpens,15,3,3.0000000026,0.0000000026,1.0000000009,Solved
GCpenw,15,3,3.0000000011,0.0000000011,1.0000000004,Solved
GCpen{,16,3,3.0000000022,0.0000000022,1.0000000007,Solved
GCper[,14,3,3.0000000048,0.0000000048,1.0000000016,Solved
GCperw,14,3,3.0000000013,0.0000000013,1.0000000004,Solved
GCper{,15,3,3.0000000012,0.0000000012,1.0000000004,Solved
GCpetw,14,3,3.0000000063,0.0000000063,1.0000000021,Solved
GCpet{,15,3,3.0000000005,0.0000000005,1.0000000002,Solved
GCpeu[,14,3,3.0000000014,0.0000000014,1.0000000005,Solved
GCpeug,13,3,3.0000000023,0.0000000023,1.0000000008,Solved
GCpeus,14,3,3.0000000008,0.0000000008,1.0000000003,Solved
GCpeuw,14,3,3.0000000007,0.0000000007,1.0000000002,Solved
GCpeu{,15,3,3.0000000008,0.0000000008,1.0000000003,Solved
GCpevG,13,3,3.0000000002,0.0000000002,1.0000000001,Solved
GCpevW,14,3,3.0000000011,0.0000000011,1.0000000004,Solved
GCpev[,15,3,3.0000000006,0.0000000006,1.0000000002,Solved
GCpev_,13,3,3.0000000059,0.0000000059,1.0000000020,Solved
GCpevg,14,3,3.0000000034,0.0000000034,1.0000000011,Solved
GCpevk,15,3,3.0000000015,0.0000000015,1.0000000005,Solved
GCpevo,14,3,3.0000000024,0.0000000024,1.0000000008,Solved
GCpevs,15,3,3.0000000017,0.0000000017,1.0000000006,Solved
GCpevw,15,3,3.0000000003,0.0000000003,1.0000000001,Solved
GCpev{,16,3,3.0000000011,0.0000000011,1.0000000004,Solved
GCpfI{,14,3,3.0000000003,0.0000000003,1.0000000001,Solved
GCpfJ[,14,3,3.0000000004,0.0000000004,1.0000000001,Solved
GCpfJw,14,3,3.0000000057,0.0000000057,1.0000000019,Solved
GCpfJ{,15,3,3.0000000014,0.0000000014,1.0000000005,Solved
GCpfKw,13,3,3.0000000004,0.0000000004,1.0000000001,Solved
GCpfK{,14,3,3.0000000004,0.0000000004,1.0000000001,Solved
GCpfL[,14,3,3.0000000006,0.0000000006,1.0000000002,Solved
GCpfLw,14,3,3.0000000078,0.0000000078,1.0000000026,Solved
GCpfL{,15,3,3.0000000054,0.0000000054,1.0000000018,Solved
GCpfM[,14,3,3.0000000012,0.0000000012,1.0000000004,Solved
GCpfMk,14,3,3.0000000022,0.0000000022,1.0000000007,Solved
GCpfMs,14,3,3.0000000008,0.0000000008,1.0000000003,Solved
GCpfMw,14,3,3.0000000011,0.0000000011,1.0000000004,Solved
GCpfM{,15,3,3.0000000015,0.0000000015,1.0000000005,Solved
GCpfNK,14,3,3.0000000001,0.0000000001,1.0000000000,Solved
GCpfNS,14,3,3.0000000035,0.0000000035,1.0000000012,Solved
GCpfNW,14,3,3.0000000009,0.0000000009,1.0000000003,Solved
GCpfN[,15,3,3.0000000005,0.0000000005,1.0000000002,Solved
GCpfNg,14,3,3.0000000001,0.0000000001,1.0000000000,Solved
GCpfNk,15,3,3.0000000004,0.0000000004,1.0000000001,Solved
GCpfNo,14,3,3.0000000004,0.0000000004,1.0000000001,Solved
GCpfNs,15,3,3.0000000023,0.0000000023,1.0000000008,Solved
GCpfNw,15,3,3.0000000016,0.0000000016,1.0000000005,Solved
GCpfN{,16,3,3.0000000013,0.0000000013,1.0000000004,Solved
GCpfQ{,14,3,3.0000000002,0.0000000002,1.0000000001,Solved
GCpfR[,14,3,3.0000000022,0.0000000022,1.0000000007,Solved
GCpfRw,14,3,3.0000000007,0.0000000007,1.0000000002,Solved
GCpfR{,15,3,3.0000000009,0.0000000009,1.0000000003,Solved
GCpfTw,14,3,3.0000000008,0.0000000008,1.0000000003,Solved
GCpfT{,15,3,3.0000000004,0.0000000004,1.0000000001,Solved
GCpfU[,14,3,3.0000000004,0.0000000004,1.0000000001,Solved
GCpfUs,14,3,3.0000000027,0.0000000027,1.0000000009,Solved
GCpfUw,14,3,3.0000000025,0.0000000025,1.0000000008,Solved
GCpfU{,15,3,3.0000000013,0.0000000013,1.0000000004,Solved
GCpfVG,13,3,3.0000000003,0.0000000003,1.0000000001,Solved
GCpfVS,14,3,3.0000000001,0.0000000001,1.0000000000,Solved
GCpfVW,14,3,3.0000000026,0.0000000026,1.0000000009,Solved
GCpfV[,15,3,3.0000000020,0.0000000020,1.0000000007,Solved
GCpfVg,14,3,3.0000000007,0.0000000007,1.0000000002,Solved
GCpfVk,15,3,3.0000000004,0.0000000004,1.0000000001,Solved
GCpfVo,14,3,3.0000000018,0.0000000018,1.0000000006,Solved
GCpfVs,15,3,3.0000000025,0.0000000025,1.0000000008,Solved
GCpfVw,15,3,3.0000000007,0.0000000007,1.0000000002,Solved
GCpfV{,16,3,3.0000000003,0.0000000003,1.0000000001,Solved
GCpf]w,15,3,3.0000000011,0.0000000011,1.0000000004,Solved
GCpf]{,16,3,3.0000000004,0.0000000004,1.0000000001,Solved
GCpf^W,15,3,3.0000000013,0.0000000013,1.0000000004,Solved
GCpf^[,16,3,3.0000000004,0.0000000004,1.0000000001,Solved
GCpf^w,16,3,3.0000000013,0.0000000013,1.0000000004,Solved
GCpf^{,17,3,3.0000000034,0.0000000034,1.0000000011,Solved
GCpf`w,13,3,3.0000000014,0.0000000014,1.0000000005,Solved
GCpf`{,14,3,3.0000000001,0.0000000001,1.0000000000,Solved
GCpfa{,14,3,3.0000000002,0.0000000002,1.0000000001,Solved
GCpfb[,14,3,3.0000000005,0.0000000005,1.0000000002,Solved
GCpfbk,14,3,3.0000000043,0.0000000043,1.0000000014,Solved
GCpfbs,14,3,3.0000000030,0.0000000030,1.0000000010,Solved
GCpfbw,14,3,3.0000000013,0.0000000013,1.0000000004,Solved
GCpfb{,15,3,3.0000000051,0.0000000051,1.0000000017,Solved
GCpfc{,14,3,3.0000000005,0.0000000005,1.0000000002,Solved
GCpfd[,14,3,3.0000000002,0.0000000002,1.0000000001,Solved
GCpfds,14,3,3.0000000004,0.0000000004,1.0000000001,Solved
GCpfdw,14,3,3.0000000051,0.0000000051,1.0000000017,Solved
GCpfd{,15,3,3.0000000008,0.0000000008,1.0000000003,Solved
GCpfe[,14,3,3.0000000001,0.0000000001,1.0000000000,Solved
GCpfek,14,3,3.0000000004,0.0000000004,1.0000000001,Solved
GCpfes,14,3,3.0000000034,0.0000000034,1.0000000011,Solved
GCpfew,14,3,3.0000000031,0.0000000031,1.0000000010,Solved
GCpfe{,15,3,3.0000000040,0.0000000040,1.0000000013,Solved
GCpffG,13,3,3.0000000073,0.0000000073,1.0000000024,Solved
GCpffK,14,3,3.0000000002,0.0000000002,1.0000000001,Solved
GCpffS,14,3,3.0000000001,0.0000000001,1.0000000000,Solved
GCpffW,14,3,3.0000000002,0.0000000002,1.0000000001,Solved
GCpff[,15,3,3.0000000038,0.0000000038,1.0000000013,Solved
GCpffc,14,3,3.0000000003,0.0000000003,1.0000000001,Solved
GCpffg,14,3,3.0000000001,0.0000000001,1.0000000000,Solved
GCpffk,15,3,3.0000000006,0.0000000006,1.0000000002,Solved
GCpffo,14,3,3.0000000024,0.0000000024,1.0000000008,Solved
GCpffs,15,3,3.0000000011,0.0000000011,1.0000000004,Solved
GCpffw,15,3,3.0000000005,0.0000000005,1.0000000002,Solved
GCpff{,16,3,3.0000000005,0.0000000005,1.0000000002,Solved
GCpfjw,15,3,3.0000000007,0.0000000007,1.0000000002,Solved
GCpfj{,16,3,3.0000000011,0.0000000011,1.0000000004,Solved
GCpflw,15,3,3.0000000005,0.0000000005,1.0000000002,Solved
GCpfl{,16,3,3.0000000037,0.0000000037,1.0000000012,Solved
GCpfmw,15,3,3.0000000026,0.0000000026,1.0000000009,Solved
GCpfm{,16,3,3.0000000013,0.0000000013,1.0000000004,Solved
GCpfnW,15,3,3.0000000010,0.0000000010,1.0000000003,Solved
GCpfn[,16,3,3.0000000032,0.0000000032,1.0000000011,Solved
GCpfng,15,3,3.0000000023,0.0000000023,1.0000000008,Solved
GCpfnk,16,3,3.0000000026,0.0000000026,1.0000000009,Solved
GCpfno,15,3,3.0000000012,0.0000000012,1.0000000004,Solved
GCpfns,16,3,3.0000000010,0.0000000010,1.0000000003,Solved
GCpfnw,16,3,3.0000000018,0.0000000018,1.0000000006,Solved
GCpfn{,17,3,3.0000000019,0.0000000019,1.0000000006,Solved
GCpfrw,15,3,3.0000000024,0.0000000024,1.0000000008,Solved
GCpfr{,16,3,3.0000000013,0.0000000013,1.0000000004,Solved
GCpfuw,15,3,3.0000000015,0.0000000015,1.0000000005,Solved
GCpfu{,16,3,3.0000000012,0.0000000012,1.0000000004,Solved
GCpfvW,15,3,3.0000000041,0.0000000041,1.0000000014,Solved
GCpfv[,16,3,3.0000000014,0.0000000014,1.0000000005,Solved
GCpfvo,15,3,3.0000000005,0.0000000005,1.0000000002,Solved
GCpfvs,16,3,3.0000000010,0.0000000010,1.0000000003,Solved
GCpfvw,16,3,3.0000000011,0.0000000011,1.0000000004,Solved
GCpfv{,17,3,3.0000000021,0.0000000021,1.0000000007,Solved
GCpf~w,17,3,3.0000000014,0.0000000014,1.0000000005,Solved
GCpf~{,18,3,3.0000000011,0.0000000011,1.0000000004,Solved
GCprjk,15,3,3.0000000013,0.0000000013,1.0000000004,Solved
GCprmk,15,3,3.0000000019,0.0000000019,1.0000000006,Solved
GCprmw,15,3,3.0000000062,0.0000000062,1.0000000021,Solved
GCprm{,16,3,3.0000000015,0.0000000015,1.0000000005,Solved
GCprnW,15,3,3.0000000004,0.0000000004,1.0000000001,Solved
GCprn[,16,3,3.0000000020,0.0000000020,1.0000000007,Solved
GCprng,15,3,3.0000000092,0.0000000092,1.0000000031,Solved
GCprnk,16,3,3.0000000015,0.0000000015,1.0000000005,Solved
GCprno,15,3,3.0000000010,0.0000000010,1.0000000003,Solved
GCprnw,16,3,3.0000000015,0.0000000015,1.0000000005,Solved
GCprn{,17,3,3.0000000011,0.0000000011,1.0000000004,Solved
GCpui{,15,3,3.0000000003,0.0000000003,1.0000000001,Solved
GCpujs,15,3,3.0000000004,0.0000000004,1.0000000001,Solved
GCpujw,15,3,3.0000000007,0.0000000007,1.0000000002,Solved
GCpuj{,16,3,3.0000000011,0.0000000011,1.0000000004,Solved
GCpuls,15,3,3.0000000034,0.0000000034,1.0000000011,Solved
GCpulw,15,3,3.0000000012,0.0000000012,1.0000000004,Solved
GCpul{,16,3,3.0000000021,0.0000000021,1.0000000007,Solved
GCpumk,15,3,3.0000000040,0.0000000040,1.0000000013,Solved
GCpums,15,3,3.0000000003,0.0000000003,1.0000000001,Solved
GCpumw,15,3,3.0000000001,0.0000000001,1.0000000000,Solved
GCpum{,16,3,3.0000000030,0.0000000030,1.0000000010,Solved
GCpunS,15,3,3.0000000003,0.0000000003,1.0000000001,Solved
GCpunW,15,3,3.0000000027,0.0000000027,1.0000000009,Solved
GCpun[,16,3,3.0000000006,0.0000000006,1.0000000002,Solved
GCpunc,15,3,3.0000000010,0.0000000010,1.0000000003,Solved
GCpunk,16,3,3.0000000017,0.0000000017,1.0000000006,Solved
GCpuno,15,3,3.0000000030,0.0000000030,1.0000000010,Solved
GCpuns,16,3,3.0000000027,0.0000000027,1.0000000009,Solved
GCpunw,16,3,3.0000000026,0.0000000026,1.0000000009,Solved
GCpun{,17,3,3.0000000002,0.0000000002,1.0000000001,Solved
GCputW,14,3,3.0000000038,0.0000000038,1.0000000013,Solved
GCpuuo,14,3,3.0000000032,0.0000000032,1.0000000011,Solved
GCpuus,15,3,3.0000000002,0.0000000002,1.0000000001,Solved
GCpuuw,15,3,3.0000000005,0.0000000005,1.0000000002,Solved
GCpuu{,16,3,3.0000000019,0.0000000019,1.0000000006,Solved
GCpuvG,14,3,3.0000000054,0.0000000054,1.0000000018,Solved
GCpuvW,15,3,3.0000000004,0.0000000004,1.0000000001,Solved
GCpuv[,16,3,3.0000000002,0.0000000002,1.0000000001,Solved
GCpuvg,15,3,3.0000000014,0.0000000014,1.0000000005,Solved
GCpuvk,16,3,3.0000000000,-0.0000000000,1.0000000000,Solved
GCpuvo,15,3,3.0000000008,0.0000000008,1.0000000003,Solved
GCpuvs,16,3,3.0000000007,0.0000000007,1.0000000002,Solved
GCpuvw,16,3,3.0000000004,0.0000000004,1.0000000001,Solved
GCpuv{,17,3,3.0000000001,0.0000000001,1.0000000000,Solved
GCpu}{,17,3,3.0000000016,0.0000000016,1.0000000005,Solved
GCpu~o,16,3,3.0000000038,0.0000000038,1.0000000013,Solved
GCpu~s,17,3,3.0000000015,0.0000000015,1.0000000005,Solved
GCpu~w,17,3,3.0000000028,0.0000000028,1.0000000009,Solved
GCpu~{,18,3,3.0000000018,0.0000000018,1.0000000006,Solved
GCpvPw,14,3,3.0000000011,0.0000000011,1.0000000004,Solved
GCpvRw,15,3,3.0000000084,0.0000000084,1.0000000028,Solved
GCpvR{,16,3,3.0000000003,0.0000000003,1.0000000001,Solved
GCpvSw,14,3,3.0000000014,0.0000000014,1.0000000005,Solved
GCpvTW,14,3,3.0000000007,0.0000000007,1.0000000002,Solved
GCpvTs,15,3,3.0000000002,0.0000000002,1.0000000001,Solved
GCpvTw,15,3,3.0000000047,0.0000000047,1.0000000016,Solved
GCpvT{,16,3,3.0000000041,0.0000000041,1.0000000014,Solved
GCpvUg,14,3,3.0000000023,0.0000000023,1.0000000008,Solved
GCpvUs,15,3,3.0000000009,0.0000000009,1.0000000003,Solved
GCpvUw,15,3,3.0000000035,0.0000000035,1.0000000012,Solved
GCpvU{,16,3,3.0000000003,0.0000000003,1.0000000001,Solved
GCpvVG,14,3,3.0000000004,0.0000000004,1.0000000001,Solved
GCpvVS,15,3,3.0000000025,0.0000000025,1.0000000008,Solved
GCpvVW,15,3,3.0000000001,0.0000000001,1.0000000000,Solved
GCpvV[,16,3,3.0000000023,0.0000000023,1.0000000008,Solved
GCpvV_,14,3,3.0000000016,0.0000000016,1.0000000005,Solved
GCpvVg,15,3,3.0000000055,0.0000000055,1.0000000018,Solved
GCpvVk,16,3,3.0000000023,0.0000000023,1.0000000008,Solved
GCpvVo,15,3,3.0000000026,0.0000000026,1.0000000009,Solved
GCpvVs,16,3,3.0000000007,0.0000000007,1.0000000002,Solved
GCpvVw,16,3,3.0000000010,0.0000000010,1.0000000003,Solved
GCpvV{,17,3,3.0000000000,0.0000000000,1.0000000000,Solved
GCpv\{,17,3,3.0000000015,0.0000000015,1.0000000005,Solved
GCpv]{,17,3,3.0000000014,0.0000000014,1.0000000005,Solved
GCpv^[,17,3,3.0000000009,0.0000000009,1.0000000003,Solved
GCpv^o,16,3,3.0000000014,0.0000000014,1.0000000005,Solved
GCpv^s,17,3,3.0000000025,0.0000000025,1.0000000008,Solved
GCpv^w,17,3,3.0000000003,0.0000000003,1.0000000001,Solved
GCpv^{,18,3,3.0000000002,0.0000000002,1.0000000001,Solved
GCpvaw,14,3,3.0000000002,0.0000000002,1.0000000001,Solved
GCpvbo,14,3,3.0000000031,0.0000000031,1.0000000010,Solved
GCpvbs,15,3,3.0000000070,0.0000000070,1.0000000023,Solved
GCpvbw,15,3,3.0000000001,0.0000000001,1.0000000000,Solved
GCpvb{,16,3,3.0000000009,0.0000000009,1.0000000003,Solved
GCpvc{,15,3,3.0000000000,0.0000000000,1.0000000000,Solved
GCpvdW,14,3,3.0000000014,0.0000000014,1.0000000005,Solved
GCpvds,15,3,3.0000000040,0.0000000040,1.0000000013,Solved
GCpvdw,15,3,3.0000000005,0.0000000005,1.0000000002,Solved
GCpvd{,16,3,3.0000000014,0.0000000014,1.0000000005,Solved
GCpveW,14,3,3.0000000012,0.0000000012,1.0000000004,Solved
GCpve[,15,3,3.0000000002,0.0000000002,1.0000000001,Solved
GCpveg,14,3,3.0873780269,0.0873780269,1.0291260090,Solved
GCpves,15,3,3.0000000040,0.0000000040,1.0000000013,Solved
GCpvew,15,3,3.0000000033,0.0000000033,1.0000000011,Solved
GCpve{,16,3,3.0000000011,0.0000000011,1.0000000004,Solved
GCpvfS,15,3,3.0000000042,0.0000000042,1.0000000014,Solved
GCpvfW,15,3,3.0000000003,0.0000000003,1.0000000001,Solved
GCpvf[,16,3,3.0000000021,0.0000000021,1.0000000007,Solved
GCpvfc,15,3,3.0000000019,0.0000000019,1.0000000006,Solved
GCpvfg,15,3,3.0000000049,0.0000000049,1.0000000016,Solved
GCpvfk,16,3,3.0000000038,0.0000000038,1.0000000013,Solved
GCpvfo,15,3,3.0000000026,0.0000000026,1.0000000009,Solved
GCpvfs,16,3,3.0000000001,0.0000000001,1.0000000000,Solved
GCpvfw,16,3,3.0000000002,0.0000000002,1.0000000001,Solved
GCpvf{,17,3,3.0000000005,0.0000000005,1.0000000002,Solved
GCpvj{,17,3,3.0000000002,0.0000000002,1.0000000001,Solved
GCpvl{,17,3,3.0000000035,0.0000000035,1.0000000012,Solved
GCpvm{,17,3,3.0000000004,0.0000000004,1.0000000001,Solved
GCpvn[,17,3,3.0000000012,0.0000000012,1.0000000004,Solved
GCpvnk,17,3,3.0000000006,0.0000000006,1.0000000002,Solved
GCpvno,16,3,3.0000000041,0.0000000041,1.0000000014,Solved
GCpvns,17,3,3.0000000017,0.0000000017,1.0000000006,Solved
GCpvnw,17,3,3.0000000009,0.0000000009,1.0000000003,Solved
GCpvn{,18,3,3.0000000005,0.0000000005,1.0000000002,Solved
GCpvvo,16,3,3.0000000006,0.0000000006,1.0000000002,Solved
GCpvvs,17,3,3.0000000006,0.0000000006,1.0000000002,Solved
GCpvvw,17,3,3.0000000018,0.0000000018,1.0000000006,Solved
GCpvv{,18,3,3.0000000011,0.0000000011,1.0000000004,Solved
GCpv~w,18,3,3.0000000009,0.0000000009,1.0000000003,Solved
GCpv~{,19,3,3.0000000007,0.0000000007,1.0000000002,Solved
GCqjbc,13,3,3.0641777798,0.0641777798,1.0213925933,Solved
GCqjc[,13,4,3.9999999984,-0.0000000016,0.9999999996,Solved
GCqjdS,13,4,3.9999999999,-0.0000000001,1.0000000000,Solved
GCqjeS,13,3,3.0641777734,0.0641777734,1.0213925911,Solved
GCqje[,14,3,3.0641777737,0.0641777737,1.0213925912,Solved
GCqjec,13,3,3.0641777725,0.0641777725,1.0213925908,Solved
GCqjeo,13,3,3.0939385218,0.0939385218,1.0313128406,Solved
GCqjes,14,3,3.0641777732,0.0641777732,1.0213925911,Solved
GCqjfC,13,3,3.2360679791,0.2360679791,1.0786893264,Solved
GCqjfS,14,3,3.0641777739,0.0641777739,1.0213925913,Solved
GCqjfW,14,3,3.0641777762,0.0641777762,1.0213925921,Solved
GCqjf[,15,3,3.0641777729,0.0641777729,1.0213925910,Solved
GCqjfc,14,3,3.0641777735,0.0641777735,1.0213925912,Solved
GCqjfo,14,3,3.0641777729,0.0641777729,1.0213925910,Solved
GCqjfs,15,3,3.0641777733,0.0641777733,1.0213925911,Solved
GCqjfw,15,3,3.0641777731,0.0641777731,1.0213925910,Solved
GCqjf{,16,3,3.0641777738,0.0641777738,1.0213925913,Solved
GCqn]{,17,3,3.0000000003,0.0000000003,1.0000000001,Solved
GCqn^[,17,3,3.0000000014,0.0000000014,1.0000000005,Solved
GCqn^w,17,3,3.0000000026,0.0000000026,1.0000000009,Solved
GCqn^{,18,3,3.0000000002,0.0000000002,1.0000000001,Solved
GCqna{,15,3,3.0000000013,0.0000000013,1.0000000004,Solved
GCqnb[,15,3,3.0000000006,0.0000000006,1.0000000002,Solved
GCqnbs,15,3,3.0000000009,0.0000000009,1.0000000003,Solved
GCqnbw,15,3,3.0000000016,0.0000000016,1.0000000005,Solved
GCqnb{,16,3,3.0000000008,0.0000000008,1.0000000003,Solved
GCqnew,15,3,3.0000000007,0.0000000007,1.0000000002,Solved
GCqne{,16,3,3.0000000008,0.0000000008,1.0000000003,Solved
GCqnfS,15,3,3.0000000003,0.0000000003,1.0000000001,Solved
GCqnfW,15,3,3.0000000006,0.0000000006,1.0000000002,Solved
GCqnf[,16,3,3.0000000009,0.0000000009,1.0000000003,Solved
GCqnfc,15,3,3.0000000001,0.0000000001,1.0000000000,Solved
GCqnfo,15,3,3.0000000002,0.0000000002,1.0000000001,Solved
GCqnfs,16,3,3.0000000037,0.0000000037,1.0000000012,Solved
GCqnfw,16,3,3.0000000027,0.0000000027,1.0000000009,Solved
GCqnf{,17,3,3.0000000001,0.0000000001,1.0000000000,Solved
GCqnu{,17,3,3.0000000012,0.0000000012,1.0000000004,Solved
GCqnv[,17,3,3.0000000022,0.0000000022,1.0000000007,Solved
GCqnvk,17,3,3.0000000005,0.0000000005,1.0000000002,Solved
GCqnvs,17,3,3.0000000003,0.0000000003,1.0000000001,Solved
GCqnvw,17,3,3.0000000012,0.0000000012,1.0000000004,Solved
GCqnv{,18,3,3.0000000002,0.0000000002,1.0000000001,Solved
GCqn~w,18,3,3.0000000000,-0.0000000000,1.0000000000,Solved
GCqn~{,19,3,3.0000000001,0.0000000001,1.0000000000,Solved
GCrHx{,15,3,3.0000000003,0.0000000003,1.0000000001,Solved
GCrHzs,15,3,3.0000000018,0.0000000018,1.0000000006,Solved
GCrHzw,15,3,3.0000000004,0.0000000004,1.0000000001,Solved
GCrHz{,16,3,3.0000000005,0.0000000005,1.0000000002,Solved
GCrH{{,15,3,3.0000000003,0.0000000003,1.0000000001,Solved
GCrH|w,15,3,3.0000000001,0.0000000001,1.0000000000,Solved
GCrH|{,16,3,3.0000000010,0.0000000010,1.0000000003,Solved
GCrH}s,15,3,3.0000000021,0.0000000021,1.0000000007,Solved
GCrH}w,15,3,3.0000000001,0.0000000001,1.0000000000,Solved
GCrH}{,16,3,3.0000000001,0.0000000001,1.0000000000,Solved
GCrH~W,15,3,3.0000000050,0.0000000050,1.0000000017,Solved
GCrH~[,16,3,3.0000000005,0.0000000005,1.0000000002,Solved
GCrH~o,15,3,3.0000000005,0.0000000005,1.0000000002,Solved
GCrH~s,16,3,3.0000000002,0.0000000002,1.0000000001,Solved
GCrH~w,16,3,3.0000000030,0.0000000030,1.0000000010,Solved
GCrH~{,17,3,3.0000000000,0.0000000000,1.0000000000,Solved
GCrIx{,15,3,3.0000000004,0.0000000004,1.0000000001,Solved
GCrIz{,16,3,3.0000000011,0.0000000011,1.0000000004,Solved
GCrI|[,15,3,3.0000000001,0.0000000001,1.0000000000,Solved
GCrI|{,16,3,3.0000000001,0.0000000001,1.0000000000,Solved
GCrI~[,16,3,3.0000000003,0.0000000003,1.0000000001,Solved
GCrI~o,15,3,3.0000000009,0.0000000009,1.0000000003,Solved
GCrI~s,16,3,3.0000000001,0.0000000001,1.0000000000,Solved
GCrI~w,16,3,3.0000000021,0.0000000021,1.0000000007,Solved
GCrI~{,17,3,3.0000000000,0.0000000000,1.0000000000,Solved
GCrJ_{,13,4,3.9999999995,-0.0000000005,0.9999999999,Solved
GCrJ`[,13,3,3.0000000052,0.0000000052,1.0000000017,Solved
GCrJ`s,13,3,3.0000000021,0.0000000021,1.0000000007,Solved
GCrJ`{,14,3,3.0000000007,0.0000000007,1.0000000002,Solved
GCrJa[,13,3,3.0000000000,0.0000000000,1.0000000000,Solved
GCrJaw,13,3,3.0000000043,0.0000000043,1.0000000014,Solved
GCrJa{,14,3,3.0000000000,0.0000000000,1.0000000000,Solved
GCrJb[,14,3,3.0000000001,0.0000000001,1.0000000000,Solved
GCrJbs,14,3,3.0000000021,0.0000000021,1.0000000007,Solved
GCrJbw,14,3,3.0000000001,0.0000000001,1.0000000000,Solved
GCrJb{,15,3,3.0000000001,0.0000000001,1.0000000000,Solved
GCrJc[,13,4,4.0000000000,-0.0000000000,1.0000000000,Solved
GCrJcs,13,3,3.0000000007,0.0000000007,1.0000000002,Solved
GCrJcw,13,3,3.0000000000,0.0000000000,1.0000000000,Solved
GCrJc{,14,3,3.0000000000,0.0000000000,1.0000000000,Solved
GCrJdS,13,3,3.0000000005,0.0000000005,1.0000000002,Solved
GCrJdW,13,3,3.0641777743,0.0641777743,1.0213925914,Solved
GCrJd[,14,3,3.0000000041,0.0000000041,1.0000000014,Solved
GCrJdc,13,3,3.0000000020,0.0000000020,1.0000000007,Solved
GCrJdo,13,3,3.0000000004,0.0000000004,1.0000000001,Solved
GCrJds,14,3,3.0000000022,0.0000000022,1.0000000007,Solved
GCrJdw,14,3,3.0000000021,0.0000000021,1.0000000007,Solved
GCrJd{,15,3,3.0000000001,0.0000000001,1.0000000000,Solved
GCrJeS,13,4,4.0000000003,0.0000000003,1.0000000001,Solved
GCrJeW,13,3,3.0000000001,0.0000000001,1.0000000000,Solved
GCrJe[,14,3,3.0000000015,0.0000000015,1.0000000005,Solved
GCrJec,13,3,3.0000000006,0.0000000006,1.0000000002,Solved
GCrJeo,13,3,3.0000000030,0.0000000030,1.0000000010,Solved
GCrJes,14,3,3.0000000000,0.0000000000,1.0000000000,Solved
GCrJew,14,3,3.0000000012,0.0000000012,1.0000000004,Solved
GCrJe{,15,3,3.0000000005,0.0000000005,1.0000000002,Solved
GCrJfC,13,3,3.0000000063,0.0000000063,1.0000000021,Solved
GCrJfO,13,3,3.1965575955,0.1965575955,1.0655191985,Solved
GCrJfS,14,3,3.0000000015,0.0000000015,1.0000000005,Solved
GCrJfW,14,3,3.0000000007,0.0000000007,1.0000000002,Solved
GCrJf[,15,3,3.0000000002,0.0000000002,1.0000000001,Solved
GCrJf_,13,3,3.0000000038,0.0000000038,1.0000000013,Solved
GCrJfc,14,3,3.0000000017,0.0000000017,1.0000000006,Solved
GCrJfo,14,3,3.0000000013,0.0000000013,1.0000000004,Solved
GCrJfs,15,3,3.0000000002,0.0000000002,1.0000000001,Solved
GCrJfw,15,3,3.0000000001,0.0000000001,1.0000000000,Solved
GCrJf{,16,3,3.0000000007,0.0000000007,1.0000000002,Solved
GCrJq{,15,3,3.0000000000,0.0000000000,1.0000000000,Solved
GCrJrk,15,3,3.0000000003,0.0000000003,1.0000000001,Solved
GCrJrs,15,3,3.0000000001,0.0000000001,1.0000000000,Solved
GCrJr{,16,3,3.0000000001,0.0000000001,1.0000000000,Solved
GCrJtk,15,3,3.0000000017,0.0000000017,1.0000000006,Solved
GCrJtw,15,3,3.0000000026,0.0000000026,1.0000000009,Solved
GCrJt{,16,3,3.0000000001,0.0000000001,1.0000000000,Solved
GCrJus,15,3,3.0000000000,0.0000000000,1.0000000000,Solved
GCrJuw,15,3,3.0000000001,0.0000000001,1.0000000000,Solved
GCrJu{,16,3,3.0000000006,0.0000000006,1.0000000002,Solved
GCrJvK,15,3,3.0000000008,0.0000000008,1.0000000003,Solved
GCrJvW,15,3,3.0000000003,0.0000000003,1.0000000001,Solved
GCrJv[,16,3,3.0000000001,0.0000000001,1.0000000000,Solved
GCrJvg,15,3,3.0000000009,0.0000000009,1.0000000003,Solved
GCrJvk,16,3,3.0000000001,0.0000000001,1.0000000000,Solved
GCrJvs,16,3,3.0000000001,0.0000000001,1.0000000000,Solved
GCrJvw,16,3,3.0000000002,0.0000000002,1.0000000001,Solved
GCrJv{,17,3,3.0000000000,-0.0000000000,1.0000000000,Solved
GCrJz{,17,3,3.0000000001,0.0000000001,1.0000000000,Solved
GCrJ|{,17,3,3.0000000030,0.0000000030,1.0000000010,Solved
GCrJ~[,17,3,3.0000000013,0.0000000013,1.0000000004,Solved
GCrJ~w,17,3,3.0000000009,0.0000000009,1.0000000003,Solved
GCrJ~{,18,3,3.0000000016,0.0000000016,1.0000000005,Solved
GCrK~[,16,3,3.0000000038,0.0000000038,1.0000000013,Solved
GCrK~o,15,3,3.0000000000,0.0000000000,1.0000000000,Solved
GCrK~w,16,3,3.0000000031,0.0000000031,1.0000000010,Solved
GCrK~{,17,3,3.0000000001,0.0000000001,1.0000000000,Solved
GCrLZw,15,3,3.0000000013,0.0000000013,1.0000000004,Solved
GCrL\[,15,3,3.0000000001,0.0000000001,1.0000000000,Solved
GCrL\w,15,3,3.0000000001,0.0000000001,1.0000000000,Solved
GCrL\{,16,3,3.0000000012,0.0000000012,1.0000000004,Solved
GCrL^[,16,3,3.0000000009,0.0000000009,1.0000000003,Solved
GCrL^o,15,3,3.0000000012,0.0000000012,1.0000000004,Solved
GCrL^s,16,3,3.0000000030,0.0000000030,1.0000000010,Solved
GCrL^w,16,3,3.0000000015,0.0000000015,1.0000000005,Solved
GCrL^{,17,3,3.0000000003,0.0000000003,1.0000000001,Solved
GCrL|{,17,3,3.0000000002,0.0000000002,1.0000000001,Solved
GCrL~[,17,3,3.0000000016,0.0000000016,1.0000000005,Solved
GCrL~w,17,3,3.0000000002,0.0000000002,1.0000000001,Solved
GCrL~{,18,3,3.0000000014,0.0000000014,1.0000000005,Solved
GCrMX{,15,3,3.0000000001,0.0000000001,1.0000000000,Solved
GCrMZw,15,3,3.0000000045,0.0000000045,1.0000000015,Solved
GCrMZ{,16,3,3.0000000003,0.0000000003,1.0000000001,Solved
GCrM\[,15,3,3.0000000000,-0.0000000000,1.0000000000,Solved
GCrM\{,16,3,3.0000000044,0.0000000044,1.0000000015,Solved
GCrM^[,16,3,3.0000000000,0.0000000000,1.0000000000,Solved
GCrM^w,16,3,3.0000000003,0.0000000003,1.0000000001,Solved
GCrM^{,17,3,2.9999999990,-0.0000000010,0.9999999997,Solved
GCrMz{,17,3,3.0000000002,0.0000000002,1.0000000001,Solved
GCrM|{,17,3,3.0000000001,0.0000000001,1.0000000000,Solved
GCrM~[,17,3,3.0000000027,0.0000000027,1.0000000009,Solved
GCrM~w,17,3,3.0000000002,0.0000000002,1.0000000001,Solved
GCrM~{,18,3,3.0000000018,0.0000000018,1.0000000006,Solved
GCrN^[,17,3,3.0000000000,0.0000000000,1.0000000000,Solved
GCrN^w,17,3,3.0000000020,0.0000000020,1.0000000007,Solved
GCrN^{,18,3,3.0000000005,0.0000000005,1.0000000002,Solved
GCrNr{,17,3,3.0000000001,0.0000000001,1.0000000000,Solved
GCrNt{,17,3,3.0000000016,0.0000000016,1.0000000005,Solved
GCrNu{,17,3,3.0000000001,0.0000000001,1.0000000000,Solved
GCrNv[,17,3,3.0000000014,0.0000000014,1.0000000005,Solved
GCrNvk,17,3,3.0000000009,0.0000000009,1.0000000003,Solved
GCrNvs,17,3,3.0000000010,0.0000000010,1.0000000003,Solved
GCrNvw,17,3,3.0000000001,0.0000000001,1.0000000000,Solved
GCrNv{,18,3,3.0000000010,0.0000000010,1.0000000003,Solved
GCrN~w,18,3,2.9999999999,-0.0000000001,1.0000000000,Solved
GCrN~{,19,3,2.9999999999,-0.0000000001,1.0000000000,Solved
GCrQvW,14,3,3.0000000002,0.0000000002,1.0000000001,Solved
GCrQv_,13,3,3.0000000005,0.0000000005,1.0000000002,Solved
GCrQvg,14,3,3.0000000006,0.0000000006,1.0000000002,Solved
GCrQvo,14,3,3.0000000004,0.0000000004,1.0000000001,Solved
GCrQvw,15,3,3.0000000003,0.0000000003,1.0000000001,Solved
GCrQv{,16,3,3.0000000000,0.0000000000,1.0000000000,Solved
GCrRQs,13,3,3.0000000008,0.0000000008,1.0000000003,Solved
GCrRRc,13,3,3.0000000002,0.0000000002,1.0000000001,Solved
GCrRRo,13,3,3.0000000027,0.0000000027,1.0000000009,Solved
GCrRRs,14,3,3.0000000014,0.0000000014,1.0000000005,Solved
GCrRSk,13,3,3.0000000001,0.0000000001,1.0000000000,Solved
GCrRSs,13,3,3.2360679780,0.2360679780,1.0786893260,Solved
GCrRTK,13,3,3.0000000012,0.0000000012,1.0000000004,Solved
GCrRTc,13,3,3.0000000006,0.0000000006,1.0000000002,Solved
GCrRTk,14,3,3.0000000005,0.0000000005,1.0000000002,Solved
GCrRTs,14,3,3.0000000006,0.0000000006,1.0000000002,Solved
GCrRUK,13,4,3.9999999999,-0.0000000001,1.0000000000,Solved
GCrRUS,13,3,3.0000000003,0.0000000003,1.0000000001,Solved
GCrRUW,13,3,3.0000000001,0.0000000001,1.0000000000,Solved
GCrRU[,14,3,3.0000000015,0.0000000015,1.0000000005,Solved
GCrRUc,13,4,3.9999999996,-0.0000000004,0.9999999999,Solved
GCrRUg,13,3,3.0000000019,0.0000000019,1.0000000006,Solved
GCrRUk,14,3,3.0000000014,0.0000000014,1.0000000005,Solved
GCrRUo,13,3,3.0000000004,0.0000000004,1.0000000001,Solved
GCrRUs,14,3,3.0000000007,0.0000000007,1.0000000002,Solved
GCrRUw,14,3,3.0000000019,0.0000000019,1.0000000006,Solved
GCrRU{,15,3,3.0000000037,0.0000000037,1.0000000012,Solved
GCrRVC,13,3,3.0000000004,0.0000000004,1.0000000001,Solved
GCrRVG,13,3,3.0000000009,0.0000000009,1.0000000003,Solved
GCrRVK,14,3,3.0000000003,0.0000000003,1.0000000001,Solved
GCrRVS,14,3,2.9999999998,-0.0000000002,0.9999999999,Solved
GCrRVW,14,3,3.0000000001,0.0000000001,1.0000000000,Solved
GCrRV[,15,3,3.0000000006,0.0000000006,1.0000000002,Solved
GCrRV_,13,3,3.0000000001,0.0000000001,1.0000000000,Solved
GCrRVc,14,3,3.0000000030,0.0000000030,1.0000000010,Solved
GCrRVg,14,3,3.0000000023,0.0000000023,1.0000000008,Solved
GCrRVk,15,3,3.0000000005,0.0000000005,1.0000000002,Solved
GCrRVo,14,3,3.0000000010,0.0000000010,1.0000000003,Solved
GCrRVs,15,3,3.0000000050,0.0000000050,1.0000000017,Solved
GCrRVw,15,3,3.0000000004,0.0000000004,1.0000000001,Solved
GCrRV{,16,3,3.0000000003,0.0000000003,1.0000000001,Solved
GCrRrs,15,3,3.0000000039,0.0000000039,1.0000000013,Solved
GCrRuW,14,3,3.0000000000,0.0000000000,1.0000000000,Solved
GCrRug,14,3,3.0000000009,0.0000000009,1.0000000003,Solved
GCrRus,15,3,3.0000000012,0.0000000012,1.0000000004,Solved
GCrRuw,15,3,3.0000000002,0.0000000002,1.0000000001,Solved
GCrRu{,16,3,3.0000000000,0.0000000000,1.0000000000,Solved
GCrRvW,15,3,3.0000000029,0.0000000029,1.0000000010,Solved
GCrRv[,16,3,3.0000000030,0.0000000030,1.0000000010,Solved
GCrRv_,14,3,3.0000000016,0.0000000016,1.0000000005,Solved
GCrRvg,15,3,3.0000000005,0.0000000005,1.0000000002,Solved
GCrRvk,16,3,3.0000000006,0.0000000006,1.0000000002,Solved
GCrRvo,15,3,3.0000000035,0.0000000035,1.0000000012,Solved
GCrRvs,16,3,3.0000000004,0.0000000004,1.0000000001,Solved
GCrRvw,16,3,3.0000000004,0.0000000004,1.0000000001,Solved
GCrRv{,17,3,3.0000000014,0.0000000014,1.0000000005,Solved
GCrUZs,15,3,3.0000000014,0.0000000014,1.0000000005,Solved
GCrU^W,15,3,3.0000000002,0.0000000002,1.0000000001,Solved
GCrU^[,16,3,3.0000000018,0.0000000018,1.0000000006,Solved
GCrU^k,16,3,3.0000000036,0.0000000036,1.0000000012,Solved
GCrU^o,15,3,3.0000000000,0.0000000000,1.0000000000,Solved
GCrU^s,16,3,3.0000000019,0.0000000019,1.0000000006,Solved
GCrU^w,16,3,3.0000000028,0.0000000028,1.0000000009,Solved
GCrU^{,17,3,3.0000000000,0.0000000000,1.0000000000,Solved
GCrUrw,15,3,3.0000000010,0.0000000010,1.0000000003,Solved
GCrUvk,16,3,3.0000000027,0.0000000027,1.0000000009,Solved
GCrUvs,16,3,3.0000000004,0.0000000004,1.0000000001,Solved
GCrUvw,16,3,3.0000000020,0.0000000020,1.0000000007,Solved
GCrUv{,17,3,3.0000000000,-0.0000000000,1.0000000000,Solved
GCrU~w,17,3,3.0000000006,0.0000000006,1.0000000002,Solved
GCrU~{,18,3,3.0000000006,0.0000000006,1.0000000002,Solved
GCrVJs,15,3,3.0000000006,0.0000000006,1.0000000002,Solved
GCrVJw,15,3,3.0000000008,0.0000000008,1.0000000003,Solved
GCrVJ{,16,3,3.0000000048,0.0000000048,1.0000000016,Solved
GCrVL[,15,3,3.0000000012,0.0000000012,1.0000000004,Solved
GCrVLw,15,3,3.0000000007,0.0000000007,1.0000000002,Solved
GCrVL{,16,3,3.0000000003,0.0000000003,1.0000000001,Solved
GCrVM[,15,3,3.0000000001,0.0000000001,1.0000000000,Solved
GCrVMs,15,3,3.0000000006,0.0000000006,1.0000000002,Solved
GCrVMw,15,3,3.0000000006,0.0000000006,1.0000000002,Solved
GCrVM{,16,3,3.0000000002,0.0000000002,1.0000000001,Solved
GCrVNW,15,3,3.0000000001,0.0000000001,1.0000000000,Solved
GCrVN[,16,3,3.0000000004,0.0000000004,1.0000000001,Solved
GCrVNg,15,3,3.0000000004,0.0000000004,1.0000000001,Solved
GCrVNk,16,3,3.0000000018,0.0000000018,1.0000000006,Solved
GCrVNs,16,3,3.0000000015,0.0000000015,1.0000000005,Solved
GCrVNw,16,3,3.0000000003,0.0000000003,1.0000000001,Solved
GCrVN{,17,3,3.0000000044,0.0000000044,1.0000000015,Solved
GCrV]{,17,3,3.0000000012,0.0000000012,1.0000000004,Solved
GCrV^[,17,3,3.0000000007,0.0000000007,1.0000000002,Solved
GCrV^s,17,3,3.0000000003,0.0000000003,1.0000000001,Solved
GCrV^w,17,3,3.0000000002,0.0000000002,1.0000000001,Solved
GCrV^{,18,3,3.0000000018,0.0000000018,1.0000000006,Solved
GCrVj{,17,3,3.0000000037,0.0000000037,1.0000000012,Solved
GCrVl{,17,3,3.0000000011,0.0000000011,1.0000000004,Solved
GCrVm{,17,3,3.0000000006,0.0000000006,1.0000000002,Solved
GCrVn[,17,3,3.0000000030,0.0000000030,1.0000000010,Solved
GCrVnk,17,3,3.0000000003,0.0000000003,1.0000000001,Solved
GCrVns,17,3,3.0000000008,0.0000000008,1.0000000003,Solved
GCrVnw,17,3,3.0000000006,0.0000000006,1.0000000002,Solved
GCrVn{,18,3,3.0000000008,0.0000000008,1.0000000003,Solved
GCrVrw,16,3,3.0000000024,0.0000000024,1.0000000008,Solved
GCrVr{,17,3,3.0000000006,0.0000000006,1.0000000002,Solved
GCrVu{,17,3,3.0000000010,0.0000000010,1.0000000003,Solved
GCrVvs,17,3,3.0000000008,0.0000000008,1.0000000003,Solved
GCrVvw,17,3,3.0000000002,0.0000000002,1.0000000001,Solved
GCrVv{,18,3,3.0000000006,0.0000000006,1.0000000002,Solved
GCrV~w,18,3,2.9999999999,-0.0000000001,1.0000000000,Solved
GCrV~{,19,3,3.0000000000,-0.0000000000,1.0000000000,Solved
GCr]rk,16,3,3.0000000010,0.0000000010,1.0000000003,Solved
GCr]vK,16,3,3.0000000008,0.0000000008,1.0000000003,Solved
GCr]v[,17,3,3.0000000007,0.0000000007,1.0000000002,Solved
GCr]vk,17,3,3.0000000025,0.0000000025,1.0000000008,Solved
GCr]vw,17,3,3.0000000002,0.0000000002,1.0000000001,Solved
GCr]v{,18,3,3.0000000006,0.0000000006,1.0000000002,Solved
GCr]~w,18,3,3.0000000002,0.0000000002,1.0000000001,Solved
GCr]~{,19,3,3.0000000003,0.0000000003,1.0000000001,Solved
GCr^vs,18,3,3.0000000001,0.0000000001,1.0000000000,Solved
GCr^vw,18,3,3.0000000002,0.0000000002,1.0000000001,Solved
GCr^v{,19,3,3.0000000002,0.0000000002,1.0000000001,Solved
GCr^~{,20,3,3.0000000000,0.0000000000,1.0000000000,Solved
GCrbO{,13,4,3.9999999998,-0.0000000002,1.0000000000,Solved
GCrbP[,13,3,3.0000000059,0.0000000059,1.0000000020,Solved
GCrbPk,13,3,3.0000000027,0.0000000027,1.0000000009,Solved
GCrbPw,13,3,3.0000000036,0.0000000036,1.0000000012,Solved
GCrbP{,14,3,3.0000000017,0.0000000017,1.0000000006,Solved
GCrbQ[,13,3,3.0000000028,0.0000000028,1.0000000009,Solved
GCrbQ{,14,3,3.0000000002,0.0000000002,1.0000000001,Solved
GCrbRW,13,3,3.0000000014,0.0000000014,1.0000000005,Solved
GCrbR[,14,3,3.0000000032,0.0000000032,1.0000000011,Solved
GCrbRk,14,3,3.0000000011,0.0000000011,1.0000000004,Solved
GCrbRs,14,3,3.0000000002,0.0000000002,1.0000000001,Solved
GCrbRw,14,3,3.0000000011,0.0000000011,1.0000000004,Solved
GCrbR{,15,3,3.0000000009,0.0000000009,1.0000000003,Solved
GCrbS[,13,4,3.9999999999,-0.0000000001,1.0000000000,Solved
GCrbSk,13,3,3.0000000008,0.0000000008,1.0000000003,Solved
GCrbSw,13,3,3.0000000034,0.0000000034,1.0000000011,Solved
GCrbS{,14,3,3.0000000001,0.0000000001,1.0000000000,Solved
GCrbTK,13,3,3.0000000010,0.0000000010,1.0000000003,Solved
GCrbTS,13,3,3.2360679777,0.2360679777,1.0786893259,Solved
GCrbTW,13,3,3.0000000007,0.0000000007,1.0000000002,Solved
GCrbT[,14,3,3.0000000032,0.0000000032,1.0000000011,Solved
GCrbTc,13,3,3.0000000021,0.0000000021,1.0000000007,Solved
GCrbTk,14,3,3.0000000006,0.0000000006,1.0000000002,Solved
GCrbTs,14,3,3.0000000057,0.0000000057,1.0000000019,Solved
GCrbTw,14,3,3.0000000004,0.0000000004,1.0000000001,Solved
GCrbT{,15,3,3.0000000027,0.0000000027,1.0000000009,Solved
GCrbUK,13,4,3.9999999993,-0.0000000007,0.9999999998,Solved
GCrbUS,13,3,3.0000000001,0.0000000001,1.0000000000,Solved
GCrbUW,13,3,3.2360679785,0.2360679785,1.0786893262,Solved
GCrbU[,14,3,3.0000000001,0.0000000001,1.0000000000,Solved
GCrbUc,13,3,3.0000000009,0.0000000009,1.0000000003,Solved
GCrbUk,14,3,3.0000000007,0.0000000007,1.0000000002,Solved
GCrbUs,14,3,3.0000000008,0.0000000008,1.0000000003,Solved
GCrbUw,14,3,3.0000000042,0.0000000042,1.0000000014,Solved
GCrbU{,15,3,3.0000000012,0.0000000012,1.0000000004,Solved
GCrbVC,13,4,4.0000000004,0.0000000004,1.0000000001,Solved
GCrbVG,13,3,3.0000000019,0.0000000019,1.0000000006,Solved
GCrbVK,14,3,3.0000000002,0.0000000002,1.0000000001,Solved
GCrbVS,14,3,3.0000000017,0.0000000017,1.0000000006,Solved
GCrbVW,14,3,3.0000000059,0.0000000059,1.0000000020,Solved
GCrbV[,15,3,3.0000000002,0.0000000002,1.0000000001,Solved
GCrbV_,13,3,3.0000000000,0.0000000000,1.0000000000,Solved
GCrbVc,14,3,3.0000000042,0.0000000042,1.0000000014,Solved
GCrbVg,14,3,3.0000000004,0.0000000004,1.0000000001,Solved
GCrbVk,15,3,3.0000000011,0.0000000011,1.0000000004,Solved
GCrbVo,14,3,3.0000000007,0.0000000007,1.0000000002,Solved
GCrbVs,15,3,3.0000000009,0.0000000009,1.0000000003,Solved
GCrbVw,15,3,3.0000000029,0.0000000029,1.0000000010,Solved
GCrbV{,16,3,3.0000000021,0.0000000021,1.0000000007,Solved
GCrb`o,12,3,3.4142135629,0.4142135629,1.1380711876,Solved
GCrbbo,13,3,3.2360679789,0.2360679789,1.0786893263,Solved
GCrbbw,14,3,3.1965575940,0.1965575940,1.0655191980,Solved
GCrbcw,13,3,3.1965575956,0.1965575956,1.0655191985,Solved
GCrbdS,13,3,3.2989001796,0.2989001796,1.0996333932,Solved
GCrbdW,13,3,3.1965575952,0.1965575952,1.0655191984,Solved
GCrbdc,13,3,3.1965575949,0.1965575949,1.0655191983,Solved
GCrbdg,13,3,3.1965575940,0.1965575940,1.0655191980,Solved
GCrbdo,13,3,3.2251165764,0.2251165764,1.0750388588,Solved
GCrbds,14,3,3.1965575968,0.1965575968,1.0655191989,Solved
GCrbdw,14,3,3.1965575939,0.1965575939,1.0655191980,Solved
GCrbeK,13,4,4.0000000000,-0.0000000000,1.0000000000,Solved
GCrbeS,13,3,3.1965575954,0.1965575954,1.0655191985,Solved
GCrbec,13,3,3.1965575942,0.1965575942,1.0655191981,Solved
GCrbeg,13,3,3.2360679796,0.2360679796,1.0786893265,Solved
GCrbek,14,3,3.1965575954,0.1965575954,1.0655191985,Solved
GCrbeo,13,3,3.1965575947,0.1965575947,1.0655191982,Solved
GCrbes,14,3,3.1965575941,0.1965575941,1.0655191980,Solved
GCrbew,14,3,3.1965575960,0.1965575960,1.0655191987,Solved
GCrbfC,13,4,4.0000000000,-0.0000000000,1.0000000000,Solved
GCrbfG,13,3,3.1965575941,0.1965575941,1.0655191980,Solved
GCrbfK,14,3,3.1965575945,0.1965575945,1.0655191982,Solved
GCrbfO,13,3,3.1965575938,0.1965575938,1.0655191979,Solved
GCrbfS,14,3,3.1965575955,0.1965575955,1.0655191985,Solved
GCrbfW,14,3,3.1965575951,0.1965575951,1.0655191984,Solved
GCrbf[,15,3,3.1965575952,0.1965575952,1.0655191984,Solved
GCrbf_,13,4,4.0000000001,0.0000000001,1.0000000000,Solved
GCrbfc,14,3,3.1965575943,0.1965575943,1.0655191981,Solved
GCrbfg,14,3,3.1965575951,0.1965575951,1.0655191984,Solved
GCrbfk,15,3,3.1965575948,0.1965575948,1.0655191983,Solved
GCrbfo,14,3,3.1965575942,0.1965575942,1.0655191981,Solved
GCrbfs,15,3,3.1965575947,0.1965575947,1.0655191982,Solved
GCrbfw,15,3,3.1965575942,0.1965575942,1.0655191981,Solved
GCrbf{,16,3,3.1965575939,0.1965575939,1.0655191980,Solved
GCrbrs,15,3,3.0000000006,0.0000000006,1.0000000002,Solved
GCrbuW,14,3,3.0641777733,0.0641777733,1.0213925911,Solved
GCrbu[,15,3,3.0000000009,0.0000000009,1.0000000003,Solved
GCrbus,15,3,3.0000000008,0.0000000008,1.0000000003,Solved
GCrbvS,15,3,3.0000000002,0.0000000002,1.0000000001,Solved
GCrbvW,15,3,3.0000000061,0.0000000061,1.0000000020,Solved
GCrbv[,16,3,3.0000000035,0.0000000035,1.0000000012,Solved
GCrbv_,14,3,3.0000000004,0.0000000004,1.0000000001,Solved
GCrbvg,15,3,3.0000000011,0.0000000011,1.0000000004,Solved
GCrbvk,16,3,3.0000000053,0.0000000053,1.0000000018,Solved
GCrbvo,15,3,3.0000000010,0.0000000010,1.0000000003,Solved
GCrbvs,16,3,3.0000000015,0.0000000015,1.0000000005,Solved
GCrbvw,16,3,3.0000000017,0.0000000017,1.0000000006,Solved
GCrbv{,17,3,3.0000000012,0.0000000012,1.0000000004,Solved
GCrdq{,15,3,3.0000000015,0.0000000015,1.0000000005,Solved
GCrdr[,15,3,3.0000000005,0.0000000005,1.0000000002,Solved
GCrdrk,15,3,3.0000000016,0.0000000016,1.0000000005,Solved
GCrdrs,15,3,3.0000000068,0.0000000068,1.0000000023,Solved
GCrdrw,15,3,3.0000000030,0.0000000030,1.0000000010,Solved
GCrdr{,16,3,3.0000000016,0.0000000016,1.0000000005,Solved
GCrdt[,15,3,3.0000000045,0.0000000045,1.0000000015,Solved
GCrdts,15,3,3.0000000028,0.0000000028,1.0000000009,Solved
GCrdtw,15,3,3.0000000019,0.0000000019,1.0000000006,Solved
GCrdt{,16,3,3.0000000003,0.0000000003,1.0000000001,Solved
GCrduw,15,3,3.0000000061,0.0000000061,1.0000000020,Solved
GCrdu{,16,3,3.0000000024,0.0000000024,1.0000000008,Solved
GCrdvS,15,3,3.0000000023,0.0000000023,1.0000000008,Solved
GCrdvW,15,3,3.0000000005,0.0000000005,1.0000000002,Solved
GCrdv[,16,3,3.0000000003,0.0000000003,1.0000000001,Solved
GCrdvg,15,3,3.0000000003,0.0000000003,1.0000000001,Solved
GCrdvk,16,3,3.0000000001,0.0000000001,1.0000000000,Solved
GCrdvo,15,3,3.0000000041,0.0000000041,1.0000000014,Solved
GCrdvs,16,3,3.0000000021,0.0000000021,1.0000000007,Solved
GCrdvw,16,3,3.0000000003,0.0000000003,1.0000000001,Solved
GCrdv{,17,3,3.0000000002,0.0000000002,1.0000000001,Solved
GCre\s,15,3,3.0000000008,0.0000000008,1.0000000003,Solved
GCre][,15,3,2.9999999997,-0.0000000003,0.9999999999,Solved
GCre^S,15,3,3.0000000001,0.0000000001,1.0000000000,Solved
GCre^[,16,3,3.0000000007,0.0000000007,1.0000000002,Solved
GCre^k,16,3,3.0000000008,0.0000000008,1.0000000003,Solved
GCre^s,16,3,3.0000000013,0.0000000013,1.0000000004,Solved
GCre^w,16,3,3.0000000009,0.0000000009,1.0000000003,Solved
GCre^{,17,3,3.0000000000,-0.0000000000,1.0000000000,Solved
GCrer[,15,3,3.0000000015,0.0000000015,1.0000000005,Solved
GCrerw,15,3,3.0000000008,0.0000000008,1.0000000003,Solved
GCrer{,16,3,3.0000000020,0.0000000020,1.0000000007,Solved
GCret[,15,3,3.0000000006,0.0000000006,1.0000000002,Solved
GCretk,15,3,3.0000000005,0.0000000005,1.0000000002,Solved
GCrets,15,3,3.0000000001,0.0000000001,1.0000000000,Solved
GCret{,16,3,3.0000000012,0.0000000012,1.0000000004,Solved
GCreu[,15,3,3.0000000010,0.0000000010,1.0000000003,Solved
GCreuw,15,3,3.0000000007,0.0000000007,1.0000000002,Solved
GCreu{,16,3,3.0000000013,0.0000000013,1.0000000004,Solved
GCrevK,15,3,3.0000000014,0.0000000014,1.0000000005,Solved
GCrevS,15,3,3.0000000008,0.0000000008,1.0000000003,Solved
GCrev[,16,3,3.0000000012,0.0000000012,1.0000000004,Solved
GCrevc,15,3,3.0000000013,0.0000000013,1.0000000004,Solved
GCrevk,16,3,3.0000000017,0.0000000017,1.0000000006,Solved
GCrevs,16,3,3.0000000012,0.0000000012,1.0000000004,Solved
GCrevw,16,3,3.0000000012,0.0000000012,1.0000000004,Solved
GCrev{,17,3,3.0000000024,0.0000000024,1.0000000008,Solved
GCrfQ{,15,3,3.0000000001,0.0000000001,1.0000000000,Solved
GCrfR[,15,3,3.0000000010,0.0000000010,1.0000000003,Solved
GCrfRw,15,3,3.0000000004,0.0000000004,1.0000000001,Solved
GCrfR{,16,3,3.0000000018,0.0000000018,1.0000000006,Solved
GCrfT[,15,3,3.0000000004,0.0000000004,1.0000000001,Solved
GCrfTw,15,3,3.0000000020,0.0000000020,1.0000000007,Solved
GCrfT{,16,3,3.0000000015,0.0000000015,1.0000000005,Solved
GCrfUw,15,3,3.0000000036,0.0000000036,1.0000000012,Solved
GCrfU{,16,3,3.0000000012,0.0000000012,1.0000000004,Solved
GCrfVS,15,3,3.0000000001,0.0000000001,1.0000000000,Solved
GCrfVW,15,3,3.0000000005,0.0000000005,1.0000000002,Solved
GCrfV[,16,3,3.0000000024,0.0000000024,1.0000000008,Solved
GCrfVg,15,3,3.0000000011,0.0000000011,1.0000000004,Solved
GCrfVk,16,3,3.0000000004,0.0000000004,1.0000000001,Solved
GCrfVo,15,3,3.0000000007,0.0000000007,1.0000000002,Solved
GCrfVs,16,3,3.0000000006,0.0000000006,1.0000000002,Solved
GCrfVw,16,3,3.0000000013,0.0000000013,1.0000000004,Solved
GCrfV{,17,3,3.0000000005,0.0000000005,1.0000000002,Solved
GCrf]{,17,3,3.0000000006,0.0000000006,1.0000000002,Solved
GCrf^[,17,3,3.0000000041,0.0000000041,1.0000000014,Solved
GCrf^w,17,3,3.0000000003,0.0000000003,1.0000000001,Solved
GCrf^{,18,3,3.0000000005,0.0000000005,1.0000000002,Solved
GCrfbw,15,3,3.0000000019,0.0000000019,1.0000000006,Solved
GCrfds,15,3,3.0000000008,0.0000000008,1.0000000003,Solved
GCrfdw,15,3,3.0000000034,0.0000000034,1.0000000011,Solved
GCrfew,15,3,3.0000000004,0.0000000004,1.0000000001,Solved
GCrffK,15,3,3.0000000002,0.0000000002,1.0000000001,Solved
GCrffS,15,3,3.0000000001,0.0000000001,1.0000000000,Solved
GCrffW,15,3,3.0000000013,0.0000000013,1.0000000004,Solved
GCrff[,16,3,3.0000000003,0.0000000003,1.0000000001,Solved
GCrffg,15,3,3.0000000001,0.0000000001,1.0000000000,Solved
GCrffk,16,3,3.0000000016,0.0000000016,1.0000000005,Solved
GCrffo,15,3,3.0000000002,0.0000000002,1.0000000001,Solved
GCrffs,16,3,3.0000000031,0.0000000031,1.0000000010,Solved
GCrffw,16,3,3.0000000004,0.0000000004,1.0000000001,Solved
GCrff{,17,3,3.0000000004,0.0000000004,1.0000000001,Solved
GCrfj{,17,3,3.0000000004,0.0000000004,1.0000000001,Solved
GCrfl{,17,3,3.0000000020,0.0000000020,1.0000000007,Solved
GCrfm{,17,3,3.0000000059,0.0000000059,1.0000000020,Solved
GCrfn[,17,3,3.0000000003,0.0000000003,1.0000000001,Solved
GCrfnk,17,3,3.0000000019,0.0000000019,1.0000000006,Solved
GCrfns,17,3,3.0000000004,0.0000000004,1.0000000001,Solved
GCrfnw,17,3,3.0000000006,0.0000000006,1.0000000002,Solved
GCrfn{,18,3,3.0000000010,0.0000000010,1.0000000003,Solved
GCrfrw,16,3,3.0000000004,0.0000000004,1.0000000001,Solved
GCrfr{,17,3,3.0000000004,0.0000000004,1.0000000001,Solved
GCrfu{,17,3,3.0000000058,0.0000000058,1.0000000019,Solved
GCrfv[,17,3,3.0000000003,0.0000000003,1.0000000001,Solved
GCrfvs,17,3,3.0000000003,0.0000000003,1.0000000001,Solved
GCrfvw,17,3,3.0000000042,0.0000000042,1.0000000014,Solved
GCrfv{,18,3,3.0000000010,0.0000000010,1.0000000003,Solved
GCrf~w,18,3,3.0000000059,0.0000000059,1.0000000020,Solved
GCrf~{,19,3,3.0000000036,0.0000000036,1.0000000012,Solved
GCrjz{,18,3,3.0000000002,0.0000000002,1.0000000001,Solved
GCrj}{,18,3,3.0000000005,0.0000000005,1.0000000002,Solved
GCrj~k,18,3,3.0000000006,0.0000000006,1.0000000002,Solved
GCrj~w,18,3,3.0000000009,0.0000000009,1.0000000003,Solved
GCrj~{,19,3,3.0000000001,0.0000000001,1.0000000000,Solved
GCrlrk,16,3,3.0000000014,0.0000000014,1.0000000005,Solved
GCrltw,16,3,3.0000000029,0.0000000029,1.0000000010,Solved
GCrluw,16,3,3.0000000016,0.0000000016,1.0000000005,Solved
GCrlu{,17,3,3.0000000003,0.0000000003,1.0000000001,Solved
GCrlvW,16,3,3.0000000014,0.0000000014,1.0000000005,Solved
GCrlv[,17,3,3.0000000015,0.0000000015,1.0000000005,Solved
GCrlvg,16,3,3.0000000019,0.0000000019,1.0000000006,Solved
GCrlvk,17,3,3.0000000007,0.0000000007,1.0000000002,Solved
GCrlvw,17,3,3.0000000001,0.0000000001,1.0000000000,Solved
GCrlv{,18,3,3.0000000011,0.0000000011,1.0000000004,Solved
GCrl}{,18,3,3.0000000007,0.0000000007,1.0000000002,Solved
GCrl~k,18,3,3.0000000003,0.0000000003,1.0000000001,Solved
GCrl~{,19,3,3.0000000007,0.0000000007,1.0000000002,Solved
GCrmrk,16,3,3.0000000012,0.0000000012,1.0000000004,Solved
GCrmrs,16,3,3.0000000007,0.0000000007,1.0000000002,Solved
GCrmr{,17,3,3.0000000003,0.0000000003,1.0000000001,Solved
GCrms{,16,3,3.0000000002,0.0000000002,1.0000000001,Solved
GCrmt[,16,3,3.0000000012,0.0000000012,1.0000000004,Solved
GCrmtw,16,3,3.0000000001,0.0000000001,1.0000000000,Solved
GCrmt{,17,3,2.9999999995,-0.0000000005,0.9999999998,Solved
GCrmuk,16,3,3.0000000003,0.0000000003,1.0000000001,Solved
GCrmus,16,3,3.0000000005,0.0000000005,1.0000000002,Solved
GCrmuw,16,3,3.0000000048,0.0000000048,1.0000000016,Solved
GCrmu{,17,3,3.0000000009,0.0000000009,1.0000000003,Solved
GCrmvK,16,3,3.0000000008,0.0000000008,1.0000000003,Solved
GCrmvS,16,3,3.0000000006,0.0000000006,1.0000000002,Solved
GCrmvW,16,3,3.0000000001,0.0000000001,1.0000000000,Solved
GCrmv[,17,3,3.0000000002,0.0000000002,1.0000000001,Solved
GCrmvk,17,3,3.0000000003,0.0000000003,1.0000000001,Solved
GCrmvs,17,3,3.0000000013,0.0000000013,1.0000000004,Solved
GCrmvw,17,3,3.0000000003,0.0000000003,1.0000000001,Solved
GCrmv{,18,3,3.0000000003,0.0000000003,1.0000000001,Solved
GCrm}{,18,3,3.0000000003,0.0000000003,1.0000000001,Solved
GCrm~w,18,3,3.0000000004,0.0000000004,1.0000000001,Solved
GCrm~{,19,3,3.0000000005,0.0000000005,1.0000000002,Solved
GCrnP{,16,3,3.0000000029,0.0000000029,1.0000000010,Solved
GCrnQ{,16,3,3.0000000002,0.0000000002,1.0000000001,Solved
GCrnRk,16,3,3.0000000013,0.0000000013,1.0000000004,Solved
GCrnRw,16,3,3.0000000022,0.0000000022,1.0000000007,Solved
GCrnR{,17,3,3.0000000005,0.0000000005,1.0000000002,Solved
GCrnT[,16,3,3.0000000001,0.0000000001,1.0000000000,Solved
GCrnT{,17,3,3.0000000011,0.0000000011,1.0000000004,Solved
GCrnU[,16,3,3.0000000001,0.0000000001,1.0000000000,Solved
GCrnUk,16,3,3.0000000001,0.0000000001,1.0000000000,Solved
GCrnU{,17,3,3.0000000005,0.0000000005,1.0000000002,Solved
GCrnVW,16,3,3.0000000024,0.0000000024,1.0000000008,Solved
GCrnV[,17,3,3.0000000040,0.0000000040,1.0000000013,Solved
GCrnVk,17,3,3.0000000011,0.0000000011,1.0000000004,Solved
GCrnVw,17,3,3.0000000009,0.0000000009,1.0000000003,Solved
GCrnV{,18,3,3.0000000002,0.0000000002,1.0000000001,Solved
GCrnZ{,18,3,3.0000000003,0.0000000003,1.0000000001,Solved
GCrn\{,18,3,2.9999999995,-0.0000000005,0.9999999998,Solved
GCrn]{,18,3,3.0000000008,0.0000000008,1.0000000003,Solved
GCrn^[,18,3,3.0000000002,0.0000000002,1.0000000001,Solved
GCrn^k,18,3,3.0000000004,0.0000000004,1.0000000001,Solved
GCrn^w,18,3,3.0000000006,0.0000000006,1.0000000002,Solved
GCrn^{,19,3,3.0000000001,0.0000000001,1.0000000000,Solved
GCrnm{,18,3,3.0000000004,0.0000000004,1.0000000001,Solved
GCrnnk,18,3,3.0000000007,0.0000000007,1.0000000002,Solved
GCrnnw,18,3,3.0000000011,0.0000000011,1.0000000004,Solved
GCrnn{,19,3,3.0000000007,0.0000000007,1.0000000002,Solved
GCrnr{,18,3,3.0000000003,0.0000000003,1.0000000001,Solved
GCrnt{,18,3,3.0000000006,0.0000000006,1.0000000002,Solved
GCrnu{,18,3,3.0000000000,0.0000000000,1.0000000000,Solved
GCrnvk,18,3,3.0000000002,0.0000000002,1.0000000001,Solved
GCrnvs,18,3,3.0000000001,0.0000000001,1.0000000000,Solved
GCrnvw,18,3,3.0000000008,0.0000000008,1.0000000003,Solved
GCrnv{,19,3,3.0000000000,-0.0000000000,1.0000000000,Solved
GCrn~{,20,3,3.0000000001,0.0000000001,1.0000000000,Solved
GCrrrk,16,3,3.0000000002,0.0000000002,1.0000000001,Solved
GCrrt[,16,3,3.0000000005,0.0000000005,1.0000000002,Solved
GCrrtk,16,3,3.0000000029,0.0000000029,1.0000000010,Solved
GCrru[,16,3,3.0000000035,0.0000000035,1.0000000012,Solved
GCrruk,16,3,3.0000000009,0.0000000009,1.0000000003,Solved
GCrru{,17,3,3.0000000004,0.0000000004,1.0000000001,Solved
GCrrvK,16,3,3.0000000036,0.0000000036,1.0000000012,Solved
GCrrv[,17,3,3.0000000008,0.0000000008,1.0000000003,Solved
GCrrvg,16,3,3.0000000023,0.0000000023,1.0000000008,Solved
GCrrvk,17,3,3.0000000009,0.0000000009,1.0000000003,Solved
GCrrvo,16,3,3.0000000004,0.0000000004,1.0000000001,Solved
GCrrvw,17,3,3.0000000007,0.0000000007,1.0000000002,Solved
GCrrv{,18,3,2.9999999996,-0.0000000004,0.9999999999,Solved
GCrr}{,18,3,3.0000000004,0.0000000004,1.0000000001,Solved
GCrr~{,19,3,3.0000000002,0.0000000002,1.0000000001,Solved
GCrtp{,16,3,3.0000000011,0.0000000011,1.0000000004,Solved
GCrtq{,16,3,3.0000000005,0.0000000005,1.0000000002,Solved
GCrtr[,16,3,3.0000000036,0.0000000036,1.0000000012,Solved
GCrtrk,16,3,3.0000000050,0.0000000050,1.0000000017,Solved
GCrtrs,16,3,3.0000000006,0.0000000006,1.0000000002,Solved
GCrtrw,16,3,3.0000000022,0.0000000022,1.0000000007,Solved
GCrtr{,17,3,3.0000000022,0.0000000022,1.0000000007,Solved
GCrts{,16,3,3.0000000005,0.0000000005,1.0000000002,Solved
GCrtt[,16,3,3.0000000004,0.0000000004,1.0000000001,Solved
GCrtts,16,3,3.0000000037,0.0000000037,1.0000000012,Solved
GCrtt{,17,3,3.0000000004,0.0000000004,1.0000000001,Solved
GCrtu[,16,3,3.0000000010,0.0000000010,1.0000000003,Solved
GCrtuk,16,3,3.0000000040,0.0000000040,1.0000000013,Solved
GCrtu{,17,3,3.0000000005,0.0000000005,1.0000000002,Solved
GCrtvK,16,3,3.0000000056,0.0000000056,1.0000000019,Solved
GCrtv[,17,3,3.0000000021,0.0000000021,1.0000000007,Solved
GCrtvg,16,3,3.0000000015,0.0000000015,1.0000000005,Solved
GCrtvk,17,3,3.0000000004,0.0000000004,1.0000000001,Solved
GCrtvs,17,3,3.0000000004,0.0000000004,1.0000000001,Solved
GCrtvw,17,3,3.0000000016,0.0000000016,1.0000000005,Solved
GCrtv{,18,3,3.0000000027,0.0000000027,1.0000000009,Solved
GCrup{,16,3,3.0000000004,0.0000000004,1.0000000001,Solved
GCruq{,16,3,3.0000000011,0.0000000011,1.0000000004,Solved
GCrur[,16,3,3.0000000003,0.0000000003,1.0000000001,Solved
GCrurk,16,3,3.0000000004,0.0000000004,1.0000000001,Solved
GCrurs,16,3,3.0000000007,0.0000000007,1.0000000002,Solved
GCrurw,16,3,3.0000000008,0.0000000008,1.0000000003,Solved
GCrur{,17,3,3.0000000004,0.0000000004,1.0000000001,Solved
GCrus{,16,3,2.9999999993,-0.0000000007,0.9999999998,Solved
GCruts,16,3,3.0000000008,0.0000000008,1.0000000003,Solved
GCrutw,16,3,3.0000000005,0.0000000005,1.0000000002,Solved
GCrut{,17,3,3.0000000009,0.0000000009,1.0000000003,Solved
GCruu[,16,3,3.0000000003,0.0000000003,1.0000000001,Solved
GCruuk,16,3,3.0000000008,0.0000000008,1.0000000003,Solved
GCruuw,16,3,3.0000000008,0.0000000008,1.0000000003,Solved
GCruu{,17,3,3.0000000002,0.0000000002,1.0000000001,Solved
GCruvK,16,3,3.0000000013,0.0000000013,1.0000000004,Solved
GCruvW,16,3,3.0000000005,0.0000000005,1.0000000002,Solved
GCruv[,17,3,3.0000000009,0.0000000009,1.0000000003,Solved
GCruvg,16,3,3.0000000006,0.0000000006,1.0000000002,Solved
GCruvk,17,3,3.0000000004,0.0000000004,1.0000000001,Solved
GCruvo,16,3,3.0000000003,0.0000000003,1.0000000001,Solved
GCruvs,17,3,3.0000000002,0.0000000002,1.0000000001,Solved
GCruvw,17,3,3.0000000004,0.0000000004,1.0000000001,Solved
GCruv{,18,3,3.0000000002,0.0000000002,1.0000000001,Solved
GCru}{,18,3,3.0000000002,0.0000000002,1.0000000001,Solved
GCru~s,18,3,3.0000000006,0.0000000006,1.0000000002,Solved
GCru~w,18,3,3.0000000002,0.0000000002,1.0000000001,Solved
GCru~{,19,3,3.0000000002,0.0000000002,1.0000000001,Solved
GCrvP{,16,3,3.0000000008,0.0000000008,1.0000000003,Solved
GCrvQ{,16,3,3.0000000014,0.0000000014,1.0000000005,Solved
GCrvR[,16,3,3.0000000013,0.0000000013,1.0000000004,Solved
GCrvRk,16,3,3.0000000001,0.0000000001,1.0000000000,Solved
GCrvRs,16,3,3.0000000014,0.0000000014,1.0000000005,Solved
GCrvR{,17,3,3.0000000008,0.0000000008,1.0000000003,Solved
GCrvS{,16,3,3.0000000028,0.0000000028,1.0000000009,Solved
GCrvT[,16,3,3.0000000002,0.0000000002,1.0000000001,Solved
GCrvTs,16,3,3.0000000016,0.0000000016,1.0000000005,Solved
GCrvT{,17,3,3.0000000009,0.0000000009,1.0000000003,Solved
GCrvU[,16,3,3.0000000040,0.0000000040,1.0000000013,Solved
GCrvUk,16,3,3.0000000021,0.0000000021,1.0000000007,Solved
GCrvUw,16,3,3.0000000009,0.0000000009,1.0000000003,Solved
GCrvU{,17,3,3.0000000005,0.0000000005,1.0000000002,Solved
GCrvVK,16,3,3.0000000024,0.0000000024,1.0000000008,Solved
GCrvV[,17,3,3.0000000010,0.0000000010,1.0000000003,Solved
GCrvVk,17,3,3.0000000004,0.0000000004,1.0000000001,Solved
GCrvVo,16,3,3.0000000008,0.0000000008,1.0000000003,Solved
GCrvVs,17,3,3.0000000001,0.0000000001,1.0000000000,Solved
GCrvVw,17,3,3.0000000007,0.0000000007,1.0000000002,Solved
GCrvV{,18,3,3.0000000006,0.0000000006,1.0000000002,Solved
GCrv`{,16,3,3.0000000006,0.0000000006,1.0000000002,Solved
GCrva{,16,3,3.0000000003,0.0000000003,1.0000000001,Solved
GCrvb[,16,3,3.0000000018,0.0000000018,1.0000000006,Solved
GCrvbk,16,3,3.0000000017,0.0000000017,1.0000000006,Solved
GCrvbw,16,3,3.0000000041,0.0000000041,1.0000000014,Solved
GCrvb{,17,3,3.0000000032,0.0000000032,1.0000000011,Solved
GCrvc{,16,3,3.0000000005,0.0000000005,1.0000000002,Solved
GCrvd[,16,3,3.0000000001,0.0000000001,1.0000000000,Solved
GCrvdw,16,3,3.0000000064,0.0000000064,1.0000000021,Solved
GCrvd{,17,3,3.0000000031,0.0000000031,1.0000000010,Solved
GCrve[,16,3,3.0000000013,0.0000000013,1.0000000004,Solved
GCrve{,17,3,3.0000000004,0.0000000004,1.0000000001,Solved
GCrvf[,17,3,3.0000000028,0.0000000028,1.0000000009,Solved
GCrvfk,17,3,3.0000000050,0.0000000050,1.0000000017,Solved
GCrvfo,16,3,3.0000000025,0.0000000025,1.0000000008,Solved
GCrvfw,17,3,3.0000000012,0.0000000012,1.0000000004,Solved
GCrvf{,18,3,3.0000000015,0.0000000015,1.0000000005,Solved
GCrvj{,18,3,3.0000000001,0.0000000001,1.0000000000,Solved
GCrvm{,18,3,3.0000000001,0.0000000001,1.0000000000,Solved
GCrvnk,18,3,3.0000000000,0.0000000000,1.0000000000,Solved
GCrvnw,18,3,3.0000000005,0.0000000005,1.0000000002,Solved
GCrvn{,19,3,3.0000000001,0.0000000001,1.0000000000,Solved
GCrvrw,17,3,3.0000000018,0.0000000018,1.0000000006,Solved
GCrvr{,18,3,3.0000000006,0.0000000006,1.0000000002,Solved
GCrvvs,18,3,3.0000000002,0.0000000002,1.0000000001,Solved
GCrvvw,18,3,3.0000000004,0.0000000004,1.0000000001,Solved
GCrvv{,19,3,3.0000000004,0.0000000004,1.0000000001,Solved
GCrv~{,20,3,3.0000000001,0.0000000001,1.0000000000,Solved
GCr~u{,19,3,3.0000000000,-0.0000000000,1.0000000000,Solved
GCr~v[,19,3,3.0000000002,0.0000000002,1.0000000001,Solved
GCr~vk,19,3,3.0000000001,0.0000000001,1.0000000000,Solved
GCr~vw,19,3,3.0000000000,-0.0000000000,1.0000000000,Solved
GCr~v{,20,3,3.0000000000,-0.0000000000,1.0000000000,Solved
GCr~~{,21,3,3.0000000000,-0.0000000000,1.0000000000,Solved
GCutts,16,3,3.0000000004,0.0000000004,1.0000000001,Solved
GCutt{,17,3,3.0000000000,0.0000000000,1.0000000000,Solved
GCutu{,17,3,3.0000000003,0.0000000003,1.0000000001,Solved
GCutv[,17,3,3.0000000009,0.0000000009,1.0000000003,Solved
GCutvc,16,3,3.0000000002,0.0000000002,1.0000000001,Solved
GCutvk,17,3,3.0000000001,0.0000000001,1.0000000000,Solved
GCutvs,17,3,3.0000000017,0.0000000017,1.0000000006,Solved
GCutvw,17,3,3.0000000002,0.0000000002,1.0000000001,Solved
GCutv{,18,3,3.0000000003,0.0000000003,1.0000000001,Solved
GCuu|{,18,3,3.0000000002,0.0000000002,1.0000000001,Solved
GCuu}{,18,3,3.0000000010,0.0000000010,1.0000000003,Solved
GCuu~w,18,3,3.0000000001,0.0000000001,1.0000000000,Solved
GCuu~{,19,3,3.0000000001,0.0000000001,1.0000000000,Solved
GCuvZ{,18,3,3.0000000000,-0.0000000000,1.0000000000,Solved
GCuv]{,18,3,3.0000000002,0.0000000002,1.0000000001,Solved
GCuv^[,18,3,3.0000000001,0.0000000001,1.0000000000,Solved
GCuv^s,18,3,2.9999999997,-0.0000000003,0.9999999999,Solved
GCuv^w,18,3,3.0000000001,0.0000000001,1.0000000000,Solved
GCuv^{,19,3,2.9999999998,-0.0000000002,0.9999999999,Solved
GCuvt{,18,3,3.0000000004,0.0000000004,1.0000000001,Solved
GCuvu{,18,3,3.0000000001,0.0000000001,1.0000000000,Solved
GCuvvk,18,3,3.0000000002,0.0000000002,1.0000000001,Solved
GCuvvs,18,3,3.0000000000,0.0000000000,1.0000000000,Solved
GCuvvw,18,3,3.0000000007,0.0000000007,1.0000000002,Solved
GCuvv{,19,3,3.0000000003,0.0000000003,1.0000000001,Solved
GCuv~w,19,3,3.0000000000,0.0000000000,1.0000000000,Solved
GCuv~{,20,3,3.0000000000,-0.0000000000,1.0000000000,Solved
GCu~b[,17,3,3.0000000000,0.0000000000,1.0000000000,Solved
GCu~c{,17,3,3.0000000001,0.0000000001,1.0000000000,Solved
GCu~ds,17,3,3.0000000005,0.0000000005,1.0000000002,Solved
GCu~e[,17,3,3.0000000007,0.0000000007,1.0000000002,Solved
GCu~e{,18,3,3.0000000003,0.0000000003,1.0000000001,Solved
GCu~fS,17,3,3.0000000002,0.0000000002,1.0000000001,Solved
GCu~fW,17,3,3.0000000003,0.0000000003,1.0000000001,Solved
GCu~f[,18,3,3.0000000000,0.0000000000,1.0000000000,Solved
GCu~fo,17,3,3.0000000009,0.0000000009,1.0000000003,Solved
GCu~fs,18,3,3.0000000005,0.0000000005,1.0000000002,Solved
GCu~fw,18,3,3.0000000004,0.0000000004,1.0000000001,Solved
GCu~f{,19,3,2.9999999998,-0.0000000002,0.9999999999,Solved
GCu~~{,21,3,2.9999999985,-0.0000000015,0.9999999995,Solved
GCvT|{,18,3,2.9999999999,-0.0000000001,1.0000000000,Solved
GCvT~w,18,3,3.0000000004,0.0000000004,1.0000000001,Solved
GCvT~{,19,3,3.0000000000,-0.0000000000,1.0000000000,Solved
GCvUvs,17,3,3.0000000015,0.0000000015,1.0000000005,Solved
GCvUvw,17,3,3.0000000009,0.0000000009,1.0000000003,Solved
GCvUv{,18,3,3.0000000013,0.0000000013,1.0000000004,Solved
GCvU|{,18,3,3.0000000002,0.0000000002,1.0000000001,Solved
GCvU~w,18,3,3.0000000001,0.0000000001,1.0000000000,Solved
GCvU~{,19,3,3.0000000021,0.0000000021,1.0000000007,Solved
GCvVZ{,18,3,3.0000000008,0.0000000008,1.0000000003,Solved
GCvV\{,18,3,3.0000000003,0.0000000003,1.0000000001,Solved
GCvV]{,18,3,3.0000000005,0.0000000005,1.0000000002,Solved
GCvV^[,18,3,3.0000000010,0.0000000010,1.0000000003,Solved
GCvV^w,18,3,3.0000000008,0.0000000008,1.0000000003,Solved
GCvV^{,19,3,3.0000000003,0.0000000003,1.0000000001,Solved
GCvVt{,18,3,3.0000000009,0.0000000009,1.0000000003,Solved
GCvVu{,18,3,3.0000000002,0.0000000002,1.0000000001,Solved
GCvVv[,18,3,3.0000000013,0.0000000013,1.0000000004,Solved
GCvVvk,18,3,3.0000000012,0.0000000012,1.0000000004,Solved
GCvVvs,18,3,3.0000000010,0.0000000010,1.0000000003,Solved
GCvVvw,18,3,3.0000000005,0.0000000005,1.0000000002,Solved
GCvVv{,19,3,3.0000000003,0.0000000003,1.0000000001,Solved
GCvV~w,19,3,3.0000000001,0.0000000001,1.0000000000,Solved
GCvV~{,20,3,3.0000000000,-0.0000000000,1.0000000000,Solved
GCv\|{,19,3,3.0000000006,0.0000000006,1.0000000002,Solved
GCv\~{,20,3,2.9999999998,-0.0000000002,0.9999999999,Solved
GCv]|{,19,3,3.0000000014,0.0000000014,1.0000000005,Solved
GCv]~w,19,3,3.0000000025,0.0000000025,1.0000000008,Solved
GCv]~{,20,3,3.0000000011,0.0000000011,1.0000000004,Solved
GCv^b[,17,3,3.0000000002,0.0000000002,1.0000000001,Solved
GCv^c{,17,3,3.0000000002,0.0000000002,1.0000000001,Solved
GCv^dw,17,3,2.9999999997,-0.0000000003,0.9999999999,Solved
GCv^d{,18,3,2.9999999995,-0.0000000005,0.9999999998,Solved
GCv^e[,17,3,2.9999999992,-0.0000000008,0.9999999997,Solved
GCv^es,17,3,3.0000000006,0.0000000006,1.0000000002,Solved
GCv^ew,17,3,3.0000000001,0.0000000001,1.0000000000,Solved
GCv^e{,18,3,3.0000000000,0.0000000000,1.0000000000,Solved
GCv^fS,17,3,3.0000000002,0.0000000002,1.0000000001,Solved
GCv^fW,17,3,2.9999999998,-0.0000000002,0.9999999999,Solved
GCv^f[,18,3,3.0000000001,0.0000000001,1.0000000000,Solved
GCv^fo,17,3,3.0000000017,0.0000000017,1.0000000006,Solved
GCv^fs,18,3,2.9999999996,-0.0000000004,0.9999999999,Solved
GCv^fw,18,3,3.0000000002,0.0000000002,1.0000000001,Solved
GCv^f{,19,3,3.0000000010,0.0000000010,1.0000000003,Solved
GCv^t{,19,3,3.0000000011,0.0000000011,1.0000000004,Solved
GCv^vk,19,3,3.0000000003,0.0000000003,1.0000000001,Solved
GCv^vs,19,3,2.9999999996,-0.0000000004,0.9999999999,Solved
GCv^vw,19,3,3.0000000000,-0.0000000000,1.0000000000,Solved
GCv^v{,20,3,2.9999999999,-0.0000000001,1.0000000000,Solved
GCv^~{,21,3,2.9999999995,-0.0000000005,0.9999999998,Solved
GCvbk{,16,3,3.0000000010,0.0000000010,1.0000000003,Solved
GCvbl[,16,3,3.0000000000,0.0000000000,1.0000000000,Solved
GCvblk,16,3,3.0000000011,0.0000000011,1.0000000004,Solved
GCvbl{,17,3,3.0000000004,0.0000000004,1.0000000001,Solved
GCvbmk,16,3,3.0000000003,0.0000000003,1.0000000001,Solved
GCvbm{,17,3,3.0000000001,0.0000000001,1.0000000000,Solved
GCvbn[,17,3,3.0000000002,0.0000000002,1.0000000001,Solved
GCvbng,16,3,3.0000000044,0.0000000044,1.0000000015,Solved
GCvbnk,17,3,3.0000000012,0.0000000012,1.0000000004,Solved
GCvbno,16,3,3.0000000003,0.0000000003,1.0000000001,Solved
GCvbnw,17,3,2.9999999999,-0.0000000001,1.0000000000,Solved
GCvbn{,18,3,3.0000000008,0.0000000008,1.0000000003,Solved
GCvbrk,16,3,3.0000000002,0.0000000002,1.0000000001,Solved
GCvbrs,16,3,3.0000000008,0.0000000008,1.0000000003,Solved
GCvbrw,16,3,3.0000000002,0.0000000002,1.0000000001,Solved
GCvbr{,17,3,3.0000000002,0.0000000002,1.0000000001,Solved
GCvbtw,16,3,3.0000000006,0.0000000006,1.0000000002,Solved
GCvbt{,17,3,3.0000000003,0.0000000003,1.0000000001,Solved
GCvbuk,16,3,3.0000000006,0.0000000006,1.0000000002,Solved
GCvbuw,16,3,3.0000000001,0.0000000001,1.0000000000,Solved
GCvbu{,17,3,3.0000000005,0.0000000005,1.0000000002,Solved
GCvbvW,16,3,3.0000000003,0.0000000003,1.0000000001,Solved
GCvbv[,17,3,3.0000000014,0.0000000014,1.0000000005,Solved
GCvbvc,16,3,3.0000000026,0.0000000026,1.0000000009,Solved
GCvbvg,16,3,3.0000000027,0.0000000027,1.0000000009,Solved
GCvbvk,17,3,3.0000000003,0.0000000003,1.0000000001,Solved
GCvbvs,17,3,3.0000000016,0.0000000016,1.0000000005,Solved
GCvbvw,17,3,3.0000000003,0.0000000003,1.0000000001,Solved
GCvbv{,18,3,3.0000000005,0.0000000005,1.0000000002,Solved
GCvbz{,18,3,3.0000000000,-0.0000000000,1.0000000000,Solved
GCvb|w,17,3,2.9999999999,-0.0000000001,1.0000000000,Solved
GCvb}w,17,3,3.0000000010,0.0000000010,1.0000000003,Solved
GCvb}{,18,3,3.0000000020,0.0000000020,1.0000000007,Solved
GCvb~k,18,3,3.0000000002,0.0000000002,1.0000000001,Solved
GCvb~s,18,3,3.0000000002,0.0000000002,1.0000000001,Solved
GCvb~w,18,3,3.0000000001,0.0000000001,1.0000000000,Solved
GCvb~{,19,3,3.0000000001,0.0000000001,1.0000000000,Solved
GCvdjs,16,3,3.0000000009,0.0000000009,1.0000000003,Solved
GCvdjw,16,3,2.9999999999,-0.0000000001,1.0000000000,Solved
GCvdj{,17,3,3.0000000000,0.0000000000,1.0000000000,Solved
GCvdlk,16,3,3.0000000001,0.0000000001,1.0000000000,Solved
GCvdl{,17,3,3.0000000000,-0.0000000000,1.0000000000,Solved
GCvdmk,16,3,3.0000000026,0.0000000026,1.0000000009,Solved
GCvdm{,17,3,2.9999999997,-0.0000000003,0.9999999999,Solved
GCvdn[,17,3,2.9999999995,-0.0000000005,0.9999999998,Solved
GCvdnk,17,3,2.9999999994,-0.0000000006,0.9999999998,Solved
GCvdns,17,3,2.9999999999,-0.0000000001,1.0000000000,Solved
GCvdnw,17,3,2.9999999999,-0.0000000001,1.0000000000,Solved
GCvdn{,18,3,3.0000000001,0.0000000001,1.0000000000,Solved
GCvdq{,16,3,3.0000000013,0.0000000013,1.0000000004,Solved
GCvdr[,16,3,2.9999999998,-0.0000000002,0.9999999999,Solved
GCvdrs,16,3,3.0000000003,0.0000000003,1.0000000001,Solved
GCvdrw,16,3,3.0000000001,0.0000000001,1.0000000000,Solved
GCvdr{,17,3,3.0000000007,0.0000000007,1.0000000002,Solved
GCvdu{,17,3,3.0000000006,0.0000000006,1.0000000002,Solved
GCvdvS,16,3,3.0000000000,-0.0000000000,1.0000000000,Solved
GCvdv[,17,3,3.0000000008,0.0000000008,1.0000000003,Solved
GCvdvs,17,3,3.0000000008,0.0000000008,1.0000000003,Solved
GCvdvw,17,3,3.0000000010,0.0000000010,1.0000000003,Solved
GCvdv{,18,3,3.0000000009,0.0000000009,1.0000000003,Solved
GCvdz{,18,3,3.0000000001,0.0000000001,1.0000000000,Solved
GCvd|{,18,3,3.0000000000,0.0000000000,1.0000000000,Solved
GCvd}{,18,3,3.0000000001,0.0000000001,1.0000000000,Solved
GCvd~[,18,3,2.9999999998,-0.0000000002,0.9999999999,Solved
GCvd~k,18,3,3.0000000000,-0.0000000000,1.0000000000,Solved
GCvd~s,18,3,3.0000000005,0.0000000005,1.0000000002,Solved
GCvd~w,18,3,3.0000000001,0.0000000001,1.0000000000,Solved
GCvd~{,19,3,2.9999999998,-0.0000000002,0.9999999999,Solved
GCveh{,16,3,3.0000000009,0.0000000009,1.0000000003,Solved
GCvejw,16,3,3.0000000001,0.0000000001,1.0000000000,Solved
GCvej{,17,3,3.0000000005,0.0000000005,1.0000000002,Solved
GCvel{,17,3,3.0000000002,0.0000000002,1.0000000001,Solved
GCvemk,16,3,3.0000000003,0.0000000003,1.0000000001,Solved
GCvemw,16,3,3.0000000034,0.0000000034,1.0000000011,Solved
GCvem{,17,3,3.0000000005,0.0000000005,1.0000000002,Solved
GCven[,17,3,3.0000000002,0.0000000002,1.0000000001,Solved
GCvenk,17,3,3.0000000004,0.0000000004,1.0000000001,Solved
GCveno,16,3,3.0000000014,0.0000000014,1.0000000005,Solved
GCvens,17,3,3.0000000006,0.0000000006,1.0000000002,Solved
GCvenw,17,3,2.9999999999,-0.0000000001,1.0000000000,Solved
GCven{,18,3,3.0000000011,0.0000000011,1.0000000004,Solved
GCvep{,16,3,2.9999999999,-0.0000000001,1.0000000000,Solved
GCveq{,16,3,3.0000000004,0.0000000004,1.0000000001,Solved
GCver[,16,3,3.0000000000,0.0000000000,1.0000000000,Solved
GCvers,16,3,3.0000000005,0.0000000005,1.0000000002,Solved
GCverw,16,3,3.0000000006,0.0000000006,1.0000000002,Solved
GCver{,17,3,3.0000000000,-0.0000000000,1.0000000000,Solved
GCvets,16,3,3.0000000009,0.0000000009,1.0000000003,Solved
GCvet{,17,3,3.0000000000,-0.0000000000,1.0000000000,Solved
GCveus,16,3,3.0000000002,0.0000000002,1.0000000001,Solved
GCveu{,17,3,3.0000000006,0.0000000006,1.0000000002,Solved
GCvevS,16,3,2.9999999999,-0.0000000001,1.0000000000,Solved
GCvev[,17,3,3.0000000000,0.0000000000,1.0000000000,Solved
GCvevs,17,3,3.0000000003,0.0000000003,1.0000000001,Solved
GCvevw,17,3,3.0000000000,0.0000000000,1.0000000000,Solved
GCvev{,18,3,2.9999999999,-0.0000000001,1.0000000000,Solved
GCve}{,18,3,3.0000000000,0.0000000000,1.0000000000,Solved
GCve~k,18,3,2.9999999999,-0.0000000001,1.0000000000,Solved
GCve~w,18,3,3.0000000000,-0.0000000000,1.0000000000,Solved
GCve~{,19,3,2.9999999999,-0.0000000001,1.0000000000,Solved
GCvfH{,16,3,3.0000000006,0.0000000006,1.0000000002,Solved
GCvfJk,16,3,2.9999999996,-0.0000000004,0.9999999999,Solved
GCvfJw,16,3,3.0000000017,0.0000000017,1.0000000006,Solved
GCvfJ{,17,3,3.0000000000,-0.0000000000,1.0000000000,Solved
GCvfLk,16,3,2.9999999993,-0.0000000007,0.9999999998,Solved
GCvfL{,17,3,2.9999999998,-0.0000000002,0.9999999999,Solved
GCvfMk,16,3,3.0000000006,0.0000000006,1.0000000002,Solved
GCvfM{,17,3,2.9999999998,-0.0000000002,0.9999999999,Solved
GCvfNK,16,3,3.0000000000,-0.0000000000,1.0000000000,Solved
GCvfN[,17,3,3.0000000003,0.0000000003,1.0000000001,Solved
GCvfNk,17,3,2.9999999987,-0.0000000013,0.9999999996,Solved
GCvfNo,16,3,2.9999999999,-0.0000000001,1.0000000000,Solved
GCvfNw,17,3,2.9999999997,-0.0000000003,0.9999999999,Solved
GCvfN{,18,3,2.9999999998,-0.0000000002,0.9999999999,Solved
GCvfP{,16,3,3.0000000008,0.0000000008,1.0000000003,Solved
GCvfQ{,16,3,3.0000000002,0.0000000002,1.0000000001,Solved
GCvfR[,16,3,3.0000000002,0.0000000002,1.0000000001,Solved
GCvfRk,16,3,3.0000000022,0.0000000022,1.0000000007,Solved
GCvfRs,16,3,2.9999999998,-0.0000000002,0.9999999999,Solved
GCvfRw,16,3,3.0000000008,0.0000000008,1.0000000003,Solved
GCvfR{,17,3,3.0000000010,0.0000000010,1.0000000003,Solved
GCvfT{,17,3,3.0000000008,0.0000000008,1.0000000003,Solved
GCvfU{,17,3,3.0000000012,0.0000000012,1.0000000004,Solved
GCvfVS,16,3,3.0000000006,0.0000000006,1.0000000002,Solved
GCvfVW,16,3,3.0000000009,0.0000000009,1.0000000003,Solved
GCvfV[,17,3,3.0000000004,0.0000000004,1.0000000001,Solved
GCvfVg,16,3,3.0000000002,0.0000000002,1.0000000001,Solved
GCvfVk,17,3,3.0000000002,0.0000000002,1.0000000001,Solved
GCvfVs,17,3,3.0000000012,0.0000000012,1.0000000004,Solved
GCvfVw,17,3,3.0000000004,0.0000000004,1.0000000001,Solved
GCvfV{,18,3,3.0000000004,0.0000000004,1.0000000001,Solved
GCvfZ{,18,3,3.0000000002,0.0000000002,1.0000000001,Solved
GCvf]{,18,3,3.0000000001,0.0000000001,1.0000000000,Solved
GCvf^[,18,3,3.0000000002,0.0000000002,1.0000000001,Solved
GCvf^k,18,3,2.9999999999,-0.0000000001,1.0000000000,Solved
GCvf^s,18,3,3.0000000005,0.0000000005,1.0000000002,Solved
GCvf^w,18,3,3.0000000006,0.0000000006,1.0000000002,Solved
GCvf^{,19,3,3.0000000000,0.0000000000,1.0000000000,Solved
GCvfnk,18,3,2.9999999996,-0.0000000004,0.9999999999,Solved
GCvfnw,18,3,3.0000000001,0.0000000001,1.0000000000,Solved
GCvfn{,19,3,3.0000000000,0.0000000000,1.0000000000,Solved
GCvfu{,18,3,3.0000000000,-0.0000000000,1.0000000000,Solved
GCvfvk,18,3,3.0000000003,0.0000000003,1.0000000001,Solved
GCvfvs,18,3,3.0000000000,-0.0000000000,1.0000000000,Solved
GCvfvw,18,3,3.0000000006,0.0000000006,1.0000000002,Solved
GCvfv{,19,3,3.0000000004,0.0000000004,1.0000000001,Solved
GCvf~w,19,3,3.0000000000,0.0000000000,1.0000000000,Solved
GCvf~{,20,3,3.0000000002,0.0000000002,1.0000000001,Solved
GCvt|{,19,3,3.0000000010,0.0000000010,1.0000000003,Solved
GCvt~w,19,3,3.0000000001,0.0000000001,1.0000000000,Solved
GCvt~{,20,3,2.9999999996,-0.0000000004,0.9999999999,Solved
GCvvb[,17,3,3.0000000012,0.0000000012,1.0000000004,Solved
GCvvc{,17,3,3.0000000035,0.0000000035,1.0000000012,Solved
GCvvd{,18,3,3.0000000006,0.0000000006,1.0000000002,Solved
GCvve[,17,3,3.0000000004,0.0000000004,1.0000000001,Solved
GCvve{,18,3,3.0000000004,0.0000000004,1.0000000001,Solved
GCvvfK,17,3,3.0000000015,0.0000000015,1.0000000005,Solved
GCvvf[,18,3,3.0000000004,0.0000000004,1.0000000001,Solved
GCvvfg,17,3,3.0000000009,0.0000000009,1.0000000003,Solved
GCvvfk,18,3,3.0000000010,0.0000000010,1.0000000003,Solved
GCvvfw,18,3,3.0000000003,0.0000000003,1.0000000001,Solved
GCvvf{,19,3,3.0000000000,0.0000000000,1.0000000000,Solved
GCvvl{,19,3,2.9999999999,-0.0000000001,1.0000000000,Solved
GCvvnk,19,3,2.9999999999,-0.0000000001,1.0000000000,Solved
GCvvn{,20,3,2.9999999993,-0.0000000007,0.9999999998,Solved
GCvvt{,19,3,3.0000000002,0.0000000002,1.0000000001,Solved
GCvvvk,19,3,3.0000000003,0.0000000003,1.0000000001,Solved
GCvvvs,19,3,2.9999999994,-0.0000000006,0.9999999998,Solved
GCvvvw,19,3,3.0000000000,0.0000000000,1.0000000000,Solved
GCvvv{,20,3,3.0000000001,0.0000000001,1.0000000000,Solved
GCvv~{,21,3,3.0000000000,0.0000000000,1.0000000000,Solved
GCv~t{,20,3,2.9999999991,-0.0000000009,0.9999999997,Solved
GCv~u{,20,3,2.9999999998,-0.0000000002,0.9999999999,Solved
GCv~vk,20,3,3.0000000001,0.0000000001,1.0000000000,Solved
GCv~vw,20,3,3.0000000000,-0.0000000000,1.0000000000,Solved
GCv~v{,21,3,3.0000000000,0.0000000000,1.0000000000,Solved
GCv~~{,22,3,3.0000000000,0.0000000000,1.0000000000,Solved
GCxu|w,17,3,2.9999999998,-0.0000000002,0.9999999999,Solved
GCxu|{,18,3,3.0000000004,0.0000000004,1.0000000001,Solved
GCxu}w,17,3,3.0000000025,0.0000000025,1.0000000008,Solved
GCxu}{,18,3,2.9999999999,-0.0000000001,1.0000000000,Solved
GCxu~[,18,3,3.0000000006,0.0000000006,1.0000000002,Solved
GCxu~w,18,3,3.0000000023,0.0000000023,1.0000000008,Solved
GCxu~{,19,3,3.0000000001,0.0000000001,1.0000000000,Solved
GCxvBS,14,3,3.2360679776,0.2360679776,1.0786893259,Solved
GCxvBW,14,3,3.1965575939,0.1965575939,1.0655191980,Solved
GCxvBg,14,3,3.1965575938,0.1965575938,1.0655191979,Solved
GCxvBo,14,3,3.2360679786,0.2360679786,1.0786893262,Solved
GCxvBs,15,3,3.1965575948,0.1965575948,1.0655191983,Solved
GCxvBw,15,3,3.1965575954,0.1965575954,1.0655191985,Solved
GCxvEW,14,3,3.1965575961,0.1965575961,1.0655191987,Solved
GCxvEg,14,3,3.1965575942,0.1965575942,1.0655191981,Solved
GCxvEw,15,3,3.1965575944,0.1965575944,1.0655191981,Solved
GCxvFG,14,4,3.9999999997,-0.0000000003,0.9999999999,Solved
GCxvFO,14,3,3.1965575985,0.1965575985,1.0655191995,Solved
GCxvFS,15,3,3.1965575938,0.1965575938,1.0655191979,Solved
GCxvFW,15,3,3.1965575946,0.1965575946,1.0655191982,Solved
GCxvF[,16,3,3.1965575950,0.1965575950,1.0655191983,Solved
GCxvF_,14,4,3.9999999996,-0.0000000004,0.9999999999,Solved
GCxvFg,15,3,3.1965575939,0.1965575939,1.0655191980,Solved
GCxvFo,15,3,3.1965575961,0.1965575961,1.0655191987,Solved
GCxvFs,16,3,3.1965575938,0.1965575938,1.0655191979,Solved
GCxvFw,16,3,3.1965575949,0.1965575949,1.0655191983,Solved
GCxvF{,17,3,3.1965575926,0.1965575926,1.0655191975,Solved
GCxvRw,16,3,3.0000000016,0.0000000016,1.0000000005,Solved
GCxvR{,17,3,3.0000000006,0.0000000006,1.0000000002,Solved
GCxvU{,17,3,3.0000000032,0.0000000032,1.0000000011,Solved
GCxvVG,15,3,3.0000000030,0.0000000030,1.0000000010,Solved
GCxvVS,16,3,3.0000000022,0.0000000022,1.0000000007,Solved
GCxvV[,17,3,3.0000000004,0.0000000004,1.0000000001,Solved
GCxvVg,16,3,3.0000000011,0.0000000011,1.0000000004,Solved
GCxvVs,17,3,3.0000000013,0.0000000013,1.0000000004,Solved
GCxvVw,17,3,3.0000000019,0.0000000019,1.0000000006,Solved
GCxvV{,18,3,3.0000000043,0.0000000043,1.0000000014,Solved
GCxvZw,17,3,3.0000000004,0.0000000004,1.0000000001,Solved
GCxvZ{,18,3,3.0000000022,0.0000000022,1.0000000007,Solved
GCxv]w,17,3,3.0000000011,0.0000000011,1.0000000004,Solved
GCxv^[,18,3,3.0000000012,0.0000000012,1.0000000004,Solved
GCxv^w,18,3,3.0000000006,0.0000000006,1.0000000002,Solved
GCxv^{,19,3,3.0000000009,0.0000000009,1.0000000003,Solved
GCxvbW,15,3,3.0000000008,0.0000000008,1.0000000003,Solved
GCxvb[,16,3,3.0000000009,0.0000000009,1.0000000003,Solved
GCxvbo,15,3,3.0000000045,0.0000000045,1.0000000015,Solved
GCxvbs,16,3,3.0000000021,0.0000000021,1.0000000007,Solved
GCxvcw,15,3,3.0980762114,0.0980762114,1.0326920705,Solved
GCxvc{,16,3,3.0000000019,0.0000000019,1.0000000006,Solved
GCxveW,15,3,3.0000000032,0.0000000032,1.0000000011,Solved
GCxve[,16,3,3.0000000018,0.0000000018,1.0000000006,Solved
GCxveo,15,3,3.0000000001,0.0000000001,1.0000000000,Solved
GCxves,16,3,3.0000000037,0.0000000037,1.0000000012,Solved
GCxvew,16,3,3.0000000007,0.0000000007,1.0000000002,Solved
GCxve{,17,3,3.0000000009,0.0000000009,1.0000000003,Solved
GCxvfO,15,3,3.0000000008,0.0000000008,1.0000000003,Solved
GCxvfS,16,3,3.0000000014,0.0000000014,1.0000000005,Solved
GCxvfW,16,3,3.0000000039,0.0000000039,1.0000000013,Solved
GCxvf[,17,3,3.0000000041,0.0000000041,1.0000000014,Solved
GCxvf_,15,4,3.9999999983,-0.0000000017,0.9999999996,Solved
GCxvfc,16,3,3.0000000036,0.0000000036,1.0000000012,Solved
GCxvfo,16,3,3.0000000015,0.0000000015,1.0000000005,Solved
GCxvfs,17,3,3.0000000035,0.0000000035,1.0000000012,Solved
GCxvfw,17,3,3.0000000049,0.0000000049,1.0000000016,Solved
GCxvf{,18,3,3.0000000005,0.0000000005,1.0000000002,Solved
GCxvr{,18,3,3.0000000009,0.0000000009,1.0000000003,Solved
GCxvu{,18,3,2.9999999999,-0.0000000001,1.0000000000,Solved
GCxvv[,18,3,3.0000000006,0.0000000006,1.0000000002,Solved
GCxvvg,17,3,3.0000000009,0.0000000009,1.0000000003,Solved
GCxvvk,18,3,3.0000000035,0.0000000035,1.0000000012,Solved
GCxvvs,18,3,3.0000000009,0.0000000009,1.0000000003,Solved
GCxvvw,18,3,3.0000000012,0.0000000012,1.0000000004,Solved
GCxvv{,19,3,3.0000000010,0.0000000010,1.0000000003,Solved
GCxv~w,19,3,3.0000000002,0.0000000002,1.0000000001,Solved
GCxv~{,20,3,3.0000000008,0.0000000008,1.0000000003,Solved
GCx}|{,19,3,3.0000000001,0.0000000001,1.0000000000,Solved
GCx}}{,19,3,3.0000000001,0.0000000001,1.0000000000,Solved
GCx}~w,19,3,3.0000000001,0.0000000001,1.0000000000,Solved
GCx}~{,20,3,3.0000000001,0.0000000001,1.0000000000,Solved
GCx~b[,17,3,3.0000000000,0.0000000000,1.0000000000,Solved
GCx~bs,17,3,3.0000000007,0.0000000007,1.0000000002,Solved
GCx~c{,17,3,3.0000000022,0.0000000022,1.0000000007,Solved
GCx~e[,17,3,3.0000000014,0.0000000014,1.0000000005,Solved
GCx~es,17,3,3.0000000003,0.0000000003,1.0000000001,Solved
GCx~ew,17,3,3.0000000007,0.0000000007,1.0000000002,Solved
GCx~e{,18,3,3.0000000001,0.0000000001,1.0000000000,Solved
GCx~fS,17,3,3.0000000009,0.0000000009,1.0000000003,Solved
GCx~f[,18,3,3.0000000000,-0.0000000000,1.0000000000,Solved
GCx~fc,17,3,2.9999999999,-0.0000000001,1.0000000000,Solved
GCx~fo,17,3,3.0000000006,0.0000000006,1.0000000002,Solved
GCx~fs,18,3,3.0000000003,0.0000000003,1.0000000001,Solved
GCx~fw,18,3,3.0000000003,0.0000000003,1.0000000001,Solved
GCx~f{,19,3,3.0000000004,0.0000000004,1.0000000001,Solved
GCx~~{,21,3,3.0000000000,-0.0000000000,1.0000000000,Solved
GCz\~k,19,3,3.0000000001,0.0000000001,1.0000000000,Solved
GCz\~{,20,3,3.0000000000,-0.0000000000,1.0000000000,Solved
GCz]|{,19,3,3.0000000000,0.0000000000,1.0000000000,Solved
GCz]}{,19,3,3.0000000000,0.0000000000,1.0000000000,Solved
GCz]~k,19,3,3.0000000000,-0.0000000000,1.0000000000,Solved
GCz]~w,19,3,3.0000000000,0.0000000000,1.0000000000,Solved
GCz]~{,20,3,2.9999999999,-0.0000000001,1.0000000000,Solved
GCz^`{,17,3,3.0000000002,0.0000000002,1.0000000001,Solved
GCz^a{,17,3,3.0000000002,0.0000000002,1.0000000001,Solved
GCz^b[,17,3,3.0000000002,0.0000000002,1.0000000001,Solved
GCz^bk,17,3,3.0000000008,0.0000000008,1.0000000003,Solved
GCz^bs,17,3,3.0000000000,0.0000000000,1.0000000000,Solved
GCz^b{,18,3,3.0000000000,-0.0000000000,1.0000000000,Solved
GCz^c{,17,3,3.0000000022,0.0000000022,1.0000000007,Solved
GCz^d[,17,3,3.0000000010,0.0000000010,1.0000000003,Solved
GCz^dk,17,3,3.0000000000,-0.0000000000,1.0000000000,Solved
GCz^ds,17,3,2.9999999999,-0.0000000001,1.0000000000,Solved
GCz^d{,18,3,3.0000000000,0.0000000000,1.0000000000,Solved
GCz^ek,17,3,3.0000000001,0.0000000001,1.0000000000,Solved
GCz^es,17,3,3.0000000003,0.0000000003,1.0000000001,Solved
GCz^e{,18,3,3.0000000001,0.0000000001,1.0000000000,Solved
GCz^fK,17,3,3.0000000024,0.0000000024,1.0000000008,Solved
GCz^fS,17,3,3.0000000000,0.0000000000,1.0000000000,Solved
GCz^fW,17,3,3.0000000003,0.0000000003,1.0000000001,Solved
GCz^f[,18,3,3.0000000006,0.0000000006,1.0000000002,Solved
GCz^fg,17,3,3.0000000012,0.0000000012,1.0000000004,Solved
GCz^fk,18,3,3.0000000001,0.0000000001,1.0000000000,Solved
GCz^fo,17,3,3.0000000010,0.0000000010,1.0000000003,Solved
GCz^fs,18,3,3.0000000000,-0.0000000000,1.0000000000,Solved
GCz^fw,18,3,3.0000000001,0.0000000001,1.0000000000,Solved
GCz^f{,19,3,2.9999999996,-0.0000000004,0.9999999999,Solved
GCz^j{,19,3,3.0000000002,0.0000000002,1.0000000001,Solved
GCz^nk,19,3,3.0000000003,0.0000000003,1.0000000001,Solved
GCz^nw,19,3,3.0000000007,0.0000000007,1.0000000002,Solved
GCz^n{,20,3,3.0000000001,0.0000000001,1.0000000000,Solved
GCz^t{,19,3,3.0000000001,0.0000000001,1.0000000000,Solved
GCz^vk,19,3,3.0000000002,0.0000000002,1.0000000001,Solved
GCz^vs,19,3,2.9999999996,-0.0000000004,0.9999999999,Solved
GCz^vw,19,3,3.0000000001,0.0000000001,1.0000000000,Solved
GCz^v{,20,3,3.0000000001,0.0000000001,1.0000000000,Solved
GCz^~{,21,3,2.9999999998,-0.0000000002,0.9999999999,Solved
GCzbrk,16,3,3.0000000001,0.0000000001,1.0000000000,Solved
GCzbrs,16,3,3.0000000008,0.0000000008,1.0000000003,Solved
GCzbrw,16,3,3.0000000046,0.0000000046,1.0000000015,Solved
GCzbr{,17,3,3.0000000021,0.0000000021,1.0000000007,Solved
GCzbu{,17,3,3.0000000053,0.0000000053,1.0000000018,Solved
GCzbvW,16,3,3.0000000024,0.0000000024,1.0000000008,Solved
GCzbv[,17,3,3.0000000009,0.0000000009,1.0000000003,Solved
GCzbvg,16,3,3.0000000016,0.0000000016,1.0000000005,Solved
GCzbvk,17,3,3.0000000048,0.0000000048,1.0000000016,Solved
GCzbvs,17,3,3.0000000032,0.0000000032,1.0000000011,Solved
GCzbvw,17,3,3.0000000043,0.0000000043,1.0000000014,Solved
GCzbv{,18,3,3.0000000016,0.0000000016,1.0000000005,Solved
GCzbzw,17,3,3.0000000002,0.0000000002,1.0000000001,Solved
GCzbz{,18,3,3.0000000003,0.0000000003,1.0000000001,Solved
GCzb}w,17,3,3.0000000010,0.0000000010,1.0000000003,Solved
GCzb~w,18,3,3.0000000006,0.0000000006,1.0000000002,Solved
GCzb~{,19,3,3.0000000005,0.0000000005,1.0000000002,Solved
GCzez{,18,3,3.0000000002,0.0000000002,1.0000000001,Solved
GCze|{,18,3,3.0000000004,0.0000000004,1.0000000001,Solved
GCze}{,18,3,3.0000000007,0.0000000007,1.0000000002,Solved
GCze~[,18,3,3.0000000007,0.0000000007,1.0000000002,Solved
GCze~s,18,3,3.0000000020,0.0000000020,1.0000000007,Solved
GCze~w,18,3,3.0000000011,0.0000000011,1.0000000004,Solved
GCze~{,19,3,3.0000000017,0.0000000017,1.0000000006,Solved
GCzfQ{,16,3,3.0000000013,0.0000000013,1.0000000004,Solved
GCzfR[,16,3,3.0000000018,0.0000000018,1.0000000006,Solved
GCzfRs,16,3,3.0000000037,0.0000000037,1.0000000012,Solved
GCzfRw,16,3,3.0000000035,0.0000000035,1.0000000012,Solved
GCzfR{,17,3,3.0000000008,0.0000000008,1.0000000003,Solved
GCzfU{,17,3,3.0000000004,0.0000000004,1.0000000001,Solved
GCzfVS,16,3,3.0000000004,0.0000000004,1.0000000001,Solved
GCzfVW,16,3,3.0000000009,0.0000000009,1.0000000003,Solved
GCzfV[,17,3,3.0000000006,0.0000000006,1.0000000002,Solved
GCzfVg,16,3,3.0000000018,0.0000000018,1.0000000006,Solved
GCzfVs,17,3,3.0000000011,0.0000000011,1.0000000004,Solved
GCzfVw,17,3,3.0000000021,0.0000000021,1.0000000007,Solved
GCzfV{,18,3,3.0000000020,0.0000000020,1.0000000007,Solved
GCzfZw,17,3,3.0000000019,0.0000000019,1.0000000006,Solved
GCzfZ{,18,3,3.0000000000,0.0000000000,1.0000000000,Solved
GCzf^[,18,3,3.0000000000,-0.0000000000,1.0000000000,Solved
GCzf^w,18,3,3.0000000000,0.0000000000,1.0000000000,Solved
GCzf^{,19,3,3.0000000000,0.0000000000,1.0000000000,Solved
GCzfbw,16,3,3.0000000020,0.0000000020,1.0000000007,Solved
GCzfes,16,3,3.0000000012,0.0000000012,1.0000000004,Solved
GCzfew,16,3,3.0000000035,0.0000000035,1.0000000012,Solved
GCzffS,16,3,3.0000000006,0.0000000006,1.0000000002,Solved
GCzffW,16,3,3.0000000002,0.0000000002,1.0000000001,Solved
GCzff[,17,3,3.0000000004,0.0000000004,1.0000000001,Solved
GCzffc,16,3,3.0000000018,0.0000000018,1.0000000006,Solved
GCzffs,17,3,3.0000000007,0.0000000007,1.0000000002,Solved
GCzffw,17,3,3.0000000003,0.0000000003,1.0000000001,Solved
GCzff{,18,3,3.0000000000,0.0000000000,1.0000000000,Solved
GCzfr{,18,3,3.0000000007,0.0000000007,1.0000000002,Solved
GCzfv[,18,3,3.0000000001,0.0000000001,1.0000000000,Solved
GCzfvk,18,3,3.0000000002,0.0000000002,1.0000000001,Solved
GCzfvs,18,3,3.0000000003,0.0000000003,1.0000000001,Solved
GCzfvw,18,3,3.0000000001,0.0000000001,1.0000000000,Solved
GCzfv{,19,3,3.0000000006,0.0000000006,1.0000000002,Solved
GCzf~w,19,3,3.0000000002,0.0000000002,1.0000000001,Solved
GCzf~{,20,3,3.0000000003,0.0000000003,1.0000000001,Solved
GCzjz{,19,3,3.0000000035,0.0000000035,1.0000000012,Solved
GCzj}{,19,3,2.9999999999,-0.0000000001,1.0000000000,Solved
GCzj~{,20,3,3.0000000005,0.0000000005,1.0000000002,Solved
GCzm|{,19,3,3.0000000000,0.0000000000,1.0000000000,Solved
GCzm}{,19,3,3.0000000004,0.0000000004,1.0000000001,Solved
GCzm~s,19,3,3.0000000005,0.0000000005,1.0000000002,Solved
GCzm~w,19,3,2.9999999998,-0.0000000002,0.9999999999,Solved
GCzm~{,20,3,3.0000000001,0.0000000001,1.0000000000,Solved
GCznZ{,19,3,3.0000000001,0.0000000001,1.0000000000,Solved
GCzn]{,19,3,2.9999999997,-0.0000000003,0.9999999999,Solved
GCzn^[,19,3,2.9999999998,-0.0000000002,0.9999999999,Solved
GCzn^w,19,3,2.9999999999,-0.0000000001,1.0000000000,Solved
GCzn^{,20,3,2.9999999995,-0.0000000005,0.9999999998,Solved
GCzna{,17,3,3.0000000000,-0.0000000000,1.0000000000,Solved
GCznb[,17,3,2.9999999998,-0.0000000002,0.9999999999,Solved
GCznbs,17,3,3.0000000008,0.0000000008,1.0000000003,Solved
GCznbw,17,3,3.0000000010,0.0000000010,1.0000000003,Solved
GCznb{,18,3,3.0000000001,0.0000000001,1.0000000000,Solved
GCznc{,17,3,3.0000000029,0.0000000029,1.0000000010,Solved
GCzne[,17,3,2.9999999999,-0.0000000001,1.0000000000,Solved
GCznes,17,3,3.0000000002,0.0000000002,1.0000000001,Solved
GCzne{,18,3,3.0000000000,0.0000000000,1.0000000000,Solved
GCznfS,17,3,2.9999999998,-0.0000000002,0.9999999999,Solved
GCznfW,17,3,2.9999999992,-0.0000000008,0.9999999997,Solved
GCznf[,18,3,3.0000000019,0.0000000019,1.0000000006,Solved
GCznfc,17,3,2.9999999999,-0.0000000001,1.0000000000,Solved
GCznfs,18,3,3.0000000007,0.0000000007,1.0000000002,Solved
GCznfw,18,3,2.9999999999,-0.0000000001,1.0000000000,Solved
GCznf{,19,3,3.0000000002,0.0000000002,1.0000000001,Solved
GCznr{,19,3,3.0000000000,0.0000000000,1.0000000000,Solved
GCznvk,19,3,3.0000000028,0.0000000028,1.0000000009,Solved
GCznvs,19,3,3.0000000016,0.0000000016,1.0000000005,Solved
GCznvw,19,3,3.0000000021,0.0000000021,1.0000000007,Solved
GCznv{,20,3,3.0000000001,0.0000000001,1.0000000000,Solved
GCzn~{,21,3,3.0000000013,0.0000000013,1.0000000004,Solved
GCzrz{,19,3,2.9999999998,-0.0000000002,0.9999999999,Solved
GCzr~s,19,3,3.0000000004,0.0000000004,1.0000000001,Solved
GCzr~w,19,3,3.0000000008,0.0000000008,1.0000000003,Solved
GCzr~{,20,3,3.0000000006,0.0000000006,1.0000000002,Solved
GCzva{,17,3,3.0000000010,0.0000000010,1.0000000003,Solved
GCzvb[,17,3,3.0000000000,-0.0000000000,1.0000000000,Solved
GCzvbk,17,3,3.0000000007,0.0000000007,1.0000000002,Solved
GCzvbo,16,3,3.0000000002,0.0000000002,1.0000000001,Solved
GCzvb{,18,3,3.0000000005,0.0000000005,1.0000000002,Solved
GCzvc{,17,3,3.0000000029,0.0000000029,1.0000000010,Solved
GCzve[,17,3,3.0000000011,0.0000000011,1.0000000004,Solved
GCzvek,17,3,3.0000000031,0.0000000031,1.0000000010,Solved
GCzve{,18,3,3.0000000031,0.0000000031,1.0000000010,Solved
GCzvfK,17,3,3.0000000011,0.0000000011,1.0000000004,Solved
GCzvfW,17,3,3.0000000003,0.0000000003,1.0000000001,Solved
GCzvf[,18,3,3.0000000003,0.0000000003,1.0000000001,Solved
GCzvfg,17,3,3.0000000020,0.0000000020,1.0000000007,Solved
GCzvfk,18,3,3.0000000003,0.0000000003,1.0000000001,Solved
GCzvfo,17,3,3.0000000006,0.0000000006,1.0000000002,Solved
GCzvfw,18,3,3.0000000003,0.0000000003,1.0000000001,Solved
GCzvf{,19,3,3.0000000012,0.0000000012,1.0000000004,Solved
GCzvj{,19,3,3.0000000003,0.0000000003,1.0000000001,Solved
GCzvnk,19,3,3.0000000004,0.0000000004,1.0000000001,Solved
GCzvnw,19,3,3.0000000002,0.0000000002,1.0000000001,Solved
GCzvn{,20,3,2.9999999999,-0.0000000001,1.0000000000,Solved
GCzvrw,18,3,2.9999999999,-0.0000000001,1.0000000000,Solved
GCzvvs,19,3,2.9999999999,-0.0000000001,1.0000000000,Solved
GCzvvw,19,3,3.0000000004,0.0000000004,1.0000000001,Solved
GCzvv{,20,3,3.0000000003,0.0000000003,1.0000000001,Solved
GCzv~{,21,3,3.0000000002,0.0000000002,1.0000000001,Solved
GCz~r{,20,3,3.0000000004,0.0000000004,1.0000000001,Solved
GCz~u{,20,3,2.9999999999,-0.0000000001,1.0000000000,Solved
GCz~v[,20,3,3.0000000010,0.0000000010,1.0000000003,Solved
GCz~vk,20,3,3.0000000002,0.0000000002,1.0000000001,Solved
GCz~vw,20,3,2.9999999998,-0.0000000002,0.9999999999,Solved
GCz~v{,21,3,2.9999999997,-0.0000000003,0.9999999999,Solved
GCz~~{,22,3,2.9999999994,-0.0000000006,0.9999999998,Solved
GC~vb[,18,3,3.0000000003,0.0000000003,1.0000000001,Solved
GC~vc{,18,3,3.0000000000,-0.0000000000,1.0000000000,Solved
GC~ve[,18,3,3.0000000007,0.0000000007,1.0000000002,Solved
GC~vew,18,3,3.0000000006,0.0000000006,1.0000000002,Solved
GC~ve{,19,3,3.0000000001,0.0000000001,1.0000000000,Solved
GC~vfW,18,3,3.0000000016,0.0000000016,1.0000000005,Solved
GC~vf[,19,3,3.0000000006,0.0000000006,1.0000000002,Solved
GC~vfo,18,3,3.0000000000,-0.0000000000,1.0000000000,Solved
GC~vfw,19,3,3.0000000000,0.0000000000,1.0000000000,Solved
GC~vf{,20,3,3.0000000001,0.0000000001,1.0000000000,Solved
GC~vvs,20,3,2.9999999999,-0.0000000001,1.0000000000,Solved
GC~vvw,20,3,2.9999999999,-0.0000000001,1.0000000000,Solved
GC~vv{,21,3,2.9999999999,-0.0000000001,1.0000000000,Solved
GC~v~w,21,3,2.9999999999,-0.0000000001,1.0000000000,Solved
GC~v~{,22,3,2.9999999999,-0.0000000001,1.0000000000,Solved
GC~~~{,23,3,3.0000000000,-0.0000000000,1.0000000000,Solved
GEhbro,14,4,4.0000000000,-0.0000000000,1.0000000000,Solved
GEhbrs,15,3,3.0000000019,0.0000000019,1.0000000006,Solved
GEhbtg,14,3,3.0000000006,0.0000000006,1.0000000002,Solved
GEhbtk,15,3,3.0000000008,0.0000000008,1.0000000003,Solved
GEhbuk,15,3,3.0000000001,0.0000000001,1.0000000000,Solved
GEhbus,15,3,3.0000000007,0.0000000007,1.0000000002,Solved
GEhbvc,15,3,3.0000000027,0.0000000027,1.0000000009,Solved
GEhbvg,15,3,3.0000000022,0.0000000022,1.0000000007,Solved
GEhbvk,16,3,3.0000000010,0.0000000010,1.0000000003,Solved
GEhbvo,15,3,3.0000000007,0.0000000007,1.0000000002,Solved
GEhbvs,16,3,3.0000000001,0.0000000001,1.0000000000,Solved
GEhbvw,16,3,3.0000000008,0.0000000008,1.0000000003,Solved
GEhbv{,17,3,3.0000000005,0.0000000005,1.0000000002,Solved
GEherW,14,3,3.0000000002,0.0000000002,1.0000000001,Solved
GEher[,15,3,3.0000000003,0.0000000003,1.0000000001,Solved
GEherk,15,3,3.0000000000,-0.0000000000,1.0000000000,Solved
GEhets,15,3,3.0000000000,-0.0000000000,1.0000000000,Solved
GEheuo,14,3,3.0000000017,0.0000000017,1.0000000006,Solved
GEheus,15,3,2.9999999997,-0.0000000003,0.9999999999,Solved
GEhevK,15,3,3.0000000004,0.0000000004,1.0000000001,Solved
GEhevS,15,3,3.0000000010,0.0000000010,1.0000000003,Solved
GEhevW,15,3,2.9999999987,-0.0000000013,0.9999999996,Solved
GEhev[,16,3,3.0000000000,-0.0000000000,1.0000000000,Solved
GEhevg,15,3,3.0000000000,0.0000000000,1.0000000000,Solved
GEhevk,16,3,3.0000000000,0.0000000000,1.0000000000,Solved
GEhevo,15,3,3.0000000007,0.0000000007,1.0000000002,Solved
GEhevs,16,3,2.9999999994,-0.0000000006,0.9999999998,Solved
GEhevw,16,3,3.0000000013,0.0000000013,1.0000000004,Solved
GEhev{,17,3,3.0000000007,0.0000000007,1.0000000002,Solved
GEhf`w,14,3,3.0000000005,0.0000000005,1.0000000002,Solved
GEhf`{,15,3,3.0000000006,0.0000000006,1.0000000002,Solved
GEhfc{,15,3,3.0000000013,0.0000000013,1.0000000004,Solved
GEhfdW,14,3,3.0000000015,0.0000000015,1.0000000005,Solved
GEhfdw,15,3,3.0000000012,0.0000000012,1.0000000004,Solved
GEhfd{,16,3,3.0000000004,0.0000000004,1.0000000001,Solved
GEhfeW,14,3,3.0000000017,0.0000000017,1.0000000006,Solved
GEhfe[,15,3,3.0000000006,0.0000000006,1.0000000002,Solved
GEhfes,15,3,3.0000000008,0.0000000008,1.0000000003,Solved
GEhfew,15,3,3.0000000031,0.0000000031,1.0000000010,Solved
GEhfe{,16,3,3.0000000005,0.0000000005,1.0000000002,Solved
GEhffO,14,3,3.0000000045,0.0000000045,1.0000000015,Solved
GEhffS,15,3,3.0000000028,0.0000000028,1.0000000009,Solved
GEhffW,15,3,3.0000000008,0.0000000008,1.0000000003,Solved
GEhff[,16,3,3.0000000029,0.0000000029,1.0000000010,Solved
GEhffc,15,3,3.0000000013,0.0000000013,1.0000000004,Solved
GEhffo,15,3,3.0000000008,0.0000000008,1.0000000003,Solved
GEhffs,16,3,3.0000000005,0.0000000005,1.0000000002,Solved
GEhffw,16,3,3.0000000003,0.0000000003,1.0000000001,Solved
GEhff{,17,3,2.9999999998,-0.0000000002,0.9999999999,Solved
GEhfrw,16,3,2.9999999991,-0.0000000009,0.9999999997,Solved
GEhfr{,17,3,3.0000000013,0.0000000013,1.0000000004,Solved
GEhfuw,16,3,2.9999999976,-0.0000000024,0.9999999992,Solved
GEhfu{,17,3,3.0000000001,0.0000000001,1.0000000000,Solved
GEhfvg,16,3,2.9999999999,-0.0000000001,1.0000000000,Solved
GEhfvk,17,3,3.0000000008,0.0000000008,1.0000000003,Solved
GEhfvo,16,3,3.0000000000,-0.0000000000,1.0000000000,Solved
GEhfvs,17,3,3.0000000003,0.0000000003,1.0000000001,Solved
GEhfvw,17,3,3.0000000001,0.0000000001,1.0000000000,Solved
GEhfv{,18,3,3.0000000002,0.0000000002,1.0000000001,Solved
GEhf~w,18,3,3.0000000000,0.0000000000,1.0000000000,Solved
GEhf~{,19,3,3.0000000001,0.0000000001,1.0000000000,Solved
GEhrp{,16,3,3.0000000001,0.0000000001,1.0000000000,Solved
GEhrq{,16,3,3.0000000017,0.0000000017,1.0000000006,Solved
GEhrr[,16,3,3.0000000022,0.0000000022,1.0000000007,Solved
GEhrrk,16,3,3.0000000003,0.0000000003,1.0000000001,Solved
GEhrrs,16,3,3.0000000002,0.0000000002,1.0000000001,Solved
GEhrr{,17,3,3.0000000009,0.0000000009,1.0000000003,Solved
GEhrs{,16,3,3.0000000011,0.0000000011,1.0000000004,Solved
GEhrt[,16,3,3.0000000008,0.0000000008,1.0000000003,Solved
GEhrtk,16,3,3.0000000008,0.0000000008,1.0000000003,Solved
GEhrts,16,3,3.0000000004,0.0000000004,1.0000000001,Solved
GEhrt{,17,3,3.0000000015,0.0000000015,1.0000000005,Solved
GEhru[,16,3,3.0000000010,0.0000000010,1.0000000003,Solved
GEhru{,17,3,3.0000000023,0.0000000023,1.0000000008,Solved
GEhrvK,16,3,3.0000000005,0.0000000005,1.0000000002,Solved
GEhrvW,16,3,3.0000000004,0.0000000004,1.0000000001,Solved
GEhrv[,17,3,3.0000000017,0.0000000017,1.0000000006,Solved
GEhrvg,16,3,3.0000000000,-0.0000000000,1.0000000000,Solved
GEhrvk,17,3,3.0000000018,0.0000000018,1.0000000006,Solved
GEhrvs,17,3,3.0000000003,0.0000000003,1.0000000001,Solved
GEhrvw,17,3,3.0000000028,0.0000000028,1.0000000009,Solved
GEhrv{,18,3,3.0000000015,0.0000000015,1.0000000005,Solved
GEhtlk,16,3,3.0000000033,0.0000000033,1.0000000011,Solved
GEhtlw,16,3,3.0000000012,0.0000000012,1.0000000004,Solved
GEhtl{,17,3,2.9999999986,-0.0000000014,0.9999999995,Solved
GEhtm{,17,3,3.0000000003,0.0000000003,1.0000000001,Solved
GEhtng,16,3,3.0000000020,0.0000000020,1.0000000007,Solved
GEhtnk,17,3,3.0000000000,0.0000000000,1.0000000000,Solved
GEhtno,16,3,3.0000000001,0.0000000001,1.0000000000,Solved
GEhtns,17,3,3.0000000003,0.0000000003,1.0000000001,Solved
GEhtnw,17,3,3.0000000014,0.0000000014,1.0000000005,Solved
GEhtn{,18,3,3.0000000001,0.0000000001,1.0000000000,Solved
GEhtp{,16,3,2.9999999991,-0.0000000009,0.9999999997,Solved
GEhtq{,16,3,2.9999999999,-0.0000000001,1.0000000000,Solved
GEhtrk,16,3,2.9999999998,-0.0000000002,0.9999999999,Solved
GEhtr{,17,3,2.9999999996,-0.0000000004,0.9999999999,Solved
GEhts{,16,3,3.0000000000,0.0000000000,1.0000000000,Solved
GEhttW,15,3,2.9999999998,-0.0000000002,0.9999999999,Solved
GEhtt[,16,3,2.9999999986,-0.0000000014,0.9999999995,Solved
GEhttk,16,3,3.0000000018,0.0000000018,1.0000000006,Solved
GEhtts,16,3,2.9999999991,-0.0000000009,0.9999999997,Solved
GEhttw,16,3,2.9999999996,-0.0000000004,0.9999999999,Solved
GEhtt{,17,3,2.9999999991,-0.0000000009,0.9999999997,Solved
GEhtuw,16,3,2.9999999999,-0.0000000001,1.0000000000,Solved
GEhtu{,17,3,2.9999999993,-0.0000000007,0.9999999998,Solved
GEhtvW,16,3,2.9999999997,-0.0000000003,0.9999999999,Solved
GEhtv[,17,3,2.9999999999,-0.0000000001,1.0000000000,Solved
GEhtvk,17,3,2.9999999998,-0.0000000002,0.9999999999,Solved
GEhtvs,17,3,2.9999999999,-0.0000000001,1.0000000000,Solved
GEhtvw,17,3,2.9999999999,-0.0000000001,1.0000000000,Solved
GEhtv{,18,3,2.9999999999,-0.0000000001,1.0000000000,Solved
GEht|{,18,3,2.9999999996,-0.0000000004,0.9999999999,Solved
GEht~w,18,3,2.9999999999,-0.0000000001,1.0000000000,Solved
GEht~{,19,3,2.9999999999,-0.0000000001,1.0000000000,Solved
GEhuQw,14,3,3.0000000002,0.0000000002,1.0000000001,Solved
GEhuRo,14,3,3.0000000030,0.0000000030,1.0000000010,Solved
GEhuRw,15,3,3.0000000042,0.0000000042,1.0000000014,Solved
GEhuSw,14,3,3.0257527938,0.0257527938,1.0085842646,Solved
GEhuTW,14,3,3.0000000016,0.0000000016,1.0000000005,Solved
GEhuTo,14,3,3.0000000003,0.0000000003,1.0000000001,Solved
GEhuTw,15,3,3.0000000000,0.0000000000,1.0000000000,Solved
GEhuUW,14,4,3.9999999999,-0.0000000001,1.0000000000,Solved
GEhuUc,14,3,3.0000000001,0.0000000001,1.0000000000,Solved
GEhuUg,14,3,3.0000000011,0.0000000011,1.0000000004,Solved
GEhuUo,14,3,3.0000000032,0.0000000032,1.0000000011,Solved
GEhuUs,15,3,3.0000000003,0.0000000003,1.0000000001,Solved
GEhuUw,15,3,3.0000000022,0.0000000022,1.0000000007,Solved
GEhuU{,16,3,2.9999999995,-0.0000000005,0.9999999998,Solved
GEhuVO,14,3,3.0000000033,0.0000000033,1.0000000011,Solved
GEhuVW,15,3,3.0000000012,0.0000000012,1.0000000004,Solved
GEhuV_,14,3,3.0000000004,0.0000000004,1.0000000001,Solved
GEhuVc,15,3,3.0000000000,0.0000000000,1.0000000000,Solved
GEhuVg,15,3,2.9999999983,-0.0000000017,0.9999999994,Solved
GEhuVo,15,3,3.0000000005,0.0000000005,1.0000000002,Solved
GEhuVs,16,3,2.9999999989,-0.0000000011,0.9999999996,Solved
GEhuVw,16,3,2.9999999992,-0.0000000008,0.9999999997,Solved
GEhuV{,17,3,2.9999999994,-0.0000000006,0.9999999998,Solved
GEhup{,16,3,3.0000000001,0.0000000001,1.0000000000,Solved
GEhurs,16,3,3.0000000010,0.0000000010,1.0000000003,Solved
GEhurw,16,3,2.9999999998,-0.0000000002,0.9999999999,Solved
GEhus{,16,3,3.0000000007,0.0000000007,1.0000000002,Solved
GEhuts,16,3,2.9999999989,-0.0000000011,0.9999999996,Solved
GEhutw,16,3,2.9999999998,-0.0000000002,0.9999999999,Solved
GEhut{,17,3,2.9999999998,-0.0000000002,0.9999999999,Solved
GEhuuW,15,3,3.0000000002,0.0000000002,1.0000000001,Solved
GEhuu{,17,3,2.9999999998,-0.0000000002,0.9999999999,Solved
GEhuvW,16,3,3.0000000000,0.0000000000,1.0000000000,Solved
GEhuvo,16,3,2.9999999996,-0.0000000004,0.9999999999,Solved
GEhuvs,17,3,2.9999999989,-0.0000000011,0.9999999996,Solved
GEhuvw,17,3,2.9999999986,-0.0000000014,0.9999999995,Solved
GEhuv{,18,3,2.9999999976,-0.0000000024,0.9999999992,Solved
GEhuz{,18,3,3.0000000004,0.0000000004,1.0000000001,Solved
GEhu|{,18,3,2.9999999992,-0.0000000008,0.9999999997,Solved
GEhu}{,18,3,2.9999999999,-0.0000000001,1.0000000000,Solved
GEhu~k,18,3,3.0000000000,-0.0000000000,1.0000000000,Solved
GEhu~w,18,3,2.9999999996,-0.0000000004,0.9999999999,Solved
GEhu~{,19,3,2.9999999999,-0.0000000001,1.0000000000,Solved
GEhv?{,14,4,3.9999999997,-0.0000000003,0.9999999999,Solved
GEhv@s,14,3,3.0000000021,0.0000000021,1.0000000007,Solved
GEhvAk,14,3,3.0000000072,0.0000000072,1.0000000024,Solved
GEhvAs,14,3,3.1965575938,0.1965575938,1.0655191979,Solved
GEhvAw,14,3,3.0000000006,0.0000000006,1.0000000002,Solved
GEhvA{,15,3,3.0000000044,0.0000000044,1.0000000015,Solved
GEhvBc,14,3,3.0000000003,0.0000000003,1.0000000001,Solved
GEhvBo,14,3,3.0000000004,0.0000000004,1.0000000001,Solved
GEhvBs,15,3,3.0000000055,0.0000000055,1.0000000018,Solved
GEhvCk,14,3,3.0000000048,0.0000000048,1.0000000016,Solved
GEhvCs,14,3,3.0000000041,0.0000000041,1.0000000014,Solved
GEhvCw,14,3,3.0000000001,0.0000000001,1.0000000000,Solved
GEhvC{,15,3,3.0000000039,0.0000000039,1.0000000013,Solved
GEhvDc,14,3,3.0000000040,0.0000000040,1.0000000013,Solved
GEhvDg,14,3,3.1220031590,0.1220031590,1.0406677197,Solved
GEhvDk,15,3,3.0000000023,0.0000000023,1.0000000008,Solved
GEhvDo,14,3,3.0000000051,0.0000000051,1.0000000017,Solved
GEhvDs,15,3,3.0000000012,0.0000000012,1.0000000004,Solved
GEhvDw,15,3,3.0000000003,0.0000000003,1.0000000001,Solved
GEhvD{,16,3,3.0000000019,0.0000000019,1.0000000006,Solved
GEhvEc,14,3,3.0000000025,0.0000000025,1.0000000008,Solved
GEhvEg,14,3,3.0000000036,0.0000000036,1.0000000012,Solved
GEhvEk,15,3,3.0000000007,0.0000000007,1.0000000002,Solved
GEhvEo,14,3,3.0000000001,0.0000000001,1.0000000000,Solved
GEhvEs,15,3,3.0000000027,0.0000000027,1.0000000009,Solved
GEhvEw,15,3,3.0000000016,0.0000000016,1.0000000005,Solved
GEhvE{,16,3,3.0000000028,0.0000000028,1.0000000009,Solved
GEhvFC,14,3,3.0000000003,0.0000000003,1.0000000001,Solved
GEhvFO,14,3,3.0000000012,0.0000000012,1.0000000004,Solved
GEhvFS,15,3,3.0000000012,0.0000000012,1.0000000004,Solved
GEhvF_,14,4,3.9999999991,-0.0000000009,0.9999999998,Solved
GEhvFc,15,3,3.0000000064,0.0000000064,1.0000000021,Solved
GEhvFg,15,3,3.0000000023,0.0000000023,1.0000000008,Solved
GEhvFk,16,3,3.0000000014,0.0000000014,1.0000000005,Solved
GEhvFo,15,3,3.0000000025,0.0000000025,1.0000000008,Solved
GEhvFs,16,3,3.0000000009,0.0000000009,1.0000000003,Solved
GEhvFw,16,3,3.0000000003,0.0000000003,1.0000000001,Solved
GEhvF{,17,3,3.0000000041,0.0000000041,1.0000000014,Solved
GEhvQw,15,3,3.0000000000,0.0000000000,1.0000000000,Solved
GEhvQ{,16,3,3.0000000006,0.0000000006,1.0000000002,Solved
GEhvRo,15,3,3.0000000020,0.0000000020,1.0000000007,Solved
GEhvRs,16,3,3.0000000002,0.0000000002,1.0000000001,Solved
GEhvSw,15,3,3.0000000016,0.0000000016,1.0000000005,Solved
GEhvS{,16,3,2.9999999989,-0.0000000011,0.9999999996,Solved
GEhvTg,15,3,3.0000000008,0.0000000008,1.0000000003,Solved
GEhvTk,16,3,2.9999999999,-0.0000000001,1.0000000000,Solved
GEhvTs,16,3,2.9999999995,-0.0000000005,0.9999999998,Solved
GEhvTw,16,3,2.9999999998,-0.0000000002,0.9999999999,Solved
GEhvT{,17,3,2.9999999992,-0.0000000008,0.9999999997,Solved
GEhvUg,15,3,2.9999999993,-0.0000000007,0.9999999998,Solved
GEhvUk,16,3,2.9999999999,-0.0000000001,1.0000000000,Solved
GEhvUo,15,3,3.0000000003,0.0000000003,1.0000000001,Solved
GEhvUs,16,3,2.9999999988,-0.0000000012,0.9999999996,Solved
GEhvUw,16,3,2.9999999994,-0.0000000006,0.9999999998,Solved
GEhvU{,17,3,3.0000000000,-0.0000000000,1.0000000000,Solved
GEhvVS,16,3,2.9999999999,-0.0000000001,1.0000000000,Solved
GEhvV_,15,3,3.0000000010,0.0000000010,1.0000000003,Solved
GEhvVc,16,3,3.0000000007,0.0000000007,1.0000000002,Solved
GEhvVg,16,3,2.9999999979,-0.0000000021,0.9999999993,Solved
GEhvVk,17,3,2.9999999996,-0.0000000004,0.9999999999,Solved
GEhvVo,16,3,3.0000000008,0.0000000008,1.0000000003,Solved
GEhvVs,17,3,2.9999999997,-0.0000000003,0.9999999999,Solved
GEhvVw,17,3,2.9999999996,-0.0000000004,0.9999999999,Solved
GEhvV{,18,3,2.9999999994,-0.0000000006,0.9999999998,Solved
GEhvl{,18,3,2.9999999998,-0.0000000002,0.9999999999,Solved
GEhvnk,18,3,2.9999999999,-0.0000000001,1.0000000000,Solved
GEhvnw,18,3,2.9999999998,-0.0000000002,0.9999999999,Solved
GEhvn{,19,3,2.9999999997,-0.0000000003,0.9999999999,Solved
GEhvr{,18,3,2.9999999995,-0.0000000005,0.9999999998,Solved
GEhvt{,18,3,2.9999999998,-0.0000000002,0.9999999999,Solved
GEhvu{,18,3,2.9999999991,-0.0000000009,0.9999999997,Solved
GEhvvW,17,3,2.9999999996,-0.0000000004,0.9999999999,Solved
GEhvv[,18,3,2.9999999998,-0.0000000002,0.9999999999,Solved
GEhvvk,18,3,2.9999999997,-0.0000000003,0.9999999999,Solved
GEhvvs,18,3,2.9999999996,-0.0000000004,0.9999999999,Solved
GEhvvw,18,3,2.9999999997,-0.0000000003,0.9999999999,Solved
GEhvv{,19,3,2.9999999994,-0.0000000006,0.9999999998,Solved
GEhv~w,19,3,2.9999999985,-0.0000000015,0.9999999995,Solved
GEhv~{,20,3,2.9999999979,-0.0000000021,0.9999999993,Solved
GEhzq{,17,3,3.0000000004,0.0000000004,1.0000000001,Solved
GEhzrw,17,3,3.0000000001,0.0000000001,1.0000000000,Solved
GEhzr{,18,3,3.0000000001,0.0000000001,1.0000000000,Solved
GEhzs{,17,3,3.0000000008,0.0000000008,1.0000000003,Solved
GEhztk,17,3,3.0000000001,0.0000000001,1.0000000000,Solved
GEhzuk,17,3,2.9999999997,-0.0000000003,0.9999999999,Solved
GEhzu{,18,3,3.0000000000,0.0000000000,1.0000000000,Solved
GEhzvK,17,3,3.0000000003,0.0000000003,1.0000000001,Solved
GEhzvk,18,3,3.0000000004,0.0000000004,1.0000000001,Solved
GEhzvo,17,3,3.0000000003,0.0000000003,1.0000000001,Solved
GEhzvw,18,3,2.9999999986,-0.0000000014,0.9999999995,Solved
GEhzv{,19,3,2.9999999998,-0.0000000002,0.9999999999,Solved
GEhzz{,19,3,2.9999999994,-0.0000000006,0.9999999998,Solved
GEhz}{,19,3,2.9999999996,-0.0000000004,0.9999999999,Solved
GEhz~{,20,3,2.9999999999,-0.0000000001,1.0000000000,Solved
GEh}p{,17,3,3.0000000002,0.0000000002,1.0000000001,Solved
GEh}rs,17,3,2.9999999996,-0.0000000004,0.9999999999,Solved
GEh}rw,17,3,2.9999999996,-0.0000000004,0.9999999999,Solved
GEh}s{,17,3,3.0000000001,0.0000000001,1.0000000000,Solved
GEh}ts,17,3,2.9999999996,-0.0000000004,0.9999999999,Solved
GEh}tw,17,3,2.9999999997,-0.0000000003,0.9999999999,Solved
GEh}t{,18,3,2.9999999995,-0.0000000005,0.9999999998,Solved
GEh}us,17,3,2.9999999999,-0.0000000001,1.0000000000,Solved
GEh}uw,17,3,3.0000000016,0.0000000016,1.0000000005,Solved
GEh}u{,18,3,2.9999999994,-0.0000000006,0.9999999998,Solved
GEh}vW,17,3,2.9999999983,-0.0000000017,0.9999999994,Solved
GEh}vo,17,3,3.0000000000,0.0000000000,1.0000000000,Solved
GEh}vs,18,3,2.9999999980,-0.0000000020,0.9999999993,Solved
GEh}vw,18,3,2.9999999998,-0.0000000002,0.9999999999,Solved
GEh}v{,19,3,2.9999999998,-0.0000000002,0.9999999999,Solved
GEh}|{,19,3,2.9999999982,-0.0000000018,0.9999999994,Solved
GEh}}{,19,3,2.9999999980,-0.0000000020,0.9999999993,Solved
GEh}~s,19,3,2.9999999999,-0.0000000001,1.0000000000,Solved
GEh}~{,20,3,2.9999999994,-0.0000000006,0.9999999998,Solved
GEh~b[,17,3,3.0000000000,-0.0000000000,1.0000000000,Solved
GEh~bk,17,3,2.9999999998,-0.0000000002,0.9999999999,Solved
GEh~bw,17,3,3.0000000001,0.0000000001,1.0000000000,Solved
GEh~b{,18,3,3.0000000000,-0.0000000000,1.0000000000,Solved
GEh~d[,17,3,2.9999999999,-0.0000000001,1.0000000000,Solved
GEh~dk,17,3,3.0000000007,0.0000000007,1.0000000002,Solved
GEh~dw,17,3,3.0000000001,0.0000000001,1.0000000000,Solved
GEh~d{,18,3,2.9999999996,-0.0000000004,0.9999999999,Solved
GEh~e[,17,3,3.0000000004,0.0000000004,1.0000000001,Solved
GEh~ek,17,3,2.9999999995,-0.0000000005,0.9999999998,Solved
GEh~es,17,3,2.9999999998,-0.0000000002,0.9999999999,Solved
GEh~ew,17,3,2.9999999995,-0.0000000005,0.9999999998,Solved
GEh~e{,18,3,2.9999999997,-0.0000000003,0.9999999999,Solved
GEh~fK,17,3,3.0000000010,0.0000000010,1.0000000003,Solved
GEh~fS,17,3,2.9999999997,-0.0000000003,0.9999999999,Solved
GEh~fW,17,3,3.0000000001,0.0000000001,1.0000000000,Solved
GEh~f[,18,3,2.9999999996,-0.0000000004,0.9999999999,Solved
GEh~fg,17,3,2.9999999999,-0.0000000001,1.0000000000,Solved
GEh~fk,18,3,2.9999999996,-0.0000000004,0.9999999999,Solved
GEh~fs,18,3,2.9999999995,-0.0000000005,0.9999999998,Solved
GEh~fw,18,3,2.9999999995,-0.0000000005,0.9999999998,Solved
GEh~f{,19,3,2.9999999985,-0.0000000015,0.9999999995,Solved
GEh~rw,18,3,2.9999999991,-0.0000000009,0.9999999997,Solved
GEh~r{,19,3,2.9999999999,-0.0000000001,1.0000000000,Solved
GEh~vo,18,3,2.9999999999,-0.0000000001,1.0000000000,Solved
GEh~vs,19,3,2.9999999997,-0.0000000003,0.9999999999,Solved
GEh~vw,19,3,2.9999999998,-0.0000000002,0.9999999999,Solved
GEh~v{,20,3,2.9999999994,-0.0000000006,0.9999999998,Solved
GEh~~{,21,3,2.9999999994,-0.0000000006,0.9999999998,Solved
GEirrs,16,3,3.0000000023,0.0000000023,1.0000000008,Solved
GEirts,16,3,3.0000000004,0.0000000004,1.0000000001,Solved
GEirtw,16,3,3.0000000006,0.0000000006,1.0000000002,Solved
GEirt{,17,3,2.9999999999,-0.0000000001,1.0000000000,Solved
GEirus,16,3,3.0000000016,0.0000000016,1.0000000005,Solved
GEirvW,16,3,3.0000000002,0.0000000002,1.0000000001,Solved
GEirvc,16,3,2.9999999999,-0.0000000001,1.0000000000,Solved
GEirvg,16,3,3.0000000000,-0.0000000000,1.0000000000,Solved
GEirvs,17,3,3.0000000001,0.0000000001,1.0000000000,Solved
GEirvw,17,3,2.9999999999,-0.0000000001,1.0000000000,Solved
GEirv{,18,3,3.0000000000,-0.0000000000,1.0000000000,Solved
GEit\[,16,3,3.0000000000,0.0000000000,1.0000000000,Solved
GEit\k,16,3,3.0000000007,0.0000000007,1.0000000002,Solved
GEit\s,16,3,3.0000000022,0.0000000022,1.0000000007,Solved
GEit\w,16,3,3.0000000000,0.0000000000,1.0000000000,Solved
GEit\{,17,3,3.0000000003,0.0000000003,1.0000000001,Solved
GEit^W,16,3,3.0000000012,0.0000000012,1.0000000004,Solved
GEit^[,17,3,3.0000000001,0.0000000001,1.0000000000,Solved
GEit^c,16,3,3.0000000005,0.0000000005,1.0000000002,Solved
GEit^k,17,3,3.0000000000,-0.0000000000,1.0000000000,Solved
GEit^s,17,3,3.0000000002,0.0000000002,1.0000000001,Solved
GEit^w,17,3,3.0000000001,0.0000000001,1.0000000000,Solved
GEit^{,18,3,3.0000000003,0.0000000003,1.0000000001,Solved
GEit|{,18,3,2.9999999998,-0.0000000002,0.9999999999,Solved
GEit~[,18,3,3.0000000000,-0.0000000000,1.0000000000,Solved
GEit~w,18,3,3.0000000000,-0.0000000000,1.0000000000,Solved
GEit~{,19,3,3.0000000002,0.0000000002,1.0000000001,Solved
GEiv^[,18,3,2.9999999999,-0.0000000001,1.0000000000,Solved
GEiv^w,18,3,3.0000000002,0.0000000002,1.0000000001,Solved
GEiv^{,19,3,2.9999999996,-0.0000000004,0.9999999999,Solved
GEivj{,18,3,3.0000000004,0.0000000004,1.0000000001,Solved
GEivl{,18,3,3.0000000000,0.0000000000,1.0000000000,Solved
GEivm{,18,3,2.9999999998,-0.0000000002,0.9999999999,Solved
GEivn[,18,3,2.9999999996,-0.0000000004,0.9999999999,Solved
GEivnk,18,3,3.0000000000,0.0000000000,1.0000000000,Solved
GEivns,18,3,3.0000000001,0.0000000001,1.0000000000,Solved
GEivnw,18,3,2.9999999999,-0.0000000001,1.0000000000,Solved
GEivn{,19,3,2.9999999993,-0.0000000007,0.9999999998,Solved
GEivr{,18,3,3.0000000006,0.0000000006,1.0000000002,Solved
GEivt{,18,3,3.0000000003,0.0000000003,1.0000000001,Solved
GEivv[,18,3,3.0000000009,0.0000000009,1.0000000003,Solved
GEivvs,18,3,3.0000000024,0.0000000024,1.0000000008,Solved
GEivvw,18,3,3.0000000024,0.0000000024,1.0000000008,Solved
GEivv{,19,3,3.0000000004,0.0000000004,1.0000000001,Solved
GEiv~w,19,3,3.0000000011,0.0000000011,1.0000000004,Solved
GEiv~{,20,3,2.9999999977,-0.0000000023,0.9999999992,Solved
GEj\q{,17,3,2.9999999984,-0.0000000016,0.9999999995,Solved
GEj\r{,18,3,2.9999999998,-0.0000000002,0.9999999999,Solved
GEj\s{,17,3,3.0000000001,0.0000000001,1.0000000000,Solved
GEj\u{,18,3,2.9999999989,-0.0000000011,0.9999999996,Solved
GEj\vw,18,3,3.0000000005,0.0000000005,1.0000000002,Solved
GEj\v{,19,3,3.0000000009,0.0000000009,1.0000000003,Solved
GEj\~{,20,3,2.9999999999,-0.0000000001,1.0000000000,Solved
GEj]|{,19,3,2.9999999998,-0.0000000002,0.9999999999,Solved
GEj]}{,19,3,2.9999999988,-0.0000000012,0.9999999996,Solved
GEj]~w,19,3,2.9999999998,-0.0000000002,0.9999999999,Solved
GEj]~{,20,3,2.9999999998,-0.0000000002,0.9999999999,Solved
GEj^rw,18,3,2.9999999988,-0.0000000012,0.9999999996,Solved
GEj^r{,19,3,2.9999999994,-0.0000000006,0.9999999998,Solved
GEj^t{,19,3,2.9999999999,-0.0000000001,1.0000000000,Solved
GEj^v[,19,3,2.9999999993,-0.0000000007,0.9999999998,Solved
GEj^vk,19,3,2.9999999994,-0.0000000006,0.9999999998,Solved
GEj^vs,19,3,2.9999999992,-0.0000000008,0.9999999997,Solved
GEj^vw,19,3,2.9999999989,-0.0000000011,0.9999999996,Solved
GEj^v{,20,3,3.0000000000,0.0000000000,1.0000000000,Solved
GEj^~{,21,3,2.9999999993,-0.0000000007,0.9999999998,Solved
GEjbro,15,3,3.0000000001,0.0000000001,1.0000000000,Solved
GEjbrs,16,3,3.0000000000,0.0000000000,1.0000000000,AlmostSolved
GEjbtg,15,3,3.0000000015,0.0000000015,1.0000000005,Solved
GEjbtk,16,3,3.0000000010,0.0000000010,1.0000000003,Solved
GEjbug,15,3,3.0000000010,0.0000000010,1.0000000003,Solved
GEjbuk,16,3,3.0000000004,0.0000000004,1.0000000001,Solved
GEjbuo,15,3,3.0000000032,0.0000000032,1.0000000011,Solved
GEjbus,16,3,2.9999999998,-0.0000000002,0.9999999999,Solved
GEjbvG,15,3,3.0000000013,0.0000000013,1.0000000004,Solved
GEjbvK,16,3,3.0000000038,0.0000000038,1.0000000013,Solved
GEjbvc,16,3,3.0000000020,0.0000000020,1.0000000007,Solved
GEjbvg,16,3,2.9999999998,-0.0000000002,0.9999999999,Solved
GEjbvk,17,3,3.0000000016,0.0000000016,1.0000000005,Solved
GEjbvo,16,3,3.0000000001,0.0000000001,1.0000000000,Solved
GEjbvs,17,3,2.9999999994,-0.0000000006,0.9999999998,Solved
GEjbvw,17,3,2.9999999998,-0.0000000002,0.9999999999,Solved
GEjbv{,18,3,3.0000000004,0.0000000004,1.0000000001,Solved
GEjdlk,16,3,3.0000000006,0.0000000006,1.0000000002,Solved
GEjdm[,16,3,3.0000000066,0.0000000066,1.0000000022,Solved
GEjdnS,16,3,3.0000000018,0.0000000018,1.0000000006,Solved
GEjdn[,17,3,3.0000000040,0.0000000040,1.0000000013,Solved
GEjdnc,16,3,2.9999999994,-0.0000000006,0.9999999998,Solved
GEjdng,16,3,3.0000000007,0.0000000007,1.0000000002,Solved
GEjdnk,17,3,2.9999999998,-0.0000000002,0.9999999999,Solved
GEjdno,16,3,3.0000000000,-0.0000000000,1.0000000000,Solved
GEjdns,17,3,3.0000000007,0.0000000007,1.0000000002,Solved
GEjdnw,17,3,3.0000000009,0.0000000009,1.0000000003,Solved
GEjdn{,18,3,3.0000000015,0.0000000015,1.0000000005,Solved
GEjel[,16,3,3.0000000005,0.0000000005,1.0000000002,Solved
GEjemk,16,3,3.0000000001,0.0000000001,1.0000000000,Solved
GEjenS,16,3,3.0000000030,0.0000000030,1.0000000010,Solved
GEjen[,17,3,3.0000000033,0.0000000033,1.0000000011,Solved
GEjenc,16,3,3.0000000031,0.0000000031,1.0000000010,Solved
GEjenk,17,3,3.0000000028,0.0000000028,1.0000000009,Solved
GEjeno,16,3,2.9999999997,-0.0000000003,0.9999999999,Solved
GEjens,17,3,3.0000000000,0.0000000000,1.0000000000,Solved
GEjenw,17,3,2.9999999996,-0.0000000004,0.9999999999,Solved
GEjen{,18,3,2.9999999999,-0.0000000001,1.0000000000,Solved
GEjep{,16,3,3.0000000004,0.0000000004,1.0000000001,Solved
GEjeqw,15,3,3.0000000004,0.0000000004,1.0000000001,Solved
GEjeq{,16,3,3.0000000016,0.0000000016,1.0000000005,Solved
GEjerW,15,3,3.0000000003,0.0000000003,1.0000000001,Solved
GEjer[,16,3,3.0000000023,0.0000000023,1.0000000008,Solved
GEjerk,16,3,3.0000000005,0.0000000005,1.0000000002,Solved
GEjerw,16,3,3.0000000008,0.0000000008,1.0000000003,Solved
GEjer{,17,3,3.0000000007,0.0000000007,1.0000000002,Solved
GEjet[,16,3,2.9999999999,-0.0000000001,1.0000000000,Solved
GEjetk,16,3,3.0000000016,0.0000000016,1.0000000005,Solved
GEjets,16,3,3.0000000000,-0.0000000000,1.0000000000,Solved
GEjet{,17,3,3.0000000020,0.0000000020,1.0000000007,Solved
GEjeu[,16,3,3.0000000005,0.0000000005,1.0000000002,Solved
GEjeuk,16,3,2.9999999999,-0.0000000001,1.0000000000,Solved
GEjeus,16,3,2.9999999994,-0.0000000006,0.9999999998,Solved
GEjeuw,16,3,3.0000000183,0.0000000183,1.0000000061,AlmostSolved
GEjeu{,17,3,2.9999999999,-0.0000000001,1.0000000000,Solved
GEjevK,16,3,3.0000000006,0.0000000006,1.0000000002,Solved
GEjevS,16,3,2.9999999997,-0.0000000003,0.9999999999,Solved
GEjevW,16,3,2.9999999997,-0.0000000003,0.9999999999,Solved
GEjev[,17,3,3.0000000002,0.0000000002,1.0000000001,Solved
GEjevc,16,3,3.0000000004,0.0000000004,1.0000000001,Solved
GEjevk,17,3,2.9999999996,-0.0000000004,0.9999999999,Solved
GEjevs,17,3,3.0000000000,-0.0000000000,1.0000000000,Solved
GEjevw,17,3,3.0000000001,0.0000000001,1.0000000000,Solved
GEjev{,18,3,3.0000000002,0.0000000002,1.0000000001,Solved
GEjfI{,16,3,3.0000000003,0.0000000003,1.0000000001,Solved
GEjfJk,16,3,3.0000000015,0.0000000015,1.0000000005,Solved
GEjfJ{,17,3,3.0000000017,0.0000000017,1.0000000006,Solved
GEjfK{,16,3,3.0000000003,0.0000000003,1.0000000001,Solved
GEjfM{,17,3,3.0000000001,0.0000000001,1.0000000000,Solved
GEjfNK,16,3,3.0000000006,0.0000000006,1.0000000002,Solved
GEjfNk,17,3,3.0000000000,-0.0000000000,1.0000000000,Solved
GEjfNw,17,3,3.0000000007,0.0000000007,1.0000000002,Solved
GEjfN{,18,3,3.0000000009,0.0000000009,1.0000000003,Solved
GEjf`w,15,3,3.0000000006,0.0000000006,1.0000000002,Solved
GEjf`{,16,3,3.0000000024,0.0000000024,1.0000000008,Solved
GEjfa{,16,3,3.0000000005,0.0000000005,1.0000000002,AlmostSolved
GEjfbw,16,3,3.0000000008,0.0000000008,1.0000000003,Solved
GEjfb{,17,3,3.0000000003,0.0000000003,1.0000000001,Solved
GEjfd{,17,3,3.0000000009,0.0000000009,1.0000000003,Solved
GEjfe{,17,3,3.0000000003,0.0000000003,1.0000000001,Solved
GEjffK,16,3,3.0000000026,0.0000000026,1.0000000009,Solved
GEjffS,16,3,3.0000000034,0.0000000034,1.0000000011,Solved
GEjff[,17,3,3.0000000011,0.0000000011,1.0000000004,Solved
GEjffc,16,3,3.0000000004,0.0000000004,1.0000000001,Solved
GEjffk,17,3,3.0000000011,0.0000000011,1.0000000004,Solved
GEjffs,17,3,3.0000000002,0.0000000002,1.0000000001,Solved
GEjffw,17,3,3.0000000004,0.0000000004,1.0000000001,Solved
GEjff{,18,3,3.0000000015,0.0000000015,1.0000000005,Solved
GEjfl{,18,3,3.0000000030,0.0000000030,1.0000000010,Solved
GEjfm{,18,3,3.0000000023,0.0000000023,1.0000000008,Solved
GEjfn[,18,3,3.0000000000,0.0000000000,1.0000000000,Solved
GEjfnk,18,3,3.0000000009,0.0000000009,1.0000000003,Solved
GEjfnw,18,3,3.0000000003,0.0000000003,1.0000000001,Solved
GEjfn{,19,3,3.0000000001,0.0000000001,1.0000000000,Solved
GEjfrw,17,3,2.9999999998,-0.0000000002,0.9999999999,Solved
GEjfr{,18,3,3.0000000010,0.0000000010,1.0000000003,Solved
GEjfu{,18,3,2.9999999999,-0.0000000001,1.0000000000,Solved
GEjfvk,18,3,2.9999999998,-0.0000000002,0.9999999999,Solved
GEjfvs,18,3,3.0000000007,0.0000000007,1.0000000002,Solved
GEjfvw,18,3,3.0000000010,0.0000000010,1.0000000003,Solved
GEjfv{,19,3,3.0000000001,0.0000000001,1.0000000000,Solved
GEjf~w,19,3,3.0000000035,0.0000000035,1.0000000012,Solved
GEjf~{,20,3,3.0000000008,0.0000000008,1.0000000003,Solved
GEjrz{,19,3,2.9999999995,-0.0000000005,0.9999999998,Solved
GEjr|{,19,3,2.9999999997,-0.0000000003,0.9999999999,Solved
GEjr}{,19,3,2.9999999996,-0.0000000004,0.9999999999,Solved
GEjr~s,19,3,2.9999999999,-0.0000000001,1.0000000000,Solved
GEjr~w,19,3,2.9999999999,-0.0000000001,1.0000000000,Solved
GEjr~{,20,3,2.9999999999,-0.0000000001,1.0000000000,Solved
GEjtr[,17,3,2.9999999989,-0.0000000011,0.9999999996,Solved
GEjtrk,17,3,3.0000000022,0.0000000022,1.0000000007,Solved
GEjtr{,18,3,2.9999999990,-0.0000000010,0.9999999997,Solved
GEjts{,17,3,2.9999999999,-0.0000000001,1.0000000000,Solved
GEjtt[,17,3,3.0000000003,0.0000000003,1.0000000001,Solved
GEjttk,17,3,3.0000000000,0.0000000000,1.0000000000,Solved
GEjttw,17,3,3.0000000000,-0.0000000000,1.0000000000,Solved
GEjtt{,18,3,2.9999999998,-0.0000000002,0.9999999999,Solved
GEjtu{,18,3,2.9999999998,-0.0000000002,0.9999999999,Solved
GEjtvK,17,3,3.0000000015,0.0000000015,1.0000000005,Solved
GEjtvW,17,3,2.9999999997,-0.0000000003,0.9999999999,Solved
GEjtv[,18,3,2.9999999990,-0.0000000010,0.9999999997,Solved
GEjtvc,17,3,3.0000000011,0.0000000011,1.0000000004,Solved
GEjtvk,18,3,2.9999999989,-0.0000000011,0.9999999996,Solved
GEjtvs,18,3,2.9999999990,-0.0000000010,0.9999999997,Solved
GEjtvw,18,3,2.9999999991,-0.0000000009,0.9999999997,Solved
GEjtv{,19,3,2.9999999988,-0.0000000012,0.9999999996,Solved
GEjt|{,19,3,2.9999999997,-0.0000000003,0.9999999999,Solved
GEjt~s,19,3,2.9999999993,-0.0000000007,0.9999999998,Solved
GEjt~{,20,3,2.9999999996,-0.0000000004,0.9999999999,Solved
GEjur[,17,3,2.9999999994,-0.0000000006,0.9999999998,Solved
GEjurw,17,3,2.9999999990,-0.0000000010,0.9999999997,Solved
GEjur{,18,3,2.9999999995,-0.0000000005,0.9999999998,Solved
GEjus{,17,3,3.0000000000,0.0000000000,1.0000000000,Solved
GEjutk,17,3,3.0000000003,0.0000000003,1.0000000001,Solved
GEjut{,18,3,2.9999999985,-0.0000000015,0.9999999995,Solved
GEjuu[,17,3,3.0000000012,0.0000000012,1.0000000004,Solved
GEjuu{,18,3,2.9999999999,-0.0000000001,1.0000000000,Solved
GEjuvK,17,3,3.0000000003,0.0000000003,1.0000000001,Solved
GEjuv[,18,3,2.9999999989,-0.0000000011,0.9999999996,Solved
GEjuvk,18,3,2.9999999990,-0.0000000010,0.9999999997,Solved
GEjuvs,18,3,2.9999999980,-0.0000000020,0.9999999993,Solved
GEjuvw,18,3,2.9999999996,-0.0000000004,0.9999999999,Solved
GEjuv{,19,3,2.9999999997,-0.0000000003,0.9999999999,Solved
GEju|{,19,3,2.9999999998,-0.0000000002,0.9999999999,Solved
GEju}{,19,3,2.9999999998,-0.0000000002,0.9999999999,Solved
GEju~s,19,3,2.9999999995,-0.0000000005,0.9999999998,Solved
GEju~{,20,3,2.9999999997,-0.0000000003,0.9999999999,Solved
GEjvQ{,17,3,3.0000000000,-0.0000000000,1.0000000000,Solved
GEjvRk,17,3,2.9999999997,-0.0000000003,0.9999999999,Solved
GEjvR{,18,3,2.9999999998,-0.0000000002,0.9999999999,Solved
GEjvS{,17,3,3.0000000001,0.0000000001,1.0000000000,Solved
GEjvTk,17,3,3.0000000001,0.0000000001,1.0000000000,Solved
GEjvTw,17,3,2.9999999994,-0.0000000006,0.9999999998,Solved
GEjvUk,17,3,2.9999999996,-0.0000000004,0.9999999999,Solved
GEjvUw,17,3,2.9999999993,-0.0000000007,0.9999999998,Solved
GEjvU{,18,3,2.9999999993,-0.0000000007,0.9999999998,Solved
GEjvVK,17,3,3.0000000001,0.0000000001,1.0000000000,Solved
GEjvVW,17,3,3.0000000011,0.0000000011,1.0000000004,Solved
GEjvVg,17,3,3.0000000007,0.0000000007,1.0000000002,Solved
GEjvVk,18,3,3.0000000009,0.0000000009,1.0000000003,Solved
GEjvVo,17,3,3.0000000009,0.0000000009,1.0000000003,Solved
GEjvVw,18,3,3.0000000004,0.0000000004,1.0000000001,Solved
GEjvV{,19,3,3.0000000009,0.0000000009,1.0000000003,Solved
GEjvZ{,19,3,2.9999999998,-0.0000000002,0.9999999999,Solved
GEjv]{,19,3,2.9999999991,-0.0000000009,0.9999999997,Solved
GEjv^w,19,3,3.0000000000,0.0000000000,1.0000000000,Solved
GEjv^{,20,3,3.0000000002,0.0000000002,1.0000000001,Solved
GEjvb[,17,3,2.9999999986,-0.0000000014,0.9999999995,Solved
GEjvbk,17,3,3.0000000004,0.0000000004,1.0000000001,Solved
GEjvb{,18,3,3.0000000014,0.0000000014,1.0000000005,Solved
GEjvc{,17,3,3.0000000016,0.0000000016,1.0000000005,Solved
GEjvd{,18,3,3.0000000001,0.0000000001,1.0000000000,Solved
GEjve[,17,3,3.0000000014,0.0000000014,1.0000000005,Solved
GEjve{,18,3,3.0000000003,0.0000000003,1.0000000001,Solved
GEjvfK,17,3,3.0000000005,0.0000000005,1.0000000002,Solved
GEjvf[,18,3,3.0000000003,0.0000000003,1.0000000001,Solved
GEjvfk,18,3,3.0000000005,0.0000000005,1.0000000002,Solved
GEjvfw,18,3,3.0000000013,0.0000000013,1.0000000004,Solved
GEjvf{,19,3,3.0000000000,0.0000000000,1.0000000000,Solved
GEjvj{,19,3,2.9999999998,-0.0000000002,0.9999999999,Solved
GEjvl{,19,3,2.9999999990,-0.0000000010,0.9999999997,Solved
GEjvm{,19,3,2.9999999996,-0.0000000004,0.9999999999,Solved
GEjvn[,19,3,3.0000000002,0.0000000002,1.0000000001,Solved
GEjvnk,19,3,2.9999999998,-0.0000000002,0.9999999999,Solved
GEjvnw,19,3,2.9999999999,-0.0000000001,1.0000000000,Solved
GEjvn{,20,3,2.9999999999,-0.0000000001,1.0000000000,Solved
GEjvvs,19,3,2.9999999999,-0.0000000001,1.0000000000,Solved
GEjvvw,19,3,2.9999999999,-0.0000000001,1.0000000000,Solved
GEjvv{,20,3,2.9999999999,-0.0000000001,1.0000000000,Solved
GEjv~{,21,3,2.9999999969,-0.0000000031,0.9999999990,Solved
GEj~r{,20,3,2.9999999998,-0.0000000002,0.9999999999,Solved
GEj~u{,20,3,2.9999999993,-0.0000000007,0.9999999998,Solved
GEj~vk,20,3,2.9999999977,-0.0000000023,0.9999999992,Solved
GEj~vw,20,3,2.9999999972,-0.0000000028,0.9999999991,Solved
GEj~v{,21,3,2.9999999999,-0.0000000001,1.0000000000,Solved
GEj~~{,22,3,2.9999999998,-0.0000000002,0.9999999999,Solved
GEl}}{,20,3,2.9999999984,-0.0000000016,0.9999999995,Solved
GEl}~s,20,3,2.9999999999,-0.0000000001,1.0000000000,Solved
GEl}~w,20,3,2.9999999998,-0.0000000002,0.9999999999,Solved
GEl}~{,21,3,2.9999999997,-0.0000000003,0.9999999999,Solved
GEl~vs,20,3,2.9999999999,-0.0000000001,1.0000000000,Solved
GEl~vw,20,3,2.9999999999,-0.0000000001,1.0000000000,Solved
GEl~v{,21,3,2.9999999999,-0.0000000001,1.0000000000,Solved
GEl~~{,22,3,3.0000000003,0.0000000003,1.0000000001,Solved
GEnbrw,17,3,2.9999999995,-0.0000000005,0.9999999998,Solved
GEnbus,17,3,2.9999999999,-0.0000000001,1.0000000000,Solved
GEnbu{,18,3,2.9999999976,-0.0000000024,0.9999999992,Solved
GEnbvG,16,3,3.0000000031,0.0000000031,1.0000000010,Solved
GEnbvo,17,3,3.0000000005,0.0000000005,1.0000000002,Solved
GEnbvs,18,3,3.0000000004,0.0000000004,1.0000000001,Solved
GEnbvw,18,3,2.9999999993,-0.0000000007,0.9999999998,Solved
GEnbv{,19,3,3.0000000006,0.0000000006,1.0000000002,Solved
GEnbz{,19,3,3.0000000000,-0.0000000000,1.0000000000,Solved
GEnb}{,19,3,3.0000000000,-0.0000000000,1.0000000000,Solved
GEnb~g,18,3,3.0000000001,0.0000000001,1.0000000000,Solved
GEnb~w,19,3,2.9999999998,-0.0000000002,0.9999999999,Solved
GEnb~{,20,3,2.9999999984,-0.0000000016,0.9999999995,Solved
GEne|{,19,3,2.9999999998,-0.0000000002,0.9999999999,Solved
GEne}{,19,3,3.0000000003,0.0000000003,1.0000000001,Solved
GEne~w,19,3,2.9999999999,-0.0000000001,1.0000000000,Solved
GEne~{,20,3,3.0000000000,-0.0000000000,1.0000000000,Solved
GEnfbW,16,3,3.0000000028,0.0000000028,1.0000000009,Solved
GEnfbw,17,3,3.0000000017,0.0000000017,1.0000000006,Solved
GEnfdk,17,3,3.0000000008,0.0000000008,1.0000000003,Solved
GEnffK,17,3,2.9999999998,-0.0000000002,0.9999999999,Solved
GEnffS,17,3,3.0000000015,0.0000000015,1.0000000005,Solved
GEnffW,17,3,3.0000000004,0.0000000004,1.0000000001,Solved
GEnff[,18,3,3.0000000011,0.0000000011,1.0000000004,Solved
GEnffk,18,3,2.9999999995,-0.0000000005,0.9999999998,Solved
GEnffs,18,3,3.0000000003,0.0000000003,1.0000000001,Solved
GEnffw,18,3,3.0000000011,0.0000000011,1.0000000004,Solved
GEnff{,19,3,2.9999999994,-0.0000000006,0.9999999998,Solved
GEnfj{,19,3,2.9999999998,-0.0000000002,0.9999999999,Solved
GEnfl{,19,3,2.9999999999,-0.0000000001,1.0000000000,Solved
GEnfm{,19,3,2.9999999999,-0.0000000001,1.0000000000,Solved
GEnfn[,19,3,2.9999999998,-0.0000000002,0.9999999999,Solved
GEnfnk,19,3,2.9999999995,-0.0000000005,0.9999999998,Solved
GEnfns,19,3,2.9999999996,-0.0000000004,0.9999999999,Solved
GEnfnw,19,3,2.9999999996,-0.0000000004,0.9999999999,Solved
GEnfn{,20,3,2.9999999998,-0.0000000002,0.9999999999,Solved
GEnfr{,19,3,2.9999999992,-0.0000000008,0.9999999997,Solved
GEnfu{,19,3,2.9999999999,-0.0000000001,1.0000000000,Solved
GEnfvs,19,3,2.9999999993,-0.0000000007,0.9999999998,Solved
GEnfvw,19,3,2.9999999998,-0.0000000002,0.9999999999,Solved
GEnfv{,20,3,2.9999999998,-0.0000000002,0.9999999999,Solved
GEnf~w,20,3,2.9999999999,-0.0000000001,1.0000000000,Solved
GEnf~{,21,3,2.9999999998,-0.0000000002,0.9999999999,Solved
GEnvQ{,18,3,3.0000000002,0.0000000002,1.0000000001,Solved
GEnvRk,18,3,2.9999999999,-0.0000000001,1.0000000000,Solved
GEnvRw,18,3,2.9999999999,-0.0000000001,1.0000000000,Solved
GEnvR{,19,3,2.9999999980,-0.0000000020,0.9999999993,Solved
GEnvS{,18,3,3.0000000001,0.0000000001,1.0000000000,Solved
GEnvTk,18,3,2.9999999992,-0.0000000008,0.9999999997,Solved
GEnvTw,18,3,2.9999999998,-0.0000000002,0.9999999999,Solved
GEnvUw,18,3,2.9999999999,-0.0000000001,1.0000000000,Solved
GEnvU{,19,3,2.9999999999,-0.0000000001,1.0000000000,Solved
GEnvVW,18,3,2.9999999998,-0.0000000002,0.9999999999,Solved
GEnvVk,19,3,2.9999999999,-0.0000000001,1.0000000000,Solved
GEnvVo,18,3,3.0000000000,0.0000000000,1.0000000000,Solved
GEnvVw,19,3,2.9999999999,-0.0000000001,1.0000000000,Solved
GEnvV{,20,3,3.0000000000,-0.0000000000,1.0000000000,Solved
GEnvZ{,20,3,2.9999999981,-0.0000000019,0.9999999994,Solved
GEnv]{,20,3,3.0000000005,0.0000000005,1.0000000002,Solved
GEnv^w,20,3,2.9999999999,-0.0000000001,1.0000000000,Solved
GEnv^{,21,3,2.9999999999,-0.0000000001,1.0000000000,Solved
GEnvn[,20,3,2.9999999999,-0.0000000001,1.0000000000,Solved
GEnvnk,20,3,2.9999999999,-0.0000000001,1.0000000000,Solved
GEnvnw,20,3,2.9999999999,-0.0000000001,1.0000000000,Solved
GEnvn{,21,3,2.9999999999,-0.0000000001,1.0000000000,Solved
GEnvvs,20,3,2.9999999999,-0.0000000001,1.0000000000,Solved
GEnvvw,20,3,2.9999999999,-0.0000000001,1.0000000000,Solved
GEnvv{,21,3,2.9999999999,-0.0000000001,1.0000000000,Solved
GEnv~{,22,3,2.9999999999,-0.0000000001,1.0000000000,Solved
GEn~r{,21,3,3.0000000004,0.0000000004,1.0000000001,Solved
GEn~vk,21,3,2.9999999999,-0.0000000001,1.0000000000,Solved
GEn~vw,21,3,2.9999999999,-0.0000000001,1.0000000000,Solved
GEn~v{,22,3,2.9999999999,-0.0000000001,1.0000000000,Solved
GEn~~{,23,3,2.9999999998,-0.0000000002,0.9999999999,Solved
GEr]vo,17,3,3.0000000002,0.0000000002,1.0000000001,Solved
GEr]vw,18,3,3.0000000006,0.0000000006,1.0000000002,Solved
GEr]v{,19,3,3.0000000000,-0.0000000000,1.0000000000,Solved
GEr]~w,19,3,3.0000000002,0.0000000002,1.0000000001,Solved
GEr]~{,20,3,2.9999999999,-0.0000000001,1.0000000000,Solved
GEr^d{,18,3,2.9999999995,-0.0000000005,0.9999999998,Solved
GEr^e[,17,3,3.0000000011,0.0000000011,1.0000000004,Solved
GEr^ek,17,3,3.0000000007,0.0000000007,1.0000000002,Solved
GEr^es,17,3,3.0000000001,0.0000000001,1.0000000000,Solved
GEr^e{,18,3,3.0000000004,0.0000000004,1.0000000001,Solved
GEr^fK,17,3,2.9999999992,-0.0000000008,0.9999999997,Solved
GEr^fS,17,3,3.0000000002,0.0000000002,1.0000000001,Solved
GEr^fW,17,3,3.0000000006,0.0000000006,1.0000000002,Solved
GEr^f[,18,3,3.0000000003,0.0000000003,1.0000000001,Solved
GEr^fg,17,3,3.0000000010,0.0000000010,1.0000000003,Solved
GEr^fk,18,3,3.0000000006,0.0000000006,1.0000000002,Solved
GEr^fs,18,3,3.0000000010,0.0000000010,1.0000000003,Solved
GEr^fw,18,3,3.0000000003,0.0000000003,1.0000000001,Solved
GEr^f{,19,3,3.0000000006,0.0000000006,1.0000000002,Solved
GEr^uw,18,3,3.0000000003,0.0000000003,1.0000000001,Solved
GEr^vo,18,3,3.0000000005,0.0000000005,1.0000000002,Solved
GEr^vs,19,3,3.0000000000,0.0000000000,1.0000000000,Solved
GEr^vw,19,3,3.0000000005,0.0000000005,1.0000000002,Solved
GEr^v{,20,3,3.0000000004,0.0000000004,1.0000000001,Solved
GEr^~{,21,3,3.0000000002,0.0000000002,1.0000000001,Solved
GErtr[,17,3,3.0000000023,0.0000000023,1.0000000008,Solved
GErtrw,17,3,2.9999999998,-0.0000000002,0.9999999999,Solved
GErtu{,18,3,3.0000000003,0.0000000003,1.0000000001,Solved
GErtv[,18,3,2.9999999999,-0.0000000001,1.0000000000,Solved
GErtvk,18,3,3.0000000007,0.0000000007,1.0000000002,Solved
GErtvw,18,3,2.9999999997,-0.0000000003,0.9999999999,Solved
GErtv{,19,3,3.0000000001,0.0000000001,1.0000000000,Solved
GErt}{,19,3,3.0000000015,0.0000000015,1.0000000005,Solved
GErt~w,19,3,2.9999999999,-0.0000000001,1.0000000000,Solved
GErt~{,20,3,3.0000000001,0.0000000001,1.0000000000,Solved
GEru}{,19,3,3.0000000000,-0.0000000000,1.0000000000,Solved
GEru~s,19,3,3.0000000001,0.0000000001,1.0000000000,Solved
GEru~w,19,3,3.0000000001,0.0000000001,1.0000000000,Solved
GEru~{,20,3,3.0000000012,0.0000000012,1.0000000004,Solved
GErv\{,19,3,2.9999999991,-0.0000000009,0.9999999997,Solved
GErv]{,19,3,3.0000000005,0.0000000005,1.0000000002,Solved
GErv^{,20,3,2.9999999999,-0.0000000001,1.0000000000,Solved
GErvek,17,3,3.0000000023,0.0000000023,1.0000000008,Solved
GErvfK,17,3,3.0000000005,0.0000000005,1.0000000002,Solved
GErvf[,18,3,3.0000000024,0.0000000024,1.0000000008,Solved
GErvfg,17,3,3.0000000047,0.0000000047,1.0000000016,Solved
GErvfk,18,3,3.0000000006,0.0000000006,1.0000000002,Solved
GErvfw,18,3,3.0000000018,0.0000000018,1.0000000006,Solved
GErvf{,19,3,3.0000000019,0.0000000019,1.0000000006,Solved
GErvl{,19,3,2.9999999994,-0.0000000006,0.9999999998,Solved
GErvm{,19,3,2.9999999991,-0.0000000009,0.9999999997,Solved
GErvn[,19,3,2.9999999998,-0.0000000002,0.9999999999,Solved
GErvnk,19,3,3.0000000002,0.0000000002,1.0000000001,Solved
GErvn{,20,3,3.0000000000,0.0000000000,1.0000000000,Solved
GErvvW,18,3,3.0000000010,0.0000000010,1.0000000003,Solved
GErvv[,19,3,3.0000000002,0.0000000002,1.0000000001,Solved
GErvvk,19,3,2.9999999996,-0.0000000004,0.9999999999,Solved
GErvvs,19,3,2.9999999999,-0.0000000001,1.0000000000,Solved
GErvvw,19,3,2.9999999997,-0.0000000003,0.9999999999,Solved
GErvv{,20,3,2.9999999995,-0.0000000005,0.9999999998,Solved
GErv~{,21,3,2.9999999989,-0.0000000011,0.9999999996,Solved
GEr~u{,20,3,3.0000000001,0.0000000001,1.0000000000,Solved
GEr~vk,20,3,2.9999999988,-0.0000000012,0.9999999996,Solved
GEr~vw,20,3,2.9999999974,-0.0000000026,0.9999999991,Solved
GEr~v{,21,3,2.9999999986,-0.0000000014,0.9999999995,Solved
GEr~~{,22,3,2.9999999990,-0.0000000010,0.9999999997,Solved
GEu|z{,20,3,2.9999999997,-0.0000000003,0.9999999999,Solved
GEu|~w,20,3,2.9999999999,-0.0000000001,1.0000000000,Solved
GEu|~{,21,3,3.0000000000,-0.0000000000,1.0000000000,Solved
GEu~n[,20,3,2.9999999996,-0.0000000004,0.9999999999,Solved
GEu~nk,20,3,2.9999999992,-0.0000000008,0.9999999997,Solved
GEu~nw,20,3,3.0000000002,0.0000000002,1.0000000001,Solved
GEu~n{,21,3,2.9999999999,-0.0000000001,1.0000000000,Solved
GEu~vs,20,3,3.0000000001,0.0000000001,1.0000000000,Solved
GEu~vw,20,3,3.0000000000,0.0000000000,1.0000000000,Solved
GEu~v{,21,3,3.0000000000,0.0000000000,1.0000000000,Solved
GEu~~{,22,3,2.9999999993,-0.0000000007,0.9999999998,Solved
GEv\|{,20,3,2.9999999993,-0.0000000007,0.9999999998,Solved
GEv\~s,20,3,2.9999999996,-0.0000000004,0.9999999999,Solved
GEv\~w,20,3,2.9999999999,-0.0000000001,1.0000000000,Solved
GEv\~{,21,3,3.0000000000,-0.0000000000,1.0000000000,Solved
GEv]|{,20,3,3.0000000000,-0.0000000000,1.0000000000,Solved
GEv]~w,20,3,2.9999999991,-0.0000000009,0.9999999997,Solved
GEv]~{,21,3,3.0000000000,0.0000000000,1.0000000000,Solved
GEv^vs,20,3,2.9999999996,-0.0000000004,0.9999999999,Solved
GEv^vw,20,3,2.9999999983,-0.0000000017,0.9999999994,Solved
GEv^v{,21,3,2.9999999985,-0.0000000015,0.9999999995,Solved
GEv^~{,22,3,2.9999999995,-0.0000000005,0.9999999998,Solved
GEvv]{,20,3,2.9999999995,-0.0000000005,0.9999999998,Solved
GEvv^w,20,3,3.0000000001,0.0000000001,1.0000000000,Solved
GEvv^{,21,3,2.9999999999,-0.0000000001,1.0000000000,Solved
GEvvn[,20,3,3.0000000001,0.0000000001,1.0000000000,Solved
GEvvnk,20,3,2.9999999993,-0.0000000007,0.9999999998,Solved
GEvvnw,20,3,3.0000000000,0.0000000000,1.0000000000,Solved
GEvvn{,21,3,2.9999999999,-0.0000000001,1.0000000000,Solved
GEvvvs,20,3,3.0000000009,0.0000000009,1.0000000003,Solved
GEvvvw,20,3,2.9999999997,-0.0000000003,0.9999999999,Solved
GEvvv{,21,3,3.0000000000,0.0000000000,1.0000000000,Solved
GEvv~{,22,3,3.0000000000,-0.0000000000,1.0000000000,Solved
GEv~t{,21,3,3.0000000000,-0.0000000000,1.0000000000,Solved
GEv~u{,21,3,2.9999999987,-0.0000000013,0.9999999996,Solved
GEv~vk,21,3,3.0000000000,-0.0000000000,1.0000000000,Solved
GEv~vw,21,3,3.0000000000,0.0000000000,1.0000000000,Solved
GEv~v{,22,3,2.9999999999,-0.0000000001,1.0000000000,Solved
GEv~~{,23,3,2.9999999998,-0.0000000002,0.9999999999,Solved
GEzTj{,18,3,2.9999999994,-0.0000000006,0.9999999998,Solved
GEzTlk,17,3,3.0000000000,-0.0000000000,1.0000000000,Solved
GEzTls,17,3,2.9999999998,-0.0000000002,0.9999999999,Solved
GEzTlw,17,3,3.0000000011,0.0000000011,1.0000000004,Solved
GEzTl{,18,3,2.9999999994,-0.0000000006,0.9999999998,Solved
GEzTms,17,3,3.0000000010,0.0000000010,1.0000000003,Solved
GEzTmw,17,3,2.9999999998,-0.0000000002,0.9999999999,Solved
GEzTm{,18,3,2.9999999999,-0.0000000001,1.0000000000,Solved
GEzTnc,17,3,3.0000000003,0.0000000003,1.0000000001,Solved
GEzTng,17,3,3.0000000003,0.0000000003,1.0000000001,Solved
GEzTnk,18,3,3.0000000000,-0.0000000000,1.0000000000,Solved
GEzTns,18,3,2.9999999990,-0.0000000010,0.9999999997,Solved
GEzTnw,18,3,2.9999999991,-0.0000000009,0.9999999997,Solved
GEzTn{,19,3,2.9999999999,-0.0000000001,1.0000000000,Solved
GEzTz{,19,3,2.9999999999,-0.0000000001,1.0000000000,Solved
GEzT|{,19,3,2.9999999993,-0.0000000007,0.9999999998,Solved
GEzT}{,19,3,2.9999999999,-0.0000000001,1.0000000000,Solved
GEzT~k,19,3,3.0000000001,0.0000000001,1.0000000000,Solved
GEzT~w,19,3,3.0000000000,-0.0000000000,1.0000000000,Solved
GEzT~{,20,3,2.9999999996,-0.0000000004,0.9999999999,Solved
GEzU}{,19,3,2.9999999998,-0.0000000002,0.9999999999,Solved
GEzU~o,18,3,2.9999999995,-0.0000000005,0.9999999998,Solved
GEzU~w,19,3,2.9999999999,-0.0000000001,1.0000000000,Solved
GEzU~{,20,3,2.9999999996,-0.0000000004,0.9999999999,Solved
GEzVm{,19,3,3.0000000000,-0.0000000000,1.0000000000,Solved
GEzVnk,19,3,2.9999999999,-0.0000000001,1.0000000000,Solved
GEzVnw,19,3,3.0000000000,-0.0000000000,1.0000000000,Solved
GEzVn{,20,3,3.0000000011,0.0000000011,1.0000000004,Solved
GEzVt{,19,3,2.9999999990,-0.0000000010,0.9999999997,Solved
GEzVu{,19,3,3.0000000000,-0.0000000000,1.0000000000,Solved
GEzVv[,19,3,2.9999999994,-0.0000000006,0.9999999998,Solved
GEzVvk,19,3,2.9999999999,-0.0000000001,1.0000000000,Solved
GEzVvs,19,3,2.9999999988,-0.0000000012,0.9999999996,Solved
GEzVvw,19,3,2.9999999992,-0.0000000008,0.9999999997,Solved
GEzVv{,20,3,2.9999999999,-0.0000000001,1.0000000000,Solved
GEzV~w,20,3,3.0000000001,0.0000000001,1.0000000000,Solved
GEzV~{,21,3,2.9999999984,-0.0000000016,0.9999999995,Solved
GEzf]w,18,3,3.0000000004,0.0000000004,1.0000000001,Solved
GEzf]{,19,3,2.9999999998,-0.0000000002,0.9999999999,Solved
GEzf^[,19,3,3.0000000014,0.0000000014,1.0000000005,Solved
GEzf^w,19,3,3.0000000030,0.0000000030,1.0000000010,Solved
GEzf^{,20,3,3.0000000001,0.0000000001,1.0000000000,Solved
GEzft{,19,3,3.0000000005,0.0000000005,1.0000000002,Solved
GEzfu{,19,3,2.9999999989,-0.0000000011,0.9999999996,Solved
GEzfv[,19,3,3.0000000010,0.0000000010,1.0000000003,Solved
GEzfvk,19,3,2.9999999998,-0.0000000002,0.9999999999,Solved
GEzfvs,19,3,3.0000000011,0.0000000011,1.0000000004,Solved
GEzfvw,19,3,3.0000000002,0.0000000002,1.0000000001,Solved
GEzfv{,20,3,3.0000000000,0.0000000000,1.0000000000,Solved
GEzf~w,20,3,2.9999999998,-0.0000000002,0.9999999999,Solved
GEzf~{,21,3,3.0000000013,0.0000000013,1.0000000004,Solved
GEzn^[,20,3,2.9999999998,-0.0000000002,0.9999999999,Solved
GEzn^w,20,3,2.9999999998,-0.0000000002,0.9999999999,Solved
GEzn^{,21,3,2.9999999995,-0.0000000005,0.9999999998,Solved
GEzn`{,18,3,2.9999999999,-0.0000000001,1.0000000000,Solved
GEznc{,18,3,2.9999999997,-0.0000000003,0.9999999999,Solved
GEzndw,18,3,2.9999999999,-0.0000000001,1.0000000000,Solved
GEznd{,19,3,2.9999999999,-0.0000000001,1.0000000000,Solved
GEzne[,18,3,3.0000000000,-0.0000000000,1.0000000000,Solved
GEznes,18,3,2.9999999999,-0.0000000001,1.0000000000,Solved
GEzne{,19,3,2.9999999995,-0.0000000005,0.9999999998,Solved
GEznfS,18,3,3.0000000004,0.0000000004,1.0000000001,Solved
GEznfW,18,3,2.9999999996,-0.0000000004,0.9999999999,Solved
GEznf[,19,3,2.9999999998,-0.0000000002,0.9999999999,Solved
GEznfc,18,3,2.9999999998,-0.0000000002,0.9999999999,Solved
GEznfo,18,3,2.9999999992,-0.0000000008,0.9999999997,Solved
GEznfs,19,3,2.9999999998,-0.0000000002,0.9999999999,Solved
GEznfw,19,3,2.9999999999,-0.0000000001,1.0000000000,Solved
GEznf{,20,3,2.9999999999,-0.0000000001,1.0000000000,Solved
GEznvk,20,3,2.9999999998,-0.0000000002,0.9999999999,Solved
GEznvs,20,3,2.9999999998,-0.0000000002,0.9999999999,Solved
GEznvw,20,3,2.9999999998,-0.0000000002,0.9999999999,Solved
GEznv{,21,3,2.9999999997,-0.0000000003,0.9999999999,Solved
GEzn~{,22,3,3.0000000000,0.0000000000,1.0000000000,Solved
GEzvek,18,3,2.9999999996,-0.0000000004,0.9999999999,Solved
GEzvew,18,3,3.0000000004,0.0000000004,1.0000000001,Solved
GEzvfK,18,3,3.0000000003,0.0000000003,1.0000000001,Solved
GEzvf[,19,3,2.9999999998,-0.0000000002,0.9999999999,Solved
GEzvfk,19,3,3.0000000008,0.0000000008,1.0000000003,Solved
GEzvfw,19,3,2.9999999999,-0.0000000001,1.0000000000,Solved
GEzvf{,20,3,3.0000000000,-0.0000000000,1.0000000000,Solved
GEzvnk,20,3,2.9999999996,-0.0000000004,0.9999999999,Solved
GEzvnw,20,3,2.9999999998,-0.0000000002,0.9999999999,Solved
GEzvn{,21,3,2.9999999997,-0.0000000003,0.9999999999,Solved
GEzvvs,20,3,2.9999999998,-0.0000000002,0.9999999999,Solved
GEzvvw,20,3,2.9999999998,-0.0000000002,0.9999999999,Solved
GEzvv{,21,3,2.9999999997,-0.0000000003,0.9999999999,Solved
GEzv~{,22,3,3.0000000001,0.0000000001,1.0000000000,Solved
GEz~v[,21,3,2.9999999995,-0.0000000005,0.9999999998,Solved
GEz~vk,21,3,2.9999999997,-0.0000000003,0.9999999999,Solved
GEz~v{,22,3,3.0000000005,0.0000000005,1.0000000002,Solved
GEz~~{,23,3,2.9999999995,-0.0000000005,0.9999999998,Solved
GE~vv[,21,3,2.9999999992,-0.0000000008,0.9999999997,Solved
GE~vvs,21,3,2.9999999992,-0.0000000008,0.9999999997,Solved
GE~vv{,22,3,2.9999999995,-0.0000000005,0.9999999998,Solved
GE~v~{,23,3,2.9999999991,-0.0000000009,0.9999999997,Solved
GE~~~{,24,3,2.9999999986,-0.0000000014,0.9999999995,Solved
GFzfuw,19,3,3.0000000022,0.0000000022,1.0000000007,Solved
GFzfu{,20,3,3.0000000001,0.0000000001,1.0000000000,Solved
GFzfvk,20,3,3.0000000000,-0.0000000000,1.0000000000,Solved
GFzfvo,19,3,2.9999999995,-0.0000000005,0.9999999998,Solved
GFzfvs,20,3,2.9999999999,-0.0000000001,1.0000000000,Solved
GFzfvw,20,3,3.0000000001,0.0000000001,1.0000000000,Solved
GFzfv{,21,3,2.9999999998,-0.0000000002,0.9999999999,Solved
GFzf~w,21,3,3.0000000000,-0.0000000000,1.0000000000,Solved
GFzf~{,22,3,2.9999999994,-0.0000000006,0.9999999998,Solved
GFzvS{,19,3,3.0000000000,-0.0000000000,1.0000000000,Solved
GFzvUw,19,3,2.9999999999,-0.0000000001,1.0000000000,Solved
GFzvU{,20,3,2.9999999994,-0.0000000006,0.9999999998,Solved
GFzvVg,19,3,3.0000000007,0.0000000007,1.0000000002,Solved
GFzvVo,19,3,3.0000000000,-0.0000000000,1.0000000000,Solved
GFzvVw,20,3,3.0000000004,0.0000000004,1.0000000001,Solved
GFzvV{,21,3,3.0000000002,0.0000000002,1.0000000001,Solved
GFzvnk,21,3,3.0000000002,0.0000000002,1.0000000001,Solved
GFzvnw,21,3,3.0000000002,0.0000000002,1.0000000001,Solved
GFzvn{,22,3,3.0000000000,0.0000000000,1.0000000000,Solved
GFzvu{,21,3,2.9999999993,-0.0000000007,0.9999999998,Solved
GFzvvW,20,3,3.0000000002,0.0000000002,1.0000000001,Solved
GFzvvw,21,3,3.0000000001,0.0000000001,1.0000000000,Solved
GFzvv{,22,3,3.0000000000,0.0000000000,1.0000000000,Solved
GFzv~{,23,3,3.0000000000,-0.0000000000,1.0000000000,Solved
GFz~u{,22,3,3.0000000001,0.0000000001,1.0000000000,Solved
GFz~vw,22,3,3.0000000000,0.0000000000,1.0000000000,Solved
GFz~v{,23,3,3.0000000000,-0.0000000000,1.0000000000,Solved
GFz~~{,24,3,3.0000000000,-0.0000000000,1.0000000000,Solved
GF~~~{,25,3,3.0000000000,-0.0000000000,1.0000000000,Solved
GQhTUg,13,2,2.0000000002,0.0000000002,1.0000000001,Solved
GQhTVO,13,3,3.0000000009,0.0000000009,1.0000000003,Solved
GQhTVS,14,2,2.0000000001,0.0000000001,1.0000000000,Solved
GQhTV_,13,3,2.9999999998,-0.0000000002,0.9999999999,Solved
GQhTVg,14,2,2.0000000000,0.0000000000,1.0000000000,Solved
GQhTVo,14,3,2.9999999987,-0.0000000013,0.9999999996,Solved
GQhTVs,15,2,2.0000000001,0.0000000001,1.0000000001,Solved
GQhTVw,15,2,2.0000000005,0.0000000005,1.0000000002,Solved
GQhTV{,16,2,2.0000000002,0.0000000002,1.0000000001,Solved
GQhVTk,15,3,2.9999999995,-0.0000000005,0.9999999998,Solved
GQhVTs,15,2,2.0000000001,0.0000000001,1.0000000001,Solved
GQhVTw,15,2,2.2360679814,0.2360679814,1.1180339907,Solved
GQhVT{,16,2,2.0000000009,0.0000000009,1.0000000005,Solved
GQhVUg,14,2,2.0000000004,0.0000000004,1.0000000002,Solved
GQhVUk,15,2,2.0000000001,0.0000000001,1.0000000000,Solved
GQhVVS,15,2,2.0000000004,0.0000000004,1.0000000002,Solved
GQhVV_,14,3,2.9999999991,-0.0000000009,0.9999999997,Solved
GQhVVc,15,3,2.9999999992,-0.0000000008,0.9999999997,Solved
GQhVVg,15,2,2.0000000010,0.0000000010,1.0000000005,Solved
GQhVVk,16,2,2.0000000010,0.0000000010,1.0000000005,Solved
GQhVVo,15,3,2.9999999998,-0.0000000002,0.9999999999,Solved
GQhVVs,16,2,2.0000000002,0.0000000002,1.0000000001,Solved
GQhVVw,16,2,2.0000000003,0.0000000003,1.0000000001,Solved
GQhVV{,17,2,2.0000000003,0.0000000003,1.0000000002,Solved
GQhVe[,15,3,3.0000000009,0.0000000009,1.0000000003,Solved
GQhVeo,14,3,3.0000000034,0.0000000034,1.0000000011,Solved
GQhVes,15,3,3.0000000001,0.0000000001,1.0000000000,Solved
GQhVfW,15,3,2.9999999998,-0.0000000002,0.9999999999,Solved
GQhVf[,16,3,2.9999999998,-0.0000000002,0.9999999999,Solved
GQhVf_,14,4,3.9999999978,-0.0000000022,0.9999999995,Solved
GQhVfc,15,3,2.9999999998,-0.0000000002,0.9999999999,Solved
GQhVfo,15,3,2.9999999996,-0.0000000004,0.9999999999,Solved
GQhVfs,16,3,2.9999999997,-0.0000000003,0.9999999999,Solved
GQhVfw,16,3,2.9999999990,-0.0000000010,0.9999999997,Solved
GQhVf{,17,3,2.9999999998,-0.0000000002,0.9999999999,Solved
GQhVvW,16,2,2.2360679786,0.2360679786,1.1180339893,Solved
GQhVv[,17,2,2.0000000000,0.0000000000,1.0000000000,Solved
GQhVvg,16,2,2.0000000000,0.0000000000,1.0000000000,Solved
GQhVvk,17,2,2.0000000000,0.0000000000,1.0000000000,Solved
GQhVvo,16,3,2.9999999997,-0.0000000003,0.9999999999,Solved
GQhVvs,17,2,2.0000000002,0.0000000002,1.0000000001,Solved
GQhVvw,17,2,2.0000000003,0.0000000003,1.0000000002,Solved
GQhVv{,18,2,2.0000000001,0.0000000001,1.0000000000,Solved
GQhV~w,18,2,2.0000000001,0.0000000001,1.0000000001,Solved
GQhV~{,19,2,2.0000000001,0.0000000001,1.0000000000,Solved
GQil^W,16,3,2.9999999999,-0.0000000001,1.0000000000,Solved
GQil^[,17,2,2.0000000000,-0.0000000000,1.0000000000,Solved
GQil^w,17,2,2.0000000002,0.0000000002,1.0000000001,Solved
GQil^{,18,2,2.0000000004,0.0000000004,1.0000000002,Solved
GQinTs,16,3,3.0000000015,0.0000000015,1.0000000005,Solved
GQinTw,16,3,2.9999999991,-0.0000000009,0.9999999997,Solved
GQinT{,17,3,3.0000000001,0.0000000001,1.0000000000,Solved
GQinVS,16,3,2.9999999999,-0.0000000001,1.0000000000,Solved
GQinV[,17,3,2.9999999996,-0.0000000004,0.9999999999,Solved
GQinVc,16,3,2.9999999998,-0.0000000002,0.9999999999,Solved
GQinVk,17,3,3.0000000000,-0.0000000000,1.0000000000,Solved
GQinVs,17,3,2.9999999998,-0.0000000002,0.9999999999,Solved
GQinVw,17,3,3.0000000000,-0.0000000000,1.0000000000,Solved
GQinV{,18,3,2.9999999999,-0.0000000001,1.0000000000,Solved
GQin\{,18,2,2.0000000001,0.0000000001,1.0000000000,Solved
GQin^[,18,2,1.9999999999,-0.0000000001,1.0000000000,Solved
GQin^w,18,2,2.0000000002,0.0000000002,1.0000000001,Solved
GQin^{,19,2,2.0000000001,0.0000000001,1.0000000001,Solved
GQinv[,18,2,2.0000000002,0.0000000002,1.0000000001,Solved
GQinvk,18,2,2.0000000001,0.0000000001,1.0000000001,Solved
GQinvs,18,2,2.0000000001,0.0000000001,1.0000000001,Solved
GQinvw,18,2,2.0000000002,0.0000000002,1.0000000001,Solved
GQinv{,19,2,2.0000000000,0.0000000000,1.0000000000,Solved
GQin~w,19,2,2.0000000000,0.0000000000,1.0000000000,Solved
GQin~{,20,2,2.0000000001,0.0000000001,1.0000000000,Solved
GQjRa[,14,3,3.0000000009,0.0000000009,1.0000000003,Solved
GQjRak,14,3,2.9999999993,-0.0000000007,0.9999999998,Solved
GQjRaw,14,3,3.0000000011,0.0000000011,1.0000000004,Solved
GQjRa{,15,3,3.0000000009,0.0000000009,1.0000000003,Solved
GQjRbW,14,3,3.0000000006,0.0000000006,1.0000000002,Solved
GQjRbg,14,3,3.0000000008,0.0000000008,1.0000000003,Solved
GQjRbw,15,3,3.0000000001,0.0000000001,1.0000000000,Solved
GQjRc[,14,3,3.0000000020,0.0000000020,1.0000000007,Solved
GQjRdK,14,3,3.0000000013,0.0000000013,1.0000000004,Solved
GQjRdW,14,3,2.9999999998,-0.0000000002,0.9999999999,Solved
GQjRd[,15,3,3.0000000007,0.0000000007,1.0000000002,Solved
GQjReK,14,3,3.0000000006,0.0000000006,1.0000000002,Solved
GQjReW,14,3,3.0000000000,0.0000000000,1.0000000000,Solved
GQjRe[,15,3,3.0000000009,0.0000000009,1.0000000003,Solved
GQjReg,14,3,3.0000000007,0.0000000007,1.0000000002,Solved
GQjRek,15,3,2.9999999998,-0.0000000002,0.9999999999,Solved
GQjReo,14,3,3.0000000056,0.0000000056,1.0000000019,Solved
GQjRew,15,3,2.9999999998,-0.0000000002,0.9999999999,Solved
GQjRe{,16,3,2.9999999998,-0.0000000002,0.9999999999,Solved
GQjRfG,14,3,3.0000000008,0.0000000008,1.0000000003,Solved
GQjRfK,15,3,2.9999999979,-0.0000000021,0.9999999993,Solved
GQjRfO,14,3,2.9999999996,-0.0000000004,0.9999999999,Solved
GQjRfW,15,3,2.9999999999,-0.0000000001,1.0000000000,Solved
GQjRf[,16,3,2.9999999994,-0.0000000006,0.9999999998,Solved
GQjRf_,14,4,3.9999999969,-0.0000000031,0.9999999992,Solved
GQjRfg,15,3,2.9999999995,-0.0000000005,0.9999999998,Solved
GQjRfk,16,3,2.9999999991,-0.0000000009,0.9999999997,Solved
GQjRfo,15,3,3.0000000002,0.0000000002,1.0000000001,Solved
GQjRfw,16,3,2.9999999999,-0.0000000001,1.0000000000,Solved
GQjRf{,17,3,2.9999999998,-0.0000000002,0.9999999999,Solved
GQjRro,15,3,3.0000000001,0.0000000001,1.0000000000,Solved
GQjRrs,16,2,2.2360679778,0.2360679778,1.1180339889,Solved
GQjRug,15,2,2.2360679810,0.2360679810,1.1180339905,Solved
GQjRuk,16,2,2.2360679781,0.2360679781,1.1180339890,Solved
GQjRvG,15,3,2.9999999998,-0.0000000002,0.9999999999,Solved
GQjRvK,16,3,2.9999999987,-0.0000000013,0.9999999996,Solved
GQjRvS,16,2,2.2360679801,0.2360679801,1.1180339901,Solved
GQjRv_,15,3,3.0000000007,0.0000000007,1.0000000002,Solved
GQjRvc,16,3,2.9999999999,-0.0000000001,1.0000000000,Solved
GQjRvg,16,2,2.2360679785,0.2360679785,1.1180339893,Solved
GQjRvk,17,2,2.2360679786,0.2360679786,1.1180339893,Solved
GQjRvo,16,3,2.9999999992,-0.0000000008,0.9999999997,Solved
GQjRvs,17,2,2.2360679780,0.2360679780,1.1180339890,Solved
GQjRvw,17,2,2.2360679794,0.2360679794,1.1180339897,Solved
GQjRv{,18,2,2.2360679795,0.2360679795,1.1180339897,Solved
GQjUj[,16,3,2.9999999993,-0.0000000007,0.9999999998,Solved
GQjUj{,17,2,2.0000000020,0.0000000020,1.0000000010,Solved
GQjUl[,16,2,2.0000000005,0.0000000005,1.0000000002,Solved
GQjUmk,16,2,2.0000000011,0.0000000011,1.0000000006,Solved
GQjUn[,17,2,2.0000000000,0.0000000000,1.0000000000,Solved
GQjUnk,17,2,2.0000000000,0.0000000000,1.0000000000,Solved
GQjUno,16,2,2.0000000001,0.0000000001,1.0000000001,Solved
GQjUnw,17,2,2.0000000000,0.0000000000,1.0000000000,Solved
GQjUn{,18,2,2.0000000001,0.0000000001,1.0000000000,Solved
GQjVMs,16,3,3.0000000001,0.0000000001,1.0000000000,Solved
GQjVM{,17,3,2.9999999999,-0.0000000001,1.0000000000,Solved
GQjVNK,16,3,2.9999999993,-0.0000000007,0.9999999998,Solved
GQjVNc,16,3,3.0000000000,-0.0000000000,1.0000000000,Solved
GQjVNg,16,3,2.9999999995,-0.0000000005,0.9999999998,Solved
GQjVNk,17,3,2.9999999994,-0.0000000006,0.9999999998,Solved
GQjVNo,16,3,2.9999999996,-0.0000000004,0.9999999999,Solved
GQjVNs,17,3,2.9999999999,-0.0000000001,1.0000000000,Solved
GQjVNw,17,3,2.9999999996,-0.0000000004,0.9999999999,Solved
GQjVN{,18,3,2.9999999999,-0.0000000001,1.0000000000,Solved
GQjVRW,15,3,3.0000000005,0.0000000005,1.0000000002,Solved
GQjVRg,15,2,2.0000000003,0.0000000003,1.0000000002,Solved
GQjVRw,16,2,2.0000000005,0.0000000005,1.0000000003,Solved
GQjVTs,16,2,2.0000000001,0.0000000001,1.0000000000,Solved
GQjVUk,16,2,2.0000000003,0.0000000003,1.0000000002,Solved
GQjVVK,16,3,2.9999999997,-0.0000000003,0.9999999999,Solved
GQjVVS,16,2,2.0000000003,0.0000000003,1.0000000001,Solved
GQjVVW,16,3,2.9999999999,-0.0000000001,1.0000000000,Solved
GQjVV[,17,2,2.0000000002,0.0000000002,1.0000000001,Solved
GQjVVc,16,3,2.9999999998,-0.0000000002,0.9999999999,Solved
GQjVVg,16,2,2.0000000000,0.0000000000,1.0000000000,Solved
GQjVVk,17,2,2.0000000016,0.0000000016,1.0000000008,Solved
GQjVVo,16,3,2.9999999994,-0.0000000006,0.9999999998,Solved
GQjVVs,17,2,2.0000000011,0.0000000011,1.0000000006,Solved
GQjVVw,17,2,2.0000000003,0.0000000003,1.0000000002,Solved
GQjVV{,18,2,2.0000000006,0.0000000006,1.0000000003,Solved
GQjVb[,16,3,3.0000000011,0.0000000011,1.0000000004,Solved
GQjVbw,16,3,2.9999999996,-0.0000000004,0.9999999999,Solved
GQjVb{,17,3,2.9999999992,-0.0000000008,0.9999999997,Solved
GQjVek,16,3,3.0000000000,0.0000000000,1.0000000000,Solved
GQjVes,16,3,3.0000000009,0.0000000009,1.0000000003,Solved
GQjVe{,17,3,2.9999999994,-0.0000000006,0.9999999998,Solved
GQjVfW,16,3,2.9999999997,-0.0000000003,0.9999999999,Solved
GQjVf[,17,3,2.9999999992,-0.0000000008,0.9999999997,Solved
GQjVfc,16,3,2.9999999998,-0.0000000002,0.9999999999,Solved
GQjVfg,16,3,2.9999999998,-0.0000000002,0.9999999999,Solved
GQjVfk,17,3,2.9999999999,-0.0000000001,1.0000000000,Solved
GQjVfs,17,3,2.9999999992,-0.0000000008,0.9999999997,Solved
GQjVfw,17,3,2.9999999993,-0.0000000007,0.9999999998,Solved
GQjVf{,18,3,2.9999999992,-0.0000000008,0.9999999997,Solved
GQjVm{,18,2,2.0000000001,0.0000000001,1.0000000000,Solved
GQjVn[,18,2,2.0000000000,0.0000000000,1.0000000000,Solved
GQjVnk,18,2,2.0000000004,0.0000000004,1.0000000002,Solved
GQjVnw,18,2,2.0000000000,0.0000000000,1.0000000000,Solved
GQjVn{,19,2,2.0000000000,0.0000000000,1.0000000000,Solved
GQjVrw,17,2,2.0000000007,0.0000000007,1.0000000003,Solved
GQjVr{,18,2,2.0000000016,0.0000000016,1.0000000008,Solved
GQjVv[,18,2,2.0000000001,0.0000000001,1.0000000000,Solved
GQjVvk,18,2,2.0000000000,0.0000000000,1.0000000000,Solved
GQjVvs,18,2,2.0000000001,0.0000000001,1.0000000000,Solved
GQjVvw,18,2,2.0000000012,0.0000000012,1.0000000006,Solved
GQjVv{,19,2,2.0000000001,0.0000000001,1.0000000000,Solved
GQjV~w,19,2,2.0000000004,0.0000000004,1.0000000002,Solved
GQjV~{,20,2,2.0000000001,0.0000000001,1.0000000001,Solved
GQjdm[,16,3,3.0000000010,0.0000000010,1.0000000003,Solved
GQjdmk,16,3,2.9999999997,-0.0000000003,0.9999999999,Solved
GQjdm{,17,3,3.0000000021,0.0000000021,1.0000000007,Solved
GQjdn[,17,3,3.0000000001,0.0000000001,1.0000000000,Solved
GQjdnk,17,3,3.0000000037,0.0000000037,1.0000000012,Solved
GQjdnw,17,3,3.0000000021,0.0000000021,1.0000000007,Solved
GQjdn{,18,3,3.0000000000,-0.0000000000,1.0000000000,Solved
GQjdq{,16,3,3.0000000003,0.0000000003,1.0000000001,Solved
GQjdtk,16,3,2.9999999998,-0.0000000002,0.9999999999,Solved
GQjdts,16,3,2.9999999988,-0.0000000012,0.9999999996,Solved
GQjdt{,17,3,3.0000000002,0.0000000002,1.0000000001,Solved
GQjdu{,17,3,3.0000000001,0.0000000001,1.0000000000,Solved
GQjdvW,16,3,2.9999999999,-0.0000000001,1.0000000000,Solved
GQjdv[,17,3,2.9999999997,-0.0000000003,0.9999999999,Solved
GQjdvg,16,3,2.9999999997,-0.0000000003,0.9999999999,Solved
GQjdvk,17,3,3.0000000001,0.0000000001,1.0000000000,Solved
GQjdvo,16,3,3.0000000017,0.0000000017,1.0000000006,Solved
GQjdvs,17,3,2.9999999995,-0.0000000005,0.9999999998,Solved
GQjdvw,17,3,2.9999999999,-0.0000000001,1.0000000000,Solved
GQjdv{,18,3,2.9999999989,-0.0000000011,0.9999999996,Solved
GQjd|{,18,3,2.9999999997,-0.0000000003,0.9999999999,Solved
GQjd}{,18,3,2.9999999997,-0.0000000003,0.9999999999,Solved
GQjd~[,18,3,2.9999999997,-0.0000000003,0.9999999999,Solved
GQjd~k,18,3,2.9999999996,-0.0000000004,0.9999999999,Solved
GQjd~s,18,3,2.9999999995,-0.0000000005,0.9999999998,Solved
GQjd~w,18,3,2.9999999998,-0.0000000002,0.9999999999,Solved
GQjd~{,19,3,2.9999999997,-0.0000000003,0.9999999999,Solved
GQjez{,18,3,2.9999999996,-0.0000000004,0.9999999999,Solved
GQje}{,18,3,2.9999999992,-0.0000000008,0.9999999997,Solved
GQje~[,18,3,2.9999999997,-0.0000000003,0.9999999999,Solved
GQje~s,18,3,2.9999999999,-0.0000000001,1.0000000000,Solved
GQje~w,18,3,2.9999999994,-0.0000000006,0.9999999998,Solved
GQje~{,19,3,2.9999999993,-0.0000000007,0.9999999998,Solved
GQjfK{,16,3,3.0000000002,0.0000000002,1.0000000001,Solved
GQjfLk,16,3,3.0000000024,0.0000000024,1.0000000008,Solved
GQjfL{,17,3,2.9999999999,-0.0000000001,1.0000000000,Solved
GQjfM{,17,3,2.9999999999,-0.0000000001,1.0000000000,Solved
GQjfNK,16,3,3.0000000003,0.0000000003,1.0000000001,Solved
GQjfN[,17,3,3.0000000000,-0.0000000000,1.0000000000,Solved
GQjfNk,17,3,2.9999999991,-0.0000000009,0.9999999997,Solved
GQjfNw,17,3,3.0000000004,0.0000000004,1.0000000001,Solved
GQjfN{,18,3,2.9999999998,-0.0000000002,0.9999999999,Solved
GQjf^[,18,3,2.9999999996,-0.0000000004,0.9999999999,Solved
GQjf^w,18,3,2.9999999996,-0.0000000004,0.9999999999,Solved
GQjf^{,19,3,2.9999999991,-0.0000000009,0.9999999997,Solved
GQjfm{,18,3,2.9999999997,-0.0000000003,0.9999999999,Solved
GQjfn[,18,3,2.9999999999,-0.0000000001,1.0000000000,Solved
GQjfnk,18,3,2.9999999987,-0.0000000013,0.9999999996,Solved
GQjfns,18,3,2.9999999998,-0.0000000002,0.9999999999,Solved
GQjfnw,18,3,2.9999999998,-0.0000000002,0.9999999999,Solved
GQjfn{,19,3,2.9999999997,-0.0000000003,0.9999999999,Solved
GQjfv[,18,3,2.9999999998,-0.0000000002,0.9999999999,Solved
GQjfvs,18,3,2.9999999989,-0.0000000011,0.9999999996,Solved
GQjfvw,18,3,2.9999999994,-0.0000000006,0.9999999998,Solved
GQjfv{,19,3,2.9999999993,-0.0000000007,0.9999999998,Solved
GQjf~w,19,3,2.9999999994,-0.0000000006,0.9999999998,Solved
GQjf~{,20,3,2.9999999991,-0.0000000009,0.9999999997,Solved
GQjlt[,17,2,2.2360679774,0.2360679774,1.1180339887,Solved
GQjlvK,17,3,2.9999999999,-0.0000000001,1.0000000000,Solved
GQjlvW,17,2,2.2360679775,0.2360679775,1.1180339888,Solved
GQjlv[,18,2,2.2360679780,0.2360679780,1.1180339890,Solved
GQjlvg,17,2,2.2360679783,0.2360679783,1.1180339891,Solved
GQjlvk,18,2,2.2360679779,0.2360679779,1.1180339890,Solved
GQjlvo,17,3,2.9999999992,-0.0000000008,0.9999999997,Solved
GQjlvw,18,2,2.2360679779,0.2360679779,1.1180339889,Solved
GQjlv{,19,2,2.2360679776,0.2360679776,1.1180339888,Solved
GQjl~{,20,2,2.0000000000,0.0000000000,1.0000000000,Solved
GQjnT[,17,3,3.0000000000,-0.0000000000,1.0000000000,Solved
GQjnTk,17,3,2.9999999998,-0.0000000002,0.9999999999,Solved
GQjnTw,17,3,2.9999999992,-0.0000000008,0.9999999997,Solved
GQjnT{,18,3,2.9999999991,-0.0000000009,0.9999999997,Solved
GQjnVK,17,3,3.0000000003,0.0000000003,1.0000000001,Solved
GQjnV[,18,3,2.9999999992,-0.0000000008,0.9999999997,Solved
GQjnVg,17,3,2.9999999992,-0.0000000008,0.9999999997,Solved
GQjnVk,18,3,3.0000000000,0.0000000000,1.0000000000,Solved
GQjnVw,18,3,2.9999999998,-0.0000000002,0.9999999999,Solved
GQjnV{,19,3,3.0000000000,-0.0000000000,1.0000000000,Solved
GQjn\{,19,2,2.0000000001,0.0000000001,1.0000000001,Solved
GQjn^[,19,2,2.0000000000,-0.0000000000,1.0000000000,Solved
GQjn^w,19,2,2.0000000007,0.0000000007,1.0000000004,Solved
GQjn^{,20,2,2.0000000001,0.0000000001,1.0000000000,Solved
GQjna{,17,2,2.0000000001,0.0000000001,1.0000000000,Solved
GQjnd[,17,2,2.0000000013,0.0000000013,1.0000000007,Solved
GQjndk,17,3,3.0000000015,0.0000000015,1.0000000005,Solved
GQjndw,17,2,2.0000000001,0.0000000001,1.0000000000,Solved
GQjnd{,18,2,2.0000000000,0.0000000000,1.0000000000,Solved
GQjnek,17,2,2.0000000005,0.0000000005,1.0000000002,Solved
GQjnew,17,2,2.2360679785,0.2360679785,1.1180339892,Solved
GQjne{,18,2,2.0000000000,0.0000000000,1.0000000000,Solved
GQjnfK,17,3,2.9999999995,-0.0000000005,0.9999999998,Solved
GQjnfW,17,2,2.0000000006,0.0000000006,1.0000000003,Solved
GQjnf[,18,2,2.0000000002,0.0000000002,1.0000000001,Solved
GQjnfc,17,2,2.0000000004,0.0000000004,1.0000000002,Solved
GQjnfg,17,3,2.9999999992,-0.0000000008,0.9999999997,Solved
GQjnfk,18,2,2.0000000001,0.0000000001,1.0000000000,Solved
GQjnfs,18,2,2.0000000012,0.0000000012,1.0000000006,Solved
GQjnfw,18,2,2.0000000000,0.0000000000,1.0000000000,Solved
GQjnf{,19,2,2.0000000001,0.0000000001,1.0000000000,Solved
GQjnt{,19,2,2.0000000004,0.0000000004,1.0000000002,Solved
GQjnvs,19,2,2.0000000001,0.0000000001,1.0000000001,Solved
GQjnvw,19,2,2.0000000001,0.0000000001,1.0000000001,Solved
GQjnv{,20,2,2.0000000006,0.0000000006,1.0000000003,Solved
GQjn~{,21,2,2.0000000000,-0.0000000000,1.0000000000,Solved
GQjur[,17,3,2.9999999996,-0.0000000004,0.9999999999,Solved
GQjurk,17,2,2.2360679782,0.2360679782,1.1180339891,Solved
GQjurw,17,2,2.2360679789,0.2360679789,1.1180339895,Solved
GQjur{,18,2,2.2360679781,0.2360679781,1.1180339891,Solved
GQjut[,17,2,2.2360679777,0.2360679777,1.1180339888,Solved
GQjuuk,17,2,2.2360679780,0.2360679780,1.1180339890,Solved
GQjuuw,17,3,2.9999999999,-0.0000000001,1.0000000000,Solved
GQjuvK,17,3,2.9999999985,-0.0000000015,0.9999999995,Solved
GQjuv[,18,2,2.2360679777,0.2360679777,1.1180339888,Solved
GQjuvg,17,2,2.2360679780,0.2360679780,1.1180339890,Solved
GQjuvk,18,2,2.2360679778,0.2360679778,1.1180339889,Solved
GQjuvo,17,3,2.9999999996,-0.0000000004,0.9999999999,Solved
GQjuvw,18,2,2.2360679776,0.2360679776,1.1180339888,Solved
GQjuv{,19,2,2.2360679777,0.2360679777,1.1180339888,Solved
GQjuz{,19,2,2.0000000000,0.0000000000,1.0000000000,Solved
GQju~[,19,2,2.0000000001,0.0000000001,1.0000000001,Solved
GQju~w,19,2,2.0000000002,0.0000000002,1.0000000001,Solved
GQju~{,20,2,2.0000000000,0.0000000000,1.0000000000,Solved
GQjv\{,19,2,2.0000000001,0.0000000001,1.0000000001,Solved
GQjv^[,19,2,2.0000000001,0.0000000001,1.0000000000,Solved
GQjv^s,19,2,2.0000000002,0.0000000002,1.0000000001,Solved
GQjv^w,19,2,2.0000000002,0.0000000002,1.0000000001,Solved
GQjv^{,20,2,2.0000000000,0.0000000000,1.0000000000,Solved
GQjva{,17,3,2.9999999998,-0.0000000002,0.9999999999,Solved
GQjvd[,17,3,2.9999999998,-0.0000000002,0.9999999999,Solved
GQjve[,17,3,3.0000000006,0.0000000006,1.0000000002,Solved
GQjvek,17,3,2.9999999995,-0.0000000005,0.9999999998,Solved
GQjve{,18,3,2.9999999999,-0.0000000001,1.0000000000,Solved
GQjvfK,17,3,3.0000000010,0.0000000010,1.0000000003,Solved
GQjvf[,18,3,2.9999999999,-0.0000000001,1.0000000000,Solved
GQjvfg,17,3,2.9999999999,-0.0000000001,1.0000000000,Solved
GQjvfk,18,3,3.0000000000,-0.0000000000,1.0000000000,Solved
GQjvfw,18,3,2.9999999997,-0.0000000003,0.9999999999,Solved
GQjvf{,19,3,2.9999999991,-0.0000000009,0.9999999997,Solved
GQjvm{,19,2,2.0000000002,0.0000000002,1.0000000001,Solved
GQjvn[,19,2,2.0000000002,0.0000000002,1.0000000001,Solved
GQjvnk,19,2,2.0000000004,0.0000000004,1.0000000002,Solved
GQjvn{,20,2,2.0000000002,0.0000000002,1.0000000001,Solved
GQjvvk,19,2,2.0000000003,0.0000000003,1.0000000001,Solved
GQjvvs,19,2,2.0000000001,0.0000000001,1.0000000000,Solved
GQjvvw,19,2,2.0000000000,0.0000000000,1.0000000000,Solved
GQjvv{,20,2,2.0000000006,0.0000000006,1.0000000003,Solved
GQjv~{,21,2,2.0000000001,0.0000000001,1.0000000000,Solved
GQj~v[,20,2,2.0000000002,0.0000000002,1.0000000001,Solved
GQj~vk,20,2,2.0000000003,0.0000000003,1.0000000002,Solved
GQj~vw,20,2,2.0000000000,0.0000000000,1.0000000000,Solved
GQj~v{,21,2,2.0000000001,0.0000000001,1.0000000000,Solved
GQj~~{,22,2,1.9999999999,-0.0000000001,0.9999999999,Solved
GQyurg,16,2,2.3431457508,0.3431457508,1.1715728754,Solved
GQyurw,17,2,2.3380444598,0.3380444598,1.1690222299,Solved
GQyus{,17,3,2.9999999992,-0.0000000008,0.9999999997,Solved
GQyuuk,17,2,2.2360679804,0.2360679804,1.1180339902,Solved
GQyuu{,18,2,2.2360679779,0.2360679779,1.1180339890,Solved
GQyuvg,17,2,2.2360679783,0.2360679783,1.1180339892,Solved
GQyuvk,18,2,2.2360679795,0.2360679795,1.1180339897,Solved
GQyuvs,18,2,2.2360679776,0.2360679776,1.1180339888,Solved
GQyuvw,18,2,2.2360679798,0.2360679798,1.1180339899,Solved
GQyuv{,19,2,2.2360679794,0.2360679794,1.1180339897,Solved
GQyuzw,18,2,2.3145962126,0.3145962126,1.1572981063,Solved
GQyuz{,19,2,2.2360679776,0.2360679776,1.1180339888,Solved
GQyu}{,19,2,2.2360679793,0.2360679793,1.1180339897,Solved
GQyu~[,19,2,2.2360679781,0.2360679781,1.1180339890,Solved
GQyu~s,19,2,2.2360679777,0.2360679777,1.1180339888,Solved
GQyu~w,19,2,2.2360679776,0.2360679776,1.1180339888,Solved
GQyu~{,20,2,2.2360679781,0.2360679781,1.1180339891,Solved
GQyvTw,17,2,2.2360679794,0.2360679794,1.1180339897,Solved
GQyvV[,18,2,2.2360679779,0.2360679779,1.1180339890,Solved
GQyvVo,17,3,2.9999999982,-0.0000000018,0.9999999994,Solved
GQyvVs,18,2,2.2360679777,0.2360679777,1.1180339888,Solved
GQyvVw,18,2,2.2360679799,0.2360679799,1.1180339900,Solved
GQyvV{,19,2,2.2360679778,0.2360679778,1.1180339889,Solved
GQyv\{,19,2,2.2360679790,0.2360679790,1.1180339895,Solved
GQyv^[,19,2,2.2360679776,0.2360679776,1.1180339888,Solved
GQyv^w,19,2,2.2360679776,0.2360679776,1.1180339888,Solved
GQyv^{,20,2,2.2360679775,0.2360679775,1.1180339888,Solved
GQyves,17,3,3.0000000000,-0.0000000000,1.0000000000,Solved
GQyvew,17,3,2.9999999996,-0.0000000004,0.9999999999,Solved
GQyve{,18,3,3.0000000000,-0.0000000000,1.0000000000,Solved
GQyvfW,17,3,2.9999999996,-0.0000000004,0.9999999999,Solved
GQyvf[,18,3,2.9999999989,-0.0000000011,0.9999999996,Solved
GQyvfc,17,3,2.9999999991,-0.0000000009,0.9999999997,Solved
GQyvfo,17,3,3.0000000000,-0.0000000000,1.0000000000,Solved
GQyvfs,18,3,2.9999999995,-0.0000000005,0.9999999998,Solved
GQyvfw,18,3,2.9999999986,-0.0000000014,0.9999999995,Solved
GQyvf{,19,3,2.9999999998,-0.0000000002,0.9999999999,Solved
GQyvt{,19,2,2.2360679784,0.2360679784,1.1180339892,Solved
GQyvv[,19,2,2.2360679776,0.2360679776,1.1180339888,Solved
GQyvvk,19,2,2.2360679778,0.2360679778,1.1180339889,Solved
GQyvvs,19,2,2.2360679775,0.2360679775,1.1180339887,Solved
GQyvvw,19,2,2.2360679775,0.2360679775,1.1180339888,Solved
GQyvv{,20,2,2.2360679776,0.2360679776,1.1180339888,Solved
GQyv~w,20,2,2.2360679775,0.2360679775,1.1180339888,Solved
GQyv~{,21,2,2.2360679776,0.2360679776,1.1180339888,Solved
GQy}z{,20,2,2.0000000001,0.0000000001,1.0000000000,Solved
GQy}}{,20,2,2.0000000001,0.0000000001,1.0000000000,Solved
GQy}~[,20,2,2.0000000002,0.0000000002,1.0000000001,Solved
GQy}~s,20,2,2.0000000003,0.0000000003,1.0000000002,Solved
GQy}~w,20,2,2.0000000003,0.0000000003,1.0000000001,Solved
GQy}~{,21,2,2.0000000000,0.0000000000,1.0000000000,Solved
GQy~a{,18,2,2.0000000000,0.0000000000,1.0000000000,Solved
GQy~d[,18,2,2.0000000003,0.0000000003,1.0000000002,Solved
GQy~e[,18,3,2.9999999995,-0.0000000005,0.9999999998,Solved
GQy~es,18,2,2.0000000000,0.0000000000,1.0000000000,Solved
GQy~ew,18,2,2.2360679786,0.2360679786,1.1180339893,Solved
GQy~e{,19,2,2.0000000008,0.0000000008,1.0000000004,Solved
GQy~fS,18,2,2.2360679776,0.2360679776,1.1180339888,Solved
GQy~fW,18,2,2.0000000001,0.0000000001,1.0000000000,Solved
GQy~f[,19,2,2.0000000011,0.0000000011,1.0000000006,Solved
GQy~fc,18,2,2.0000000000,0.0000000000,1.0000000000,Solved
GQy~fs,19,2,2.0000000004,0.0000000004,1.0000000002,Solved
GQy~fw,19,2,2.0000000001,0.0000000001,1.0000000000,Solved
GQy~f{,20,2,2.0000000006,0.0000000006,1.0000000003,Solved
GQy~vk,20,2,2.0000000003,0.0000000003,1.0000000001,Solved
GQy~vs,20,2,2.0000000003,0.0000000003,1.0000000002,Solved
GQy~vw,20,2,2.0000000002,0.0000000002,1.0000000001,Solved
GQy~v{,21,2,2.0000000000,0.0000000000,1.0000000000,Solved
GQy~~{,22,2,2.0000000002,0.0000000002,1.0000000001,Solved
GQzTrg,16,2,2.0000000003,0.0000000003,1.0000000002,Solved
GQzTus,17,3,2.9999999996,-0.0000000004,0.9999999999,Solved
GQzTuw,17,2,2.0000000000,0.0000000000,1.0000000000,Solved
GQzTu{,18,2,2.0000000012,0.0000000012,1.0000000006,Solved
GQzTvW,17,2,2.2360679779,0.2360679779,1.1180339890,Solved
GQzTvg,17,2,2.0000000009,0.0000000009,1.0000000005,Solved
GQzTvs,18,2,2.0000000008,0.0000000008,1.0000000004,Solved
GQzTvw,18,2,2.0000000003,0.0000000003,1.0000000001,Solved
GQzTv{,19,2,2.0000000003,0.0000000003,1.0000000001,Solved
GQzV]w,18,2,2.0000000002,0.0000000002,1.0000000001,Solved
GQzV]{,19,2,2.0000000006,0.0000000006,1.0000000003,Solved
GQzV^[,19,2,2.0000000002,0.0000000002,1.0000000001,Solved
GQzV^w,19,2,2.0000000001,0.0000000001,1.0000000000,Solved
GQzV^{,20,2,2.0000000001,0.0000000001,1.0000000000,Solved
GQzVr{,19,2,2.0000000001,0.0000000001,1.0000000000,Solved
GQzVt{,19,2,2.0000000000,0.0000000000,1.0000000000,Solved
GQzVu{,19,2,2.0000000001,0.0000000001,1.0000000000,Solved
GQzVv[,19,2,2.0000000001,0.0000000001,1.0000000000,Solved
GQzVvg,18,2,2.0000000001,0.0000000001,1.0000000000,Solved
GQzVvk,19,2,2.0000000000,0.0000000000,1.0000000000,Solved
GQzVvs,19,2,2.0000000001,0.0000000001,1.0000000000,Solved
GQzVvw,19,2,2.0000000000,0.0000000000,1.0000000000,Solved
GQzVv{,20,2,2.0000000001,0.0000000001,1.0000000001,Solved
GQzV~w,20,2,2.0000000010,0.0000000010,1.0000000005,Solved
GQzV~{,21,2,2.0000000002,0.0000000002,1.0000000001,Solved
GQz^`{,18,3,3.0000000021,0.0000000021,1.0000000007,Solved
GQz^b[,18,3,2.9999999997,-0.0000000003,0.9999999999,Solved
GQz^d[,18,2,2.2360679775,0.2360679775,1.1180339887,Solved
GQz^ds,18,2,2.2360679778,0.2360679778,1.1180339889,Solved
GQz^d{,19,2,2.2360679791,0.2360679791,1.1180339895,Solved
GQz^e[,18,3,2.9999999996,-0.0000000004,0.9999999999,Solved
GQz^es,18,3,3.0000000000,-0.0000000000,1.0000000000,Solved
GQz^fS,18,2,2.2360679777,0.2360679777,1.1180339889,Solved
GQz^f[,19,2,2.2360679796,0.2360679796,1.1180339898,Solved
GQz^fc,18,2,2.2360679777,0.2360679777,1.1180339888,Solved
GQz^fo,18,3,2.9999999988,-0.0000000012,0.9999999996,Solved
GQz^fs,19,2,2.2360679796,0.2360679796,1.1180339898,Solved
GQz^fw,19,2,2.2360679779,0.2360679779,1.1180339890,Solved
GQz^f{,20,2,2.2360679779,0.2360679779,1.1180339889,Solved
GQz^vk,20,2,2.0000000001,0.0000000001,1.0000000001,Solved
GQz^vs,20,2,2.0000000003,0.0000000003,1.0000000001,Solved
GQz^vw,20,2,2.0000000002,0.0000000002,1.0000000001,Solved
GQz^v{,21,2,2.0000000000,0.0000000000,1.0000000000,Solved
GQz^~{,22,2,2.0000000000,0.0000000000,1.0000000000,Solved
GQzl|{,20,2,2.0000000004,0.0000000004,1.0000000002,Solved
GQzl~s,20,2,2.0000000003,0.0000000003,1.0000000001,Solved
GQzl~w,20,2,2.0000000004,0.0000000004,1.0000000002,Solved
GQzl~{,21,2,2.0000000000,0.0000000000,1.0000000000,Solved
GQzm}{,20,2,2.0000000001,0.0000000001,1.0000000000,Solved
GQzm~s,20,2,2.0000000003,0.0000000003,1.0000000001,Solved
GQzm~w,20,2,2.0000000007,0.0000000007,1.0000000004,Solved
GQzm~{,21,2,2.0000000003,0.0000000003,1.0000000002,Solved
GQzn\{,20,2,2.0000000010,0.0000000010,1.0000000005,Solved
GQzn]{,20,2,2.0000000001,0.0000000001,1.0000000000,Solved
GQzn^[,20,2,2.0000000001,0.0000000001,1.0000000000,Solved
GQzn^w,20,2,2.0000000010,0.0000000010,1.0000000005,Solved
GQzn^{,21,2,2.0000000000,0.0000000000,1.0000000000,Solved
GQznvk,20,2,2.0000000002,0.0000000002,1.0000000001,Solved
GQznvs,20,2,2.0000000007,0.0000000007,1.0000000003,Solved
GQznvw,20,2,2.0000000004,0.0000000004,1.0000000002,Solved
GQznv{,21,2,2.0000000005,0.0000000005,1.0000000002,Solved
GQzn~{,22,2,2.0000000004,0.0000000004,1.0000000002,Solved
GQzvTw,18,2,2.2360679778,0.2360679778,1.1180339889,Solved
GQzvUw,18,2,2.0000000002,0.0000000002,1.0000000001,Solved
GQzvVS,18,2,2.0000000011,0.0000000011,1.0000000006,Solved
GQzvVW,18,3,2.9999999997,-0.0000000003,0.9999999999,Solved
GQzvV[,19,2,2.0000000001,0.0000000001,1.0000000001,Solved
GQzvVg,18,2,2.0000000005,0.0000000005,1.0000000002,Solved
GQzvVo,18,3,2.9999999999,-0.0000000001,1.0000000000,Solved
GQzvVs,19,2,2.0000000000,0.0000000000,1.0000000000,Solved
GQzvVw,19,2,2.0000000000,0.0000000000,1.0000000000,Solved
GQzvV{,20,2,2.0000000001,0.0000000001,1.0000000000,Solved
GQzvnk,20,2,2.0000000002,0.0000000002,1.0000000001,Solved
GQzvnw,20,2,2.0000000001,0.0000000001,1.0000000001,Solved
GQzvn{,21,2,2.0000000001,0.0000000001,1.0000000000,Solved
GQzvvg,19,2,2.0000000002,0.0000000002,1.0000000001,Solved
GQzvvs,20,2,2.0000000001,0.0000000001,1.0000000000,Solved
GQzvvw,20,2,2.0000000019,0.0000000019,1.0000000009,Solved
GQzvv{,21,2,2.0000000003,0.0000000003,1.0000000002,Solved
GQzv~{,22,2,2.0000000000,0.0000000000,1.0000000000,Solved
GQz~t{,21,2,2.0000000005,0.0000000005,1.0000000002,Solved
GQz~u{,21,2,2.0000000001,0.0000000001,1.0000000001,Solved
GQz~v[,21,2,2.0000000002,0.0000000002,1.0000000001,Solved
GQz~vk,21,2,2.0000000001,0.0000000001,1.0000000000,Solved
GQz~vw,21,2,2.0000000001,0.0000000001,1.0000000000,Solved
GQz~v{,22,2,2.0000000000,0.0000000000,1.0000000000,Solved
GQz~~{,23,2,2.0000000000,0.0000000000,1.0000000000,Solved
GQ~vvg,20,2,2.0000000000,0.0000000000,1.0000000000,Solved
GQ~vvs,21,2,2.0000000000,-0.0000000000,1.0000000000,Solved
GQ~vvw,21,2,2.0000000023,0.0000000023,1.0000000011,Solved
GQ~vv{,22,2,2.0000000004,0.0000000004,1.0000000002,Solved
GQ~v~w,22,2,2.0000000001,0.0000000001,1.0000000000,Solved
GQ~v~{,23,2,2.0000000000,0.0000000000,1.0000000000,Solved
GQ~~~{,24,2,2.0000000000,-0.0000000000,1.0000000000,Solved
GTm|~w,21,2,2.0000000005,0.0000000005,1.0000000002,Solved
GTm|~{,22,2,2.0000000015,0.0000000015,1.0000000008,Solved
GTm~vs,21,2,2.0000000004,0.0000000004,1.0000000002,Solved
GTm~vw,21,2,2.0000000006,0.0000000006,1.0000000003,Solved
GTm~v{,22,2,2.0000000000,0.0000000000,1.0000000000,Solved
GTm~~{,23,2,2.0000000000,-0.0000000000,1.0000000000,Solved
GTnvnk,21,2,2.0000000001,0.0000000001,1.0000000000,Solved
GTnvn{,22,2,2.0000000001,0.0000000001,1.0000000001,Solved
GTnvvk,21,2,2.0000000009,0.0000000009,1.0000000004,Solved
GTnvvs,21,2,2.0000000008,0.0000000008,1.0000000004,Solved
GTnvvw,21,2,2.0000000000,0.0000000000,1.0000000000,Solved
GTnvv{,22,2,2.0000000017,0.0000000017,1.0000000008,Solved
GTnv~{,23,2,2.0000000013,0.0000000013,1.0000000006,Solved
GTn~~{,24,2,2.0000000000,-0.0000000000,1.0000000000,Solved
GTzn~{,23,2,2.0000000003,0.0000000003,1.0000000001,Solved
GTzv^[,21,2,2.0000000003,0.0000000003,1.0000000002,Solved
GTzv^{,22,2,2.0000000001,0.0000000001,1.0000000000,Solved
GTzvn[,21,2,2.0000000004,0.0000000004,1.0000000002,Solved
GTzvn{,22,2,2.0000000001,0.0000000001,1.0000000000,Solved
GTzvv[,21,2,2.0000000006,0.0000000006,1.0000000003,Solved
GTzvvk,21,2,2.0000000006,0.0000000006,1.0000000003,Solved
GTzvvs,21,2,2.0000000004,0.0000000004,1.0000000002,Solved
GTzvvw,21,2,2.0000000002,0.0000000002,1.0000000001,Solved
GTzvv{,22,2,2.0000000001,0.0000000001,1.0000000000,Solved
GTzv~{,23,2,2.0000000000,0.0000000000,1.0000000000,Solved
GTz~v[,22,2,2.0000000006,0.0000000006,1.0000000003,Solved
GTz~vk,22,2,2.0000000000,0.0000000000,1.0000000000,Solved
GTz~vw,22,2,2.0000000002,0.0000000002,1.0000000001,Solved
GTz~v{,23,2,2.0000000012,0.0000000012,1.0000000006,Solved
GTz~~{,24,2,2.0000000001,0.0000000001,1.0000000001,Solved
GT~~~{,25,2,1.9999999999,-0.0000000001,1.0000000000,Solved
GUZurw,18,2,2.3333333367,0.3333333367,1.1666666684,Solved
GUZuuk,18,2,2.2360679779,0.2360679779,1.1180339889,Solved
GUZuvK,18,3,2.9999999996,-0.0000000004,0.9999999999,Solved
GUZuvW,18,2,2.2360679781,0.2360679781,1.1180339891,Solved
GUZuv[,19,2,2.2360679784,0.2360679784,1.1180339892,Solved
GUZuvk,19,2,2.2360679778,0.2360679778,1.1180339889,Solved
GUZuvo,18,3,2.9999999997,-0.0000000003,0.9999999999,Solved
GUZuvw,19,2,2.2360679786,0.2360679786,1.1180339893,Solved
GUZuv{,20,2,2.2360679781,0.2360679781,1.1180339891,Solved
GUZu~[,20,2,2.2360679776,0.2360679776,1.1180339888,Solved
GUZu~w,20,2,2.2360679778,0.2360679778,1.1180339889,Solved
GUZu~{,21,2,2.2360679772,0.2360679772,1.1180339886,Solved
GUZv\{,20,2,2.2360679777,0.2360679777,1.1180339889,Solved
GUZv^w,20,2,2.2360679778,0.2360679778,1.1180339889,Solved
GUZv^{,21,2,2.2360679772,0.2360679772,1.1180339886,Solved
GUZvb[,18,3,3.0000000000,-0.0000000000,1.0000000000,Solved
GUZvd[,18,3,3.0000000000,0.0000000000,1.0000000000,Solved
GUZve[,18,3,3.0000000031,0.0000000031,1.0000000010,Solved
GUZvek,18,3,2.9999999994,-0.0000000006,0.9999999998,Solved
GUZve{,19,3,2.9999999991,-0.0000000009,0.9999999997,Solved
GUZvfK,18,3,3.0000000000,0.0000000000,1.0000000000,Solved
GUZvf[,19,3,2.9999999992,-0.0000000008,0.9999999997,Solved
GUZvfg,18,3,3.0000000002,0.0000000002,1.0000000001,Solved
GUZvfk,19,3,2.9999999989,-0.0000000011,0.9999999996,Solved
GUZvfo,18,3,3.0000000006,0.0000000006,1.0000000002,Solved
GUZvfw,19,3,2.9999999988,-0.0000000012,0.9999999996,Solved
GUZvf{,20,3,3.0000000000,-0.0000000000,1.0000000000,Solved
GUZvm{,20,2,2.2360679777,0.2360679777,1.1180339888,Solved
GUZvn[,20,2,2.2360679779,0.2360679779,1.1180339890,Solved
GUZvnk,20,2,2.2360679783,0.2360679783,1.1180339892,Solved
GUZvnw,20,2,2.2360679777,0.2360679777,1.1180339888,Solved
GUZvn{,21,2,2.2360679775,0.2360679775,1.1180339887,Solved
GUZvvW,19,2,2.2360679775,0.2360679775,1.1180339888,Solved
GUZvvg,19,2,2.2360679777,0.2360679777,1.1180339888,Solved
GUZvvo,19,3,2.9999999999,-0.0000000001,1.0000000000,Solved
GUZvvs,20,2,2.2360679776,0.2360679776,1.1180339888,Solved
GUZvvw,20,2,2.2360679779,0.2360679779,1.1180339889,Solved
GUZvv{,21,2,2.2360679776,0.2360679776,1.1180339888,Solved
GUZv~{,22,2,2.2360679774,0.2360679774,1.1180339887,Solved
GUZ~vk,21,2,2.2360679775,0.2360679775,1.1180339888,Solved
GUZ~vw,21,2,2.2360679775,0.2360679775,1.1180339888,Solved
GUZ~v{,22,2,2.2360679774,0.2360679774,1.1180339887,Solved
GUZ~~{,23,2,2.2360679775,0.2360679775,1.1180339887,Solved
GUxvuw,19,2,2.0000000001,0.0000000001,1.0000000000,Solved
GUxvu{,20,2,2.0000000003,0.0000000003,1.0000000002,Solved
GUxvv[,20,2,2.0000000013,0.0000000013,1.0000000006,Solved
GUxvvg,19,2,2.0000000001,0.0000000001,1.0000000000,Solved
GUxvvk,20,2,2.0000000000,0.0000000000,1.0000000000,Solved
GUxvvo,19,3,3.0000000002,0.0000000002,1.0000000001,Solved
GUxvvs,20,2,2.0000000001,0.0000000001,1.0000000000,Solved
GUxvvw,20,2,2.0000000008,0.0000000008,1.0000000004,Solved
GUxvv{,21,2,2.0000000000,0.0000000000,1.0000000000,Solved
GUxv~w,21,2,2.0000000002,0.0000000002,1.0000000001,Solved
GUxv~{,22,2,2.0000000001,0.0000000001,1.0000000001,Solved
GUz]}{,21,2,2.0000000004,0.0000000004,1.0000000002,Solved
GUz]~{,22,2,2.0000000001,0.0000000001,1.0000000000,Solved
GUz^u{,21,2,2.0000000002,0.0000000002,1.0000000001,Solved
GUz^vs,21,2,2.0000000002,0.0000000002,1.0000000001,Solved
GUz^vw,21,2,2.0000000002,0.0000000002,1.0000000001,Solved
GUz^v{,22,2,2.0000000000,0.0000000000,1.0000000000,Solved
GUz^~{,23,2,2.0000000004,0.0000000004,1.0000000002,Solved
GUzrvW,19,2,2.2360679777,0.2360679777,1.1180339888,Solved
GUzrvg,19,2,2.1099162642,0.1099162642,1.0549581321,Solved
GUzrvo,19,3,2.9999999999,-0.0000000001,1.0000000000,Solved
GUzrvw,20,2,2.1099162642,0.1099162642,1.0549581321,Solved
GUzrv{,21,2,2.1099162642,0.1099162642,1.0549581321,Solved
GUzv]{,21,2,2.0000000003,0.0000000003,1.0000000002,Solved
GUzv^[,21,2,2.0000000009,0.0000000009,1.0000000005,Solved
GUzv^{,22,2,2.0000000001,0.0000000001,1.0000000000,Solved
GUzvrw,20,2,2.0000000007,0.0000000007,1.0000000003,Solved
GUzvv[,21,2,2.0000000003,0.0000000003,1.0000000002,Solved
GUzvvk,21,2,2.0000000004,0.0000000004,1.0000000002,Solved
GUzvvw,21,2,2.0000000000,0.0000000000,1.0000000000,Solved
GUzvv{,22,2,2.0000000000,0.0000000000,1.0000000000,Solved
GUzv~{,23,2,2.0000000003,0.0000000003,1.0000000001,Solved
GUz~u{,22,2,2.0000000010,0.0000000010,1.0000000005,Solved
GUz~vk,22,2,2.0000000000,0.0000000000,1.0000000000,Solved
GUz~vw,22,2,2.0000000001,0.0000000001,1.0000000001,Solved
GUz~v{,23,2,2.0000000000,0.0000000000,1.0000000000,Solved
GUz~~{,24,2,2.0000000000,0.0000000000,1.0000000000,Solved
GU~vvs,22,2,2.0000000001,0.0000000001,1.0000000000,Solved
GU~vvw,22,2,2.0000000000,0.0000000000,1.0000000000,Solved
GU~vv{,23,2,2.0000000001,0.0000000001,1.0000000001,Solved
GU~v~{,24,2,2.0000000000,0.0000000000,1.0000000000,Solved
GU~~~{,25,2,2.0000000000,0.0000000000,1.0000000000,Solved
GV~~~{,26,2,1.9999999999,-0.0000000001,1.0000000000,Solved
G]y~~{,24,2,1.9999999999,-0.0000000001,0.9999999999,Solved
G]zl|{,22,2,2.0000000006,0.0000000006,1.0000000003,Solved
G]zl~{,23,2,2.0000000002,0.0000000002,1.0000000001,Solved
G]zn\{,22,2,2.0000000000,0.0000000000,1.0000000000,Solved
G]zn^[,22,2,2.0000000000,0.0000000000,1.0000000000,Solved
G]zn^w,22,2,2.0000000001,0.0000000001,1.0000000000,Solved
G]zn^{,23,2,2.0000000000,-0.0000000000,1.0000000000,Solved
G]zn~{,24,2,2.0000000000,-0.0000000000,1.0000000000,Solved
G]z~~{,25,2,1.9999999996,-0.0000000004,0.9999999998,Solved
G]~vv[,23,2,2.0000000009,0.0000000009,1.0000000005,Solved
G]~vvs,23,2,2.0000000003,0.0000000003,1.0000000002,Solved
G]~vvw,23,2,2.0000000000,0.0000000000,1.0000000000,Solved
G]~vv{,24,2,2.0000000000,-0.0000000000,1.0000000000,Solved
G]~v~w,24,2,2.0000000000,0.0000000000,1.0000000000,Solved
G]~v~{,25,2,2.0000000000,-0.0000000000,1.0000000000,Solved
G]~~~{,26,2,2.0000000000,-0.0000000000,1.0000000000,Solved
G^~~~{,27,2,2.0000000000,-0.0000000000,1.0000000000,Solved
G~~~~{,28,1,1.0000000000,-0.0000000000,1.0000000000,Solved
