g6,n,edges,alpha,theta,gap,ratio,status
Z@O\MagCADc`e@O__`KoHO_CCHN?_G@DO?d??oCwQi??GTSPK?Dc?@YdI?c?,27,91,7,10.0605686591,3.0605686591,1.4372240942,Solved
Z@O\MagCADc`e@O_c`KoHO_CCHN?_G@DO?d??oCwQi??GTSPK?Dc?@YdI?c?,27,92,7,10.049476748,3.049476748,1.4356395354,Solved
Z@O\MagCADc`e@O__`KoHO_CCHN?_G@dO?d??oCwQi??GTSPK?Dc?@YdI?c?,27,92,7,10.0475785904,3.0475785904,1.4353683701,Solved
Z@O\MagCADc`e@O__`KoHO_CCHN?_G@DO?d??oCwQiO?GTSPK?Dc?@YdI?c?,27,92,7,10.0465858704,3.0465858704,1.4352265529,Solved
ZHoWG_JS_HsOPOASYO@?F`KC?Lgc?M?QCd?`OHCgOcDSCWOARC@C?AUsX??G,27,92,7,10.0420227144,3.0420227144,1.4345746735,Solved
ZHO\I_gcAD_hc@?kcHKoH?{bC_`OgCJ??GI?C_@`?gHG?QJa?IE@OOhg?JK?,27,92,7,10.0412413934,3.0412413934,1.4344630562,Solved
ZHOWG_JS_HsOPPASYO@?F`KC?Lgc?M?QCd?`OHCgOcDSCWOARC@C?AUsX??G,27,92,7,10.0409790593,3.0409790593,1.4344255799,Solved
Z@O\MagCADc`E@O_c`KoHO_CCHN?_G@DO?d??oCwQiO?GTSPK?Dc?@YdI?c?,27,92,7,10.0408218641,3.0408218641,1.4344031234,Solved
ZHOXK_J?MC@JhHsCD?AI_CAaIOGHR?_GMgO@?OQGcD__WLCO@@bGICSgaCI?,27,92,7,10.0407857032,3.0407857032,1.4343979576,Solved
Z@O\MagCADc`e@O__`KoHO_CCHN?_G@dO?d??oCwQiO?GTSPK?Dc?@YdI?c?,27,93,7,10.0380245976,3.0380245976,1.4340035139,Solved
ZHO\M_geAC_ls?@IT@?Ck?O\Ao?@OPQA??EFo??_?KY_GMEE_AKHC?b??EgW,27,90,7,10.0350546417,3.0350546417,1.4335792345,Solved
Z@O\MagCADc`e@O_c`KoHO_CCHN?_G@DO?d??oCwQiO?GTSPK?Dc?@YdI?c?,27,93,7,10.0350266866,3.0350266866,1.4335752409,Solved
ZHO\M_geAC_ls?@IT@?Ck?O\Ao?`OPQA??EFo??_?KY_GMEE_AKHC?b??EgW,27,91,7,10.0349280062,3.0349280062,1.4335611437,Solved
ZHO\M_geAC_ls?@IT@?Ck?O\Ao?`OPQA??EFp??_?KY_GMEE_AKHC?b??EgW,27,92,7,10.0345589332,3.0345589332,1.433508419,Solved
ZHO\A?gcAC_lsGi@?]??Vh?DQC??eWIUA?_DeQ?A?HPc_CUEoA@?KDQ_wAS?,27,93,7,10.0335468949,3.0335468949,1.4333638421,Solved
ZHOXK_J?MC@JhHsCD?AI_CAeIOGHR?_GMgO@?OQGcD__WLCO@@bGICSgaCI?,27,93,7,10.0330819566,3.0330819566,1.4332974224,Solved
Z@O\MagCADc`e@O_c`KoHO_CCHN?_G@dO?d??oCwQi??GTSPK?Dc?@YdI?c?,27,93,7,10.0323182406,3.0323182406,1.4331883201,Solved
ZHO\E?geAC_lSGEQY?_IcG?\O_?C?hA`ECGD`IA_SK@t?oO??\B?{AG_oPg?,27,93,7,10.0320159346,3.0320159346,1.4331451335,Solved
ZHO\I_gcAD_hc@?kcHKoH?{bC_`OgCJ??GI?C_@h?gHG?QJa?IE@OOhg?JK?,27,93,7,10.0319247605,3.0319247605,1.4331321086,Solved
ZHOWC_JSdHsO@Pg_?EW?HPoCCPO@CWoXDB?DOAsC_@DdAAOs_c?I?BA_c_Eg,27,92,7,10.0317288171,3.0317288171,1.4331041167,Solved
Z@?\G_gc?FWc`OOE`WmQ?OGgWGHAAIDcCOKP@CAh?DgcbB?u??D?gOIlI??G,27,92,7,10.0311166097,3.0311166097,1.4330166585,Solved
ZHO\A?geAC_lsGi@?Y??Vh?DQC??eWIUA?_DeQ?A?HPc_CUEoA@?KDQ_wAS?,27,93,7,10.0305194527,3.0305194527,1.4329313504,Solved
Z@?[G_gc?FWc`OOE`WmQ?OGgWKHAAIDcCOKP@CAh?DgcbB?u??D?gOIlI??G,27,92,7,10.0299794249,3.0299794249,1.4328542036,Solved
Z@O\MagCADc`E@O_c`KoHO_CCHN?_G@dO?d??oCwQiO?GTSPK?Dc?@YdI?c?,27,93,7,10.0296495187,3.0296495187,1.4328070741,Solved
ZHO\I_gcAD_hc@?kcHKoH?{bC_`OgCJ?CGI?C_@`?gHG?QJa?IE@OOhg?JK?,27,93,7,10.0294456593,3.0294456593,1.4327779513,Solved
ZHO\M_geAC_ls?`IT@?Ck?O\Ao?@OPQA??EFo??_?KY_GMEE_AKHC?b??EgW,27,91,7,10.0275364519,3.0275364519,1.4325052074,Solved
ZHO\M_geAC_ls?`IT@?Ck?O\Ao?@OPQA??EFp??_?KY_GMEE_AKHC?b??EgW,27,92,7,10.0274980845,3.0274980845,1.4324997264,Solved
ZHO\M_geAC_ls?`IT@?Ck?O\Ao?`OPQA??EFo??_?KY_GMEE_AKHC?b??EgW,27,92,7,10.0274236657,3.0274236657,1.4324890951,Solved
ZGoWC_JSdHsO@Pg_?EW?HPoC?PO@CWoXDB?DOAsC_@DdIAOs_c?I?BA_c_Eg,27,92,7,10.0274160286,3.0274160286,1.4324880041,Solved
ZHO\M_geAC_ls?`IT@?Ck?O\Ao?`OPQA??EFp??_?KY_GMEE_AKHC?b??EgW,27,93,7,10.0272641313,3.0272641313,1.4324663045,Solved
ZHO\E?geAC_lSGEQY?_IcG?\O_?CAhA`ECGD`IA_SK@s?oO??\B?{AG_oPg?,27,93,7,10.0270757972,3.0270757972,1.4324393996,Solved
ZHO\A?geAC_lsGi@?]??Vh?DQC??eWIUA?_DeQ?A?HPc_CUEoA@?KDQ_wAS?,27,94,7,10.0253405362,3.0253405362,1.4321915052,Solved
ZHoX?_JGCc@JhGccWg??JIOEO_OC`Q?MCF?DS?cgHQOgOp_AEGHgO?QgbA?G,27,92,7,10.0235665114,3.0235665114,1.4319380731,Solved
ZHO\M_geAC_lsG`IT@?Ck?O\Ao?@OPQA??EFo??_?KY_GMEE_AKHC?b??EgW,27,92,7,10.0231829094,3.0231829094,1.4318832728,Solved
ZHO\M_geAC_lsG`IT@?Ck?O\Ao?`OPQA??EFo??_?KY_GMEE_AKHC?b??EgW,27,93,7,10.0231406686,3.0231406686,1.4318772384,Solved
ZHO\M_geAC_lsG`IT@?Ck?O\Ao?`OPQA??EFp??_?KY_GMEE_AKHC?b??EgW,27,94,7,10.0230276087,3.0230276087,1.431861087,Solved
ZHOXK_H?MC@JhHsCT?AI_CAeIOGHR?_GMgO@?OQGcD__WLCO@@bGICSgaCI?,27,93,7,10.0228296373,3.0228296373,1.4318328053,Solved
Z@O\MagCADc`e@O_c`KoHO_CCHN?_G@dO?d??oCwQiO?GTSPK?Dc?@YdI?c?,27,94,7,10.0225593085,3.0225593085,1.4317941869,Solved
ZHOXK_J?MC@JhHsCT?AI_CAaIOGHR?_GMgO@?OQGcD__WLCO@@bGICSgaCI?,27,93,7,10.0225521722,3.0225521722,1.4317931675,Solved
ZHO\E?geAC_lSGEQY?_IcG?\O_?CAhA`ECGD`IA_SK@t?oO??\B?{AG_oPg?,27,94,7,10.0207863831,3.0207863831,1.4315409119,Solved
ZHOWM_JHMC@JhGsCTO?`P?@w@OLO?GGGdAOIGAPQc?IP?AF?`t?CGGK_h@Og,27,93,7,10.0188377861,3.0188377861,1.4312625409,Solved
Z@?\G_gc?FWc`OOE`WmQ?OGgWKHAAIDcCOKP@CAh?DgcbB?u??D?gOIlI??G,27,93,7,10.0183343723,3.0183343723,1.4311906246,Solved
ZHO\I_gcAD_hc@?kcHKoH?{bC_`OgCJ?CGI?C_@h?gHG?QJa?IE@OOhg?JK?,27,94,7,10.0177734263,3.0177734263,1.4311104895,Solved
ZHoWG_JS_HsOPPASYO@?F`KC?Lgc?M?QCd?`OHCgOcDSCWOARC@C?AUsX??G,27,93,7,10.0168588069,3.0168588069,1.4309798296,Solved
ZHOWC_JSdHsO@Pg_?EW?HPoCCPO@CWoXDB?DOAsC_@DdIAOs_c?I?BA_c_Eg,27,93,7,10.0160599474,3.0160599474,1.4308657068,Solved
ZHOHGAgeAC_Lt?AowgCoGCIWDGQE_su??O@c?GcX?KFWO_CHQ?D?KXAcA@a_,27,93,7,10.0157438471,3.0157438471,1.4308205496,Solved
Z@?\G_gc?FWc`OOE`WmQ?OGgWGLAAIDcCOKP@CAh?DgcbB?u??D?gOIlI??G,27,93,7,10.015581437,3.015581437,1.4307973481,Solved
Z@?[G_gc?FWc`OOE`WmQ?OGgWKLAAIDcCOKP@CAh?DgcbB?u??D?gOIlI??G,27,93,7,10.0155280699,3.0155280699,1.4307897243,Solved
ZHO\I__c?FwchOS??W_Fa?AqO_??fKp@?gCYPA@XOGw@@[_PCAP?o?e`ED?G,27,93,7,10.0149948535,3.0149948535,1.4307135505,Solved
ZHoX?_JGCc@J`GccWg??JIOEO_OC`Y?MCF?DS?cgHQOgOp_AEGHg??QgbA?G,27,91,7,10.014792243,3.014792243,1.4306846061,Solved
ZHOXK_J?MC@JhHsCT?AI_CAeIOGHR?_GMgO@?OQGcD__WLCO@@bGICSgaCI?,27,94,7,10.0145771926,3.0145771926,1.4306538847,Solved
ZHoWC_JSdHsO@Pg_?EW?HPoC?PO@CWoXDB?DOAsC_@DdIAOs_c?I?BA_c_Eg,27,93,7,10.0133609558,3.0133609558,1.4304801365,Solved
ZHoX?_JGCc@J`GccWg??JIOEO_OC`Y?MCF?DS?cgHQOgOp_AEGHgO?QgbA?G,27,92,7,10.013269748,3.013269748,1.4304671069,Solved
ZHO\I_?e?DwchOs??W_E??Aw_CW@fG?faWGQPGA[p@_G`?hAwA@GDCC`HG_G,27,93,7,10.0105446881,3.0105446881,1.4300778126,Solved
Z@OLMaGeA@c`a@Ok_gN?@CAcWCPIAWChOAIct???@Ceic?KIAGD?s@AcC@EG,27,93,7,10.0105133678,3.0105133678,1.4300733383,Solved
ZHoGC_JOdHs?@OPoQOOIhCAQ_aW@kPU?P?K`E?Sgg_HYo?OADo@GGGEgOp?G,27,93,7,10.0103751378,3.0103751378,1.4300535911,Solved
ZGoWC_JSdHsO@Pg_?EW?HPoCCPO@CWoXDB?DOAsC_@DdIAOs_c?I?BA_c_Eg,27,93,7,10.0102920522,3.0102920522,1.4300417217,Solved
ZGoWM_JOdHoOASs??chCEcKC@@D?DI`GcgSCOBB?GEBc_p_C_?l?QKAfO?_G,27,93,7,10.0098635073,3.0098635073,1.429980501,Solved
ZHO\I__c?FwchOs??W_Fa?AqO_??fKp@?gCYPA@XOGw@@[_PCAP?o?e`ED?G,27,94,7,10.0093061025,3.0093061025,1.4299008718,Solved
ZGoWI_HOdHsOATc?CeGCU_OL?KLG??@aKwOGE@KcE?B_WGsK?aPPHCAaSOo?,27,93,7,10.008339956,3.008339956,1.4297628509,Solved
ZHOHGAgeAC_lt?AowgCoGCIWDGQE_su??O@c?GcX?KFWO_CHQ?D?KXAcA@a_,27,94,7,10.0078547119,3.0078547119,1.4296935303,Solved
Z@?\G_gc?FWc`OOE`WmQ?OGgWKLAAIDcCOKP@CAh?DgcbB?u??D?gOIlI??G,27,94,7,10.0075199599,3.0075199599,1.4296457086,Solved
ZHOWM??hM_D??tSGcdOFG?ESDCMC@Go_cAgDCw?DG?PtOG_EOAgO?cB_?kIG,27,91,7,10.0073986786,3.0073986786,1.4296283827,Solved
ZHO\MAgCADch_@E_wa?BBCAc??hAaIGCcIO@cA@GfCGOAggPK_CI?CF??dSW,27,92,7,10.0063136074,3.0063136074,1.4294733725,Solved
Z@OW?_J@Cc@JhHscTAAM@OM?g@YcDBAOACCJcC@TU?O?h?oGKCHO`GD??WHW,27,93,7,10.0057418205,3.0057418205,1.4293916886,Solved
ZHOWM_JHMC@JhGsCTO?`P?@w@OLO?GGGdAOIGAPQcCIP?AF?`t?CGGK_h@Og,27,94,7,10.0055867134,3.0055867134,1.4293695305,Solved
ZHOWK_JScHsOPPs_CCOOZaCG`HI?GKG@CiA@CAAgOcIggAA?HQP_CGhCWA@W,27,93,7,10.0051659295,3.0051659295,1.4293094185,Solved
ZHoWC_JSdHsO@Pg_?EW?HPoCCPO@CWoXDB?DOAsC_@DdAAOs_c?I?BA_c_Eg,27,93,7,10.0049768932,3.0049768932,1.4292824133,Solved
ZHoX?_JGCc@JhGccWg??JIOEO_OC`Y?MCF?DS?cgHQOgOp_AEGHg??QgbA?G,27,92,7,10.0044510506,3.0044510506,1.4292072929,Solved
ZHO\I__e?DwchOs??W_E??Aw_CW@fG?faWGQPGA[p@_G`?hAwA@GDCC`HG_G,27,94,7,10.0022508986,3.0022508986,1.4288929855,Solved
ZGOWI_HOdHsOATs?CeGCU_OL?KLG??@aKwOGE@KcE?B_WGsK?aPPHCAaSOo?,27,93,7,10.0018654179,3.0018654179,1.4288379168,Solved
ZHoX?_JGCc@JhGccWg??JIOEO_OC`Y?MCF?DS?cgHQOgOp_AEGHgO?QgbA?G,27,93,7,10.0018121881,3.0018121881,1.4288303126,Solved
ZHoWE_ICdGs?@H`_W?OAiE?KBKI`AHH@_?SBg_aGUS@@AWgOJA@GWWG?_ARW,27,92,7,10.0003587342,3.0003587342,1.4286226763,Solved
ZHOLMageA?_lp?A_CAW`Q@ONOC_SK_hQ?`R?C@q???Ns_A@?wGAOCAp@@@cO,27,91,7,10.0000082889,3.0000082889,1.4285726127,Solved
ZHOLMageA?_lp?A_CAW`Q@ONOC_SK_hQ?`R?C@q???Ns_A@?wGAOCAp@@@co,27,92,7,9.9999961634,2.9999961634,1.4285708805,Solved
ZHOLMageA?_lp?A_CAW`Q@ONOC_SK_hQ?`R?C@q???Ns_A@?wGAOCAp`@@co,27,93,7,9.9999515132,2.9999515132,1.4285645019,Solved
ZHOTMagCAD_hoDAoS?g`E@CGOGe?GpA?wIOBHCP_A@``Q_`EAaAp??P_CWcG,27,92,7,9.9994805127,2.9994805127,1.4284972161,Solved
ZHO\I__e?FwcaWSA?Y?PBhAC?BlOA?B_LCAPCA@gCk_c?kC`W?DO?IabO?Gg,27,93,7,9.9989302296,2.9989302296,1.4284186042,Solved
ZHOKKagEADchoDC__KH?`aATCO_gS_S@?OcLHSOPU?CW?CFD?aP_@PoGKA?W,27,92,7,9.9982415458,2.9982415458,1.4283202208,Solved
ZHOWM??hM_D??tSGcdOFG?ESDCMC@Go_cAgDEw?DG?PtOG_EOAgO?cB_?kIG,27,92,7,9.9971206817,2.9971206817,1.4281600974,Solved
ZHO\I__e?FwcaWSA?Y?PBhAC?FlOA?B_LCA@CA@gCk_c?kC`W?DO?IabO?Gg,27,93,7,9.9955959894,2.9955959894,1.4279422842,Solved
ZHO\MAgCADch_@E_wa?BBEAc??hAaIGCcIO@cA@GfCGOAggPK_CI?CF??dSW,27,93,7,9.9948883971,2.9948883971,1.4278411996,Solved
ZHO\M_ge?EOcS??t_@s@CSAUg?GF@GHSGc@oOC?xI`_@@oBOFC_E_G?oC@Cg,27,92,7,9.994861688,2.994861688,1.427837384,Solved
ZHO\I_ge?FwchOi??QOAJs?CBC??SWH_YO_aOACWOCW_GkHOGX?HCCIaO?Qo,27,92,7,9.9948365488,2.9948365488,1.4278337927,Solved
ZHoWE_ICdGs?@H`_WOOAiE?KBKI`AHH@_?SBg_aGUS@@AWgOJA@GWWG?_ARW,27,93,7,9.9948054051,2.9948054051,1.4278293436,Solved
Z@OLMagEADchE@?_cHKo@?_cDoN?CGh?EGDD?HSBG?_?QSJCAAm?SQQWaD??,27,92,7,9.9943378457,2.9943378457,1.4277625494,Solved
ZHOXM_@hIcC??se?gcgPW?F?c`K?@k?WJCc?C?c[C@OgAIHIA_i?oAdBS?W?,27,91,7,9.9942298638,2.9942298638,1.4277471234,Solved
ZHoWC_JSdHsO@Pg_?EW?HPoCCPO@CWoXDB?DOAsC_@DdIAOs_c?I?BA_c_Eg,27,94,7,9.9936722989,2.9936722989,1.4276674713,Solved
Z?O[MagOadOBHOIoQAWHII@?DoGOSb?@GoOA?HoGE?qbOoGO?MHs?AcCb?@W,27,92,7,9.9935697159,2.9935697159,1.4276528166,Solved
ZHO\MAgCADch_@E_wa?BBCAc??hAaIGCcJO@cA@GfCGOAggPK_CI?CF??DSW,27,92,7,9.9933178078,2.9933178078,1.4276168297,Solved
ZHO\MAgCADch_@E_wa?BBCAc??hAaIGCcJO@cA@GfCGOAggPK_CI?CF??dSW,27,93,7,9.9932700592,2.9932700592,1.4276100085,Solved
Z@OWKagW_dPBGp@G`JM_AH?G@oY@COS?K`GQP@@K_CQgGhGxA?OAC?JaOCQG,27,92,7,9.993073531,2.993073531,1.427581933,Solved
ZHODM_gEAC_LsG@IS@?IdO`CBPdOAO?KNCo?E_SWw@OSAGHB@`@DGIO?H?SW,27,93,7,9.9929669704,2.9929669704,1.4275667101,Solved
ZHoX?_JGKc@JhGccWg??JIOEO_OC`Q?MCF?DS?cgHQOgOp_AEGHgO?QgbA?G,27,93,7,9.9925042237,2.9925042237,1.4275006034,Solved
ZHOWK_JHKC@IhGsCTO@GQ?ONACG`@gooPD?B?`oIAoCgOqGCIAD?BqGD??`W,27,93,7,9.9920463434,2.9920463434,1.4274351919,Solved
ZHoGK_JScHsOPP@SCCWs@GQ@?HOoH\H?IQAG?DEUg@?_X?QI?@J?CeOgCGCg,27,93,7,9.9919446628,2.9919446628,1.4274206661,Solved
ZHOWK_JScHsOPPs_CCOOZaCG`HI@GKG@CiA@CAAgOcIgg?A?HQP_CGhCWA@W,27,93,7,9.9914249166,2.9914249166,1.4273464167,Solved
ZHO\K_gC?@choDAsI@DO`C?c?@gCOSO_NCHG?WgiIOgWe?O?wIOC?oa`O_ag,27,92,7,9.9909838343,2.9909838343,1.4272834049,Solved
Z@O[M_gWaC[_IO?XR??CFpGCDW_oQOdKGHOP@IGG?cCc@LDcEo??GDAkO?QG,27,92,7,9.9905913089,2.9905913089,1.4272273298,Solved
ZGoWM_JOdHoOASs??ehCEcKC@@D?DI`GcgSCOBB?GEBc_p_C_?l?QKAfO?_G,27,94,7,9.9901958433,2.9901958433,1.4271708348,Solved
Z@OWMaGGad[_IQ?\KS?GFEDGAB?Gd?B?[g?Pe?@a@__aO_T`?BIoCD@C@GIW,27,92,7,9.9901900069,2.9901900069,1.427170001,Solved
ZHOKKagEADchoDC__KH?`aATCO_gS_S@?OcLHSOPU?KW?CFD?aP_@PoGKA?W,27,93,7,9.989969068,2.989969068,1.4271384383,Solved
ZHOXA_JgMcT??tE?_h_@B`oEQ?aHCG?YEh?PACBTHA?_@OD?CW`PC@PA?aAO,27,90,7,9.9896994858,2.9896994858,1.4270999265,Solved
ZHOXM?gaAC_LsGiA?gY_I?KKcEGaOGCEOJ?SpG?_S@CQ@@DGDGp@[CQAA_J?,27,92,7,9.9896913675,2.9896913675,1.4270987668,Solved
Z@OLMaGeA@cha@Ok_gN?@CAcWCPIAWChOAIct???@Ceic?KIAGD?s@AcC@EG,27,94,7,9.9894127441,2.9894127441,1.4270589634,Solved
Z?O[MagOAdOBHOIoQAWHII@?DoGOSb?@IoOA?HoGE?qbOoGO?MHs?AcCb?@W,27,92,7,9.9888215303,2.9888215303,1.4269745043,Solved
ZHOXA_JgMcT??tE?_h_@B`oEQ?aHCG?YEh?PACBTHA?_@PD?CW`PC@PA?aAO,27,91,7,9.9887847272,2.9887847272,1.4269692467,Solved
Z?O[MagOadOBHOIoQAWHII@?DoGOSb?@IoOA?HoGE?qbOoGO?MHs?AcCb?@W,27,93,7,9.988722733,2.988722733,1.4269603904,Solved
ZHoX?_JGKc@J`GccWg??JIOEO_OC`Y?MCF?DS?cgHQOgOp_AEGHg??QgbA?G,27,92,7,9.9885029542,2.9885029542,1.4269289935,Solved
ZHO\I_ge?FwchOiA?QOAJs?CBC??SWH_YO_aOACWOCW_GkHOGX?HCCIaO?Qo,27,93,7,9.9884701399,2.9884701399,1.4269243057,Solved
Z@O\M__e?FGCoGABC_WcEAWLAo_cKPO?NC`@@BCPA_DkB@??PKP@?pBR@??W,27,92,7,9.9883411433,2.9883411433,1.4269058776,Solved
Z@O\M_ge?FwcsG?D@?YC`CBI??POCWF@G?AP`AOgsAH?kAPOCATGBHGc_Hc?,27,92,7,9.9881055331,2.9881055331,1.426872219,Solved
ZHO\M_ge?EOcS??t_@s@CCAUg?GF@GHSGc@oOC?xI`_@@oBOFC_E_GOoC@Cg,27,92,7,9.9877746085,2.9877746085,1.4268249441,Solved
ZHO\M_gEAC_LsGi??Y??NhACGCiH__EeI?GEoD??@?R__{@@IWCC_@`DGACG,27,91,7,9.9877269895,2.9877269895,1.4268181414,Solved
ZHOXM_?C?Fwc?teASaA@Feg?gaEG_GC@C?K\IW?P?SSGC?H@COLacC@?Gc`W,27,92,7,9.9876842541,2.9876842541,1.4268120363,Solved
ZHOWE_JSdHsO@HH_WO?AiEAK?RI?C_QWMO`A@?LKsC?sc?oIo?cO@AJ?A[?W,27,93,7,9.9875855243,2.9875855243,1.426797932,Solved
Z@OWMaGGad[_IQ?\KS?GFEDGAB?Gd?B?[gGPe?@a@__aO_T`?BIoCD@C@GIW,27,93,7,9.9874400576,2.9874400576,1.4267771511,Solved
ZHOX?_J@Cc@JhHscTAAM@Po@?w??GkU?GOQI?QwdH?CIA?J?@ZAGACGoC@Og,27,92,7,9.9874336241,2.9874336241,1.426776232,Solved
Z@O[M_gWaC[_IO?XR??CFpGCDW_oQOdKGHOP@I?H?RP?AoRcEo?W_?c?CA_w,27,92,7,9.9871272562,2.9871272562,1.4267324652,Solved
ZHOWM_JOdHsOASs??egCEeCCGKSCD@AA\O_EOBA_SA?cGE@CK@Dh?_A__oK_,27,92,7,9.9870629316,2.9870629316,1.4267232759,Solved
ZHO\MagCAD?hoDAoS?g`E@CGOGe?GpA?wIOBHCP_A@``Q_`EAaAp??P_CWcG,27,92,7,9.9866434982,2.9866434982,1.4266633569,Solved
ZGOXMAGeEGGUAoo_?iG?PGS@OaXA?_OISZ?Ok?cP?PJO_pS@KOeCiI_EDW??,27,93,7,9.9863550733,2.9863550733,1.4266221533,Solved
Z@O[M_gWaC[_IO?XR??CFpGCDW_oQOdKGHOP@I?H?RP?AoRcEo?W_Gc?CA_w,27,93,7,9.9863204208,2.9863204208,1.426617203,Solved
ZHoX?_JGKc@J`GccWg??JIOEO_OC`Y?MCF?DS?cgHQOgOp_AEGHgO?QgbA?G,27,93,7,9.9862443471,2.9862443471,1.4266063353,Solved
ZHOWK_JScHsOPPs_CCOOZaCG`HI@GKG@CiA@CAAgOcIggAA?HQP_CGhCWA@W,27,94,7,9.9862018138,2.9862018138,1.4266002591,Solved
ZHO\M_ge?FOcS??t`@sHC?AQgAGF?MG?S?@tG?M_?[AbO?DPK?KGOI@gAaOG,27,91,7,9.9861512147,2.9861512147,1.4265930307,Solved
ZHO\M_ge?FOcS??t`@sHCCAQgAGF?MG?S?@tG?M_?[AbO?DPK?KGOI@gAaOG,27,92,7,9.9861168013,2.9861168013,1.4265881145,Solved
Z@O\I_geAC_ls?x??Y@OLCIWAFE?GOQOMC_`?SDic?`?DGBHC_PI?H`OG@@W,27,93,7,9.9858442255,2.9858442255,1.4265491751,Solved
ZHOLKAgC?DchoDA_r@@IaCWQcOG@BIcGC?AxaD?GuCCG?FB?APP@[?Gi`?Q?,27,92,7,9.985830557,2.985830557,1.4265472224,Solved
ZGoWI_HOdHsOATs?CeGCU_OL?KLG??@aKwOGE@KcE?B_WGsK?aPPHCAaSOo?,27,94,7,9.9857857228,2.9857857228,1.4265408175,Solved
ZHOXM?gaAC_LsGiA?gY_I?KKcEGaOGCEOJ?SpG?gS@CQ@@DGDGp@[CQAA_J?,27,93,7,9.9856296359,2.9856296359,1.4265185194,Solved
Z@?[M_gWaC[_IO?XR??CFpGCDW_oQOdKGHOP`I?H?RP?AoRcEo?W_Gc?CA_w,27,93,7,9.9851170021,2.9851170021,1.426445286,Solved
Z@O\I_geAC_lsGw??Y@OLCIWAFE?GOQOMC_`?SDic?`?DGBHC_PI?H`OG@@W,27,93,7,9.9844236972,2.9844236972,1.4263462425,Solved
ZHO\K_gC?@choDAsI@DO`C?c?@gCOSOgNCHG?WgiIOgWe?O?wIOC?oa`O_ag,27,93,7,9.9843663256,2.9843663256,1.4263380465,Solved
ZHO\MagCAD_hoDAoS?g`E@CGOGe?GpA?wIOBHCP_A@``Q_`EAaAp??P_CWcG,27,93,7,9.9842612731,2.9842612731,1.426323039,Solved
ZHO\I__e?FwcaWSA?Y?PBhAC?FlOA?B_LCAPCA@gCk_c?kC`W?DO?IabO?Gg,27,94,7,9.9840785923,2.9840785923,1.4262969418,Solved
Z@O[MaGWad?BHPe@GSTGG@SWi?G`c`HAA?Y?O?@xUG?_@@POGTHAOKWQ?c__,27,92,7,9.9840694929,2.9840694929,1.4262956418,Solved
ZHoWE_ISdGs?@H`_W?OAiE?KBKI`AHH@_?SBg_aGUS@@AWgOJA@GWWG?_ARW,27,93,7,9.983720609,2.983720609,1.4262458013,Solved
Z@O[M_gWaC[_IO?XR??CFpGCDW_oQOdKGHOP@IGG?cCc@LDcEo??HDAkO?QG,27,93,7,9.9829991352,2.9829991352,1.4261427336,Solved
ZHOTMagCAD_hoDAoS?g`E@KGOGe?GpA?wIOBHCP_A@``Q_`EAaAp??P_CWcG,27,93,7,9.9827462374,2.9827462374,1.4261066053,Solved
Z@OWC_J@Ec@JhHsCT?A_dXO?_wEG?GS?tF?C?HYGAFICQ?R?`Y_e??HcF?GG,27,93,7,9.9826958536,2.9826958536,1.4260994077,Solved
ZHOKKagEADchoDC__KHC`aATCO_gS_S@?OcLHSOPU?CW?CFD?aP_@PoGKA?W,27,93,7,9.9825222399,2.9825222399,1.4260746057,Solved
ZHO\MAgCADch_@E_wa?BBEAc??hAaIGCcJO@cA@GfCGOAggPK_CI?CF??DSW,27,93,7,9.9820886482,2.9820886482,1.426012664,Solved
ZHOXI_ge?FgcsG?D@@WFAh?Md@AG??SKOOGFiOO_B_E?OcFc`G_OAQA_AQ_g,27,92,7,9.9819376796,2.9819376796,1.4259910971,Solved
ZHO\MAgCADch_@E_wa?BBEAc??hAaIGCcJO@cA@GfCGOAggPK_CI?CF??dSW,27,94,7,9.9816625194,2.9816625194,1.4259517885,Solved
ZHOXG_gc?F_chOsA?SXQIODID_ICKCoOS?Oue_AG?SG_aAP?WOXoPG@@Q_@O,27,92,7,9.9814284217,2.9814284217,1.425918346,Solved
ZHoWE_ISdGs?@H`_WOOAiE?KBKI`AHH@_?SBg_aGUS@@AWgOJA@GWWG?_ARW,27,94,7,9.9811823511,2.9811823511,1.425883193,Solved
Z@O[IagWA`?@GPe@?PXUGC?LAcHIGSOsMCIGp?K?@aD_mH?aTG?G?@LiOO@G,27,93,7,9.9811071525,2.9811071525,1.4258724504,Solved
ZHO\MagC?@cho@?sI@AH_g?KCb_sOgF@AGSCCAqWOcQCHADA?w@o@Oa?a@GW,27,93,7,9.9810994987,2.9810994987,1.425871357,Solved
ZHODM_gEAC_LsG@IS@?IdO`CBPdOAO?KNCo?E_SWo@OSAGHB@`@DGIO?H?TW,27,93,7,9.9810502847,2.9810502847,1.4258643264,Solved
ZHODM_gEAC_LsG@IS@?IdO`CBPdOAO?KNCo?E_SWw@OSAGHB@`@DGIO?H?TW,27,94,7,9.9810379409,2.9810379409,1.425862563,Solved
ZHO\K_gC?@choDAsI@DO`C?c?`gCOSO_NCHG?WgiIOgWe?O?wIOC?oa`O_ag,27,93,7,9.9810056504,2.9810056504,1.4258579501,Solved
Z@O[M_gW??PBHQShiPCOdGqCCogF_CoOLCgOC@@l?Q?wCOAAs?BG@GG__@Pg,27,93,7,9.980883588,2.980883588,1.4258405126,Solved
Z@O[M_GeAC_lsGgA?aWF@w@C`O?HO]G?giC_C??xF@?gOgaAAbAGCc`ACGKW,27,93,7,9.9807852966,2.9807852966,1.4258264709,Solved
ZHOWE_JSdHsO@HH_WO?AiEAK?RI?C_QXMO`A@?LKsC?sc?oIo?cO@AJ?A[?W,27,94,7,9.9802458841,2.9802458841,1.425749412,Solved
Z@oWM_JScHsOISSBSEB?OCHCD@_CEO@Kb_?FC_GOGCP`AapIABC@OGooOI@G,27,93,7,9.9801033101,2.9801033101,1.4257290443,Solved
ZHoX?_JGKc@JhGccWg??JIOEO_OC`Y?MCF?DS?cgHQOgOp_AEGHg??QgbA?G,27,93,7,9.9800952516,2.9800952516,1.4257278931,Solved
Z@O[MaGGad[_IQ?\KS?GFEDGAB?Gd?B?[g?Pe?@a@__aO_T`?BIoCD@C@GIW,27,93,7,9.9800809863,2.9800809863,1.4257258552,Solved
Z@OKKagWad?B@PE@C?_DCAONO?oh_Sod@cCH?oPiDF??j?`i@CDgAq?GgM??,27,93,7,9.9799749514,2.9799749514,1.4257107073,Solved
ZH?WI_Ge?AWchOOEqCLOOApHAqUS???{CcWI?gSLDO??gEHS?AUC@P`DPC?W,27,93,7,9.9798937503,2.9798937503,1.4256991072,Solved
Z@O\MageA@_hE@Oc_cL?HO_c`OKGQICHGW?Rw?_?UP?_E`E@GTCC?AqcHS?G,27,93,7,9.9796422941,2.9796422941,1.4256631849,Solved
ZHO\M?gaAC_LsGiA?gY_I?KKcEGaOGCEOJ?SpG?_S@CQ@@DGDGp@[CQAA_J?,27,93,7,9.9795975495,2.9795975495,1.4256567928,Solved
Z@O\Ma_eADche@?g_@N?@ODOQ?AH_LO@GCGH?o_g?ig`GIcCGIDAWJ?K?ODW,27,92,7,9.9795540872,2.9795540872,1.4256505839,Solved
ZH?XG_ge?FWchOoA@WaDcqo??YII_@OIMOGp?GXaOC@a@bAHSOA??H`aSG@G,27,93,7,9.9790957498,2.9790957498,1.4255851071,Solved
ZHO\M_ge?EOcS??t_@s@CSAUg?GF@GHSGc@oOC?xI`_@@oBOFC_E_GOoC@Cg,27,93,7,9.9790595236,2.9790595236,1.4255799319,Solved
ZHO\KagC??choDAsGPEGQ?WdACGoSGJ`DDg?G?WkO_Gc?OLCHK@cAP@@Q@AW,27,93,7,9.9783182084,2.9783182084,1.4254740298,Solved
Z@OXI_gc?FwchOOgq@GAaI?LAQGH@ko?C?LH?tASs?@DACC?BcP`W@@G??RW,27,92,7,9.9782788077,2.9782788077,1.4254684011,Solved
ZHOXA_JgMcT??tE?_h_@B`oEQ?aHCG?YEh?PACBTHA?_@OD?CW`PC@PA?aAW,27,91,7,9.9779269657,2.9779269657,1.425418138,Solved
ZHoWK_JSdHsOPPASS?Ic@?BS?scCCQGAKOah@SI@OCgwO?DIO@`?@CSaCGOg,27,93,7,9.977824779,2.977824779,1.4254035399,Solved
Z@O\M_gcAC_LcGi@?]GGUIOFO_?OHnG??IU@@APG?TYCI?ROgC@C?Asgap??,27,93,7,9.9777479334,2.9777479334,1.4253925619,Solved
Z@O[MagWaDPA?Ba?cW_HcS?[DX?dGD??\_@QAQCOGGP_ESHIo_AcA?Hg_KQG,27,93,7,9.9776847633,2.9776847633,1.4253835376,Solved
ZHOXA_JgMcT??tE?_h_@B`oEQ?aHCG?YEh?PACBTHA?_@PD?CW`PC@PA?aAW,27,92,7,9.9775466138,2.9775466138,1.425363802,Solved
ZHO\M_gE?FwcCGGP@?]G@?teGJAd@?G?^?Q@AASHA@H?_ORC`?U?KS@s@CG_,27,93,7,9.9774723108,2.9774723108,1.4253531873,Solved
Z@OWK_HGMcT?pG?Fwa?OBC`cbAQI_O`HMIO@GICacg?`?@`HQCHwgO@?GKE_,27,94,7,9.9772492183,2.9772492183,1.4253213169,Solved
ZHoXA?JHIC?B@QsGyOsaOACUccC_o@OK?FD?GGIgE?[O`?JCoA@ACcIG??wW,27,92,7,9.9772340457,2.9772340457,1.4253191494,Solved
ZHoXA?JHIC?B@QsGyOsaOACUccC_o@OK_FD?GGIgE?[O`?JCoA@ACcIG??wW,27,93,7,9.9772207928,2.9772207928,1.4253172561,Solved
ZHoX?_JGKc@JhGccWg??JIOEO_OC`Y?MCF?DS?cgHQOgOp_AEGHgO?QgbA?G,27,94,7,9.9770177322,2.9770177322,1.4252882475,Solved
Z@O[MaGGad[_IQ?\KS?GFEDGAB?Gd?B?[gGPe?@a@__aO_T`?BIoCD@C@GIW,27,94,7,9.9769046537,2.9769046537,1.4252720934,Solved
ZHOXI_gc?FwchOOgq@GAaI?LAQGH@ko?C?LH?tASs?@DACC?BcP_W@@G??RW,27,92,7,9.9768031251,2.9768031251,1.4252575893,Solved
ZHoGK_JScHsOPP@TCCWs@GQ@?HOoH\H?IQAG?@EUg@?_X?QI?@J?CeOgCGCg,27,93,7,9.9767137945,2.9767137945,1.4252448278,Solved
ZHOGM_JGMC?HhHscTO?`P@SDAQ?_H\H?C?DPEABGIoDIa_???wFi_AH@?agO,27,94,7,9.9765866761,2.9765866761,1.425226668,Solved
ZH?WI_Ge?AWchOOEqCLOOApHAqUS???{CcWI?wSLDO??gEHS?AUC@P`DPC?W,27,94,7,9.9764591009,2.9764591009,1.425208443,Solved
ZHOXM_?C?Fwc?teASaA@Feg?gaEG_GCBC?K\IW?P?SSGC?H@COLacC@?Gc`W,27,93,7,9.9764047152,2.9764047152,1.4252006736,Solved
ZH?XG_ge?FWchOoA@WaDcqo??YII_@OIMOGP?GXaOC@a@bAHSOA_?H`aSG@G,27,93,7,9.9763462801,2.9763462801,1.4251923257,Solved
ZHoXA?JHIC?B@QsGyOsaOACUccC_o@OK?ED?GGIgE?[O`?JCpA@ACcIG??wW,27,92,7,9.976245424,2.976245424,1.4251779177,Solved
ZHoXA?JHIC?B@QsGyOsaOACUccC_o@OK_ED?GGIgE?[O`?JCpA@ACcIG??wW,27,93,7,9.9762445867,2.9762445867,1.4251777981,Solved
ZHOXG_J?Mc@JhHSCTA?AVpOAA@?_DPO_yACBPO@`@A@a?d`_cCDPS@G@@?PW,27,93,7,9.9759310307,2.9759310307,1.4251330044,Solved
ZHO\M?gaAC_LsGiA?gY_I?KKcEGaOGCEOJ?SpG?gS@CQ@@DGDGp@[CQAA_J?,27,94,7,9.9759121393,2.9759121393,1.4251303056,Solved
Z@O[M_GeAC_lsGiA?aWF@w@C`O?HO]G?giC_C??xF@?gOgaAAbAGCc`A?GKW,27,93,7,9.9757986016,2.9757986016,1.4251140859,Solved
ZHoWK_JSd@sOOP@AsOIEOADSC_goCg`@acAHGoO_GGAy??aAAgBOGOi?I__W,27,92,7,9.975526784,2.975526784,1.4250752549,Solved
Z@O[M_GeAC_lsGiA?aWF@w@C`O?HO]G?giC_C??xF@?gOgaAAbAGCc`ACGKW,27,94,7,9.9754484608,2.9754484608,1.4250640658,Solved
ZHOKKagEADchoDC__KHC`aATCO_gS_S@?OcLHSOPU?KW?CFD?aP_@PoGKA?W,27,94,7,9.9753748166,2.9753748166,1.4250535452,Solved
Z@O\I_geAC_lsGx??Y@OLCIWAFE?GOQOMC_`?SDic?`?DGBHC_OI?H`OG@@W,27,93,7,9.9753655024,2.9753655024,1.4250522146,Solved
ZHOXMagEAC_lAAS__[T?CC@K@pSOOP?CMAOHP?HKOIAwa@GGO_d?D[_AD?DW,27,93,7,9.9752899085,2.9752899085,1.4250414155,Solved
ZHOWI_BHMc@JhHsCSO?HO?SFA?Gp?GCES@W`?@TLP?AsWAO?@LAA?qHg_DQ?,27,92,7,9.975183411,2.975183411,1.4250262016,Solved
ZHOXM_@hIcC??te?gcgPW?F?c`K?@k?WJCc?C?c[C@OgAIHIA_i?oAdBS?W?,27,92,7,9.9750862627,2.9750862627,1.4250123232,Solved
ZHO\KagC??choDAsGPEGQ?WlACGoSGJ`DDg?G?WkO_Gc?OLCHK@cAP@@Q@AW,27,94,7,9.9749967392,2.9749967392,1.4249995342,Solved
ZHOX?_JHMc?J?@SC@H\@HsCahAEKC?CAyED??S?{sC?gg?@?GJHI@O__DOAg,27,92,7,9.9745490179,2.9745490179,1.424935574,Solved
ZHOWM??hM_T??tSGcdOFG?ESDCMC@Go_cAgDCw?DG?PtOG_EOAg??cB_?kIG,27,91,7,9.9744871159,2.9744871159,1.4249267308,Solved
Z?O[MagOadOBHOIoQAWHII@?DoGOSb?@KoOA?HoGE?qbOoGO?MHs?AcCb?@W,27,93,7,9.9743316524,2.9743316524,1.4249045218,Solved
ZHO\M_gEAC_LsGi??Y??NhACGCiH__EeI?GEoD??@?R__{@@IWCC_@`DGAEG,27,92,7,9.9742806136,2.9742806136,1.4248972305,Solved
ZHOX?_J@Cc@JhHscTAAM@Po@?w??GgAVCOQIhG?cU?GIA?J?@ZCGACIoC@Og,27,93,7,9.974279328,2.974279328,1.4248970469,Solved
ZHOLMagE?D_hc@Okc_GOHO_cD_L?gEGO_O@FAAgGh?ScI@Io@GHAQg_?OA`W,27,92,7,9.9742128913,2.9742128913,1.4248875559,Solved
Z@O\E_geAC_lsGx??@GUD?D`Q?gBQTOH@AOB@GDLO@O_{D?HCD_?@OIa@?Ig,27,93,7,9.9741774754,2.9741774754,1.4248824965,Solved
Z@O\M__e?FWCoGABC_WcEAWLAo_cKPO?NC`@@BCPA_DkB@??PKP@?pBR@??W,27,93,7,9.9740901487,2.9740901487,1.4248700212,Solved
ZHoXA_JHKc?JHHcc@HSGGo_aF???`q?EKWCEO?[GOoQsC?I@OOJC@J@GDA?W,27,92,7,9.9739570636,2.9739570636,1.4248510091,Solved
ZHoWK_JSd@sOOP@AsOIEOADSC_goCg`@acAHGoO_GGAy??aAAgBOGOi?I_gW,27,93,7,9.9738161674,2.9738161674,1.4248308811,Solved
ZHOWI_BHMc@JhHsCTO?HO?SFA?Gp?GCES@W`?@TLP?AsWAO?@LAA?qHg_DQ?,27,93,7,9.9737571348,2.9737571348,1.4248224478,Solved
ZH?XG_ge?FWchOoA@WaDcqo??YII_@OIMOGp?GXaOC@a@bAHSOA_?H`aSG@G,27,94,7,9.9731838734,2.9731838734,1.4247405533,Solved
ZHOLMageAC_lp?A_CAW`Q@ONOC_SK_hQ?`R?C@q???Ns_A@?wGAOCAp@@@cO,27,92,7,9.9731096556,2.9731096556,1.4247299508,Solved
ZHOLMageAC_lp?A_CAW`Q@ONOC_SK_hQ?`R?C@q???Ns_A@?wGAOCAp@@@co,27,93,7,9.9731095921,2.9731095921,1.4247299417,Solved
ZHOLMageAC_lp?A_CAW`Q@ONOC_SK_hQ?`R?C@q???Ns_A@?wGAOCAp`@@co,27,94,7,9.9731092732,2.9731092732,1.4247298962,Solved
ZH?\I__e?FwchOSA@?wHa?oMW_CQAA?Pg?RCCGAx?W[?WECI@AWOK?`x??B_,27,92,7,9.9731004405,2.9731004405,1.4247286344,Solved
ZHO\M__A?Fwc?deASa??FaG_BoP?Wq?AKWa`@O_Od__d?_aO?YBSAE@OA?UW,27,93,7,9.9730843861,2.9730843861,1.4247263409,Solved
ZH?WI_BHMc@JhHsCTO?HO?SFA?Gp?GCES@W`?@TLP?AsWAOC@LAA?qHg_DQ?,27,93,7,9.9726826812,2.9726826812,1.4246689545,Solved
ZHO[I__e?DWc`?g?I@OFb@QO?CidCTQ?G?LBI?dHCgOGa?cCAoR_WGF@WW_?,27,92,7,9.9725878895,2.9725878895,1.4246554128,Solved
ZHO\M_ge?FwcsG?D@?YC`CBI??POCWF@G?AP`AOgsAH?kAPOCATGBHGc_Hc?,27,93,7,9.9724091366,2.9724091366,1.4246298767,Solved
ZH?\G_ge?FwchOoAGAPQJQo?C`?_PYE?GQ`_?DBGoSAs_?Y?Doo?GIBxG?_G,27,93,7,9.9723909149,2.9723909149,1.4246272736,Solved
ZHOXI_gc?FwchOOgq@GAaI?LAQGH@ko?C?LH?tASs?@DACC?BcP`W@@G??RW,27,93,7,9.9723845003,2.9723845003,1.4246263572,Solved
ZHOWM_JOdHsOASs??egCEeCCGKSCD@AA\O_EOBA_SA@cGE@CK@Dh?_A__oK_,27,93,7,9.9723587786,2.9723587786,1.4246226827,Solved
ZHO\I_ge?Ew_hOsG@@o?b?XEO?hGQGBGD?QHi?CO?]?_Y?`PID?E_CQ??CUw,27,92,7,9.9717896509,2.9717896509,1.4245413787,Solved
ZHO\K_gC?@choDAsI@DO`C?c?`gCOSOgNCHG?WgiIOgWe?O?wIOC?oa`O_ag,27,94,7,9.9717470304,2.9717470304,1.4245352901,Solved
ZHoGK_JScHsOPP@TCCWs@GQ@?HOoH\H?IQAG?DEUg@?_X?QI?@J?CeOgCGCg,27,94,7,9.9716420291,2.9716420291,1.4245202899,Solved
ZHO\I_ge?Ew_hOsG@@o?b?XEO?hGQGBGDAQHi?CO?]?_Y?`PID?E_CQ??CUw,27,93,7,9.9709921291,2.9709921291,1.424427447,Solved
ZHoXA?JHIC?B@QsGyOsaOACUccC_o@OK?FD?GGIgE?[O`?JCpA@ACcIG??wW,27,93,7,9.9704606947,2.9704606947,1.4243515278,Solved
ZHoXA?JHIC?B@QsGyOsaOACUccC_o@OK_FD?GGIgE?[O`?JCpA@ACcIG??wW,27,94,7,9.9704540798,2.9704540798,1.4243505828,Solved
Z@O[M_gWaC[_IO?XR??CFpGCDW_oQOdKGHOP@IGK?cCc@LDcEo??GDAkO?QG,27,93,7,9.9700841811,2.9700841811,1.4242977402,Solved
ZHOXA_JgMcT??tE?_ha@B`oEQ?aHCG?YEh?PACBTHA?_@OD?CW`PC@PA?aAO,27,91,7,9.9700574787,2.9700574787,1.4242939255,Solved
ZHOXA_JgMcT??tE?_ha@B`oEQ?aHCG?YEh?PACBTHA?_@PD?CW`PC@PA?aAO,27,92,7,9.9697819063,2.9697819063,1.424254558,Solved
ZHOXG_gc?F_chOsA?SXQIODID_ICKCoOS?Oue_AI?SG_aAP?WOXoPG@@Q_@O,27,93,7,9.9696528861,2.9696528861,1.4242361266,Solved
Z@O[M_gWaC[_IO?XR??CFpGCDW_oQOdKGHOP`I?H?RP?AoRcEo?W_?c?CA_w,27,93,7,9.9696457604,2.9696457604,1.4242351086,Solved
Z@O[M_gWaC[_IO?XR??CFpGCDW_oQOdKGHOP`I?H?RP?AoRcEo?W_Gc?CA_w,27,94,7,9.9696424866,2.9696424866,1.4242346409,Solved
ZHO\MagCAD?hoDAoS?g`E@KGOGe?GpA?wIOBHCP_A@``Q_`EAaAp??P_CWcG,27,93,7,9.9696119486,2.9696119486,1.4242302784,Solved
ZHOLMagE?D_hc@Okc_GOHO_cDoL?gEGO_O@FAAgGh?ScI@Io@GHAQg_?OA`W,27,93,7,9.9696051574,2.9696051574,1.4242293082,Solved
ZHOWM??hM_T??tSGcdOFG?ESDCMC@Go_cAgDCw?DG?PtOG_EOAgO?cB_?kIG,27,92,7,9.9695124034,2.9695124034,1.4242160576,Solved
Z?OWMagWadK_IO?\OaQcBApGOQLG?ls?AGKO?AWqH?G_I?Lk?AA?h_D_@WOo,27,93,7,9.9694862617,2.9694862617,1.4242123231,Solved
ZGOLI__e?FwcaW_ABO`Ib@?r?_hQAIdA??QBgAIHgSG?A`XAGCDT?OGaO`CO,27,93,7,9.9693147497,2.9693147497,1.4241878214,Solved
ZHO\M_ge?FocS??t`@sHC?AQgAGF?MG?S?@tG?M_?[AbO?DPK?KGOI@gAaOG,27,92,7,9.9692696347,2.9692696347,1.4241813764,Solved
ZHO\M_ge?FocS??t`@sHCCAQgAGF?MG?S?@tG?M_?[AbO?DPK?KGOI@gAaOG,27,93,7,9.9691630241,2.9691630241,1.4241661463,Solved
ZHOP?_J@Cc@JhHscSAAM?OMA_CWE?AHHCGHE??mKo?CgwCDjO?CA?h_?FA@W,27,91,7,9.9691449768,2.9691449768,1.4241635681,Solved
Z@OH?_JhKCT??`E?_h_@B`oFDA@QSaCiFOa_GARNHA?GBP?C?DRAs?Ci@a?G,27,92,7,9.9691448164,2.9691448164,1.4241635452,Solved
ZHOXA_JgMcT??TE?_h_@B`oEQ?aHCG?YEh?PACBTHA?_@OD?cW`PC@PA?aAO,27,90,7,9.9690568077,2.9690568077,1.4241509725,Solved
ZHO\MagCAD_hoDAoS?g`E@KGOGe?GpA?wIOBHCP_A@``Q_`EAaAp??P_CWcG,27,94,7,9.9690418359,2.9690418359,1.4241488337,Solved
ZHOXA_JgMcT??tE?_h_@B`oEQ?aHCG?YEh?PACBTHA?_@OD?cW`PC@PA?aAO,27,91,7,9.9689956251,2.9689956251,1.4241422322,Solved
Z?O[MagOAdOBHOIoQAWHII@?DoGOSb?@MoOA?HoGE?qbOoGO?MHs?AcCb?@W,27,93,7,9.9689392378,2.9689392378,1.4241341768,Solved
Z?OWMagWadK_IO?\OAQcBApGOQLG?ls?AGKS?AWqH?G_I?Lk?AA?h_D_@WOo,27,93,7,9.968845968,2.968845968,1.4241208526,Solved
ZH?\G_ge?FWchOOE`WmO??EfGG?dAaA_C_CL@WSI_@Os`?H?T@`CGJO?OODW,27,93,7,9.9688157547,2.9688157547,1.4241165364,Solved
Z?O[MagOadOBHOIoQAWHII@?DoGOSb?@MoOA?HoGE?qbOoGO?MHs?AcCb?@W,27,94,7,9.9687960987,2.9687960987,1.4241137284,Solved
ZH?\G__e?FwchOoAGAPQJQo?C`?_PYE?GQ`_?DBGoSAs_?Y?Doo?GIBxG?cG,27,93,7,9.9684644487,2.9684644487,1.4240663498,Solved
ZHoXA_JHKc?JHHcc@HTGGo_aF???`q?EKWCEO?[GOoQsC?I@OOJC@J@GDA?W,27,93,7,9.9684426956,2.9684426956,1.4240632422,Solved
ZH?\I_ge?FwcGOS??UWUG?AtCOH?i??Pmd?ge?_Q??d`@w`U?AO?w@cocO@O,27,93,7,9.968346998,2.968346998,1.4240495711,Solved
Z@O\I_geAC_lsGx??Y@OLCIWAFE?GOQOMC_`?SDic?`?DGBHC_PI?H`OG@@W,27,94,7,9.9677959155,2.9677959155,1.4239708451,Solved
ZHODA_ge?BWchOgAGeGsLF?OBSMgO?]???aFGAEOD_C`gGDC@oQ_?HDgP@CG,27,93,7,9.9677942691,2.9677942691,1.4239706099,Solved
ZHoWG_HScHsOPOATQO@@dOAWOEH?F@UOIC?P?LAhDAHG@_S@OGFE_E@W??oW,27,92,7,9.9676679631,2.9676679631,1.4239525662,Solved
ZHO\MagEAD_hoDE?_k??Js?CBaOO@WH_Q_?R@APICIECHGW_CCFC_gGd?`AG,27,93,7,9.9674954788,2.9674954788,1.4239279255,Solved
ZHO\I?_CAC_lsGEQT?_EdPKWGo@GAkOgC?gPCoBGIDHO?gcS_?RI?_DOD?OW,27,92,7,9.9674460528,2.9674460528,1.4239208647,Solved
ZHOP?_J@Cc@JhHscSAAM?OMA_CWE_AHHCGHE??mKo?CgwCDjO?CA?h_?FA@W,27,92,7,9.9673298988,2.9673298988,1.4239042713,Solved
ZHOXA_JhMcT??tc?_`a@B`oCh@eC?GO_C`@`?JQOoCTGo?B?BDP@G_gq?CGg,27,93,7,9.967223932,2.967223932,1.4238891331,Solved
ZHO\M_gEAC_LsGi??Y??NhACGCiH__EeI?GEoD??@?R__{@@IWCC_@`@GACW,27,91,7,9.967205355,2.967205355,1.4238864793,Solved
ZHoWG_HScHsOPOATQO@@dOAWOEH?F@UOIC?P?LAhDAHG@_S@OGFE_E@WC?oW,27,93,7,9.9671973919,2.9671973919,1.4238853417,Solved
ZHO\MagC?D_h_DASS?i_@AogCo\?AGSgd?Ga@GsGdI@GA@BeA@@GO_W_`AOg,27,93,7,9.9671917402,2.9671917402,1.4238845343,Solved
ZHO\M_gEAC_LsGi??Y??NhACGCiH__EeI?GEoD??@?R__{@@IWCC_@`DGACW,27,92,7,9.9669866847,2.9669866847,1.4238552407,Solved
ZHOHIageAC_kt?AocAg`PhOEY?_CKOGAggGBOK?oI@@q@GPo`CG?BbC?E?Gw,27,93,7,9.9669325788,2.9669325788,1.4238475113,Solved
ZH?\I__e?FwchOSA@?wHa?oMW_CQAA?Pg?RCCGAx?W[?WECI@AWOK_`x??B_,27,93,7,9.9667051029,2.9667051029,1.4238150147,Solved
ZHO\M_gEAC_LsGi??Y??NhACGCiH__EeI?GEoD??@?R__{@@IWCC_@`dGACG,27,92,7,9.9666809007,2.9666809007,1.4238115572,Solved
ZHOX?_J@Cc@JhHscTAAM@Po@?w??GgAVCWQIhG?cU?GIA?J?@ZCGACGoC@Og,27,93,7,9.9666808454,2.9666808454,1.4238115493,Solved
ZHOWM??hM_T??tSGcdOFG?ESDCMC@Go_cAgDEw?DG?PtOG_EOAg??cB_?kIG,27,92,7,9.9666025653,2.9666025653,1.4238003665,Solved
ZHOHA_gEAC_dt?A`?[TGR?o@?@`?kSIOKO_[ao?l?hOR@@_Pc?H?GoQoe@_?,27,91,7,9.9665292404,2.9665292404,1.4237898915,Solved
ZHOX?_JHMc?J?@SC@H\@HsCahAEKC?CAyED??S?{sC?gg?H?GJHA@O__DOAg,27,92,7,9.9665055495,2.9665055495,1.4237865071,Solved
ZHoWC_JODHcOPP__`IhH@_?DE?gsSO?AkDS@GGQM_GAi@h?ISAOcK`??OA@w,27,92,7,9.9664886981,2.9664886981,1.4237840997,Solved
Z@O\M?geAC_lsGw??AwF@eACdG?f?BG__GBU??JosI?wC?`G@?L@Qo?_?DWg,27,93,7,9.9664522528,2.9664522528,1.4237788933,Solved
ZHO\I_ge?Fw_h?sG@@oCb?XD?QK_@H?WGCPJE?_QD@@ogAHGAAd?XCc@OG_W,27,93,7,9.966322126,2.966322126,1.4237603037,Solved
Z@O[M_gW??PBHQShiPCOdGqCCogF_CoOLCgOC@@l?Q?wCOAAs?BG@GW__@Pg,27,94,7,9.966050507,2.966050507,1.423721501,Solved
ZHOHIageAC_kt?AocAg`PhOEY?_CKOGAggGBOK?oI@@q@GPo`CG?BbC?M?Gw,27,94,7,9.9660472621,2.9660472621,1.4237210374,Solved
ZGOXMAGeEGGUAoo_?iG?XGC@OaXA?_OISZ?Ok?cP?PJO_pS@KOeCiI_EDW??,27,93,7,9.9660263037,2.9660263037,1.4237180434,Solved
Z@O[MaGWA`?B@PE@?P[o`GpCDXDGH?@CMgACO`CY@ASW_HG?[GDIa_AaQ?L?,27,93,7,9.9660142216,2.9660142216,1.4237163174,Solved
ZHOX?_J@Cc@JhHscTAAM@Po@?w??GkU?GOQI?QwdH?CIA?J?@ZAAACGoC@Og,27,92,7,9.9659849224,2.9659849224,1.4237121318,Solved
ZHOX?_J@Cc@JhHscTAAM@Po@?w??GkU?GOQI?QwdH?CIA?J?@ZAIACGoC@Og,27,93,7,9.9659773577,2.9659773577,1.4237110511,Solved
ZHO\I_?e?Ew_SG?{C@w`W?cfCgH?ISOCcdo@aOI?GSCd?g`O?KICg?TpK?OO,27,94,7,9.9658133975,2.9658133975,1.4236876282,Solved
ZGOXMAGeEGGUAoo_?iG?XGS@OaXA?_OISZ?Ok?cP?PJO_pS@KOeCiI_EDW??,27,94,7,9.9656235284,2.9656235284,1.4236605041,Solved
Z@OW?_J@Cc@JhHscTAAM@OM?g@YcDBAOACCJcK@TU?O?h?oGKCHO`GD??WHW,27,94,7,9.9656065162,2.9656065162,1.4236580737,Solved
ZHO\MagCAD_hoDE?_m??Js?CBaOO@WH_Q_?R@APICIECHGW_CCFE_gGdA`A?,27,94,7,9.9656057006,2.9656057006,1.4236579572,Solved
ZHOXMagEAC_l?AS__[TGCC@K@pSOOP?CMAOHP?HKOIAwa@GGO_d?D[_AD?DW,27,93,7,9.9653235105,2.9653235105,1.4236176444,Solved
Z@O[M_gWaC[_IO?XR??CFpGCDW_oQ?dKGHOP@IGK?cCc@LDcEo??HDAkO?QG,27,93,7,9.9650344197,2.9650344197,1.4235763457,Solved
ZHoWG_BS`GSOPPC?`HlH`?S?g@M`@KAq?Wg?G_AyHIOOX?`oaQ??@DW`AOAg,27,92,7,9.9650017219,2.9650017219,1.4235716746,Solved
ZHoWC_JOdHcOPP__`IhH@_?DE?gsSO?AkDS@GGQM_GAi@h?ISAOcK`??OA@w,27,93,7,9.9648169752,2.9648169752,1.4235452822,Solved
ZHO[MagE?DchoDC__kHC`s?CGDL?@GFCGCPJEACqCgCS?GBAAi@?WCIg`?_g,27,94,7,9.9647397285,2.9647397285,1.4235342469,Solved
ZHoWM_JS`HOO_E?__Ji@Kg?T?dDG_GOOSiA_CHOXAKAQO?g?EBIAOS`g_CB_,27,92,7,9.9646819801,2.9646819801,1.4235259972,Solved
ZHOWK_JOdHsOPPASWO@?FsGEgQ?ogaCACWI@?_B`@B@__dg?SCLCBWCO_?HW,27,93,7,9.964646216,2.964646216,1.423520888,Solved
Z@O\I_ge?FochOsA@WIC_WD?WIGI?O@d?_DV_?Do@EcY??HAp?E@GM@c@cA_,27,93,7,9.9646309838,2.9646309838,1.423518712,Solved
ZGOLMaGAA?_laAGSISX_K?iSsaCgQACgMCOoI?AgF_?g?I`E??XcD?DC_O@W,27,92,7,9.9645671397,2.9645671397,1.4235095914,Solved
Z@O\M_geAC_lsGx?A?GSLHCC?hI?HOCcMgGA?OIW@a__kCKs?@BI@_C_W?pG,27,93,7,9.9645400183,2.9645400183,1.4235057169,Solved
ZHOWG_?HEcT??TsGcdOFGAEVC_?EBGcCWj_?o?KW@wCrAAOhO?AO|????Pcw,27,93,7,9.9644720746,2.9644720746,1.4234960107,Solved
Z@OWMagWadPBGpP?_EHGHE?IcGGOCk_ADA?dg_O_J_QaE?So?e@AQGS_WJ?_,27,93,7,9.9643438647,2.9643438647,1.423477695,Solved
ZH?\G_ge?FwchOoAGAPQJQo?C`?_PYE?GQ`_?DBGoSAs_?Y?Doo?GIBxG?cG,27,94,7,9.9642794349,2.9642794349,1.4234684907,Solved
ZHO\I?GcAC_lsGCQT?`GcOg[Do?UcC_GOc`BA_SO_PKt?g__WCAOC?L_@SgG,27,93,7,9.9642571976,2.9642571976,1.4234653139,Solved
ZHoWM_BS`HSO_EI_?BgoWSHbC_c?AoEDC@@SIK?WIgCC?Q`_aAHEG?Qg_CQg,27,93,7,9.9641651037,2.9641651037,1.4234521577,Solved
ZH?WM_HhMcT??t@JQ?XD@i_?GWOAAWGW`CaKC`?i?aQdGCI__@BU?c_gCCWO,27,94,7,9.9640841266,2.9640841266,1.4234405895,Solved
ZHOXM_JGMC@J?Hsc@@Y_cg?McA?U?g`OTCAICCHKGGacD?D@SGPa__C_?h_g,27,94,7,9.9640110301,2.9640110301,1.4234301472,Solved
ZHoWK_J?`HCOPPS_SEPOeARZ?W?HGi?_EQ?X_BOOG@HgW?PE?`DGGOQoB_?g,27,92,7,9.9639484656,2.9639484656,1.4234212094,Solved
Z@?[MagWadPBGPPGbOPQQo?KOoGSCK?bD_Ca?pOAOCGc`?i_CCJ@W?YA?@QW,27,93,7,9.9638528809,2.9638528809,1.4234075544,Solved
ZH?\G_ge?FWchOOE`WmO??EfGG?dAaA_C_CL@WSI_@Os`?H?T@`CGJO?OQDW,27,94,7,9.9638178214,2.9638178214,1.4234025459,Solved
Z@O[M_gWaC[_IO?XR??CFpGCDW_oQOdKGHOP@IGK?cCc@LDcEo??HDAkO?QG,27,94,7,9.9637743127,2.9637743127,1.4233963304,Solved
ZHoWG_BS`GSOPPC?`HlH`?S?g@M`@KAq?Wg?G_AyHIOOX?`oaQ??@DW`EOAg,27,93,7,9.9636935962,2.9636935962,1.4233847995,Solved
Z@OWMagWadPBGpP?_EHGHE?IcGGOCg_ADACdg_O_J_QaE?So?e@AQGS_WJ?_,27,93,7,9.963631117,2.963631117,1.4233758739,Solved
Z@O[IagWa`?@GPe@?PXUGC?LAcHIGSOsMCIGp?K?@aD_mH?aTG?G?@LiOO@G,27,94,7,9.9635737663,2.9635737663,1.4233676809,Solved
Z@OWMagWadPBGpP?_EHGHE?IcGGOCk_ADACdg_O_J_QaE?So?e@AQGS_WJ?_,27,94,7,9.9634943671,2.9634943671,1.4233563382,Solved
ZH?\I__e?FwcaWOADGDI?A@SCp?_TWCnAO`_O?CwE?WgeC?e?ODQ_DGC@o@W,27,93,7,9.9634733442,2.9634733442,1.4233533349,Solved
ZHOLEagE?D_ho@E_wa?BBpA?WI??HHAaSA?TOKOgM?GaCdDi?CaDA_G_QRO?,27,92,7,9.9633974576,2.9633974576,1.4233424939,Solved
ZHO\I?gE?FwcgOs??mGsC@Ao_Csq?GCgS@`P@A`I?@ctG@@?DoAoCBGAC?Iw,27,93,7,9.9632928726,2.9632928726,1.4233275532,Solved
ZHoWK_JSd@sOOP@AsOIEOADSC_goCg`@acAHGoO_GgAy??aAAgBOGOi?I__W,27,93,7,9.9632626022,2.9632626022,1.4233232289,Solved
ZHOWK_JSdGsOPPs?CCOQRaCGCp?QHIC?sOi@o_GHA?W_cgHiC_@?aQ_a?aaG,27,93,7,9.9632134505,2.9632134505,1.4233162072,Solved
ZHO\I_g_?Foc`Os??SGUIODGGJK`?Q?WCdODCKcP?ccPGCBICgO@AO`iO_`G,27,93,7,9.9631991405,2.9631991405,1.4233141629,Solved
ZHOXA_JgMcT??TE?_h_@B`oEQ?aHCG?YEh?PACBTHA?_@PD?cW`PC@PA?aAO,27,91,7,9.9631780678,2.9631780678,1.4233111525,Solved
ZHOHC_HhMCT??ta?_ha@BEcC_`G`YCK?dOAdPP@?oSIG?DPHQC??COLqs??_,27,92,7,9.96317348,2.96317348,1.4233104971,Solved
ZHoWK_JSdHsOPPASS?Ic@?BS?scCCQGAKOah@SI@OCgwO?DIO@`?BCSaCGOg,27,94,7,9.9631468575,2.9631468575,1.4233066939,Solved
ZHOTE?g_AC_lsGEQ??OsGh?LCpo[?@?ecE_@s@GLOP@?AxP?YAcBsG?AICS?,27,93,7,9.9631100354,2.9631100354,1.4233014336,Solved
ZHOXA_JgMcT??tE?_h_@B`oEQ?aHCG?YEh?PACBTHA?_@PD?cW`PC@PA?aAO,27,92,7,9.963064722,2.963064722,1.4232949603,Solved
ZHOWE_JO?@SOEBhKs?Co_pA@A@oQhOHdAYO?GaCoIWH?OV@@uG???BWiC_?g,27,92,7,9.9630555999,2.9630555999,1.4232936571,Solved
ZHOWE_JO?@SOEBhKs?Co_pA@A@oQhOHdAYO?GaCoIWH?OV@@uG???BWiC_Ag,27,93,7,9.9630444641,2.9630444641,1.4232920663,Solved
ZHOWG_?HEcT??TsGcdOFGAEVC_?EBGcCWj_?o?KW@wCrAAOhO?QO|????Pcw,27,94,7,9.9629997177,2.9629997177,1.423285674,Solved
ZHOXA_JgMcT??tE?_ha@B`oEQ?aHCG?YEh?PACBTHA?_@OD?CW`PC@PA?aAW,27,92,7,9.9627818295,2.9627818295,1.4232545471,Solved
ZHOXA_JgMcT??tE?_ha@B`oEQ?aHCG?YEh?PACBTHA?_@PD?CW`PC@PA?aAW,27,93,7,9.962699983,2.962699983,1.4232428547,Solved
ZHOWE_JO?@SOEBhKs?Co_pA@A@oQhOHdAYO?GaCoIWH?OV@@uG?G?BWiC_?g,27,93,7,9.9622028055,2.9622028055,1.4231718294,Solved
ZHOWE_JO?@SOEBhKs?Co_pA@A@oQhOHdAYO?GaCoIWH?OV@@uG?G?BWiC_Ag,27,94,7,9.9621931646,2.9621931646,1.4231704521,Solved
Z@O[M_gWadPBGPp?_EHIHE?GCqGsCD?OS@p@o?Hm@Co??IoE_?J@PGOcO@Ag,27,93,7,9.9621108054,2.9621108054,1.4231586865,Solved
ZHoWK_BSdG_OPPATQO@@FsH??iaHH?pW??OYg_PXOGHGgAHIo@G?AYAOA?Ow,27,93,7,9.9621101137,2.9621101137,1.4231585877,Solved
ZGO\M_geAC_LsGi@?IDGP?_xCSMH??SD?@HBC@EoD@HaDGgA?EHHS_Ae?cOO,27,94,7,9.9621018549,2.9621018549,1.4231574078,Solved
ZHoWM_JS`HOO_E?__Ji@Kh?T?dDG_GOOSiA_CHOXAKAQO?g?EBIAOS_g_CB_,27,92,7,9.9620321225,2.9620321225,1.4231474461,Solved
ZHoWG_BS`GSOPPC?`HlH`?S?g@M`@KAq?Wi?G_AyHIOOX?`oaQ??@DW`AOAg,27,93,7,9.9610826595,2.9610826595,1.4230118085,Solved
Z@OLIageAC_ls?x?A@GSHGC_A@GoOH?_cBa`p?Iah?ITH?@?WU_?D@L?_SGW,27,91,7,9.9609899941,2.9609899941,1.4229985706,Solved
ZHO\I_ge?FwchOSA?AGOM?oMC`GE_i@cO_Kae??WH@Cg@A`I?OA?pGDq??Ko,27,92,7,9.9608825849,2.9608825849,1.4229832264,Solved
ZHO\I_ge?FwchOSA?AGOM?oMC`GE_i@cO_Kae??WH@Cg@A`I?QA?pGDq??Ko,27,93,7,9.9608807831,2.9608807831,1.422982969,Solved
ZHOWM??hM_T??tSGcdOFG?ESDCMC@Go_cAgDEw?DG?PtOG_EOAgO?cB_?kIG,27,93,7,9.9605377093,2.9605377093,1.4229339585,Solved
ZHoWC_JODHcOPP__`IhH@_?DE?gsSO?AkDS@GGQM_GAi@h?ISAOcK`??OADw,27,93,7,9.9604454536,2.9604454536,1.4229207791,Solved
Z?O\M?gaAC_lcGEQ@OpGaoGCdOn_G@oGOCGI?coW?SaGC?bg?WHC{?AaGEC_,27,92,7,9.9603749144,2.9603749144,1.4229107021,Solved
ZHoWM_BS`HSO_EI_?BgoWSHbC_c?AoEDC@BSIK?WIgCC?Q`_aAHEG?Qg_CQg,27,94,7,9.960294658,2.960294658,1.4228992369,Solved
ZHOLEagE?Dcho@E_wa?BBpA?WI??HHAaSA?TOKOgM?GaCdDi?CaDA_G_QRO?,27,93,7,9.9602933287,2.9602933287,1.422899047,Solved
ZHO\I_?e?DwchOs??W_E??Aw_CW@fG?daWGQPGA[p@_G`?hAwA@GDSC`HGg?,27,93,7,9.9602554485,2.9602554485,1.4228936355,Solved
Z?O\M?gaAC_lsGEQ@OpGaoGCdOn_G@oGOCGI?coW?SaGC?bg?WHC{?AaGEC_,27,93,7,9.9602514748,2.9602514748,1.4228930678,Solved
ZHoOE_BSd@s?@Lh_YO?AiAAkJCAGOGp?cODIIo_GG`Igo_Gg?Ab?Ax@@cA?W,27,93,7,9.9601489481,2.9601489481,1.4228784212,Solved
Z@OXMagC?@chOC?sIP?HFsAOhOODCXQSA?SbA@wCGOGk?GPe@_@Og?A_a@Ig,27,92,7,9.9599993761,2.9599993761,1.4228570537,Solved
ZHoWK_BSdG_OPPATQO@@FsH??iaHH?pW??OYg_PXOGHGgAHIo@G?AyAOA?Ow,27,94,7,9.9598878876,2.9598878876,1.4228411268,Solved
Z?O\M?gaAC_lsGEQ@OpGaoGCdOn_G@oGOCGI?coW?SeGC?bg?WHC{?AaGEC_,27,94,7,9.9598614017,2.9598614017,1.4228373431,Solved
Z@OXI_gc?FwchOOgq@GAaI?LAQGH@ko?C?LH?tASs?`DACC?BcP`W@@G??RW,27,93,7,9.9598096213,2.9598096213,1.4228299459,Solved
ZHoWA_JSd@sOATc??EHCE`?C@KlI@?SQCOAhPHCIKQ@B?Ap?LAP`oG?c?WaG,27,93,7,9.9597907619,2.9597907619,1.4228272517,Solved
Z@O[KagWad[_IQ?\O?O_BWoDD__?OOOgKAaPE?WhQO_?Oqo`C?FC?YOg_?TG,27,92,7,9.9597673213,2.9597673213,1.422823903,Solved
Z@?\I__e?BwchOPAA?OFbAaHAoc_???M[h@aOKabO?cRCG??b?NIBG_Og@`G,27,93,7,9.9597396389,2.9597396389,1.4228199484,Solved
ZHO\I__a?Fw_gOC?@OgJaP?qH_G?]IC?c@ohiAOGtK?Q@DGGDPOO?Cf?cS?W,27,93,7,9.9595998305,2.9595998305,1.4227999758,Solved
ZHoWG_BS`GSOPPC?`HlH`?S?g@M`@KAq?Wi?G_AyHIOOX?`oaQ??@DW`EOAg,27,94,7,9.959470376,2.959470376,1.4227814823,Solved
ZHOXM_?C?Fwc?teASaA@Feg?gaEG_GC@C?K\IW?P?SSIC?H@COLacC@?Gc`W,27,93,7,9.9593940541,2.9593940541,1.4227705792,Solved
ZHO\MagEAD_hoDE?_m??Js?CBaOO@WH_Q_?R@APICIECHGW_CCFC_gGd?`AG,27,94,7,9.959337934,2.959337934,1.422762562,Solved
Z@OXMagC?@chOC?sIP?HFsAOhOODCXQSA?SbA@wCGOGk?GPe@_@Og?I_a@Ig,27,93,7,9.9593282703,2.9593282703,1.4227611815,Solved
Z?O\M_geAC_Ls?x?DHOC`pGCWDHGK_`QCIE@GSAK?OKM?a@?_HT@[?I_CYB?,27,94,7,9.9592959967,2.9592959967,1.422756571,Solved
ZHOXI_gc?FwchOOgq@GAaI?LAQGH@ko?C?LH?tASs?`DACC?BcP_W@@G??RW,27,93,7,9.9590381851,2.9590381851,1.4227197407,Solved
ZHO\M?_CAC_lsGEQT?_EdPKWGo@GAkOgC?gPCoBGIDHO?gcS_?RI?_DOD?OW,27,93,7,9.9584986855,2.9584986855,1.4226426694,Solved
ZHO\I_g_?Foc`Os??SGUIODGGJK`?Q?WCdOdCKcP?ccPGCBICgO@AO`iO_`G,27,94,7,9.9584798303,2.9584798303,1.4226399758,Solved
ZHO\I_ge?FwchOi??QOAJs?CBC?OSWH_YO_aOACWOCW_GkHOGX?HCCIaO?Qo,27,93,7,9.958349124,2.958349124,1.4226213034,Solved
Z@O\MagC?@chOC?sIP?HFsAOhOODCXQSA?SbA@wCGOGk?GPe@_@Og?A_a@Ig,27,93,7,9.9582851377,2.9582851377,1.4226121625,Solved
ZHoWC_JSDHsOPPh_?E[cC?BH??W@iHO@DD?Xs_A_E_I@AX??H?J?q@PD?EAW,27,92,7,9.9580668031,2.9580668031,1.4225809719,Solved
ZHoWC_JOdHcOPP__`IhH@_?DE?gsSO?AkDS@GGQM_GAi@h?ISAOcK`??OADw,27,94,7,9.9580644198,2.9580644198,1.4225806314,Solved
Z@oWM_JScHsOISSBSEB?OCHCD@_CEO@Kb_?FS_GOGCP`AapIABC@OGooOI@G,27,94,7,9.9580284066,2.9580284066,1.4225754867,Solved
Z@O[M_GWad[?IQ?\KSCGFeC?DcK@c?sAC_GT??Ygog__Sp?p??D?AHQ_g?Sg,27,93,7,9.9579738432,2.9579738432,1.4225676919,Solved
ZHOXK_J?Mc@JhHsCTAAI_C?kADLO_K_??@HA@?HX?Ia@OQKOoAePCAW?DC`G,27,92,7,9.9579248701,2.9579248701,1.4225606957,Solved
Z@O\MAgcAC_lA?C`_]TGCO?[hOHAa?HONOE@A_Aga?a`?cPPK_A?ATDq@P?_,27,93,7,9.9579103506,2.9579103506,1.4225586215,Solved
ZHOX?_JHMc?J?@SC@H\@HsCahAEKC?CAyED??S?{sC?gg?H?GJHI@O__DOAg,27,93,7,9.9577145468,2.9577145468,1.4225306495,Solved
ZHO\M_gEAC_LsGi??Y??NhACGCiH__EeI?GEoD??@?R__{@@IWCC_@`dGAEG,27,93,7,9.957691327,2.957691327,1.4225273324,Solved
ZHOX?_JHMc?J?@SC@H\HHsCahAEKC?CAyED??S?{sC?gg?@?GJHI@O__DOAg,27,93,7,9.9576510202,2.9576510202,1.4225215743,Solved
ZHOX?_J@Cc@JhHscTAAM@Po@?w??GgAVCWQIhG?cU?GIA?J?@ZCGACIoC@Og,27,94,7,9.957551499,2.957551499,1.422507357,Solved
ZHOX?_JHMc?J?@SC@H\HHsCahAEKC?CAyED??S?{sC?gg?H?GJHA@O__DOAg,27,93,7,9.9574491638,2.9574491638,1.4224927377,Solved
ZH?\I_ge?FwcGOs??UWUG?AtCOH?i??Pmd?ge?_Q??d`@w`U?AO?w@cocO@O,27,94,7,9.9572811453,2.9572811453,1.422468735,Solved
ZHoWK_JSd@sOOP@AsOIEOADSC_goCg`@acAHGoO_GgAy??aAAgBOGOi?I_gW,27,94,7,9.9572158834,2.9572158834,1.4224594119,Solved
ZHOWC_JSdHcOPPATSOMHAe@?aAYAWCO?KCohCAgQM?OCCOHc_O`ACH`??_FW,27,93,7,9.957184445,2.957184445,1.4224549207,Solved
ZHoWK_JOCHcOPP?TC_ICPgcAAA_Qgi`AW_IBhGC??AP`H_`E?u??cGLqCc@?,27,92,7,9.9571134626,2.9571134626,1.4224447804,Solved
ZHO\M_ge?F?_?dIBO_G`GOAMCbGBD?AgOY?F?cSa`DACGU?a@AFhACoGB_C_,27,93,7,9.9571086258,2.9571086258,1.4224440894,Solved
ZHO\I__e?Fw_gOC?@OgJaP?qH_G?]IC?c@ohiAOGtK?Q@DGGDPOO?Cf?cS?W,27,94,7,9.9569851666,2.9569851666,1.4224264524,Solved
ZHOXK_J?Mc@JhHsCTAAI_C?kADLO_K_??@HA@?HX?Ia@OQKOoAePCAW?DC`g,27,93,7,9.9569583858,2.9569583858,1.4224226265,Solved
ZHO\MagEA?_l_AC`_eQ?Hi?SCaM?aHOKEOG`?s@GAPSC_QBA_DICiCO?IG?w,27,93,7,9.9569395093,2.9569395093,1.4224199299,Solved
ZHOPK_J@Cc@Jg@scTA?@spH??@yHCIE@__WAC?aYIOGpQ?QE?`WBOSGC?_@w,27,93,7,9.9565972361,2.9565972361,1.4223710337,Solved
ZHoOC_JSdGsOPPh_?E[c?IOLCcG?aQAP_YAFB@?PH?cWOCBEB?`?SPE_DQQ?,27,94,7,9.9565517409,2.9565517409,1.4223645344,Solved
ZHOWC_I?Cc@JhHscTAAM@sK?b?H@Oac??CDfIE?SGGE?WTB?GTEP]??@AOw?,27,93,7,9.9564709009,2.9564709009,1.4223529858,Solved
Z@OSM__GadK_I_CC?kG?\bCCY_O@MSOpEGL?@S@N?A_yEO??_IBX?@W`Kg?O,27,92,7,9.9564458195,2.9564458195,1.4223494028,Solved
ZHOXI_BHEC?J@Hoc?H\H@s?ahA?po?_Ig?oh?oEcoC@`OD?p??h?M@BD?gAW,27,93,7,9.9564227085,2.9564227085,1.4223461012,Solved
ZGOXI_J@EC@JGHsc?@\HHs?awO?`oCICC@OgI?OiC?j?CDiAoI_`?_Ee?_Cg,27,93,7,9.9563123731,2.9563123731,1.422330339,Solved
ZHO\M_geAC_LsGI??OWJA_@OcOi_@tGGCIEE?YPQC_oo`GCE@GB?AeO_MC?g,27,94,7,9.9562924164,2.9562924164,1.4223274881,Solved
Z@O\MagC?@chOC?sIP?HFsAOhOODCXQSA?SbA@wCGOGk?GPe@_@Og?I_a@Ig,27,94,7,9.9562121872,2.9562121872,1.4223160267,Solved
Z@?[MagWadPBGPPGbOPQQp?KOoGSCK?b@_Ca?pOAOCGc`?i_CCJ@W?YA?@QW,27,93,7,9.9561555208,2.9561555208,1.4223079315,Solved
ZHO\I_ge?FwchOiA?QOAJs?CBC?OSWH_YO_aOACWOCW_GkHOGX?HCCIaO?Qo,27,94,7,9.9560600667,2.9560600667,1.4222942952,Solved
ZHoHE_J@Ec?JOchGsA?oD@oG_cWoIQKGaOOD@IGG@oQQ_O`I@_EO?WH_YAOG,27,93,7,9.9560077819,2.9560077819,1.422286826,Solved
ZHO\I?gE?FwcgOs??mGsC@Ao_Csq?GCgS@`P@A`I?@ctG@@?doAoCBGAC?Iw,27,94,7,9.9560060556,2.9560060556,1.4222865794,Solved
ZHOXA_JgMcT??TE?_h_@B`oEQ?aHCG?YEh?PACBTHA?_@OD?cW`PC@PA?aAW,27,91,7,9.9558475622,2.9558475622,1.4222639375,Solved
ZHOXA_JgMcT??tE?_h_@B`oEQ?aHCG?YEh?PACBTHA?_@OD?cW`PC@PA?aAW,27,92,7,9.9558180267,2.9558180267,1.4222597181,Solved
ZHO\M_ge?FwcsG?T@?YC`CBI??POCWF@G?AP`AOgsAH?kAPOCATGBHGc_Hc?,27,94,7,9.9557477389,2.9557477389,1.422249677,Solved
ZHOXI_ge?FwchOcGA?oEbaoH?J@?gWEIAC_QOKAOo?J?OORa?GPHACEg@KC_,27,93,7,9.9556213561,2.9556213561,1.4222316223,Solved
ZHO[I__e?Dwc_?g?I@OFb@QO?CidCTQ?G?LBI?dHCgOGa?cCAoR_WGB@WW_?,27,91,7,9.9555568888,2.9555568888,1.4222224127,Solved
ZHO[I__e?Dwc`?g?I@OFb@QO?CidCTQ?G?LBI?dHCgOGa?cCAoR_WGB@WW_?,27,92,7,9.9555522883,2.9555522883,1.4222217555,Solved
ZHoWK_JODHs?PPATYOH@D_cCc`I_WOA?kiA@cC@GI?cb@P?O_OT?LGI_Q_H_,27,94,7,9.9550782254,2.9550782254,1.4221540322,Solved
ZHO\M_ge?Fwco?GP@@WsA?WI_GWCgOG@K@aPPCAGOEKgQHGC@GJHA__oCAIG,27,93,7,9.9548293658,2.9548293658,1.4221184808,Solved
ZH?XE_J@Ec?JhHccTA?c_AQPC_yOC_M@Ag?O?HWiCcPH?iGh?ADC@@a_F?KG,27,93,7,9.9546730206,2.9546730206,1.4220961458,Solved
ZHOXI_gc?FwchOOgq@GAaI?LAQGH@ko?C?LH?tASs?`DACC?BcP`W@@G??RW,27,94,7,9.9546491651,2.9546491651,1.4220927379,Solved
ZHOXM_?C?Fwc?teASaA@Fe_?gaEG_GCBC?K\IW?P?SSIC?H@COLacC@?Gc`W,27,93,7,9.9545479799,2.9545479799,1.4220782828,Solved
ZHO[I_ge?EOchOs??@wFacGGcGWSE?AgK?j@PEA??GKg?bSOkGAiA?PdOCD?,27,92,7,9.9545039213,2.9545039213,1.4220719888,Solved
Z@OWMAgWad?BHPe@BAOJ@w@C_HOCCWqG@OcA?oIICEaOa?b@COCAQ?`o?CkO,27,90,7,9.9544419575,2.9544419575,1.4220631368,Solved
ZGOTA_ge?FWchOPEBOwM?GD@Oa?UA[?@wkG@OEcC`Ap@@B_@g?S?T?Hu??Q_,27,93,7,9.9543416557,2.9543416557,1.422048808,Solved
Z@OWMAgWad?BHPe@BAOJ@w@C_HOCCWqG@OcA?oIICEaOa?b@KOCAQ?`o?CkO,27,91,7,9.9543084488,2.9543084488,1.4220440641,Solved
ZHoHE_J@Ec?JOchGsA?oD@oG_cWoIQKGaOOD@IGg@oQQ_O`I@_EO?WH_YAOG,27,94,7,9.9543044218,2.9543044218,1.4220434888,Solved
ZHO\M_gE?BGcS??td@SGCOEEg?K?h?GSKBaIG@C]Go?qCLG?tL??GTaBP?AG,27,94,7,9.954191157,2.954191157,1.4220273081,Solved
Z@OWMAgWad?BHPe@BAOJ@w@C_HOCCWqG@OcA?oIICEaOa?b@COCIQ?`o?CkO,27,91,7,9.9540623496,2.9540623496,1.4220089071,Solved
Z@O\Ma_eADche@?g_`N?@ODOQ?AH_LO@GCGH?o_g?ig`GIcCGIDAWJ?K?ODW,27,93,7,9.9540175798,2.9540175798,1.4220025114,Solved
Z@OWMAgWad?BHPe@BAOJ@w@C_HOCCWqGDOcA?oIICEaOa?b@COCAQ?`o?CkO,27,91,7,9.9540108734,2.9540108734,1.4220015533,Solved
ZH?XE_J@Ec?JhHccTA?c_AQPC?yOC_M@Eg?O?HWiCcPH?iGh?ADC@@a_F?KG,27,93,7,9.9540087146,2.9540087146,1.4220012449,Solved
Z@OWMAgWad?BHPe@BAOJ@w@C_HOCCWqG@OcA?oIICEaOa?b@KOCIQ?`o?CkO,27,92,7,9.9538753411,2.9538753411,1.4219821916,Solved
Z@O[MaGWad?BHPe@GSTGG@SWi?G`c`HAA?Y?O?@xUG?_@@XOGTHAOKWQ?c__,27,93,7,9.9538475467,2.9538475467,1.421978221,Solved
ZHOXM_BhMcT??p@HW?Wp@AE_BOS_AXP?C?JD@OEQ@GD_`cgg?EHOCOCbOC@G,27,93,7,9.9537923521,2.9537923521,1.421970336,Solved
ZHOXM_BhMcT??p@HW?Wp@AE_BOS_AXP?C?JD@OEQ@GD_`cgg?EHOCoCbOC@G,27,94,7,9.9537713857,2.9537713857,1.4219673408,Solved
Z@O\MageA@_hE@Oc_cL?HO_c`OKGQICHGW?Rw?_?UP?_E`E@GTCC?AqcHS?g,27,94,7,9.953764751,2.953764751,1.421966393,Solved
Z@OWMAgWad?BHPe@BAOJ@w@C_HOCCWqGDOcA?oIICEaOa?b@KOCAQ?`o?CkO,27,92,7,9.953754025,2.953754025,1.4219648607,Solved
ZHOHAageAC_kt?AocAg`PhOEY?aC?_IP??qJg??oSKOa?GH@I@`PcCD?@ge?,27,91,7,9.9537453665,2.9537453665,1.4219636238,Solved
Z@?[MagWadPBGPPGbOPQQp?KOoGSCK?bD_Ca?pOAOCGc`?i_CCJ@W?YA?@QW,27,94,7,9.9536791787,2.9536791787,1.4219541684,Solved
Z@OWMAgWad?BHPe@BAOJ@w@C_HOCCWqGDOcA?oIICEaOa?b@COCIQ?`o?CkO,27,92,7,9.9536681318,2.9536681318,1.4219525903,Solved
ZHOPK_J@Cc@Jg@scTA?@spH??@yHCIE@__WAC?aYIOGpQ?QE?`WBOSGCC_@w,27,94,7,9.9536350681,2.9536350681,1.4219478669,Solved
ZHOHAageAC_kt?AocAg`PhOEY?aCG_IP??qJg??oSKOa?GH@I@`PcCD?@ge?,27,92,7,9.9535781314,2.9535781314,1.4219397331,Solved
ZHOXM_@hIcC??se?gcgPWAF?c`K?@k?WJCc?C?c[C@OgAIHIA_i?oAdBS?W?,27,92,7,9.953574464,2.953574464,1.4219392091,Solved
ZHoWC_JSDHsOPPh_?E[cC?BH??W@iHO@DD?Xs_A_E_I@AX?CH?J?q@PD?EAW,27,93,7,9.9534254829,2.9534254829,1.4219179261,Solved
Z@OWMAgWad?BHPe@BAOJ@w@C_HOCCWqGDOcA?oIICEaOa?b@KOCIQ?`o?CkO,27,93,7,9.9533519428,2.9533519428,1.4219074204,Solved
ZHOHAageAC_kt?AocAg`PhOEY?aC?_IP??qJg??oSKOa?GH@Y@`PcCD?@ge?,27,92,7,9.9533216978,2.9533216978,1.4219030997,Solved
Z@oWK_BSdHsOORsGCOOIGwG??PqEOHSE_C?jAL?GGCWy?E@AH@HA?M_CIG@W,27,93,7,9.95331822,2.95331822,1.4219026029,Solved
ZHOHAageAC_kt?AocAg`PhOEY?aC?_IP??qJg??oSKOq?GH@I@`PcCD?@ge?,27,92,7,9.9532460449,2.9532460449,1.4218922921,Solved
Z@O[MagWaDPACBa?cW_HcS?[DX?dGD??\_@QAQCOGGP_ESHIo_AcA?Hg_KQG,27,94,7,9.9532428731,2.9532428731,1.421891839,Solved
ZHO\I__e?FWchOIAAOiH`c?SBCG?eGOTJC?B?k?K`?CCGABO?oEAWGG_@`Og,27,89,7,9.9532367929,2.9532367929,1.4218909704,Solved
ZHO\I__e?FWchOIAAOiH`c?SBCG?eGOTJC?B?kAK`?CCGABO?oEAWGG_@`Og,27,90,7,9.9532347043,2.9532347043,1.421890672,Solved
Z@oWK_BSdHsOORsGCOOIGwG??PqEOHSE_C?jAL?GGCWy?E@AH@HE?M_CIG@W,27,94,7,9.9531450151,2.9531450151,1.4218778593,Solved
ZHoWG_JO`GSOPOs_SEOQZ_U?GBGHGIc?u@GAI_aI_HH?_GB_U?`CN_?CA?k_,27,92,7,9.953093128,2.953093128,1.4218704469,Solved
ZHOHAageAC_kt?AocAg`PhOEY?aCG_IP??qJg??oSKOa?GH@Y@`PcCD?@ge?,27,93,7,9.953092765,2.953092765,1.421870395,Solved
ZHO\I__e?FWchOIAAOiH`c?SBCG?eGOTJC?B?k?K`?CCGABO?pEAWGG_@`Og,27,90,7,9.9530625668,2.9530625668,1.421866081,Solved
ZHO\I__e?FWchOIAAOiH`c?SBCG?eGOTJC?B?kAK`?CCGABO?pEAWGG_@`Og,27,91,7,9.9530625173,2.9530625173,1.4218660739,Solved
ZHOXM_?C?Fwc?teASaA@Feg?gaEG_GCBC?K\IW?P?SSIC?H@COLacC@?Gc`W,27,94,7,9.9529450452,2.9529450452,1.4218492922,Solved
ZHOHAageAC_kt?AocAg`PhOEY?aCG_IP??qJg??oSKOq?GH@I@`PcCD?@ge?,27,93,7,9.952927064,2.952927064,1.4218467234,Solved
ZGO\M_gaA??loG`IT?_Ck?O\AoGABG`Oec?HCALGS?CciOHAa_gSDOAaBP@?,27,93,7,9.9528708008,2.9528708008,1.4218386858,Solved
ZHO[I__e?Dwc_?g?I@OFb@QO?CidCTQ?G?LBI?dHCgOGa?cCAoR_WGF@WW_?,27,92,7,9.952866288,2.952866288,1.4218380411,Solved
ZHO[I__e?Dwc`?g?I@OFb@QO?CidCTQ?G?LBI?dHCgOGa?cCAoR_WGF@WW_?,27,93,7,9.9528661899,2.9528661899,1.4218380271,Solved
ZHOHAageAC_kt?AocAg`PhOEY?aC?_IP??qJg??oSKOq?GH@Y@`PcCD?@ge?,27,93,7,9.9528562336,2.9528562336,1.4218366048,Solved
ZHO\I__e?FwcaWCA@Og?_?WIC?H?Pid?g?VJiOS@?MgGcGOPAc?e?AB_ACao,27,92,7,9.952798559,2.952798559,1.4218283656,Solved
ZHOXK_J?Mc@JhHsCT?AI_C?kADII_LO?CADa?IAW_CjTA?aOoA@?I[O_aCBO,27,94,7,9.9527859724,2.9527859724,1.4218265675,Solved
ZHOXK_J?Mc@JhHsCTAAI_C?kADLO_K`??@HA@?HX?Ia@OQK?oAePCAW?DC`G,27,92,7,9.9526748386,2.9526748386,1.4218106912,Solved
ZHOXK_J?Mc@JhHsCTAAI_C?kADLO_K`??@HA@?HX?Ia@OQK?oAePCAW?DC`g,27,93,7,9.9525634925,2.9525634925,1.4217947846,Solved
ZHOHAageAC_kt?AocAg`PhOEY?aCG_IP??qJg??oSKOq?GH@Y@`PcCD?@ge?,27,94,7,9.952467147,2.952467147,1.421781021,Solved
ZHOXK_JhECT??`@JY?YAAAcK?y@QP?c?l?s@?OqKG?ciCO@@PB@i??Sa@QCG,27,92,7,9.9522883026,2.9522883026,1.4217554718,Solved
Z?oWK_JSdHsOPP_?gC@ObKGQA?i_Y@I@CGQDOaAJ@AGQ?QBACAPK_WG_g_BO,27,91,7,9.9522076909,2.9522076909,1.4217439558,Solved
Z?oWK_JSdHsOPP_?gC`ObKGQA?i_Y@I@CGQDOaAJ@AGQ?QBACAPK_WG_g_BO,27,92,7,9.9521092906,2.9521092906,1.4217298987,Solved
ZHOWK?HhMcT??t@JA?TS@g_OOaGIPO?gkX?H?hGI?Ecw_CCGQ@DEc?AgGKGG,27,92,7,9.9521019947,2.9521019947,1.4217288564,Solved
Z?OSMagW_d[_IoeCI??JB?Fg?QOsGGJ?Vo?DOAo_OW`?SCbJOA@`CGEC@Kg?,27,93,7,9.9519903022,2.9519903022,1.4217129003,Solved
ZHoXE_J?Mc@BScgHsAAGBgC?QCW?SOU@FCO@?GHgMG?_@HI@Oh@I??aaCaCg,27,91,7,9.9519823434,2.9519823434,1.4217117633,Solved
ZGO\M?geAC_loGAAA[E?JHCwp@?IS??_cIED`AHP_ADyC@GK@oOA?D`?]?@G,27,93,7,9.9519443571,2.9519443571,1.4217063367,Solved
ZGO\M?geAC_loGAAA[E?JHCwp@?IS??_cIED`AHP_ADyC@GK@oOA?D`_]?@G,27,94,7,9.9519069217,2.9519069217,1.4217009888,Solved
ZHOXK_J?Mc@JhHsCTAAI_CGKADG?TGSAe?OHHG@II?DA?cJiC@AOo_H?@HAW,27,93,7,9.9517504055,2.9517504055,1.4216786294,Solved
Z@O[KagW_dPBGp@G`JM_AH?G@oY@COS?K`GQP@@K_CQgGhGxA?OAC?JaOCQG,27,93,7,9.9517151885,2.9517151885,1.4216735984,Solved
ZHOXA_JgMcT??TE?_h_@B`oEQ?aHCG?YEh?PACBTHA?_@PD?cW`PC@PA?aAW,27,92,7,9.9517007026,2.9517007026,1.4216715289,Solved
ZHoWG_JO`GSOPOs_SEOQZ_U?G@GHGIc?u@GAI_aI_HH?cGB_U?`CN_?CA?k_,27,92,7,9.9516366631,2.9516366631,1.4216623804,Solved
ZHO\GAgeADcHE@O__kGEcAOROC}a??H?s?Iii??\GCO?QcG@LOGSO?D_@IR?,27,92,7,9.9516113544,2.9516113544,1.4216587649,Solved
ZHOXA_JgMcT??tE?_h_@B`oEQ?aHCG?YEh?PACBTHA?_@PD?cW`PC@PA?aAW,27,93,7,9.9516068555,2.9516068555,1.4216581222,Solved
ZHO[MagCADchoDC__KHC`aASiO?BA?_HJ??RhAG?s?@`?QY@?JH?LOAg_@WG,27,91,7,9.951585448,2.951585448,1.421655064,Solved
ZHOLMAgC?DchoDA_r@@IaCWQcOG@BIcGC?AxaD??uCCG?FB?APP@[?Gi`?Q?,27,92,7,9.9515466808,2.9515466808,1.4216495258,Solved
ZH?\MagC?D_hoDAsS?iH`CAbWG@GAW@gCHIAQ?IOCGhg_DKA_EOgC?BaCWAG,27,93,7,9.9515262706,2.9515262706,1.4216466101,Solved
ZHO\MagC?Dch_DE??eE?R?oZOGGHCpQ?C?TD?AwQD?@b?b@gCO??o?l_?ShO,27,91,7,9.951516048,2.951516048,1.4216451497,Solved
ZHOXK_JhECT??`@JY?YAAAcK?y@QP?c?l?s@?OqKG?kiCO@@PB@i??Sa@QCG,27,93,7,9.9515134929,2.9515134929,1.4216447847,Solved
ZHOXK_JhECT??`@JY?YAAAcK?y@QP?c?l?s@?OqKG?ciEO@@PB@i??Sa@QCG,27,93,7,9.9514701477,2.9514701477,1.4216385925,Solved
ZHO\MagC?Dch_DE??eE?R?oZOGGHCpQ?C?TD?AwQD?@b?b@hCO??o?l_?ShO,27,92,7,9.9514349028,2.9514349028,1.4216335575,Solved
ZHOXA_JgMcT??TE?_ha@B`oEQ?aHCG?YEh?PACBTHA?_@OD?cW`PC@PA?aAO,27,91,7,9.9513909895,2.9513909895,1.4216272842,Solved
ZHOXA_JgMcT??tE?_ha@B`oEQ?aHCG?YEh?PACBTHA?_@OD?cW`PC@PA?aAO,27,92,7,9.9513804232,2.9513804232,1.4216257747,Solved
ZHoWC_BSd@sOOP@AsOM`AAAcDSiM?OOiCCa`G?CgUO?aCSHh_A@S@?I`EGAG,27,93,7,9.9512926209,2.9512926209,1.4216132316,Solved
ZHO\I_ge?FW_oGABCaWcE?XMD@??wlO?FOG_?k@GAKAcB@`C?qSPGCP?W?SW,27,93,7,9.951286422,2.951286422,1.421612346,Solved
ZHOLM_gc?EoCc?@SD@wDEODCDaGcIHGW`?j?e?AY@`E?g@DAd_@OADCt??Og,27,93,7,9.9512632422,2.9512632422,1.4216090346,Solved
ZHO\MagC?@c`ODAsG@?JDEaa?Sc_F@O_eCI@IQ@aG_?q?i@?PIIOg@P_CHd?,27,93,7,9.9511554944,2.9511554944,1.4215936421,Solved
ZHOXK_J?Mc@JhHsCTAAI_C?kADLO_K`??@HA@?HX?Ia@OQKOoAePCAW?DC`G,27,93,7,9.9509877477,2.9509877477,1.4215696782,Solved
ZHOXK_J?Mc@JhHsCTAAI_C?kADLO_K`??@HA@?HX?Ia@OQKOoAePCAW?DC`g,27,94,7,9.9509687177,2.9509687177,1.4215669597,Solved
Z@O\M_?e?FG_Cg?tD@sHBgH?GBGoOpJ_A?CFOED@R?@{@?_@CIB??_tICGCW,27,92,7,9.9508054347,2.9508054347,1.4215436335,Solved
ZHO\I_ge?Fw_hOsG@@oCb?XD?QK_@H?WGCPJE?_QD@@ogAHGAAd?XCc@OG_W,27,94,7,9.9507967577,2.9507967577,1.421542394,Solved
Z?oWK_JSdHsOPP_?gC@ObKGQA?i_YHI@CGQDOaAJ@AGQ?QBACAPK_WG_g_BO,27,92,7,9.9507617392,2.9507617392,1.4215373913,Solved
Z@O\M_?e?FG_Sg?tD@sHBgH?GBGoOpJ_A?CFOED@R?@{@?_@CIB??_tICGCW,27,93,7,9.9507362112,2.9507362112,1.4215337445,Solved
ZHOHI_geA@_`c@Oc_KMG@e@GBa[UG?ST?_SDCASdI?Ayc?C?CgBHAA__[a?O,27,92,7,9.9507359301,2.9507359301,1.4215337043,Solved
ZHO\I?_e?FwcaWcA@OHGE_WK?UaDALGOGgCG?SGy_T@B?`GOgCD@OPG_AAPg,27,93,7,9.950675572,2.950675572,1.4215250817,Solved
Z?oWK_JSdHsOPP_?gC`ObKGQA?i_YHI@CGQDOaAJ@AGQ?QBACAPK_WG_g_BO,27,93,7,9.9506516141,2.9506516141,1.4215216592,Solved
Z@O\E_geAC_lsGx??@GUD?D`Q?gBQTOH@AOB@GDLO@O_{D?HCD_?@oIa@?Ig,27,94,7,9.9506238803,2.9506238803,1.4215176972,Solved
ZHO\M_ge?Fwcs?GP@@WsA?WI_GWCgOG@K@aPPCAGOEKgQHGC@GJHA__oCAIG,27,94,7,9.9506227074,2.9506227074,1.4215175296,Solved
Z?oWK_JSdHsOPP_?gC@QbKGQA?i_Y@I@CGQDOaAJ@AGQ?QBACAPK_WG_g_BO,27,92,7,9.9505442285,2.9505442285,1.4215063184,Solved
ZHoWK_JOCHcOPP?TC_ICPgcAAA_Qgi`AW_IBhGCA?AP`H_`E?u??cGLqCc@?,27,93,7,9.9505346873,2.9505346873,1.4215049553,Solved
ZHOXI_ge?FwchOcGA?oEbaoH?J@?gWEIAC_QOKAOo?J?OORa?HPHACEg@KC_,27,94,7,9.9504570768,2.9504570768,1.4214938681,Solved
ZHOHI_geA@_`c@Oc_KMG@e@GBa[UG?ST?_SDCASdI??yc?C?CgBHAQ__[a?O,27,92,7,9.950399216,2.950399216,1.4214856023,Solved
Z?oWK_JSdHsOPP_?gC`QbKGQA?i_Y@I@CGQDOaAJ@AGQ?QBACAPK_WG_g_BO,27,93,7,9.9503932008,2.9503932008,1.421484743,Solved
ZHOHI_geA@_`C@Oc_KMG@e@GBa[UG?ST?_SDCASlI?Ayc?C?CgBHAA__[a?O,27,92,7,9.9503492602,2.9503492602,1.4214784657,Solved
ZHO\M_gaAC_lsG?IT?_Ck?O?JB@G_W`PF?@PCkAHGSP?A?h?O[de@Q@G_L?_,27,93,7,9.9503115728,2.9503115728,1.4214730818,Solved
Z@O[KagWad[_IQ?\OAO_BWoDD__?OOOgKAaPE?WhQO_?Oqo`C?FC?YOg_?TG,27,93,7,9.9502882308,2.9502882308,1.4214697473,Solved
ZH?\G_ge?FWchOOE`WmO??EfGG?dAaA_C_CL@WSI_@Os`?H?T@`CGJO@OODW,27,94,7,9.9501692394,2.9501692394,1.4214527485,Solved
ZHoWM_JS`HOO_E?__Ji`Kg?T?dDG_GOOSiA_CHOXAKAQO?g?EBIAOS`g_CB_,27,93,7,9.9500816612,2.9500816612,1.4214402373,Solved
Z@O\M_GaAC_lsGp??AwF@eAC_QRG@TO@?B`FGYO?G?YcAw@?ACpA`@CiE?@G,27,93,7,9.9500387405,2.9500387405,1.4214341058,Solved
ZHOXI_ga?FwchOO_r@H?iCKO?IWH_A_?KQSCA_cPAHQO?GVO?Ik`WCOpW?o?,27,93,7,9.9499816338,2.9499816338,1.4214259477,Solved
Z@O[Ma_WadPBGPp?aAIGCeCChGpCAOJ@CIa_E__O?aGc?aLp??i?AID_KaOG,27,93,7,9.9498107827,2.9498107827,1.4214015404,Solved
Z?O[MAgWa`PBGpP?aEGIPm??BHHGHGCAuWQ@G?DGG_O`XC@k?S@OG_aaK_I?,27,92,7,9.9497872344,2.9497872344,1.4213981763,Solved
ZHoWK_J?`HCOPPS_SEPOeARZ?W?HGiA_EQ?X_BOOG@HgW?PE?`DGGOQoB_?g,27,93,7,9.9497849886,2.9497849886,1.4213978555,Solved
ZHOXC_J@Cc?JhGscSAAM@i@DC__ACWOQe_CDE_?i@HA_BPaOM?g@o?B`?{?G,27,93,7,9.9497695746,2.9497695746,1.4213956535,Solved
Z@O[EagWAdP@Gpp?bAH?HPGc?TGIo_s?D?Aag?AWIo?bOAcHoH??HOR_CAl?,27,92,7,9.9496734264,2.9496734264,1.4213819181,Solved
ZHOLMagE?D_hc@Okc_GoHO_cD_L?gEGO_O@FAAgGh?ScI@Io@GHAQg_?OA`W,27,93,7,9.9496118473,2.9496118473,1.421373121,Solved
Z@OLIageAC_ls?x?A@GSHGC_B@GoOH?_cBa`p?Iah?ITH?@?WU_?D@L?_SGW,27,92,7,9.9495914676,2.9495914676,1.4213702097,Solved
ZHOXI_ga?FwchOO_r@H?iCKO?IWH_A_?KQSCA_cPAHQO@GVO?Ik`WCOpW?o?,27,94,7,9.9495765117,2.9495765117,1.4213680731,Solved
ZHO\I__e?FwchOS?@@wFaeG???wUAA?cKCH??pAX?GtRC?KO?_F`AP?_E?sO,27,92,7,9.9494679593,2.9494679593,1.4213525656,Solved
Z@O[MagW?d?BHPe@[_ADC?S[WCa?UC__cHG`aAaAHG?cW_QG_BQ@KOH_Q?t?,27,93,7,9.9493884706,2.9493884706,1.4213412101,Solved
ZHoOE_BSd@s?@Lh_YO?AiAAkJCAGOGp?cOdIIo_GG`Igo_Gg?Ab?Ax@@cA?W,27,94,7,9.9493079126,2.9493079126,1.4213297018,Solved
Z@?XM_geAC_LsGS@?YCGAa_P?oWCKLGRCh?QCIIJG_C`HA@Y@K?@@hGOSG?g,27,92,7,9.9492896719,2.9492896719,1.421327096,Solved
ZHO[I?ge?DWc`Og?I@OFb@QO?CidCTQ?G?LBI?dHCgOGa?_?AoR_WGFBWG_?,27,91,7,9.9492488029,2.9492488029,1.4213212576,Solved
ZHOXC_J@Ec?JhHsCTAAM?oK??CXHAGUcGIDG?A?wIRGTAAAC?m_O`?BaCCaG,27,93,7,9.9490889125,2.9490889125,1.4212984161,Solved
ZHO\M_gEAC_LsGi??Y??NhACGCiH__EeI?GEoD??@?R__{@@IWCC_@d@GACG,27,91,7,9.9490495853,2.9490495853,1.4212927979,Solved
ZHOWG_JhMcD??d@JIALODs?_?gXUASCHGBCWPO_O?_Lc?WHAAGLcH?Agg?_g,27,93,7,9.949010466,2.949010466,1.4212872094,Solved
ZHO\I?ge?EochOsA?SXQHS?CBoGOW@GAM?gHODGGu??_ApHS?Gh@?TCoC@OG,27,91,7,9.9487000754,2.9487000754,1.4212428679,Solved
Z?oWK_JSdHsOPP_?gC@QbKGQA?i_YHI@CGQDOaAJ@AGQ?QBACAPK_WG_g_BO,27,93,7,9.9486863956,2.9486863956,1.4212409137,Solved
ZHO\M_gc?EoCc?@SD@wDEODCDaGcIHGW`?j?e?AY@`E?g@DAd_@OADCt??Og,27,94,7,9.9486395297,2.9486395297,1.4212342185,Solved
Z@O[MAgWad?AHPe@BAQCBHQCPcU?HPU?CCp@CX?E?C@`A@``?CTG_Od?@C`W,27,92,7,9.9485381743,2.9485381743,1.4212197392,Solved
Z?oWK_JSdHsOPP_?gC`QbKGQA?i_YHI@CGQDOaAJ@AGQ?QBACAPK_WG_g_BO,27,94,7,9.9485147485,2.9485147485,1.4212163926,Solved
Z@O[Ma_Oa`?@HPc@?@[ocGpDC_gJ`@SOC?RDw@?hQ`?BSCAOgSA_D@P?`@CW,27,92,7,9.9484160612,2.9484160612,1.4212022945,Solved
ZHO\I__e?FwcaWcA?Y?PBhA??FgD?HI_c?F`C?Eg_?T?QA`aO?DGBGAg_OAg,27,90,7,9.9483330834,2.9483330834,1.4211904405,Solved
ZHOXMagEAC_lAAS__[TGCC@K@pSOOP?CMAOHP?HKOIAwa@GGO_d?D[_AD?DW,27,94,7,9.9483082835,2.9483082835,1.4211868976,Solved
Z@OLIageAC_ls?x?A@GSLGC_A@GoOH?_cBa`p?Iah?ITH?@?WU_?D@L?_SGW,27,92,7,9.9482614668,2.9482614668,1.4211802095,Solved
ZHO\M_gEAC_LsGi??Y??NhACGCiH__EeI?GEoD??@?R__{@@IWCC_@dDGACG,27,92,7,9.9482439083,2.9482439083,1.4211777012,Solved
ZGOXK?J?Cc@JhHscTAAI_?A{OcsS_HIAHP?Ig@?G@oAgOS@@OAdOM?Ob?AAg,27,92,7,9.9482130971,2.9482130971,1.4211732996,Solved
ZHOWMagCADchoDC__KHC`aASjO?Ba?_HJ??RhAG?s?@`?QY@?JH?LOAg_@WG,27,92,7,9.9481510092,2.9481510092,1.4211644299,Solved
Z@O\G?geAC_dsGEQ?OpI`oGGHGaF_E_Gh`S??_sGG?[dGo@h?@_?GWYa@@Ao,27,92,7,9.9480742787,2.9480742787,1.4211534684,Solved
Z@O\M_gaAC_lcGx?ADGUCHCCOTOHOHOS??OrO`_GAAUgODgi?Gc?D_ByC@CG,27,94,7,9.948049552,2.948049552,1.421149936,Solved
Z@O\M_geAC_lsGx?A@GSLHCC?hI?HOCcMgGA?OIW@a__kCKs?@BI@_C_W?pG,27,94,7,9.947968171,2.947968171,1.4211383101,Solved
ZHOXK_JhECT??`@JY?YAAAcK?y@QP?c?l?s@?OqKG?kiEO@@PB@i??Sa@QCG,27,94,7,9.9478982207,2.9478982207,1.4211283172,Solved
ZHoGC_JSdHsOPPh_GH?oD@DGU?c??w`FC?bKGo?gO_Iy_?AOR?gG_EB_Ci@_,27,93,7,9.9478811143,2.9478811143,1.4211258735,Solved
ZHoWG_JSdGsOPOATYO@?B`KCOC?UOX@FID?POIDA_ADSOOB?OJ@?IcA`A_EO,27,92,7,9.9478793662,2.9478793662,1.4211256237,Solved
ZHoOC_BSdHsOPPh_@AI`HOQGWAG?akK?S_a`BP?gXGS@PQ??KPDo_@ICGCGW,27,93,7,9.9478388805,2.9478388805,1.4211198401,Solved
ZH?\I__e?FwcaWOADGDI?A@SCp?_TWCnAO`_O?CwE?WgeC@e?ODQ_DGC@o@W,27,94,7,9.9478286531,2.9478286531,1.421118379,Solved
ZHO\I__e?DwchOs??W_E??Aw_CW@fG?daWGQPGA[p@_G`?hAwA@GDSC`HGg?,27,94,7,9.9477906606,2.9477906606,1.4211129515,Solved
ZHOXA_JgMcT??TE?_ha@B`oEQ?aHCG?YEh?PACBTHA?_@PD?cW`PC@PA?aAO,27,92,7,9.9477743468,2.9477743468,1.421110621,Solved
Z@?SMagEAD_`oDE__gGC`ApAOGQH_YW?GjAC?HS\?POcGgWU?CBwDG??CTGO,27,92,7,9.9477619837,2.9477619837,1.4211088548,Solved
ZHOXA_JgMcT??tE?_ha@B`oEQ?aHCG?YEh?PACBTHA?_@PD?cW`PC@PA?aAO,27,93,7,9.9476592553,2.9476592553,1.4210941793,Solved
ZHOHA_gEAC_dt?A`?[TGR?o@?@`?kSIOKO_[ao?l?hOR@@_Pc?H?GoUoe@_?,27,92,7,9.9475497188,2.9475497188,1.4210785313,Solved
ZHoOK_JS`@sOOOhKBP]GOBA_HOQ@G\CCGKU?C??xC?o_`oaOPQCCGCPo?CTG,27,93,7,9.9475353428,2.9475353428,1.4210764775,Solved
ZGO\M__A?Dwc?teASaE`???{H_HGagcgH?Gbi?_GF?PIA?bMB?A@QCS?C[?g,27,93,7,9.9474912698,2.9474912698,1.4210701814,Solved
Z@?XM_geAC_LsGS@?YCGAa_P?oWCKLGRCh?QCIIJG_C`HA@Y@K?@@hGOSG?w,27,93,7,9.9474492608,2.9474492608,1.4210641801,Solved
Z@O\I_ge?DochOsA@WaD_WDA??WJ?O_TG@KC?GyKo?D??y@XAHAAo@DCA?[G,27,91,7,9.9472494491,2.9472494491,1.4210356356,Solved
Z@O[MagWA`?B@PE@?P[o`GpCDXDGH?@CMgACO`CY@ASW_HG?[GDIa_AaQ?L?,27,94,7,9.9472008447,2.9472008447,1.4210286921,Solved
ZHoWM_JS`HOO_E?__Ji`Kh?T?dDG_GOOSiA_CHOXAKAQO?g?EBIAOS_g_CB_,27,93,7,9.9471742626,2.9471742626,1.4210248947,Solved
Z?OWMagWadK_IO?\OaQcBApGOQLG?ls?AGKS?AWqH?G_I?Lk?AA?h_D_@WOo,27,94,7,9.9471560228,2.9471560228,1.421022289,Solved
ZHOX?_J@Cc@JhHscTAAM@Po@?w??GkU?GOQJ?QwdH?CIA?J?@ZA?ACGoC@Og,27,92,7,9.9470864365,2.9470864365,1.4210123481,Solved
ZHOXK_JhMCT??t?JY?YIAHOO?WIcGKO?sOI@a_DH@@I?gGT?HLGS?aE@B??w,27,94,7,9.9470245117,2.9470245117,1.4210035017,Solved
ZHOLMAgC?DchoDA_r@@IaCWQcOG@BIcGC?AxaD?GuCCG?FB?APP@[?Gi`?Q?,27,93,7,9.946995944,2.946995944,1.4209994206,Solved
ZHOX?_J@Cc@JhHscTAAM@Po@?w??GkU?GOQJ?QwdH?CIA?J?@ZAGACGoC@Og,27,93,7,9.9469279161,2.9469279161,1.4209897023,Solved
Z?O[Ma_WAd@BGp@GrAGEHOGeWOHAQG@HCCY@S_OTO?Pk_AgAGCK?sOBo_`OO,27,93,7,9.9468611533,2.9468611533,1.4209801648,Solved
Z@O[MagGa`PBG@PGbOF??eCOAaW_a`AGKCGh@SCADCD`XOOG@WD_AgSGa?_W,27,92,7,9.9468446949,2.9468446949,1.4209778136,Solved
Z@O\M__eAC_lsGw?DGO?j?wECGgOMOOO`O_D?cGH?KI_mGGEIOCO_CBs_?WG,27,92,7,9.9467312942,2.9467312942,1.4209616135,Solved
ZHO\I__e?FwcaWCA@Og?_?WMC?H?Pid?g?VJiOS@?MgGcGOPAc?e?AB_ACao,27,93,7,9.9467253432,2.9467253432,1.4209607633,Solved
ZHOX?_JHMc?J?@SC@H\HHsCahAEKC?CAyED??S?{sC?gg?H?GJHI@O__DOAg,27,94,7,9.946713094,2.946713094,1.4209590134,Solved
ZHO\I?_CAC_lsGEQT?_EdPKWGo@GAkOgC?gPCoBGIDHO?gcS_?RIC_DOD?OW,27,93,7,9.9466914251,2.9466914251,1.4209559179,Solved
Z?OXM_J?Kc?JhH_cTAA?TIQOC_YcDKc__H?B@@WN?_Gb?i@OGAT[@P??b?CW,27,93,7,9.946586039,2.946586039,1.4209408627,Solved
ZHO\MagC?D_hoDASS?i_@AogCo\?AGSgd?Ga@GsGdI@GA@BeA@@GO_W_`AOg,27,94,7,9.9463697893,2.9463697893,1.4209099699,Solved
ZHO\I__e?FwcaWcA?Y?PBhA??FgD?HI_c?F`C?Eg_?T?QA`aW?DGBGAg_OAg,27,91,7,9.9463472163,2.9463472163,1.4209067452,Solved
ZH?\I__e?FWchOIAAOiH`c?SBCG?eGOTJC?B?k?Kp?CCGABO?oEAWGG_@`Og,27,89,7,9.9463387122,2.9463387122,1.4209055303,Solved
ZHOHI_geA@_`c@Oc_KMG@e@GBaKUG?ST?_SDCASlI?Ayc?C?CgBHAQ__[a?O,27,93,7,9.946332005,2.946332005,1.4209045721,Solved
ZHO\I__e?FWchOIAAOiH`c?SBCG?eGOTJC?B?k?Kp?CCGABO?oEAWGG_@`Og,27,90,7,9.9462965233,2.9462965233,1.4208995033,Solved
ZH?\I__e?FWchOIAAOiH`c?SBCG?eGOTJC?B?k?Kp?CCGABO?pEAWGG_@`Og,27,90,7,9.946235764,2.946235764,1.4208908234,Solved
ZHOXA_JhMcT??tc?_`a@B`oCh@_?gmC?DA@_G?gOHODbA?Ke??k?JQC??Q`w,27,92,7,9.9462214926,2.9462214926,1.4208887847,Solved
ZHO\I__e?FWchOIAAOiH`c?SBCG?eGOTJC?B?k?Kp?CCGABO?pEAWGG_@`Og,27,91,7,9.946197515,2.946197515,1.4208853593,Solved
ZHO\MagE?D_h_DE??eE?R?oZOGGHCpQ?C?TD?AwQD?@b?b@gCO??o?l_?ShO,27,91,7,9.9461460073,2.9461460073,1.420878001,Solved
ZH?\I__e?FWchOIAAOiH`c?SBCG?eGOTJC?B?kAKp?CCGABO?oEAWGG_@`Og,27,90,7,9.9461458255,2.9461458255,1.4208779751,Solved
ZHOLMagEAD_`oDE_?mE?IIP?Cb@A_g?FSYCAdA?Q?_X_OVAg?HG?POBacAGG,27,93,7,9.9461137771,2.9461137771,1.4208733967,Solved
ZHO\MagE?D_h_DE??eE?R?oZOGGHCpQ?C?TD?AwQD?@b?b@hCO??o?l_?ShO,27,92,7,9.9460743416,2.9460743416,1.4208677631,Solved
ZHO\I__e?FWchOIAAOiH`c?SBCG?eGOTJC?B?kAKp?CCGABO?oEAWGG_@`Og,27,91,7,9.9460514455,2.9460514455,1.4208644922,Solved
ZHoWM_JS`HOO_E?__Ji@Kh?T?dDG_GOOSiA_CHOXAKAQO?g?EBIAOS`g_CB_,27,93,7,9.9460045819,2.9460045819,1.4208577974,Solved
ZH?\I__e?FWchOIAAOiH`c?SBCG?eGOTJC?B?kAKp?CCGABO?pEAWGG_@`Og,27,91,7,9.9459972495,2.9459972495,1.4208567499,Solved
Z@OKEageAC_lt?x?@W?@d@oCgIG`PB?gSQDSX_C_SEC?m?@gAGHC@AE_?Kgg,27,94,7,9.9459766261,2.9459766261,1.4208538037,Solved
ZHOWI?JGGc@JhHsCTOE?o@OMDW?OE\O?PQOBCGL?CIA_gEDoIAAG`?c_@WGg,27,93,7,9.9459556115,2.9459556115,1.4208508016,Solved
ZHOXA_JhMcT??tc?_`a@B`oCh@_?gmC?DA@_G?gOHODbA@Ke??k?JQC??Q`w,27,93,7,9.9459507594,2.9459507594,1.4208501085,Solved
ZHoWK_HScHsOPOATQO@@dOAWOEH?F@UOIC?P?LAhDAHG@_S@OGFE_E@W??oW,27,93,7,9.9459480381,2.9459480381,1.4208497197,Solved
Z@O\I_ge?DochOsA@WaD_WDA??WJAO_TG@KC?GyKo?D??y@XAHAAo@DCA?[G,27,92,7,9.9459158433,2.9459158433,1.4208451205,Solved
ZHO\I__e?FWchOIAAOiH`c?SBCG?eGOTJC?B?kAKp?CCGABO?pEAWGG_@`Og,27,92,7,9.9459027999,2.9459027999,1.4208432571,Solved
ZHOWI_BHMc@JhHsCSO?HO?SFA?Gp?GCES@W`?@TLP?AsWAOC@LAA?qHg_DQ?,27,93,7,9.9458235594,2.9458235594,1.4208319371,Solved
ZHOWI_BHMc@JhHsCTO?HO?SFA?Gp?GCES@W`?@TLP?AsWAOC@LAA?qHg_DQ?,27,94,7,9.9458107055,2.9458107055,1.4208301008,Solved
ZHO\I_ge?FWchOOAqCGU@?FcCP?EHID?Y_GSC?OwAiAT?@BE?_iPEGC?CA_w,27,94,7,9.9457720347,2.9457720347,1.4208245764,Solved
ZH?XM_@hKCD??t@JI?\O@@RDA@G`CKDH?HWBSIcDP@GBB?_P@C`?_AMx?GOG,27,93,7,9.9457561682,2.9457561682,1.4208223097,Solved
Z@O\M_gcAC_lsG?OBOgGeWDAO`N?@?QOkCpAiACGECOdAg@@IOa??iWgOA_g,27,94,7,9.945712884,2.945712884,1.4208161263,Solved
ZHOPE_JhMcT??_?FgcsoCBo@C`S_CXW?C@MD??]QCgCs_O??AMBEC?L?WGGW,27,93,7,9.9456696941,2.9456696941,1.4208099563,Solved
ZHO\Ma_EAD_@E@?c_kHAgg@GOHWS@IHC_@OJoC?`GQ@gcgC?_kDc@?q@K?_W,27,91,7,9.9456435508,2.9456435508,1.4208062215,Solved
ZHO\M_gaA??loG`IT?_Ck?O\AoGABG`Oec?HCALGS?CciOHAa_gSDOAaBP@?,27,94,7,9.9456376628,2.9456376628,1.4208053804,Solved
ZHO\I_ge?Fwco?HSd@OdC?OG?DodCXG_qH?DC@aI?OI_YCAOAEGA@Oboc?@o,27,93,7,9.945608782,2.945608782,1.4208012546,Solved
ZHoWK_HScHsOPOATQO@@dOAWOEH?F@UOIC?P?LAhDAHG@_S@OGFE_E@WC?oW,27,94,7,9.9454593833,2.9454593833,1.4207799119,Solved
ZHODA_ge?BwchOgAGeGsLF?OBSMgO?]???aFGAEOD_C`gGDC@oQ_?HDgP@CG,27,94,7,9.9453059765,2.9453059765,1.4207579966,Solved
ZHOLMagEAD_`oDE_?mE?IIP?Cb@A_g?FSYCAdA?Q?_X_OVAgAHG?OOBacAGG,27,93,7,9.9452336116,2.9452336116,1.4207476588,Solved
ZHOP?_J@Cc@JhHscSAAM?OMA_CWE?AHHCGHE??mKo?CgwCDjO?CE?h_?FA@W,27,92,7,9.9452059473,2.9452059473,1.4207437068,Solved
ZGoXM_B@Mc@Jh@sCSA?CJH?O@OYcCG@HSw?DEGIA?C`_`?iAIi?gGC`?WG@o,27,92,7,9.9451958779,2.9451958779,1.4207422683,Solved
ZGoXM_B@Mc@Jh@sCSA?CJH?O@OYcCG@HSw?DEGIA?c`_`?iAIi?gGC`?WG@o,27,93,7,9.9451530506,2.9451530506,1.4207361501,Solved
ZHO\Mag??DchoDE?_eE?QO@WOIGH_hO@gBOH?oWcO_OaCQDa@H??oOpg`?EO,27,92,7,9.9451388342,2.9451388342,1.4207341192,Solved
Z@OWM_JO_@sOA@hKs`Co_HQDOL?CDY@H_hOBwa??C?Y?GUB@H?HEC?ey?O@O,27,93,7,9.9451081132,2.9451081132,1.4207297305,Solved
ZGO\MaGE?D_hoDE_gA?FD_@W_OX?J?`CKhG@@KAk_HHF?B?HWW?O_?Vw`?o?,27,93,7,9.9450980256,2.9450980256,1.4207282894,Solved
ZHO\I_Ge?F__?tIBW_K@GGGhAOY@g@GS_@cca?AWIAciCO@E_K__OPo?@`?w,27,91,7,9.9450510678,2.9450510678,1.4207215811,Solved
ZHO\I_Ge?F__?tIBW_K@GGGhAOY@g@GS_`cca?AWIAciCO@E_K__OPo?@`?w,27,92,7,9.9450048282,2.9450048282,1.4207149755,Solved
ZHoWC_BSd@sOOP@AsOM`AAAcDSiM?OOiCCa`G?DgUO?aCSHh_A@O@?I`EGAG,27,93,7,9.944984171,2.944984171,1.4207120244,Solved
ZHOWM_Ge?FgcSGhA?AkSCGDFQ_H@_?Q@McI@?wGG?EQg`EPAOi?C@ScsO_@O,27,93,7,9.9449747172,2.9449747172,1.4207106739,Solved
Z@O[MaGWAdPBGPp?aEICD@UCi@Gdc?AGMg?hHGCOE@?w??p?E_LE?SAcc?Gg,27,93,7,9.9448816629,2.9448816629,1.4206973804,Solved
ZHO\I_ge?Ew_hOsG@@o?b?XEO?hGQGBGD?QHi?CO?]?_]?`PID?E_CQ??CUw,27,93,7,9.9448695955,2.9448695955,1.4206956565,Solved
ZHO\MagC?DchoDE?_EE?QO?WOIGH_hO@gBOH?oWdO_OaCQDa@H??oO`g`?EO,27,91,7,9.9448653001,2.9448653001,1.4206950429,Solved
Z@O[Ma_Oa`?@HPe@?@[ocGpDC_gJ`@SOC?RDw@?hQ`?BSCAOgSA_D@P?`@CW,27,93,7,9.9447977688,2.9447977688,1.4206853955,Solved
ZHoWA_JSd@sOATc??EHCEp?C@KlI@?SQCOAhPHCIKQ@B?Ap?LAP`oG?c?WaG,27,94,7,9.9447158991,2.9447158991,1.4206736999,Solved
ZHOHI_geA@_`c@Oc_KMG@e@GBa[UG?ST?_SDCASlI??yc?C?CgBHAQ__[a?O,27,93,7,9.9447156503,2.9447156503,1.4206736643,Solved
ZHOLMagEAD_`oDE_?mE?IIP?Cb@A_g?FSYCAdA?Q?_X_OVAgAHG?POBacAGG,27,94,7,9.9444787485,2.9444787485,1.4206398212,Solved
ZHO\I_ge?FwchOSA?AWOM?oMC`GE_i@cO_Kae??WH@Cg@A`I?OA?pGDq??Ko,27,93,7,9.9444559988,2.9444559988,1.4206365713,Solved
ZHOXA_JhMcT??tc?_`a@B`oCh@_?gmK?DA@_G?gOHODbA?Ke??k?JQC??Q`w,27,93,7,9.944415723,2.944415723,1.4206308176,Solved
ZHO\I?ge?EochOsA?SXQHS?CBoGO[@GAM?gHODGGu??_ApHS?Gh@?TCoC@OG,27,92,7,9.9444057648,2.9444057648,1.420629395,Solved
ZHO\I__e?FwcaWS?BS@I??ds??`?[GG_CH_L_?[Q?SG_]G_G@?R_?[gp@G_O,27,90,7,9.9443180685,2.9443180685,1.4206168669,Solved
ZHO\MagC?DchoDE?_eE?QO?WOIGH_hO@gBOH?oWcO_OaCQDa@H??oO`g`?EO,27,91,7,9.944298173,2.944298173,1.4206140247,Solved
ZHO\I__e?FwchOIAAOiH`c?SBCG?eGOTJC?B?k?K`?CCGABO?oEAWGG_@`Og,27,90,7,9.9442780992,2.9442780992,1.420611157,Solved
ZHOHI_geA@_`c@Oc_KMG@e@GBa[UG?ST?_SDCASlI?Ayc?C?CgBHAA__[a?O,27,93,7,9.9442297171,2.9442297171,1.4206042453,Solved
ZHO\I__e?FwchOIAAOiH`c?SBCG?eGOTJC?B?k?K`?CCGABO?pEAWGG_@`Og,27,91,7,9.9442245368,2.9442245368,1.4206035053,Solved
ZHO\I__e?FwchOIAAOiH`c?SBCG?eGOTJC?B?kAK`?CCGABO?oEAWGG_@`Og,27,91,7,9.9441567664,2.9441567664,1.4205938238,Solved
ZH?[MagEAC_daAS?_kOCbHOci?__OYD?FC?QAQOASGCCGoK?KRBc@DSSACB?,27,91,7,9.944147939,2.944147939,1.4205925627,Solved
ZHO\I__e?FwchOIAAOiH`c?SBCG?eGOTJC?B?kAK`?CCGABO?pEAWGG_@`Og,27,92,7,9.9441188828,2.9441188828,1.4205884118,Solved
Z@?SMagEAD_`oDE__gHC`ApAOGQH_YW?GjAC?HS\?POcGgWU?CBwDG??CTGO,27,93,7,9.9440716815,2.9440716815,1.4205816688,Solved
ZHOWM_Ge?FgcSGhA?AkSCGDFQ_HD_?Q@McI@?wGG?EQg`EPAOi?C@ScsO_@O,27,94,7,9.9440712092,2.9440712092,1.4205816013,Solved
ZHOWM_BGEC@JhHScTO?`P@SEW_IH`??Ikj?@?ChKs_?G?aB?AqhhGO@?@@JG,27,94,7,9.9440702575,2.9440702575,1.4205814654,Solved
Z?O[Ma_C?@_h_DAsI@DGBW_@QcSOOWHFCjI?AHI??_bdOc@CGq@HS?cW@?@W,27,91,7,9.9439054954,2.9439054954,1.4205579279,Solved
ZHOXK?J?Cc@JhHscTAAI_?A{OcsS_HIAHP?Ig@?G@oAgOS@@OAdOM?Ob?AAg,27,93,7,9.9438990467,2.9438990467,1.4205570067,Solved
ZHO[M_geAC_lO?IAWC?Ef`?q_E?GBI`?sDi?C`o??`Hb@D_GC?la@_Q_[@P?,27,93,7,9.9438041348,2.9438041348,1.4205434478,Solved
Z@OSM_GWad[?IO?\PA?CFXGE?YM`?_SGK_G`@L_@AOA_[_C@?wbe?QK@_A`_,27,92,7,9.9437726945,2.9437726945,1.4205389564,Solved
ZHOLMagE?D_hc@Okc_GoHO_cDoL?gEGO_O@FAAgGh?ScI@Io@GHAQg_?OA`W,27,94,7,9.9436427435,2.9436427435,1.4205203919,Solved
ZHO\I_ge?FwchOSA?AWOM?oMC`GE_i@cO_Kae??WH@Cg@A`I?QA?pGDq??Ko,27,94,7,9.9435980413,2.9435980413,1.4205140059,Solved
ZHO\I_ge?FoCsGEBCI_GFS`?cGM?AGCgcHAD_WCACa@_KBPhA?@A?hS_?DUO,27,93,7,9.9435434817,2.9435434817,1.4205062117,Solved
Z@O[Ma_Oa`?@HPc@?@[ocGpDC_gJ`@SOC?RDw@?hQh?BSCAOgSA_D@P?`@CW,27,93,7,9.9434772648,2.9434772648,1.4204967521,Solved
ZHOXA_JhMcT??tc?_`a@B`oCh@_?gmK?DA@_G?gOHODbA@Ke??k?JQC??Q`w,27,94,7,9.9434591841,2.9434591841,1.4204941692,Solved
ZHO[I_ge?DWc`?g?I@OFb@QO?CidCTQ?G?LBI?dHCgOGa?_CAoR_WGF@WW_?,27,92,7,9.9434553754,2.9434553754,1.4204936251,Solved
ZHO\I__e?FwcaWS?BS@I??ds??`?[IG_CH_L_?[Q?SG_]G_G@?R_?[gp@G_O,27,91,7,9.9433607909,2.9433607909,1.420480113,Solved
Z@OWM_JO_@sOABhKs`Co_HQDOL?CDY@H_hOBwa????Y?GUB@H?HEC?ey?O@O,27,93,7,9.9433223447,2.9433223447,1.4204746207,Solved
ZHO\MagC?@ch_DAsIP?HFAq__OKGQ?@HMWGCOCEYHEG?WOKICG`c@?Eg?Aog,27,94,7,9.9433155876,2.9433155876,1.4204736554,Solved
ZHO\I_ge?Ew_hOsG@@o?b?XEO?hGQGBGDAQHi?CO?]?_]?`PID?E_CQ??CUw,27,94,7,9.943310835,2.943310835,1.4204729764,Solved
ZGOLI__e?FwcaWoABO`IbDGP?AkH?HQ?SAU@C?Ol?POe_W?O?Cj?{@DA@_gO,27,93,7,9.9431147553,2.9431147553,1.420444965,Solved
ZHoWC_JSDHsOPPh_?E[cC?BHC?W@iHO@DD?Xs_A_E_I@AX??H?J?q@PD?EAW,27,93,7,9.9429979056,2.9429979056,1.4204282722,Solved
ZH?XM_@hKCD??t@JI?\O@@RDA@G`CKDH?HWBSIcCP@GBB?gP@C`?_AMx?GOG,27,93,7,9.942968083,2.942968083,1.4204240119,Solved
Z@O[KagWad[_IQ?\O?O_BWoDD_c?OOOgKAaPE?WhQO_?Oqo`C?FC?YOg_?TG,27,93,7,9.9429580156,2.9429580156,1.4204225737,Solved
Z?O[MaGWad[_IQ?LRA??FXGCy?SGO_BgCA?`WGCG??\AOoB@U?Ee?QGcGKO_,27,91,7,9.9428693621,2.9428693621,1.4204099089,Solved
Z?O[MaGWad[_IQ?LRA??FXGCy?SGO_BgCA?`WGCG?A\AOoB@U?Ee?QGcGKO_,27,92,7,9.9428505104,2.9428505104,1.4204072158,Solved
Z@O\M_geAC_lsGw??D?SKHCgO@qH_L?@c?F@AQBGE`@?dGHi@?AO_BH_GMOO,27,93,7,9.9428476562,2.9428476562,1.420406808,Solved
Z@O[M_GWad[_IO?\RAACEHWECq@OAGGTCBc@c?Cg?VOaO_PAEAD??LGwC?Gg,27,93,7,9.9428463458,2.9428463458,1.4204066208,Solved
Z@?KKa_W_dPBG`p?`JJS?@XDOacO_I?STJ_?H@@O_Ad_HIQPW_AEC?Ps?DCG,27,93,7,9.942836208,2.942836208,1.4204051726,Solved
ZHOXK_JhMcT??p?JY?YIAi???YGU@I_GCCBHcGDGC`q?CRGI?OFPP@?_B?Sg,27,94,7,9.9427699357,2.9427699357,1.4203957051,Solved
Z??[MaGGad[_IQ?\RA?CFXGDCq@APGOgUG@IC?DZCB?o`?HC`_G?[?Dn?A?_,27,93,7,9.9427020232,2.9427020232,1.4203860033,Solved
ZHOXA_JgMcT??TE?_ha@B`oEQ?aHCG?YEh?PACBTHA?_@OD?cW`PC@PA?aAW,27,92,7,9.9425907965,2.9425907965,1.4203701138,Solved
ZHOXA_JgMcT??tE?_ha@B`oEQ?aHCG?YEh?PACBTHA?_@OD?cW`PC@PA?aAW,27,93,7,9.9425893834,2.9425893834,1.4203699119,Solved
ZHOXK_J?GC@Jh@scTAAI_CAm_?QIo?S?[?C`sE?H@ATADQCO`H@AO_E_`GcG,27,92,7,9.9425696244,2.9425696244,1.4203670892,Solved
ZHO\M?geAC_lsGEQ?m??kS_MGGH?@gB_GAFBg@Q?GOaqC?PP?S@Ao_CC?CdW,27,92,7,9.9425310277,2.9425310277,1.4203615754,Solved
Z?O\E_Ge?FoCO?HSd@qdBKG__S?sKCGOyCaCOBOJGg??GDTAo`APg@@U??AW,27,92,7,9.94243894,2.94243894,1.42034842,Solved
Z?O\E_Ge?FoCO?HSd@qdBKG__S?sKCGOyCaCOBQJGg??GDTAo`APg@@U??AW,27,93,7,9.9424388523,2.9424388523,1.4203484075,Solved
ZHO\M?geAC_lsGEQ?m??kS_MGGH?@gB_GAFBg@Q?GOaqC?PP?SPAo_CC?CdW,27,93,7,9.9423534619,2.9423534619,1.4203362088,Solved
Z?O[MAgWa`PBGpP?aEGIPm??BHHGHGCAuWQ@W?DGG_O`XC@k?S@OG_aaK_I?,27,93,7,9.9423275377,2.9423275377,1.4203325054,Solved
ZHOXM_HhMcT??o@JW??DHc?sWA_?og?|@A_KIOATHCCG?Ib@@GkEC_@_WKOG,27,93,7,9.9423159506,2.9423159506,1.4203308501,Solved
ZHOLM?geAC_lA?S`?YTGCCwDC?c?KWQQg_OB?G[C_KGqdO??[p?EA?cg?DDG,27,91,7,9.9421776794,2.9421776794,1.4203110971,Solved
ZHOXM_HhMcT??o@JW??DHc?sWA_?og?|@A_LIOATHCCG?Ib@@GkEC_@_WKOG,27,94,7,9.9421184331,2.9421184331,1.4203026333,Solved
ZHOXI_ge?FgcsG?D@@WFAh?Md@AG?_SKOOGFiOO_B_E?OcFc`G_OAQA_AQ_g,27,93,7,9.9421118926,2.9421118926,1.4203016989,Solved
ZHO\MagEADC?oCE?O@gHD?sCCbGE`KoWO_@RoDS?DM??h?B?V@GS?IAd?OOg,27,92,7,9.942080416,2.942080416,1.4202972023,Solved
ZHO\MagEADC?oCE?O@gHD?sCCbGE`KoWO_@RoDS?DM??h?F?V@GS?IAd?OOg,27,93,7,9.9420754693,2.9420754693,1.4202964956,Solved
ZHoWK_@CdHsO@O_?d??HjOgOWKHEAKG?C?QhOROMCCgA?CRICaPOL_@ASKG?,27,90,7,9.9420256134,2.9420256134,1.4202893733,Solved
Z@O\G?geAC_dsGEQ?OpI`oGWHGaF_E_Gh`S??_sGG?[dGo@h?@_?GWYa@@Ao,27,93,7,9.9419340838,2.9419340838,1.4202762977,Solved
Z@OLIageAC_ls?x?A@GSHGD_A@GoOH?_cBa`p?Iah?ITH?@?WU_?D@L?_SGW,27,92,7,9.9419067497,2.9419067497,1.4202723928,Solved
Z@O\M_geAC_ls?x?CAoE@`IChAI?gGd@CCaQE@S?AP@?@Igi??b?koAG?@IW,27,92,7,9.9418987285,2.9418987285,1.4202712469,Solved
ZHoWC_JSdHsOPPh_?a_sOo?K?tGQBC`@?j???Cay`G?cOPO@ODB??{IG@?{?,27,92,7,9.9418499096,2.9418499096,1.4202642728,Solved
ZHO\M_gC?D_hoCAoS?i_P@WcASLOOI@@GOBBiDCGDK_WcG_?SGJEA_O_aGX?,27,93,7,9.9418074364,2.9418074364,1.4202582052,Solved
ZHO\I_ge?FwchOs?A?_FB?AwD_G?UE?@KJ?IGDOWCgKGaACCGAR?AHDT?AOW,27,92,7,9.9417880777,2.9417880777,1.4202554397,Solved
ZHOHGageA??lt?A?wg?`R?secHICI?DT?gCg@CCw`?L?AgHiQ?`oo?D?ZG@?,27,93,7,9.9417849475,2.9417849475,1.4202549925,Solved
Z@OWG_JOdHs?PPATYO@?FcGChOnI?Co__?cDs?OHCCP?E_Q?AWRAQCBGO`?W,27,91,7,9.9417845258,2.9417845258,1.4202549323,Solved
ZHOLM?geAC_lA?S`?YTGCCwDC?c?KWQQg_OB?G[K_KGqdO??[p?EA?cg?DDG,27,92,7,9.9417374751,2.9417374751,1.4202482107,Solved
Z@O[MagGa`PBG@PGbOF?@eCOAaW_a`AGKCGh@SCADCD`XOOG@WD_AgSGa?_W,27,93,7,9.9417096777,2.9417096777,1.4202442397,Solved
ZHoWK_@CdHsO@O_?dG?HjOgOWKHEAKG?C?QhOROMCCgA?CRICaPOL_@ASKG?,27,91,7,9.9417067351,2.9417067351,1.4202438193,Solved
ZHO\MagC?@c`ODAsGP?JDEaa?Sc_F@O_eCI@IQ@aG_?q?i@?PIIOg@P_CHd?,27,94,7,9.941696878,2.941696878,1.4202424111,Solved
ZHO\Mag??DchoDE?_EE?QO@WOIGH_hO@gBOH?oWdO_OaCQDa@H??oOpg`?EO,27,92,7,9.9416450088,2.9416450088,1.4202350013,Solved
ZHOOK_JCdHSOOPgCBPAIBB?o?[]`?HC?sLS@jC_Ec?G@@WH?OGdOLA?_C[D?,27,93,7,9.941609816,2.941609816,1.4202299737,Solved
ZHOXI_BHEC?J@H_c?H\H@s?ahA?po?_Ig?oh?oEcoC@`Od?p??h?M@BD?gAW,27,93,7,9.9413869965,2.9413869965,1.4201981424,Solved
ZHoOC_JSdHsOPPh_@AI`HOQGWAG?akK?S_a`BP?gSS_?AGb@HA`o_@GcGCGg,27,93,7,9.9413043483,2.9413043483,1.4201863355,Solved
ZHO\I__e?Foc`Os?@WaD_??|ASG@DGo?ed?HGB_OGAc_EKEsAA_GBoO@??`w,27,92,7,9.9412753659,2.9412753659,1.4201821951,Solved
ZH?\EagCADch_DAs?C_c@ISFC?g@EmGA_WI`QcG_NC?A@@JADDAh??gg?[?g,27,94,7,9.9412619765,2.9412619765,1.4201802824,Solved
ZHO[MagCADchoDC__KHC`aASjO?BA?_HJ??RgAG?s?@`?QY@?JH?LOAg_@WG,27,91,7,9.9412493747,2.9412493747,1.4201784821,Solved
ZHO\M_gaAC_lsG?IT?_Ck?OCJB@G_W`PF?@PCkAHGSP?A?h?O[de@Q@G_L?_,27,94,7,9.9410985355,2.9410985355,1.4201569336,Solved
Z@OLMageA?chc@Og_hG?H?ccDgN??ih?O@PAOgCLGOPB?CR?DPPAaCWC?SAO,27,91,7,9.9410963145,2.9410963145,1.4201566164,Solved
ZHOX?_J@Cc@JhHscTAAM@Oo@?w??JWO?gOQHGICkM?DRA@A?QwOOH?Bs_@GG,27,93,7,9.9410809021,2.9410809021,1.4201544146,Solved
ZHO\M_ge?F?_?dIBO_G`GOAMCbGBD?AgOY?FOcSa`DACGU?a@AFhACoGB_C_,27,94,7,9.9410677275,2.9410677275,1.4201525325,Solved
Z@OWG_JOdHs?PPATYO@?FcGChOnI?Co__?cDs_OHCCP?E_Q?AWRAQCBGO`?W,27,92,7,9.941055102,2.941055102,1.4201507289,Solved
ZHOP?_J@Cc@JhHscSAAM?OMA_CWE_AHHCGHE??mKo?CgwCDjO?CE?h_?FA@W,27,93,7,9.9410302704,2.9410302704,1.4201471815,Solved
Z@O[M_gWadPBGP`?_EHIHE?GCqGsCD?OS@p@o?Hm@Co?@IoE_?J@PGOcO@Ag,27,93,7,9.9410119624,2.9410119624,1.4201445661,Solved
Z@O\M_geAC_lsG@IT@?Ck?O[gEG`OOC?K@@pXC?a_JAW_?si?SO?KAP?WOBW,27,93,7,9.94100468,2.94100468,1.4201435257,Solved
Z?O[Ma_C?@_hoDAsI@DGBW_@QcSO?WHFCjI?AHI??_bdOc@CGq@HS?cW@?@W,27,91,7,9.9410021065,2.9410021065,1.4201431581,Solved
ZHO\A_ge?FWchOOEqCGOK?oMcGOdA_AgKGI``AA`AG@bOG@OGBHO?KT?q?@W,27,93,7,9.9409986752,2.9409986752,1.4201426679,Solved
ZHO\I_ge?Foc`Os?@WaD_??|ASG@DGo?ed?HGB_OGAc_EKEsAA_GBoO@??`w,27,93,7,9.9409381625,2.9409381625,1.4201340232,Solved
ZHOXK_J??C@IhHscTAAI_CAk@IE?GPGAKYOE?IKW@BKGj?@sK@?iACA?O`Gw,27,93,7,9.9409100144,2.9409100144,1.4201300021,Solved
ZHoWK_JO`Hc?PPc_iC_Qih?IOS??QPCCkJCA_AGY@?wbAPA@@?a?qH@cEGCO,27,92,7,9.940878928,2.940878928,1.4201255611,Solved
ZHoWK_JO`Hc?PPc_iC_Qih?IOS??QPCCkJCA_AGY@?wbAPA`@?a?qH@cEGCO,27,93,7,9.940869129,2.940869129,1.4201241613,Solved
Z@?XK_JhMcT?SDXOYCAIGAEOA?wOUKCCrG?CGGCHA?F?`_bCHOWQS?@_OTAG,27,92,7,9.9408210801,2.9408210801,1.4201172972,Solved
Z@O\M?geAC_lsGw??AwF@eACdG?f?BG__GBU??JosI?wC?`GD?L@Qo?_?DWg,27,94,7,9.9407273224,2.9407273224,1.4201039032,Solved
ZHOKMagCADchoDE__kHC`@AFCP??GgFCUgOGO_GgoGga_OS?WQDGAGRR?@OG,27,93,7,9.9407245063,2.9407245063,1.4201035009,Solved
ZHOWC_JHMc@JgGsCTOAI@?@vE?IAc@OOS?_Te_?gAR@?QQHHGAEC@H`_owC?,27,94,7,9.9406771661,2.9406771661,1.420096738,Solved
ZHoGG_JSdHsOP@c_wg?Qg?GkhQ??O]E?C?saG?cWoP?gW?PH?QH?H@Qq_?Ag,27,91,7,9.9406249826,2.9406249826,1.4200892832,Solved
ZGOGM_JHIc@BhGocTO?_FiA?C?G?TMcGG@OZoGD?EKGAA@RHPC@?IX?e?gQ?,27,91,7,9.9406126471,2.9406126471,1.420087521,Solved
ZHoGG_JSdHsOP@c_wg?Qg?GkhQ??Q]E?C?saG?cWoP?gW?PH?QH?H@Qq_?Ag,27,92,7,9.940566241,2.940566241,1.4200808916,Solved
ZGoXA_JHEc?JH@Sc@G\HHscaF?@oGG@pGC?B_GoG?pGf??I?OEJ_Go?g?_Dg,27,92,7,9.9404782217,2.9404782217,1.4200683174,Solved
ZHO\M?_CAC_lsGEQT?_EdPKWGo@GAkOgC?gPCoBGIDHO?gcS_?RIC_DOD?OW,27,94,7,9.9404691416,2.9404691416,1.4200670202,Solved
Z@O\M_gaAC?lsGx??AoF@eAD_OGda?IPMg?P?@`g?u_CGDAEAWC?`@Ige??g,27,93,7,9.9404566961,2.9404566961,1.4200652423,Solved
ZHOHI_geA@_`c@Oc_KMG@e@GBa[UG?ST?_SDCASdI?Ayc?C?CgBHAQ__[a?O,27,93,7,9.9404436439,2.9404436439,1.4200633777,Solved
Z@O[Ma_Oa`?@HPe@?@[ocGpDC_gJ`@SOC?RDw@?hQh?BSCAOgSA_D@P?`@CW,27,94,7,9.9404080062,2.9404080062,1.4200582866,Solved
ZHoWC_JSDHsOPPh_?E[cC?BHC?W@iHO@DD?Xs_A_E_I@AX?CH?J?q@PD?EAW,27,94,7,9.9402836429,2.9402836429,1.4200405204,Solved
Z@OWMagWadPBGpP?_EHGHE?IcGG`_?OCma@@AQGm?CogOco@[AGC?OR_WJO?,27,93,7,9.9402824935,2.9402824935,1.4200403562,Solved
ZHoWK_JSCHcOPP?TC_ICPgcAAA_Qgi`AW_IBhGCA?AP`H_`E?u??cGLqCc@?,27,94,7,9.9402702871,2.9402702871,1.4200386124,Solved
ZHOWK?HhMcT??t@JA?TS@g_POaGIPO?gkX?H?hGI?Ecw_CCGQ@DEc?AgGKGG,27,93,7,9.9402416607,2.9402416607,1.420034523,Solved
Z@?[MAgWadPBHPIoAAIHHo?gI?]oC@IPGPo?@CA@C?d_?h[CW@Dq?GA_?WeG,27,93,7,9.9402374058,2.9402374058,1.4200339151,Solved
ZHOKMageAC_di?O@_KOCbIPCQ`E_G_?PSDQD`AJ?hAA?HOpHCOPO`GIB??AW,27,92,7,9.9402018442,2.9402018442,1.4200288349,Solved
ZH?[MagEAC_daAS?_kOCbHOci?__OYD_FC?QAQOASGCCGoK?KRBc@DSSACB?,27,92,7,9.9401197791,2.9401197791,1.4200171113,Solved
ZHO\MagEA@C_oDE??eE?JAR?DHE?BODgKQa[?awDO?G__PHCB?aGSCD_WK?o,27,93,7,9.9401085007,2.9401085007,1.4200155001,Solved
ZHO\I_ge?FocsGEBCI_GFS`?cGM?AGCgcHAD_WCACa@_KBPhA?@A?hS_?DUO,27,94,7,9.940102595,2.940102595,1.4200146564,Solved
ZHO\M_ge?Focs?@SC@wDEODEW?g?OhOCSB_`OC?g?QIi?GSh??B?WaC`O_@g,27,91,7,9.9399424995,2.9399424995,1.4199917856,Solved
ZHO\I_ge?FW_oGABCaWcE?XMD@??wlO?FOG_?k@GAKAcB@`C?qSPGCP@W?SW,27,94,7,9.9399401877,2.9399401877,1.4199914554,Solved
Z?O\E_Ge?FoCO?HSd@qdBKG__S?sKCGO}CaCOBOJGg??GDTAo`APg@@U??AW,27,93,7,9.9399211728,2.9399211728,1.419988739,Solved
Z?O\E_Ge?FoCO?HSd@qdBKG__S?sKCGO}CaCOBQJGg??GDTAo`APg@@U??AW,27,94,7,9.9399188388,2.9399188388,1.4199884055,Solved
ZGOXA_JhMcP??tE?__a@B`oE_@aHCG_gSHGT_oWT_?D?c_@GAcDSc@@@?D@W,27,91,7,9.9399037093,2.9399037093,1.4199862442,Solved
ZHO\MagEA@c_oDE??eE?JAR?DHE?BODgKQa[?awDO?G__PHCB?aGSCD_WK?o,27,94,7,9.9398910174,2.9398910174,1.4199844311,Solved
ZHOXA_JgMcT??TE?_ha@B`oEQ?aHCG?YEh?PACBTHA?_@PD?cW`PC@PA?aAW,27,93,7,9.939875925,2.939875925,1.419982275,Solved
ZHOXA_JgMcT??tE?_ha@B`oEQ?aHCG?YEh?PACBTHA?_@PD?cW`PC@PA?aAW,27,94,7,9.9397589896,2.9397589896,1.4199655699,Solved
ZHO\I_geA@_he@?_cHKOH?{BC_cJ?@?iGAIRSGSDG?O_O_Q?S@JEA?RG?JOG,27,91,7,9.9397472325,2.9397472325,1.4199638904,Solved
ZHO\I_geA@_he@?_cHKOH?{BC_cJ?@?iGAIRSGSDG?O_OcQ?S@JEA?RG?JOG,27,92,7,9.9397049619,2.9397049619,1.4199578517,Solved
ZHO\M__e?Fgcs?GO@@WV?pGG?JX?ha??KCb@Aw?S?@aCA_f@CoEAAAgaOg?G,27,91,7,9.9397042656,2.9397042656,1.4199577522,Solved
Z@OSM_GWad[?IO?\RA?CFXGE?YM`?_SGK_G`@L_@AOA_[_C@?wba?QK@_A`_,27,92,7,9.9396359844,2.9396359844,1.4199479978,Solved
Z@O[Ea_Wad?@GOe@Y?`U@@KSAb_QoM?COcCBA_iKGs_G?GBHP@P@`_`BE_G?,27,92,7,9.9396055352,2.9396055352,1.4199436479,Solved
ZHO\M__e?Fwcs?GO@@WV?pGG?JX?ha??KCb@Aw?S?@aCA_f@CoEAAAgaOg?G,27,92,7,9.9395854741,2.9395854741,1.419940782,Solved
ZHO[MagCADchoDC__KHC`aASjO?BA?_HJ??RhAG?s?@`?QY@?JH?LOAg_@WG,27,92,7,9.9395474279,2.9395474279,1.4199353468,Solved
ZHO\M_geAC_LoGi@?IDGP?_xCSMH@?SD?@HBC@EoD?HaDGgA?EHHS_Aa?s@O,27,94,7,9.9395099059,2.9395099059,1.4199299866,Solved
ZH?[MagEAC_daAS?_kOCbHOci?__OYD?FC?QAQOISGCCGoK?KRBc@DSSACB?,27,92,7,9.9394778113,2.9394778113,1.4199254016,Solved
ZHO\MagC?DchoDE?_eE?QO?WOIGH_hO@gBOH?oWcO_OaCQDa@H??oOpg`?EO,27,92,7,9.939459616,2.939459616,1.4199228023,Solved
ZHO\I_geA@_he@?_cHKOH?{bC_cJ?@?iGAIRSGSDG?O_O_Q?S@JEA?RG?JOG,27,92,7,9.9394471256,2.9394471256,1.4199210179,Solved
ZHO\M_gEADc`e@?g_hKo@O__@cLG_GAIc?ohs?PI?cg?W?T`G?QI?GD_Aj?_,27,92,7,9.9394225519,2.9394225519,1.4199175074,Solved
ZGOXA_JhMcP??tE?_`a@B`oE_@aHCG_gSHGT_oWT_?D?c_@GAcDSc@@@?D@W,27,92,7,9.9393729823,2.9393729823,1.419910426,Solved
ZHO\I_geA@_he@?_cHKOH?{bC_cJ?@?iGAIRSGSDG?O_OcQ?S@JEA?RG?JOG,27,93,7,9.9393501231,2.9393501231,1.4199071604,Solved
ZHOXI__e?EwchOs?@@wFaeg?Wg?B`ACCK?CX@AOgCkG`KGDg?KSPAA@s??sG,27,94,7,9.939258994,2.939258994,1.419894142,Solved
ZHOKMageAC_di?O@_KOCbIPCQ`E_G_?PSDQD`AJ?hAA?HOpHCOPO`GIB?AAW,27,93,7,9.9391696785,2.9391696785,1.4198813826,Solved
ZHO\MagC?DchoDE?_EE?QO?WOIGH_hO@gBOH?oWdO_OaCQDa@H??oOpg`?EO,27,92,7,9.9391420082,2.9391420082,1.4198774297,Solved
Z@O[M_GWad[_IO?\RAACEHWECq@OAGGTCBc@c?Cg?VOaO_PAEADG?LGwC?Gg,27,94,7,9.9391302365,2.9391302365,1.4198757481,Solved
ZGO\A_ga?BoChOPA?[GsM@bBO?hIgIKW?G?gCkOLAABGEB@cA?hKDG?@?OiW,27,93,7,9.9390644142,2.9390644142,1.4198663449,Solved
ZHO\M_geAC_lsGgA?M?GBa@CABiCg_`O_c?h?WOh?S_ga?ha?GqC_AD`?wCG,27,93,7,9.9390577487,2.9390577487,1.4198653927,Solved
ZHOHI_geA@_`C@Oc_KMG@e@GBa[UG?ST?_SDCASlI?Ayc?C?CgBHAQ__[a?O,27,93,7,9.9389442096,2.9389442096,1.4198491728,Solved
ZHOWI_JGGc@JhHsCTOE?o@OMDW?OE\O?PQOBCGL?CIA_gEDoIAAG`?c_@WGg,27,94,7,9.9389227604,2.9389227604,1.4198461086,Solved
Z@OHMageEGGQAos_?eHOXWC_Oi@IIG`WOB?[G?gQ?_Daco@`?FAA?OL?WCGW,27,92,7,9.9387215378,2.9387215378,1.4198173625,Solved
ZHO\M_gEAC_LsGi??Y??NhACGCiH__EeIOGEoD??@?R__{@@IWC?_@`@GACG,27,90,7,9.9386888987,2.9386888987,1.4198126998,Solved
Z@OLMagEADchE@?_cHKo@?_cDoN?CGh?EGDDOHSBG?_?QSJCAAi?SQQWaD??,27,92,7,9.9386134068,2.9386134068,1.4198019153,Solved
Z@O\M_?e?FG_Sg?tD@sHBgH?GBGoOpJ_A?CFOED@R?@{@?_@CaB??GtICGCG,27,92,7,9.9385695894,2.9385695894,1.4197956556,Solved
ZHO\M_gEAC_LsGi??Y??NhACGCiH__EeIOGEoD??@?R__{@@IWC?_@`DGACG,27,91,7,9.9385319781,2.9385319781,1.4197902826,Solved
Z@OSM_GWad[?IO?\RA?CFXGE?YM`?_SGK_G`@L_@AOA_[_C@?wbe?QK@_A`_,27,93,7,9.9384641926,2.9384641926,1.4197805989,Solved
Z?O[MagW_d[_IOeC]??I@?Fc?Y_J?Xs?C?cT?_wjGQ@?Oi_SG_@AOAFO@AGW,27,93,7,9.9384595772,2.9384595772,1.4197799396,Solved
ZHOKMagCADchoDE__kHC`@AFCP??GgFCUgOGO_GgoGga_OS?[QDGAGRR?@OG,27,94,7,9.9383807328,2.9383807328,1.4197686761,Solved
ZHOXM_BhMcT??o@BW?Wp@AE_B@WHHS_?KGY@OGQPA?da?cegG_@A?OQgAq?G,27,92,7,9.9383137225,2.9383137225,1.4197591032,Solved
ZGOKIageAC?lt?AOcAg`P`OCyC@GQE?GC?qM@OGWOSOw?IaCgGbGsCQEOHG?,27,93,7,9.9382695525,2.9382695525,1.4197527932,Solved
ZGoWM_JS`HSO_ESHoOHI`?@cW?hECH`@P?KD`COgQPOaOADHG`@AD?ow@@?g,27,94,7,9.9381753476,2.9381753476,1.4197393354,Solved
Z@O\MagCACc`e@?KchK_@OccCgN?_GBGT?DSIS@CoOBG_IB?_gW?L?@`OIOG,27,92,7,9.9381435133,2.9381435133,1.4197347876,Solved
ZHOWK_JhMcD??d@JIALODs?_?gXSASCHGBCWPO_O?_Lc?WHAAGLcH?Agg?_g,27,93,7,9.9381302452,2.9381302452,1.4197328922,Solved
ZHoWC_JSdGcOPPATGX@@Ec?Ce@MK?_@gSGADCJ?c_H`GPHCHG?@A?hS_ADEO,27,92,7,9.9380887892,2.9380887892,1.4197269699,Solved
ZHOWI_geAC_LsGi?S`?Ee_w@CSHCk?GQOQ`CAOhT?GBAOgA`Y?_A?EBg?C[_,27,92,7,9.9380330425,2.9380330425,1.4197190061,Solved
ZGO\M?geAC_lsGAAA[?OGHC{o@UG@GCce?GO@W@Y?JBU?IA?c?BAQ`?aGGSO,27,91,7,9.938014801,2.938014801,1.4197164001,Solved
ZHOHA_gEAC_lt?A`?[TGR?o@?@`?kSIOKO_[ao?l?hOR@@_Pc?H?GoQoe@_?,27,92,7,9.9379878296,2.9379878296,1.4197125471,Solved
Z@O[MAgW_`S_Io?FgPCo`g?WD_Y?[I_GGD`_?CAxUO?bA@SCXGCP?SAo@OGg,27,93,7,9.9379284904,2.9379284904,1.4197040701,Solved
ZH?\MagC?D?hoDAsS?aH`EAdGOa_R?G?S_JDA?CgE`AxB?G@GoAg?BCaS_g?,27,91,7,9.9379245772,2.9379245772,1.419703511,Solved
Z@?X?_JhKCT??`E?_h_@B`oFDA@QSaCiFOa_GARNHA?GBP?C?DRAs?Ci@a?G,27,92,7,9.9378824416,2.9378824416,1.4196974917,Solved
Z@OLMageA?chc@Og_hG_H?ccDgN??ih?O@PAOgCLGOPB?CR?DPPAaCWC?SAO,27,92,7,9.937851965,2.937851965,1.4196931379,Solved
ZHOPE_JhMcT??_?VgcsoCBo@C`S_CXO?C@ED??[QCgCs_O??AMREc?L?D@E_,27,93,7,9.9377942352,2.9377942352,1.4196848907,Solved
ZHOXM_BhMcT??o@BW?Wp@AE_B@WHHS_?KGY@OGQPA?da?cegG_@A_OQgAq?G,27,93,7,9.9377891127,2.9377891127,1.419684159,Solved
ZHOWK_HhMCT??d@JQ??U`?HHOBXOFDD?GWI@?sAa?Gagg@SG?WKcg?B_hO@O,27,92,7,9.9377886528,2.9377886528,1.4196840933,Solved
ZHoGC_JSdHs?@Ph_@AYAPCHVAAGsC_GgKUCOOGOhI@Gc?PCAQ?TS`?AoCCGg,27,93,7,9.9377284715,2.9377284715,1.4196754959,Solved
ZHOHA_gEAC_dt?E`?[TGR?o@?@`?kSIOKO_[ao?l?hOR@@_Pc?H?GoQoe@_?,27,92,7,9.9377108244,2.9377108244,1.4196729749,Solved
ZGoWG_JOdHsOPO__iC`QbKGO?Qg`kDG?L@H@?@eLc?G__CT?TOP_oA@B@?AW,27,92,7,9.9376725119,2.9376725119,1.4196675017,Solved
ZGoWG_JOdHsOPO__iC`QbKGOGQg`kDG?L@H@?@eLc?G__CT?TOP_oA@B@?AW,27,93,7,9.9376534115,2.9376534115,1.4196647731,Solved
ZHO[I?ge?DWc`Og?I@OFb@QO?CidCTQ?G?LBI?dHCgOGa?c?AoR_WGFBWG_?,27,92,7,9.9376351791,2.9376351791,1.4196621684,Solved
ZHoWK_JC`HCOPPS_SEPOeARZ?W?HGi?_EQ?X_BOOG@HgW?PE?`DGGOQoB_?g,27,93,7,9.9375771309,2.9375771309,1.4196538758,Solved
Z@O[M_geAC_dsGx?CAoS@@YCO`V?G_U@G?QJ?PSGGCKa?hGOgGDiA@GcY?@_,27,93,7,9.9375630745,2.9375630745,1.4196518678,Solved
ZHOHC_HhMCT??ta?_ha@BEcC_`G`YCK?dOAdPp@?oSIG?DPHQC??COLqs??_,27,93,7,9.9375428338,2.9375428338,1.4196489763,Solved
ZHO[MagE?C_LIAS`?[S?EGsDC?s_KWHACGGp?s`Q?haT@G_PIA?C??Nsa_C?,27,93,7,9.9375028134,2.9375028134,1.4196432591,Solved
ZHO\I_Ge?F__?tIBW_K@GGGhAOY@g@GS_@cce?AWIAciCO@E_K__OPo?@`?w,27,92,7,9.9374361615,2.9374361615,1.4196337374,Solved
ZHoWC_JSCHsOPPc_ceGOHGASHSH?SMC@OO_ROAP?E?c_e@@Ic_GPoC_A??Iw,27,91,7,9.9374083227,2.9374083227,1.4196297604,Solved
ZGO\M__A?Dwc?teASaE`???{H_HGagcgH?Gbi?_GF?PIA?bM@?A@QCS?C[?w,27,93,7,9.9373511829,2.9373511829,1.4196215976,Solved
Z@OHMageEGGQA_s_?eHOXWC_Oi@IIG`WOB?[g?gQ?_Daco@`?FAAAOL?WCGW,27,93,7,9.9373302703,2.9373302703,1.41961861,Solved
ZHO\MagC?@choD?cG@COHCacC`goF?DD@C`OIS@S?ODgAAhE@OQ?sGGs`?Og,27,93,7,9.9373272071,2.9373272071,1.4196181724,Solved
ZHO\M?ge?Fg_?oGBWC[`GA?s_U?IAgs@G@c@`AAQ_CDcAQE@AJG?lA_P?G@w,27,93,7,9.9371927801,2.9371927801,1.4195989686,Solved
ZHO\I__e?FwcaWcA@OHGE_WK?UaDALGOGgCG?SGy_T@B?`GOgCD@OPG_AAPg,27,94,7,9.9371630874,2.9371630874,1.4195947268,Solved
ZHO\I_Ge?F__?tIBW_K@GGGhAOY@g@GS_`cce?AWIAciCO@E_K__OPo?@`?w,27,93,7,9.937159261,2.937159261,1.4195941801,Solved
ZHoWC_JSCHsOPPc_ceGOHGASHSH?SMC@OO_ROAPGE?c_e@@Ic_GPoC_A??Iw,27,92,7,9.9371546188,2.9371546188,1.419593517,Solved
ZHoGC_JSdHs?@Ph_@AYAPCHVAAGsC_GgKUCOOGOhI@GcAPCAQ?TS`?AoCCGg,27,94,7,9.9371291759,2.9371291759,1.4195898823,Solved
ZHOHAageAC_Lt?E`?YTGB_o@?`goG`GOIA?BI@aG`O__KGC@_@b??arGa_CG,27,89,7,9.9371041862,2.9371041862,1.4195863123,Solved
ZHOHAageAC_Lt?E`?YTGB`o@?`goG`GOIA?BI@aG`O__KGC@_@b??arGa_CG,27,90,7,9.9370925095,2.9370925095,1.4195846442,Solved
ZHOHAageAC_Lt?E`?YTGB`o@?`goG`IOIA?BI@aG`O__KGC@_@b??arGa_CG,27,91,7,9.9370838225,2.9370838225,1.4195834032,Solved
ZHOPE_JhMcT??_?VgcsoCBo@C`S_CXW?C@ED??[QCgCs_O??AMREc?L?D@E_,27,94,7,9.9370227482,2.9370227482,1.4195746783,Solved
ZHO[I?ge?DWc`Og?I@OFb@QO?CidCTQ?G?LBI?dHCgOGa?_CAoR_WGFBWG_?,27,92,7,9.9369593299,2.9369593299,1.4195656186,Solved
ZHOHAageAC_Lt?E`?YTGB_o@?`goG`GOIA?BI@aG`O__KGC`_@b??arGa_CG,27,90,7,9.9369575366,2.9369575366,1.4195653624,Solved
ZGO\M__A?Dwc?teASaE`???{H_HGagcgH?Gbi?_GF?PIA?bMB?A@QCS?C[?w,27,94,7,9.936956096,2.936956096,1.4195651566,Solved
ZHOHAageAC_Lt?E`?YTGB_o@?`goG`IOIA?BI@aG`O__KGC`_@b??arGa_CG,27,91,7,9.9369343744,2.9369343744,1.4195620535,Solved
ZHOHAageAC_Lt?E`?YTGB`o@?`goG`GOIA?BI@aG`O__KGC`_@b??arGa_CG,27,91,7,9.9369305466,2.9369305466,1.4195615067,Solved
ZHOHAageAC_Lt?E`?YTGB`o@?`goG`IOIA?BI@aG`O__KGC`_@b??arGa_CG,27,92,7,9.9369134471,2.9369134471,1.4195590639,Solved
Z@OSM_GWad[?IO?\PA?CFXGE?YM`?_SGKcG`@L_@AOA_[_C@?wbe?QK@_A`_,27,93,7,9.9368598108,2.9368598108,1.4195514015,Solved
ZHO\MageA?_d?AS`_[T?C?C[QgMGCPQOP?So??PwoOcS?CB@G_X?s?E`?o_g,27,92,7,9.9367650235,2.9367650235,1.4195378605,Solved
Z@O[MAgW_`S_Io?FgPCo`g?WD_Y?[IcGGD`_?CAxUO?bA@SCXGCP?SAo@OGg,27,94,7,9.936764717,2.936764717,1.4195378167,Solved
Z@OX?_JhKCT??`E?_h_@B`oFDA@QSaCiFOa_GARNHA?GBP?C?DRAs?Ci@a?G,27,93,7,9.9366891997,2.9366891997,1.4195270285,Solved
ZH?[MagEAC_daAS@_kOCbHOci?__OYD?FC?QAQOASGCCGoK?KRBc@DSSACB?,27,92,7,9.9366888902,2.9366888902,1.4195269843,Solved
ZHoWG_JS@@SOPPATAP\H`_E?J?McQCIo@O_Gg?pG?HID?PP?c?D?BDGgg@@O,27,91,7,9.9366615983,2.9366615983,1.4195230855,Solved
ZHO\M_ge?Fg_?oGBWC[`GA?s_U?IAgs@G@c@`AAQ_CDcAQE@AJG?lA_P?G@w,27,94,7,9.9366517793,2.9366517793,1.4195216828,Solved
ZHoWG_JS@@SOPPATAP\H`_E?J?McQCIo@O_Gg?pG@HID?PP?c?D?BDGgg@@O,27,92,7,9.9366249541,2.9366249541,1.4195178506,Solved
ZHoWG_JS@@SOPPATAP\H`_E?J?McQCIo@O_Hg?pG@HID?PP?c?D?BDGgg@@O,27,93,7,9.9366050478,2.9366050478,1.4195150068,Solved
Z@OLIageAC_ls?x?A@GSLGD_B@GoOH?_cBa`o?Iah?ITH?@?WU_?D@L?_SGW,27,93,7,9.9365535117,2.9365535117,1.4195076445,Solved
ZHO[MagCADchoDC__KHC`aASiO?Ba?_HJ??RhAG?s?@`?QY@?JH?LOAg_@WG,27,92,7,9.9365203651,2.9365203651,1.4195029093,Solved
ZHOWK_HhMCT??d@JY??U`?HHOBXOFDD?GWI@?sAa?Gagg@SG?WKcg?B_hO@O,27,93,7,9.9364774444,2.9364774444,1.4194967778,Solved
ZH?\I__e?FwchOIAAOiH`c?SBCG?eGOTJC?B?k?Kp?CCGABO?oEAWGG_@`Og,27,90,7,9.9364540239,2.9364540239,1.419493432,Solved
ZHOXA_ge?FwchOS?@@wFAi?R??o@a?cC[cGEe_?IGOs_Y`_`o?_?GoD_AaKG,27,93,7,9.9364487075,2.9364487075,1.4194926725,Solved
ZH?\I__e?FwchOIAAOiH`c?SBCG?eGOTJC?B?k?Kp?CCGABO?pEAWGG_@`Og,27,91,7,9.9364486309,2.9364486309,1.4194926616,Solved
ZH?\I__e?FwchOIAAOiH`c?SBCG?eGOTJC?B?kAKp?CCGABO?oEAWGG_@`Og,27,91,7,9.9364387795,2.9364387795,1.4194912542,Solved
ZH?\I__e?FwchOIAAOiH`c?SBCG?eGOTJC?B?kAKp?CCGABO?pEAWGG_@`Og,27,92,7,9.936430935,2.936430935,1.4194901336,Solved
ZHoWM_JS`HOO_E?__Ji`Kh?T?dDG_GOOSiA_CHOXAKAQO?g?EBIAOS`g_CB_,27,94,7,9.936415774,2.936415774,1.4194879677,Solved
ZHO\I__e?FwchOIAAOiH`c?SBCG?eGOTJC?B?k?Kp?CCGABO?oEAWGG_@`Og,27,91,7,9.9363783368,2.9363783368,1.4194826195,Solved
ZHO\I__e?FwchOIAAOiH`c?SBCG?eGOTJC?B?k?Kp?CCGABO?pEAWGG_@`Og,27,92,7,9.9363742706,2.9363742706,1.4194820387,Solved
ZHoGG_JSdHsOP@c_wg?Qi?GkhQ??O]E?C?saG?cWoP?gW?PH?QH?H@Qq_?Ag,27,92,7,9.936366161,2.936366161,1.4194808801,Solved
ZHO\I__e?FwchOIAAOiH`c?SBCG?eGOTJC?B?kAKp?CCGABO?oEAWGG_@`Og,27,92,7,9.9363439417,2.9363439417,1.419477706,Solved
ZHO\I__e?FwchOIAAOiH`c?SBCG?eGOTJC?B?kAKp?CCGABO?pEAWGG_@`Og,27,93,7,9.9363366718,2.9363366718,1.4194766674,Solved
ZGODI__e?FwcgOs?@OwJa@AoYCYhC@?gQH?@@AoLY??GEDCEg?S?AKi_??z_,27,93,7,9.9363036442,2.9363036442,1.4194719492,Solved
ZGO\A_ga?BoChOPA?[GsM@bBO?hIgIKW?GAgCkOLAABGEB@cA?hKDG?@?OiW,27,94,7,9.9362291528,2.9362291528,1.4194613075,Solved
ZHO[M?GcAC_lsGgA?iWd@i@C?QGFAHD@BC?SIQD?_GF_@POPK?BId?HBGGg?,27,92,7,9.9361855444,2.9361855444,1.4194550778,Solved
ZH?LMAgeAC_dAAO?_kOCbIPCQ`Gq?eG?KDp?C`_\?RCH??bGD_`CAIWq_Q?_,27,92,7,9.936135585,2.936135585,1.4194479407,Solved
ZH?[MagEAC_daAS?_kOCbHOci?__OYD_FC?QAQOISGCCGoK?KRBc@DSSACB?,27,93,7,9.9360794757,2.9360794757,1.4194399251,Solved
ZHO\M_gEAC_LsGi??Y??NhACGCiH__EeI?GEoD??@?R__{@@IWCC_@d@GACW,27,92,7,9.9360786207,2.9360786207,1.419439803,Solved
ZHoWK_JOdHcOORcGB@??fH?Ci@?IgI@@UQ?P__i?Oi@_gA`cD?PGG?kg?l?G,27,91,7,9.9360340667,2.9360340667,1.4194334381,Solved
ZHO\I_g??DoC?teAsa?FBS?JCO@?GwQPDCG?C@DGD_Qc_g@?GbPaC?g`H@A_,27,89,7,9.9359959382,2.9359959382,1.4194279912,Solved
ZHO[I_ge?DWc`?g?I@OFb@QO?CidCTQ?G?LBI?dHCgOGa?cCAoR_WGF@WW_?,27,93,7,9.9359612076,2.9359612076,1.4194230297,Solved
ZHoWK_JOdHcOORcGB@??fH?Ci@?IgI@@UQ?P__i?Oi@ggA`cD?PGG?kg?l?G,27,92,7,9.9359572022,2.9359572022,1.4194224575,Solved
ZH?XE_J@Ec?JhHccTA?c_AQPC_yOC_M@Eg?O?HWiCcPH?iGh?ADC@@a_F?KG,27,94,7,9.9359564667,2.9359564667,1.4194223524,Solved
ZHO\I_g??DwC?teAsa?FBS?JCO@?GwQPDCG?C@DGD_Qc_g@?GbPaC?g`H@A_,27,90,7,9.9359487501,2.9359487501,1.41942125,Solved
Z@O[Ma_WadPBGPp?aAIGCeCChGpCAOJ@CIa_E__O@aGc?aLp??i?AID_KaOG,27,94,7,9.9359397076,2.9359397076,1.4194199582,Solved
Z@OLMagEADchE@?_cHKo@?_cDoN?CGh?EGDDOHSBG?_?QSJCAAm?SQQWaD??,27,93,7,9.9359274424,2.9359274424,1.4194182061,Solved
ZHO\M_gEAC_LsGi??Y??NhACGCiH__EeI?GEoD??@?R__{@@IWCC_@dDGACW,27,93,7,9.935914532,2.935914532,1.4194163617,Solved
ZHoWK_JOdHcOORcGB@??fH?CiB?IgI@@UQ?P__i?Oi@_gA`cD?PGG?kg?l?G,27,92,7,9.935912399,2.935912399,1.419416057,Solved
Z@O[MaGWAd[_IQ?\QA??FHWCI@kGcG?GCa_`S?CgS_QpBAGSgCO?@`D_`K@G,27,92,7,9.9359041595,2.9359041595,1.4194148799,Solved
ZHOXA_ge?FwchOS?@@wFAi?R??o@a?cC[cGEe_?IGOs_Y`_`oG_?GoD_AaKG,27,94,7,9.9358975962,2.9358975962,1.4194139423,Solved
ZHOWC_JSdH_OPPATSOMHAe@?aAYAWCO?KCo`CAkQM?OCCOHc_O`ACH`??_FW,27,92,7,9.9358630026,2.9358630026,1.4194090004,Solved
ZHoGG_JSdHsOP@c_wg?Qi?GkhQ??Q]E?C?saG?cWoP?gW?PH?QH?H@Qq_?Ag,27,93,7,9.9358507345,2.9358507345,1.4194072478,Solved
ZHoWK_JOdHcOORcGB@??fH?CiB?IgI@@UQ?P__i?Oi@ggA`cD?PGG?kg?l?G,27,93,7,9.935840294,2.935840294,1.4194057563,Solved
ZHO\I__e?Fwc`Os??SXOHSACCp?UGH?UCY_?_?DHOP?_EPP?@BI@OS@gACIG,27,90,7,9.9358308762,2.9358308762,1.4194044109,Solved
Z@O\M_?e?FG_Sg?tD@sHBgH?GBGoOpJ_A?CFOED@R?@{@?_@CaB??GtICGCW,27,93,7,9.9358295275,2.9358295275,1.4194042182,Solved
Z@OHI_geAD_?e@O__kLOHtGBc?@ASO?hKO@U?w_WAiWOkg?a_?IWDG?a@AGo,27,91,7,9.9357996585,2.9357996585,1.4193999512,Solved
Z@O[MagW_d?B@Pe@ISOO`@PE?IPEGa@A[g?kGAsC?_Bw__EE_BA?[O@g`?PG,27,93,7,9.9357979601,2.9357979601,1.4193997086,Solved
ZHOWC_JSdH_OPPATSOMHAe@?aAYAWCO?KCohCAkQM?OCCOHc_O`ACH`??_FW,27,93,7,9.9357832607,2.9357832607,1.4193976087,Solved
ZHOLM?ge?FocsGEB?OXI@?dd?Sc@AhO@PCGBEo?K_Oi?K@DODGDH?pDAg?WO,27,94,7,9.93574415,2.93574415,1.4193920214,Solved
Z@OHI_geAD_?e@O__kLOHtGBc?@ASO?hKO@U?w_WAiWOkg?a_?IWDGCa@AGo,27,92,7,9.9357272723,2.9357272723,1.4193896103,Solved
ZHO\M_geAC_lsG?QBOGGe?IKgCOAcYDAEO?LH?Oi?h?`OWDg@AP`I@A?GEAW,27,94,7,9.9357090061,2.9357090061,1.4193870009,Solved
ZH?LMAgeAC_dAAO@_kOCbIPCQ`Gq?eG?KDp?C`_\?RCH??bGD_`CAIWq_Q?_,27,93,7,9.9356981472,2.9356981472,1.4193854496,Solved
Z@O[Ma_Wad?BHPe?Y?_D@IQD?BOJ_HCBEC?LAEcGtG@?E\?AP@Pg??eg_i?G,27,94,7,9.9356617266,2.9356617266,1.4193802467,Solved
ZHO\I_ge?DochOsA?EWUIS`GCG@?_wOI?`?d?w?sH?PG@oE?QGq?CdQR??_o,27,92,7,9.9355776417,2.9355776417,1.4193682345,Solved
ZHOOM_JO_@sOEBhKS`Co_@@F?aGc?GOQTCKQGo@Woh?di?Oo_AA??kP_G\O?,27,92,7,9.9354924309,2.9354924309,1.4193560616,Solved
Z@O[MaGWa`?B@PE@?P[o`GpC@XDGH?`CMgACO`?Y@ATW_HG?[GDIa_?__AbG,27,93,7,9.9354457002,2.9354457002,1.4193493857,Solved
ZHO\M__A?F_c?tAASaA?FAwICoP?I[p?eODGPC?[`E?d@a@OAgg?OPDiQ_?G,27,94,7,9.9353325267,2.9353325267,1.4193332181,Solved
ZHOLI__e?FwcaW?A@??CnHSYO@d?P?GcGYDBDGO`AHAgOPa@WD_EA?BwCCGG,27,93,7,9.9352763852,2.9352763852,1.4193251979,Solved
Z@O[M_GWad[?IQ?\KSCGFeC?DcK@c?sAC_GT??Ygog__Sp?x??D?AHQ_g?Sg,27,94,7,9.9352614026,2.9352614026,1.4193230575,Solved
ZH?\MagC?D?hoDAsS?aH`EAdGOa_R?G?S_JDA?CgE`AxB?G@GoBg?BCaS_g?,27,92,7,9.9352014852,2.9352014852,1.4193144979,Solved
ZHO\M_gEAC_LsGi??Y??NhACGCiH__EeIOGEoD??@?R__{@@IWCC_@`@GACG,27,91,7,9.9351576596,2.9351576596,1.4193082371,Solved
ZHOXK_J?KC@Jh@scTAAI@CIFCOGQQGECO?aQ@@WXOoBIDS?sC?W?`DBC?@QW,27,94,7,9.9351533977,2.9351533977,1.4193076282,Solved
ZHoWG_JH?c@Jg@scWg?@pPOe@W?`GOSDKccC?OS\C?Ci?Q`OM_CA?AHc@KOG,27,92,7,9.9351205613,2.9351205613,1.4193029373,Solved
ZHO\M_gEAC_LsGi??Y??NhACGCiH__EeIOGEoD??@?R__{@@IWCC_@`DGACG,27,92,7,9.9351180088,2.9351180088,1.4193025727,Solved
ZGO\M?geAC_lsGAQ@?_f@HCso@a??X_IECGT?sgc`ACC??F?CGO@Y?__Oo_o,27,89,7,9.9350754731,2.9350754731,1.4192964962,Solved
ZGO\M?geAC_lsGAQ@?_f@HCso@a??X_IECGT?sgc`ACC??FOCGO@Y?__Oo_o,27,90,7,9.9350487646,2.9350487646,1.4192926807,Solved
ZGOLGagEAC_Ls??oWg?hQGDiH?XIS?c@HCp@gDCOOBCi__`kA?IA@Oo_]O?g,27,93,7,9.9350460151,2.9350460151,1.4192922879,Solved
ZGoXA_JHEc?JH@Sc@G\HHscaF?@oGG@pGE?B_GoG?pGf??I?OEJ_Go?g?_Dg,27,93,7,9.9350314495,2.9350314495,1.4192902071,Solved
ZHO\M_gE?FOcC??td@oHCOCKO@HQ?k@CV?GSOB`?C`B_KO`OF?`e?CCc_GKG,27,91,7,9.935001762,2.935001762,1.419285966,Solved
ZHO\I_g??DoC?teAsa?FBS?JCO@?GwQPDCI?C@DGD_Qc_g@?GbPaC?g`H@A_,27,90,7,9.9349733432,2.9349733432,1.4192819062,Solved
ZHO\MageA?_d?AS`_[TGC?C[QgMGCPQOP?So??PwoOcS?CB@G_X?s?E`?o_g,27,93,7,9.9349683185,2.9349683185,1.4192811884,Solved
ZHO\I_g??DwC?teAsa?FBS?JCO@?GwQPDCI?C@DGD_Qc_g@?GbPaC?g`H@A_,27,91,7,9.9349554775,2.9349554775,1.4192793539,Solved
Z@O\MageA@_hE@Oc_cL?HO_c`OKGQICHGG?Rw?_?UP?_E`E@GTCC?AqcHSCG,27,93,7,9.9349457664,2.9349457664,1.4192779666,Solved
Z@O[EagWadP@Gpp?bAH?HPGc?TGIo_s?D?Aag?AWIo?bOAcHoH??HOR_CAl?,27,93,7,9.9349301035,2.9349301035,1.4192757291,Solved
ZHOXK_J?CC@JhHscTA?A?i?COciI_G?Vc@O@CMCE??hAF@@??K@I?Okg?@EO,27,87,7,9.9348972156,2.9348972156,1.4192710308,Solved
ZH?XM_@hKCD??t@JI?\O@@RDA@G`CKDH?HWBSIcDP@GBB?gP@C`?_AMx?GOG,27,94,7,9.9348653637,2.9348653637,1.4192664805,Solved
Z@O[M_gWadPBGPp?_EHIHE?GCqGsCD?OS@p@o?Hm@Co?@IoE_?J@PGOcO@Ag,27,94,7,9.9348564798,2.9348564798,1.4192652114,Solved
ZGO\M?geAC_lsGAQ@?_f@HCso@a??X_IECGT?sgc`ACC??F?CGQ@Y?__Oo_o,27,90,7,9.9347124136,2.9347124136,1.4192446305,Solved
ZGO\M?geAC_lsGAQ@?_f@HCso@a??X_IECGT?sgc`ACC??FOCGQ@Y?__Oo_o,27,91,7,9.9346938957,2.9346938957,1.4192419851,Solved
ZGO\M?geAC_lsGAQ@?_f@HCso@a??X_IECGT?sgc`ACC??F?CGO@Y?`_Oo_o,27,90,7,9.9346478264,2.9346478264,1.4192354038,Solved
ZGO\M?geAC_lsGAQ@?_f@HCso@a??X_IECGT?sgc`ACC??FOCGO@Y?`_Oo_o,27,91,7,9.9346054022,2.9346054022,1.4192293432,Solved
ZGOXA_JhMcT??tE?__a@B`oE_@a@CG_gSHGT_oWT_?D?c_@GAcDSc@@@?D@W,27,91,7,9.9346034956,2.9346034956,1.4192290708,Solved
ZHOOM_JO_@sOEBhKS`Co_@@F?aGc?GOQTCKQGo@Woh?di?OoaAA??kP_G\O?,27,93,7,9.9345944661,2.9345944661,1.4192277809,Solved
Z@O\MagCACc`e@?KchK_@OccCgN?_GBGT?DSIS@CoOBG_IB?_gW?\?@`OIOG,27,93,7,9.934582653,2.934582653,1.4192260933,Solved
ZHO\M_ge?FGcsGGT@@\?H?sC?JKG@GcGG?`RPE?H?GSr??`?GITAOcQGB?OW,27,92,7,9.9344539822,2.9344539822,1.4192077117,Solved
ZHO\M_ge?FGcsGGT@@\?H?sC?JKG@GcGG?`RPE?H?GSr??d?GITAOcQGB?OW,27,93,7,9.9344528682,2.9344528682,1.4192075526,Solved
Z@OSM__GadK_I_CC?kG?\bCCY_O@MSOpEGL?@S@n?A_yEO??_IBX?@W`Kg?O,27,93,7,9.9343742835,2.9343742835,1.4191963262,Solved
Z@OWMagWadPBGpOGs_?_b?xCCGGObI`DIg@C?o?}GC__JCCH@ODa_D?a?@Pg,27,94,7,9.9343692508,2.9343692508,1.4191956073,Solved
ZHOXM_GhKcT??tcGcDOBG@?[OOADGYGAgJ?Kc?GwOq_wOE_AAaOPJ?GCG?`W,27,93,7,9.9343682403,2.9343682403,1.4191954629,Solved
Z@OLIageAC_ls?x?A@GSLGD_A@GoOH?_cBa`p?Iah?ITH?@?WU_?D@L?_SGW,27,93,7,9.9343324057,2.9343324057,1.4191903437,Solved
ZGO\M?geAC_lsGAQ@?_f@HCso@a??X_IECGT?sgc`ACC??F?CGQ@Y?`_Oo_o,27,91,7,9.9343303446,2.9343303446,1.4191900492,Solved
ZGO\M?geAC_lsGAQ@?_f@HCso@a??X_IECGT?sgc`ACC??FOCGQ@Y?`_Oo_o,27,92,7,9.9342989211,2.9342989211,1.4191855602,Solved
Z@?XM_geAC_Ls?S@?YCGAa_P?oWCKLGRCh?QCIIJG_C`HQ@Y@K?@@hGOSG?g,27,92,7,9.9342809476,2.9342809476,1.4191829925,Solved
Z@O[Ma_WAd@BGp@GrAGEHOGeWOHAQG@HCCY@S_OTO?Pk_AgAGCK?sOBo_`OO,27,94,7,9.9342467413,2.9342467413,1.4191781059,Solved
ZGOXA_JhMcT??tE?_`a@B`oE_@a@CG_gSHGT_oWT_?D?c_@GAcDSc@@@?D@W,27,92,7,9.934221764,2.934221764,1.4191745377,Solved
ZHOHI_geA@_`c@Oc_KMG@e@GBa[UG?ST?_SDCASlI?Ayc?C?CgBHAQ__[a?O,27,94,7,9.9342122639,2.9342122639,1.4191731806,Solved
ZGOLI__e?FwcaWoABO`IbDGP?AkH?HQ?SAU@E?Ol?POe_W?O?Cj?{@DA@_gO,27,94,7,9.9342079481,2.9342079481,1.419172564,Solved
ZHOWM_JOdHsOADs??Eh?EECCD?tS??`CK?LK?OglG?Qg_aIc_`?AC?Jg@DOO,27,91,7,9.9341036403,2.9341036403,1.4191576629,Solved
ZHOX?_J@Cc@JhHscTAAM@Po@?w??GkU?GOQJ?QwdH?CIA?J?@ZAAACGoC@Og,27,93,7,9.9340930208,2.9340930208,1.4191561458,Solved
ZHOX?_J@Cc@JhHscTAAM@Po@?w??GkU?GOQJ?QwdH?CIA?J?@ZAIACGoC@Og,27,94,7,9.9340775005,2.9340775005,1.4191539286,Solved
ZHO\I_geA@_he@?_cHKOH?{BC_cJ?@?iGAIRSGSDG?O_O_Q?SPJEA?RG?JOG,27,92,7,9.9340589732,2.9340589732,1.4191512819,Solved
Z@?XK_JhMcT?SDXOYC?Ob@BDACO@CWORFg?A?sA[CCOACGbYO?a@O@Y?@Q?w,27,93,7,9.9340505416,2.9340505416,1.4191500774,Solved
Z@OHMageEGGQAos_?eHOXWC_Oi@IIG`WOB?[g?gQ?_Daco@`?FAA?OL?WCGW,27,93,7,9.9340063405,2.9340063405,1.4191437629,Solved
Z@O\M_geA?_lCG`ID@?Ef_@h_PKGDGOGdQ_H?y@R?AQDHO?o?gCC`?b_a?Do,27,94,7,9.9339380536,2.9339380536,1.4191340077,Solved
ZHO\I_geA@_he@?_cHKOH?{BC_cJ?@?iGAIRSGSDG?O_OcQ?SPJEA?RG?JOG,27,93,7,9.9338798251,2.9338798251,1.4191256893,Solved
Z?O[MagOadPBGpp?iCOQO?CKWP@IG^_?OB_D@@KHs??_EOI_ABB??[bCa?CW,27,92,7,9.9338572781,2.9338572781,1.4191224683,Solved
Z@O\M_geA?_ksGx??AoUB@IChIAC_OdPAg?g@Y?G?AMq@a@?DaAO??D_?G{G,27,90,7,9.9338548761,2.9338548761,1.4191221252,Solved
ZHO\I_geA@_he@?_cHKOH?{bC_cJ?@?iGAIRSGSDG?O_O_Q?SPJEA?RG?JOG,27,93,7,9.9338296166,2.9338296166,1.4191185167,Solved
ZGO\M_ge?FwccGGT@@WsA`GH??PGSI?coB_DAP?q_ATS_?a?AcB?cBCe?cCO,27,92,7,9.9337537487,2.9337537487,1.4191076784,Solved
ZHO[M?GcAC_lsGgA?iWd@i@C?QGFAHD@BC?SIQD?_GF_@PWPK?BId?HBGGg?,27,93,7,9.9336928575,2.9336928575,1.4190989796,Solved
ZHO\I_geA@_he@?_cHKOH?{bC_cJ?@?iGAIRSGSDG?O_OcQ?SPJEA?RG?JOG,27,94,7,9.9336074387,2.9336074387,1.419086777,Solved
Z@O\M_gaAC?lsGx??AoF@eAD_OGda?IPMg?P?@`g?u_CGDBEAWC?`@Ige??g,27,94,7,9.9335865215,2.9335865215,1.4190837888,Solved
ZHOWK_JhMcT??T?HY?WOUGoLD@C@?icgCGXGH?_hS@GQ?A@@JA@O__H?GGJO,27,91,7,9.9335146108,2.9335146108,1.4190735158,Solved
ZHOLM?geAC_lA?S`?YTGCCwDC?c?KWQQgcOB?G[C_KGqdO??[p?EA?cg?DDG,27,92,7,9.9335026619,2.9335026619,1.4190718088,Solved
Z@O\M_geAC_ls?x?CAoE@`IChAI?gGd@CCaQE@S?AP@_@Igi??b?koAG?@IW,27,93,7,9.933463438,2.933463438,1.4190662054,Solved
Z@O\Ma_eA@C_?@Oc_kJ?@CAch@ICgO`CcCWDg?ggJc_@@GJ_@AHcBD?@OS?W,27,90,7,9.9334496272,2.9334496272,1.4190642325,Solved
ZGoXI_B@CC?JhHscUA?OJ_S@QAHOAPIO`?cb?MD_oSPGdB?k@?D?oGa`E?gG,27,94,7,9.9334342123,2.9334342123,1.4190620303,Solved
ZGO\MagC?@choDAsGPDO`OASdAGdGO`FAoG?AC@wHF@??`BE?H@?qCPGa?SW,27,93,7,9.9334215757,2.9334215757,1.4190602251,Solved
Z@O\Ma_eA@C_?@Oc_kJ?@CAch@ICgO`CcCWDg?ggJc_@@GJo@AHcBD?@OS?W,27,91,7,9.9333926346,2.9333926346,1.4190560907,Solved
Z@O\Ma_eA@Cg?@Oc_kJ?@CAch@ICgO`CcCWDg?ggJc_@@GJ_@AHcBD?@OS?W,27,91,7,9.9333542847,2.9333542847,1.4190506121,Solved
Z@O\Ma_eA@Cg?@Oc_kJ?@CAch@ICgO`CcCWDg?ggJc_@@GJo@AHcBD?@OS?W,27,92,7,9.933312123,2.933312123,1.419044589,Solved
ZHO\MagcA?_dAAS`_]TGCAq?hSA_@SGCK?gU?OOYC?BS?oQ@KQBEAKE?AbB?,27,94,7,9.9333119546,2.9333119546,1.4190445649,Solved
ZHoWM_JCDHsO@LGS?OIC_?HGC@WoHeCCM_AOIc@A?OT_HUAsGH?@SAW??g@w,27,91,7,9.9333072026,2.9333072026,1.4190438861,Solved
Z@OLIageAC_ls?x?A@GSLGC_B@GoOH?_cBa`p?Iah?ITH?@?WU_?D@L?_SGW,27,93,7,9.9332814282,2.9332814282,1.419040204,Solved
ZHOTI?ge?Ew_gOO_q@G?i@[HA?G?[KaACPdCAOL?sCOC?_H@CGhoGCA_`Q__,27,87,7,9.9332472537,2.9332472537,1.419035322,Solved
Z@?XM_geAC_LsGS@?YCGAa_P?oWCKLGRCh?QCIIJG_C`HQ@Y@K?@@hGOSG?g,27,93,7,9.9331920508,2.9331920508,1.4190274358,Solved
ZHO[MagCADchoDC__KHC`aASiO?BA?_HJ??RhAG?sC@`?QY@?JH?LOAg_@WG,27,92,7,9.933166604,2.933166604,1.4190238006,Solved
ZHO\I__e?FWchOIAAOiH`c?SBCG?eGOTJC?B?k?K`?CCGAJO?oEAWGG_@`Og,27,90,7,9.9331607134,2.9331607134,1.4190229591,Solved
ZHO\EagA?CchoDE__mA?Ri?CQAg@gmGODE?IcA?GB?JCaGB?Ya@?@WSaQA@G,27,93,7,9.9331556104,2.9331556104,1.4190222301,Solved
ZHO\I__e?FWchOIAAOiH`c?SBCG?eGOTJC?B?kAK`?CCGAJO?oEAWGG_@`Og,27,91,7,9.9331522419,2.9331522419,1.4190217488,Solved
ZGOWE_J?dGsOATo_ccI?HCIV?O`?CWEOcWSaCG`TC?_vA?G@KS_P@AD?H?DW,27,91,7,9.9330918387,2.9330918387,1.4190131198,Solved
ZHOWK?HhMcT??t@JA?TS@g_OOaGIPO?gkX?H?hGI?EcwcCCGQ@DEc?AgGKGG,27,93,7,9.9330696418,2.9330696418,1.4190099488,Solved
ZHO[Ma_CADc`oDC__kHC`aASOCQH?K?hC`AIA_@WBi?dIGO@A_DO?BAbO?KG,27,90,7,9.9330580681,2.9330580681,1.4190082954,Solved
ZHOLE_geAC_l?GHQgaOSKcIMSI?sIEGCCB_cGCC]?K?as?@?CSWI?AA_?Cqg,27,92,7,9.9330546748,2.9330546748,1.4190078107,Solved
ZHO\I__e?FwcaWsA?Y?PBhA??FgD?HI_c?F`C?Eg_?T?QA`aO?DGBGAg_OAg,27,91,7,9.9330413268,2.9330413268,1.4190059038,Solved
ZHOXM_@hIcC??te?gcgPWAF?c`K?@k?WJCc?C?c[C@OgAIHIA_i?oAdBS?W?,27,93,7,9.9329687896,2.9329687896,1.4189955414,Solved
Z@O\M_geA?_ksGx??AoUB@IChIAC_OdPAg?g@Y?G?AMq@a@?DaAO?GD_?G{G,27,91,7,9.9329535147,2.9329535147,1.4189933592,Solved
ZHO\I__e?FWchOIAAOiH`c?SBCG?eGOTJC?B?k?K`?CCGAJO?pEAWGG_@`Og,27,91,7,9.9329405311,2.9329405311,1.4189915044,Solved
Z@O[MagW_@@BHQChiP?ObGPF?HIcOSOcCd?S@GIS?KD{_A?Aq?DCK@A_?cKg,27,94,7,9.9329385984,2.9329385984,1.4189912283,Solved
ZHOLM?geAC_lA?S`?YTGCCwDC?c?KWQQgcOB?G[K_KGqdO??[p?EA?cg?DDG,27,93,7,9.9329206153,2.9329206153,1.4189886593,Solved
Z@O[MagW_dPBGp@?aEGAQw?O?CqcAIHCI?ORAQINGOG?k`OE?bG?COU`OE?g,27,93,7,9.9329182461,2.9329182461,1.4189883209,Solved
ZHO\I__e?FWchOIAAOiH`c?SBCG?eGOTJC?B?kAK`?CCGAJO?pEAWGG_@`Og,27,92,7,9.932913667,2.932913667,1.4189876667,Solved
ZHoWC_BSd@sOOP@AsOM`AAAcDSiM?OOiCCa`G?DgUO?aCSHh_A@S@?I`EGAG,27,94,7,9.9329111137,2.9329111137,1.418987302,Solved
ZHoWK_JSD@sOPPATYO@?F_GCc__UO??E]AOSCH?WG`Ob@PCGo?B?DD_g`GAG,27,91,7,9.9328934342,2.9328934342,1.4189847763,Solved
ZHoWK_JSD@sOPPATYO@?F_GCc__UO??E]AOSCH?WG`Sb@PCGo?B?DD_g`GAG,27,92,7,9.9328650643,2.9328650643,1.4189807235,Solved
ZHO\MagC?DchoDE?_eE?QO@WOIGH_hO@gBOH?oWcO_OaCQDa@H??oO`g`?EO,27,92,7,9.9328009395,2.9328009395,1.4189715628,Solved
ZHOWK_HhMCT??d@JQ??U`?JHOBXOFDD?GWI@?sAa?Gagg@SG?WKcg?B_hO@O,27,93,7,9.9327757905,2.9327757905,1.4189679701,Solved
ZHOWK_JhMcT??T?HY?WOUGoLD@C@?icgCGXGH?_hS@GQ?A@@JA@O__H?GGJW,27,92,7,9.9327659946,2.9327659946,1.4189665707,Solved
ZHOTI?ge?Ew_gOO_q@H?i@[HA?G?[KaACPdCAOL?sCOC?_H@CGhoGCA_`O__,27,87,7,9.93275689,2.93275689,1.41896527,Solved
ZHOWK_JHMC?J?HcC@H\G@scagAACIHSI?OARHGG_AOXgOi@aC?LPO_OaDA_G,27,94,7,9.9327473655,2.9327473655,1.4189639094,Solved
ZHO[I_ge?FochOs??@wF?@CK?bKo?`?WK?RPOgGhUI?GAa_?AAjE_H?og?Ig,27,93,7,9.9326420143,2.9326420143,1.4189488592,Solved
ZHOXI_ge?FW?hO?Ec@_SI`WKOd?_ScQ@GCsBSgOOC_[W`A@IPOA??gLwO?oG,27,93,7,9.9325402993,2.9325402993,1.4189343285,Solved
Z@OKMagWacP@Gpp?bAGIHDD@?ag`a_QOEc?DA_?_?s`s_?iG_UOSG?B_GcEG,27,92,7,9.9324842369,2.9324842369,1.4189263196,Solved
ZHO[Ma_CADc`oDC__kHC`aASOCQH?K?hC`AIA_@WBi?dIGO@A_DO?JAbO?KG,27,91,7,9.93234197,2.93234197,1.4189059957,Solved
ZHOWC_JSdHcOPPATSOMHAe@?aAYAWCO?KCo`CAkQM?OCCOHc_O`ACH`??_FW,27,93,7,9.932296653,2.932296653,1.4188995219,Solved
Z@OLIageAC_ls?x?A@GSHGD_B@GoOH?_cBa`p?Iah?ITH?@?WU_?D@L?_SGW,27,93,7,9.9322724,2.9322724,1.4188960571,Solved
ZHOWC_JSdHcOPPATSOMHAe@?aAYAWCO?KCohCAkQM?OCCOHc_O`ACH`??_FW,27,94,7,9.9322596209,2.9322596209,1.4188942316,Solved
ZHOLI_ge?FWchOOEaCGE@?@cGGPI`GcIH?_JiACGH_a??sbAoQ@d?@Gw@D@?,27,92,7,9.9320249638,2.9320249638,1.4188607091,Solved
ZHO\I_Ge?F__?tIBW_K@GGGhAOY@g@GS_@cca?AWIAcyCO@E_K__OPo?@`?o,27,91,7,9.9320189908,2.9320189908,1.4188598558,Solved
ZHO\I_Ge?F__?tIBW_K@GGGhAOY@g@GS_`cca?AWIAcyCO@E_K__OPo?@`?o,27,92,7,9.9320149062,2.9320149062,1.4188592723,Solved
ZHO\I_ge?FwchOs?A?_FB?AwD_G?UE?@KJ?IGDOWCgKGaACCGAR?AhDT?AOW,27,93,7,9.9320096278,2.9320096278,1.4188585183,Solved
ZHO\M_ge?Focs?@SC@wDEODEW?g?OhOCSB_`OC?g?QIi?GSh?CB?WaC`O_@g,27,92,7,9.9319894118,2.9319894118,1.4188556303,Solved
ZHOWM_JCd@sOATo_cCKO`C@TO_TGCWU?D?S`@AcHGaGGC@Je_G@?QAI_`cg?,27,93,7,9.9319880897,2.9319880897,1.4188554414,Solved
ZHoW?_JSdHsOOQCGDOW?iP?O@Sk??GsOsCaQPPG`?_PqCQ`oo?GHoC_@?wP?,27,91,7,9.9319873071,2.9319873071,1.4188553296,Solved
ZHoXG_J@Mc?JOchHcA?QTgS@O_kCGIG@SWE@ooGG`GaCAAS?AQFAOg_o_?`g,27,94,7,9.9319737601,2.9319737601,1.4188533943,Solved
ZHO\Mage?@_`E@Oc_kGAgg@HAaO_Q\G?dOC`A_CgASQw@SAAaEGGD@@?cG@W,27,93,7,9.9319731018,2.9319731018,1.4188533003,Solved
Z@OLIageAC_lt?X??DH?KAohQ?sQ@d?GW?gB?SpKoA`KaCC?KU?@Q?QaO_Oo,27,93,7,9.9318701506,2.9318701506,1.4188385929,Solved
Z@?XM_geAC_Ls?S@?YCGAa_P?oWCKLGRCh?QCIIJG_C`HQ@Y@K?@@hGOSG?w,27,93,7,9.9318417037,2.9318417037,1.4188345291,Solved
Z?OXM_J?Kc?JhH_cTAA?TIQO?_YcDKc__h?B@@WN?_Gb?i@OGAT[@P??b?CW,27,93,7,9.931829947,2.931829947,1.4188328496,Solved
ZHoW?_JSdHsOOQCGDOW?ip?O@Sk??GsOsCaQPPG`?_PqCQ`oo?GHoC_@?wP?,27,92,7,9.9318153815,2.9318153815,1.4188307688,Solved
Z@O\MageA@_hE@Oc_cL?HO_c`OKGQICHGW?Rw?_?UP?_E`E@GTCC?AqcHSCG,27,94,7,9.9318108388,2.9318108388,1.4188301198,Solved
Z@O\I_ge?DochOsA@WaD_WDA??WJ?Q_TG@KC?GyKo?D??y@HAHAAo@@CA?[G,27,90,7,9.9318010252,2.9318010252,1.4188287179,Solved
Z@O\I_ge?DochOsA@WaD_WDA??WJ?Q_TG@KC?GyKo?D??y@HAHAAo@DCA?[G,27,91,7,9.9318005889,2.9318005889,1.4188286556,Solved
Z@OWM_JO_@sOABhKs`Co_HQDOL?CDY@H_hOBwa??C?Y?GUB@H?HEC?ey?O@O,27,94,7,9.9317964202,2.9317964202,1.41882806,Solved
Z@OLIageAC_lt?X??DH?KAohQ?sQ@d?GW?gB?SpKoA`KaCC?KU?@Q?QaO_Qo,27,94,7,9.931787849,2.931787849,1.4188268356,Solved
ZHOWK_HhMCT??d@JY??U`?JHOBXOFDD?GWI@?sAa?Gagg@SG?WKcg?B_hO@O,27,94,7,9.9317813196,2.9317813196,1.4188259028,Solved
ZHO\Mag??DchoDE?_eE?QO@WOIGH_hO@gBOH?oWdO_OaCQDa@H??oOpg`?EO,27,93,7,9.9317461222,2.9317461222,1.4188208746,Solved
ZH?[MagEAC_daAS@_kOCbHOci?__OYD?FC?QAQOISGCCGoK?KRBc@DSSACB?,27,93,7,9.9317402814,2.9317402814,1.4188200402,Solved
ZHoWK_JSD@sOPPATYO@?F_GCc__UO??E]AOSCH?WG`Ob@PCGo?R?DD_g`GAG,27,92,7,9.9317143061,2.9317143061,1.4188163294,Solved
ZHoWK_JOdHcOORcGB@??fHOCi@?IgI@@UQ?P__i?Oi@_gA`cD?PGG?kg?l?G,27,92,7,9.9316626971,2.9316626971,1.4188089567,Solved
ZGOXA_JhMcP??tE?__a@B`oE_@aHCG_gSHGT_oWT_?D?cg@GAcDSc@@@?D@W,27,92,7,9.9316002193,2.9316002193,1.4188000313,Solved
ZGOXA_JHKc@JH@OC@H\H?c_aF???`w`IH?IB?OOHG?EoACDOI_A?`CDf??aO,27,87,7,9.9315496924,2.9315496924,1.4187928132,Solved
Z@O\I_ge?DochOsA@WaD_WDA??WJ?Q_TG@KC?GyKo?D??y@XAHAAo@@CA?[G,27,91,7,9.931533804,2.931533804,1.4187905434,Solved
ZHO\I__c?FwchOS??W_Fa?AqO???fKp@?gCYPA@XOGw@@[_PCAP?w?e`ED_?,27,93,7,9.931516882,2.931516882,1.418788126,Solved
Z@?[MaGWad[_IQ?LRA??FXGCBcOCEPOOMC?PU_O??LPbA?sWGGg`CCS?H?@w,27,93,7,9.9315152058,2.9315152058,1.4187878865,Solved
ZHOWG_JOdHsOP@c_wg?Qi?GkWCII?H?BEa?IAR?YC?OcCGP??hHCGCQpIOG?,27,89,7,9.9315116213,2.9315116213,1.4187873745,Solved
ZHoWK_JOdHcOORcGB@??fHOCi@?IgI@@UQ?P__i?Oi@ggA`cD?PGG?kg?l?G,27,93,7,9.9315055451,2.9315055451,1.4187865064,Solved
Z?O[MagOadPBGpp?iCOQO?C[WP@IG^_?OB_D@@KHs??_EOI_ABB??[bCa?CW,27,93,7,9.931489439,2.931489439,1.4187842056,Solved
Z@O\I_ge?DochOsA@WaD_WDA??WJ?Q_TG@KC?GyKo?D??y@XAHAAo@DCA?[G,27,92,7,9.9314855676,2.9314855676,1.4187836525,Solved
Z@?XM_geAC_LsGS@?YCGAa_P?oWCKLGRCh?QCIIJG_C`HQ@Y@K?@@hGOSG?w,27,94,7,9.9314587727,2.9314587727,1.4187798247,Solved
ZHO\EagA?CChoDE__mA?Ri?CQAg@gmGODE?IeA?GB?JCaGB?Ya@?@WSaQA@G,27,93,7,9.931446921,2.931446921,1.4187781316,Solved
ZHOLIaGeAC?kt?AocAg`P`OCOK??kaD@[g?M@YGE_A@t??qHKP??ocG_@`@g,27,93,7,9.9314374222,2.9314374222,1.4187767746,Solved
ZHOWG_JSdHsOP@c_wg?Qi?GkWCII?H?BEa?IAR?YC?OcCGP??hHCGCQpIOG?,27,90,7,9.9314239669,2.9314239669,1.4187748524,Solved
ZHO\Mage?@_`E@Oc_kGAgg@HAaO_Q\G?dOC`A_CgASQw@SAAaEGGT@@?cG@W,27,94,7,9.9314171547,2.9314171547,1.4187738792,Solved
Z@O\K?geAC_dsGEQ?OpI`oGGHGaF_E_Gh`S??_sGG?[dGo@h?@_?GWYa@@Ao,27,93,7,9.9313883766,2.9313883766,1.4187697681,Solved
ZHOWK_JhMcT??T?HY?WOUGoLD@C@?icgCGXGH?_hS@GQ?A@@JA@O__h?GGJO,27,92,7,9.9313867802,2.9313867802,1.41876954,Solved
Z@O[M_geAC_dsGx?CAoS@@YCO`V?G_U@G?QJ?PSGGSKa?hGOgGDiA@GcY?@_,27,94,7,9.93132226,2.93132226,1.4187603229,Solved
ZHOXE_BhMcT??o@BW?Wp@AE_B@WHHS_?KGY@OGQPA?da?cehG_@A_OQgAq?G,27,93,7,9.931313806,2.931313806,1.4187591151,Solved
ZHO\I_ge?FwchO?gr?GAisA?BC?@Cy?PCh@HO?O?oCI_OF@?D?l@K@PC@Ea?,27,91,7,9.93130874,2.93130874,1.4187583914,Solved
ZHO\I__e?Fw_hOSA?AXAHa?TQ?g@CkJ@?GMC?XI?CADc@`HE??dPKCA?OGKW,27,91,7,9.9313053167,2.9313053167,1.4187579024,Solved
ZHoWK_JSD@sOPPATYO@?F_GCc__UO??E]AOSCH?WG`Sb@PCGo?R?DD_g`GAG,27,93,7,9.9313052966,2.9313052966,1.4187578995,Solved
ZGOXA_JhMcP??tE?_`a@B`oE_@aHCG_gSHGT_oWT_?D?cg@GAcDSc@@@?D@W,27,93,7,9.9313033994,2.9313033994,1.4187576285,Solved
ZHOWG_JOdHsOP@c_wg?Qi?GkWCII?H?BEa?IAR?YC?OcEGP??hHCGCQpIOG?,27,90,7,9.9312847937,2.9312847937,1.4187549705,Solved
ZHoWK_JOdHcOORcGB@??fHOCiB?IgI@@UQ?P__i?Oi@_gA`cD?PGG?kg?l?G,27,93,7,9.9312509978,2.9312509978,1.4187501425,Solved
ZHOWG_JSdHsOP@c_wg?Qi?GkWCII?H?BEa?IAR?YC?OcEGP??hHCGCQpIOG?,27,91,7,9.9312346935,2.9312346935,1.4187478134,Solved
ZHOXM_BhMcT??o@BW?Wp@AE_B@WHHS_?KGY@OGQPA?da?cehG_@A?OQgAq?G,27,93,7,9.9311933536,2.9311933536,1.4187419077,Solved
ZHO\MagE?Dch_DE??eE?R?oZOGGHCpQ?C?TD?AwQD?@b?b@gCO??o?l_?ShO,27,92,7,9.9311668396,2.9311668396,1.4187381199,Solved
ZHoXE_J?Mc@BScgHsAAGBgC?QCW?SOU@FCO@?GHgMG?_@HI@Oh@IC?aaCaCg,27,92,7,9.9311497662,2.9311497662,1.4187356809,Solved
ZHOWM_gEADc`e@?c_]CHAHOQ?Ci?ci_@q_H@@W?hS?g`W_SSGP@?AiAoA_IG,27,93,7,9.9311354748,2.9311354748,1.4187336393,Solved
ZHO\MagE?Dch_DE??eE?R?oZOGGHCpQ?C?TD?AwQD?@b?b@hCO??o?l_?ShO,27,93,7,9.9311035162,2.9311035162,1.4187290737,Solved
ZHoWK_JOdHcOORcGB@??fHOCiB?IgI@@UQ?P__i?Oi@ggA`cD?PGG?kg?l?G,27,94,7,9.9310962224,2.9310962224,1.4187280318,Solved
ZHOXI_ge?FwchOCA@Ow@@SAC?BHAgKGAdQ_D_WICOOd??x@GC@TPCSCPWA_?,27,92,7,9.9310324485,2.9310324485,1.4187189212,Solved
ZHoWK_JO`Hc?PPc_iC_Qih?IOSA?QPCCkBCA_AGY@?wbAPA@@?a?qH@cEGCO,27,92,7,9.9310120976,2.9310120976,1.4187160139,Solved
ZHoWK_JO`Hc?PPc_iC_Qih?IOSA?QPCCkBCA_AGY@?wbAPA`@?a?qH@cEGCO,27,93,7,9.9310118704,2.9310118704,1.4187159815,Solved
ZHO\I_ge?FwchOs?B?_FB?AwD_G?UE?@KJ?IGDOWCgKGaACCGAR?AHDT?AOW,27,93,7,9.930989029,2.930989029,1.4187127184,Solved
Z@O[MagW?d?BHPe@[_ADC?S[WCq?UC__cHG`aAaAHG?cW_QG_BQ@KOH_Q?t?,27,94,7,9.9309637453,2.9309637453,1.4187091065,Solved
ZGOL?__e?FwcaWoABO`IbD?Q@_gCkOhAD??TiAAHgS@?W`CGCgP??Peis??G,27,92,7,9.9309514494,2.9309514494,1.4187073499,Solved
ZHO\I__e?Fw_hOSA?AXAHa?TQ?g@CkJ@?GMC?XI?CADc@`He??dPKCA?OGKW,27,92,7,9.9309232939,2.9309232939,1.4187033277,Solved
ZHO\MagC?DchoDE?_eE?QO?WOIGH_hO@gBOH?oWdO_OaCQDa@H??oO`g`?EO,27,92,7,9.9309155994,2.9309155994,1.4187022285,Solved
ZHO\MagC?DchoDE?_EE?QO@WOIGH_hO@gBOH?oWdO_OaCQDa@H??oO`g`?EO,27,92,7,9.9308986357,2.9308986357,1.4186998051,Solved
Z@O[KagWad[_IQ?\OAO_BWoDD_c?OOOgKAaPE?WhQO_?Oqo`C?FC?YOg_?TG,27,94,7,9.9308644852,2.9308644852,1.4186949265,Solved
Z?O\MagaAC_la?GSGAodEKAbC?WASG`BCICHK??kGQ?_SDPI?@QP?oD?IACW,27,90,7,9.9308642067,2.9308642067,1.4186948867,Solved
Z?O\MagaAC_la?GSGAodEKAbC?WASG`BCICHK??kGQ?_SDPI@@QP?oD?IACW,27,91,7,9.9308444065,2.9308444065,1.4186920581,Solved
ZHOXM_GhKcT??tcGcDOBG@?[OOADGYGAgJ?Kc?GwOq_wOE_AAaPPJ?GCG?`W,27,94,7,9.9307943179,2.9307943179,1.4186849026,Solved
ZHO\I_ge?FwchO?gr?GAisA?BC?@Cy?PCh@Ho?O?oCI_OF@?D?l@K@PC@Ea?,27,92,7,9.9307688002,2.9307688002,1.4186812572,Solved
ZHO\I_ge?EOc`OsA?SXQHODG?@SoOWJ_G_]?E`@??Abc@PI?w@HP?Ga_FO_G,27,92,7,9.9306712988,2.9306712988,1.4186673284,Solved
Z?O[MaGWad[_IQ?LRA??FXGCy?SGO_BgKA?`WGCG??\AOoB@U?Ee?QGcGKO_,27,92,7,9.9306704438,2.9306704438,1.4186672063,Solved
ZHO\KagC?@choDAsIP?BDEAF?DG@`IE?SOH@I?_gG_is_@SaDCGPQ?C_C[@g,27,94,7,9.9306699456,2.9306699456,1.4186671351,Solved
ZG?TA__e?EWchOPEBOw]?R_A??p?wIoOIO`I?[B??Kbu@@@OM`?B??`_[GGG,27,91,7,9.9306546118,2.9306546118,1.4186649445,Solved
Z?O[MaGWad[_IQ?LRA??FXGCy?SGO_BgKA?`WGCG?A\AOoB@U?Ee?QGcGKO_,27,93,7,9.9306382531,2.9306382531,1.4186626076,Solved
Z@O\M_geAC_ls?x?CAoE@`IChAI?gGd@CCaQE@S?AP@?@Igi??b?koAG?@MW,27,93,7,9.9306329029,2.9306329029,1.4186618433,Solved
ZGoXM_J?IC?JHHScUA@o_?A}?IUCGOGBLC_cg@OGAOAb??p__cICI?S_i@?g,27,91,7,9.9306211323,2.9306211323,1.4186601618,Solved
ZHOXI_ge?FwchOCA@Ow@@SAC?BHAgKGAdQ_D_WICOOd?Ox@GC@TPCSCPWA_?,27,93,7,9.9306198831,2.9306198831,1.4186599833,Solved
ZHO\M_ge?FOcC??td@oHCOCKO@HQ?k@CV?GSOB`?C`B_KO`OF?`e?CCc_GKG,27,92,7,9.930606479,2.930606479,1.4186580684,Solved
ZHoWG_J?`HCOPOS_SEOQZ_U??dHOcMc?e?HAS@IGSCGc?@L_UOAPS@GAEo?_,27,91,7,9.9306048929,2.9306048929,1.4186578418,Solved
ZHO[I?ge?Dwc`Og?I@OFb@QO?CidCTQ?G?LBI?dHCgOGa?_?AoR_WGFBWG_?,27,92,7,9.930604647,2.930604647,1.4186578067,Solved
ZHO\E_geAC_lsGaAAOgB`@?t?OlOGOF_O?IBH?SG`OKg?gHh?GHAo`C_oAc_,27,94,7,9.9304570304,2.9304570304,1.4186367186,Solved
Z@O[Ma_C?@_h_DAsI@DGBW_@QcSOOWHFCjI?AHI??_bdOc@CGq@HS?cW@?@W,27,92,7,9.9304280304,2.9304280304,1.4186325758,Solved
Z@O[MagGadPBGP`?aEGCDIASDCj?IE??gIAE@E?WB?cbOOHo?ID@[C_iAGD?,27,93,7,9.9304277355,2.9304277355,1.4186325336,Solved
ZHoWK_JC`HCOPPS_SEPOeARZ?W?HGiA_EQ?X_BOOG@HgW?PE?`DGGOQoB_?g,27,94,7,9.9303335282,2.9303335282,1.4186190755,Solved
ZHO\M_gEADc`e@?g_hKo@O__@cLG_GAIc?ohs?PI?cg?W?D`GAQI?GD_Aj?_,27,92,7,9.9303206132,2.9303206132,1.4186172305,Solved
ZHOLM?geAC_lcGIQgaOcI?GN?_OgOTOHCAPE?OaWgOG_KEPEoB?o@AICa?Aw,27,94,7,9.9303137353,2.9303137353,1.4186162479,Solved
Z@OSM_GWad[?IO?\RA?CFXGE?YM`?_SGKcG`@L_@AOA_[_C@?wba?QK@_A`_,27,93,7,9.9303101041,2.9303101041,1.4186157292,Solved
ZHOOI_BS`@SO_EAPwcGp?Gog?[YHCH?aEYG@@RCSY?IPe@?O@cHg_S_A@C@W,27,93,7,9.9303090049,2.9303090049,1.4186155721,Solved
ZHoWK_JSc@sOPPACSCWcUHQB?_OO`[CAOgI@@@PG_WEGODBOOCsHOPA?E_Cw,27,94,7,9.9302710637,2.9302710637,1.418610152,Solved
ZHO\I__e?F__aWCA?QxQIpGL?D?s?X?[CDoCo?OXA@?_aQ`Sg?@_@Oip??hO,27,92,7,9.930244536,2.930244536,1.4186063623,Solved
ZHoWK_JScHsOPOc_@Ga?RgGcCPh?QA`GGB?BPH?_?f@oOSWEAAKADc_CG?_w,27,92,7,9.930226921,2.930226921,1.4186038459,Solved
ZHoWM_JCDHsO@LGS?OIC_CHGC@WoHeCCM_AOIc@A?OT_HUAsGH?@SAW??g@w,27,92,7,9.9301926157,2.9301926157,1.4185989451,Solved
ZHOXK_J?EC@JhHscTA?A?i?COciI_G?Vc@O@CMCE??hAF@@??K@I?Okg?@EO,27,88,7,9.9301476358,2.9301476358,1.4185925194,Solved
Z@OSM_GWad[?IO?\RA?CFXGE?YM`?_SGKcG`@L_@AOA_[_C@?wbe?QK@_A`_,27,94,7,9.9301423514,2.9301423514,1.4185917645,Solved
ZHoWC_JOd@s?PPc_`I_?R?LEaAOHBA_?[II@GOAgKGagGaSCGHCACOBwo@?O,27,91,7,9.9300745229,2.9300745229,1.4185820747,Solved
ZHOLE_geAC_l?GHQgaOSKcIMSI?sIEGCCB_cGCC]?K?as?@?CSWIOAA_?Cqg,27,93,7,9.9299897006,2.9299897006,1.4185699572,Solved
Z@OWMagWa`?BHPc@?PXU?p@COok?SiDACDC@eCGNC?H@GcH@ES@?gaCd?GSG,27,94,7,9.9299733515,2.9299733515,1.4185676216,Solved
ZHO\MAgE?Cch_DE__eE?JGQHOg?B__SC\CIAe??HABGg?hQ`C?R?_fCAK?CW,27,93,7,9.9299049422,2.9299049422,1.4185578489,Solved
ZHOXK_I?Gc@Jh@ocTA?c_P@K?ItO?_`ASd?DoE?GEDA`@IDsG@@?WRcGj?O?,27,92,7,9.929900529,2.929900529,1.4185572184,Solved
ZH?[MagEAC_daAS@_kOCbHOci?__OYD_FC?QAQOASGCCGoK?KRBc@DSSACB?,27,93,7,9.9298956294,2.9298956294,1.4185565185,Solved
ZGO\MaGE?D_hoDE_gA?FD_@W_OX?J?`CKhG@@KAk_HHF@B?HWW?O_?Vw`?o?,27,94,7,9.9298825129,2.9298825129,1.4185546447,Solved
Z@OWMagWadP?Gpp?bAGA@hAEa?AcG_B_SGHD`CcI?@I_CSOE_ABHP?B?Ei?O,27,90,7,9.9298501789,2.9298501789,1.4185500256,Solved
ZHOXK_I?Gc@JhHocTA?c_P@K?ItO?_`ASd?DoE?GEDA`@IDsG@@?WRcGj?O?,27,93,7,9.9298498847,2.9298498847,1.4185499835,Solved
ZHO\M_gEA??lsG?oT??HRODYgH?I?[_?pAoA?@WWSOE??sD?ccchC?E?L?Gw,27,91,7,9.9298498758,2.9298498758,1.4185499823,Solved
ZHoWG_JCd?sOATs_ccI?h_oI?_P?CY_WWJGQpK?aIWGA?OFACGPHO@?_DB?g,27,92,7,9.9298310967,2.9298310967,1.4185472995,Solved
ZHOWM_AhMcT??p@HW?WOUg_Ch@?Chi`?SCID?SQGs@?gC`Dh?CQ?E`@bCCAG,27,93,7,9.9297975686,2.9297975686,1.4185425098,Solved
ZHO[MagCADchoDC__KHC`aASjO?Ba?_HJ??RhAG?s?@`?QY@?BH?LOAg_@WG,27,92,7,9.9297578016,2.9297578016,1.4185368288,Solved
ZHO\I__e?Fwc`Os??EWoG?oL?IP?WOHaWBC_hOKA?Cf?QGqCGABIAoGp??sO,27,93,7,9.9297577903,2.9297577903,1.4185368272,Solved
Z@?\I_gc?FWchOOEt?G_[OkDg?OUg?`AFgG@@S@O?IPg?EQAC_B@?JOqC?`_,27,91,7,9.9297326194,2.9297326194,1.4185332313,Solved
Z@OWE_JhMcD??T@JG?\S@c`?F??o_GHS`?@JcHH?KC@d@D_?PCbg?GqG?X_W,27,92,7,9.9297250537,2.9297250537,1.4185321505,Solved
ZHoOK_JS`@sOOOhKBP]GOBA_HOA@G\CCGKU?C??xE?o_`oaOPQCCGC@o?CTG,27,92,7,9.9296858791,2.9296858791,1.4185265542,Solved
ZHoOK_JS`@sOOOhKBP]GOBA_HOQ@G\CCGKU?C??xE?o_`oaOPQCCGC@o?CTG,27,93,7,9.9296728244,2.9296728244,1.4185246892,Solved
ZH?\I__e?FWchOIAAOiH`c?SBCG?eGOTJC?B?k?Kp?CCGAJO?oEAWGG_@`Og,27,90,7,9.9296619916,2.9296619916,1.4185231417,Solved
ZHO\I__e?FWchOIAAOiH`c?SBCG?eGOTJC?B?k?Kp?CCGAJO?oEAWGG_@`Og,27,91,7,9.9296537181,2.9296537181,1.4185219597,Solved
ZHOWK_JhMcT??T?HY?WOUGoLD@C@?icgCGXGH?_hS@GQ?A@@JA@O__h?GGJW,27,93,7,9.9295950141,2.9295950141,1.4185135734,Solved
Z@O[MaGWAdPBGPp?aEICD@UCi@Gdc?AGMg?hHGCOEH?w??p?E_LE?SAcc?Gg,27,94,7,9.9295905584,2.9295905584,1.4185129369,Solved
ZGOGM_JHIc@BhGocTO?_FiA?C?G?TMcGG@OZoGD?EKGAA@RHPC@?IXGe?gQ?,27,92,7,9.9295870454,2.9295870454,1.4185124351,Solved
ZH?\I__e?FWchOIAAOiH`c?SBCG?eGOTJC?B?k?Kp?CCGAJO?pEAWGG_@`Og,27,91,7,9.929556251,2.929556251,1.4185080359,Solved
ZG?TA__e?EWchOPEBOw]?R_A??p?wIoOIO`I?[B??Kbu@@@OM`?B??d_[GGG,27,92,7,9.9295531903,2.9295531903,1.4185075986,Solved
ZHO\I__e?FWchOIAAOiH`c?SBCG?eGOTJC?B?k?Kp?CCGAJO?pEAWGG_@`Og,27,92,7,9.9295432512,2.9295432512,1.4185061787,Solved
Z@O\K?geAC_dsGEQ?OpI`oGWHGaF_E_Gh`S??_sGG?[dGo@h?@_?GWYa@@Ao,27,94,7,9.9294903875,2.9294903875,1.4184986268,Solved
ZHOPE_JgMcT??_?FgcsoCBo@C`S_CXW?C@MD??]Oo_@_BF?`?_AO`?d_WGH_,27,91,7,9.9294753549,2.9294753549,1.4184964793,Solved
ZHO[I_ge?Dwc_?g?I@OFb@QO?CidCTQ?G?LBI?dHCgOGa?_CAoR_WGB@WW_?,27,91,7,9.9293960601,2.9293960601,1.4184851514,Solved
ZH?\I__e?FWchOIAAOiH`c?SBCG?eGOTJC?B?kAKp?CCGAJO?oEAWGG_@`Og,27,91,7,9.929374036,2.929374036,1.4184820051,Solved
ZHOXM_BhMcT??o@BW?Wp@AE_B@WHHS_?KGY@OGQPA?da?cehG_@A_OQgAq?G,27,94,7,9.92937246,2.92937246,1.41848178,Solved
ZHO\I__e?FWchOIAAOiH`c?SBCG?eGOTJC?B?kAKp?CCGAJO?oEAWGG_@`Og,27,92,7,9.929372376,2.929372376,1.418481768,Solved
ZHoXG_JHIc@J@Hoc?@\@@s_bD??QAP?HMOO@?AdgCGhACGIPOCHgA_a`AD@_,27,93,7,9.9293650755,2.9293650755,1.4184807251,Solved
ZGoXM_J?IC?JHHScUA@o_?A}?IUCGOGBLC_cg@OGAoAb??p__cICI?S_i@?g,27,92,7,9.9293545431,2.9293545431,1.4184792204,Solved
ZHODI__e?FwcgOs?@OwJa@AoYCYhC@?gQH?@@AoLY??GEDCEg?S?AKi_??z_,27,94,7,9.9292939175,2.9292939175,1.4184705596,Solved
ZHOXI?ge?BwChOpAA?oFbAaGh@?c[IH?UR_??CH]_?ooPCGIP?D?CqG___`g,27,94,7,9.9292826088,2.9292826088,1.4184689441,Solved
Z@OLM_geADcha@Oc_cMH?C`KSIB?_GFCC?DPo?GGQPDQ_G@GSK??Gad`?@go,27,91,7,9.9292783144,2.9292783144,1.4184683306,Solved
Z?OXM_J?Kc?JhH_cTAA?TIQOC_YcDKc__h?B@@WN?_Gb?i@OGAT[@P??b?CW,27,94,7,9.9292723887,2.9292723887,1.4184674841,Solved
ZHO\Ma_EAD_@E@?c_kHAgi@GOHWS@IHC_@OJoC?`GQ@gcgC?_kDc@?q@K?_W,27,92,7,9.9292270139,2.9292270139,1.418461002,Solved
ZH?\I__e?FWchOIAAOiH`c?SBCG?eGOTJC?B?kAKp?CCGAJO?pEAWGG_@`Og,27,92,7,9.9291988331,2.9291988331,1.4184569762,Solved
ZHO\I__e?FWchOIAAOiH`c?SBCG?eGOTJC?B?kAKp?CCGAJO?pEAWGG_@`Og,27,93,7,9.9291979985,2.9291979985,1.4184568569,Solved
ZGoXM_J?IC@JHHScUA@o_?A}?IUCGOGBLC_cg@OGAOAb??p__cICI?S_i@?g,27,92,7,9.9291862072,2.9291862072,1.4184551725,Solved
ZHO[I_ge?Dwc`?g?I@OFb@QO?CidCTQ?G?LBI?dHCgOGa?_CAoR_WGB@WW_?,27,92,7,9.9291505696,2.9291505696,1.4184500814,Solved
ZHO\M__A?Fwc?deAOaA@FeG_hAA?BW`_CdOG?`DY_P?o_Ah?o?`I@GO_CWDO,27,92,7,9.9290663283,2.9290663283,1.4184380469,Solved
ZHO[MagCADchoDC__KHC`aASjO?Ba?_HJ??RgAG?s?@`?QY@?JH?LOAg_@WG,27,92,7,9.9290227366,2.9290227366,1.4184318195,Solved
ZHoWG_JH?c@Jg@scWg?@pPOe@W?`GOSDKccC?OS\C?Ci?Q`OM_CA_AHc@KOG,27,93,7,9.9290052526,2.9290052526,1.4184293218,Solved
ZHO\Ma_EAD_@E@?c_kHAgg@GOHWS@IHC_@OJoD?`GQ@gcgC?_kDc@?q@K?_W,27,92,7,9.9289996993,2.9289996993,1.4184285285,Solved
ZGO\M?geAC_lsGAAA[?OGHC{o@UG@GCce_GO@W@Y?JBU?IA?c?BAQ`?aGGSO,27,92,7,9.9289250873,2.9289250873,1.4184178696,Solved
ZGO\M_ge?FwccGGT@@WsA`GH??PGSI?coB_DAP?q_ATS_Ca?AcB?cBCe?cCO,27,93,7,9.9289241943,2.9289241943,1.418417742,Solved
ZHO\I__e?Fwc`Os??SXOHsACCp?UGH?UCY_?_?DHOP?_EPP?@BI@OS@gACIG,27,91,7,9.9288924996,2.9288924996,1.4184132142,Solved
Z?O[MagOacPBGpp?iCPQO?CKWP@IG^_?OB_D@@KHs??_EOI_ABB??[bCa?CW,27,92,7,9.9288645539,2.9288645539,1.418409222,Solved
ZHO\I?ga?FwchOO_q@H?is?CC_gO[OU@`?OFcGOHA`CaWACA?`DCDOO_c@@g,27,92,7,9.9287550834,2.9287550834,1.4183935833,Solved
ZHO[I?ge?DWc`Og?I@OFb@QO?CidCTQ?G?LBI?dHCgOGa?cCAoR_WGFBWG_?,27,93,7,9.9287256938,2.9287256938,1.4183893848,Solved
Z@O\I_ge?DochOsA@WaD_WDA??WJAQ_TG@KC?GyKo?D??y@HAHAAo@@CA?[G,27,91,7,9.9287235192,2.9287235192,1.4183890742,Solved
Z@O\I_ge?DochOsA@WaD_WDA??WJAQ_TG@KC?GyKo?D??y@HAHAAo@DCA?[G,27,92,7,9.9287217901,2.9287217901,1.4183888272,Solved
ZHOOM_JO_@sOEBhKS`Co_@@F?aGc?GOQTCKQGo@Woh?di?Oo_AA?GkP_G\O?,27,93,7,9.9287195803,2.9287195803,1.4183885115,Solved
ZHO\EagA?CchoDE__mA?Ri?CQAg@gmGODE?IeA?GB?JCaGB?Ya@?@WSaQA@G,27,94,7,9.9286626921,2.9286626921,1.4183803846,Solved
ZHOPM_J@McT?p??FGQdO_@BC_@GscKW?GB@PcGIG`Ka@gC_GE_HO?Of?GDGW,27,92,7,9.9286051221,2.9286051221,1.4183721603,Solved
ZHO\I?ga?FwchOO_q@H?is?CD_gO[OU@`?OFcGOHA`CaWACA?`DCDOO_c@@g,27,93,7,9.9285956401,2.9285956401,1.4183708057,Solved
Z@O\K_geAC_dsGx??AWF@w@CHGiI_@?CkAT@cAGOOCTgk?EIPG??ASBaS?oG,27,93,7,9.9285747372,2.9285747372,1.4183678196,Solved
ZHO\I__e?FwcaWS?BS@I??ds??p?[GG_CH_L_?[Q?SG_]G_G@?R_?[gp@G_O,27,91,7,9.9285746527,2.9285746527,1.4183678075,Solved
ZHO\I?ga?FwchOO_q@H?is?CC_gO[OU@`?OFcGOHA`CaWACAA`DCDOO_c@@g,27,93,7,9.928558092,2.928558092,1.4183654417,Solved
ZHO\M_gE?FOcC??td@o@COcKO@HQ?k@CV?GSOB`?C`B_KO`OF?`a?CCc_GKG,27,90,7,9.9285549549,2.9285549549,1.4183649936,Solved
Z@OSMaGWad[_IQ?\OaO_BA`CD_G?RS?cgYCEBO?rD@?kcAOiAD??C?La?HHG,27,93,7,9.9285493388,2.9285493388,1.4183641913,Solved
Z@O\I_ge?DochOsA@WaD_WDA??WJAQ_TG@KC?GyKo?D??y@XAHAAo@@CA?[G,27,92,7,9.9285467961,2.9285467961,1.418363828,Solved
Z@O\I_ge?DochOsA@WaD_WDA??WJAQ_TG@KC?GyKo?D??y@XAHAAo@DCA?[G,27,93,7,9.9285010579,2.9285010579,1.418357294,Solved
ZHO\I__c?FwchOs??W_Fa?AqO???fKp@?gCYPA@XOGw@@[_PCAP?w?e`ED_?,27,94,7,9.9284346172,2.9284346172,1.4183478025,Solved
ZHOWK_JhMcD??d@JIALODs?_?gXUASCHGBCWPO_O?_Lc?WHAAGLcH?Agg?_g,27,94,7,9.9284260502,2.9284260502,1.4183465786,Solved
ZHO\I?ga?FwchOO_q@H?is?CD_gO[OU@`?OFcGOHA`CaWACAA`DCDOO_c@@g,27,94,7,9.9283961893,2.9283961893,1.4183423128,Solved
Z@O[MA?WaDS_GQ?LR??CFXGCDW_SAY`CCH_O?DI[_Q?`?AhGoW@@C_Ia@_Og,27,89,7,9.9283815629,2.9283815629,1.4183402233,Solved
ZHOWMagCADchoDC__KHC`aASjO?Ba?_HJ??RhAG?sC@`?QY@?JH?LOAg_@WG,27,93,7,9.9283287495,2.9283287495,1.4183326785,Solved
ZHO\I_ge?FWchOOEga?sA?WW?ItOO?_G[@Cq?k?]G?W`O`_??kdcGOHCB?HW,27,94,7,9.9282437156,2.9282437156,1.4183205308,Solved
ZHOXK_I?Gc@Jh@ocTA?c_P@K?ItO?_`ASd?DoE?GEDA`@IDsH@@?WRcGj?O?,27,93,7,9.9282416079,2.9282416079,1.4183202297,Solved
ZHOOM_JO_@sOEBhKS`Co_@@F?aGc?GOQTCKQGo@Woh?di?OoaAA?GkP_G\O?,27,94,7,9.9282355394,2.9282355394,1.4183193628,Solved
ZHO\I?ge?FOchOSA@?xI`?tQOGO@CWe@CGGXo?Ggf??d?G`@K?TO?`I_B_Og,27,92,7,9.9282135047,2.9282135047,1.418316215,Solved
ZHO\M_gE?FOcC??td@o@COcKO@HQ?k@CV?GSOB`?C`B_KO`OF?`e?CCc_GKG,27,91,7,9.9281736946,2.9281736946,1.4183105278,Solved
ZHO\I_ge?Fwco?HSd@OdC_OG?DodCXG_qH?DC@aI?OI_YCAOAEGA@Oboc?@o,27,94,7,9.9281726566,2.9281726566,1.4183103795,Solved
Z@OKMagWadP@Gpp?bAGIHDD@?ag`a_QOEc?DA_?_?s`s_?iG_UOSG?B_GcEG,27,93,7,9.928090553,2.928090553,1.4182986504,Solved
ZGOXA_JhMcT??tE?__a@B`oE_@aHCG_gSHGT_oWT_?D?c_@GAcDSc@@@?D@W,27,92,7,9.928024012,2.928024012,1.4182891446,Solved
ZHO\Ma_EAD_@e@?c_kHAgg@GOHWS@IHC_@OJoC?`GQ@gcgC?_kDc@?q@K?_W,27,92,7,9.9279975524,2.9279975524,1.4182853646,Solved
ZGoXM_J?IC@JHHScUA@o_?A}?IUCGOGBLC_cg@OGAoAb??p__cICI?S_i@?g,27,93,7,9.9279900758,2.9279900758,1.4182842965,Solved
ZHO\G_ge?FWc_OO_r@HAisAC?agQIIE_IC`@GA?gsK?gi?aGE_g?GKB__PIG,27,94,7,9.9279423717,2.9279423717,1.4182774817,Solved
ZHO\MagC?DchoDE??eE?R?oZOGGHCpQ?C?TD?AwQD?@b?b@gCO??o?l_?ShO,27,92,7,9.9279055355,2.9279055355,1.4182722194,Solved
ZHO\M_geA?_ksGAoS??HRODWQGGJ?H?UCH?Tg@P?Gd@qD@CO`?RAbg??AAQW,27,93,7,9.9278615252,2.9278615252,1.4182659322,Solved
ZGOXA_JhMcT??tE?_`a@B`oE_@aHCG_gSHGT_oWT_?D?c_@GAcDSc@@@?D@W,27,93,7,9.9278411073,2.9278411073,1.4182630153,Solved
ZHOXK_I?Gc@JhHocTA?c_P@K?ItO?_`ASd?DoE?GEDA`@IDsH@@?WRcGj?O?,27,94,7,9.9278232958,2.9278232958,1.4182604708,Solved
ZHOWM_JOdHsOADs??Eh?EECCD?tS??`CK?LK?OglG?Qg_aIc_`?AS?Jg@DOO,27,92,7,9.9278194396,2.9278194396,1.4182599199,Solved
ZHO\I_ge?FWcs?@SC@wDEE?G_K[@AOo@cAQE@O`O?QBWC@B?dAEPEC_TG?@G,27,92,7,9.9278049082,2.9278049082,1.418257844,Solved
Z?O\M_Ge?C_la?HSGAodEKAbC?WASHoGDA`HHGGe?QA`ODPKIH??O?LkAo?G,27,92,7,9.9277835311,2.9277835311,1.4182547902,Solved
ZHoWC_JSdGcOPPATGX@@Ec?Ce@MK?_@gSGADCJ?c_H`GPHCHG?BA?hS_ADEO,27,93,7,9.9277657088,2.9277657088,1.4182522441,Solved
ZHO\I_ge?FWch?OAaOG?|a??_TGQDGHa@Q_IGBISI?h?MT?oA?pE?OE_WBGG,27,94,7,9.9277648198,2.9277648198,1.4182521171,Solved
ZHO\MageA?_l?AS`_[T?C?C[QgMGCPQOP?So??PwoOcS?CB@G_X?s?E`?o_g,27,93,7,9.927763449,2.927763449,1.4182519213,Solved
ZGO\MagaAC_la?GSGAodEKAbC?WASG`BCICHK??k?Q?_SDPI?@QP?oD?IACW,27,90,7,9.9277544537,2.9277544537,1.4182506362,Solved
ZHOWK_JHEc@JhGocTOAI@?@qO_Y`@PQ?OAQB?MCQE?Os__PAASH?CHAa?wAG,27,92,7,9.9277423114,2.9277423114,1.4182489016,Solved
ZHO\I__e?FwcaWsA?Y?PBhA??FgD?HI_c?F`C?Eg_?T?QA`aW?DGBGAg_OAg,27,92,7,9.9277148587,2.9277148587,1.4182449798,Solved
ZHOWG_JGMC@JhHscWgCQ??ckO_LCGII_EY?@?@XG`OcdH@APCD@??gIc@AgG,27,93,7,9.9277080962,2.9277080962,1.4182440137,Solved
ZGO\MagaAC_la?GSGAodEKAbC?WASG`BCICHK??k?Q?_SDPI@@QP?oD?IACW,27,91,7,9.927644976,2.927644976,1.4182349966,Solved
ZHODMageAC_L`?GSQ@?J_A?{K@_?KgBSGA?bOGO_wQ@@OcIg?CBC_BC_a_CO,27,87,7,9.9276335955,2.9276335955,1.4182333708,Solved
ZHOPE_JhMcT??_?FgcsoCBo@C`S_CXW?C@MD??]QCgCscO??AMBEC?L?WGGW,27,94,7,9.9275863423,2.9275863423,1.4182266203,Solved
ZHoWE_J?Mc@BScgHsAAGBgC?QCW?SoU@FCO@?GHgMG?_@HI@Oh@I??aaCaCg,27,91,7,9.9274765356,2.9274765356,1.4182109337,Solved
ZHO\MagC?DchoDE??eE?R?oZOGGHCpQ?C?TD?AwQD?@b?b@hCO??o?l_?ShO,27,93,7,9.9274433022,2.9274433022,1.418206186,Solved
ZH?WK_JHEC@JhHocTOAI@?MCQAG`pAI?NOo?G`?\??k@GHBAATC??gXa?h@G,27,93,7,9.9274415474,2.9274415474,1.4182059353,Solved
Z?OKIagW_d[_IoeC?kGAg?Ano?KI_O?]CY?qWAOGG?iaS`@DGcC_EGAdG?Gg,27,93,7,9.9274201202,2.9274201202,1.4182028743,Solved
ZHO\MagC?DchoDE?_eE?QO?WOIGH_hO@gBOH?oWdO_OaCQDa@H??oOpg`?EO,27,93,7,9.9273969788,2.9273969788,1.4181995684,Solved
Z@O[Ma_C?@_hoDAsI@DGBW_@QcSO?WHFCjI?AHI??_bdOc@CGq@HS?cW@?@W,27,92,7,9.9273243525,2.9273243525,1.4181891932,Solved
Z@OWG_JOdHs?PPATYO@?FcGChOnI?Co__?_Fs?OHCCP?E_Q?AWRAQCBGO`?W,27,91,7,9.9273002508,2.9273002508,1.4181857501,Solved
ZHoWC_JS`HSOPPH_QO?OTgK_HTE_Q?G@\Cc_GSC]COG@?[B?oEg?F?PaCI@G,27,94,7,9.9272962729,2.9272962729,1.4181851818,Solved
Z@OWG_JOdHs?PPATYO@?FcGChOnI?Co__?_Fs_OHCCP?E_Q?AWRAQCBGO`?W,27,92,7,9.9272883344,2.9272883344,1.4181840478,Solved
ZHOXC_I@Cc@JhHscTAAM?OMAECG`?hQAO?I`PW?H?OC_Cm@AoaA_C?si??cg,27,91,7,9.9272373921,2.9272373921,1.4181767703,Solved
Z@O\M_geAC_lsGw??AoE@eAC?EOB@TG@GAPE@AS@QC@ga?pE_@c?ISPgC@M?,27,92,7,9.9272287964,2.9272287964,1.4181755423,Solved
Z@O\MagCACc`e@?KchK_@OccCgN?_GBGT?DSIS@CoOBG_IB?_g[?L?@`OIOG,27,93,7,9.9271179657,2.9271179657,1.4181597094,Solved
ZHO\KagEAD_`oDE__mA?BGDE?Hg`?_ISSgCE?WcG?JCIO@B_CCXH?@E`W_OG,27,92,7,9.9270706593,2.9270706593,1.4181529513,Solved
ZHOWG_JGMC@JhHscWgCQ??ckO_LCGII_EY?@?@XG`OcdH@APCD@??wIc@AgG,27,94,7,9.9270561801,2.9270561801,1.4181508829,Solved
ZHO[MagCADchoDC__KHC`aASjO?Ba?_HJ??RhAG?s?@`?QY@?JH?LOAg_@WG,27,93,7,9.9270505511,2.9270505511,1.4181500787,Solved
ZGOXA_JhMcT??tE?__a@B`oE_@a@CG_gSHGT_oWT_?D?cg@GAcDSc@@@?D@W,27,92,7,9.9270376626,2.9270376626,1.4181482375,Solved
ZHOXA_geAC_LsGi@S`?Ee?O@CSKs?GA`?cGZ?_qQ?Hc_?Wg`Y?DE`I@Oo@@_,27,92,7,9.9270306058,2.9270306058,1.4181472294,Solved
ZGOWM_BS_?sOEBHGo`CO_eGBQH?@HhIOScgOO_iH`@_@IgBOBU?IoG?oAOHG,27,93,7,9.927004489,2.927004489,1.4181434984,Solved
ZHO\KagEAD_`oDE__mA?BGDE?Hg`?_ISSgCE?WcK?JCIO@B_CCXH?@E`W_OG,27,93,7,9.9269998443,2.9269998443,1.4181428349,Solved
ZHO\I_ge?FWcs?@SC@wDEE?G_K[@AOo@cBQE@O`O?QBWC@B?dAEPEC_TG?@G,27,93,7,9.9269548338,2.9269548338,1.4181364048,Solved
ZHO[I_ge?Dwc_?g?I@OFb@QO?CidCTQ?G?LBI?dHCgOGa?_CAoR_WGF@WW_?,27,92,7,9.9269304414,2.9269304414,1.4181329202,Solved
ZHO\I_ge?Foc_Oc??EPQBO_W?UWFAMGPCWMGHAoE??db??iGTA@O`W@?cO@W,27,94,7,9.9268299387,2.9268299387,1.4181185627,Solved
Z@O\M_GaAC_lsGp??AwF@eAC_QRG@TO@?B`FGYO?G?YcAg@CACpA`@CiE?@G,27,93,7,9.9267943529,2.9267943529,1.418113479,Solved
ZGO\M?geAC_lsGAAA[?OGHC{o@UG@GCce?GO@W@Y?JBU?IA?k?BAQ`?aGGSO,27,92,7,9.9267862281,2.9267862281,1.4181123183,Solved
ZHO\M_geA?_lcGAQg_OcBpGE_G_CkPGS?@_Fo@CGD_G_GCXGCYCCa?H`?agG,27,92,7,9.9267601399,2.9267601399,1.4181085914,Solved
ZHOWI_geAC_LsGi?S@?Ef_w@CSHCk?GQOQ`CAOhT?GBAOgA`Y?_A?EBg?C[_,27,92,7,9.9267386585,2.9267386585,1.4181055226,Solved
Z@OHMageEGGQAos_?eHOXWC_Oi@IIG`WOB?[G?gQ?_Daco@`?FAAAOL?WCGW,27,93,7,9.9267344538,2.9267344538,1.418104922,Solved
ZHO[I_ge?Dwc`?g?I@OFb@QO?CidCTQ?G?LBI?dHCgOGa?_CAoR_WGF@WW_?,27,93,7,9.9267331226,2.9267331226,1.4181047318,Solved
Z@O\M_?e?FG_Cg?tD@sHBgH?GBGoOpJ_A?CFOED@R?@{@?_@CIB?@_tICGCO,27,92,7,9.9267105995,2.9267105995,1.4181015142,Solved
ZHOWMagEAD_`oDC__kH?`aASJC?@IdG_KOAkoc?gU?DC?gB@Wa@c?D@G?CHW,27,91,7,9.926701049,2.926701049,1.4181001499,Solved
ZGOXA_JhMcT??tE?_`a@B`oE_@a@CG_gSHGT_oWT_?D?cg@GAcDSc@@@?D@W,27,93,7,9.9266841816,2.9266841816,1.4180977402,Solved
Z@O[MA?WaD[_GQ?LR??CFXGCDW_SAY`CCH_O?DI[_Q?`?AhGoW@@C_Ia@_Og,27,90,7,9.9266786569,2.9266786569,1.418096951,Solved
Z?O[MaGWad[_IQ?LRA??FXGCy?SGO_BgCAA`WGCG??\AOoB@U?Ee?QGcGKO_,27,92,7,9.9266284578,2.9266284578,1.4180897797,Solved
ZHO\M_ge?FOcC??td@o@COcKO@HQ?k@CV?GSOB`?C`B_KO`OF?`a?CCc_GKG,27,91,7,9.926616973,2.926616973,1.418088139,Solved
Z@O\M_?e?FG_Sg?tD@sHBgH?GBGoOpJ_A?CFOED@R?@{@?_@CIB?@_tICGCO,27,93,7,9.9265790203,2.9265790203,1.4180827172,Solved
ZHO\I_gC?DoC?teAsa?FBS?JCO@?GwQPDCG?C@DGD_Qc_g@?GbPaC?g`H@A_,27,90,7,9.9265675693,2.9265675693,1.4180810813,Solved
Z@OWG_JOdHs?PPATYO@?FcGChOnI?Co__?cFs?OHCCP?E_Q?AWRAQCBGO`?W,27,92,7,9.9265633705,2.9265633705,1.4180804815,Solved
Z@OWG_JOdHs?PPATYO@?FcGChOnI?Co__?cFs_OHCCP?E_Q?AWRAQCBGO`?W,27,93,7,9.9265589998,2.9265589998,1.4180798571,Solved
ZHoOC_JOdHsOPPh_?AWoPOoCKCg`HOY_C?`Ts_GGoe?S?OS?q@BPHC?c?@JG,27,93,7,9.9265399489,2.9265399489,1.4180771356,Solved
Z?O[MaGWad[_IQ?LRA??FXGCy?SGO_BgCAA`WGCG?A\AOoB@U?Ee?QGcGKO_,27,93,7,9.9265297603,2.9265297603,1.41807568,Solved
ZHO\I_gC?DwC?teAsa?FBS?JCO@?GwQPDCG?C@DGD_Qc_g@?GbPaC?g`H@A_,27,91,7,9.9265157985,2.9265157985,1.4180736855,Solved
ZHO\MagC?DchoDE?_EE?QO?WOIGH_hO@gBOH?oWdO_O_cQDa@H??oO`i@?EO,27,91,7,9.9265084614,2.9265084614,1.4180726373,Solved
ZHOWMagEAD_`oDC__kH?`aASJC?@IdG_KOAkoc?gU?DC?gB@Wa@cAD@G?CHW,27,92,7,9.9265044437,2.9265044437,1.4180720634,Solved
ZHO\MageA?_l?AS`_[TGC?C[QgMGCPQOP?So??PwoOcS?CB@G_X?s?E`?o_g,27,94,7,9.9264769925,2.9264769925,1.4180681418,Solved
ZHO\M_ge?FOcC??td@o@COcKO@HQ?k@CV?GSOB`?C`B_KO`OF?`e?CCc_GKG,27,92,7,9.9264628745,2.9264628745,1.4180661249,Solved
Z?O\M_Ge?C_la?HSGAodEKAbC?WASHoGDA`HHGGe?QA`ODPKIH??OCLkAo?G,27,93,7,9.9264115737,2.9264115737,1.4180587962,Solved
Z?O[Ma_C?@_hoDAsI@DGBW_@QcSOOWHFCjI?AHI??_bdOc@CGq@HS?cW@?@W,27,92,7,9.926382427,2.926382427,1.4180546324,Solved
Z@O[MagWa`?BHPc??PWEG@[J_?[Oc_Ha_`GBE@HI@A_`PO`h@GAO`QGA??Ww,27,93,7,9.9263728729,2.9263728729,1.4180532676,Solved
Z@O[MagWa`?BHPe??PWEG@[J_?[Oc_Ha_`GBE@HI@A_`PO`h@GAO`QGA??Ww,27,94,7,9.9263708456,2.9263708456,1.4180529779,Solved
ZHOHKA_eAC_lt?Aoch?@be@CAU?`B@??\D?PEGHIj?G@GQG_A?jGDOCgO@Og,27,92,7,9.9263441483,2.9263441483,1.418049164,Solved
Z@?LK?_e?@wcsGGS@@OV?PQBCHO`?X?hcAFAi?AIF`?lH?CQaO_@?_Ta?f?G,27,91,7,9.9262966116,2.9262966116,1.4180423731,Solved
ZHO[Ma_CADc`oDC__kHC`aAUOCQH?K?hC`AIA_@WBg?dIGO@A_DO?BAbO?KG,27,90,7,9.9262755654,2.9262755654,1.4180393665,Solved
ZHoOC_JOdHsOPPh_?AWoPOoCKCg`HOY_C?`Ts_GGoe?SAOS?q@BPHC?c?@JG,27,94,7,9.9262566856,2.9262566856,1.4180366694,Solved
ZHO\M_gEAC_LsGi??Y??NhACGCiH__EeIOGEoD??@?R__{@@IWC?_@`@GAEG,27,91,7,9.9262417844,2.9262417844,1.4180345406,Solved
ZHOPE_JgMcT??_?FgcsoCBo@C`S_CXW?C@MD??]Oo_@_BF?h?_AO`?d_WGH_,27,92,7,9.9262312187,2.9262312187,1.4180330312,Solved
Z@O\M?g_AC_hsGEQ?mDOH?_shOJGaE_?I?gE?`go@gQBG?F??WI@IAPIA_?W,27,91,7,9.9262090217,2.9262090217,1.4180298602,Solved
ZHO\MagEADC_oCE?O@gHD?sCCbGE`KoWO_@RoDS?DM??h?B?V@GS?IAd?OOg,27,93,7,9.9261839485,2.9261839485,1.4180262784,Solved
ZHO\MagEADC_oCE?O@gHD?sCCbGE`KoWO_@RoDS?DM??h?F?V@GS?IAd?OOg,27,94,7,9.9261812851,2.9261812851,1.4180258979,Solved
ZHO\I__e?FwcaWSABS@I??du?@o?PcQACAoDP?_h?WAb?_S?OBD_?[BCaOOW,27,92,7,9.926164635,2.926164635,1.4180235193,Solved
ZHO\M_gEAC_LsGi??Y??NhACGCiH__EeIOGEoD??@?R__{@@IWC?_@`DGAEG,27,92,7,9.9261386489,2.9261386489,1.418019807,Solved
ZHOXI_ge?FwchOO_R@G?m?WLOGSQA?CG[?r@ao@HGOc_CWHs_A@?@Gg_a@_g,27,93,7,9.9261370498,2.9261370498,1.4180195785,Solved
ZHoWK_HCdHsO@O_?d??HjOgOWKHEAKG?C?QhOROMCCgA?CRICaPOL_@ASKG?,27,91,7,9.9261128258,2.9261128258,1.418016118,Solved
ZHO\MagC?DchoDE?_eE?QO@WOIGH_hO@gBOH?oWcO_OaCQDa@H??oOpg`?EO,27,93,7,9.9261089893,2.9261089893,1.4180155699,Solved
ZHO\M__A?Fwc?deAOaA@FeG_hAA?BW`_CdOG?`DY_P?o_Ah?o?`IBG?_CWDO,27,92,7,9.9260535483,2.9260535483,1.4180076498,Solved
Z@?[E_gWad[_IQ?\PA?CEpGFW?OHcGAPSOCqPGK@SABa?_I??y@aE?HCw??W,27,92,7,9.9260269174,2.9260269174,1.4180038453,Solved
Z?O[MagW_`[_IoeCI??JB?Fg?YO_GGJ?Vo?DPAo@Q?S@@aC?gHF_CGdCPKG?,27,92,7,9.926023214,2.926023214,1.4180033163,Solved
Z?O[Ma_C?@_h_DAsI@DGBWc@QcSOOWHFCjI?AHI??_bdOc@CGq@HS?cW@?@W,27,92,7,9.9260050843,2.9260050843,1.4180007263,Solved
Z@O\M_GaAC_lsGp??AwF@eAC_QRG@TO@?B`FGYO?G?YcAw@CACpA`@CiE?@G,27,94,7,9.9259849448,2.9259849448,1.4179978493,Solved
ZGOXI_B?EC?J?Hsc@@\HHs_ahA?`o??GNCA@CE@GHAQsGO@A_CTMH?G?ID?G,27,88,7,9.9259762578,2.9259762578,1.4179966083,Solved
ZHO[Ma_CADc`oDC__kHC`aAUOCQH?K?hC`AIA_@WBg?dIGO@A_DO?JAbO?KG,27,91,7,9.9259399986,2.9259399986,1.4179914284,Solved
ZHoWK_HCdHsO@O_?dG?HjOgOWKHEAKG?C?QhOROMCCgA?CRICaPOL_@ASKG?,27,92,7,9.9259172172,2.9259172172,1.4179881739,Solved
ZHO\I__e?FwcaWS?BS@I??ds??p?[IG_CH_L_?[Q?SG_]G_G@?R_?[gp@G_O,27,92,7,9.9259142147,2.9259142147,1.417987745,Solved
ZHoWK_J?DHsOPOATCCYcPgc?CSQ`?XU?IOO`PO?M__A?OCR?ApHADc@?C@BW,27,91,7,9.9259117587,2.9259117587,1.4179873941,Solved
Z?O[MagOadPBGpp?iCPQO?CKWP@IG^_?OB_D@@KHs??_EOI_ABB??[bCa?CW,27,93,7,9.9258816007,2.9258816007,1.4179830858,Solved
Z@O\M_geA?_lsGw??Y@OK?GYgGIc?oB?C?FdHCaOEOp@@KQC`@POK?A_`MG?,27,92,7,9.9258803898,2.9258803898,1.4179829128,Solved
ZHOTI?ge?Ew_gOO_q@H?i@[HA?G?[KaACPdCAOL?sCOC?_H@CGhoGCA_`Q__,27,88,7,9.9258441844,2.9258441844,1.4179777406,Solved
Z@?[E_gWad[_IQ?\PA?CEpGFW?OHcGAPSOCqPGK@SABaO_I??y@aE?HCw??W,27,93,7,9.9257867601,2.9257867601,1.4179695372,Solved
ZHODMageAC_L`?GSQ@?J_A?{K@_?KgBSHA?bOGO_wQ@@OCIg?CBC_BC_a_CO,27,87,7,9.9257453656,2.9257453656,1.4179636237,Solved
ZHoWK_JScHsOPOc_@Ga?RgGcCPh?QA`GGB?RPH?_?f@oOSWEAAKADc_CG?_w,27,93,7,9.9257367532,2.9257367532,1.4179623933,Solved
ZH?[MagEAC_daAS@_kOCbHOci?__OYD_FC?QAQOISGCCGoK?KRBc@DSSACB?,27,94,7,9.9257131306,2.9257131306,1.4179590187,Solved
Z?oWK_JSCHoOPP__DW@HaC@KocDCCOQ?D?Gt_CHP?YAACOFPOAC?AqODA_?w,27,88,7,9.9256904017,2.9256904017,1.4179557717,Solved
ZHO\K_gE?@wc?te?oA?B?pACDH_`DP?_k?DOS_DAGR_P@?MIO?mO{?GC?T?_,27,90,7,9.9256789358,2.9256789358,1.4179541337,Solved
Z@O\M_geAC_dsGx??AoB?i?Cd?_?UaD?GOHhPCCK_GG_[CPA_sA?DAPdG_Q?,27,90,7,9.9256114897,2.9256114897,1.4179444985,Solved
ZGO\M?geAC_lsGAQP?_f@HCso@a??X_IECGT?sgc`ACC??F?CGO@Y?__Oo_o,27,90,7,9.9256026828,2.9256026828,1.4179432404,Solved
Z@OSM__GadK_IoCC?kG?\bCCY_O@MSOpEGL?@S@N?A_yEO??_IBX?@W`Kg?O,27,93,7,9.9256006319,2.9256006319,1.4179429474,Solved
ZGO\M?geAC_lsGAQP?_f@HCso@a??X_IECGT?sgc`ACC??FOCGO@Y?__Oo_o,27,91,7,9.9256004098,2.9256004098,1.4179429157,Solved
Z@OLMagEA@c`a@Occ`K_@OgcD@N?_GcSC?dP?SIK_@G@O_B?[c@IAD?G_?@W,27,88,7,9.9255771702,2.9255771702,1.4179395957,Solved
ZGOLI__e?FwcaW_ABO`IbD?r?_hQAGdA??UBgAIH_SG@?bH?g?`S?OGg_?JO,27,91,7,9.925558479,2.925558479,1.4179369256,Solved
ZHoWK_JSDHSOPPADYOG@E_cC__gOcI_Wcb?QP@@G_QOcOAP`K?PA?_I_J?Ag,27,91,7,9.9255294062,2.9255294062,1.4179327723,Solved
ZGoWK_JSCHoOPP__DW@HaC@KocDCCOQ?D?Gt_CHP?YAACOFPOAC?AqODA_?w,27,89,7,9.9255104166,2.9255104166,1.4179300595,Solved
ZHOPE_JgMcT??_?FgcsoCBo@C`S_CXW?C@MD??]Oo_@_BF?`G_AO`?d_WGH_,27,92,7,9.9254976144,2.9254976144,1.4179282306,Solved
Z?O[Ma_WadP@H?IoQA\o?OGKGoA?Eg_gS@IP?wGbGGHt??IC_b@@LOG_h@__,27,93,7,9.9254577905,2.9254577905,1.4179225415,Solved
ZGO\M?geAC_lsGAQP?_f@HCso@a??X_IECGT?sgc`ACC??F?CGO@Y?`_Oo_o,27,91,7,9.9254326312,2.9254326312,1.4179189473,Solved
ZGO\M?geAC_lsGAQP?_f@HCso@a??X_IECGT?sgc`ACC??FOCGO@Y?`_Oo_o,27,92,7,9.9254317301,2.9254317301,1.4179188186,Solved
ZGO\M?geAC_lsGAQP?_f@HCso@a??X_IECGT?sgc`ACC??F?CGQ@Y?__Oo_o,27,91,7,9.9254276276,2.9254276276,1.4179182325,Solved
ZGO\M?geAC_lsGAQP?_f@HCso@a??X_IECGT?sgc`ACC??FOCGQ@Y?__Oo_o,27,92,7,9.925426991,2.925426991,1.4179181416,Solved
ZHoWK_JSd?sOPO?SY??@d?awHC\HAICOGg@P@RGG`KAD?I@CJO?_CAI???Yw,27,90,7,9.9254248271,2.9254248271,1.4179178324,Solved
Z@O\M_geAC_lsGw??AwE@eAC?EOB@TG@GAPE@AS@QC@ga?pE_@c?ISPgC@M?,27,93,7,9.9254207891,2.9254207891,1.4179172556,Solved
Z@?LK__e?@wcsGGS@@OV?PQBCHO`?X?hcAFAi?AIF`?lH?CQaO_@?_Ta?f?G,27,92,7,9.9252957933,2.9252957933,1.417899399,Solved
ZHO\MagE?D_hoDE??eE?R?oZOGGHCpQ?C?TD?AwQD?@b?b@gCO??o?l_?ShO,27,92,7,9.9252758013,2.9252758013,1.417896543,Solved
ZHO\MagE?D_hoDE??eE?R?oZOGGHCpQ?C?TD?AwQD?@b?b@hCO??o?l_?ShO,27,93,7,9.9252276747,2.9252276747,1.4178896678,Solved
ZGO\M?geAC_lsGAQP?_f@HCso@a??X_IECGT?sgc`ACC??FOCGQ@Y?`_Oo_o,27,93,7,9.9252240044,2.9252240044,1.4178891435,Solved
ZGO\M?geAC_lsGAQP?_f@HCso@a??X_IECGT?sgc`ACC??F?CGQ@Y?`_Oo_o,27,92,7,9.9252240041,2.9252240041,1.4178891434,Solved
ZHOWK_JHEc@JhGocTOAI@?@qO_Y`@PQ?OAQB?MCQE?Os__PAASH?CHQa?wAG,27,93,7,9.9252238942,2.9252238942,1.4178891277,Solved
Z@OLMagEA@c`a@Occ`K_@OgcD@N?_GcSC?dP?SIK_@H@O_B?[c@IAD?G_?@W,27,89,7,9.9252138415,2.9252138415,1.4178876916,Solved
ZHoXE_J?Mc@BScgHsAAGBhC?QCW?SOU@FCO@?GHgMG?_@HI@Oh@I??aaCaCg,27,92,7,9.9252102059,2.9252102059,1.4178871723,Solved
Z@O[MA?WaDS_IQ?LR??CFXGCDW_SAY`CCH_O?DI[_Q?`?AhGoW@@C_Ia@_Og,27,90,7,9.925177103,2.925177103,1.4178824433,Solved
Z@O[MA_WadPBGP@G`IM_A@[Ci@G_@IGGC_GpAK_gaAA`SQGHP?`s?`???D@W,27,90,7,9.9251638533,2.9251638533,1.4178805505,Solved
ZHO[MagEAD_`oDC__kHC`A@A_Gm?I`QI?C?F?GeHCH@G_?GEAcB?KAH?I?R_,27,88,7,9.9251627232,2.9251627232,1.417880389,Solved
Z@ODM?gaAC_dsGx??AwF@e@CdQGqOA`_??BR?_Hoj??{?_D@?GpCASC`W_CG,27,90,7,9.9251380331,2.9251380331,1.4178768619,Solved
Z@OWMagWad?BHPe@GS[OpGpCCHM_CG@AOiCAp??W_H?c_AXa__Q?[@D_I?l?,27,94,7,9.9251330281,2.9251330281,1.4178761469,Solved
Z@O\K_geAC_ksGw?DGO?j@IX@?Gs?hGCG@gB?oEV?GC_aOdOdGOcID?@?GAw,27,92,7,9.9251296372,2.9251296372,1.4178756625,Solved
ZHO\I__e?FwchOIAAOiH`c?SBCG?eGOTJC?B?k?K`?CCGAJO?oEAWGG_@`Og,27,91,7,9.9251174111,2.9251174111,1.4178739159,Solved
ZHoWK_JO`Hc?PPc_iC_Qih?IOSA?QPCCkJCA_AGY@?wbAPA@@?a?qH@cEGCO,27,93,7,9.9251064899,2.9251064899,1.4178723557,Solved
ZHO\I_gC?DoC?teAsa?FBS?JCO@?GwQPDCI?C@DGD_Qc_g@?GbPaC?g`H@A_,27,91,7,9.925094873,2.925094873,1.4178706961,Solved
ZHoWK_JO`Hc?PPc_iC_Qih?IOSA?QPCCkJCA_AGY@?wbAPA`@?a?qH@cEGCO,27,94,7,9.9250880575,2.9250880575,1.4178697225,Solved
ZHO\I_gC?DwC?teAsa?FBS?JCO@?GwQPDCI?C@DGD_Qc_g@?GbPaC?g`H@A_,27,92,7,9.9250701771,2.9250701771,1.4178671682,Solved
ZHO\I__e?FwchOIAAOiH`c?SBCG?eGOTJC?B?kAK`?CCGAJO?oEAWGG_@`Og,27,92,7,9.9250635753,2.9250635753,1.417866225,Solved
ZHO[Ma_eAC_daAS?_kOCbEg?cGXSB?JaA_G@O@eGp?`W?_p?S@e?@YGcOOGg,27,93,7,9.9250607583,2.9250607583,1.4178658226,Solved
ZHO\I__e?FwchOIAAOiH`c?SBCG?eGOTJC?B?k?K`?CCGAJO?pEAWGG_@`Og,27,92,7,9.9250413947,2.9250413947,1.4178630564,Solved
ZHO\I__e?FwchOIAAOiH`c?SBCG?eGOTJC?B?kAK`?CCGAJO?pEAWGG_@`Og,27,93,7,9.9250022002,2.9250022002,1.4178574572,Solved
ZHO\K_gE?@wc?te?oA?B?pACDH_`DP?_k?DoS_DAGR_P@?MIO?mO{?GC?T?_,27,91,7,9.9249955073,2.9249955073,1.417856501,Solved
Z@oWG_JCDHs?PP__?g`OeOAYOaGHgPAAFA?pACHTE?CgAK`AcaO?RC@iCGAG,27,91,7,9.9249873406,2.9249873406,1.4178553344,Solved
ZHoGG_JSdHsOP@c_wg?QgCGkhQ??O]E?C?saG?cWoP?gW?PH?OH?H@Qq_?Ag,27,91,7,9.9249866659,2.9249866659,1.417855238,Solved
ZHoGG_JSdHsOP@c_wg?QgCGkhQ??O]E?C?saG?cWoP?gW?PH?QH?H@Qq_?Ag,27,92,7,9.9249824499,2.9249824499,1.4178546357,Solved
Z@oWG_JCDHsOPP__?g`OeOAYOaGHgPAAFA?pACHTE?CgAK`AcaO?RC@iCGAG,27,92,7,9.9249673741,2.9249673741,1.417852482,Solved
ZHO[M_gEAC_lcGi??[G?UIoCATAcG_GTI??JHCgIH?gSA?WO@i@E?@G_HGBg,27,91,7,9.9249627743,2.9249627743,1.4178518249,Solved
ZHOX?_J@Cc@JhHocTAAM?OM?D?gO?Ec_K?dEC?MGAECtAADhO?_C?T_GDC@W,27,90,7,9.924944257,2.924944257,1.4178491796,Solved
Z@ODM?gaAC_dsGx??AwF@e@CdQGqOA`_??BR?_HojO?{?_D@?GpCASC`W_CG,27,91,7,9.9249413307,2.9249413307,1.4178487615,Solved
Z?O[KagGad[_GA?\RA??FPWCw?S?cWdGCCGa?O@]GE?_OD`IQCP[_CG@?oAg,27,90,7,9.9249369959,2.9249369959,1.4178481423,Solved
Z@?\K_geA?_ls?x?GU?_BIQhI?SHO`I_HJ?A?@xGFU???qK?CBa_A?SK?_?W,27,89,7,9.924919397,2.924919397,1.4178456281,Solved
Z?O[MagOacPBGpp?iCPQO?C[WP@IG^_?OB_D@@KHs??_EOI_ABB??[bCa?CW,27,93,7,9.9249108331,2.9249108331,1.4178444047,Solved
ZHOTI?ge?Ew_gOO_q@H?i@[HA?G?[KaACPdCAOL?sCOC?_J@CGhoGCA_`O__,27,88,7,9.9248814376,2.9248814376,1.4178402054,Solved
ZGOLI__e?FwcaW_ABO`IbD?r?_hQAGdA??UBgAIH_SG@?bH?g?`T?OGg_?JO,27,92,7,9.9248743852,2.9248743852,1.4178391979,Solved
ZHO\M_gE?FOcC??td@oHCOCKO@HQ?k@CV?GSOB`?C`B_kO`OF?`e?CCc_GKG,27,92,7,9.9248713812,2.9248713812,1.4178387687,Solved
ZHOX?_J@Cc@JhHocTAAM?OM?D?gOOEc_K?dEC?MGAECtAADhO?_C?T_GDC@W,27,91,7,9.9248603652,2.9248603652,1.417837195,Solved
ZHoGG_JSdHsOP@c_wg?QiCGkhQ??O]E?C?saG?cWoP?gW?PH?OH?H@Qq_?Ag,27,92,7,9.9248090728,2.9248090728,1.4178298675,Solved
ZHoGG_JSdHsOP@c_wg?QiCGkhQ??O]E?C?saG?cWoP?gW?PH?QH?H@Qq_?Ag,27,93,7,9.9248090152,2.9248090152,1.4178298593,Solved
Z?OXG_JhM_T?CdXOOCXQPc_D?OgHWGUOG?PJ[?GGIG?`@W`S`CGg??`gCP@G,27,91,7,9.9247965362,2.9247965362,1.4178280766,Solved
ZHO\G__e?FwcaWSAPG?DbC?cd?G?nK@AHCGhHAg?s?EWC?bGPCIA?Q@gI?IG,27,92,7,9.9247639103,2.9247639103,1.4178234158,Solved
ZHOLM?geAC_lA?S`?YTGCCwDC?c?KWQQg_OB?G[C_KGqdO??[p?EA?cg?DDg,27,92,7,9.9247328781,2.9247328781,1.4178189826,Solved
Z@O[MA_WadPBGP@G`IM_A@[Ci@G_@IGGC_GpAK_gaAA`SQGHP?`s?`G??D@W,27,91,7,9.9247304828,2.9247304828,1.4178186404,Solved
Z@?KMAgWad?BHPe@A?`U@OgoDWiHBCGGoWQBy?G??Ahae?@q?g??Q?tCO_@W,27,92,7,9.9246855055,2.9246855055,1.4178122151,Solved
Z@O\M?g_AC_hsGEQ?mDOH?_shOJGaE_?I?gE?`go@gQBG?F??wI@IAPIA_?W,27,92,7,9.924668129,2.924668129,1.4178097327,Solved
ZHO\I__e?FwcaWSABS@I??du?@o?PcQACAoDP?_h?WAb?_S?WBD_?[BCaOOW,27,93,7,9.9246681008,2.9246681008,1.4178097287,Solved
Z?O[MagW_DPACBi?_e@IG?_kOHo?R?o_TCA@GpGI`?cs??`@UQ@Ao_`M?`O?,27,89,7,9.9246591779,2.9246591779,1.417808454,Solved
ZHO\K_gE?@wc?te?oA?B?pACDH_`DP?_k?DOS_DAGR_P@?MIO?mO{?GC?T?g,27,91,7,9.9246209924,2.9246209924,1.4178029989,Solved
Z?O[MagW_DPACBi?_e@IG?_kOHo?R?o_TCa@GpGI`?cs??`@UQ@Ao_`M?`O?,27,90,7,9.9245783921,2.9245783921,1.4177969132,Solved
Z@O[MagO_dP@GpSGc_kOa?QKCsHC?gocRC?B?[GfG?OcI_CE_@D?AkG_?GXg,27,93,7,9.9245762813,2.9245762813,1.4177966116,Solved
ZHO\M__A?Fwc?deAOaA@FeG_hAA?BW`_CdOG?`DY_P?o_Ah?o?`IBGO_CWDO,27,93,7,9.9245577769,2.9245577769,1.4177939681,Solved
ZHO\M_ga?FGcc?G@@?Y@@HSCOPOch?SGYG@QCcSC@?Eg`?`HOH???_\g@ODO,27,87,7,9.924535231,2.924535231,1.4177907473,Solved
ZHO[Ma_CADc`oDC__kHC`aASOCQH?K?hC`AIA_@WBi?dIGO@AcDO?BAbO?KG,27,91,7,9.9245312718,2.9245312718,1.4177901817,Solved
ZHO[Ma_CADc`oDC__kHC`aASOCQH?K?hC`AIA_@WBi?dIGO@AcDO?JAbO?KG,27,92,7,9.9245292517,2.9245292517,1.4177898931,Solved
Z?O[Ma_C?@_hoDAsI@DGBWc@QcSO?WHFCjI?AHI??_bdOc@CGq@HS?cW@?@W,27,92,7,9.9245079308,2.9245079308,1.4177868473,Solved
ZHO\I__e?FwchOS?@@wFaeG?_?wUAA?cKCH??pAX?GtRC?KO?_F`AP?_E?sO,27,93,7,9.924478277,2.924478277,1.417782611,Solved
Z@O\K_geAC_ksGh??LF?HAod?TL?W?@aTB?@C?HhGd@@@gBA?w_@ICGgW?Go,27,92,7,9.9244318767,2.9244318767,1.4177759824,Solved
ZGoXA_JHEc?JH@Sc@G\HHscaF?@oGG@pGC?B_GoG?pGf??I?OEJ_Go_g?_Dg,27,93,7,9.9244137506,2.9244137506,1.4177733929,Solved
Z@OKGagGa`?BHPe@G?WIpw@CJ?iF??HH?cHEeC_uA_@A?cP?G`@?_QQ{G?GO,27,89,7,9.9242970426,2.9242970426,1.4177567204,Solved
Z@O[GagGa`?BHPe@G?WIpw@CJ?iF??HH?cHEeC_uA_@A?cP?G`@?_QQ{G?GO,27,90,7,9.9242953086,2.9242953086,1.4177564727,Solved
Z?OWMagWadPBGPp?aAGF@HACoDO?_OHDKYAAO@GG@_Wb?Q@w??XAQGAcO?Q_,27,88,7,9.9242394084,2.9242394084,1.4177484869,Solved
Z@O\M_geAC_dsGx??AoB@i?Cd?_?UaD?GOHhPCCK_GG_[CPA_sA?DAPdG_Q?,27,91,7,9.9242226101,2.9242226101,1.4177460872,Solved
Z@OXE_H@Kc@JhHscTAA?SHOT?gKS___GL_W@@oGO@A_aOS`@gKOG@@a`?@Eg,27,92,7,9.9242206052,2.9242206052,1.4177458007,Solved
Z@OWIagWad[_IA?\@Wc?Pc?yBAB??{IcDCBOHAA?`@H@OIJC`?gaS?E_EAaO,27,94,7,9.924208258,2.924208258,1.4177440369,Solved
ZHO\I_Ge?F__?tIBW_K@GGGhAOY@g@GS_@cce?AWIAcyCO@E_K__OPo?@`?o,27,92,7,9.9242014103,2.9242014103,1.4177430586,Solved
ZHO\I_Ge?F__?tIBW_K@GGGhAOY@g@GS_`cce?AWIAcyCO@E_K__OPo?@`?o,27,93,7,9.924153126,2.924153126,1.4177361609,Solved
Z@O\M_geA?_lsGw??Y@OK?GYgGIc?oB?C?FdHCaOEOp@@KQC`@PPK?A_`MG?,27,93,7,9.9241403152,2.9241403152,1.4177343307,Solved
ZHOLGagEAC?lt??ogg?`PGCidGCoH?C?d?pDgDS?B_APG@CP?SbCAGF@?HgG,27,90,7,9.9241377454,2.9241377454,1.4177339636,Solved
ZHO\M_geA?_lcGAQg_OcBpGE_G_CkPGS?@_Fo@CGD_G`GCXGCYCCa?H`?agG,27,93,7,9.9241187713,2.9241187713,1.417731253,Solved
ZHOLM?geAC_lA?S`?YTGCCwDC?c?KWQQg_OB?G[K_KGqdO??[p?EA?cg?DDg,27,93,7,9.9241173896,2.9241173896,1.4177310557,Solved
Z@O\Ma_eADC_?@Oc_kJ?@CAch@ICgO`CcCWDg?ggJc_@@GJ_@AHcBD?@OS?W,27,91,7,9.9240753143,2.9240753143,1.4177250449,Solved
ZHO\K_gE?@wc?te?oA?B?pACDH_`DP?_k?DoS_DAGR_P@?MIO?mO{?GC?T?g,27,92,7,9.9240681901,2.9240681901,1.4177240272,Solved
Z@O\Ma_eADCg?@Oc_kJ?@CAch@ICgO`CcCWDg?ggJc_@@GJ_@AHcBD?@OS?W,27,92,7,9.9240495397,2.9240495397,1.4177213628,Solved
ZHO\MAgcAC_lA?C`_]TGCO?[hOHAa?HONOE@A_Aga?a`?cPPK_A?ATDq@P?_,27,94,7,9.924045128,2.924045128,1.4177207326,Solved
ZHoWK_JSD@sOPPATYO@?FoGCc__UO??E]AOSCH?WG`Ob@PCGo?B?DD_g`GAG,27,92,7,9.9240155801,2.9240155801,1.4177165114,Solved
ZHO\I_ge?Fwc`Os??EWoG?oL?IP?WOHaWBC_hOKA?Cf?QGqCGABIAoGp??sO,27,94,7,9.9239639345,2.9239639345,1.4177091335,Solved
ZHoWK_JSD@sOPPATYO@?FoGCc__UO??E]AOSCH?WG`Sb@PCGo?B?DD_g`GAG,27,93,7,9.9239532809,2.9239532809,1.4177076116,Solved
Z@OWMagWadP@Gpp?bAGA@hAEa?A_G_B_SGHD`CcI?@I_CSOE_ABHP?B?Ei?O,27,90,7,9.9239514717,2.9239514717,1.4177073531,Solved
Z@?[I_GWaD[_IQ?\RA?CDpGCj?GGRG`Gi?Q@EASNOA_OI?Y@Q?I?@a@gS?SG,27,91,7,9.9239187652,2.9239187652,1.4177026807,Solved
Z@?[I_GWaD[_IQ?\RA?CDpGCj?GGRG@Gi?Q@EASNOA_OI?Y@Q?IC@a@gS?SG,27,91,7,9.9238634615,2.9238634615,1.4176947802,Solved
Z@O\MagEA@c`a@Occ`K_@OgcD@N?_GcSC?dP?SIK_@G@O_B?[c@IAD?G_?@W,27,89,7,9.9238615956,2.9238615956,1.4176945137,Solved
ZHO\M_gEAC_LsGi??Y??NhACGCiH__EeIOGEoD??@?R__{@@IWC?_@``GACG,27,91,7,9.9238593404,2.9238593404,1.4176941915,Solved
Z@OKGagGa`?BHPe@G?WIpw@CJ?iF??HH?cHEeC_uA_@B?cP?G`@?_QQ{G?GO,27,90,7,9.9238510017,2.9238510017,1.4176930002,Solved
ZHOX?_I@Mc?JC?hHsA?QT`o@O_mE_?@KSIECh?CWQBACBP@Sc?EPWg???aow,27,93,7,9.9238449283,2.9238449283,1.4176921326,Solved
ZH?LMagC?D_hoDAsS?aG`EAdSGe?g?@A[dO@?_`KoO__gOHQ_GHCHC?c?@Qg,27,90,7,9.9238326263,2.9238326263,1.4176903752,Solved
Z@?[I_GWaD[_IQ?\RA?CDpGCj?GGRG`Gi?Q@EASNOA_OI?Y@Q?IC@a@gS?SG,27,92,7,9.9238086448,2.9238086448,1.4176869493,Solved
Z@?\K_geA?_ls?x?GU?_BIQhI?SHO`I_HJ?A?@xGFU???qK?CBa_A?SL?_?W,27,90,7,9.9238074532,2.9238074532,1.417686779,Solved
Z@O\Ma_eADC_?@Oc_kJ?@CAch@ICgO`CcCWDg?ggJc_@@GJo@AHcBD?@OS?W,27,92,7,9.9237835476,2.9237835476,1.4176833639,Solved
Z@O\Ma_eADCg?@Oc_kJ?@CAch@ICgO`CcCWDg?ggJc_@@GJo@AHcBD?@OS?W,27,93,7,9.9237716974,2.9237716974,1.4176816711,Solved
Z@O[GagGa`?BHPe@G?WIpw@CJ?iF??HH?cHEeC_uA_@B?cP?G`@?_QQ{G?GO,27,91,7,9.9237539968,2.9237539968,1.4176791424,Solved
Z?O[MagGadP@Gpp?bAHI@M??A@WIgGG_P?a`k??JCHA?BJA?G?bAA@SiAa?O,27,88,7,9.9237463285,2.9237463285,1.4176780469,Solved
Z?OWMagWadPBGPp?aAGF@HACoDO?_OHCKYAAP@GG@_Wb?Q@w??XAQGAcO?Q_,27,88,7,9.9237416026,2.9237416026,1.4176773718,Solved
ZHoGG_JSdHsOP@c_wg?QgCGkhQ??Q]E?C?saG?cWoP?gW?PH?OH?H@Qq_?Ag,27,92,7,9.9237193967,2.9237193967,1.4176741995,Solved
Z@?[I_GWaD[_IQ?\RA?CDpGCj?GGRG@Gi?A@EASNOA_OI?Y@QGI?@a@gS?SG,27,90,7,9.9237145529,2.9237145529,1.4176735076,Solved
Z@?[I_GWaD[_IQ?\RA?CDpGCj?GGRG`Gi?A@EASNOA_OI?Y@QGI?@a@gS?SG,27,91,7,9.923709697,2.923709697,1.4176728139,Solved
ZHO\M_gEAC_LsGi??Y??NhACGCiH__EeIOGEoD??@?R__{@@IWC?_@`dGACG,27,92,7,9.9237012546,2.9237012546,1.4176716078,Solved
ZGOXA_JhMcP??_?RgcsoC`o?_@y_kToC?FCDGJE?QcG?@CXhGO@S??M_QI?g,27,94,7,9.9236852018,2.9236852018,1.4176693145,Solved
Z@?\K_geA?_ls?x?GU?_BIQhI?SHO`I_HJ?A?@xGFU???qK?CBb_A?SK?_?W,27,90,7,9.9236550502,2.9236550502,1.4176650072,Solved
ZHO\I_geA@_he@?_cHKOH?{bC_cB?@?iGAIRSGSCG?O_O_qGSOJEA?RG?JOG,27,92,7,9.923622679,2.923622679,1.4176603827,Solved
ZHO\IagE?C_l??O`_YTGC?[VOEHO@K?aEOHA?w_WoOaShO??DCc??IJgdCG?,27,91,7,9.9236044609,2.9236044609,1.4176577801,Solved
ZHO\MagC?DchoDE?_EE?QO@WOIGH_hO@gBOH?oWdO_OaCQDa@H??oOpg`?EO,27,93,7,9.9235847405,2.9235847405,1.4176549629,Solved
ZHO\I_ge?FWchOSA?EXAHa?DQ?g?[KOAccWG?W?WOEga@DA?w?iPC?P_QHQ?,27,92,7,9.9235663665,2.9235663665,1.4176523381,Solved
ZHO[I_ge?Dwc_?g?I@OFb@QO?CidCTQ?G?LBI?dHCgOGa?cCAoR_WGB@WW_?,27,92,7,9.9235641273,2.9235641273,1.4176520182,Solved
Z@O[MA?WaD[_IQ?LR??CFXGCDW_SAY`CCH_O?DI[_Q?`?AhGoW@@C_Ia@_Og,27,91,7,9.923556064,2.923556064,1.4176508663,Solved
Z?O[MagW_DPACBi?_e@IG?_kOHo?R?o_TCADGpGI`?co??`@UQ@Ao_`M?`O?,27,89,7,9.9235508108,2.9235508108,1.4176501158,Solved
ZHoX?_JHIC@Jh@scGgCAoA_MEC@@PGAES__T@QAIcG_@?WRSGb?_C?UA@CCg,27,92,7,9.9235258152,2.9235258152,1.417646545,Solved
Z?O[MagW_DPACBi?_e@IG?_kOHo?R?o_TCaDGpGI`?co??`@UQ@Ao_`M?`O?,27,90,7,9.9235143509,2.9235143509,1.4176449073,Solved
Z@?[I_GWaD[_IQ?\RA?CDpGCj?GGRG@Gi?A@EASNOA_OI?Y@QGIC@a@gS?SG,27,91,7,9.9234988919,2.9234988919,1.4176426988,Solved
ZHO[I?ge?Dwc`Og?I@OFb@QO?CidCTQ?G?LBI?dHCgOGa?c?AoR_WGBBWG_?,27,92,7,9.9234867932,2.9234867932,1.4176409705,Solved
Z@?[I_GWaD[_IQ?\RA?CDpGCj?GGRG`Gi?A@EASNOA_OI?Y@QGIC@a@gS?SG,27,92,7,9.9234794245,2.9234794245,1.4176399178,Solved
ZHO\I_ge?FwchOs?B?_FB?AwD_G?UE?@KJ?IGDOWCgKGaACCGAR?AhDT?AOW,27,94,7,9.9234726349,2.9234726349,1.4176389478,Solved
ZHOXI_BHEC?J@Hoc?H\H@s?ahA?po?_Ig?oh?oEcoC@`Od?p??h?M@BD?gAW,27,94,7,9.9234713812,2.9234713812,1.4176387687,Solved
ZHO\K?gaAC?ksGEQ?OpI`p?WOgPQ@K?IGAVAHC_Oo?aOD?F?MAa?oBEIIC?_,27,91,7,9.9234616151,2.9234616151,1.4176373736,Solved
ZHO\MagE?CchoDE??eE?R?oZOGGHCpQ?C?TD?AwQD?@b?b@hCO??o?l_?ShO,27,93,7,9.9234357981,2.9234357981,1.4176336854,Solved
ZHoWC_JOd@s?PPc_`I_?R?LEaAOHBA_?[II@GOAgKGagGaSCGHCICOBwo@?O,27,92,7,9.9234337574,2.9234337574,1.4176333939,Solved
ZHOWK_BHIc@Bh@ocTO?_F@IDA?OA_[_GWi?R_G?GIP?_CWHaE@@GPQ?a?CQG,27,87,7,9.9234087393,2.9234087393,1.4176298199,Solved
ZHO[MagCADchoDC__KHC`aASiO?Ba?_HJ??RhAG?sC@`?QY@?JH?LOAg_@WG,27,93,7,9.9233871175,2.9233871175,1.4176267311,Solved
Z@OLI_gaA?_HsGw?B@GF`g@GDAIg?oCiKOhCHC_COG`oKCIDDO@GA@a`W@EG,27,91,7,9.9233485803,2.9233485803,1.4176212258,Solved
Z@O\MagEA@c`a@Occ`K_@OgcD@N?_GcSC?dP?SIK_@H@O_B?[c@IAD?G_?@W,27,90,7,9.9233396955,2.9233396955,1.4176199565,Solved
ZHO\K?gaAC?lsGEQ?OpI`p?WOgPQ@K?IGAVAHC_Oo?aOD?F?MAa?oBEIIC?_,27,92,7,9.9233378757,2.9233378757,1.4176196965,Solved
Z@?\K_geA?_ls?x?GU?_BIQhI?SHO`I_HJ?A?@xGFU???qK?CBa_A?SK?a?W,27,90,7,9.9233164335,2.9233164335,1.4176166334,Solved
Z@?[MaGWad[_IQ?\KC?GFeCJg?OsB?@cCBCX?AXS?OcBA_B@OBQOg_@c_?FG,27,94,7,9.9232947662,2.9232947662,1.417613538,Solved
ZHO[I?ge?Dwc`Og?I@OFb@QO?CidCTQ?G?LBI?dHCgOGa?c?AoR_WGFBWG_?,27,93,7,9.9232808419,2.9232808419,1.4176115488,Solved
ZHoGG_JSdHsOP@c_wg?QgCGkhQ??Q]E?C?saG?cWoP?gW?PH?QH?H@Qq_?Ag,27,93,7,9.9232771987,2.9232771987,1.4176110284,Solved
Z@OXE_H@Kc@JhHscTAA?SHOT?gKS___GL_W@@oGO@A`aOS`@gKOG@@a`?@Eg,27,93,7,9.9232714926,2.9232714926,1.4176102132,Solved
ZHOHK_J?GC@JhHscTAAI_C?m_gAGGGOEiA?J?QGss_?aDEOH?OLO@BAib?C?,27,92,7,9.9232270985,2.9232270985,1.4176038712,Solved
Z@O\M_gaAC_lsGw?ADGU?WDKOpOCm?I@MGC@SG?gGa_t@?H?ogI@?BDc@QCG,27,94,7,9.9232090461,2.9232090461,1.4176012923,Solved
ZHoWG_JO`GSOPOs_SEOQZ_U?GBGHGIc?u@GAI_aI_HH?cGB_U?`CN_?CA?k_,27,93,7,9.9232067903,2.9232067903,1.41760097,Solved
Z?O[KagGad[_GQ?\RA??FPWCw?S?cWdGCCGa?O@]GE?_OD`IQCP[_CG@?oAg,27,91,7,9.9231897915,2.9231897915,1.4175985416,Solved
ZHO\I?ge?FWchOSA@?xI`?tQO?O@CWe@CGGXo?Ggf??d?G`@K?TO?`I_B_O_,27,91,7,9.9231707434,2.9231707434,1.4175958205,Solved
Z@?KMagWad?BHPe@A?`U@OgoDWiHBCGGoWQBy?G??Ahae?@q?g??Q?tCO_@W,27,93,7,9.9231624588,2.9231624588,1.417594637,Solved
ZHoWA_J?dHo?ASs_sW?HJP`?WOeH_@?CsBKDSBG@Gi?QAB?G``_AO?V_COF_,27,93,7,9.9231620243,2.9231620243,1.4175945749,Solved
Z@O\M_?e?FG_Sg?tD@sHBgH?GBGoOpJ_A?CFOED@R?@{@?_@CaB?_GtICGCG,27,93,7,9.9231544533,2.9231544533,1.4175934933,Solved
ZHoXE_J?Mc@BScgHsAAGBgC?QCW?SoU@FCO@?GHgMG?_@HI@Oh@I??aaCaCg,27,92,7,9.9231510839,2.9231510839,1.417593012,Solved
ZHOWK_J?Ac@Jh@scTOAI@aECCWe`_@CGSBAM?GTUGG?AASBGGTAAQ?PcA?FG,27,93,7,9.9231472699,2.9231472699,1.4175924671,Solved
Z?OKMagGadP@Gpp?bAHI@m??A@WIgGG_P?a`k??JCHA?BJA?G_bAA@SiAa?O,27,89,7,9.9231205617,2.9231205617,1.4175886517,Solved
ZHO[I_ge?Dwc`?g?I@OFb@QO?CidCTQ?G?LBI?dHCgOGa?cCAoR_WGB@WW_?,27,93,7,9.923107574,2.923107574,1.4175867963,Solved
ZHO\I_geA@_he@?_cHKOH?{bC_cB?@?iGAIRSGSCG@O_O_qGSOJEA?RG?JOG,27,93,7,9.9231056929,2.9231056929,1.4175865276,Solved
ZHoWK_JSD@sOPPATYO@?FoGCc__UO??E]AOSCH?WG`Ob@PCGo?R?DD_g`GAG,27,93,7,9.9230801192,2.9230801192,1.4175828742,Solved
ZHO\M__e?Fgcs?GO@@WV?pGG?JX?ha??KCb@Aw?S_@aCA_f@CoEAAAgaOg?G,27,92,7,9.9230636614,2.9230636614,1.4175805231,Solved
Z@OWMagWadP@Gpp?bAGA@hAEa?AcG_B_SGHD`CcI?@I_CSOE_ABHP?B?Ei?O,27,91,7,9.9230544105,2.9230544105,1.4175792015,Solved
Z?O[MagW_D[_IoeCU??HD?RV?I@IQ?O@KOqHO_SOdGG@JCBCFCOO?GiC_@aG,27,93,7,9.9230469693,2.9230469693,1.4175781385,Solved
ZGoWG_JOdHsOPO__iC`QbKGO?Qg`kDG?L@H@?@eLc?G__CT?TOPooA@B@?AW,27,93,7,9.9230396606,2.9230396606,1.4175770944,Solved
Z@?\I_gc?FWchOOEtGG_[OkDg?OUg?`AFgG@@S@O?IPg?EQAC_B@?JOqC?`_,27,92,7,9.9230084423,2.9230084423,1.4175726346,Solved
ZHO\M_gEAC_LsGi??Y??NhACGCiH__EeIOGEoD??@?R__{@@IWCC_@`@GAEG,27,92,7,9.9229914598,2.9229914598,1.4175702085,Solved
ZHOLMagC?D_hoDAsC?gs@PKCSJ?G@D??WYABODCoASeW`C?C@QB?W@LTA?OW,27,93,7,9.9229840092,2.9229840092,1.4175691442,Solved
ZGoWG_JOdHsOPO__iC`QbKGOGQg`kDG?L@H@?@eLc?G__CT?TOPooA@B@?AW,27,94,7,9.9229824106,2.9229824106,1.4175689158,Solved
ZHO\M_gEAC_LsGi??Y??NhACGCiH__EeIOGEoD??@?R__{@@IWCC_@`DGAEG,27,93,7,9.9229762371,2.9229762371,1.4175680339,Solved
ZHoWC_BSdHsOPPh_?AYI@?@SIIGQ_O`HKOaGG_Ck_@Oo?AcOa?bAPGC_e?@g,27,90,7,9.9229722946,2.9229722946,1.4175674707,Solved
Z@O\M_geAC_dsGx??AoB?i?CdG_?UaD?GOHhPCCK_GG_[CPA_sA?DAPdG_Q?,27,91,7,9.9229693983,2.9229693983,1.4175670569,Solved
Z?OWMagWadPBGPo?aAGF@hACoDO?_OHCKYAAP@GG@_Wb?Q@w??XAQGAcO?Q_,27,88,7,9.9229648693,2.9229648693,1.4175664099,Solved
ZHoWC_ISdHsOPPh_GH?Oh_?c?`a_GHM?SGSDC_IGO`CACGDp?C@?QScCO?`W,27,88,7,9.9229648331,2.9229648331,1.4175664047,Solved
ZHoWC_JSdHsOPPh_?AYI@?@SIIGQ_O`HKOaGG_Ck_@Oo?AcOa?bAPGC_e?@g,27,91,7,9.9229603956,2.9229603956,1.4175657708,Solved
ZHO\M__e?Fwcs?GO@@WV?pGG?JX?ha??KCb@Aw?S_@aCA_f@CoEAAAgaOg?G,27,93,7,9.9229411652,2.9229411652,1.4175630236,Solved
ZGOL?__e?FwcaWoABO`IbD?Q@_gCkOhAD??TiAAHgS@@W`CGCgP??Peis??G,27,93,7,9.9229291283,2.9229291283,1.417561304,Solved
Z@O\K_geAC_lsGx??DHQD?DoD_Gs@QE`@?SQgA@GoGA{?C`?ATa?wAH?_OIW,27,94,7,9.9229268122,2.9229268122,1.4175609732,Solved
ZHOLM?ge?C_lA?S`?YTGCCwDC?c?KWQQgcOB?G[C_KGqdO??[p?EA?cg?DDg,27,92,7,9.9229204777,2.9229204777,1.4175600682,Solved
Z?O\MagaAC_la?GSGAodEK?bC?WASG`BCICHK?GkGQ?_SDPP?oDI?@Q?IACW,27,90,7,9.9229134735,2.9229134735,1.4175590676,Solved
ZHOTI?ge?Ew_gOO_q@G?i@[HA?G?[KaACPdCAOL?sCOC?_J@CGhoGCA_`Q__,27,88,7,9.9228829058,2.9228829058,1.4175547008,Solved
ZHO\M_gEA??lsG?oT??HRODYgH?I?[_?pAoA?@WWSOE??sd?ccchC?E?K?Gw,27,91,7,9.9228698198,2.9228698198,1.4175528314,Solved
ZHO\I_ge?BwchOSA?UX?Ha?SB?MGOgUA_?aDPCAG?mGA?CRGB@PAaCHOK?BG,27,92,7,9.9228598381,2.9228598381,1.4175514054,Solved
ZHOLA_ge?FW_hOOAoC?s@D?WcW_F?YK`B?GWE@_x?Ie?Br?dGO@AO@I_Ug?G,27,93,7,9.922835188,2.922835188,1.417547884,Solved
Z?O[MagW_DPACBi?_e@IG?_kOHo?R?o_TCADGpGI`?cs??`@UQ@Ao_`M?`O?,27,90,7,9.9228123038,2.9228123038,1.4175446148,Solved
Z?O[MagW_DPACBi?_e@IG?_kOHo?R?o_TCaDGpGI`?cs??`@UQ@Ao_`M?`O?,27,91,7,9.9228062255,2.9228062255,1.4175437465,Solved
ZHO[MagCADc`oDC__kHC`aASOCQH?K?hC`AIA_@WBi?dIGO@A_DO?BAbO?KG,27,91,7,9.9227735641,2.9227735641,1.4175390806,Solved
ZHOWM_B@Ic?JhHsCTA?@PAOCAAlCGPSIA?WHP@C?@QKg_AsC_gKIS?BrC?a?,27,92,7,9.9227725643,2.9227725643,1.4175389378,Solved
ZHOHA_gEAC_lt?A`?[TGR?o@?@`?kSIOKO_[ao?l?hOR@@_Pc?H?GoUoe@_?,27,93,7,9.9227363262,2.9227363262,1.4175337609,Solved
Z?O[MagWaDPACBi?_e@IG?_kOHo?R?o_TCA@GpGI`?co??`@UQ@Ao_`M?`O?,27,89,7,9.9227166492,2.9227166492,1.4175309499,Solved
ZHoWG_J?`HCOPOS_SEOQZ_U??dHOcMc?e?HAS@IGSCGc_@L_UOAPS@GAEo?_,27,92,7,9.9226887428,2.9226887428,1.4175269633,Solved
Z@ODM?gaAC_dsGx??AwF@e@CdQGqOA`_??BR?_Hoj??{?_D@?IpCASC`W_CG,27,91,7,9.9226536336,2.9226536336,1.4175219477,Solved
Z@ODM?gaAC_dsGx??AwF@e@CdQGqOA`_??BR?_HojO?{?_D@?IpCASC`W_CG,27,92,7,9.9226491234,2.9226491234,1.4175213033,Solved
ZHO\I?ge?FWchOSA@?xI`?tQOGO@CWe@CGGXo?Ggf??d?G`@K?TO?`I_B_O_,27,92,7,9.9226489267,2.9226489267,1.4175212752,Solved
ZHOWK_JHEc@JhGocTOAI@?@qO_Y`@PQ?OAQF?MCQE?Os__PAASH?CHAa?wAG,27,93,7,9.9226464158,2.9226464158,1.4175209165,Solved
Z?O[MagWaDPACBi?_e@IG?_kOHo?R?o_TCa@GpGI`?co??`@UQ@Ao_`M?`O?,27,90,7,9.9226362966,2.9226362966,1.4175194709,Solved
ZHoGG_JSdHsOP@c_wg?QiCGkhQ??Q]E?C?saG?cWoP?gW?PH?OH?H@Qq_?Ag,27,93,7,9.9225526184,2.9225526184,1.4175075169,Solved
ZHO\M__E?FwcS?GP@?[H@?teGJAd@?G?]?q@AASHA@H?_ORC`?UOCS@s@CG_,27,92,7,9.9225031273,2.9225031273,1.4175004468,Solved
ZGO\MagaAC_la?GSGAodEK?bC?WASG`BCICHK?Gk?Q?_SDPP?oDI?@Q?IACW,27,90,7,9.9225025817,2.9225025817,1.4175003688,Solved
ZHO\M_gEA??lsG?ot??HRODYgH?I?[_?pAoA?@WWSOE??sD?ccchC?E?L?Gw,27,92,7,9.92249584,2.92249584,1.4174994057,Solved
ZHOLM?ge?C_lA?S`?YTGCCwDC?c?KWQQgcOB?G[K_KGqdO??[p?EA?cg?DDg,27,93,7,9.9224955194,2.9224955194,1.4174993599,Solved
ZHOXC_JHEC@JhHscT?AI@?MC?BGs_gHPGQCgoC?W_T?cCaaA?QBo??w_w?`G,27,93,7,9.9224899345,2.9224899345,1.4174985621,Solved
Z@O\K_geAC_ksGh??LF?HAod?TL?W?@aTB?@C?HhGd@@@gBA?w_@IDGgW?Go,27,93,7,9.922484272,2.922484272,1.4174977531,Solved
ZHoWK_JSD@sOPPATYO@?FoGCc__UO??E]AOSCH?WG`Sb@PCGo?R?DD_g`GAG,27,94,7,9.922473056,2.922473056,1.4174961509,Solved
Z@OHMageEGGQAos_?eHOXWC_Oi@IIG`WOB?[g?gQ?_Daco@`?FAAAOL?WCGW,27,94,7,9.9224577535,2.9224577535,1.4174939648,Solved
ZHO[I_ge?Dwc_?g?I@OFb@QO?CidCTQ?G?LBI?dHCgOGa?cCAoR_WGF@WW_?,27,93,7,9.9224535711,2.9224535711,1.4174933673,Solved
ZHO[M?GcAC_lsGgA?iWd@i@C?QGFAHD@BC?SIQD?_GF_@POPKOBId?HBGGg?,27,93,7,9.9224479896,2.9224479896,1.4174925699,Solved
Z@O\K_gaAC_lsGw?ADGU?XCKOTOCDDO?KCIP?[Ok_Gc?OsG?ABFOC?JDG?OW,27,91,7,9.9224424195,2.9224424195,1.4174917742,Solved
Z?O\MagaAC_la?GSGAodEK?bC?WASG`BCICHK?GkGQ?_SDPP?oDI@@Q?IACW,27,91,7,9.922391537,2.922391537,1.4174845053,Solved
ZHO[I_ge?EOchOs??@wFacGGcGWSE?AgK?j@PEA?AGKg?bSOkGAiA?PdOCD?,27,93,7,9.9223519636,2.9223519636,1.4174788519,Solved
ZHO\I_Ge?BwchOSA?UX?Ha?SB?MGOgUA_OaDPCAG?mGA?CRGB@PAaCHOK?BW,27,93,7,9.9223493557,2.9223493557,1.4174784794,Solved
Z@O\MageA@C_?@Oc_kJ?@CAcH@ICgO`CcCWDg?ggJc_@@GJ_@AHcBD?@OS?W,27,90,7,9.922328276,2.922328276,1.417475468,Solved
Z@?\K_geA?_ls?x?GU?_BIQhI?SHO`I_HJ?A?@xGFU???qK?CBb_A?SL?_?W,27,91,7,9.9223210904,2.9223210904,1.4174744415,Solved
ZGoXG_J@M_?Jh@scUA?OIgS@?ah@O?Qc?QCF?aKUI?@c@AhA@QcSGe??OC?w,27,91,7,9.9223106104,2.9223106104,1.4174729443,Solved
Z?O[MagWaDPACBi?_e@IG?_kOHo?R?o_TCA@GpGI`?cs??`@UQ@Ao_`M?`O?,27,90,7,9.9223073897,2.9223073897,1.4174724842,Solved
ZGO\MagaAC_la?GSGAodEK?bC?WASG`BCICHK?Gk?Q?_SDPP?oDI@@Q?IACW,27,91,7,9.9222936543,2.9222936543,1.417470522,Solved
Z@?\K_geA?_ls?x?GU?_BIQhI?SHO`I_HJ?A?@xGFU???qK?CBb_A?SK?a?W,27,91,7,9.9222821148,2.9222821148,1.4174688735,Solved
Z@?[MagWadPBG@@GbOTGOAoSOOJGHMOCGB?B?C[H?GQz?OA?QWA?KCH_kO`?,27,91,7,9.9222774808,2.9222774808,1.4174682115,Solved
ZHoGG_JSdHsOP@c_wg?QiCGkhQ??Q]E?C?saG?cWoP?gW?PH?QH?H@Qq_?Ag,27,94,7,9.9222767275,2.9222767275,1.4174681039,Solved
Z?O[MagWaDPACBi?_e@IG?_kOHo?R?o_TCa@GpGI`?cs??`@UQ@Ao_`M?`O?,27,91,7,9.9222672056,2.9222672056,1.4174667437,Solved
ZGOLGagEAC_Ls??owg?hQGDiH?XIS?c@HCp@gDCOOBCi__`k??IA@Oo_]O?g,27,93,7,9.9222389864,2.9222389864,1.4174627123,Solved
ZHOPE_JhMcT??_?FgcsoCBo@C`S_CXW?C@MD??]Oo_@_BF?`?_AO`?d_WGH_,27,92,7,9.9222358881,2.9222358881,1.4174622697,Solved
Z?O[MagOadPBGpp?iCPQO?C[WP@IG^_?OB_D@@KHs??_EOI_ABB??[bCa?CW,27,94,7,9.9222222238,2.9222222238,1.4174603177,Solved
Z?O[MagGadP@Gpp?bAHI@m??A@WIgGG_P?a`k??JCHA?BJA?G?bAA@SiAa?O,27,89,7,9.922209983,2.922209983,1.417458569,Solved
ZHoWC_BSdHsOPPh_?AYI@?@SIIGQ_Q`HKOaGG_Ck_@Oo?AcOa?bAPGC_e?@g,27,91,7,9.9221461961,2.9221461961,1.4174494566,Solved
Z@O\MageA@Cg?@Oc_kJ?@CAcH@ICgO`CcCWDg?ggJc_@@GJ_@AHcBD?@OS?W,27,91,7,9.9220966629,2.9220966629,1.4174423804,Solved
ZHO\M_ge?Focs?@SC@wDEODEW?g?OhOCSB_`OD?g?QIi?GSh??B?WaC`O_@g,27,92,7,9.9220774436,2.9220774436,1.4174396348,Solved
Z@?\K_geA?_ls?x?GU?_BIQhI?SHO`I_HJ?A?@xGFU???qK?CBa_I?SK?_?W,27,90,7,9.9220747215,2.9220747215,1.4174392459,Solved
ZHO[I_ge?Dwc`?g?I@OFb@QO?CidCTQ?G?LBI?dHCgOGa?cCAoR_WGF@WW_?,27,94,7,9.9220690384,2.9220690384,1.4174384341,Solved
ZHoWM_BSCGcO?Ts_ccS?hCGCc@C@gI?WWW_Sh?aI?PD?GAYAJO@?oBAdP@?_,27,90,7,9.922054826,2.922054826,1.4174364037,Solved
ZHO\M_gEA??lsG?oT??HRODYgH?I?[_?pAoA?@WWSOE??sd?ccchC?E?L?Gw,27,92,7,9.9219874065,2.9219874065,1.4174267724,Solved
ZHoWK_BOcHsOPO?SYOD@EIQ?WSO?ZCcCTC`DIK?_?DPi@g@AHw?@?EDcW?pG,27,94,7,9.9219644874,2.9219644874,1.4174234982,Solved
ZHO[I?ge?Dwc`Og?I@OFb@QO?CidCTQ?G?LBI?dHCgOGa?_CAoR_WGFBWG_?,27,93,7,9.9219583899,2.9219583899,1.4174226271,Solved
Z@?[MagWadPBG@@GbOTGOAoSOOJGHMOCGB?B?C[H?GQz?OA?QXA?KCH_kO`?,27,92,7,9.9219487478,2.9219487478,1.4174212497,Solved
ZGO\M?geAC_lsGAQ@?_f@HCso@a??X_IECGT?sgc`ACD??F?CGO@Y?__Oo_o,27,90,7,9.921912134,2.921912134,1.4174160191,Solved
ZHO\I_ge?BwchOSA?UX?Ha?SB?MGOgUA_?aDPCAG?mGA?CRGB@PAaCHOK?BW,27,93,7,9.9219060434,2.9219060434,1.4174151491,Solved
ZHOHKA_eAC_lt?Aoch?@be@CAU?`B@?O\D?PEGHIj?G@GQG_A?jGDOCgO@Og,27,93,7,9.9219023605,2.9219023605,1.4174146229,Solved
Z@OLIageAC_ls?x?A@GSLGD_B@GoOH?_cBa`p?Iah?ITH?@?WU_?D@L?_SGW,27,94,7,9.9218958885,2.9218958885,1.4174136984,Solved
ZHO[K_ge?FwcsG?D?@\G@E_TAO??KXS@C@_TPAOhQEGQCCaOOSP?d?IcgCOG,27,93,7,9.9218913602,2.9218913602,1.4174130515,Solved
ZHoWC_JSdHsOPPh_?AYI@?@SIIGQ_Q`HKOaGG_Ck_@Oo?AcOa?bAPGC_e?@g,27,92,7,9.9218804077,2.9218804077,1.4174114868,Solved
ZHO\I?ge?FOchOsA@?xI`?tQOGO@CWe@CGGXo?Ggf??d?G`@K?TO?`I_B_Og,27,93,7,9.9218725041,2.9218725041,1.4174103577,Solved
ZGO\M?geAC_lsGAQ@?_f@HCso@a??X_IECGT?sgc`ACD??FOCGO@Y?__Oo_o,27,91,7,9.9218527983,2.9218527983,1.4174075426,Solved
ZHO[MagCADc`oDC__kHC`aASOCQH?K?hC`AIA_@WBi?dIGO@A_DO?JAbO?KG,27,92,7,9.9218332437,2.9218332437,1.4174047491,Solved
Z@O\MageA@C_?@Oc_kJ?@CAcH@ICgO`CcCWDg?ggJc_@@GJo@AHcBD?@OS?W,27,91,7,9.9218218422,2.9218218422,1.4174031203,Solved
ZHOWG_JOdHsOP@c_wg?Qi?GkWKII?H?BEa?IAR?YC?OcCGP??hHCGCQpIOG?,27,90,7,9.9218139614,2.9218139614,1.4174019945,Solved
ZHoW?_JSdHsOOQCGDOW?iP?O@Sk??GsOsCaQPPG`?_PqCQ`ooOGHoC_@?wP?,27,92,7,9.9217924418,2.9217924418,1.4173989203,Solved
ZGOXA_JHKc@JH@Oc@H\H?c_aF???`w`IH?IB?OOHG?EoACDOI_A?`CDf??aO,27,88,7,9.9217893268,2.9217893268,1.4173984753,Solved
ZHOX?_J@Cc@JhHocTAAM?OM?D?gO?Ec_K?dEC?MGAECtAADhO?cC?T_GDC@W,27,91,7,9.9217640139,2.9217640139,1.4173948591,Solved
Z@?\K_geA?_ls?x?GU?_BIQhI?SHO`I_HJ?A?@xGFU???qK?CBa_I?SL?_?W,27,91,7,9.9217625797,2.9217625797,1.4173946542,Solved
ZHOX?_J@Cc@JhHocTAAM?OM?D?gOOEc_K?dEC?MGAECtAADhO?cC?T_GDC@W,27,92,7,9.9217579162,2.9217579162,1.417393988,Solved
ZHO[Ma_CADc`oDC__kHC`aAUOCQH?K?hC`AIA_@WBg?dIGO@AcDO?BAbO?KG,27,91,7,9.9217479864,2.9217479864,1.4173925695,Solved
ZHoWG_BCdHSOAPc??chCE_SKGpACTI?yB?_OHO@WQp@GOXBPPD?gK_?b?@WG,27,93,7,9.9217315059,2.9217315059,1.4173902151,Solved
ZGO\M?geAC_lsGAQ@?_f@HCso@a??X_IECGT?sgc`ACD??F?CGO@Y?`_Oo_o,27,91,7,9.9217283621,2.9217283621,1.417389766,Solved
ZHO[Ma_CADc`oDC__kHC`aAUOCQH?K?hC`AIA_@WBg?dIGO@AcDO?JAbO?KG,27,92,7,9.9217280973,2.9217280973,1.4173897282,Solved
ZHOWG_JSdHsOP@c_wg?Qi?GkWKII?H?BEa?IAR?YC?OcCGP??hHCGCQpIOG?,27,91,7,9.9216881393,2.9216881393,1.4173840199,Solved
ZGO\M?geAC_lsGAQ@?_f@HCso@a??X_IECGT?sgc`ACD??FOCGO@Y?`_Oo_o,27,92,7,9.9216592716,2.9216592716,1.4173798959,Solved
ZHO\M_gE?FG_SG?td@c`GH?O@sCGBKOCX?GR@[GH?sCR?`D?_CUoEA?_OV_?,27,93,7,9.9216550359,2.9216550359,1.4173792908,Solved
ZHO\M_geA?_lcG?QbOhGaO?mCGGD_HOCGYGO?QAu@@__]@G?@`Jh?OCg?_[G,27,93,7,9.9216531243,2.9216531243,1.4173790178,Solved
Z?O[MagWaDPACBi?_e@IG?_kOHo?R?o_TCADGpGI`?co??`@UQ@Ao_`M?`O?,27,90,7,9.9216500849,2.9216500849,1.4173785836,Solved
Z@O\MageA@Cg?@Oc_kJ?@CAcH@ICgO`CcCWDg?ggJc_@@GJo@AHcBD?@OS?W,27,92,7,9.9216436567,2.9216436567,1.4173776652,Solved
Z@OKGagGa`?BHPe@G?WIpw@CJ?iF??H@?cHEeC_sA_@A?cP?Gd@?_QQ{G?GO,27,88,7,9.9216427104,2.9216427104,1.4173775301,Solved
Z@O\M_geAC_dsGx??AoB@i?CdG_?UaD?GOHhPCCK_GG_[CPA_sA?DAPdG_Q?,27,92,7,9.9216357005,2.9216357005,1.4173765286,Solved
Z?O[MagWaDPACBi?_e@IG?_kOHo?R?o_TCaDGpGI`?co??`@UQ@Ao_`M?`O?,27,91,7,9.9216305098,2.9216305098,1.4173757871,Solved
ZHO\I_ge?FWc`OOgr@?AiGT??ao_QWGBPAODg?C_O[@d?QW@GAKOE@SAO?@w,27,92,7,9.9216242274,2.9216242274,1.4173748896,Solved
ZHOWK_BHMC@JhGsCTOAI@?@vO_GU_OHPO?YcG?@oCI@o?AXS`_@AOOKbDAA?,27,92,7,9.9216185936,2.9216185936,1.4173740848,Solved
Z?O[MagGadP@Gpp?bAHI@m??A`WIgGG_P?a`k??JCHA?BJA?G?bAA@SiAa?O,27,90,7,9.9216150944,2.9216150944,1.4173735849,Solved
Z@OWI_gW_d?B@PC@G@VGG?guWOGJBK?uBCc?IoGZCEGPO_OCGKRGQAHPAK?G,27,93,7,9.9215896067,2.9215896067,1.4173699438,Solved
ZHOXI_ga?FwchOcA@OWH`GTOWAM?OiCAgC_JCDGKE?gc@_Gs?GH?ko?`G?Og,27,92,7,9.9215769638,2.9215769638,1.4173681377,Solved
ZHOXI_ga?FwchOcA@OWH`GTOWAM?OiCAgC_JCDGKE?gc@_Hs?GH?ko?`G?Og,27,93,7,9.9215751988,2.9215751988,1.4173678855,Solved
Z@OSMagWadK_IQ?\OaQ_@ApEWS?HCh?OSK@@W_@G_BCoB@@?XCH@?sD@O?HW,27,92,7,9.9215340767,2.9215340767,1.417362011,Solved
ZHoWM_JCDHsO@LIS?OIC_?HGC@WoHeCCM_AOIc@A?OT_HUAsGH?@SAW??g@w,27,92,7,9.9215291334,2.9215291334,1.4173613048,Solved
ZHO[Ma_CADc`oDC__kHC`aAUOCQH?K?hC`AIA_@WBi?dIGO@A_DO?BAbO?KG,27,91,7,9.921505803,2.921505803,1.4173579719,Solved
ZHO\MAgC?D?hoDAoS?i?P@WcISG_@IH_E_CP@Goh?EA?QCAAOCbAAAhY??`_,27,88,7,9.9215023495,2.9215023495,1.4173574785,Solved
Z@OSMagWadK_IQ?\OaQ_@ApEWS?HCh?OUK@@W_@G_BCoB@@?XCH@?sD@O?HW,27,93,7,9.9214793696,2.9214793696,1.4173541957,Solved
ZH?LMagC?D_hoDAsS?aG`EAdSGe?g?@A[dO@?g`KoO__gOHQ_GHCHC?c?@Qg,27,91,7,9.9214762751,2.9214762751,1.4173537536,Solved
ZHO\I_ge?FWc`OOgr@?AiGT??ao_QWGBPAODg?C_O[@d?QW@GIKOE@SAO?@w,27,93,7,9.921455587,2.921455587,1.4173507981,Solved
Z@?[Ka_W_dPBG`p?`JJS?@XDOacO_I?STJ_?H@@O_Ad_HIQPW_AEC?Ps?DCG,27,94,7,9.9214206831,2.9214206831,1.4173458119,Solved
ZHO\I_ge?Fw_hOSA?AXAHa?TQ?g@CkJ@?GEC?XI?CADc@`HE??dPKCA?OGKW,27,91,7,9.9214132444,2.9214132444,1.4173447492,Solved
ZHOLM?geAC_lA?S`?YTGCCwDC?c?KWQQgcOB?G[C_KGqdO??[p?EA?cg?DDg,27,93,7,9.9213624256,2.9213624256,1.4173374894,Solved
ZHO[MagCADchoDC__kHC`aAU?TAH?_AaDO?kA__XA?[`Q?@@G_XEAD?s?CGg,27,92,7,9.9213601768,2.9213601768,1.4173371681,Solved
ZHoWC_BSdHsOPPh_?AYI@?@SIIGQ_O`HKOaGG_Ck_@Os?AcOa?bAPG?_e?@g,27,90,7,9.9213483915,2.9213483915,1.4173354845,Solved
Z@OKMaGWadK?IQ?\QA??BHWCQcUg?_CHUcH??C`WQ_BO@aBXGG@E_QC??OpW,27,91,7,9.9213466362,2.9213466362,1.4173352337,Solved
Z@OKMaGWadK_IQ?\QA??BHWCQcUg?_CHUcH??C`WQ_BO@aBXGG@E_QC??OpW,27,92,7,9.9213459106,2.9213459106,1.4173351301,Solved
ZHO\I_ge?Fw_hOSA?AXAHa?TQ?g@CkJ@?GEC?XI?CADc@`He??dPKCA?OGKW,27,92,7,9.9213335531,2.9213335531,1.4173333647,Solved
Z?O[MagWaDPACBi?_e@IG?_kOHo?R?o_TCADGpGI`?cs??`@UQ@Ao_`M?`O?,27,91,7,9.9213177226,2.9213177226,1.4173311032,Solved
Z?O[MagWaDPACBi?_e@IG?_kOHo?R?o_TCaDGpGI`?cs??`@UQ@Ao_`M?`O?,27,92,7,9.9213134438,2.9213134438,1.417330492,Solved
ZHOXA_JhMcT??TC?_ha@B`oE__?OSg_gD?AL__WgMAI@?Lgc_c?PH?D`B?DO,27,93,7,9.9213016364,2.9213016364,1.4173288052,Solved
ZGO\M?geAC_lsGAQ@?_f@HCso@a??X_IECGT?sgc`ACD??F?CGQ@Y?__Oo_o,27,91,7,9.9212990223,2.9212990223,1.4173284318,Solved
ZHoWC_JSdHsOPPh_?AYI@?@SIIGQ_O`HKOaGG_Ck_@Os?AcOa?bAPG?_e?@g,27,91,7,9.9212940715,2.9212940715,1.4173277245,Solved
ZHO\I__e?Fwc`OS??EWoG?oL?IP?WOHaWBC_hOKA?Cf?QGqcGABIAoGp?Gs?,27,93,7,9.9212637766,2.9212637766,1.4173233967,Solved
ZHO\MagC?DchoDE?_eE?QO@WOIGH_hO@gBOH?oWdO_OaCQDa@H??oO`g`?EO,27,93,7,9.9212583328,2.9212583328,1.417322619,Solved
ZGO\M?geAC_lsGAQ@?_f@HCso@a??X_IECGT?sgc`ACD??FOCGQ@Y?__Oo_o,27,92,7,9.9212507027,2.9212507027,1.417321529,Solved
ZHoOK_JSc@SOOP?KB@QIBB?o?[XE@I_YCaGWhK_?O?JchG@`?ogs_A??Cc?W,27,91,7,9.9212481768,2.9212481768,1.4173211681,Solved
ZHOWM_BhMcT??p@HW?WOUg_Ch@?Chi`?SCID?SQGs@?gC`Dh?CQ?C`@bCCAG,27,93,7,9.9212063502,2.9212063502,1.4173151929,Solved
ZHO\G_gc?FwchOSA?EWEIOoGh?__WIG_cGAY_?RQGOGAC?F_GQQA?ceCI_?w,27,91,7,9.9212035937,2.9212035937,1.4173147991,Solved
ZHoOK_JSc@SOOP?KB@QIBB?o?[XE@I_YCaGWhK_?O?JchG@`?ogs_A??Ec?W,27,92,7,9.9211750116,2.9211750116,1.4173107159,Solved
ZHoW?_JSdHsOOQCGDOW?ip?O@Sk??GsOsCaQPPG`?_PqCQ`ooOGHoC_@?wP?,27,93,7,9.9211640237,2.9211640237,1.4173091462,Solved
ZGoXE_J@Mc?BOchGsA?OD@oDOcgIGa@@SWE@GECKC?Ka?aH@OgD?AQIfA?OG,27,91,7,9.9211545009,2.9211545009,1.4173077858,Solved
ZGO\M?geAC_lsGAQ@?_f@HCso@a??X_IECGT?sgc`ACD??F?CGQ@Y?`_Oo_o,27,92,7,9.9211489894,2.9211489894,1.4173069985,Solved
ZHOXM_B@MC@JhHsCTA?pOp?C?hgo?GCHS`OA?Od?s?PgCC@@AOXgC?d?OiC_,27,91,7,9.9211377641,2.9211377641,1.4173053949,Solved
ZHoWC_JSd@s?PPc_`I_?R?LEaAOHBA_?[II@GOAgKGagGaSCGHCACOBwo@?O,27,92,7,9.9211148657,2.9211148657,1.4173021237,Solved
Z@O[GagGa`?BHPe@G?WIpw@CJ?iF??H@?cHEeC_sA_@A?cP?Gd@?_QQ{G?GO,27,89,7,9.9211147209,2.9211147209,1.417302103,Solved
ZGO\M?geAC_lsGAQ@?_f@HCso@a??X_IECGT?sgc`ACD??FOCGQ@Y?`_Oo_o,27,93,7,9.9210927577,2.9210927577,1.4172989654,Solved
ZHoX?_I@Mc?JC?hHsA?QT`o@O_mE_?@KSIECh?CWQBACBP@Sc?EPWg???aow,27,94,7,9.921092301,2.921092301,1.4172989001,Solved
ZGoXG_J@M_?Jh@scUA?OIgS@?ah@O?Qc?QCF?aKUI?@c@AhA@QcSGe??WC?w,27,92,7,9.9210872801,2.9210872801,1.4172981829,Solved
ZHoWK_JHIc?JG@cc@G[@G`AaQAA?@|GH??`L?s?a_C`gCWIIACK?EHBDO`?G,27,91,7,9.9210856179,2.9210856179,1.4172979454,Solved
ZHO\M_gEAC_LsGi??Y??NhACGCiH__EeIOGEoD??@?R__{@@IWCC_@``GACG,27,92,7,9.9210721281,2.9210721281,1.4172960183,Solved
Z@?\K_geA?_ls?x?GU?_BIQhI?SHO`I_HJ?A?@xGFU???qK?CBb_I?SK?_?W,27,91,7,9.9210588547,2.9210588547,1.4172941221,Solved
Z@O[M_gaA??lsGw??AwE@iACjAAD_O_QKYH?GDcG?@X?K?JHAG`o@CQ_fA@?,27,91,7,9.9209772789,2.9209772789,1.4172824684,Solved
ZGoXG_J@E_?Jh@scUA?OIgS@?ahHO?Qc?QCF?aKUI?@c@AhA@QcSGe??OC?w,27,91,7,9.92097179,2.92097179,1.4172816843,Solved
ZHO\M_gE?FOcC??td@oHCOcKO@HQ?k@CV?GSOB`?C`B_KO`OF?`a?CCc_GKG,27,91,7,9.9209690697,2.9209690697,1.4172812957,Solved
ZHO[Ma_CADc`oDC__kHC`aAUOCQH?K?hC`AIA_@WBi?dIGO@A_DO?JAbO?KG,27,92,7,9.9209406259,2.9209406259,1.4172772323,Solved
ZHO\I_geAC_lsGIA?GWd@HCGGGSOGOEEMD_CGDH??EdwcGA?oBBCAGggAaGG,27,93,7,9.9209400828,2.9209400828,1.4172771547,Solved
ZHOHA_gEAC_dt?E`?[TGR?o@?@`?kSIOKO_[ao?l?hOR@@_Pc?H?GoUoe@_?,27,93,7,9.9209398409,2.9209398409,1.4172771201,Solved
ZHO\M_gEAC_LsGi??Y??NhACGCiH__EeIOGEoD??@?R__{@@IWCC_@`dGACG,27,93,7,9.9209387733,2.9209387733,1.4172769676,Solved
Z@O\M_geA?_ksGx??AoUB@IChIAC_OdPAg?g@Y?G??Mq@a@?DaAO_?D_?G{G,27,90,7,9.9209365357,2.9209365357,1.417276648,Solved
ZGOXI_B?EC?J?Hsc?@\HHs_ahA?`o??HNCA@CE@GHAQsGO@A_CTMH?G?ID?G,27,88,7,9.9208911931,2.9208911931,1.4172701704,Solved
ZHOXG_JhMCT??t?HI?\O@?HCB@U_CWOoXD?G__?]I?O??_BI?oE?IHH_@IO_,27,87,7,9.9208809967,2.9208809967,1.4172687138,Solved
Z?O[MagG_DC_IQCKM??QxO`O?[?J_So?ECAkWAOWU@Go?B@OL_PX?P@O?{O?,27,90,7,9.9208732081,2.9208732081,1.4172676012,Solved
ZHoWK_JHIc?JG@cc@G[HG`AaQAA?@|GH??`L?s?a_C`gCWIIACK?EHBDO`?G,27,92,7,9.9208426226,2.9208426226,1.4172632318,Solved
Z@OKGagGa`?BHPe@G?WIpw@CJ?iF??H@?cHEeC_sA_@B?cP?Gd@?_QQ{G?GO,27,89,7,9.920838378,2.920838378,1.4172626254,Solved
Z@O[M_geA??lsGw??AwE@iACjAAD_O_QKYH?GDcG?@X?K?JHAG`o@CQ_fA@?,27,92,7,9.9208266412,2.9208266412,1.4172609487,Solved
ZHoXG_JHIc@J@Hoc?H\@@s_bD??QAP?HMOO@?AdgCGhACGGPOCHgA_a`AD@_,27,93,7,9.9208190979,2.9208190979,1.4172598711,Solved
ZHOWM_@HMC@JhGscTO?`P?@oh?Y?`PPOO?FP__@gGPHBA@B`?CO?o_@aC_PO,27,90,7,9.9208147768,2.9208147768,1.4172592538,Solved
ZHO[MagCADchoDC__KHC`aASjO?BA?_HJ??RgAG?sC@`?QY@?JH?LOAg_@WG,27,92,7,9.9208031773,2.9208031773,1.4172575968,Solved
ZHOWG_JOdHsOP@c_wg?Qi?GkWKII?H?BEa?IAR?YC?OcEGP??hHCGCQpIOG?,27,91,7,9.9207941608,2.9207941608,1.4172563087,Solved
ZHO\I_ge?FwchO?gr?GAisA?BC?@Cy?PCh@HP?O?oCI_OF@?D?l@K@PC@Ea?,27,92,7,9.9207800212,2.9207800212,1.4172542887,Solved
ZGOWM?J@Mc@JhHoCUA@IAA_NO_GaETO_DQA@G`@_O@`cJ?@@?QL?IKO_Og_g,27,93,7,9.9207663743,2.9207663743,1.4172523392,Solved
ZHODMageAC_L`?GSQ@?J_A?{K@_?KgBSHA?bOGO_wQ@@OcIg?CBC_BC_a_CO,27,88,7,9.920760401,2.920760401,1.4172514859,Solved
ZHoWC_BSdHsOPPh_?AYI@?@SIIGQ_Q`HKOaGG_Ck_@Os?AcOa?bAPG?_e?@g,27,91,7,9.9207245066,2.9207245066,1.4172463581,Solved
ZHoWC_JSdHsOPPh_?AYI@?@SIIGQ_Q`HKOaGG_Ck_@Os?AcOa?bAPG?_e?@g,27,92,7,9.9207203546,2.9207203546,1.4172457649,Solved
ZHOHAageA?_lt?E`?YTGB?_?OgmG?H?eCQgAO?E[M?G`H@G??WbI@aG_m@?O,27,90,7,9.9206979382,2.9206979382,1.4172425626,Solved
ZGoXG_J@M_?Jh@scUA?OIgS@?ahHO?Qc?QCF?aKUI?@c@AhA@QcSGe??OC?w,27,92,7,9.9206789338,2.9206789338,1.4172398477,Solved
ZHO\I__e?FwcaWcA?Y?PBhA??FiD?HI_c?F`C?Eg_?T?QA`aO?DGBGAg_OAg,27,91,7,9.9206716673,2.9206716673,1.4172388096,Solved
ZHOPE_JhMcT??_?FgcsoCBo@C`S_CXW?C@MD??]Oo_@_BF?`G_AO`?d_WGH_,27,93,7,9.9206586818,2.9206586818,1.4172369545,Solved
ZHOLM?geAC_lA?S`?YTGCCwDC?c?KWQQgcOB?G[K_KGqdO??[p?EA?cg?DDg,27,94,7,9.9206523827,2.9206523827,1.4172360547,Solved
Z@?\K_geA?_ls?x?GU?_BIQhI?SHO`I_HJ?A?@xGFU???qK?CBb_I?SL?_?W,27,92,7,9.9206166929,2.9206166929,1.4172309561,Solved
Z@O[GagGa`?BHPe@G?WIpw@CJ?iF??H@?cHEeC_sA_@B?cP?Gd@?_QQ{G?GO,27,90,7,9.9205973688,2.9205973688,1.4172281955,Solved
ZHOXK_J?GC@Jh@scTAAI_CAm__QIo?S?[?C`sE?H@ATADQCO`H@AO_E_`GcG,27,93,7,9.9205868572,2.9205868572,1.4172266939,Solved
ZHO[M_gEADc`e@?c_]CHAHOQ?Ci?ci_@a_H@@W?hS?g`W_SSGP@?AiAoA_IG,27,93,7,9.9205676935,2.9205676935,1.4172239562,Solved
ZHOWM_@HMC@JhGscTO?`P?@oh?Y?`PPOO?FP__@gGPHBA@Bp?CO?o_@aC_PO,27,91,7,9.9205624709,2.9205624709,1.4172232101,Solved
ZHO\I__e?F_caWCA?QxQIpGL?D?s?X?[CDoCo?OXA@?_aQ`Sg?@_@Oip??hO,27,93,7,9.9205582806,2.9205582806,1.4172226115,Solved
ZHOXK_J?Mc@JhHsCTAAI_CGMAOG?V@?O`D?E?@QYc@?dG?o`G?RAC_Y?Oh?W,27,91,7,9.920557098,2.920557098,1.4172224426,Solved
ZHO\I_ge?Fwc`OS??EWoG?oL?IP?WOHaWBC_hOKA?Cf?QGqcGABIAoGp?Gs?,27,94,7,9.9205312395,2.9205312395,1.4172187485,Solved
ZHOWM_@HMC@JhGscTO?`P?@oh?Y?`PPOO?FP__@gGPHBA@B`?CO?o_`aC_PO,27,91,7,9.9205303157,2.9205303157,1.4172186165,Solved
ZGOXA_JhMcT??tE?__a@B`oE_@aHCG_gSHGT_oWT_?D?cg@GAcDSc@@@?D@W,27,93,7,9.9205242334,2.9205242334,1.4172177476,Solved
ZHO\M_gE?FOcC??td@oHCOcKO@HQ?k@CV?GSOB`?C`B_KO`OF?`e?CCc_GKG,27,92,7,9.9204985738,2.9204985738,1.417214082,Solved
ZHOSEagEAD_`ODC__kHC`Ap?DaCoG`?P^CPGb?_S?@OGQ_`?W?L?ATA?oOPO,27,88,7,9.9204930634,2.9204930634,1.4172132948,Solved
Z@OWMagWadPBGpP?_EHGHE?IcGGOck_ADACdg_OE?Co?m@IAQGU?wU?A??VG,27,94,7,9.9204776548,2.9204776548,1.4172110935,Solved
Z@O[MAgWad?BHPe@BAOJ@w@C_HOCCWqG@OcA?oIICEaOa?b@COCAQ?`o?CkO,27,91,7,9.9204519494,2.9204519494,1.4172074213,Solved
Z@O[MAgWad?BHPe@BAOJ@w@C_HOCCWqGDOcA?oIICEaOa?b@COCAQ?`o?CkO,27,92,7,9.920440494,2.920440494,1.4172057849,Solved
ZHOWG_JSdHsOP@c_wg?Qi?GkWKII?H?BEa?IAR?YC?OcEGP??hHCGCQpIOG?,27,92,7,9.9204373713,2.9204373713,1.4172053388,Solved
ZGOXA_JHKc@JH@OC@G\H?s_aF???`w`IH?IB?OOHG?EoACDOI_A?`CDf??aO,27,87,7,9.9204264126,2.9204264126,1.4172037732,Solved
Z@OKMagWad?BHPe@R?QCBH?C?XK_GOh_`_Cc?_OwB`OgSOoAPAPhA?A`GAoG,27,92,7,9.9204119433,2.9204119433,1.4172017062,Solved
Z@OTM?geAC_ls?w?DGOCJ?IW?UK`O`A?Gc?E@IWU_?rGa@WA@oHCo@C_MQC?,27,91,7,9.9203892239,2.9203892239,1.4171984606,Solved
ZGO\MagC?@choDAsGPDO`OASdAGdGO`FAoG?AC@wHF@O?`BE?H@?qCPGa?SW,27,94,7,9.9203844079,2.9203844079,1.4171977726,Solved
ZH?\I__e?FwchOIAAOiH`c?SBCG?eGOTJC?B?k?Kp?CCGAJO?oEAWGG_@`Og,27,91,7,9.9203822135,2.9203822135,1.4171974591,Solved
ZHO\I__e?FwchOIAAOiH`c?SBCG?eGOTJC?B?k?Kp?CCGAJO?oEAWGG_@`Og,27,92,7,9.9203804543,2.9203804543,1.4171972078,Solved
ZH?\I__e?FwchOIAAOiH`c?SBCG?eGOTJC?B?k?Kp?CCGAJO?pEAWGG_@`Og,27,92,7,9.9203782612,2.9203782612,1.4171968945,Solved
ZHO\I__e?FwchOIAAOiH`c?SBCG?eGOTJC?B?k?Kp?CCGAJO?pEAWGG_@`Og,27,93,7,9.9203760815,2.9203760815,1.4171965831,Solved
Z?O[Ma_WadP@H@IoQA\o?OGKGoA?Eg_gS@IP?wGbGGHt??IC_b@@LOG_h@__,27,94,7,9.9203574549,2.9203574549,1.4171939221,Solved
Z@O\K_gaAC_lsGw?ADGU?XCKOTOCDDO?KCIP?[Ok_Gc?OsG?ABFOK?JDG?OW,27,92,7,9.9203560986,2.9203560986,1.4171937284,Solved
Z?O[MagG_DC_IQCKM??QxO`O?[?J_So?ECAkWAOWU@Gq?B@OL_PX?P@O?{O?,27,91,7,9.9203285745,2.9203285745,1.4171897964,Solved
ZH?\I__e?FwchOIAAOiH`c?SBCG?eGOTJC?B?kAKp?CCGAJO?oEAWGG_@`Og,27,92,7,9.9203248656,2.9203248656,1.4171892665,Solved
ZHO\I__e?FwchOIAAOiH`c?SBCG?eGOTJC?B?kAKp?CCGAJO?oEAWGG_@`Og,27,93,7,9.9203246397,2.9203246397,1.4171892342,Solved
ZHOWM_@HMC@JhGscTO?`P?@oh?Y?`PPOO?FP__@gGPHBA@Bp?CO?o_`aC_PO,27,92,7,9.9203169194,2.9203169194,1.4171881313,Solved
ZH?\I__e?FwchOIAAOiH`c?SBCG?eGOTJC?B?kAKp?CCGAJO?pEAWGG_@`Og,27,93,7,9.9203154542,2.9203154542,1.417187922,Solved
ZHO\I__e?FwchOIAAOiH`c?SBCG?eGOTJC?B?kAKp?CCGAJO?pEAWGG_@`Og,27,94,7,9.9203153114,2.9203153114,1.4171879016,Solved
Z@OKMagWad?BHPe@R?QCBH?C?XK_GOh_`cCc?_OwB`OgSOoAPAPhA?A`GAoG,27,93,7,9.92029472,2.92029472,1.41718496,Solved
Z@?XK_JhMcT?SDXOYCAIGAEOA?wOUKCCrG?CGGChA?F?`_bCGOWQS?@_OTAG,27,92,7,9.9202930753,2.9202930753,1.417184725,Solved
ZHOXM_B@MC@JhHsCT??pOp?C?hgoCGCHS`OA?Od?s?PgCC@@AOXgC?d?OiC_,27,91,7,9.9202912325,2.9202912325,1.4171844618,Solved
ZHOXC_I@Cc@JhHscTAAM?OMAECG`?hQAO?I`PW?H?oC_Cm@AoaA_C?si??cg,27,92,7,9.9202580812,2.9202580812,1.4171797259,Solved
Z@O[Ma_Wad?@HPe?Y?_CFAQCDp_pGc?_UCSGIP?Q@EACO@pX@OOAKg?_@AEg,27,92,7,9.920255823,2.920255823,1.4171794033,Solved
ZHO\M_g??DoC?teAsa?FBS?JCO@?GwQPDCG?C@DGD_Qc_g@?GbPaC?g`H@A_,27,90,7,9.9202530858,2.9202530858,1.4171790123,Solved
ZHO\M_g??DwC?teAsa?FBS?JCO@?GwQPDCG?C@DGD_Qc_g@?GbPaC?g`H@A_,27,91,7,9.9202521233,2.9202521233,1.4171788748,Solved
ZHO\M_gE?FG_SG?td@c`GH?S@sCGBKOCX?GR@[GH?sCP?_D?_CUoEA?_OT__,27,92,7,9.9202395665,2.9202395665,1.4171770809,Solved
ZHO\I__e?FwcaWSABS@I??du?@o?PcQACAoDP?_h?WIb?_S?OB@_?[BCaOOW,27,92,7,9.9202367858,2.9202367858,1.4171766837,Solved
Z@OLMagEA@c`a@Occ`K_@OgcD@N?_GcSC?dP?SIK_@G@O_R?[c@IAD?G_?@W,27,89,7,9.9202232397,2.9202232397,1.4171747485,Solved
Z@?XK_JhMcT?SDXOYCAIGAEOA?wOUKCCrG?CGGChA?F?`_bCHOWQS?@_OTAG,27,93,7,9.9202217082,2.9202217082,1.4171745297,Solved
ZHOWK_JOdHsOPO?_w?@IbARYW@@CD?`D@Cd?iC?W?Wm?Csa?CBwOo?Br?GOG,27,93,7,9.9202165745,2.9202165745,1.4171737964,Solved
ZGOWE_J?dGsOATo_ccI?HCIV?O`?CWEOcWSaCG`TC?_vA?G@KS_P@AD?H?dW,27,92,7,9.9202090223,2.9202090223,1.4171727175,Solved
Z@oXC_J?Kc@ASch@sa@QoO`LCgAcG?QBCCgHwC?GALGs?OsPs?@?GSaa?@iG,27,93,7,9.9202020756,2.9202020756,1.4171717251,Solved
Z@O[MagW_d@B?p_C?`WsAo?KDWPU@?HGTOb?_@@J?QAcgh?ECaAw?`O?CEAw,27,93,7,9.9202006424,2.9202006424,1.4171715203,Solved
Z@O[MAgWad?BHPe@BAOJ@w@C_HOCCWqG@OcA?oIICEaOa?b@COCIQ?`o?CkO,27,92,7,9.9201630451,2.9201630451,1.4171661493,Solved
Z@O[MAgWad?BHPe@BAOJ@w@C_HOCCWqGDOcA?oIICEaOa?b@COCIQ?`o?CkO,27,93,7,9.9201557101,2.9201557101,1.4171651014,Solved
Z@O\M_geA?_lsGx?GQ@OS?O[AEK`OO?Jd_OD@Y?LO@?aCM??c_S?O@b_?`Do,27,91,7,9.9201165374,2.9201165374,1.4171595053,Solved
ZHO\I_ga?FwchO?Gr@HAiSCOBCGoCICaEC_D?AEi_Q@PG?B?@iPHCH@?SAPW,27,94,7,9.9201162282,2.9201162282,1.4171594612,Solved
ZGoXG_J@E_?Jh@scUA?OIgS@?ahHO?Qc?QCF?aKUI?@c@AhA@QcSGe??WC?w,27,92,7,9.9201038178,2.9201038178,1.4171576883,Solved
ZHOXK_J?Mc?JhHsCTAAI_CGMAOG?V@?O`D?E?@QYc@?dG?q`G?RAC_Y?Oh?W,27,91,7,9.9200894749,2.9200894749,1.4171556393,Solved
Z@OXI__?AC_lsGx?T?_Ed_o??pkRODOg@Q?F@Ci_`Oq@WGBA@UGGA`@we??G,27,93,7,9.9200547997,2.9200547997,1.4171506857,Solved
ZHoWM_BSCGcO?Ts_ccS?hCGCc@C@gI?XWW_Sh?aI?PD?GAYAJO@?oBAdP@?_,27,91,7,9.920050266,2.920050266,1.417150038,Solved
ZHOOC_JGAC@JhHscTOC`??CmCwAA?PCGnEO?CIGgscCGgE@?@RDAQQOC`AOO,27,92,7,9.9200419171,2.9200419171,1.4171488453,Solved
ZHOWM_ge?FOcS?hA?Y{SCGTCGIIdAGI?d?[@g_@O@EP`?_Hg__H@GL?gB??g,27,92,7,9.920015652,2.920015652,1.4171450931,Solved
ZHO\I?ge?FWchOsA@?xI`?tQO?O@CWe@CGGXo?Ggf??d?G`@K?TO?`I_B_O_,27,92,7,9.9200003281,2.9200003281,1.417142904,Solved
ZHoWC_BSdHsOPPh_?AYI@?@SIIGQ_O`HKOaGG_Ck_@Os?AcOa?bAPGC_e?@g,27,91,7,9.9199697131,2.9199697131,1.4171385304,Solved
ZHOXM_B@MC@JhHsCTA?pOp?C?hgoCGCHS`OA?Od?s?PgCC@@AOXgC?d?OiC_,27,92,7,9.9199633678,2.9199633678,1.417137624,Solved
ZHO\M_GE?F__Sg?t??uHBgH?h?_GcW_OygKA@GOGE`At?GGCH?bOAICwA_a?,27,92,7,9.9199544773,2.9199544773,1.4171363539,Solved
ZHO\M_GE?F__Sg?t??uHBgH?h?_GcW_OygKA@GOGE`At?KGCH?bOAICwA_a?,27,93,7,9.9199374077,2.9199374077,1.4171339154,Solved
ZHoWC_JSdHsOPPh_?AYI@?@SIIGQ_O`HKOaGG_Ck_@Os?AcOa?bAPGC_e?@g,27,92,7,9.9199354134,2.9199354134,1.4171336305,Solved
ZHOXG_JhKCT??t?HI?\O@?HCB@U_CWOoXD?G__?]I?O?A_BI?oE?IHH_@IO_,27,87,7,9.9199208359,2.9199208359,1.417131548,Solved
ZHO\MagC?DchoDE?_EE?QO?WOIGH_hO@gBOH?oWdO_O_cQDa@H??oOpi@?EO,27,92,7,9.9199037459,2.9199037459,1.4171291066,Solved
ZHOPE_JgMcT??_?FgcsoCBo@C`S_CXW?C@MD??]Oo_@_BF?hG_AO`?d_WGH_,27,93,7,9.9198978135,2.9198978135,1.4171282591,Solved
ZHoWE_JCd@sOACC?ccG?h?qf?_?GIWICJA?aAaSO`?`G`g?h_OAC?J@?I?OW,27,85,7,9.9198943676,2.9198943676,1.4171277668,Solved
ZHOWK_JHEc@JhGocTOAI@?@qO_Y`@PQ?OAQF?MCQE?Os__PAASH?CHQa?wAG,27,94,7,9.9198863702,2.9198863702,1.4171266243,Solved
ZGOXA_JhMcT??tE?_`a@B`oE_@aHCG_gSHGT_oWT_?D?cg@GAcDSc@@@?D@W,27,94,7,9.9198825422,2.9198825422,1.4171260775,Solved
ZHoWK_@CdHsO@O_?d??HjOgOWKHEAMG?C?QhOROMCCgA?CRICaPOL_@ASKG?,27,91,7,9.9198683284,2.9198683284,1.4171240469,Solved
ZHO\I?ge?FWchOsA@?xI`?tQOGO@CWe@CGGXo?Ggf??d?G`@K?TO?`I_B_O_,27,93,7,9.9198216876,2.9198216876,1.4171173839,Solved
ZHoWE_JCd@sOACC?ccG?h?af?o?GIWICJA?aAaSO`?`G`g?h_OAC?J@?I?OW,27,85,7,9.9198045356,2.9198045356,1.4171149337,Solved
Z@OLMagEA@c`a@Occ`K_@OgcD@N?_GcSC?dP?SIK_@H@O_R?[c@IAD?G_?@W,27,90,7,9.9197436277,2.9197436277,1.4171062325,Solved
Z?OWMagWadPBGPo?aAGF@hACoDO?_OHDKYAAP@GG@_Wb?Q@w??XAQGAcO?Q_,27,89,7,9.9197389881,2.9197389881,1.4171055697,Solved
Z@OTM?geAC_ls?w?DGOCJ?IW?UK`O`Q?Gc?E@IWU_?rGa@WA@oHCo@C_MQC?,27,92,7,9.919736963,2.919736963,1.4171052804,Solved
Z?OXK_JhM_T?CdXOOCXQPc_D?OgHWGUOG?PJ[?GGIG?`@W`S`CGg??`gCP@G,27,92,7,9.9197297925,2.9197297925,1.4171042561,Solved
ZGoXG_J@M_?Jh@scUA?OIgS@?ahHO?Qc?QCF?aKUI?@c@AhA@QcSGe??WC?w,27,93,7,9.9196970677,2.9196970677,1.4170995811,Solved
Z@OKMagWad?BHPe@R?QCBH?C?XK_GOh_`_Cc?_owB`OgSOoAPAPhA?A`GAoG,27,93,7,9.9196950765,2.9196950765,1.4170992966,Solved
ZHO\I__e?FwcaWcA?Y?PBhA??FiD?HI_c?F`C?Eg_?T?QA`aW?DGBGAg_OAg,27,92,7,9.9196767475,2.9196767475,1.4170966782,Solved
Z@O[MAgWad?BHPe@BAOJ@w@C_HOCCWqG@OcA?oIICEaOa?b@KOCAQ?`o?CkO,27,92,7,9.9196752816,2.9196752816,1.4170964688,Solved
Z@O[MA?WaDS_GQ?LR??CFXGCDW_SAW`CCh_O?DI[_Q?`?AhGoW@@C_Ia@_Og,27,89,7,9.919619073,2.919619073,1.417088439,Solved
ZHOXC_JHEc@J?H_c@G\GHocagA?`A_@pB??aAOA_cC@gCI`C@AXH?oCgw?g?,27,89,7,9.9196187196,2.9196187196,1.4170883885,Solved
Z@O[MAgWad?BHPe@BAOJ@w@C_HOCCWqGDOcA?oIICEaOa?b@KOCAQ?`o?CkO,27,93,7,9.9196071377,2.9196071377,1.417086734,Solved
Z@O\MagCACc`e@?KchK_@OccCgN?_GBGT?DSIS@CoOBG_IB?_g[?\?@`OIOG,27,94,7,9.9195728852,2.9195728852,1.4170818407,Solved
Z@O\MagEA@c`a@Occ`K_@OgcD@N?_GcSC?dP?SIK_@G@O_R?[c@IAD?G_?@W,27,90,7,9.9195506247,2.9195506247,1.4170786607,Solved
ZHOWK?HhMcT??t@JA?TS@g_POaGIPO?gkX?H?hGI?EcwcCCGQ@DEc?AgGKGG,27,94,7,9.9195461604,2.9195461604,1.4170780229,Solved
ZHO\G__e?FwcaWSAPG?DbC@cd?G?nK@AHCGhHAg?s?EWC?bGPCIA?Q@gI?IG,27,93,7,9.91952329,2.91952329,1.4170747557,Solved
ZHO[MagCADchoDC__KHC`aASjO?BA?_HJ??RhAG?sC@`?QY@?JH?LOAg_@WG,27,93,7,9.9194296422,2.9194296422,1.4170613775,Solved
Z@O\M_?e?FG_Cg?tD@sHBgH?GBGoOpJ_A?CFOED@R?@{@?_@CIB?@_tICGCW,27,93,7,9.9194082765,2.9194082765,1.4170583252,Solved
ZHO\MagC?DchoDE?_eE?QO@WOIGH_hO@gBOH?oWcO_O_cQDa@H??oO`i@?EO,27,92,7,9.9194059909,2.9194059909,1.4170579987,Solved
Z@O\M_geA?_lsGx?GQ@OS?O[IEK`OO?Jd_OD@Y?LO@?aCM??c_S?O@b_?`Do,27,92,7,9.9193753032,2.9193753032,1.4170536147,Solved
ZHOHAageA?_lt?E`?YTGB?_?OgmG?H?eCQgAO@E[M?G`H@G??WbI@aG_m@?O,27,91,7,9.919372629,2.919372629,1.4170532327,Solved
ZHOXC_JHEc@J?H_c@G\GHocagA?`A_@pB??aAOA_cCBgCI`C@AXH?oCgw?g?,27,90,7,9.9193517462,2.9193517462,1.4170502495,Solved
ZHOSEagCADc`ODC__kHC`Ap?DaCoG`?P^CPGb?_S?@OGQ_`?W?L?ATA?oOPO,27,88,7,9.9193504851,2.9193504851,1.4170500693,Solved
Z@O[MAgWad?BHPe@BAOJ@w@C_HOCCWqG@OcA?oIICEaOa?b@KOCIQ?`o?CkO,27,93,7,9.9193265641,2.9193265641,1.417046652,Solved
ZHOPE_JhMcT??_?FgcsoCBo@C`S_CXW?C@MD??]Oo_@_BF?h?_AO`?d_WGH_,27,93,7,9.9192913768,2.9192913768,1.4170416253,Solved
Z@O[MAgWad?BHPe@BAOJ@w@C_HOCCWqGDOcA?oIICEaOa?b@KOCIQ?`o?CkO,27,94,7,9.9192684927,2.9192684927,1.4170383561,Solved
ZHOTG__e?DocaWsA@OGGe_GK@?p?LA_O\Bo?hA@?OATGi@OIPC?C_@B??SEW,27,87,7,9.9192657127,2.9192657127,1.417037959,Solved
Z@OHAAgeAC_lt?E`?YTGR`o?Ogj?gKK?CGAICGCXAe?aw?COGY@a?@BC@?KW,27,91,7,9.9192306716,2.9192306716,1.4170329531,Solved
Z@OOMagW_dW_AoeC?KG?\bCEi?OAOGcHTCbA@Cgf?OAcOhOSGCD?FHG@g?@W,27,93,7,9.919220051,2.919220051,1.4170314359,Solved
ZGOKIageAC_lt?AOcAg`P`OCyC@GQE?GC?qM@OGWOSOw?IaCgGbGsCQEOHG?,27,94,7,9.9192116199,2.9192116199,1.4170302314,Solved
Z@?\K?_c?@wcsGGS@@OV?PQBCHO`?X?hcAFAi?AIF`?lH?CQaO_@?_Ta?f?G,27,91,7,9.9191930545,2.9191930545,1.4170275792,Solved
ZHOLGageAC?lt?Aogg?`RGCidGCo?AD???@Ng@GG??s??GjAOcS?IG`ga?DG,27,87,7,9.9191833717,2.9191833717,1.417026196,Solved
ZGOLA__e?FwcaWoABO`IbD?Q@_gCkOhAD??TiAAHgS@?W`CGCgP??Peis??G,27,93,7,9.9191819212,2.9191819212,1.4170259887,Solved
Z?OWMagWadPBGPp?aAGF@hACoDO?_OHDKYAAO@GG@_Wb?Q@w??XAQGAcO?Q_,27,89,7,9.9191781436,2.9191781436,1.4170254491,Solved
Z@O\M_?e?FG_Sg?tD@sHBgH?GBGoOpJ_A?CFOED@R?@{@?_@CIB?@_tICGCW,27,94,7,9.9191734111,2.9191734111,1.417024773,Solved
ZHOWM_ge?FOcS?hA?Y{SCGTCGIIdAGI?d?[@g_@O@EPb?_Hg__H@GL?gB??g,27,93,7,9.919160671,2.919160671,1.417022953,Solved
Z@O\M_geA?_ksGx??AoUB@IChIAC_OdPAg?g@Y?G??Mq@a@?DaAO_GD_?G{G,27,91,7,9.9191448085,2.9191448085,1.4170206869,Solved
Z@OLMagE?Cche@O?cHGo@OgcDHN??ihO??TP@CI_`Q?_WOT?hSCPCG@o??dG,27,91,7,9.9191370528,2.9191370528,1.417019579,Solved
Z@OLMagE?Cche@O?cHGo@OgcDHN??ihO??TP@CI_`Q?_WOT?hSCPCG@p??dG,27,92,7,9.9191357623,2.9191357623,1.4170193946,Solved
ZHO\I__e?FwcaWcA?Y?PBhA??FgD?HI_c?F`C?Ego?T?QA`aO?DGBGAg_OAg,27,91,7,9.91908682,2.91908682,1.4170124029,Solved
Z@O[Ea_Wad?@GOe@Y?`U@@KSAb_QoM?COcCBA_iKGs_GCGBHP@P@`_`BE_G?,27,93,7,9.9190829603,2.9190829603,1.4170118515,Solved
Z@O[MaGWAd[_IQ?\QA??FHWCI@kGcG?GCa_`S?CgS_QpBAGSgCO?@`Dc`K@G,27,93,7,9.9190453472,2.9190453472,1.4170064782,Solved
ZHO\MagC?@choDAsAP?@FaDHOGPGS?E_c?`MpCCIHB?@GSC?_Bbg?@RB?_IO,27,93,7,9.9189787423,2.9189787423,1.4169969632,Solved
Z?O[MaGWadP@H@IoQA\o?PGK@SCGQG`gDA?PHQGG?gO_CY`G_BOAO_aeC?d?,27,91,7,9.9189767886,2.9189767886,1.4169966841,Solved
Z@O\MagEA@c`a@Occ`K_@OgcD@N?_GcSC?dP?SIK_@H@O_R?[c@IAD?G_?@W,27,91,7,9.9189726225,2.9189726225,1.4169960889,Solved
ZHO\I?ge?D__hOsGCIgODOdCGF?J?Q?OkR_Ca??W?]?a[_GPCCIGABDqHa??,27,91,7,9.9189602167,2.9189602167,1.4169943167,Solved
ZHO\I?ge?D__hOsGCIgODOdCGF?J?Q?OkR_Ca??W?]Ca[_GPCCIGABDqHa??,27,92,7,9.9189600762,2.9189600762,1.4169942966,Solved
ZHO\MagC?@choD?sG@COHCacC`goF?DD@C`OIS@S?ODgAAgE@OQ?sGGs`?Og,27,93,7,9.918934789,2.918934789,1.4169906841,Solved
ZHO\I__e?FwcaWSABS@I??du?@o?PcQACAoDP?_h?WIb?_S?WB@_?[BCaOOW,27,93,7,9.9189333576,2.9189333576,1.4169904797,Solved
ZHO\MagC?@choD?sG@COHCacC`goF?DD@C`OIS@S?ODgAAhE@OQ?sGGs`?Og,27,94,7,9.9189315759,2.9189315759,1.4169902251,Solved
Z?O[MaGWadP@H@IoQA\o?PGK@SCGQG`gDA?PHQGG?gOgCY`G_BOAO_aeC?d?,27,92,7,9.918914875,2.918914875,1.4169878393,Solved
Z?OWMagWadPBGPo?aAGF@HACoDO?aOHCKYAAP@GG@_Wb?Q@w??XAQGAcO?Q_,27,88,7,9.9189139687,2.9189139687,1.4169877098,Solved
ZHoWC_ISdHsOPPh_GH?Oh_?c?`a_GHM?SGSDC_IGO`CACGDp?CD?QScCO?`W,27,89,7,9.9189107717,2.9189107717,1.4169872531,Solved
Z@OKMagWad?BHPe@R?QCBH?C?XK_GOh_`cCc?_owB`OgSOoAPAPhA?A`GAoG,27,94,7,9.9189094337,2.9189094337,1.416987062,Solved
ZHoWE_JCd?sOACC?ccI?h?af?o?GIWICJA?aAaSO`?`G`g?h_OAC?J@?I?OW,27,85,7,9.9188696982,2.9188696982,1.4169813855,Solved
ZHOTG__e?DocaWsA@OGGe_GK@?p?LA_O\BO?hA@?OATGi@OIPCOC_@B??SEW,27,87,7,9.9188614957,2.9188614957,1.4169802137,Solved
ZHO\K_gE?Dwc?te?oA?B?pACDH_`DP?_k?DOS_DAGR_P@?MIO?mO{?GC?T?_,27,91,7,9.9188582849,2.9188582849,1.416979755,Solved
ZGOH?_ga?FwchOHOASWsKl?@SG?U?YN_A?@TOAI?@AgrO?@OA_H?TIAeA_Q?,27,90,7,9.9188525853,2.9188525853,1.4169789408,Solved
ZHoWC_BSdHsOPPh_?AYI@?@SIIGQ_Q`HKOaGG_Ck_@Os?AcOa?bAPGC_e?@g,27,92,7,9.9188505666,2.9188505666,1.4169786524,Solved
Z@?\K_geA?_ls?x?GU?_BIQhI?SHO`I_HJ?A?@xGFU???qK?CBacA?SK?_?W,27,90,7,9.9188492053,2.9188492053,1.4169784579,Solved
Z@?[I_GWaD[_IQ?\RA?CDpGCj?GGRG@Gi?Q@EASNOA_OI?Y@QGI?@a@gS?SG,27,91,7,9.9188121128,2.9188121128,1.416973159,Solved
Z@?[I_GWaD[_IQ?\RA?CDpGCj?GGRG`Gi?Q@EASNOA_OI?Y@QGI?@a@gS?SG,27,92,7,9.9188118856,2.9188118856,1.4169731265,Solved
ZHODMageAC_L`?GSQ@?J_A?{K@`?Kg@SGA?bOGO_wQ@@OcIg?CBC_BC_a_CO,27,87,7,9.9187966244,2.9187966244,1.4169709463,Solved
ZHoWC_JSdHsOPPh_?AYI@?@SIIGQ_Q`HKOaGG_Ck_@Os?AcOa?bAPGC_e?@g,27,93,7,9.9187841508,2.9187841508,1.4169691644,Solved
Z@?TM_gcAC_lsGiA?K?sH??wJ?K?PIHagLAAr?G?CgP_A{_SG?bGAEKla@??,27,93,7,9.9187669089,2.9187669089,1.4169667013,Solved
Z?OWMagWadPBGPp?aAGF@HACoDO?_OHDKYAAP@GG@_Wb?Q@w??XAQGAcO?Q_,27,89,7,9.9187637142,2.9187637142,1.4169662449,Solved
ZGOXI_J@Mc?JhHcCTA?GRIOEQCI@?hOI?@Ad?EAgSI?aOT?o?CPKG?Aog?WG,27,89,7,9.9187411185,2.9187411185,1.4169630169,Solved
ZHOXC_JHEc@J?H_c@G\GHocagA?`A_@pB??aAQA_cC@gCI`C@AXH?oCgw?g?,27,90,7,9.9187300696,2.9187300696,1.4169614385,Solved
ZHO\M_g??DoC?teAsa?FBS?JCO@?GwQPDCI?C@DGD_Qc_g@?GbPaC?g`H@A_,27,91,7,9.9186825099,2.9186825099,1.4169546443,Solved
ZHOHA_gEAC_lt?E`?[TGR?o@?@`?kSIOKO_[ao?l?hOR@@_Pc?H?GoQoe@_?,27,93,7,9.9186803208,2.9186803208,1.4169543315,Solved
ZHOXC_JHEc@J?H_c@G\GHocagA?`A_@pB??aAQA_cCBgCI`C@AXH?oCgw?g?,27,91,7,9.9186719228,2.9186719228,1.4169531318,Solved
ZHO\M_g??DwC?teAsa?FBS?JCO@?GwQPDCI?C@DGD_Qc_g@?GbPaC?g`H@A_,27,92,7,9.9186424146,2.9186424146,1.4169489164,Solved
Z@OHAAgeAC_lt?E`?YTGB`o?Ogj?gKM?CGAICGCXAe?aw?COGY@a?@BC@?KW,27,91,7,9.9186303568,2.9186303568,1.4169471938,Solved
ZHO\I__e?FwcaWSABS@I??du?@o?PcQACAoDP?_h?WIb?_S?OBD_?[BCaOOW,27,93,7,9.9186141241,2.9186141241,1.4169448749,Solved
Z@O\M_geAC_ls?x?CAoE@`IChAI?gGd@CCaQE@S?AP@_@Igi??b?koAG?@MW,27,94,7,9.9185951379,2.9185951379,1.4169421626,Solved
Z@?TM_gcAC_lsGiA?K?sH??wJ?L?PIHagLAAr?G?CgP_A{_SG?bGAEKla@??,27,94,7,9.9185900722,2.9185900722,1.4169414389,Solved
Z@?\K_geA?_ls?x?GU?_BIQhI?SHO`I_HJ?A?@xGFU???qK?CBacA?SK?a?W,27,91,7,9.9185709113,2.9185709113,1.4169387016,Solved
ZHoWK_J?DHsOPOATCCYcPgc?CSQ`AXU?IOO`PO?M__A?OCR?ApHADc@?C@BW,27,92,7,9.9185684539,2.9185684539,1.4169383506,Solved
ZHoWE_JCd?sOACC?ccI?h?qf?_?GIWICJA?aAaSO`?`G`g?h_OAC?J@?I?OW,27,85,7,9.9185472886,2.9185472886,1.4169353269,Solved
ZHO[M?GcAC_lsGgA?iWd@i@C?QGFAHD@BC?SIQD?_GF_@PWPKOBId?HBGGg?,27,94,7,9.9185357078,2.9185357078,1.4169336725,Solved
ZHoWM_BScGcO?Ts_ccS?hCGCc@C@gI?WWW_Sh?aI?PD?GAYAJO@?oBAdP@?_,27,91,7,9.9185174498,2.9185174498,1.4169310643,Solved
Z@O[MA?WaD[_GQ?LR??CFXGCDW_SAW`CCh_O?DI[_Q?`?AhGoW@@C_Ia@_Og,27,90,7,9.9184974557,2.9184974557,1.416928208,Solved
Z@OSMagWadK_IQ?\OaQ_@ApEWS?HCh?PSK@@W_@G_BCoB@@?XCH@?sD@O?HW,27,93,7,9.9184729982,2.9184729982,1.416924714,Solved
Z@O[MagWadPB?@P?`OOHC?WZc?_?_~??_hHOCCaWcIE?hCWcC[??G@FdOOOG,27,92,7,9.9184668181,2.9184668181,1.4169238312,Solved
Z?OWMagWadPBGPo?aAGF@HACoDO?aOHDKYAAO@GG@_Wb?Q@w??XAQGAcO?Q_,27,88,7,9.9184665121,2.9184665121,1.4169237874,Solved
Z@O[MA?WaDS_GQ?LR??CFXGCDW_SAY`CCh_O?DI[_Q?`?AhGoW@@C_Ia@_Og,27,90,7,9.9184532166,2.9184532166,1.4169218881,Solved
ZHO\M_gEA??lsG?ot??HRODYgH?I?[_?pAoA?@WWSOE??sd?ccchC?E?K?Gw,27,92,7,9.9184471768,2.9184471768,1.4169210253,Solved
ZHO\I_ge?BwchOSA?UX?Ha?SB?MGOgUA_OaDPCAG?mGA?CRGB@PAaCHOK?BG,27,93,7,9.9184471377,2.9184471377,1.4169210197,Solved
ZHO\I__e?FwcsGGT?@YC`AWEcGG?AgoO?DQAaW?_CHRwcCGI@GGC_A`_?YiO,27,93,7,9.9184298198,2.9184298198,1.4169185457,Solved
Z@O[MA?WaDS_IQ?LR??CFXGCDW_SAW`CCh_O?DI[_Q?`?AhGoW@@C_Ia@_Og,27,90,7,9.9184177848,2.9184177848,1.4169168264,Solved
ZHO\M_gCADc`e@?g_hKo@O__@cLG_GAIc?ohs?PI?cg@W?D`GAQICGC_Aj?_,27,92,7,9.9184133852,2.9184133852,1.4169161979,Solved
ZHO[MagEAD_`oDC__kHC`A@A_Gm?I`QI?C?FCGeHCH@G_?GEAcB?KAH?I?R_,27,89,7,9.9184050594,2.9184050594,1.4169150085,Solved
ZHO\I__e?FwcaWcA?Y?PBhA??FgD?HI_c?F`C?Ego?T?QA`aW?DGBGAg_OAg,27,92,7,9.9183916583,2.9183916583,1.416913094,Solved
ZHoWK_@CdHsO@O_?dG?HjOgOWKHEAMG?C?QhOROMCCgA?CRICaPOL_@ASKG?,27,92,7,9.918340987,2.918340987,1.4169058553,Solved
ZHO\K_gE?Dwc?te?oA?B?pACDH_`DP?_k?DoS_DAGR_P@?MIO?mO{?GC?T?_,27,92,7,9.9183193125,2.9183193125,1.4169027589,Solved
Z?O[KagGad[_GA?\RA??FPWCw?S?cWdGCCHa?O@]GE?_OD`IQCP[_CG@?oAg,27,91,7,9.9183130645,2.9183130645,1.4169018664,Solved
Z@?\K__c?@wcsGGS@@OV?PQBCHO`?X?hcAFAi?AIF`?lH?CQaO_@?_Ta?f?G,27,92,7,9.9182957687,2.9182957687,1.4168993955,Solved
Z?OWMagWadPBGPo?aAGF@hACoDO?aOHCCYAAP@GG@_Wb?Q@w??XAQGAcO?Q_,27,88,7,9.9182948899,2.9182948899,1.41689927,Solved
ZGOXI_J@Mc?JhHcCTA?GRIOEQCI@?hOI?@Ad?EAgSI?aOT?o?CPKG?Iog?WG,27,90,7,9.9182833636,2.9182833636,1.4168976234,Solved
ZHOXG_JhKCT??t?HI?\O@?HCB@U_CWOoXD?G__?]I?OA?_BI?oE?IHH_@IO_,27,87,7,9.9182674228,2.9182674228,1.4168953461,Solved
ZHO\I?ga?EW?gO?_r@HAi@WHA?WO[KbAD?XGCXO?C`Cc@?aA@?RPGCBADO_O,27,87,7,9.9182650317,2.9182650317,1.4168950045,Solved
ZHOXM_J@E_T?E_p?IQ_A{gC_Cgg?eG@BpCCBac?HAAG_X`OCGSDi??o?F?DG,27,92,7,9.9182553632,2.9182553632,1.4168936233,Solved
ZHOHK_J?GC@JhHscTAAI_CAm_gAGGGOEiA?J?QGss_?aDEOH?OLO@BAib?C?,27,93,7,9.9182506248,2.9182506248,1.4168929464,Solved
ZGO\I__e?FwcaWsATG?cKPK??@x?kGV?C_@XPA`Gd@?v??_?T?J@?[O_@@Pg,27,94,7,9.918245152,2.918245152,1.4168921646,Solved
ZHOWMagEAD_`oDC__kHC`aASJC?@IdG_KOAkoc?gU?DC?gB@Wa@c?D@G?CHW,27,92,7,9.9182378531,2.9182378531,1.4168911219,Solved
Z@?\K_geA?_ls?x?GU?_BIQhI?SHO`I_HJ?A?@xGFU???qK?CBbcA?SK?_?W,27,91,7,9.9181938976,2.9181938976,1.4168848425,Solved
ZHOWMagEAD_`oDC__kHC`aASJC?@IdG_KOAkoc?gU?DC?gB@Wa@cAD@G?CHW,27,93,7,9.9181645702,2.9181645702,1.4168806529,Solved
ZHOTI?ge?Ew_gOO_q@G?i@[HA?GO[KaACPdCAOL?sCOC?_H@CGhoGCA_`O__,27,87,7,9.9181400392,2.9181400392,1.4168771485,Solved
Z@OHAAgeAC_lt?E`?YTGR`o?Ogj?gKK?CGAISGCXAe?aw?COGY@a?@BC@?KW,27,92,7,9.9181010082,2.9181010082,1.4168715726,Solved
ZGO[M?geAC_l?GHQgaOUCcG^?A@?Pgu?E_E@@KDG?JAa[?`A?AhGd@?y?O@O,27,92,7,9.9180483797,2.9180483797,1.4168640542,Solved
ZHOWM_JOdHsOADs??EhCEECCD?tS??`CK?LK?OglG?Qg_aIc_`?AC?Jg@DOO,27,92,7,9.9179874956,2.9179874956,1.4168553565,Solved
Z@?\K_geA?_ls?x?GU?_BIQhI?SHO`I_HJ?A?@xGFU???qK?CBbcA?SK?a?W,27,92,7,9.9179731793,2.9179731793,1.4168533113,Solved
ZHOXK_J@Cc@JhHocTAAI@GAT?w?E@Y_cE_CPC`D?@@Qg@O@AOPHCGOhPA@A_,27,92,7,9.9179411648,2.9179411648,1.4168487378,Solved
ZHOTI?ge?Ew_gOO_q@H?i@[HA?G?[KaACPdCAOL?sCOC?_J@CGhoGCA_`Q__,27,89,7,9.9179276964,2.9179276964,1.4168468138,Solved
ZHO\M_gEADc`e@?g_hKo@O__@cLG_GAIc?ohs?PI?cg?W?T`GAQI?GD_Aj?_,27,93,7,9.917925117,2.917925117,1.4168464453,Solved
Z@O\Ma_eAC_lI?Og?g\O?Og_OCwU?NG?C@@XEIGM?K?_AFP@Ic_C@oPCA?dO,27,92,7,9.9179056306,2.9179056306,1.4168436615,Solved
Z@O\Ma_eAC_lI?Ok?g\O?Og_OCwU?NG?C@@XEIGM?K?_AFP@Ic_C@oPCA?dO,27,93,7,9.9178995261,2.9178995261,1.4168427894,Solved
ZGO\MageAC_la?GSGAodEKAbC?WASG`BCICHK??k?Q?_SDPP?oDI?@Q?IACW,27,91,7,9.9178843711,2.9178843711,1.4168406244,Solved
ZGoXG_J@M_?Jh@scUA?OIgS@?ah@O_Qc?QCF?aKUI?@c@AhA@QcS?e??OC?w,27,91,7,9.9178704318,2.9178704318,1.4168386331,Solved
ZHO\I__e?FwcaWSABS@I??du?@o?PcQACAoDP?_h?WIb?_S?WBD_?[BCaOOW,27,94,7,9.9178650816,2.9178650816,1.4168378688,Solved
Z@OWE_H@Kc@JhHscTAA?SHOT?gKS___GL_W@@oGO@A_aOS`@gKOG@@ap?@Eg,27,92,7,9.9178617247,2.9178617247,1.4168373892,Solved
ZHOXC_JHEc@J?H?c@G\GHocagA?`A_@pBC?aAOA_cC@gCI`C@AXH?oCgw?g?,27,89,7,9.9178598271,2.9178598271,1.4168371182,Solved
ZHOXM_J@E_T?E_p?IQ_A{gC_Cgg?eG@BpCCBac?HAAG_X`OCGSDi??o_F?DG,27,93,7,9.917859672,2.917859672,1.416837096,Solved
ZHO\I_geA@_he@?_cHKOH?{BC_cJ?@?iGAIRSGSCG?O_O_aGSOJEA?RG?JOG,27,91,7,9.9178522396,2.9178522396,1.4168360342,Solved
Z@O[I_gaA??lsGw??AwE@iACjAAD_O_QKYH?GDcG?@X?[?JHAG`o@CQ_fA@?,27,91,7,9.9178505155,2.9178505155,1.4168357879,Solved
Z@OLMagEA@c`a@Occ`K_@OgcD@N?_GcSC?dP?SIK_@G@O_B?[c@IADCG_?@W,27,89,7,9.9177921084,2.9177921084,1.4168274441,Solved
ZHO\M_?a?Fw_cGGD@@WFApG?gMOTG@I@?OHIO?cW?_[pC?AP?KBC`I@?AOKW,27,89,7,9.9177089282,2.9177089282,1.4168155612,Solved
ZHO\I_geA@_he@?_cHKOH?{BC_cJ?@?iGAIRSGSCG@O_O_aGSOJEA?RG?JOG,27,92,7,9.9176822151,2.9176822151,1.416811745,Solved
ZHOWM_BHMC@JhGocTO?`P?@oh?Y?`PPOO?FP__@gGPHBA@B`?CO?o_@aC_PO,27,90,7,9.9176532476,2.9176532476,1.4168076068,Solved
ZGoXG_J@M_?Jh@scUA?OIgS@?ah@O_Qc?QCF?aKUI?@c@AhA@QcSGe??OC?w,27,92,7,9.9176434886,2.9176434886,1.4168062127,Solved
ZGOXI_J@Mc?JhHsCTA?GRIOEQCI@?hOI?@Ad?EAgSI?aOT?o?CPKG?Aog?W?,27,89,7,9.9175955077,2.9175955077,1.4167993582,Solved
Z@?[I_GWaD[_IQ?\RA?CDpGCj?GGRG@Gi?Q@EASNOA_OI?Y@QGIC@a@gS?SG,27,92,7,9.9175944294,2.9175944294,1.4167992042,Solved
ZHOWK_BHMC@JhGoCTOAI@?@vO_GU_OHPO?YcG?DoCI@o??XS`_@AOOKbDA?_,27,91,7,9.9175911571,2.9175911571,1.4167987367,Solved
ZH?LMagC?D_hoDAsS?aG`EAdSGe?g?@A[dO@?_`KoO__gOHQ_GHCHS?c?@Qg,27,91,7,9.9175861348,2.9175861348,1.4167980193,Solved
ZHoW?_JOcHsOPPc?wg?OgGGkgHA_OO@HM_Q@?o@i_Oa_OCDATA@HGOC_GAOg,27,88,7,9.9175725128,2.9175725128,1.4167960733,Solved
Z@?[I_GWaD[_IQ?\RA?CDpGCj?GGRG`Gi?Q@EASNOA_OI?Y@QGIC@a@gS?SG,27,93,7,9.9175692107,2.9175692107,1.4167956015,Solved
ZGOXA_JHKc@JH@OC@G\H?s_aF???`w`IH?IB?OQHG?EqA?DOI_A?`CDf??aO,27,88,7,9.9175632099,2.9175632099,1.4167947443,Solved
ZGO\MageAC_la?GSGAodEKAbC?WASG`BCICHK??k?Q?_SDPP?oDI@@Q?IACW,27,92,7,9.917561747,2.917561747,1.4167945353,Solved
ZHOXK_J?Mc@JhHsCTAAI_CGMAOG?V@?O`D?E?@QYc@?dG?q`G?RAC_Y?Oh?W,27,92,7,9.9175501843,2.9175501843,1.4167928835,Solved
Z@?[K?gWa`[_IQ?\RA?CFpGDd?a@@?OwQCWQc?poe?EJGA?A?QI?h`@cP?Oo,27,93,7,9.9175057704,2.9175057704,1.4167865386,Solved
ZHO\K_gE?Dwc?te?oA?B?pACDH_`DP?_k?DOS_DAGR_P@?MIO?mO{?GC?T?g,27,92,7,9.9175053901,2.9175053901,1.4167864843,Solved
ZHO\M_ge?FOcC??td@oHCOCKO@HQ?k@CV?GSOB`?C`B_kO`OF?`e?CCc_GKG,27,93,7,9.9174722982,2.9174722982,1.4167817569,Solved
ZHOTI__e?Fwc_WsA@KGGeEBaK_@Gd?QG`??NGPD?t?@g?@PhA?P?CGK_OGgg,27,91,7,9.9174617002,2.9174617002,1.4167802429,Solved
ZHOXC_JHEc@J?H?c@G\GHocagA?`A_@pBC?aAQA_cC@gCI`C@AXH?oCgw?g?,27,90,7,9.9174551823,2.9174551823,1.4167793118,Solved
Z?oWK_JSCHoOPP__DW@HaC@KocDCCOQ?D?Gt_CHP?YAACOFPOQC?AqODA_?w,27,89,7,9.9174503646,2.9174503646,1.4167786235,Solved
ZHoWG_JOcHsOPPc?wg?OaGGkgHA_OO@HM_Q@?o@i_Oa_O?DADA@HGOC_GAOg,27,87,7,9.9174453634,2.9174453634,1.4167779091,Solved
ZHO\I_ge?FwchO?gr?GAisA?BC?@Cy?PCh@Hp?O?oCI_OF@?D?l@K@PC@Ea?,27,93,7,9.9173924748,2.9173924748,1.4167703535,Solved
ZHoX?_JGKc@JhGccWg??JIOAO_OC`Q?MCF?DS?cgHQOgOp_AEGHgOCQgbB??,27,93,7,9.9173915512,2.9173915512,1.4167702216,Solved
ZHOWM_BHMC@JhGocTO?`P?@oh?Y?`PPOO?FP__@gGPHBA@Bp?CO?o_@aC_PO,27,91,7,9.9173694354,2.9173694354,1.4167670622,Solved
ZHO\M_?a?Fw_cGGD@@WFApG?gMOTG@I@?OHIO?cWA_[pC?AP?KBC`I@?AOKW,27,90,7,9.9173662719,2.9173662719,1.4167666103,Solved
Z@O[MA?WaD[_IQ?LR??CFXGCDW_SAW`CCh_O?DI[_Q?`?AhGoW@@C_Ia@_Og,27,91,7,9.9173513148,2.9173513148,1.4167644735,Solved
ZHOTI__e?Fwc_WsA@KGGeEBaK_@Gd?QG`??NGPD?t?@g?BPhA?P?CGK_OGgg,27,92,7,9.9173441874,2.9173441874,1.4167634553,Solved
ZGoWK_JSCHoOPP__DW@HaC@KocDCCOQ?D?Gt_CHP?YAACOFPOQC?AqODA_?w,27,90,7,9.9173374541,2.9173374541,1.4167624934,Solved
ZHOXK_J?CC@JhHscTA?A?i?COciI_G?Vc@O@CMCE??hAF@@??K@A?Okg_@EO,27,87,7,9.9173241178,2.9173241178,1.4167605883,Solved
Z?O\MageAC_la?GSGAodEKAbC?WASG`BCICHK??kGQ?_SDPP?oDI?@Q?IACW,27,91,7,9.9173121388,2.9173121388,1.416758877,Solved
ZHoX?_JHIC@Jh@scWgC?oA_MEC@@PGAES__T@QAIcG_@?WRSGb?_C?UA@CCg,27,92,7,9.9173015348,2.9173015348,1.4167573621,Solved
ZHO\I_ge?FOchO?GR?IGaGTRO?G@DHQGdASAA?pG?Pooc?DS@_A?oCD_@GGo,27,89,7,9.9173005738,2.9173005738,1.4167572248,Solved
ZHOWK_JhMcT??T?HY?WOUGoLD@C@?icgCGXGH?_hS@GQ?AB@JA@O__H?GGJO,27,92,7,9.9172978616,2.9172978616,1.4167568374,Solved
Z?O\MageAC_la?GSGAodEKAbC?WASG`BCICHK??kGQ?_SDPP?oDI@@Q?IACW,27,92,7,9.9172587762,2.9172587762,1.4167512537,Solved
Z@OLMagEA@c`a@Occ`K_@OgcD@N?_GcSC?dP?SIK_@H@O_B?[c@IADCG_?@W,27,90,7,9.9172515617,2.9172515617,1.4167502231,Solved
Z?OWE?J@Kc@JhGcCTO@M?SHGPQ`s?@@Q@?Qrw`??OQg_g@X_?Fo?`o?KB??G,27,89,7,9.9172489191,2.9172489191,1.4167498456,Solved
Z@OSMagWadK_IQ?\OaQ_@ApEWS?HCh?PUK@@W_@G_BCoB@@?XCH@?sD@O?HW,27,94,7,9.9172438058,2.9172438058,1.4167491151,Solved
ZGO\MagaAC_la?GSGAodEKAbC?WASG`BCICHK??kGQ?_SDPI?@QP?oD?IACW,27,91,7,9.9172187381,2.9172187381,1.416745534,Solved
ZHO\I_geA@_he@?_cHKOH?{BC_cJ?@?iGAIRSGSCG?O_O_qGSOJEA?RG?JOG,27,92,7,9.9171992355,2.9171992355,1.4167427479,Solved
ZHOWK_JhMcT??T?HY?WOUGoLD@C@?icgCGXGH?_hS@GQ?AB@JA@O__H?GGJW,27,93,7,9.9171569527,2.9171569527,1.4167367075,Solved
ZHOWM_JhEcD??t@JG?\S@c_GHOG@SG`hBCCAC_PIG?eSCOBIOGc?ADX?AH@W,27,93,7,9.9171471616,2.9171471616,1.4167353088,Solved
Z?OWMagWadPBGPp?aAGF@hACoDO?_OHCKYAAP@GG@_Wb?Q@w??XAQGAcO?Q_,27,89,7,9.9171123473,2.9171123473,1.4167303353,Solved
Z@OXI__CAC_lsGx?T?_Ed_o??pkRODOg@Q?F@Ci_`Oq@WGBA@UGGA`@we??G,27,94,7,9.9171017065,2.9171017065,1.4167288152,Solved
Z@O[MA?WaDS_IQ?LR??CFXGCDW_SAY`CCh_O?DI[_Q?`?AhGoW@@C_Ia@_Og,27,91,7,9.9170960626,2.9170960626,1.4167280089,Solved
ZHoWG_JOcHsOPPc?wg?OaGGkgHA_OO@HM_Q@?o@i_O__O?DADA@HGOCoGAOg,27,87,7,9.9170813429,2.9170813429,1.4167259061,Solved
ZGoXG_J@M_?Jh@scUA?OIgS@?ah@O_Qc?QCF?aKUI?@c@AhA@QcS?e??WC?w,27,92,7,9.9170718492,2.9170718492,1.4167245499,Solved
ZHO\K_gE?Dwc?te?oA?B?pACDH_`DP?_k?DoS_DAGR_P@?MIO?mO{?GC?T?g,27,93,7,9.9170704735,2.9170704735,1.4167243534,Solved
Z@?[MAgWadPBHPIoAAIHHo?gI?]oC@IPGPo?@EA@C?d_?h[CW@Dq?GA_?WeG,27,94,7,9.9170552546,2.9170552546,1.4167221792,Solved
ZGO\MagaAC_la?GSGAodEKAbC?WASG`BCICHK??kGQ?_SDPI@@QP?oD?IACW,27,92,7,9.917034321,2.917034321,1.4167191887,Solved
Z@O[MA?WaD[_GQ?LR??CFXGCDW_SAY`CCh_O?DI[_Q?`?AhGoW@@C_Ia@_Og,27,91,7,9.9170323126,2.9170323126,1.4167189018,Solved
Z@O\M_geAC_lsGx?@?OCj?YY_C`Gc?Q?dA_aCAOW??{_d?gGSGD?`aOq??Dg,27,92,7,9.9170317173,2.9170317173,1.4167188168,Solved
ZHO[MagCADchoDC__KHC`aASjO?Ba?_HJ??RhAG?sC@`?QY@?BH?LOAg_@WG,27,93,7,9.917021205,2.917021205,1.416717315,Solved
ZHOXI_ge?FwchOO_R@G?m?WLOGSQA?CG[?r@ao@HGOc_CWHs_A@G@Gg_a@_g,27,94,7,9.9169951736,2.9169951736,1.4167135962,Solved
ZHO\M_ge?FOcC??td@oHCOcKO@HQ?k@CV?GSOB`?C`B_KO`OF?`a?CCc_GKG,27,92,7,9.9169906969,2.9169906969,1.4167129567,Solved
ZHOXC_JHEc@J?H?c@G\GHocagA?`A_@pBC?aAOA_cCBgCI`C@AXH?oCgw?g?,27,90,7,9.9169857713,2.9169857713,1.416712253,Solved
Z@O\MagEA@c`a@Occ`K_@OgcD@N?_GcSC?dP?SIK_@G@O_B?[c@IADCG_?@W,27,90,7,9.9169578511,2.9169578511,1.4167082644,Solved
ZGOXI_J@Mc?JhHsCTA?GRIOEQCI@?hOI?@Ad?EAgSI?aOT?o?CPKG?Iog?W?,27,90,7,9.9169511291,2.9169511291,1.4167073042,Solved
ZHO\I_Ge?F__?tIBW_K@GGGhAOY@g@GS_@cca?AWIAcyCO@E_K__OPo?@`?w,27,92,7,9.9169317224,2.9169317224,1.4167045318,Solved
ZHO\I_Ge?F__?tIBW_K@GGGhAOY@g@GS_`cca?AWIAcyCO@E_K__OPo?@`?w,27,93,7,9.9169283268,2.9169283268,1.4167040467,Solved
ZHO[I_gc?FwchOO_R?H?iAoD?qGOm?s?gcGI_W?XC@Kw@A@C?qD?DGW_kG?g,27,93,7,9.9169196873,2.9169196873,1.4167028125,Solved
ZGoXG_J@M_?Jh@scUA?OIgS@?ah@O_Qc?QCF?aKUI?@c@AhA@QcSGe??WC?w,27,93,7,9.9169081661,2.9169081661,1.4167011666,Solved
Z@OWE_H@Kc@JhHscTAA?SHOT?gKS___GL_W@@oGO@A`aOS`@gKOG@@ap?@Eg,27,93,7,9.91690623,2.91690623,1.41670089,Solved
ZHOWM_BhMcT??d?IQ?WAEg_DCaG?ghQPCWaIg_P?O_?_De@P??\?@QAgOCO?,27,88,7,9.9168937395,2.9168937395,1.4166991056,Solved
ZHO[M_gEADc`e@?c_]CHAHOQ?Ci?ci_@q_H@@W?hS?g`W_SSGP@?AiAoA_IG,27,94,7,9.9168702754,2.9168702754,1.4166957536,Solved
ZHoWI_J?Kc@JScgGsaEC?@Gc@HiC_HGGcHA`c@AgGq`DQ?agOAaC@[?gD?Gg,27,94,7,9.91686928,2.91686928,1.4166956114,Solved
ZHO\M_ge?FOcC??td@oHCOcKO@HQ?k@CV?GSOB`?C`B_KO`OF?`e?CCc_GKG,27,93,7,9.9168526182,2.9168526182,1.4166932312,Solved
ZHO[I?ge?Dwc`Og?I@OFb@QO?CidCTQ?G?LBI?dHCgOGa?cCAoR_WGBBWG_?,27,93,7,9.9168525109,2.9168525109,1.4166932158,Solved
ZHOXC_JHEc@J?H?c@G\GHocagA?`A_@pBC?aAQA_cCBgCI`C@AXH?oCgw?g?,27,91,7,9.9168472451,2.9168472451,1.4166924636,Solved
Z?O[MAG?_dS_IQCKm??QxO`O?[?J`So?ECAcWAOWU@Go?B@OL_PX?P@EK@C?,27,90,7,9.9168247233,2.9168247233,1.4166892462,Solved
Z@O\M_?e?FG_Sg?tD@sHBgH?GBGoOpJ_A?CFOED@R?@{@?_@CaB?_GtICGCW,27,94,7,9.9168185276,2.9168185276,1.4166883611,Solved
ZGOLI__e?FwcaWoABO`IbD?OhCG_EK@@P?GRGAiCp?@_aGhK@_HOkA?_g?YG,27,93,7,9.9167934455,2.9167934455,1.4166847779,Solved
ZHO\I_geA@_he@?_cHKOH?{BC_cJ?@?iGAIRSGSCG@O_O_qGSOJEA?RG?JOG,27,93,7,9.9167885611,2.9167885611,1.4166840802,Solved
ZHO\M_geAC?KsGi??lA?j?BoJ?[?W?ODDAOH?do?_OH_cBP@GPg?U?Ps__@G,27,91,7,9.9167855454,2.9167855454,1.4166836493,Solved
ZHOLI_ge?FWchOOEaCGE@?DcGGPI`GcIH?_JaACGH_a??sbAoQ@d?@Gw@D@?,27,92,7,9.9167728038,2.9167728038,1.4166818291,Solved
ZHoWG_BCdHSOAPc??chCE_SKGpACTI?yBO_OHO@WQp@GOXBPPD?gK_?b?@WG,27,94,7,9.91676498,2.91676498,1.4166807114,Solved
ZHOLI_ge?FWchOOEaCGE@?DcGGPI`GcIH?_JiACGH_a??sbAoQ@d?@Gw@D@?,27,93,7,9.9167546313,2.9167546313,1.416679233,Solved
ZHO\MagC?@choDAsG@?HFiCGYGU??G@hCBAH@A?gU`?o?Gi?@CiPGA@a?[OG,27,91,7,9.9167453122,2.9167453122,1.4166779017,Solved
ZHOXK_J?CC@JhHscTA?I?i?COciI_G?Vc@O@CMCE??hAF@@??K@I?Okg?@EO,27,88,7,9.9167429549,2.9167429549,1.416677565,Solved
ZHO\I_ge?FWc`OsA?CXQH@AC?rGS?GBAUOGQOCI`I?HaOoIa?IBGF__gQCK?,27,94,7,9.9167410091,2.9167410091,1.416677287,Solved
Z@O\M_geAC_LsGw?DGOCj@IXCSc_OHOGSD_Q?wO_?cB{??@AAoG@?CDaO@_o,27,91,7,9.9167246244,2.9167246244,1.4166749463,Solved
ZHO[I?ge?Dwc`Og?I@OFb@QO?CidCTQ?G?LBI?dHCgOGa?cCAoR_WGFBWG_?,27,94,7,9.9167245339,2.9167245339,1.4166749334,Solved
Z@?\K?_e?@wcsGGS@@OV?PQBCHO`?X?hcAFAi?AIF`?lH?CQaO_@?_Ta?f?G,27,92,7,9.9167001958,2.9167001958,1.4166714565,Solved
ZH?\MagC?D_hoDAsS?iH`CAbWG@GAW@gCHIAQ?IOCGhg_DKAoEOgC?BaCWAG,27,94,7,9.9166598197,2.9166598197,1.4166656885,Solved
ZHO\MA_CAD_`e@Oc_kHAGA_KhSE_?WIcOAcB@GT?oP@bKG??Ak`oC?Ks?_H_,27,92,7,9.9165900558,2.9165900558,1.4166557223,Solved
ZHO\Ma_EAD_@e@?c_kHAgi@GOHWS@IHC_@OJoC?`GQ@gcgC?_kDc@?q@K?_W,27,93,7,9.9165626661,2.9165626661,1.4166518094,Solved
ZGOXI_B?EC?J?Hsc@@\HHs_ahA?`o??HNCA@CE@GHAQsGO@A_CTMH?G?ID?G,27,89,7,9.9165513152,2.9165513152,1.4166501879,Solved
ZH?\M_gC?D?hoDAsS?aH`EAdGOa_R?G?S_JDA@CgE`AxB?G@GoAg?BCaS_g?,27,91,7,9.916546287,2.916546287,1.4166494696,Solved
Z@O\M_geAC_LsGw?DGOCj@IXCSc_OHOGSD_Q?wO_?cB{?_@AAoG@?CDaO@_o,27,92,7,9.9165213775,2.9165213775,1.4166459111,Solved
ZGOXI_B?EC?J?Hsc@@\HHs_ahA?`o??GNCA@CE@GHAQsGO@A_CTMH?G?ID?W,27,89,7,9.9165166966,2.9165166966,1.4166452424,Solved
ZHoXG?BhA?@BHQcHYOsaO`I?POICAgpCDC_OIQO?C_R`?Y`?KGd_a@WCG`?W,27,92,7,9.9164787539,2.9164787539,1.416639822,Solved
Z@OWM_JO_@sOA@hKs`Co_HQDOL?CDY@H_hOBwa??C?Y?GUBPH?@EC?eq?ODO,27,93,7,9.9164442319,2.9164442319,1.4166348903,Solved
Z@OXE_H@Kc@JhHscTAA?SHOT?gKS___GL_O@@oGO@A_aOS`@gKOG@@ap?@Eg,27,92,7,9.9164410721,2.9164410721,1.4166344389,Solved
Z@?[MaGWad?@@Pe@[_?U@?KsCsPCCHJG?HS_CCc??RE_?@do?A{OgODZ?_?_,27,90,7,9.9164208355,2.9164208355,1.4166315479,Solved
ZGO[MagaAD_`a@HSaSHcCODK`S_GCH_OCJC@?GSmG?IAEO@GAGhe@?C_W@Gg,27,91,7,9.9164145353,2.9164145353,1.4166306479,Solved
Z@?[MaGWad?@@Pe@[_?U@?KsCsPCCHJG?HS_CCc??REc?@do?A{OgODZ?_?_,27,91,7,9.9163829455,2.9163829455,1.4166261351,Solved
ZHOWK_JHMc@JhHoCTOAI@C?rO_?S_WIBC?C@G_FH@OpGIDCC?cgAA?T_Og`G,27,92,7,9.916381328,2.916381328,1.416625904,Solved
ZGOH?_ga?FwchOHSASWsKl?@SG?U?YN_A?@TOAI?@AgrO?@OA_H?TIAeA_Q?,27,91,7,9.9163666035,2.9163666035,1.4166238005,Solved
ZGO\M?geAC_lsGAAA[?OGHC{o@UG@GCce_GO@W@Y?JBU?IA?k?BAQ`?aGGSO,27,93,7,9.9163091949,2.9163091949,1.4166155993,Solved
Z@o?K_JSdHsOPP@SCCWs@tG??SXSEK_@D?HPJ?@JI?I?XCA?K_CA@AJg?i?o,27,92,7,9.9163071403,2.9163071403,1.4166153058,Solved
ZHO\I_ge?Fw_hOSA?AXAHa?TQ?g@ckB@?GEC?XI?CADc@`HE??dPKCA?OGKW,27,91,7,9.9163016887,2.9163016887,1.416614527,Solved
Z@O\MagEA@c`a@Occ`K_@OgcD@N?_GcSC?dP?SIK_@H@O_B?[c@IADCG_?@W,27,91,7,9.9162968374,2.9162968374,1.4166138339,Solved
ZHO\I_ge?Fw_hOSA?AXAHa?TQ?g@ckB@?GEC?XI?CADc@`He??dPKCA?OGKW,27,92,7,9.9162717136,2.9162717136,1.4166102448,Solved
ZHO\M_gEAC_LsGi??Y??NhACGCiH__EeIOGEoD??@?R__{@@IWC?_@``GAEG,27,92,7,9.9162521847,2.9162521847,1.416607455,Solved
ZHO\I__e?Fwc`Os??SXOHSACCp?UGH?UCY_@_?DHOP?_EPP?@BI@OS@gACIG,27,91,7,9.9162298589,2.9162298589,1.4166042656,Solved
ZGOH?_ga?FwchOHOASWsKl?@SG?U?YN_A?@TOAI?@AgrO?@OA_h?TIAeA_Q?,27,91,7,9.9162194654,2.9162194654,1.4166027808,Solved
Z?O[MAG?_dS_IQCKm??QxO`O?[?J`So?ECAcWAOWU@Gq?B@OL_@X?P@EK@C?,27,90,7,9.9161938568,2.9161938568,1.4165991224,Solved
ZHO\M_gEA??lsG?ot??HRODYgH?I?[_?pAoA?@WWSOE??sd?ccchC?E?L?Gw,27,93,7,9.9161675657,2.9161675657,1.4165953665,Solved
ZHoWK_JSDHSOPPATYOG@E_cC__gOcI_Wcb?QP@@G_QOcOAP`K?PA?_I_J?Ag,27,92,7,9.9161645527,2.9161645527,1.4165949361,Solved
ZHO\M__e?Fgcs?GO@@WV?pGG?JX?ha??KCb@Aw?S?@aCA_f@CoEAAAgaOgGG,27,92,7,9.9161637569,2.9161637569,1.4165948224,Solved
ZHO\I__e?FwcaWS?BS@I??ds??`?[GG_CH_L_?[QGSG_]G_G@?R_?[gp@G_O,27,91,7,9.9161550061,2.9161550061,1.4165935723,Solved
ZHoWC_JSd@s?PPc_`I_?R?LEaAOHBA_?[II@GOAgKGagGaSCGHCICOBwo@?O,27,93,7,9.9161508999,2.9161508999,1.4165929857,Solved
Z?O[KagGad[_GQ?\RA??FPWCw?S?cWdGCCHa?O@]GE?_OD`IQCP[_CG@?oAg,27,92,7,9.9161442374,2.9161442374,1.4165920339,Solved
ZHO\M_geAC?KsGi??lA?h?BoJ?[?W?ODDAOH?dw?_OH_cBP@GPg?U?Ps__@G,27,91,7,9.9161415571,2.9161415571,1.416591651,Solved
ZHOLIaGeAC_lt?AocAG`P`OC_iGI@I`?S_D@a?CgCHI_]OCd??IODS_`@D?o,27,93,7,9.9161407826,2.9161407826,1.4165915404,Solved
ZHO\MagC?DchoDE?_eE?QO@WOIGH_hO@gBOH?oWdO_OaCQDa@H??oOpg`?EO,27,94,7,9.9161185999,2.9161185999,1.4165883714,Solved
Z@OHAAgeAC_lt?E`?YTGB`o?Ogj?gKM?CGAISGCXAe?aw?COGY@a?@BC@?KW,27,92,7,9.916117882,2.916117882,1.4165882689,Solved
ZGoXA_JHKc@JH@OC@H\H?c_aF???`w`IH?IB?OOHG?EoACDOI_A?`CDf??aO,27,88,7,9.9161145579,2.9161145579,1.416587794,Solved
ZHoWM_JHIc?JG@cc@G[@G`AaQAA?@|GH??`L?s?a_C`gCWIIACK?EHBDO`?G,27,92,7,9.916093703,2.916093703,1.4165848147,Solved
ZHO\I_ge?BwchOSA?UX?Ha?SB?MGOgUA_OaDPCAG?mGA?CRGB@PAaCHOK?BW,27,94,7,9.9160632294,2.9160632294,1.4165804613,Solved
ZHO\I_geA@_he@?_cHKOH?{bC_cJ?@?iGAIRSGSCG?O_O_aGSOJEA?RG?JOG,27,92,7,9.9160517591,2.9160517591,1.4165788227,Solved
Z@OXE_H@Kc@JhHscTAA?SHOT?gKS___GL_O@@oGO@A`aOS`@gKOG@@ap?@Eg,27,93,7,9.9160401189,2.9160401189,1.4165771598,Solved
ZHO\I_ge?FOchO?GR?IGaGTRO?G@DHQGdASAA?pG?Pooc?DS@_A?oKD_@GGo,27,90,7,9.9160184927,2.9160184927,1.4165740704,Solved
ZHO\MAgcAC_L??S`_mTGCAdCcUA?@W?QeOIAIO?YHCQB@OOA_GG?WT@o?_Bo,27,91,7,9.9160151169,2.9160151169,1.4165735881,Solved
Z@O[Ma_Wad?@HPe?Y?_CFAQCDp_pGc?_UCSGIp?Q@EACO@pX@OOAKg?_@AEg,27,93,7,9.9160081193,2.9160081193,1.4165725885,Solved
ZHOXK_J?CC@JhHscTA?A?i?COciI_G?Vc@O@CMCE??hAF@???K@I?Okg?PEO,27,87,7,9.9160046831,2.9160046831,1.4165720976,Solved
Z@OKMaGWad[_IO?\R??CFGWDS?O@KHIPCQ@IaC@W?pSGcOD@Ei?C@CDd?G`G,27,93,7,9.9159864105,2.9159864105,1.4165694872,Solved
ZHO\I__e?Fwc`Os??SXOHSACCp?EGH?UCY_?_?DHOP?_EPP?@bI@OS@gACIG,27,90,7,9.9159753312,2.9159753312,1.4165679045,Solved
ZHoWK_JSd?sOPO?SY??@d?awHC\HAICOGg@P@RGG`KADOI@CJO?_CAI???Yw,27,91,7,9.915971238,2.915971238,1.4165673197,Solved
Z?O[MAGG_dS_IQCKm??QxO`O?[?J`So?ECAcWAOWU@Go?B@OL_PX?P@EK@C?,27,91,7,9.9159626491,2.9159626491,1.4165660927,Solved
ZHO\M_geAC_csGi??kA?j?BoJ?W_WGAg?ARA?WEIC@U?dGgg@?Fh??s@@SGO,27,92,7,9.9159562405,2.9159562405,1.4165651772,Solved
Z?O[MAG?_dS_IQCKm??QxO`O?[?J`So?ECAcWAOWU@Gq?B@OL_PX?P@EK@C?,27,91,7,9.9159350688,2.9159350688,1.4165621527,Solved
ZHO\M_geAC?KsGi??lA?j?BoJ?[?W?ODDAOH?dw?_OH_cBP@GPg?U?Ps__@G,27,92,7,9.9159121969,2.9159121969,1.4165588853,Solved
ZHoWM_JHIc?JG@cc@G[HG`AaQAA?@|GH??`L?s?a_C`gCWIIACK?EHBDO`?G,27,93,7,9.9159103675,2.9159103675,1.4165586239,Solved
ZHOPE_JhMcT??_?FgcsoCBo@C`S_CXW?C@MD??]Oo_@_BF?hG_AO`?d_WGH_,27,94,7,9.9159097975,2.9159097975,1.4165585425,Solved
Z?OWE?J@Kc@JhGcCTO@M?SHGPQ`s?@@Q@?Qr{`??OQg_g@X_?Fo?`o?KB??G,27,90,7,9.9158720927,2.9158720927,1.4165531561,Solved
ZGOLEagEACchoDE__MMG@Cg_GChA_G@QeoGCP_GWHQCU??`A@?D??CI_gOGg,27,88,7,9.9158559906,2.9158559906,1.4165508558,Solved
ZHOXI_ge?FW?hO?EcB_SI`WKOd?_ScQ@GCsBSgOOC_[W`A@IPOA??gLwO?oG,27,94,7,9.9158555068,2.9158555068,1.4165507867,Solved
Z@O[MagWadP@Gpp?_?GB@@DE_GgIH?oakY?_w??gGc_aCTAAQOBOG@iCOa?W,27,92,7,9.9158498389,2.9158498389,1.416549977,Solved
ZHoX?_JHIC@Jh@scWgCAoA_MEC@@PGAES__T@QAIcG_@?WRSGb?_C?UA@CCg,27,93,7,9.9158128218,2.9158128218,1.4165446888,Solved
ZHO\I_geA@_he@?_cHKOH?{bC_cJ?@?iGAIRSGSCG@O_O_aGSOJEA?RG?JOG,27,93,7,9.9157669614,2.9157669614,1.4165381373,Solved
ZHOTA_ga?DOcgOs??EWUIS`JCG`?_yL?CGBC@Ao_Eg@ok@CI?GDCAcQ_H_KO,27,91,7,9.9157516824,2.9157516824,1.4165359546,Solved
ZHO[MagCADchoDC__kHC`aAU?TAH?_AaDO?kA__XA?[`Q_@@G_XEAD?s?CGg,27,93,7,9.9157447323,2.9157447323,1.4165349618,Solved
Z@O[MA?WaD[_IQ?LR??CFXGCDW_SAY`CCh_O?DI[_Q?`?AhGoW@@C_Ia@_Og,27,92,7,9.9157370036,2.9157370036,1.4165338577,Solved
ZHO\MagcAC_L??S`_mTGCAdCcUA?@W?QeOIAIO?YHCQB@OOA_GG?WT@o?_Bo,27,92,7,9.9157352161,2.9157352161,1.4165336023,Solved
ZHoWM_JCDHsO@LGS?OIC_?HGC@WoHeCCM_AoIc@A?OT_HUAsGH?@SAW??g@w,27,92,7,9.9156969101,2.9156969101,1.41652813,Solved
ZHO\M_gE?FG_SG?td@c`GH?S@sCGBKOCX?GR@[GH?sCR?_D?_CUoEA?_OT__,27,93,7,9.9156892344,2.9156892344,1.4165270335,Solved
ZHOXK_JHKC@A?Hsc@?\GHs?agA?`OiGC??OkPQ_CcGB_WdOGI?X??VC_JCGG,27,90,7,9.9156805857,2.9156805857,1.416525798,Solved
ZHO\I__e?FwcaWS?BS@I??ds??`?[IG_CH_L_?[QGSG_]G_G@?R_?[gp@G_O,27,92,7,9.9156803258,2.9156803258,1.4165257608,Solved
Z@O\M_geAC_LsGw?DGOCj@IXCSc_OHOGSD_Q?wO_?cB{??@AAoG@?CTaO@_o,27,92,7,9.9156757356,2.9156757356,1.4165251051,Solved
ZHO\I?ge?FWchOSA@?xI`?tQO?O@CWe@CGGXo?Ggf??d?G`@K?TO?`I_B_Og,27,92,7,9.9156556809,2.9156556809,1.4165222401,Solved
ZGOXI_J@Mc?JhHcCTA?GRIOEQCI@?hOI?@Ad?EAgSI?aOT?o?CTKG?Aog?WG,27,90,7,9.9156507343,2.9156507343,1.4165215335,Solved
ZH?LIageAC_kt?AocAg`PhODICSQP@AcHS?A?@QW?aWAd?Bq?G@?_ce_@_LO,27,93,7,9.9156484716,2.9156484716,1.4165212102,Solved
Z@?\K__e?@wcsGGS@@OV?PQBCHO`?X?hcAFAi?AIF`?lH?CQaO_@?_Ta?f?G,27,93,7,9.9156451173,2.9156451173,1.416520731,Solved
Z?O[MAGG_dS_IQCKm??QxO`O?[?J`So?ECAcWAOWU@Gq?B@OL_@X?P@EK@C?,27,91,7,9.9156029208,2.9156029208,1.416514703,Solved
ZHO\MAgcAC_L??S`_mTGCAdCcUA?@W?QeOIAIO?YHCQB@OOA_GW?WT@o?_Bo,27,92,7,9.9155991904,2.9155991904,1.4165141701,Solved
ZHO\M_geAC_csGi??kA?h?BoJ?W_WGAg?ARa?WEIC@U?dGgg@?Fh??s@@SGO,27,92,7,9.915585692,2.915585692,1.4165122417,Solved
ZHO\M__e?Fwcs?GO@@WV?pGG?JX?ha??KCb@Aw?S?@aCA_f@CoEAAAgaOgGG,27,93,7,9.915530343,2.915530343,1.4165043347,Solved
ZHoWM_BScGcO?Ts_ccS?hCGCc@C@gI?XWW_Sh?aI?PD?GAYAJO@?oBAdP@?_,27,92,7,9.9155284695,2.9155284695,1.4165040671,Solved
Z@O\M_gaAC_lsGw?ADGU?XCKOTOCDDO?KCIP?[Ok_Gc?OsG?ABFOC?JDG?OW,27,92,7,9.9155026961,2.9155026961,1.4165003852,Solved
ZHO\Ma_eA?_li?O@_kOCbI@DA?gBaKGOSW_TCiQ@?R??`QO?S?NO`_Oq??`g,27,93,7,9.9154687501,2.9154687501,1.4164955357,Solved
ZHO[M_gEAC_lcGi??[G?UIoCATAcG_GTI?_JHCgIH?gSA?WO@i@E?@G_HGBg,27,92,7,9.9154508065,2.9154508065,1.4164929724,Solved
Z?O[MagWadPBGPp?aAGF@HACoDO?_OHDKYAAO@GG@_Wb?Q@w??XAQGAcO?Q_,27,89,7,9.915442051,2.915442051,1.4164917216,Solved
Z@O\M_geAC_LsGw?DGOCj@IXCSc_OHOGSD_Q?wO_?cB{?_@AAoG@?CTaO@_o,27,93,7,9.9154345552,2.9154345552,1.4164906507,Solved
ZHoW?_JOcHsOPPc?wg?OaGGkgHA_OO@HM_Q@?o@i_Oa_OCDATA@HGOC_GAOg,27,88,7,9.9154232367,2.9154232367,1.4164890338,Solved
ZH?\I?ge?EwchOsG?@oCbeOGhCOf?A?cVG?a@WCG?QIb?oA?_X@HC?__@BCg,27,90,7,9.915413041,2.915413041,1.4164875773,Solved
ZHO\M_gEAC_LsGi??Y??NhACGCiH__EeIOGEoD??@?R__{@@IWC?_@`dGAEG,27,93,7,9.9154067768,2.9154067768,1.4164866824,Solved
ZGOH?_ga?FwchOHOASWsKl?@SG?U?YN_A?@TOAIG@AgrO?@OA_H?TIAeA_Q?,27,91,7,9.9154016701,2.9154016701,1.4164859529,Solved
Z?O[MAGG_dS_IQCKm??QxO`O?[?J`So?ECAcWAOWU@Gq?B@OL_PX?P@EK@C?,27,92,7,9.9153917922,2.9153917922,1.4164845417,Solved
ZHO\M_geAC_csGi??kA?j?BoJ?W_WGAg?ARa?WEIC@U?dGgg@?Fh??s@@SGO,27,93,7,9.915388022,2.915388022,1.4164840031,Solved
ZGOLEagEACchoDE__MMG@Cg_GChA_G@QeoGCP_GGHQCU??`A@?d??CI_gOGg,27,88,7,9.9153832478,2.9153832478,1.4164833211,Solved
ZGOXI_J@Mc?JhHcCTA?GRIOEQCI@?hOI?@Ad?EAgSI?aOT?o?CTKG?Iog?WG,27,91,7,9.9153824913,2.9153824913,1.416483213,Solved
ZHOSEagEADc`ODC__kHC`Ap?DaCoG`?P^CPGb?_S?@OGQ_`?W?L?ATA?oOPO,27,89,7,9.9153726733,2.9153726733,1.4164818105,Solved
ZGoXM_J?IC?JHHScUA@o_?A}?IUCGOGBLC_cg@OGAOAf??p__cICI?S_i@?g,27,92,7,9.915371615,2.915371615,1.4164816593,Solved
ZHOXG_JhMCT??t@HI?[O@?HCB@U_CWOoXD?G__?]I?O??_BI?oE?IHH_@IO_,27,87,7,9.9153453747,2.9153453747,1.4164779107,Solved
ZGO[Mag?ADcha@HSiSHcC_DGwGKG`?B?f??D@K_Ho?CgOPH?AUI?O@d`Q_CG,27,92,7,9.9153362452,2.9153362452,1.4164766065,Solved
ZHOWM_BHMC@JhGocTO?`P?@oh?Y?`PPOO?FP__@gGPHBA@B`?CO?o_`aC_PO,27,91,7,9.9153159273,2.9153159273,1.4164737039,Solved
ZGoWG?JOdGcOAT__Wg?`HHCVP?@o`?@G\AA@kO?GGAlG@IIKGg@?D?EaHGCG,27,88,7,9.91528768,2.91528768,1.4164696686,Solved
ZHOLIaGeAC_kt?AocAg`P`OCOK??kaD@[g?M@YGE_A@t??qHKP??ocG_@`@g,27,94,7,9.9152729869,2.9152729869,1.4164675696,Solved
ZGoXA_JHEc?JH@Sc@G\HHscaF?@oGG@pGE?B_GoG?pGf??I?OEJ_Go_g?_Dg,27,94,7,9.9152567818,2.9152567818,1.4164652545,Solved
ZH?LIageAC_kt?AocAg`PhODICSQP@AcHS_A?@QW?aWAd?Bq?G@?_ce_@_LO,27,94,7,9.9152496239,2.9152496239,1.416464232,Solved
Z@O[I_geA??lsGw??AwE@iACjAAD_O_QKYH?GDcG?@X?[?JHAG`o@CQ_fA@?,27,92,7,9.9152329239,2.9152329239,1.4164618463,Solved
ZHO\MagcAC_L??S`_mTGCAdCcUA?@W?QeOIAIO?YHCQB@OOA_GW?WT@o?_Bo,27,93,7,9.9152171325,2.9152171325,1.4164595904,Solved
ZHO\M_geA?_lcGAQg_OcBpGE_G_CkPGS?@_Fo@CGDaG_GCXGCYCCa?H`?agG,27,93,7,9.9152000202,2.9152000202,1.4164571457,Solved
ZHOTI__e?Fwc_WsA@[GGeEBaK_@Gd?QG`??NGPD?t?@g?@PhA?P?CGK_OGgg,27,92,7,9.9151945444,2.9151945444,1.4164563635,Solved
ZHOTI__e?Fwc_WsA@[GGeEBaK_@Gd?QG`??NGPD?t?@g?BPhA?P?CGK_OGgg,27,93,7,9.9151890903,2.9151890903,1.4164555843,Solved
Z@oWG_JCDHs?PP__?g`OeOAYOaGHgPAAFQ?pACHTE?CgAK`AcAO?RC@iCGAG,27,91,7,9.915143032,2.915143032,1.4164490046,Solved
Z@oWG_JCDHsOPP__?g`OeOAYOaGHgPAAFQ?pACHTE?CgAK`AcAO?RC@iCGAG,27,92,7,9.9151425287,2.9151425287,1.4164489327,Solved
Z@O[MagWa`?B@PE@?P[o`GpC@XDGH?`CMgACO`?Y?ATW_HG?[GDIa_A_cAb?,27,94,7,9.9151398833,2.9151398833,1.4164485548,Solved
ZHOHAageAC_Lt?E`?YTGB_o@?`goG`GOIA?BI@aG`O__MGC@_@b??arGa_CG,27,90,7,9.9151303759,2.9151303759,1.4164471966,Solved
ZHoXG?BhA?@BHQcHYOsaO`I?POICAgpCDCcOIQO?C_R`?Y`?KGd_a@WCG`?W,27,93,7,9.9150873699,2.9150873699,1.4164410528,Solved
ZHOHAageAC_Lt?E`?YTGB`o@?`goG`GOIA?BI@aG`O__MGC@_@b??arGa_CG,27,91,7,9.9150865902,2.9150865902,1.4164409415,Solved
ZGOLEagEACchoDE__MMG@Cg_GChA_G@QeoGCP_GGHQCU??`A@AD??CI_gOGg,27,88,7,9.9150360625,2.9150360625,1.4164337232,Solved
ZHO\I?ge?FWchOSA@?xI`?tQOGO@CWe@CGGXo?Ggf??d?G`@K?TO?`I_B_Og,27,93,7,9.9150346822,2.9150346822,1.416433526,Solved
ZHOXI_ge?FOchOs??WAH`A?w?GWEgIDCIg?c?AE`IaAr?Ca?GohOF??a??M?,27,88,7,9.9150191806,2.9150191806,1.4164313115,Solved
ZHOXC_JHEc@J?H_c@G\GHocagA?`A_@pBC?aAOA_cC@gCI`C@AXH?oCgw?g?,27,90,7,9.9149941674,2.9149941674,1.4164277382,Solved
ZGoXG_J@E_?Jh@scUA?OIgS@?ahHO_Qc?QCF?aKUI?@c@AhA@QcS?e??OC?w,27,91,7,9.9149805539,2.9149805539,1.4164257934,Solved
ZGOWE_J?dGsOATo_ccI?HCIV?O`?CWCOcWSaCG`TS?_vA?G@KS_P@AD?H?DW,27,91,7,9.914969609,2.914969609,1.4164242299,Solved
ZGoXG_J@E_?Jh@scUA?OIgS@?ahHO_Qc?QCF?aKUI?@c@AhA@QcSGe??OC?w,27,92,7,9.914958004,2.914958004,1.416422572,Solved
Z?OWE?J@Kc@JhGsCTO@M?SHGPQ`s?@@Q@?Qrw`??OQg_g@X_?Fo?`o?KB??G,27,90,7,9.9149572498,2.9149572498,1.4164224643,Solved
Z@oXC_J?Kc@BSch@sa@QoO`LCgAcG?QBCCgHwC?GALGs?OsPs?@?GSaa?@iG,27,94,7,9.9149551976,2.9149551976,1.4164221711,Solved
ZHOXI_ge?FOchOs??WAH`A?w?GWEgIdCIg?c?AEgIaAr?CA?GohOF??c??`_,27,88,7,9.9149532505,2.9149532505,1.4164218929,Solved
ZHoWM_JCDHsO@LIS?OIC_CHGC@WoHeCCM_AOIc@A?OT_HUAsGH?@SAW??g@w,27,93,7,9.9149308111,2.9149308111,1.4164186873,Solved
Z@?[MaGWad[_IQ?\RA??FXGCBcOCEPOOMC?PU_O??LPbA?sWGGg_CCS?H?@w,27,93,7,9.9149161895,2.9149161895,1.4164165985,Solved
ZHO\I__e?Fwc`Os??SXOHSACCp?UGH?UCY_?_?DHOP?_EPP?@bI@OS@gACIG,27,91,7,9.9149085223,2.9149085223,1.4164155032,Solved
Z@OKMagWacP@Gpp?bAGIHDD@?ag`a_QOEc?DA_A_?s`s_?iG_UOSG?B_GcEG,27,93,7,9.914906687,2.914906687,1.416415241,Solved
ZHOWG_JODHcOPPc_wg?OiGGKB?OOQ[_CWGT`aoA@@CHA@ABHS?ooH?@qA_P?,27,90,7,9.914900943,2.914900943,1.4164144204,Solved
Z?OWMagWadPBGPo?aAGF@hACoDO?aOHDCYAAO@GG@_Wb?Q@w??XAQGAcO?Q_,27,88,7,9.9148818116,2.9148818116,1.4164116874,Solved
ZGoWG?JOdGcOAT__Wg?`HHCVR?@o`?@G\AA@kO?GGAlG@IIKGg@?D?EaHGCG,27,89,7,9.9148766475,2.9148766475,1.4164109496,Solved
ZHOTA_ga?DocgOs??EWUIS`JCG`?_yL?CGBC@Ao_Eg@ok@CI?GDCAcQ_H_KO,27,92,7,9.9148728314,2.9148728314,1.4164104045,Solved
ZGoXG_J@M_?Jh@scUA?OIgS@?ahHO_Qc?QCF?aKUI?@c@AhA@QcS?e??OC?w,27,92,7,9.9148540357,2.9148540357,1.4164077194,Solved
ZHO\I__e?Fw_hOSA?AXAHa?TQ?g@ckJ@?GMC?XI?CADc@`HE??dPKCA?OGKW,27,92,7,9.9148539755,2.9148539755,1.4164077108,Solved
ZH?LMagC?D_hoDAsS?aG`EAdSGe?g?@A[dO@?g`KoO__gOHQ_GHCHS?c?@Qg,27,92,7,9.9148524856,2.9148524856,1.4164074979,Solved
ZHO\I_geA@_he@?_cHKOH?{bC_cJ?@?iGAIRSGSCG?O_O_qGSOJEA?RG?JOG,27,93,7,9.9148419728,2.9148419728,1.4164059961,Solved
ZHOWM_BHMC@JhGocTO?`P?@oh?Y?`PPOO?FP__@gGPHBA@Bp?CO?o_`aC_PO,27,92,7,9.9148384635,2.9148384635,1.4164054948,Solved
ZGoXG_J@M_?Jh@scUA?OIgS@?ahHO_Qc?QCF?aKUI?@c@AhA@QcSGe??OC?w,27,93,7,9.9148323859,2.9148323859,1.4164046266,Solved
ZHO\I_ge?Fw_hOSA?AXAHa?TQ?g@CkJ@?GMC?XI?CADc@`HE??dPKCA?OGKW,27,92,7,9.9148247895,2.9148247895,1.4164035414,Solved
ZGOH?_ga?FwchOHSASWsKl?@SG?U?YN_A?@TOAI?@AgrO?@OA_h?TIAeA_Q?,27,92,7,9.9148047468,2.9148047468,1.4164006781,Solved
ZHO\IagE?C_lA?O`_YTGC?[VOEHO@K?aEOHA?w_WoOaShO??DCc??IJgdCG?,27,92,7,9.9147755266,2.9147755266,1.4163965038,Solved
ZH?\E_ge?Ewcs??w@@w@SOCOhC\G@as?_OgI?WGOGeHs`@G@_aC?DO@hOAEG,27,93,7,9.914771526,2.914771526,1.4163959323,Solved
Z@O\M_gcADcGa@Oc_kN?@_@OQ_X?TOQADCSDCBCPO?O?aOhCAcIAd?_wC?Ag,27,90,7,9.9147652316,2.9147652316,1.4163950331,Solved
Z@O\M_geAC_KsGw?DGOCj@IWGM?HOaCg?@?Fs?EG?BMs?@w?w?BEAOGcaOCO,27,92,7,9.9147542531,2.9147542531,1.4163934647,Solved
ZHO\MagE?DchoDE??eE?R?oZOGGHCpQ?C?TD?AwQD?@b?b@gCO??o?l_?ShO,27,93,7,9.9146736357,2.9146736357,1.416381948,Solved
ZHO\I_ge?Fw_hOSA?AXAHa?TQ?g@CkJ@?GMC?XI?CADc@`He??dPKCA?OGKW,27,93,7,9.9146676996,2.9146676996,1.4163810999,Solved
ZH?\I?ge?EwchOsG?@oCbeOGhCOf?A?cVG?a@WCG?QIb?oA?_XPHC?__@BCg,27,91,7,9.9146626668,2.9146626668,1.416380381,Solved
Z@O\M_geAC_KsGw?DGOCh@IWGM?HOaCg?@?Fs?EG?BMs?@w?w?BEBOGcaOCO,27,92,7,9.9146591847,2.9146591847,1.4163798835,Solved
Z@OHAAgeAC_lt?E`?YTGR`o?Ogj?gKK?CGAICGCXAe?aw?COGY@a@@BC@?KW,27,92,7,9.9146489234,2.9146489234,1.4163784176,Solved
ZH?\I?ge?EwchOsG?@oCbeOGhCOf?A?cVG?a@WCG?QIb?oA?_X@HC?a_@BCg,27,91,7,9.9146486858,2.9146486858,1.4163783837,Solved
ZHOWK_JHMc@JhHoCTOAI@C?rO??S_WIBC?C@G_EH@OpGIDCC?sgAA?T_Og`G,27,91,7,9.9146434519,2.9146434519,1.416377636,Solved
ZGO\M?geAC_lsGAAA[??co@[`@S`?GSGccR`K?OSGPG_gAQA@_B?kBCeGI?O,27,92,7,9.9146343736,2.9146343736,1.4163763391,Solved
ZGoWG?JOdGcOAT__wg?`HHCVP?@o`??G\AA@kO?GGAlG@IIKGg@?D?EaHGCG,27,88,7,9.9146262521,2.9146262521,1.4163751789,Solved
ZGOXE?J@McT?pG?FIQdO_??lCCG_EcS?CdGIKGPS@@K@?OF@pC@K?AQaY?__,27,90,7,9.9146082491,2.9146082491,1.416372607,Solved
Z@O[Ma_Wad?@HPe?Y?_CFAQCDp_pGc?_UCSGIP?Q@EBCO@pX@OOAKg?_@AEg,27,93,7,9.9145881545,2.9145881545,1.4163697364,Solved
ZHO\M_ge?Focs?@SC@wDEODEW?gGOhOCSB_`OC?g?QIi?GSh??B?WaC`O_@g,27,92,7,9.9145843658,2.9145843658,1.4163691951,Solved
ZHO\I_ge?FOC`OsA?M?sLH?W@SGGJA?SMW?H?gpH?OccBoC?o?`p?HA_E@HO,27,92,7,9.9145839153,2.9145839153,1.4163691308,Solved
ZHoX?_JHIC@Jh@scGgCAoA_MEC@@PGAES__T@QAIcG_@?WRSGb?_C?Ua@CCg,27,93,7,9.9145791851,2.9145791851,1.416368455,Solved
ZGOXE?J@McT?pG?VIQdO_??lCCG_EcS?CdGIKGPS@@K@?OF@pC@K?AQaY?__,27,91,7,9.9145708851,2.9145708851,1.4163672693,Solved
ZHO\M_?a?Fw_cGGD@@WFApG?gMOTG@I@?OHIO?cW?_[pCGAP?KBC`I@?AOKW,27,90,7,9.9145667131,2.9145667131,1.4163666733,Solved
ZHOXC_JHEc@J?H_c@G\GHocagA?`A_@pBC?aAQA_cC@gCI`C@AXH?oCgw?g?,27,91,7,9.9145608706,2.9145608706,1.4163658387,Solved
ZHO\K_gE?@wc?te?oA?B?pACDH_`DP?gk?DOS_DAGR_P@?MIO?mO{?GC?T?_,27,91,7,9.9145566458,2.9145566458,1.4163652351,Solved
ZHOXC_JHEc@J?H_c@G\GHocagA?`A_@pBC?aAOA_cCBgCI`C@AXH?oCgw?g?,27,91,7,9.9145258543,2.9145258543,1.4163608363,Solved
ZHO\I__e?Fw_hOSA?AXAHa?TQ?g@ckJ@?GMC?XI?CADc@`He??dPKCA?OGKW,27,93,7,9.9145247769,2.9145247769,1.4163606824,Solved
ZGOLEagEACchoDE__MMG@Cg_GChA_G@Qeo?CP_GWHQCU??`A@?d??CI_gOGg,27,88,7,9.9145008288,2.9145008288,1.4163572613,Solved
ZHoWC_JSdHsOPPh_GH?Oh_?c?`a_GHM?SGSDC_IGO@C?CGDp?CD?QScCO?`W,27,88,7,9.9144995002,2.9144995002,1.4163570715,Solved
ZHOWK_JhMcT??T?HY?WOUGoLD@C@?icgCGXGH?_hS@GQ?AB@JA@O__h?GGJO,27,93,7,9.9144972217,2.9144972217,1.416356746,Solved
