g6,n,edges,alpha,theta,gap,ratio,status
THoGG?JODHsOADs_wg?`GgSCZ??ig@@D@?GT,21,56,6,8.1413145985,2.1413145985,1.3568857664,Solved
THOXK_J?Mc?JhHsCTAAI_C?gADLO_?E?S?gp,21,57,6,8.1392489786,2.1392489786,1.3565414964,Solved
THoGG?JODHsOATs_wg?`GgSCZ??ig@@D@?GT,21,57,6,8.1360791444,2.1360791444,1.3560131907,Solved
THoWC_HSdHsOPPADQ?@?FPGCf??@DIAR?Q?J,21,56,6,8.1357608993,2.1357608993,1.3559601499,Solved
THOXK_J?Mc?JhHsCTAAI_C?gADLO_GE?S?gp,21,58,6,8.1344473224,2.1344473224,1.3557412204,Solved
THOHI_J@Gc?JOch@sA?oD?IWd?MCGs@OiWAC,21,57,6,8.1341371426,2.1341371426,1.3556895238,Solved
THoGG?JOCHsOADs_wg?`HgSCZ??ig@@D@?GT,21,56,6,8.1311580669,2.1311580669,1.3551930112,Solved
THOXK_J?AC@JhHsCT?AI_CAmgWAG`CCGS?`p,21,58,6,8.1303532482,2.1303532482,1.3550588747,Solved
THOXK_J?AC@JhHsCT?AI_CAmgWAG`CCGC?hp,21,58,6,8.1300360193,2.1300360193,1.3550060032,Solved
THOXK_J?AC@JhHscD?AI_CAmgWAI`CCGSOg_,21,58,6,8.1299230543,2.1299230543,1.3549871757,Solved
THoWC_JSdHsOPPh_?AY`HOq?g?C_CGI_G?Cj,21,57,6,8.1295289008,2.1295289008,1.3549214835,Solved
THO\M?geAC_hsGI??YGBQ_@PCOWs?p?GKCg`,21,57,6,8.1293772979,2.1293772979,1.3548962163,Solved
THoOC_JSdGcOPPATGX@@Ec?Ke@MG?_ODG?cJ,21,57,6,8.1285767368,2.1285767368,1.3547627895,Solved
THOXK_J?IC@JhHsCT?AI_CAmgWAG`?CGC?`p,21,57,6,8.1285316831,2.1285316831,1.3547552805,Solved
THoWM_JOd@oO?@HSg_OsC_?[GSGIOlC@COcH,21,57,6,8.1282165224,2.1282165224,1.3547027537,Solved
THOGK_JSdHsOADc??ChCEOQGdOa@AMG@_Y?I,21,56,6,8.1280420231,2.1280420231,1.3546736705,Solved
THOXK_J?IC@JhHsCT?AI_CAmgWAG`?CGC?hp,21,58,6,8.1280118166,2.1280118166,1.3546686361,Solved
THOWC_JSdHsOADc??ChCEOQGdO_@EMG@_Y?I,21,56,6,8.1279627994,2.1279627994,1.3546604666,Solved
THoGG?JOCHsOATs_wg?`HgSCZ??ig@@D@?GT,21,57,6,8.1276155838,2.1276155838,1.3546025973,Solved
THoGG?JOCHsOADs_wg?`HgSCZ??ig@@DD?GT,21,57,6,8.1268438422,2.1268438422,1.3544739737,Solved
TGoWK_JOdHsOPP?_iC`QBKGOCSI_QKC@CWQ@,21,58,6,8.1264645156,2.1264645156,1.3544107526,Solved
THO\I_ge?EWchOo?D@_FB?Ip?QS_@W@QGBS@,21,58,6,8.1264132527,2.1264132527,1.3544022088,Solved
THOXK_J?IC@JhHsCT?AI_CAmgWAG`?CGS?`p,21,58,6,8.1260095583,2.1260095583,1.3543349264,Solved
THOWK?JSdHsOPO?DSCWOSPOOA?w`KKc?oh@@,21,57,6,8.1259739357,2.1259739357,1.3543289893,Solved
THO\M_geA?_hsGI??YGBQ_@PCOWs?o?KKCg`,21,57,6,8.1249050312,2.1249050312,1.3541508385,Solved
THOXK_J?IC@JhHsCT?AI_CAmgWAG`?CGS?ho,21,58,6,8.1246802891,2.1246802891,1.3541133815,Solved
THOXK_J?Kc?JhHsCTAAI_CGG?DLO_G?ThB?J,21,58,6,8.1245474076,2.1245474076,1.3540912346,Solved
THOGC_ISdHcOPPH_GH?oF@DGU?d??wQiJO`?,21,57,6,8.1245292466,2.1245292466,1.3540882078,Solved
THO\MagE?CchoDE_Ga?ABPAE?D__SgE_W?b`,21,58,6,8.1243710558,2.1243710558,1.3540618426,Solved
THOXK_J?Mc?JhHsCTAAI_?AkADDO_?`@GB?J,21,57,6,8.1240367854,2.1240367854,1.3540061309,Solved
TH_WM_JCdHsOADo__CI?h?Qaa?g`AQG?KhO`,21,57,6,8.1240307965,2.1240307965,1.3540051328,Solved
THOXG_J?Mc@BhHs?TAAI_?AkADIG_GEIAg?R,21,57,6,8.1240005447,2.1240005447,1.3540000908,Solved
TH_WM_JCdHsOADo__CI?h?Qaa?g`AQGCKhO`,21,58,6,8.123982252,2.123982252,1.353997042,Solved
THOXK_J?Mc?JhHsCTAAI_?Ak?DLO_G`@GB?J,21,58,6,8.1239626554,2.1239626554,1.3539937759,Solved
THO\I_ge?EWchOs?D@_FB?Ip?OS_@W@QGBS@,21,58,6,8.1237237361,2.1237237361,1.353953956,Solved
THOWK_ISdHsOATS??ChCEaCNC?aIGO`?KJ@@,21,57,6,8.1236976683,2.1236976683,1.3539496114,Solved
THOWG_JSdHsOPOs_C?WAX`KIi??`K???{HS@,21,57,6,8.1236586727,2.1236586727,1.3539431121,Solved
THO\M_geAC_hsGI??YGBQ_@PCOWs?p?GKCg`,21,58,6,8.1235977806,2.1235977806,1.3539329634,Solved
THoWC_JSdHsOPPh_?AY`HOq?g?K_CGI_G?Cj,21,58,6,8.1234552378,2.1234552378,1.3539092063,Solved
THOWK_JSdHsOADc??ChCEOQGdO_@EMG@_Y?I,21,57,6,8.1234166559,2.1234166559,1.353902776,Solved
THOWK_JSdHsOPO?DSCWOSPOOA?w`KKc?oh@@,21,58,6,8.1233150778,2.1233150778,1.3538858463,Solved
THOXK_J?AC@JhHscT?AI_CAmgWAG`CCGC?`p,21,58,6,8.1232318181,2.1232318181,1.3538719697,Solved
THO\M?geAC_hsGI??YGBQ_@PCOWs?o?KMCg`,21,58,6,8.1231987839,2.1231987839,1.353866464,Solved
THO\M_geA?_hsGI??YGBQ_@PCOWs?o?KMCg`,21,58,6,8.1230236081,2.1230236081,1.353837268,Solved
THOWK?JSdHsOPO?DSCWOSPOOA?w`KKc?oh@B,21,58,6,8.1230186398,2.1230186398,1.35383644,Solved
THOHM_J@Gc?JOch@sA?oD?IWD?MCGs@OiWAC,21,57,6,8.1227495292,2.1227495292,1.3537915882,Solved
THO\EagE?DchoDE_Ga?BBPAEg?G@BG_SgBOI,21,58,6,8.122473721,2.122473721,1.3537456202,Solved
TGoWK_JOdHsOPO?_iC`QbKGOCSI_QKC@CWQ@,21,58,6,8.1223059757,2.1223059757,1.3537176626,Solved
THOWG?JSdHsOPPs?CCIIHACib??CQoQg?OAF,21,57,6,8.1222738414,2.1222738414,1.3537123069,Solved
THoGG?JOdHsOADs_wg?`GgSCZ??ig@@D@?GT,21,57,6,8.1220689522,2.1220689522,1.3536781587,Solved
THOWK_ISdHsOATS??CHCEaCNC?aIGO`?kJH@,21,58,6,8.1218552342,2.1218552342,1.353642539,Solved
THoGC_ISdHcOPPH_GH?oF@DGU?d??wQiJO`?,21,58,6,8.121789484,2.121789484,1.3536315807,Solved
THoWC_BSDHcOPOo_CCWQX`DG`@M`??CCkGUC,21,57,6,8.1217246012,2.1217246012,1.3536207669,Solved
THOGG?JOcHsOADs_wg?`HgSCZ??ig@@D@?GT,21,56,6,8.1216645588,2.1216645588,1.3536107598,Solved
THoOC_JSdGcOPPATGX@@Ec?Ke@MK?_ODG?cJ,21,58,6,8.1215228762,2.1215228762,1.353587146,Solved
THOXK_J?AC@JhHsCD?AI_CAmgWAI`CCGC?`p,21,57,6,8.1214859106,2.1214859106,1.3535809851,Solved
THOXK_J?Mc?JhHsCTAAI_C?kADLO_?E?S?gp,21,58,6,8.1213054392,2.1213054392,1.3535509065,Solved
T@OWC_J@Ec@JhHsCT?A_dXO?_wCS?qM???Dh,21,57,6,8.1212430881,2.1212430881,1.3535405147,Solved
THOXK_J?AC@JhHscT?AI_CAmgWAG`CCGC?hp,21,59,6,8.1208593888,2.1208593888,1.3534765648,Solved
THO\I_ge?FWchOO?aCGQ@?Fc_LOJ_E?PCY@H,21,59,6,8.1207758334,2.1207758334,1.3534626389,Solved
THOXK_J?Mc?JhHsCTAAI_C?gADLO_AE?S?gp,21,58,6,8.1207439874,2.1207439874,1.3534573312,Solved
THOWK_ISdHsOATS??CHCEaCNCAaIG?`?kJH@,21,58,6,8.1206419992,2.1206419992,1.3534403332,Solved
THOXK_J?EC@JhHscT?AI_CAk_w?GBKS?POo@,21,58,6,8.1206389249,2.1206389249,1.3534398208,Solved
THOXK_J?Mc?JhHsCTAAI_?AkADLO?A`@GB?J,21,58,6,8.1204421561,2.1204421561,1.353407026,Solved
THoWM_JOd@oO?@HSgcOsC_?[GSGIOlC@COcH,21,58,6,8.12037654,2.12037654,1.35339609,Solved
THoGK_JSdHsOADc??ChCEOQGdOa@AMG@_Y?I,21,57,6,8.1203050736,2.1203050736,1.3533841789,Solved
THOXK_J?AC@JhHsCD?AI_CAmgWAG`CCGS?`t,21,58,6,8.1203025529,2.1203025529,1.3533837588,Solved
THoWK_JODGsOPPATQO@?F_KD?@GOTGE_cOcD,21,57,6,8.1202820082,2.1202820082,1.3533803347,Solved
THOXK_J?IC@JhHsCT?AI_CAmgWAI`?CGC?`p,21,58,6,8.1201724773,2.1201724773,1.3533620795,Solved
T@?WK_JhMcT?SdPOYC?Q_G_K?gKOEJI?GADo,21,57,6,8.1200871679,2.1200871679,1.3533478613,Solved
THoWC_HSdHsOPPADQO@?FPGCf??@DIAR?Q?J,21,57,6,8.1198163298,2.1198163298,1.3533027216,Solved
THOXK_J?Mc?JhHsCT?AI_CGGADLO_??T`B?J,21,57,6,8.1198002394,2.1198002394,1.3533000399,Solved
THOOM_@HMC@JhGsCT??`P?@wJOPDG?pORC?R,21,58,6,8.1197922816,2.1197922816,1.3532987136,Solved
THOXK_J?IC@JhHsCT?AI_CAmgWAI`?CGC?hp,21,59,6,8.1196313645,2.1196313645,1.3532718941,Solved
TGoWK_JOdHsOPP__iC`QBKGOCSI_QKC@CWQ@,21,59,6,8.1196039041,2.1196039041,1.3532673174,Solved
T@OWC_J@Ec@BhGscTOA_dXO?_OCS?yM?G?dg,21,57,6,8.1195747135,2.1195747135,1.3532624523,Solved
THOGK_JSdHsOADc??ChCEOQGdOa@EMG@_Y?I,21,57,6,8.1195327803,2.1195327803,1.3532554634,Solved
THOXK_J?IC@JhHsCT?AI_CAmgWAG`?CGS?hp,21,59,6,8.1195241697,2.1195241697,1.3532540283,Solved
T@OWC_J@Ec@BhGscTOA_dXO?_WCS?yM?G?dg,21,58,6,8.1194627002,2.1194627002,1.3532437834,Solved
THoWC_JSdHsOADc??ChCEOQGdO_@EMG@_Y?I,21,57,6,8.1193461788,2.1193461788,1.3532243631,Solved
T@?WK_JhMcT?SdXOY??QoG_K?kGCBbI?IGAB,21,58,6,8.1192926002,2.1192926002,1.3532154334,Solved
T@?WK_JhMcT?SdPOYC?Q_G_K?kKOEJI?GADo,21,58,6,8.119219712,2.119219712,1.3532032853,Solved
THOXK_J?IC@JhHscT?AI_C?mgWAI`?CGS?go,21,58,6,8.1191810925,2.1191810925,1.3531968487,Solved
THOXK_J?Kc?JhHsCTAAI_C?gADLO_IE?S?gp,21,58,6,8.1190847602,2.1190847602,1.3531807934,Solved
THOXK_J?IC@JhHsCT?AI_C?mgWAI`?CGS?ho,21,58,6,8.1190517548,2.1190517548,1.3531752925,Solved
THO\M?geAC_hsGI??YGBQ_@PCOWs?p?GMCg`,21,58,6,8.1189933355,2.1189933355,1.3531655559,Solved
THOWK_JSdHsOADc??ChCEOQGdOa@AMG@_Y?I,21,57,6,8.1189629896,2.1189629896,1.3531604983,Solved
THOXK_J?IC@JhHscT?AI_?AmgOAI`?`@_ACF,21,58,6,8.1188894818,2.1188894818,1.353148247,Solved
THOWE_AGKcT?pG?Ewa?sA?t_f@?`HGJI?_GJ,21,57,6,8.1188057656,2.1188057656,1.3531342943,Solved
THOXK_J?IC@JhHsCT?AI_C?mgWAI`?CGS?hp,21,59,6,8.1187158023,2.1187158023,1.3531193004,Solved
THOWK_JOcHsOPPATWOH?EaCDOcGoD@I@QA?U,21,58,6,8.1186735267,2.1186735267,1.3531122545,Solved
THOGG?JOcHsOATs_wg?`HgSCZ??ig@@D@?GT,21,57,6,8.1186206858,2.1186206858,1.3531034476,Solved
THOXK_J?Mc?JhHsCTAAI_C?kADLO_GE?S?gp,21,59,6,8.1184732488,2.1184732488,1.3530788748,Solved
THOXK_J?IC@JhHscT?AI_C?mgWAI`?CGS?gp,21,59,6,8.1184722656,2.1184722656,1.3530787109,Solved
THOWC_JHEC@JhHsCTOAI@?_qg?G@QicGG?Oj,21,58,6,8.1182690345,2.1182690345,1.3530448391,Solved
THOXMagE?DchoDE_Wa?BBPAEg?G@J?_SgBOI,21,59,6,8.118251339,2.118251339,1.3530418898,Solved
THOXC_HhMcT??t?JA?YIAc_EE?_@WhA@D?PL,21,58,6,8.1181600936,2.1181600936,1.3530266823,Solved
THOWK_ISdHsOATs??ChCEaCNC?aIGO`?KJ@@,21,58,6,8.1181577821,2.1181577821,1.353026297,Solved
T@OWK_JhMcT?SdXOYC?Q_G_K?lCOCPC@`D?B,21,58,6,8.1181434889,2.1181434889,1.3530239148,Solved
THOXK_J?IC@JhHscT?AI_CAmgWAI`?CGC?_p,21,58,6,8.118130239,2.118130239,1.3530217065,Solved
THOWC_JHEC@JhHsCTOAI@?_qg?G@OicGG@Oj,21,58,6,8.1180821407,2.1180821407,1.3530136901,Solved
T@?WC_JhMcT?SdXOY??QoG_KCkGCBiM?AGAB,21,58,6,8.1180062209,2.1180062209,1.3530010368,Solved
THOXK_J?AC@JhHscT?AI_CAmgWAI`CCGC?_p,21,58,6,8.1179853582,2.1179853582,1.3529975597,Solved
THOXK_J?AC@JhHsCT?AI_CAmgWAI`CCGC?`p,21,58,6,8.1179426106,2.1179426106,1.3529904351,Solved
TH?XA_JhMcT??tC?_`a@A`oFE???b\AB?WAT,21,58,6,8.1179227658,2.1179227658,1.3529871276,Solved
TGoWK_HSdHsOPP_?b@`OaPGXOd?E@K?_Sq_@,21,58,6,8.1178967887,2.1178967887,1.3529827981,Solved
THOXK_J?IC@JhHscT?AI_CAmgWAI`?CGC?gp,21,59,6,8.1178859334,2.1178859334,1.3529809889,Solved
THoWC_JSdGcOPPATGX@@Ec?Ke@MG?_ODG?cJ,21,58,6,8.117804872,2.117804872,1.3529674787,Solved
THOXK_J?AC@JhHscT?AI_CAmgWAI`CCGS?_p,21,59,6,8.1176923334,2.1176923334,1.3529487222,Solved
THoWC_HSdHsOPPADQ?@?FPGCf??@FIAR?Q?J,21,57,6,8.1176234585,2.1176234585,1.3529372431,Solved
THOLI__e?FwcaW_?BO`IbDGOAUGQAM?@CSI@,21,58,6,8.1175028498,2.1175028498,1.3529171416,Solved
THoWC_JSdGcOPPATGX@@Ec?Ke@MG?_@GCWAd,21,58,6,8.117439564,2.117439564,1.352906594,Solved
THoGG?JOdHsOADs_wg?`GgSCZ??ig@@DD?GT,21,58,6,8.1173276616,2.1173276616,1.3528879436,Solved
T@OWC_J@Ec@JhHsCT?A_dXO?_wCS?yM???Dh,21,58,6,8.1172152564,2.1172152564,1.3528692094,Solved
THOXK_J?IC@JhHsCT?AI_CAmgWAI`?CGS?`p,21,59,6,8.11717001,2.11717001,1.3528616683,Solved
T@O\M_geAC_hsGI??YGBQ_@PCOWs?p?GMCg`,21,58,6,8.1171586431,2.1171586431,1.3528597738,Solved
T@OWK_JhMcT?SdXOYC?Q_G_K?lCOCIIG?A?r,21,58,6,8.117101546,2.117101546,1.3528502577,Solved
TH?WE_J@MC?BhHocTA?M@CHSJCD?_goID?Ak,21,58,6,8.1170623586,2.1170623586,1.3528437264,Solved
THOXK_J?Kc?JhHsCTAAI_CGK?DLO_G?ThB?B,21,58,6,8.1169300367,2.1169300367,1.3528216728,Solved
THOXK_J?Kc?JhHsCTAAI_C?kADL?_IE?S?hp,21,59,6,8.1169091317,2.1169091317,1.3528181886,Solved
THoWK_JOCHsOPPATC?YcQ__Gd?A`GSC`KGQK,21,58,6,8.1168495125,2.1168495125,1.3528082521,Solved
THOXK_J?Kc?JhHsCTAAI_CGK?DLO_G?ThB?J,21,59,6,8.1167474965,2.1167474965,1.3527912494,Solved
T@oWE_JSd@oO@HH_WOOAiE?M?RGMOQGWG_?r,21,58,6,8.1166401287,2.1166401287,1.3527733548,Solved
THOXK_J?IC@JhHscT?AI_CAmgWAI`?CGS?go,21,59,6,8.1166318697,2.1166318697,1.3527719783,Solved
THOXK_J?AC@JhHsCD?AI_CAmgWAI`CCGS?`p,21,58,6,8.1165354162,2.1165354162,1.3527559027,Solved
T@OLAageAC_hp?x?@WG@d@oCgIG`PB?gSODS,21,58,6,8.1164971558,2.1164971558,1.352749526,Solved
T?oWK_@CDHsOOPs_DAWHiOs?OchU_C?Ckq_@,21,58,6,8.1164528722,2.1164528722,1.3527421454,Solved
T@?WK_JhMcT?SdPOYC?Q_G_K?k?CBjI?IGBG,21,57,6,8.116385854,2.116385854,1.3527309757,Solved
THOXK_J?AC@JhHscD?AI_CAmgWAI`CCGSOgo,21,59,6,8.1163566228,2.1163566228,1.3527261038,Solved
THOXK_J?AC@JhHsCD?AI_CAmgWAI`CCGC?hp,21,58,6,8.1163423609,2.1163423609,1.3527237268,Solved
T@OKAageAC_hp?x?@WG@d@oCgIG`PB?gSQDS,21,58,6,8.1163150267,2.1163150267,1.3527191711,Solved
THOXK_J?AC@JhHscT?AI_CAmgWAI`CCGC?gp,21,59,6,8.1163033265,2.1163033265,1.3527172211,Solved
THOHI_J@Gc@JOch@sA?oD?IWd?MCGs@OiWAC,21,58,6,8.1161565971,2.1161565971,1.3526927662,Solved
THOHM_J@Gc@JOCh@sA?_D?IWd?MCGs@OiWAC,21,57,6,8.1161058738,2.1161058738,1.3526843123,Solved
T@?WK_JhMcT?SdPOYC?Q_G_K?kGCBjI?IGBG,21,58,6,8.1160225111,2.1160225111,1.3526704185,Solved
THOXC?J?Mc@JhGcCTAAI_AAsO_mC_IIB?ADS,21,58,6,8.115958074,2.115958074,1.352659679,Solved
THOXK_J?Mc?JhHoCTAAI_?AkADLO?a`@GB@J,21,59,6,8.1159175352,2.1159175352,1.3526529225,Solved
THoWM_BSDHc?ACs_ccS?hEGC@LKC`HEC@CCB,21,58,6,8.1159067628,2.1159067628,1.3526511271,Solved
T@?WK_JhMcT?SdPOY??QoG_K?k?CBjI?IGBG,21,57,6,8.1158551641,2.1158551641,1.3526425274,Solved
THOWK_ISdHsOATS??ChCEaCNCAaIG?`?KJ@@,21,57,6,8.1158474146,2.1158474146,1.3526412358,Solved
THOXK_J?IC@JhHsCT?AI_CAmgWAG`CCGC?`p,21,58,6,8.1157920302,2.1157920302,1.352632005,Solved
THOXC_J@Cc@Jh@scTAAM@?M?YAA?oG@JEc?H,21,58,6,8.1157839822,2.1157839822,1.3526306637,Solved
THOWK_ISdHsOATS??ChCEaCNC?aIGO`?Kj?@,21,57,6,8.115710085,2.115710085,1.3526183475,Solved
TH?WE_J@Mc?Bh@ocTA?M@CHSJCD?_goAD?Al,21,58,6,8.1156199089,2.1156199089,1.3526033182,Solved
THO\MagE?DchoDE_Ga?BBPAEg?G@BG_SgBOI,21,59,6,8.1155289527,2.1155289527,1.3525881588,Solved
T@?WK_JhMcT?SdPOY??QoG_K?kGCBjI?IGBG,21,58,6,8.1155096098,2.1155096098,1.352584935,Solved
THO\M_geAC_hsGI??YGBQ_@PCOWs?o?KKCg`,21,58,6,8.1154356759,2.1154356759,1.3525726126,Solved
THOWC_JHEC@JhHsCTOAI@?_qg?G@QicGG@Oj,21,59,6,8.1152367755,2.1152367755,1.3525394626,Solved
THOXK_J?Mc?JhHsCTAAI_?AkADLO?a`@GB?J,21,59,6,8.115100573,2.115100573,1.3525167622,Solved
T@OWM?BGEC@AhHScTO?`P@SDQCKH_GAJCgGH,21,56,6,8.1150250026,2.1150250026,1.3525041671,Solved
THoGG?JOdHsOATs_wg?`GgSCZ??ig@@D@?GT,21,58,6,8.1150097714,2.1150097714,1.3525016286,Solved
THOXK_J?Mc@JhHsCTAAI_C?gADLO_?E?S?gp,21,58,6,8.1149419141,2.1149419141,1.352490319,Solved
THOPC_J@Cc@Jh@scTAAM@?M?YAAAoG@JEc?H,21,58,6,8.1149266823,2.1149266823,1.3524877804,Solved
THoWC_JCdHsOPPh_?AY`HOq?g?_I_K_CG?cJ,21,57,6,8.1148157166,2.1148157166,1.3524692861,Solved
THOXK_J?Mc?JhHsCTAAI_CGGADLO_??T`B?J,21,58,6,8.1147473892,2.1147473892,1.3524578982,Solved
THoWM_BScGsOATc_CEH?U?PKW?HCCMH?d?l?,21,58,6,8.1147372977,2.1147372977,1.3524562163,Solved
THoOC_JSdHcOPPATGX@@Ec?Ke@MG?_ODG?cJ,21,58,6,8.1147203998,2.1147203998,1.3524534,Solved
THOXG_JhKCT??t?HI?XOUPOQY?I?aG@XOD?R,21,58,6,8.1147191344,2.1147191344,1.3524531891,Solved
THOXK_J?Mc?JhHsCTAAI_?AkADDO?I`@GB?J,21,58,6,8.1146506467,2.1146506467,1.3524417744,Solved
THO\I__c?FWchO?E_]C_AIBKGaOCIKp?DCW@,21,58,6,8.1146163714,2.1146163714,1.3524360619,Solved
THOWG?JSdHsOPPs?CCIIHACib??CQo`CCHS@,21,57,6,8.1146068389,2.1146068389,1.3524344731,Solved
THoWK?JScHsOPOs_CCII@ACgaGW?Y`Q_EOAD,21,58,6,8.114603225,2.114603225,1.3524338708,Solved
THoWK_JSdHsOADc??ChCEOQGdO_@EMG@_Y?I,21,58,6,8.1144648112,2.1144648112,1.3524108019,Solved
THO\EagE?DchoDE_Ga?BBPAEg?G@BG_CgBOJ,21,58,6,8.1144175655,2.1144175655,1.3524029276,Solved
TH?WE_J@Mc?Bh@ocTA?M@CHSJCD?_goID?Ak,21,58,6,8.1142913484,2.1142913484,1.3523818914,Solved
THOWC_JSdHsOADc??ChCEOQGdOa@EMG@_Y?I,21,57,6,8.1142755808,2.1142755808,1.3523792635,Solved
THO\EagE?DchoDE_Ga?BBPAEg?G@BG_SgBOJ,21,59,6,8.1142439491,2.1142439491,1.3523739915,Solved
THOXK_J?IC@JhHscT?AI_CAmgWAI`?CGS?gp,21,60,6,8.114192533,2.114192533,1.3523654222,Solved
THOXK_J?Mc@JhHsCTAAI_C?gADLO_GE?S?gp,21,59,6,8.1141318809,2.1141318809,1.3523553135,Solved
THO[M_geAC_LsGI??YWBQ_@PCOWs?o?KKcG`,21,58,6,8.1140853096,2.1140853096,1.3523475516,Solved
THOPG_H?McT?pG?FwaAEAeCCBU@AAOo@gCkB,21,58,6,8.1140025829,2.1140025829,1.3523337638,Solved
THOXK_J?AC@JhHsCT?AI_CAmgWAI`CCGS?`p,21,59,6,8.1139949174,2.1139949174,1.3523324862,Solved
THO[M_geAC_LsGI??YWBQ_@PCOWs?o?MKcG`,21,59,6,8.1139660188,2.1139660188,1.3523276698,Solved
THOXK_J?Kc?JhHsCTAAI_CGGADLO_G?T`B?J,21,58,6,8.1139078772,2.1139078772,1.3523179795,Solved
THOXK_J?Kc?JhHsCTAAI_C?kADLO_IE?S?gp,21,59,6,8.1138990596,2.1138990596,1.3523165099,Solved
THO\M_geAC_hsGI??YGBQ_@PCOWs?o?KMCg`,21,59,6,8.1138799971,2.1138799971,1.3523133329,Solved
THOWK_J?Mc@BhHsCTAAI_??kADII_GEIAg?B,21,57,6,8.1138691995,2.1138691995,1.3523115333,Solved
THoWC_JSdHsOPPADQ?@?FPGCf??@DIAR?Q?J,21,57,6,8.1138581047,2.1138581047,1.3523096841,Solved
THO\M__c?FocOG?BC_WcCAWKYBAG_PAGmG`O,21,57,6,8.1138502248,2.1138502248,1.3523083708,Solved
THO[M_geAC_lsGI??YWBQ_@PCOWs?O?KKcG`,21,58,6,8.1137921523,2.1137921523,1.3522986921,Solved
THOWG_JOdHsOPOs_C?WAX`KIi??`K??A{HS@,21,57,6,8.1137459353,2.1137459353,1.3522909892,Solved
THoWC_BSDHcOPOo_CCWQX`DG`@M`G?CCkGUC,21,58,6,8.1137236875,2.1137236875,1.3522872812,Solved
T@?WK_JhMcT?SdXOY??QoG_K?kGCBaI?IGAJ,21,58,6,8.1137123083,2.1137123083,1.3522853847,Solved
T@?WK_JhMcT?SdXOY??QoG_K?kGCBbI?IGAJ,21,59,6,8.1136388306,2.1136388306,1.3522731384,Solved
THOWC_BSDHsOP@c_c?GUP?LJE?GM`@OASOac,21,57,6,8.1136322468,2.1136322468,1.3522720411,Solved
THOKMa_CADchoDC__kHC`aATS_OVC@G_UGCC,21,59,6,8.1136220298,2.1136220298,1.3522703383,Solved
THO[M_geAC_lsGI??YWBQ_@PCOWs?O?MKcG`,21,59,6,8.1136092325,2.1136092325,1.3522682054,Solved
THOWK?JSCHsOPPs_CC?OZaCG_JIE?oQ_IO?b,21,57,6,8.1135712345,2.1135712345,1.3522618724,Solved
THoWK_JS@HS?_AE@ggHSC?FFQ?H@`?Eq?CEF,21,57,6,8.1135627503,2.1135627503,1.3522604584,Solved
THOXK_J?AC@JhHsCT?AI_CAmgWAI`CCGC?hp,21,59,6,8.1135212274,2.1135212274,1.3522535379,Solved
T@OLAageAC_hp?x?@WG@d@oCgIG`PB?gSQDS,21,59,6,8.1134475067,2.1134475067,1.3522412511,Solved
T@?WK_JhMcT?SdXOY??QoG_K?kKOEBI?GA?r,21,58,6,8.1134279641,2.1134279641,1.352237994,Solved
T@?WK_JhMcT?SdPOYC?Q_G_K?gKOEJI?GADp,21,58,6,8.1134125531,2.1134125531,1.3522354255,Solved
T@?WK_JhMcT?SdXOYC?Q_?_K?lCOCXC@hDCG,21,58,6,8.1133788863,2.1133788863,1.3522298144,Solved
THOWG?JSdHsOPPs?CCIIHACib??CQoQi?OAF,21,58,6,8.1133113165,2.1133113165,1.3522185527,Solved
T@?WK_JhMcT?SdPOYC?Q_G_K?kKOEJI?GADp,21,59,6,8.1133110603,2.1133110603,1.35221851,Solved
THO\I_ga?FwchO?_r@HAiOCQ?_Y`a?EGO?IF,21,59,6,8.1132322187,2.1132322187,1.3522053698,Solved
THOXK_J?IC@BhHscD?AI_CAmgWAG`CCGC?`t,21,58,6,8.1131132889,2.1131132889,1.3521855481,Solved
THOWE_AGKcT?pG?Ewa?sA?t_f@?`HGJI?_?Z,21,57,6,8.1130985383,2.1130985383,1.3521830897,Solved
THOXK_J?IC@BhHscD?AI_CAmgWAG`CCGS?`t,21,59,6,8.1130963403,2.1130963403,1.3521827234,Solved
THoGG?JOcHsOADs_wg?`HgSCZ??ig@@D@?GT,21,57,6,8.1130915907,2.1130915907,1.3521819318,Solved
THoWC_JSdHcOPPATGX@@Ec?Ke@MG?_ODG?cB,21,58,6,8.1130008193,2.1130008193,1.3521668032,Solved
THOXK_J?Mc?JhHsCTAAI_?AkADLO_?`@GB?J,21,58,6,8.1129901281,2.1129901281,1.3521650214,Solved
THO\I_ga?Bwcs?@SC@WCEaOG?SWoHaGOSBaD,21,58,6,8.1129554503,2.1129554503,1.3521592417,Solved
THOWK?JSdHsOPO?DSCWOUPOOA?w`KKc?_h@@,21,57,6,8.1129513466,2.1129513466,1.3521585578,Solved
T@OWM?JGEC@AhHScTO?`P@SDQCCH_GAJCgGH,21,56,6,8.1129477782,2.1129477782,1.352157963,Solved
T@?WK_JhMcT?SdXOYC?Q_G_K?lCOCPC@hD?B,21,58,6,8.1129068203,2.1129068203,1.3521511367,Solved
THOXC_JhMcD??t?JA?YIAc_EE?_@WhA@D?PL,21,58,6,8.1129054053,2.1129054053,1.3521509009,Solved
T@OWK_JhMcT?SdXOY??QoG_K?lCOCIIG?A?r,21,58,6,8.1128848942,2.1128848942,1.3521474824,Solved
THOXK_J?Mc?JhHsCT?AI_C?kADLO_AE?S?gp,21,58,6,8.1128682553,2.1128682553,1.3521447092,Solved
THoWK_JS@HS?_AE@ggHUC?FFQ?H@`?Eq?CEB,21,57,6,8.1128517988,2.1128517988,1.3521419665,Solved
THoOC_JSdGcOPPATGX@@Ec?Ke@MG?_@GSWAd,21,58,6,8.1128361089,2.1128361089,1.3521393515,Solved
THOXK_J?AC@JhHscT?AI_CAmgWAI`CCGS?go,21,59,6,8.1127329652,2.1127329652,1.3521221609,Solved
THO\MagE?CchoDE_Ga?ABpAE?D__SgE_W?b`,21,59,6,8.1127267912,2.1127267912,1.3521211319,Solved
THO\I_ge?FWcS??pc@sHC?sMH?_@?WoQccPA,21,59,6,8.1127023795,2.1127023795,1.3521170633,Solved
THoGG?JOCHsOATs_wg?`HgSCZ??ig@@DD?GT,21,58,6,8.1126750263,2.1126750263,1.3521125044,Solved
T@?WK_JhMcT?SdXOY??QoG_K?lCOCPC@hD?B,21,58,6,8.1126514053,2.1126514053,1.3521085675,Solved
THO\M_geAC_hsGI??YGBQ_@PCOWs?p?GMCg`,21,59,6,8.1125941678,2.1125941678,1.352099028,Solved
THOXK_J?IC@JhHsCT?AI_CAmgWAI`?CGS?ho,21,59,6,8.1125691323,2.1125691323,1.3520948554,Solved
THoWC_JCdHsOP@h_?EWO@POCBIO`E_QgFO?c,21,58,6,8.1124634865,2.1124634865,1.3520772478,Solved
THOXK_J?Mc?JhHsCTAAI_CGG?DLO_G?ThB?J,21,59,6,8.1124029754,2.1124029754,1.3520671626,Solved
THO\M_geA?_lsGI??YWBQ_@PCOWs?o?MKCG`,21,59,6,8.1123876115,2.1123876115,1.3520646019,Solved
T?oWK_HCDHsOPPS_DAWHiOs?OchU_C??kq_@,21,58,6,8.1123483945,2.1123483945,1.3520580658,Solved
TH?WE_J@Mc?Bh@ocTA?M@CHSJCD?_goID?Al,21,59,6,8.1123106475,2.1123106475,1.3520517746,Solved
THO\I_ge?FWchO??aSKQ@?Fc_LOJ_E?OCY@H,21,59,6,8.1122727134,2.1122727134,1.3520454522,Solved
THOWE_JGAc@JhHScTO@M???{?wKc?K@O`C?J,21,57,6,8.112245515,2.112245515,1.3520409192,Solved
T@OWC_J@Ec@JhHscT?A_dX??_WCS?yM?G?dg,21,58,6,8.1122443667,2.1122443667,1.3520407278,Solved
THOXK_J?IC@JhHsCT?AI_CAmgWAG`CCGS?`p,21,59,6,8.1122432598,2.1122432598,1.3520405433,Solved
THOXK_J?AC@JhHsCD?AI_CAmgWAI`CCGS?_t,21,58,6,8.1122186468,2.1122186468,1.3520364411,Solved
THoGG?JODHsOATs_wg?`GgSCZ??gg@@DD?GT,21,57,6,8.1121743857,2.1121743857,1.3520290643,Solved
THOXK_J?Mc?JhHsCTAAI_?AkADDO_G`@GB?J,21,58,6,8.1121596134,2.1121596134,1.3520266022,Solved
THoOC_JScHsOPPATGX@?Ec?Ke@MK?_ODG?cJ,21,58,6,8.1120723383,2.1120723383,1.3520120564,Solved
TGoWK_HOdHsOPP_?b@`OaPGXOd@E@K?_Sq_@,21,58,6,8.1120309546,2.1120309546,1.3520051591,Solved
THO[I__e?FwcaWsADGACc?@[?`os?H?[CDoH,21,59,6,8.1119359649,2.1119359649,1.3519893275,Solved
THOXC_J?Mc@JhHsCTAAI_C?cADGHOLO_SB?g,21,58,6,8.1119183084,2.1119183084,1.3519863847,Solved
THOWG_JHMc@Jh?cCTO?I@A_sAD?`DL@?h?OJ,21,57,6,8.1118500711,2.1118500711,1.3519750118,Solved
THoWM_H?dGsO?To_ccI?hCIUOOA@WH?CWI?R,21,57,6,8.1118281473,2.1118281473,1.3519713579,Solved
THOWE_JhMcD??t?JGOLODp_AOC_GOg_EOb?B,21,57,6,8.1118181941,2.1118181941,1.351969699,Solved
THO\I__e?FwcaWS?@S@I??du?@pOWK?AdCQ@,21,58,6,8.1118161144,2.1118161144,1.3519693524,Solved
THoWE_JSc@sO@HH_WOOAiE?E?BGMOQGWG_?r,21,57,6,8.1118065841,2.1118065841,1.351967764,Solved
THoWE_BSDHcOACs_ccS?hEGC@LKC`HEC@CcA,21,58,6,8.1118018986,2.1118018986,1.3519669831,Solved
T@OWC_J@Ec@JhHscT?A_dXO?_OCS?yM?G?dg,21,58,6,8.1117630277,2.1117630277,1.3519605046,Solved
THOXK_J?IC@JhHsCT?AI_CAmgWAG`CCGC?hp,21,59,6,8.1117526274,2.1117526274,1.3519587712,Solved
T@OWK_JhMcT?SdXOYC?Q_G_K?lCOCPC@`DCB,21,59,6,8.111631007,2.111631007,1.3519385012,Solved
THO[I__e?FwcaWsADGACc?@[?`os?X?[CDoG,21,59,6,8.1116176067,2.1116176067,1.3519362678,Solved
THoWK_JSdGSOPPACYO@?B`KC?HgOsaE?KOd@,21,58,6,8.1115654623,2.1115654623,1.3519275771,Solved
T@OWK_JhMcT?SdXOY??QoG_K?lCOCPC@`DCB,21,59,6,8.1115604494,2.1115604494,1.3519267416,Solved
THO[I__e?Fw_aWsADGACc?@[C`os?H?[CDoH,21,59,6,8.1115151808,2.1115151808,1.3519191968,Solved
THOXK_J?Mc?JhHsCTAAI_?AkADLO?A`@GB@J,21,59,6,8.1115052032,2.1115052032,1.3519175339,Solved
THO\M_geAC_LsGI??YGBQ_@PCOWs?o?KMCG`,21,58,6,8.1114862931,2.1114862931,1.3519143822,Solved
T@?WC_JhMcT?SdXOYC?Q_G_KCkGCBiM?AGAB,21,58,6,8.1114200526,2.1114200526,1.3519033421,Solved
THOHM_J@Gc?JOch@sA?oD?IWd?MCGs@OiWAC,21,58,6,8.1114172592,2.1114172592,1.3519028765,Solved
T@?WK_JhMcT?SdPOY??QoG_K?gKOEJI?GADo,21,57,6,8.111395678,2.111395678,1.3518992797,Solved
THOWC_JSdHsOADc??ChCEOQKdO_@EMG@_Y?I,21,57,6,8.1113833869,2.1113833869,1.3518972312,Solved
THOWK_JSdHsOPO?DSCWOSPOOA?w`KKc?oh@B,21,59,6,8.1113508833,2.1113508833,1.3518918139,Solved
T@?WK_JhMcT?SdXOYC?Q_G_K?kGCBbI?IGAB,21,58,6,8.1112712957,2.1112712957,1.3518785493,Solved
THoWM_H?dGsO?To_ccI?hCIUOOA@WHGCWI?R,21,58,6,8.1111522803,2.1111522803,1.3518587134,Solved
THOWK_JSdHsOPO?DSCWOUPOOA?w`KKc?_h@@,21,58,6,8.1111391344,2.1111391344,1.3518565224,Solved
THO\M?geAC_hsGI??YGBQ_@PCOWs?o?MMCg`,21,59,6,8.1111388577,2.1111388577,1.3518564763,Solved
THoWK_JSdGSOPPACYO@?B`KC?LgOsaE?KOd@,21,59,6,8.1110582097,2.1110582097,1.351843035,Solved
THO\M_geA?_hsGI??YGBQ_@PCOWs?o?MMCg`,21,59,6,8.1110489824,2.1110489824,1.3518414971,Solved
THOHM_J@Gc@JOCh@sA?oD?IWD?MCGs@OiWAC,21,57,6,8.1110184301,2.1110184301,1.351836405,Solved
THO\I__c?FWchOOE_]C_AIBKGaOEIKP?DCW@,21,59,6,8.111004297,2.111004297,1.3518340495,Solved
T?oWK_@CDHsOPPS_DAWHiOs?OchU_C?Ckq_@,21,58,6,8.1109299193,2.1109299193,1.3518216532,Solved
T@OWE_JhMcD??t?JGQLODp_AOC_GOg_EOb?B,21,57,6,8.1109206366,2.1109206366,1.3518201061,Solved
T@OWK_JhMcT?SdXOYC?Q_G_K?lCOCIIGOA?r,21,59,6,8.1108740592,2.1108740592,1.3518123432,Solved
THOXK_J?Mc?JhHsCTAAI_C?gADLO_IE?S?gp,21,59,6,8.110873471,2.110873471,1.3518122452,Solved
THO\M_geA?_lsGI??YGBQ_@PCOWs?o?KMCG`,21,58,6,8.1108186324,2.1108186324,1.3518031054,Solved
THoWC_JCdHsOP@h_?EGO@PoCBIO`Ee_@GGSB,21,58,6,8.1108152683,2.1108152683,1.3518025447,Solved
THoOM_JO@HSO_EA__Hg`DhKOO\?O`CC?kDEA,21,57,6,8.1107588469,2.1107588469,1.3517931412,Solved
THoWM_H?dGsO?To_ccI?hCGUOOa@WH?CWI?R,21,57,6,8.1107177886,2.1107177886,1.3517862981,Solved
THOOM_@HMC@JhGsCT??`P?@wJOPDI?pORC?R,21,59,6,8.1106973776,2.1106973776,1.3517828963,Solved
THOWK_JOcHsOPPATWOH?De_COa`GAI?WSHOP,21,58,6,8.1106570689,2.1106570689,1.3517761781,Solved
THO[MagEADc`oDC__kHC`aASJ?A`?g?iCc?L,21,59,6,8.110653531,2.110653531,1.3517755885,Solved
TGoWK_JOdHsOPO__iC`QbKGOCSI_QKC@CWQ@,21,59,6,8.1105984357,2.1105984357,1.351766406,Solved
THO\I_ge?FWcS??pc@sHC?sMH?_@CWoQCcPA,21,59,6,8.1105946016,2.1105946016,1.3517657669,Solved
TGoWK_JScHsOADo_CeH?UCAOHCiICDC?TO_P,21,58,6,8.1105736332,2.1105736332,1.3517622722,Solved
THOW?_JhMcT??t?JA?\S@OOOEC_s_PAONCA@,21,57,6,8.1105561647,2.1105561647,1.3517593608,Solved
THO[I__e?FwcaWsATG?Cc?@[Y?H?SGJ_O?Dr,21,59,6,8.1104848594,2.1104848594,1.3517474766,Solved
THOWG?JSdHsOPPs?CCII@ACib??CQo_CKHS`,21,57,6,8.1104831667,2.1104831667,1.3517471945,Solved
THOWK_JOcHsOPPATWOH?EaCDOcGoD@I@QA?V,21,59,6,8.1104608351,2.1104608351,1.3517434725,Solved
THOX?_J@Cc@JhHscTA?M@Po@?w?_?Y@oah?B,21,58,6,8.1104501197,2.1104501197,1.3517416866,Solved
THoWE_JSc@sO@HH_WOOAiE?E?RGMOQGWG_?r,21,58,6,8.1103956208,2.1103956208,1.3517326035,Solved
THoGG?JODHsOATs_wg?`GgSCZ??ig@@DD?GT,21,58,6,8.1103833848,2.1103833848,1.3517305641,Solved
THOWG_JOdHoOPOs_C?WAX`KIiA?`K??A{HS@,21,57,6,8.1103744752,2.1103744752,1.3517290792,Solved
T@?WK_JhMcT?SdPOYC?Q_G_K?k?CBjI?IGBH,21,58,6,8.1103720825,2.1103720825,1.3517286804,Solved
THoWM_JOd@oO?@HSg_OsC_?[GSGIOlC@DOcH,21,58,6,8.1103193387,2.1103193387,1.3517198898,Solved
THoOC_JScHcOPPATGX@@Ec?Ke@MK?_@gSGAd,21,59,6,8.1103182298,2.1103182298,1.351719705,Solved
THOWM_JOdGcOADs_scO?QC_L?kGI?g`gagOA,21,58,6,8.1102376333,2.1102376333,1.3517062722,Solved
THOXK_J?IC@JhHscT?AI_CAmgWAI`CCGC?_p,21,59,6,8.1102312901,2.1102312901,1.351705215,Solved
THO[MagEADc`oDC__kHC`aASI?A`?gAiC_?L,21,58,6,8.1101469756,2.1101469756,1.3516911626,Solved
THOXK_J?AC@JhHscT?AI_CAmgWAI`CCGS?gp,21,60,6,8.1101228799,2.1101228799,1.3516871467,Solved
THoWC_JCdHsOP@h_?EWO@POCBIO`E_QgFO?d,21,59,6,8.1101174452,2.1101174452,1.3516862409,Solved
THoWC_JSdGcOPPATGX@@Ec?Ke@MG?_@GSWAd,21,59,6,8.1100524619,2.1100524619,1.3516754103,Solved
THOXK_J?IC@JhHsCD?AI_CAmgWAI`CCGC?`p,21,58,6,8.1100038829,2.1100038829,1.3516673138,Solved
THOXK_J?IC@JhHscT?AI_CAmgWAI`CCGS?_p,21,60,6,8.1099965243,2.1099965243,1.3516660874,Solved
THOXK_J?AC@JhHscD?AI_CAmgWAG`CCGS?`t,21,59,6,8.1099911791,2.1099911791,1.3516651965,Solved
THOXA_JhMCT??t??_`a@B`oCh@_oSUc?G?dB,21,58,6,8.1099898139,2.1099898139,1.351664969,Solved
THOX?_BhMcT??tE?_`a@@`oE`@aHGG?bUY?P,21,59,6,8.1099608351,2.1099608351,1.3516601392,Solved
THOWG_JOcHsOPPATWOH@EaCDOcGod@I@QA?U,21,59,6,8.1099453228,2.1099453228,1.3516575538,Solved
TGoWK_JOdHsOPP_?iC`QBKGODSI_QKC@CWQ@,21,59,6,8.1098952577,2.1098952577,1.3516492096,Solved
THOWG_JOcHsOPPATYOH?Da_Ec@AAWOO_kOaK,21,58,6,8.1098903708,2.1098903708,1.3516483951,Solved
THoWC_HSdHsOPPADQO@?F@GCf??@FIAR?Q?J,21,57,6,8.1098829978,2.1098829978,1.3516471663,Solved
THO\I_ge?FWchO??aCKQ@?Fc_LOJ_E?PCY@H,21,59,6,8.1098595388,2.1098595388,1.3516432565,Solved
THoWM_H?dGsO?To_ccI?hCGUOOa@WHGCWI?R,21,58,6,8.1098529484,2.1098529484,1.3516421581,Solved
T@?WK_JhMcT?SdPOY??QoG_K?k?CBjI?IGBH,21,58,6,8.1097486313,2.1097486313,1.3516247719,Solved
THoWK_JS@HS?_AE@ggHSC?VFQ?G@`?Eq?CEF,21,57,6,8.1097464216,2.1097464216,1.3516244036,Solved
TH_WM_JCdHsOADo__CI?h?Qea?g`AQG?KhO`,21,58,6,8.1097193714,2.1097193714,1.3516198952,Solved
THOWK_JOcHsOPPATWOH?De_COq@GAI?OSHOP,21,57,6,8.1096916728,2.1096916728,1.3516152788,Solved
THOWG_JSdHsOPOs_C?WQX`KIi??`K???{HS@,21,58,6,8.1096893851,2.1096893851,1.3516148975,Solved
THOWK_ISdHsOATS??ChCEaCNC?aIGO`?KJH@,21,58,6,8.1095939328,2.1095939328,1.3515989888,Solved
THOXK_J?Mc@JhHsCTAAI_?AgADLO?a`@G@?J,21,58,6,8.1095765028,2.1095765028,1.3515960838,Solved
THOWK?JSdHsOPO?DSCWOUPOOA?w`KKc?oh@@,21,58,6,8.1095273522,2.1095273522,1.351587892,Solved
T@OWK_JhMcT?SdXOYC?Q_G_G?lCOCYIGOa?R,21,59,6,8.1095135029,2.1095135029,1.3515855838,Solved
THOGG?JOcHsOATs_wg?`HgSCZ??ig@@DD?GT,21,58,6,8.1095069401,2.1095069401,1.35158449,Solved
TH?WE_J@MC?BhHocTA?M@CHSJCD?_goID?Al,21,59,6,8.1095061368,2.1095061368,1.3515843561,Solved
THoWC_BSdHsOPPc_`WAGB?LC?AhM?GOaDO_D,21,57,6,8.1094990559,2.1094990559,1.351583176,Solved
T@?WK_JhMcT?SdPOY??QoG_K?kKOEJI?GADo,21,58,6,8.1094882301,2.1094882301,1.3515813717,Solved
THOXK_J?EC@JhHscT?AI_CAk_w?GJKS?POo@,21,59,6,8.1094876913,2.1094876913,1.3515812819,Solved
T@OWE_JhMcD??t@JGQLODp_AOC_GOg_EOb?B,21,58,6,8.1094556886,2.1094556886,1.3515759481,Solved
THOXK_J?AC@JhHscT?AI_CAmgWAI`CCGC?`p,21,59,6,8.1094213998,2.1094213998,1.3515702333,Solved
THO\M__c?FwcOG?BC_WcCAWKYBAG_PAGmG`O,21,58,6,8.1094069284,2.1094069284,1.3515678214,Solved
THOXK_J?AC@JhHsCT?AI_CAmgWAG`CCGS?ho,21,58,6,8.109327369,2.109327369,1.3515545615,Solved
THOXK_J?AC@JhHscT?AI_CAmgWAI`CCGSOg_,21,59,6,8.1092348299,2.1092348299,1.3515391383,Solved
THoGK_JSdHsOADc??ChCEOQGdOa@EMG@_Y?I,21,58,6,8.109220896,2.109220896,1.351536816,Solved
THOXK_J?IC@JhHsCT?AI_CAmgWAI`?CGS?hp,21,60,6,8.1091482288,2.1091482288,1.3515247048,Solved
THOWE_JhMcD??t@JGOLODp_AOC_GOg_EOb?B,21,58,6,8.1091332952,2.1091332952,1.3515222159,Solved
THoWC_JSdHcOPPATGX@@Ec?Ke@MG?_@GCWAd,21,59,6,8.1091012868,2.1091012868,1.3515168811,Solved
THOXK_J?Mc@JhHsCTAAI_?AkADDO?I`@G@?J,21,58,6,8.109089484,2.109089484,1.351514914,Solved
THOWK?JSCHsOPPs_CC?OZaCG_JGE?oQgIO?b,21,57,6,8.109054804,2.109054804,1.351509134,Solved
THO\M_geA?_hsGI??YWBQ_@PCOWs?o?KMCg@,21,58,6,8.1090545441,2.1090545441,1.3515090907,Solved
THoWC_JSdHsOPPh_?AY`HOq?g?C`CGI_G?Cj,21,58,6,8.1090487672,2.1090487672,1.3515081279,Solved
THO\M?geAC_hsGI??YWBQ_@PCOWs?o?KMCg@,21,58,6,8.1090454184,2.1090454184,1.3515075697,Solved
THO\M_geA?_hsGI??YWBQ_@PCOWs?o?KMCg`,21,59,6,8.1090139489,2.1090139489,1.3515023248,Solved
THOXK_J?Mc@BhHs?TAAI_?AkADIG_GEIAg?R,21,58,6,8.1090047718,2.1090047718,1.3515007953,Solved
THOWK?JSdHsOPO?DSCWOUPOOA?w`KKc?_h@B,21,58,6,8.1089989374,2.1089989374,1.3514998229,Solved
THO\M?geAC_LsGEQY?_Ic??[GEKGOGF_O_@q,21,58,6,8.1089312818,2.1089312818,1.351488547,Solved
THoGG?JOcHsOADs_wg?`HgSCZ??ig@@DD?GT,21,58,6,8.1089160419,2.1089160419,1.351486007,Solved
THOWG_JSdHsOPOs_C?WAX`KIiA?`K???{HS@,21,58,6,8.1089149743,2.1089149743,1.3514858291,Solved
TGoOK_JCdHSOOPgKB@QGJB?o@W]C?O`GCkO@,21,57,6,8.1089145589,2.1089145589,1.3514857598,Solved
THoWC_JSdGcOPPATGX?@Ec?Ke@MG?_@gCGAd,21,57,6,8.108879207,2.108879207,1.3514798678,Solved
THoOC_JSdGcOPPATGX@@Ec?Ke@MG?_@gSGAd,21,58,6,8.1088524576,2.1088524576,1.3514754096,Solved
THoWC_JSdGcOPPATGX@@Ec?Ke@MK?_@GCWAd,21,59,6,8.1088477497,2.1088477497,1.3514746249,Solved
THOXK_J?Mc?JhHsCTAAI_C?kADLO_AE?S?gp,21,59,6,8.1088229392,2.1088229392,1.3514704899,Solved
THoWG_JCDHsO@PASYOD@A?BWOA\E?II?o?qb,21,58,6,8.1088056581,2.1088056581,1.3514676097,Solved
T@?WK_JhMcT?SdPOYC?Q_G_K?kGCBjI?IGBH,21,59,6,8.1087810861,2.1087810861,1.3514635144,Solved
THoWC_JSdHsOPPh_?AY`HOq?_?k_CGI_GGCJ,21,58,6,8.1087214472,2.1087214472,1.3514535745,Solved
TGoOK_JSdHSOOPgKB@QGJB?o@W]C?O`GCk?@,21,57,6,8.1086990749,2.1086990749,1.3514498458,Solved
T?O[EAGWad[_IQ?\OaOSBXgAO@GCKHIOcP_a,21,59,6,8.1086955113,2.1086955113,1.3514492519,Solved
T@OWC_J@Ec@BhHscTOA_dX??_WCS?yM?G?dg,21,58,6,8.1086893725,2.1086893725,1.3514482288,Solved
THO[MagEADc`oDC__kHC`aASICA`?gAiC_?L,21,59,6,8.1086450471,2.1086450471,1.3514408412,Solved
THoWM_JSd@oO?@HOg_OsC_?[GSGIOlC@COcH,21,57,6,8.1086307934,2.1086307934,1.3514384656,Solved
THoWK_JSdHsOADc??ChCEOQGdOa@AMG@_Y?I,21,58,6,8.1085765617,2.1085765617,1.3514294269,Solved
THOXK_J?Kc?JhHsCTAAI_C?gADLO_IE?S?hp,21,59,6,8.1085612021,2.1085612021,1.351426867,Solved
THOWK_JSdHsOADc??ChCEOQGdOa@EMG@_Y?I,21,58,6,8.1085603167,2.1085603167,1.3514267194,Solved
T@OWC_J@Ac@JhHsCT?A_dXO?_wCS?qM???dh,21,57,6,8.1085600472,2.1085600472,1.3514266745,Solved
TH_WM_JCdHsOADo__CI?h?Qea?g`AQGCKhO`,21,59,6,8.1085476558,2.1085476558,1.3514246093,Solved
THOWI_BHGc@Bh@scTOE?o?Qwg?WEGG`@bCGB,21,58,6,8.1085410117,2.1085410117,1.3514235019,Solved
THOXK_J?IC@JhHscT?AI_C?mgWAI`CCGS?go,21,59,6,8.108525199,2.108525199,1.3514208665,Solved
THOWG_JOdHoOPOs_C?WQX`KIi??`K??A{HS@,21,57,6,8.1085118068,2.1085118068,1.3514186345,Solved
THOWG_JSdHsOPOs_C?WAX`KIi??`K??A{HS@,21,58,6,8.1084887348,2.1084887348,1.3514147891,Solved
THoWC_JSdGcOPPATGX?@Ec?Ke@MG?_@gCWAd,21,58,6,8.1084804895,2.1084804895,1.3514134149,Solved
THOWC_JSdHsOATc??ChCEOQGdO_@EMG@_Y?I,21,57,6,8.1084400202,2.1084400202,1.35140667,Solved
THOWG_JOdHsOPPATY?H?Da_Ec@AAWOO_kOaK,21,58,6,8.1084393293,2.1084393293,1.3514065549,Solved
THO\I_ge?FWchOO?aSGQ@?Fc_LOJ_E?PCY@H,21,60,6,8.108414238,2.108414238,1.351402373,Solved
THOXK_J?AC@JhHsCT?AI_CAmgWAG`CCGS?hp,21,59,6,8.1084015029,2.1084015029,1.3514002505,Solved
THO\I__e?FwcaWSA@S@I??du?@pOWC?AdCQ@,21,58,6,8.1083949482,2.1083949482,1.351399158,Solved
THOX?_J@Cc@JhHscTAAM?`o@?w??DY@oQ_CP,21,58,6,8.1083623031,2.1083623031,1.3513937172,Solved
THOXK_J?Mc?JhHsCT?AI_C?kADLO_IE?S?gp,21,59,6,8.1083559319,2.1083559319,1.3513926553,Solved
THoWC_HSdHsOPPADQ?@?FPGCf??@DIAR?Y?J,21,57,6,8.1083553078,2.1083553078,1.3513925513,Solved
THOKMa_EADchoDC__kHC`aATS_OVCC?GGc?J,21,59,6,8.108337095,2.108337095,1.3513895158,Solved
THO\M_geA?_hsGI??YGBQ_@PCOWs?p?KKCg`,21,58,6,8.1083347133,2.1083347133,1.3513891189,Solved
THOXK_J?IC@JhHscD?AI_C?mgWAI`CCGSOg_,21,58,6,8.1083249526,2.1083249526,1.3513874921,Solved
THOWG_JScHsOPPATWOH?Da_COalGAIAOOGOR,21,58,6,8.108320034,2.108320034,1.3513866723,Solved
THOWK_ISdHsOATS??ChCEaCNCAaIG?`?Kj?@,21,57,6,8.1083139242,2.1083139242,1.351385654,Solved
TGoXA_J@Gc@Hh@scUA?M@G@Q@OKHOQcCL?iO,21,58,6,8.1083020107,2.1083020107,1.3513836685,Solved
THOWK_ISdHsOATs??CHCEaCNC?aIGO`?kJH@,21,59,6,8.1082989142,2.1082989142,1.3513831524,Solved
THoWI_BSd@sOATs??chCE_SKWc?UQD?CDC?D,21,58,6,8.1082886718,2.1082886718,1.3513814453,Solved
T@?WK_JhMcT?SdPOY??QoG_K?kGCBjI?IGBH,21,59,6,8.1082101143,2.1082101143,1.3513683524,Solved
TH?XA_J@Mc?BhHocTA?M?CHSJCD?_goID?Ak,21,58,6,8.1082073508,2.1082073508,1.3513678918,Solved
THO\MagE?DcH_DA?_MMG@CATAAi_Q??GkD_H,21,57,6,8.1081911997,2.1081911997,1.3513652,Solved
THOXK_J?IC@JhHscT?AI_CAmgWAI`CCGC?gp,21,60,6,8.1081440056,2.1081440056,1.3513573343,Solved
THOWK_ISdHsOATS??CHCEaCNCAaIGO`?kJH@,21,59,6,8.1081388951,2.1081388951,1.3513564825,Solved
THOXA_BhMcT??tE?_@a@@`oE`@aHGG?bUY?P,21,59,6,8.1081175465,2.1081175465,1.3513529244,Solved
THoWK_JOD?sOPPATYO@?F_KDC@GOTGE_cOcD,21,58,6,8.108091272,2.108091272,1.3513485453,Solved
THO\M?geAC_LsGEQY?_IcG?[GEKGOGF_O_@q,21,59,6,8.1080670291,2.1080670291,1.3513445048,Solved
THoWE_JSc@sO@HH_WOOAiE?M?RGMOQGWG_?r,21,59,6,8.1080426535,2.1080426535,1.3513404422,Solved
THOWK_ISdHsOATs??ChCEaCNC?aIGO`?KJH@,21,59,6,8.1080285007,2.1080285007,1.3513380834,Solved
THOWG?JSdHsOPPs?CCII@ACib??CQoQg?OaF,21,57,6,8.1080211701,2.1080211701,1.3513368617,Solved
THOWK_JSdHsOPO?DSCWOUPOOA?w`KKc?oh@@,21,59,6,8.1079954108,2.1079954108,1.3513325685,Solved
THOXK_J?Mc?JhHsCT?AI_CGGADLO_G?T`B?J,21,58,6,8.1079668016,2.1079668016,1.3513278003,Solved
THOWG_JSdHoOPOs_C?WAX`KIiA?`K??A{HS@,21,58,6,8.1079464549,2.1079464549,1.3513244091,Solved
THOLA__e?FwcaW_?BO`IbDGOAUGQAM@@CSI@,21,58,6,8.1079122273,2.1079122273,1.3513187046,Solved
THOHM_J@Gc@JOch@sA?_D?IWd?MCGs@OiWAC,21,58,6,8.1079075106,2.1079075106,1.3513179184,Solved
THoWC_JSdHcOPPATGX@@Ec?Ke@MG?_ODG?cJ,21,59,6,8.1079069638,2.1079069638,1.3513178273,Solved
TH?XI_gE?FWChO?E_]DOOC`VC@_GJcU?D?QH,21,58,6,8.107886734,2.107886734,1.3513144557,Solved
THoGG?JOcHsOATs_wg?`HgSCZ??ig@@D@?GT,21,58,6,8.1078652914,2.1078652914,1.3513108819,Solved
THoWM_JOd@sO?@HSg_OsC_?[GSGIOlC@CO_H,21,57,6,8.1078376513,2.1078376513,1.3513062752,Solved
THOGK_JSdHsOATc??ChCEOQGdOa@AMG@_Y?I,21,57,6,8.1078375477,2.1078375477,1.351306258,Solved
THOXG_J?McT?pG?EwaAEAe?CBU@ABTI_??kB,21,58,6,8.1078193332,2.1078193332,1.3513032222,Solved
THOCMa_EADchoDC__KHC`aATS_OVC@G?UGCc,21,58,6,8.107796636,2.107796636,1.3512994393,Solved
THOWG_JSdHsOP@ATWOH?Da_COalGAIAOOGOR,21,58,6,8.107787345,2.107787345,1.3512978908,Solved
T@OWM?JGEC@AhHScTO?`P@SDQCKH_GAJCgGH,21,57,6,8.107742439,2.107742439,1.3512904065,Solved
TGoWK_JScHsOADo_CeH?UCAoHCiICDC?TO_P,21,59,6,8.1077329093,2.1077329093,1.3512888182,Solved
THoOC_JScHcOPPATGX@@E_?Ke@MK?_@GSWAd,21,58,6,8.1076987442,2.1076987442,1.351283124,Solved
THOXM_B@Ec?Jh@sCTA?@sg?DCcgOIOEDCWOH,21,59,6,8.107691097,2.107691097,1.3512818495,Solved
THoWE_BSDHc?ADs_ccS?hE?C@KKC`HECPCcB,21,58,6,8.1076857882,2.1076857882,1.3512809647,Solved
THoWC_JScHcOPPATGX@@E_?Ke@MK?_@GSWAd,21,59,6,8.1076819584,2.1076819584,1.3512803264,Solved
TGOWM_JOdHsOATc??ehCESGCwO?A@hGCPA@B,21,57,6,8.1076652417,2.1076652417,1.3512775403,Solved
T@OLEageAC_hp?x?@WG@d@oCgIGhPB?gSODC,21,59,6,8.1076533705,2.1076533705,1.3512755618,Solved
THOXK_J?Mc@JhHsCTAAI_C?gADLO_?@Pg@?J,21,58,6,8.1076416116,2.1076416116,1.3512736019,Solved
THOXK_J?Mc@JhHsCTAAI_C?gADLO_G@Pg@?J,21,59,6,8.1076315481,2.1076315481,1.3512719247,Solved
THO\I__e?FwcS??p_@sHC?sMH?_@CWoQCcPA,21,58,6,8.1076235556,2.1076235556,1.3512705926,Solved
THOXK_J?Mc@BhHs?TAAI_?AkADII_GEIAg?B,21,58,6,8.1075656334,2.1075656334,1.3512609389,Solved
THoWK_JOd@cOPPADYOHHA_CCWIGE?H@DTCKA,21,58,6,8.1075539822,2.1075539822,1.351258997,Solved
THOXG_J@Cc@JhHscTA?AV`?@?w?_HPO_rB?B,21,59,6,8.1075352354,2.1075352354,1.3512558726,Solved
TGO[MagE?Ccha@GSiSHcC_DKChL_OA?cG@_R,21,59,6,8.1075020955,2.1075020955,1.3512503492,Solved
THoWC_JSdGcOPPATGX@@Ec?Ke@MK?_ODG?cJ,21,59,6,8.1074608732,2.1074608732,1.3512434789,Solved
THOGC_ISdHsOPPH_GH?oF@DGU?d??wQiJO`?,21,58,6,8.1073711507,2.1073711507,1.3512285251,Solved
TGoXM_B?MC?BSchHsa@OGMC??iwpP?CGUCOP,21,59,6,8.1073511888,2.1073511888,1.3512251981,Solved
THOXK_J?EC@BhHscT?EG_?I[Ow@Q_OC?lDO_,21,58,6,8.1073319663,2.1073319663,1.3512219944,Solved
THO\I__e?FwcaWSABS@A??du?@oH_K?Ac_M@,21,58,6,8.1073133202,2.1073133202,1.3512188867,Solved
THO\M_geAC_lsGI??YWBQ_@PCOWs?o?MKCG`,21,60,6,8.1072877076,2.1072877076,1.3512146179,Solved
THOWG_JScHsOPPATWOH?Da_Ec@AAWOO_kOaK,21,58,6,8.1072789604,2.1072789604,1.3512131601,Solved
TGO[MagE?Ccha@GSiSHcC_DKChLoOA?cG@_R,21,60,6,8.1072664154,2.1072664154,1.3512110692,Solved
THO\EagE?DchoDE_Wa?BBPAEg?G@BG_SgBOI,21,59,6,8.1072450235,2.1072450235,1.3512075039,Solved
THoOM_JO@HSO_EA__Hg`DhKOO\?o`?IKEA?U,21,58,6,8.1072295086,2.1072295086,1.3512049181,Solved
THO\M?ge?C_dsGEQ?mDOH?_c?SLGAIc@G@gJ,21,59,6,8.1072268259,2.1072268259,1.351204471,Solved
THO\I__e?FwcS??p_@sHC?sMH?_@?WoQccPA,21,58,6,8.1071572773,2.1071572773,1.3511928795,Solved
T@?WK_JhMcT?SdXOYC?Q_G_K?lCOCOC@hDCB,21,58,6,8.1071261259,2.1071261259,1.3511876876,Solved
THO[I__e?FwcaWsATG?Cc?@[Y?HGSGJ_O?Dq,21,59,6,8.1071122719,2.1071122719,1.3511853786,Solved
THO\I_ge?EWchOs?D@_FB?Ip?QS_@W@QGBS@,21,59,6,8.1070889065,2.1070889065,1.3511814844,Solved
TGoPA_J@Ac@BhHscSA?K@G@U@WKMG?@PSWAT,21,58,6,8.1070745832,2.1070745832,1.3511790972,Solved
THOXK_J?AC@JhHscT?AI_CAmgWAI`CCGC?hp,21,60,6,8.1069817636,2.1069817636,1.3511636273,Solved
THOWK_ISdHsOATs??ChCEaCNCAaIG?`?KJ@@,21,58,6,8.1069798696,2.1069798696,1.3511633116,Solved
THoWC_JScHcOPPPoOO@H`A@S_GkcCO`J?GOF,21,58,6,8.1069533769,2.1069533769,1.3511588962,Solved
THOXK_J?AC@BhHsCD?AI_CAmgWAI`CCGC?`t,21,57,6,8.1069193096,2.1069193096,1.3511532183,Solved
THOXK_J?IC@JhHscT?AI_C?mgWAI`CCGS?gp,21,60,6,8.1068734945,2.1068734945,1.3511455824,Solved
THoWM_JO@HSO_EA__Hg`DgKOO\?O`CC?kDEA,21,57,6,8.1068633326,2.1068633326,1.3511438888,Solved
T@?WC_JhMcT?SdXOY??QoG_KCkG?BiMGAgAA,21,58,6,8.1068367174,2.1068367174,1.3511394529,Solved
THO\I_ge?EwchOs?C@_FB?IOBCG?EK_@DCOX,21,57,6,8.1068243154,2.1068243154,1.3511373859,Solved
THOXK_J?Mc@JhGsCTAAI_CGCADGOSiI@AAOJ,21,59,6,8.106806363,2.106806363,1.3511343938,Solved
THO\I_ge?FwcS??p_@sHC?sMH?_@CWoQCcPA,21,59,6,8.1067955956,2.1067955956,1.3511325993,Solved
T@OWC_J@Ec@JhHsCTOA_dXO?_wCS?qM???Dh,21,58,6,8.1067952876,2.1067952876,1.3511325479,Solved
TGO[MagE?Ccha@GSiSHcC_DKChLoOA?cGD_R,21,61,6,8.1067832266,2.1067832266,1.3511305378,Solved
THOXK_J?AC@JhHscT?AI_CAmgWAI`CCGS?`p,21,60,6,8.1067533525,2.1067533525,1.3511255588,Solved
T@?[MAgWac?B@Pe@RAQCBHQCPcPU?EG?K?rH,21,59,6,8.1067272361,2.1067272361,1.351121206,Solved
THoWM_JO@HSO_EA__Hg`DgKOO\?o`?IKEA?U,21,58,6,8.1066951704,2.1066951704,1.3511158617,Solved
T@?WK_JhMcT?SdXOY??QoG_K?lCOCOC@hDCB,21,58,6,8.1066854889,2.1066854889,1.3511142482,Solved
THO[M?geAC_lsGEQ?m@?@O@SIEOIS_d?U_@d,21,60,6,8.1066776911,2.1066776911,1.3511129485,Solved
THO[I__e?FwcaWsATG?Cc?@[Y_H?SGJ_??Dr,21,59,6,8.1066733229,2.1066733229,1.3511122205,Solved
THOWG?JSdHsOPPs?CCIIHACib??CQo`CCHS`,21,58,6,8.106667298,2.106667298,1.3511112163,Solved
THOXK_J?Mc?JhHsCTAAI_?AkADDO_?`@GB@J,21,58,6,8.1066646777,2.1066646777,1.3511107796,Solved
THoOC_JScHcOPPATGX@@Ec?Ke@MK?_@GSWAd,21,59,6,8.1066311963,2.1066311963,1.3511051994,Solved
THOXM_BhKCT??t?HY?XOPOAoCcWIAa?oMW?G,21,58,6,8.1066268015,2.1066268015,1.3511044669,Solved
THOXK_J?IC@JhHsCT?AI_CAmgWAI`CCGC?`p,21,59,6,8.1066248234,2.1066248234,1.3511041372,Solved
THoWE_JSc@sO@HH_WOOAiE?E?BGMOQGWGg?r,21,58,6,8.1066140114,2.1066140114,1.3511023352,Solved
THOXK_J?IC@JhHscT?AI_?AmgOAI`?`P_ACF,21,59,6,8.1066067611,2.1066067611,1.3511011269,Solved
THO[M_geAC_lsGI??YWBQ_@PCOWs?o?KKcG`,21,59,6,8.1065894371,2.1065894371,1.3510982395,Solved
THO\I_ge?FwcHOIA??wH`E_G@DO?c[`@F?@W,21,58,6,8.106584967,2.106584967,1.3510974945,Solved
THO\I__e?FwcaWSA@S@I??du??pOWIGcG?@b,21,58,6,8.1065626494,2.1065626494,1.3510937749,Solved
THoWK_BScGsOATc_CeH?U?PKW?HCCMH?d?l?,21,58,6,8.1065537372,2.1065537372,1.3510922895,Solved
THOWK?JSdHsOPO?DSCWOUPOOA?w`KKc?oh@B,21,59,6,8.1065481834,2.1065481834,1.3510913639,Solved
T@?WK_JhMcT?SdXOY??QoG_K?kKOEAI?GACr,21,58,6,8.1065431272,2.1065431272,1.3510905212,Solved
THO\M?geAC_lsGEQY?_Gc??[GEKGOGF_O_@q,21,58,6,8.1065333621,2.1065333621,1.3510888937,Solved
THoWC_JScHcOPPATGX@@Ec?Ke@MK?_@GSWAd,21,60,6,8.1065040001,2.1065040001,1.351084,Solved
T@?WK_JhMcT?SdXOYC?Q_?_K?hCOCXC@hDCH,21,58,6,8.1065037397,2.1065037397,1.3510839566,Solved
THoWC_JSdGcOPPATGX?@Ec?Ke@MG?_@gSGAd,21,58,6,8.1065024298,2.1065024298,1.3510837383,Solved
T@?WK_JhMcT?SdXOYC?Q_?_K?lCOCXC@hDCH,21,59,6,8.1064727311,2.1064727311,1.3510787885,Solved
T@?WK_JhMcT?SdXOY??QoG_K?kKOEBI?GACr,21,59,6,8.1064602228,2.1064602228,1.3510767038,Solved
THOXK_J?AC@BhHsCD?AI_CAmgWAI`CCGS?`t,21,58,6,8.1064598702,2.1064598702,1.351076645,Solved
THO\I_ge?EwchOo?D@_FB?Ip?QS_@W@QGBC@,21,58,6,8.1064430946,2.1064430946,1.3510738491,Solved
THO[M_geAC_lsGI??YWBQ_@PCOWs?o?MKcG`,21,60,6,8.1064353094,2.1064353094,1.3510725516,Solved
THOWK_JOdHsOPPATWOH?EaCDOc?oD@I@QA?U,21,58,6,8.1064307475,2.1064307475,1.3510717912,Solved
THOXK_I?Mc@@hHsCTAAI@?`S@YKGg?EJ?O_J,21,58,6,8.1064084989,2.1064084989,1.3510680832,Solved
THoWM_JSd@sO?@HSg_OsC_?SGSGIOlC@CO_H,21,57,6,8.1063672367,2.1063672367,1.3510612061,Solved
T@OWC_J@Ac@JhHsCT?A_dXO?_wCS?yM???dh,21,58,6,8.1063209096,2.1063209096,1.3510534849,Solved
TGoXA_J@Ac@BgHscSA?K@G@U@WKMG?@PSWAT,21,58,6,8.1063086406,2.1063086406,1.3510514401,Solved
THOXG_J?Cc@JhHscTA?AV`?@?w?`HPO_rB?@,21,58,6,8.1063034817,2.1063034817,1.3510505803,Solved
THoGG?JODHsOADs_wg?`GhSCZ??ig@@D@?GT,21,57,6,8.106295289,2.106295289,1.3510492148,Solved
THOXK_J?IC@JhHscT?AI_CAmgOAI`?`P?ACF,21,59,6,8.1062944545,2.1062944545,1.3510490758,Solved
THOXG_J?Cc@JhHscTA?AV`O@?w?`HPO_rB?@,21,59,6,8.1062828915,2.1062828915,1.3510471486,Solved
THO\I__c?FWchO?E_]C_AIBKGaOEIKp?DCW@,21,59,6,8.1062651892,2.1062651892,1.3510441982,Solved
THOWG_JSCH_OPPs_CCOOZaCG`HMI?dU???SF,21,57,6,8.1062467097,2.1062467097,1.3510411183,Solved
THO\I_ge?FWchO??aSKQ@?Fc_LOJ_E?PCY@H,21,60,6,8.10622937,2.10622937,1.3510382283,Solved
THOXMagE?DchoDE_Wa?BBPAEg?G_SgE_O?Db,21,59,6,8.1061962741,2.1061962741,1.3510327123,Solved
T@?WK_JhMcT?SdXOYC?Q_G_K?kKOEAI?GA?r,21,57,6,8.1061715667,2.1061715667,1.3510285944,Solved
T@?WK_JhMcT?SdXOYC?Q_G_K?kKOEBI?GA?r,21,58,6,8.1061710688,2.1061710688,1.3510285115,Solved
THO\I_ge?FwcS??p_@sHC?sMH?_@?WoQccPA,21,59,6,8.1061614803,2.1061614803,1.3510269134,Solved
THOWK_JSdHsOATS??ChCEaCNC?aIGO`?Kj?@,21,58,6,8.1061292766,2.1061292766,1.3510215461,Solved
THO[I__e?Fw_aWsADGACc?@[C`os?X?[CDoG,21,59,6,8.1061214218,2.1061214218,1.351020237,Solved
THoWC_JSdHsOP@g_?EWOHPOCBIO`Ec_@GGSB,21,58,6,8.1061204906,2.1061204906,1.3510200818,Solved
TGOWC_JhMcT??t@HI?\S@OOSIOmK??`GS_GD,21,58,6,8.1061142766,2.1061142766,1.3510190461,Solved
THOXK_J?IC@JhHscD?AI_CAmgWAI`CCGSOg_,21,59,6,8.1060893598,2.1060893598,1.3510148933,Solved
T@?KMAgWac?B@Pe@RAQCBHQCPcPUGEG?K?rH,21,59,6,8.1060770452,2.1060770452,1.3510128409,Solved
THoWK_JS@HS?_AE@ggHSC?FFQ?L@`?Eq?CEF,21,58,6,8.1060496764,2.1060496764,1.3510082794,Solved
THoXM_J@KC?JOcgHoA?OL?IDACgoCIGR?`OJ,21,58,6,8.1060178679,2.1060178679,1.351002978,Solved
THO\I__e?FwcaWSABS@I??du?@oH_C?Ac_MC,21,58,6,8.1059945372,2.1059945372,1.3509990895,Solved
THO\I__e?FwcaWSABS@A??du?@qH_C?Ac_M@,21,58,6,8.1059941822,2.1059941822,1.3509990304,Solved
T@OWC_J@Ec@BhHscTOA_dX??_wCS?yM???Dh,21,58,6,8.105970719,2.105970719,1.3509951198,Solved
THO[I__e?FwcaWsADGACc?@[?`os?X?SCDoH,21,59,6,8.1059698737,2.1059698737,1.350994979,Solved
T@O\K_geAC_lsGw?@GOCJ@IYc?_BQI_?w?UB,21,59,6,8.1059663355,2.1059663355,1.3509943892,Solved
THoWK_JS@HS?_AE@ggHSC?VFQ?H@`?Eq?CEF,21,58,6,8.1059410745,2.1059410745,1.3509901791,Solved
THoWC_JSdHsOPP@TO?ICP?CgHC]K?G`CCi@H,21,59,6,8.1059170529,2.1059170529,1.3509861755,Solved
TH?XA_JhMcT??tE?_`a@A`oFE???b\AB?GAT,21,58,6,8.1058581986,2.1058581986,1.3509763664,Solved
THO\I__e?FwcaWSA@S@I??du?@qGcHOWA?@P,21,58,6,8.1058450653,2.1058450653,1.3509741775,Solved
THoWC_JScHcOPPATGX@@Ec?Ke@MK?_@gSGAd,21,60,6,8.1058317458,2.1058317458,1.3509719576,Solved
THO[I__e?FwcaWsADGACc?@[C`os?H?[CDOH,21,59,6,8.1058300276,2.1058300276,1.3509716713,Solved
T@OKMagAADchoDE_?k@C`eAD?`PCDOA_N_@`,21,58,6,8.1058187454,2.1058187454,1.3509697909,Solved
THoWM_JSd@oO?@HSg_OsC_?[GSGIOlC@COcH,21,58,6,8.105811488,2.105811488,1.3509685813,Solved
T@OWC_J@Ec@JhHscT?A_dXO?_WCS?yM?G?dg,21,59,6,8.1058114878,2.1058114878,1.3509685813,Solved
THO\M?geAC_lsGEQY?_GcG?[GEKGOGF_O_@q,21,59,6,8.1057743475,2.1057743475,1.3509623913,Solved
THO\I_ge?DWch?OAaSKQ??Fc_TOADGJaB?GB,21,58,6,8.1057539742,2.1057539742,1.3509589957,Solved
THOKMa_EADchoDC__KHC`aATS_OVC@G?UGCc,21,59,6,8.1057501543,2.1057501543,1.350958359,Solved
T@?WK_JhMcT?SdXOYC?Q_G_K?lCOCPC@hDCB,21,59,6,8.1057302452,2.1057302452,1.3509550409,Solved
THoWK_JS`HSO_AE@ggHUC?FFO?H@`?EQGCEB,21,58,6,8.1056690558,2.1056690558,1.3509448426,Solved
THOPG_H?McT?pG?FwaAEAeCCBU@ABOo@gCkB,21,59,6,8.1056396289,2.1056396289,1.3509399381,Solved
THOX?_J@Mc?JhHsCTA?AV`o?ADA`@]A?Gg?X,21,59,6,8.1056117201,2.1056117201,1.3509352867,Solved
THOWK_JScHsOPPs_CCOOZaCG`HIE?o`GEGO@,21,59,6,8.1055736557,2.1055736557,1.3509289426,Solved
THoWM_JOd@sO?@HSg_OsC_?[GSGIOlC@DO_H,21,58,6,8.105559457,2.105559457,1.3509265762,Solved
THoWC_JCdHsOPPh_?AY`HOq?g?_I_k_CG?cJ,21,58,6,8.1055488292,2.1055488292,1.3509248049,Solved
THO\M?geAC_lsGEQW?_IcG?[GEKGOGF_O_@q,21,59,6,8.1055470057,2.1055470057,1.350924501,Solved
THO[I__e?Fw_aWsADGACc?@[C`os?X?[CDoH,21,60,6,8.1055080803,2.1055080803,1.3509180134,Solved
THOPG_HGMcT?pG?FwaAEAaCCBU@AAOo@gCkB,21,58,6,8.1055043904,2.1055043904,1.3509173984,Solved
THoWC_JSdHsOPP@TO?ICP?KgGC]K?G`DCi@@,21,59,6,8.1055011849,2.1055011849,1.3509168641,Solved
TGoXM_J?Mc@JScg@sa@o??`K?g?I?iHAQoOD,21,58,6,8.1054898361,2.1054898361,1.3509149727,Solved
THOXM_J@Gc?JOch@sA?oD?IWD?MCGs@OiWAC,21,58,6,8.1054776579,2.1054776579,1.350912943,Solved
THO\M?geAC_hsGI??YGBQ_@PCOWs?p?KKCg`,21,58,6,8.1054695658,2.1054695658,1.3509115943,Solved
THO\I_ge?FWchOO?aCKQ@?Fc_LOJ_E?PCY@H,21,60,6,8.1054536763,2.1054536763,1.3509089461,Solved
T@?WK_JhMcT?SdXOY??QoG_K?lCOCPC@hDCB,21,59,6,8.1054112705,2.1054112705,1.3509018784,Solved
THO[I__e?FwcaWsADGACc?@[?`os?X?[CDoH,21,60,6,8.1054013195,2.1054013195,1.3509002199,Solved
THOGK_JSdHsOADc??ChCEOQKdOa@AMG@_Y?I,21,57,6,8.1053864109,2.1053864109,1.3508977351,Solved
TH?XA_J@Mc?BhHocTA?M?CHSJCD?_goAD?Al,21,58,6,8.1053791179,2.1053791179,1.3508965196,Solved
THO[I__e?FwcaWsADGACc?@[C`os?X?[CDoG,21,60,6,8.1053727942,2.1053727942,1.3508954657,Solved
THoWC_HSDHcOPPc_`IhHA_DDBGHSc?`?FE?@,21,58,6,8.1053685574,2.1053685574,1.3508947596,Solved
THoWK_JSdHsO@Pc?G@gOdOG_@S@@EKC?s_@[,21,57,6,8.1053591877,2.1053591877,1.3508931979,Solved
THoWC_JScHsOPPATGX@?Ec?Ke@MK?_ODG?cJ,21,59,6,8.1053554557,2.1053554557,1.350892576,Solved
THoW?_JSd?sO?P@AyCHEA@CkYIAIGMKC??pB,21,58,6,8.1053440145,2.1053440145,1.3508906691,Solved
TGoWK_JOdHsOPP?_iC`QbKGOCSI_QKC@CWQ@,21,59,6,8.1053425251,2.1053425251,1.3508904209,Solved
THoOK_JS@HSO_CE@ggHUC?FFQ?H@`GEq@CE@,21,58,6,8.1053262311,2.1053262311,1.3508877052,Solved
THOXK_J?Mc@JhHsCTAAI_C?kADLO_?A?S?g`,21,57,6,8.105312326,2.105312326,1.3508853877,Solved
THO[I__e?FwcaWsADGACc?@[C`os?H?[CDoH,21,60,6,8.105305434,2.105305434,1.350884239,Solved
THoWC_JSdGcOPPATGX@@Ec?Ke@MG?_@gCGAd,21,58,6,8.1052848769,2.1052848769,1.3508808128,Solved
T@OWK_JhMcT?SdXOY??QoG_G?lCOCYIGOa?R,21,59,6,8.1052806648,2.1052806648,1.3508801108,Solved
THOXK_J?Mc@JhHsCTAAI_?AkADLO?A`@G@?J,21,58,6,8.1052665734,2.1052665734,1.3508777622,Solved
TG?X?_J@Cc@JhHscTAAM@OMAg?GcDUI?C?wT,21,59,6,8.1052659101,2.1052659101,1.3508776517,Solved
THOXK_J?Mc@JhHsCTAAI_C?kADLO_GA?S?g`,21,58,6,8.1052623343,2.1052623343,1.3508770557,Solved
T@OWE_JhMcD??t@JGQLO@p_AOc_GOg_EOb?B,21,58,6,8.1052617131,2.1052617131,1.3508769522,Solved
T@?WK_JhMcT?SdXOY??Qo?_K?lCOCXC@hDCG,21,58,6,8.1052602627,2.1052602627,1.3508767105,Solved
T@O[MagAADchoDE_?k@C`eAD?`PCDOA_N_@`,21,59,6,8.1052537997,2.1052537997,1.3508756333,Solved
THOWK_JSdHsOATc??ChCEOQGdO_@EMG@_Y?I,21,58,6,8.1052439852,2.1052439852,1.3508739975,Solved
TGoWK_JS@HSO_AE@ggHUC?FNQ?H@`?Eq?CEB,21,58,6,8.105239741,2.105239741,1.3508732902,Solved
TGoWG_JS`@sOOP@AwOGOT?TCi@DHcEGOOOcT,21,58,6,8.105239013,2.105239013,1.3508731688,Solved
THO\I_ge?FocHOSAPG??N_Go_K_s?gDf@COW,21,59,6,8.1052309369,2.1052309369,1.3508718228,Solved
TGoWK_JOdHsOPO?_iC`QbKGODSI_QKC@CWQ@,21,59,6,8.1052194897,2.1052194897,1.3508699149,Solved
THOWG?JSdHsOPPs?CCIIHACib??CQs`CCHS@,21,58,6,8.1052171415,2.1052171415,1.3508695236,Solved
THoGC_JCdHsOPPh_?CYAOC_KCSo`Ie??[hO`,21,59,6,8.1052129536,2.1052129536,1.3508688256,Solved
THOXK_J?Mc?JhHsCTAAI_?Ak?DLO_I`@GB?J,21,59,6,8.1052081347,2.1052081347,1.3508680225,Solved
TGO[MagEACcha@GSiSHcC_DKChL_OA?cG@_R,21,60,6,8.1052073317,2.1052073317,1.3508678886,Solved
THOWK_JOcHsOPPATWOH@EaCDOcGoD@I@QA?U,21,59,6,8.1051747406,2.1051747406,1.3508624568,Solved
THOXK_J?Kc@JhHsCTAAI_C?k?DLO_G@PHB?I,21,58,6,8.1051652066,2.1051652066,1.3508608678,Solved
THOXK_J?Kc@JhHsCTAAI_C?k?DLO_G@PHB?J,21,59,6,8.1051652036,2.1051652036,1.3508608673,Solved
THOXK_J?Ec@JhHsCTAAI??AcADII_DO?SO_t,21,58,6,8.1051282815,2.1051282815,1.3508547136,Solved
THO[MagEADc`oDC__kHC`aASJCA`?g?iC_?L,21,59,6,8.1051223384,2.1051223384,1.3508537231,Solved
T@OLM_geAC_lcGiA?Y?GFw?CYCI@_gISD?F_,21,59,6,8.1051010118,2.1051010118,1.3508501686,Solved
THOWK_JHMc@Jh?cCTO?I@A_sAD?`DL@?h?OJ,21,58,6,8.1050997141,2.1050997141,1.3508499524,Solved
TGoWK_JOdHsOPP?_iC`QBKGODSI_QKC@CWQ@,21,59,6,8.1050893983,2.1050893983,1.3508482331,Solved
THOXM_B`K_T??p@JW?Gp@AE_d?Y?WH?e?Q?j,21,57,6,8.1050784982,2.1050784982,1.3508464164,Solved
THoWC_JSdHsOPPh_?AY`HOq?g?c_CGI_G?CJ,21,57,6,8.1050673023,2.1050673023,1.3508445504,Solved
THoWM_BScGsOATc_CEH?U?PKW_HCCMH?d?l?,21,59,6,8.1050670989,2.1050670989,1.3508445165,Solved
T@OWK_JhMcT?SdXOY??QoG_K?lCOCIIGOA?r,21,59,6,8.1050519035,2.1050519035,1.3508419839,Solved
THoWC_JS@HSO_AE@ggHSC?VFQ?K@`?Eq?CAF,21,57,6,8.1050330318,2.1050330318,1.3508388386,Solved
TGoOK_JCdHSOOPgKB@QGJB?o@W]C??`GKkO@,21,57,6,8.1050158297,2.1050158297,1.3508359716,Solved
THO\M_geA?_hsGI??YGBQ_@PCOWs?p?KMCg`,21,59,6,8.104990826,2.104990826,1.3508318043,Solved
TGO[MagEACcha@GSiSHcC_DKChLoOA?cG@_R,21,61,6,8.1049877966,2.1049877966,1.3508312994,Solved
THOWG_JSdHsOPPs?CCIIHACib??CQo`CCHS@,21,58,6,8.1049872833,2.1049872833,1.3508312139,Solved
T@oWK_JSdHsOPOO_Gc`ABACcOb?AYPO?MO?h,21,57,6,8.1049862726,2.1049862726,1.3508310454,Solved
THOXA_JhMCT??tC?_`a@B`oCH@_oSUC?GCd@,21,57,6,8.1049778885,2.1049778885,1.3508296481,Solved
THOXM_BhKcT??t?HY?XOPOAoCcWIAa?oMW?G,21,59,6,8.1049702961,2.1049702961,1.3508283827,Solved
THOWC_JSdGsOPPATY??@FH_QY?QGGG@_SGI`,21,57,6,8.1049285399,2.1049285399,1.3508214233,Solved
TGO[MagEACcha@GSiSHcC_DKChL_OA?cGD_R,21,61,6,8.1049124849,2.1049124849,1.3508187475,Solved
THOXK_J?IC@JhHsCD?AI_CAmgWAI`CCGC?hp,21,59,6,8.1048861384,2.1048861384,1.3508143564,Solved
THOWC_JSdGsOPPATY??@FH_QY?QIGG@_SGI`,21,58,6,8.1048845804,2.1048845804,1.3508140967,Solved
THoWC_JSdGcOPPATGX?@Ec?Ke@MG?_@gSWAd,21,59,6,8.1048510985,2.1048510985,1.3508085164,Solved
THoWE_BSDHc?ADs_ccS?hE?C@LKC`HECPCcA,21,58,6,8.1048449517,2.1048449517,1.3508074919,Solved
THOWC_JhMcD??t@HI?\S@OOSGOmK??`GScGD,21,58,6,8.1048317888,2.1048317888,1.3508052981,Solved
TGoWK_BSdHsOPP__iC`QbM?O?sA?QGC@Uc?D,21,58,6,8.1047807801,2.1047807801,1.3507967967,Solved
THO[I__e?FwcaWsATG?Cc??[Y_H?SGJ_O?Dr,21,59,6,8.1047596935,2.1047596935,1.3507932823,Solved
THoWM_JOd@sO?@HSgcOsC_?[GSGIOlC@CO_H,21,58,6,8.1047436727,2.1047436727,1.3507906121,Solved
THOWK_HhMCT??t@JI?\S@OOSAcgooU`??c?D,21,59,6,8.1047359636,2.1047359636,1.3507893273,Solved
THOWK_ISdHsOATs??CHCEaCNCAaIG?`?kJH@,21,59,6,8.1047014866,2.1047014866,1.3507835811,Solved
THoWC_JSdHsOADc??ChCEOQKdO_@EMG@_Y?I,21,58,6,8.1046897254,2.1046897254,1.3507816209,Solved
THoWM_JOd@sO?@HSg_OsC_?[GSGIOlC@COcH,21,58,6,8.1046615704,2.1046615704,1.3507769284,Solved
THO\I__c?FWchOOE_]C_AIBKGaOCIKp?DCW@,21,59,6,8.1046215308,2.1046215308,1.3507702551,Solved
THO[I__e?FwcaWsATG?Cc?@[Y?HGSGJ_O?@r,21,59,6,8.1046086189,2.1046086189,1.3507681032,Solved
TGoXA_J@Ac@BhHscSA?K@G@U@WKMG?@PSWAT,21,59,6,8.1045895273,2.1045895273,1.3507649212,Solved
THOXK_J?Mc?JhHsCTAAI_?AkADLO_G`@GB?J,21,59,6,8.1045844775,2.1045844775,1.3507640796,Solved
THoWM_BScGsOATc_CeH?U?PKW?HCCMH?d?l?,21,59,6,8.1045672009,2.1045672009,1.3507612001,Solved
THO[MagEADc@oCC__kHC`aASJCA`?g?iCcAL,21,59,6,8.1045649701,2.1045649701,1.3507608283,Solved
T@OWC_J@Ec@JhHscT?A_dX??_wCS?qM???Dh,21,57,6,8.1045353379,2.1045353379,1.3507558897,Solved
THoWE_JSc@sO@HH_WOOAiE?E?RGMOQGWGg?r,21,59,6,8.1045234563,2.1045234563,1.3507539094,Solved
THOXK_J?Mc@JhHoCTAAA_?AkADLO?a`@GD@J,21,59,6,8.1045224563,2.1045224563,1.3507537427,Solved
THOXM_BHMCT??p@HW?Wp@AE_B@X?UC`?D?SD,21,57,6,8.1045126412,2.1045126412,1.3507521069,Solved
T@O[M_geAC_lsGiA?gId@?oOcGKOGhCDD_SG,21,59,6,8.1045096081,2.1045096081,1.3507516014,Solved
T@OW?_JhMcT?SdXOY??QoG_KCkGCBiM?AGAB,21,58,6,8.1044891505,2.1044891505,1.3507481918,Solved
THOWK_JOcHcOPPATWOH?De_COadGAI?WSHOP,21,58,6,8.1044712521,2.1044712521,1.3507452087,Solved
TGO[MagEACcha@GSiSHcC_DKChLoOA?cGD_R,21,62,6,8.1044587528,2.1044587528,1.3507431255,Solved
TGoXM_J?Mc@JScg@sa@o_?`K?g?I?iHAQoOD,21,59,6,8.1043715264,2.1043715264,1.3507285877,Solved
THOXK_J?IC@JhHscD?AI_C?mgWAI`CCGSOgo,21,59,6,8.104363629,2.104363629,1.3507272715,Solved
THOKMa_CADchoDC__kHC`aATS_OVC@G_U?CD,21,59,6,8.1043586625,2.1043586625,1.3507264437,Solved
THOXG_J?Cc@JhHscTA?AV`?@?w?`HPO_rB?B,21,59,6,8.1043373126,2.1043373126,1.3507228854,Solved
THO\I_ga?Bwcs?@SC@WCEaOG_SWoHaGOSAaD,21,58,6,8.1042967434,2.1042967434,1.3507161239,Solved
THoWM_H?dGsOATo_ccI?hCIUOOA@WH?CWI?R,21,58,6,8.1042925952,2.1042925952,1.3507154325,Solved
T@OLEageAC_gt?x?@WG@d@oCgIGhPB?gSODC,21,59,6,8.1042897187,2.1042897187,1.3507149531,Solved
THOW?_JhMcT??t?JA?\S@OOOEC_s_PAONCa@,21,58,6,8.1042707916,2.1042707916,1.3507117986,Solved
THOLMagE??_dAAS`_[T?C?C^CAHQOO_HlCgO,21,58,6,8.1042697312,2.1042697312,1.3507116219,Solved
THOWG_JSdHsOP@ATWOH?Da_Ec@AAWOO_kOaK,21,58,6,8.1042431094,2.1042431094,1.3507071849,Solved
TGoOK_JCdHSOOPgKB@QGJB?o@W]C@O`GCkO@,21,58,6,8.1042320111,2.1042320111,1.3507053352,Solved
THOXK_J?AC@JhHscT?AI_CAmgWAG`CCGS?ho,21,59,6,8.1042268673,2.1042268673,1.3507044779,Solved
THOWK_JOcHsOPPATWOH?De_COqDGAI?OSHOP,21,58,6,8.1041877005,2.1041877005,1.3506979501,Solved
TGoWK_HSdHsOPP__B@`OaPGXOd?E@K?_Sq_@,21,58,6,8.1041646712,2.1041646712,1.3506941119,Solved
THOWK_JSdHsOADc??ChCEOQKdO_@EMG@_Y?I,21,58,6,8.1041628312,2.1041628312,1.3506938052,Solved
THoGC_ISdHsOPPH_GH?oF@DGU?d??wQiJO`?,21,59,6,8.1041600626,2.1041600626,1.3506933438,Solved
THoWK_JS@HSO_AE@ggHUC?FFQ?H@`?Eq?CEB,21,58,6,8.1041301831,2.1041301831,1.3506883638,Solved
THOWK_ISdHsOATS??ChCEaCNC?aIGO`?Kj@@,21,58,6,8.104110817,2.104110817,1.3506851362,Solved
THO\M_geAC_hsGI??YGBQ_@PCOWs?o?MMCg`,21,60,6,8.1040758542,2.1040758542,1.350679309,Solved
THOXM__E?Fwc?teASaA@FegA?OOBAHOOH??j,21,59,6,8.1040713495,2.1040713495,1.3506785582,Solved
THO\M?geAC_LsGEQY?_Ic??[IEKGOGF_O_@q,21,59,6,8.1040640436,2.1040640436,1.3506773406,Solved
THoWE_JSdHs?@Hh_OOOAaE?KBKHO@aKGOO`B,21,58,6,8.1040594562,2.1040594562,1.350676576,Solved
THOWK_JOdHoOPOs_C?WAX`KIi??`K??A{HS@,21,57,6,8.1040507248,2.1040507248,1.3506751208,Solved
THOW?_JhMcT??t@JA?\S@OOOEC_s_PAONCA@,21,58,6,8.1040363787,2.1040363787,1.3506727298,Solved
THO\I?ge?FwchOs??W_Ba?Ax??W`DKq?G?LB,21,58,6,8.1040352749,2.1040352749,1.3506725458,Solved
THOXG_J?EC@JhHscDAAI_CMA_?WAFUI_?O_d,21,58,6,8.1040314339,2.1040314339,1.3506719056,Solved
T@OWK_JhMcT?SdXOY??Qo??K?lCOCXC@hDCG,21,58,6,8.1040270138,2.1040270138,1.350671169,Solved
THOXI_BhKCT??t@HW?XQPOE@?BCs?WGGwWgC,21,58,6,8.1040117147,2.1040117147,1.3506686191,Solved
THOHM_J@Gc@JOch@sA?oD?IWD?MCGs@OiWAC,21,58,6,8.1040086449,2.1040086449,1.3506681075,Solved
THOXK_J?AC@JhHscT?AI_CAmgWAG`CCGS?hp,21,60,6,8.1040033466,2.1040033466,1.3506672244,Solved
THOXI_ge?FWChO?E_]DOOC`VC@_?JcS?D?QH,21,58,6,8.1039933797,2.1039933797,1.3506655633,Solved
THoWC_JSdGcOPPATGX@@Ec?Ke@MG?_@gCWAd,21,59,6,8.1039761856,2.1039761856,1.3506626976,Solved
THO\I?ge?FwchOs??W_Ba?Ax??W`DKq?G_LB,21,59,6,8.1039669431,2.1039669431,1.3506611572,Solved
T@OKEageAC_hp?x?@WG@d@oCgIGhPB?gSQDC,21,59,6,8.1039152165,2.1039152165,1.3506525361,Solved
THO\M?geAC_LsGEQY?_IcG?[IEKGOGF_O_@q,21,60,6,8.1039120261,2.1039120261,1.3506520043,Solved
T@?[MAgWac?B@Pe@RAQCBHQCPcPUGEG?C?rH,21,59,6,8.1038903187,2.1038903187,1.3506483865,Solved
THOXK_J?Mc@JhHsCTAAI_C?kADLO_?E?S?g`,21,58,6,8.103865073,2.103865073,1.3506441788,Solved
THOXK_J?Mc@JhHsCTAAI_C?kADLO_GE?S?g`,21,59,6,8.1038609431,2.1038609431,1.3506434905,Solved
THOWE_IGKcT?pG?Ewa?sA?t_f@?`HGJI?_GJ,21,58,6,8.1038597675,2.1038597675,1.3506432946,Solved
TGoWK_JS`HSO_AE@ggHUC?FNO?H@`?EQGCEB,21,58,6,8.1038536835,2.1038536835,1.3506422806,Solved
THoWK_JODGsOPPATQO@?F_KDC@GOTGE_cOcD,21,58,6,8.1038496843,2.1038496843,1.3506416141,Solved
THOKMa_CADchoDC__kHC`aATS_OVC@G_UGCD,21,60,6,8.1038493732,2.1038493732,1.3506415622,Solved
THoWK?JScHsOPOs_CCII@ACgaGW?YpQ_EOAD,21,59,6,8.1038005286,2.1038005286,1.3506334214,Solved
TGoHM_J?Mc@JScg@sa@o??`K?gGI?iHAQoOD,21,58,6,8.1037876647,2.1037876647,1.3506312775,Solved
TH?XA_J@Mc?BhHocTA?M?CHSJCD?_goID?Al,21,59,6,8.1037247586,2.1037247586,1.3506207931,Solved
THOXG_J?Cc@JhHscDA?AVpO@?w?`GTO?nB?_,21,59,6,8.103705669,2.103705669,1.3506176115,Solved
THOXC_@hMcT??t@JI?\O@?OCOaOSa]G?WAcg,21,58,6,8.1036865648,2.1036865648,1.3506144275,Solved
THOWK?JSdHsOPO?DSCWOSPOOA?w`KKc?_h@D,21,57,6,8.1036851838,2.1036851838,1.3506141973,Solved
TGoHM_J?Mc@JScg@sa@o_?`K?gGI?iHAQoOD,21,59,6,8.1036692032,2.1036692032,1.3506115339,Solved
THOWC_JHMC@JhHsCTOAI@?_qg?G@QicGG?Oj,21,59,6,8.1036139842,2.1036139842,1.3506023307,Solved
THOXK_J?IC@JhHsCD?AI_CAmgWAG`CCGC?`t,21,58,6,8.1035834859,2.1035834859,1.3505972476,Solved
THOXG_J?Cc@JhHscTA?AVpO@?w?`H@O_qA?B,21,58,6,8.1035653503,2.1035653503,1.3505942251,Solved
THOXG_J?Cc@JhHscTA?AVpO@?w?`H@O_qB?B,21,59,6,8.1035617819,2.1035617819,1.3505936303,Solved
THO[I__e?FwcaWsATG?Cc?@[?`os?H?[CDoH,21,59,6,8.103498295,2.103498295,1.3505830492,Solved
THOXM_B`KcT??p@JW?Gp@AEac?Y?WH?e?Q?b,21,57,6,8.1034788444,2.1034788444,1.3505798074,Solved
THOWK_JHEC@JhHsCTOAI@?_qg?G@OicGG?Oj,21,58,6,8.1034765366,2.1034765366,1.3505794228,Solved
THoWC_JSdHsOP@h_?EWOHPOCBIO`E_OgEO?h,21,59,6,8.103475599,2.103475599,1.3505792665,Solved
TH?XG_ge?FWChO?E_]DOOC`VC@_GJcU?D?QH,21,58,6,8.1034533551,2.1034533551,1.3505755592,Solved
THO\M_geAC_lsGI??YGBQ_@PCOWs?o?KMCG`,21,59,6,8.1034420168,2.1034420168,1.3505736695,Solved
THOWK_JOcHsOPPATWOH?De_COadGAI?WSHOP,21,59,6,8.1034297791,2.1034297791,1.3505716299,Solved
THOWK_JSdHcOPPATSOMHAE@?Oa`?csO?L@GH,21,59,6,8.1034075664,2.1034075664,1.3505679277,Solved
THoWM_JSd@sO?@HOg_OsC_?SGSGIOlC@COcH,21,57,6,8.1033946375,2.1033946375,1.3505657729,Solved
THO\I_ge?EwchOs?C@_FB?IOBCG?UK_@DCOX,21,58,6,8.1033883334,2.1033883334,1.3505647222,Solved
THoOC_JSdHcOPPATGX@@Ec?Ke@MK?_ODG?cJ,21,59,6,8.1033662731,2.1033662731,1.3505610455,Solved
THoWM_JSd@sO?@HSgcOsC_?SGSGIOlC@CO_H,21,58,6,8.1033298743,2.1033298743,1.350554979,Solved
T@OWM?BGEC@AhHscTO?`P@SDQCKH_GAJCgGH,21,57,6,8.1033222235,2.1033222235,1.3505537039,Solved
THOXK_J?Mc@JhHsCTAAI_C?kADLO_?@PG@?J,21,58,6,8.1032899171,2.1032899171,1.3505483195,Solved
THO\M?geAC_lSGEQY?_Gc??[IEKHOGF_O_@q,21,59,6,8.1032891042,2.1032891042,1.350548184,Solved
THoWM_H?dGsOATo_ccI?hCGUOOa@WH?CWI?R,21,58,6,8.1032789631,2.1032789631,1.3505464939,Solved
THO[I__e?FwcaWsATG?Cc?@[Y?HGSGJ_O?Dr,21,60,6,8.1032532784,2.1032532784,1.3505422131,Solved
THOXK_J?Mc@JhHsCTAAI_C?kADLO_G@PG@?J,21,59,6,8.1032389686,2.1032389686,1.3505398281,Solved
THOGK_JSdHsOATc??ChCEOQGdOa@EMG@_Y?I,21,58,6,8.1032357491,2.1032357491,1.3505392915,Solved
THOWK_JOcHsOPPATWOH@De_COa`GAI?WSHOP,21,59,6,8.103234886,2.103234886,1.3505391477,Solved
THOXI_JhKCT??t?HY?XOPOEOD@OHGq?SMY?G,21,59,6,8.1032324604,2.1032324604,1.3505387434,Solved
THO\MagE?DchoDE_Wa?BBPAEg?G@BG_SgBOI,21,60,6,8.1032159934,2.1032159934,1.3505359989,Solved
THOOM_@HMC@JhGsCTO?`P?@wJOPDG?pORC?R,21,59,6,8.1032158857,2.1032158857,1.350535981,Solved
THOWC_JSdGsOP@ATYO?@FH_QY?QIGG@_SGI`,21,58,6,8.1032030503,2.1032030503,1.3505338417,Solved
THO[I__e?FwcaWsATG?Cc?@[Y_H?SGJ_O?Dr,21,60,6,8.1031900637,2.1031900637,1.3505316773,Solved
THOXM_BhKCT??t?HY?XOPOAoCcWIAa?oMY?G,21,59,6,8.103162225,2.103162225,1.3505270375,Solved
THOXK_J?Mc?JhHsCTAAI_?AkADDO_A`@GB?J,21,58,6,8.1031513561,2.1031513561,1.350525226,Solved
THOWM_BhMCP??t@JG?\S?cGGHWGpOAGCsACe,21,59,6,8.1031396522,2.1031396522,1.3505232754,Solved
T@O\M?ge?C_lsGx?B@G?mGOKB_OGOYC_QgCB,21,58,6,8.1031049832,2.1031049832,1.3505174972,Solved
THoWM_JSd@sO?@HSg_OsC_?SGSGIOlC@DO_H,21,58,6,8.1030923524,2.1030923524,1.3505153921,Solved
THO\I__e?FwcaWSA@S@I??du?@pOWK?AdCQ@,21,59,6,8.1030855332,2.1030855332,1.3505142555,Solved
THOXK_J?Mc?JhHsCTAAI_?AkADLO?I`@GB?J,21,59,6,8.1030711637,2.1030711637,1.3505118606,Solved
T@OWK_JhMcT?SdPOY??QoG_K?k?CBjI?IGBG,21,58,6,8.1030553585,2.1030553585,1.3505092264,Solved
THO[I__e?EwcaWsATGACc?@[?`os?X?SCDoH,21,59,6,8.1030188832,2.1030188832,1.3505031472,Solved
THO\I__e?FwcaWsATG?Cc??[Y_HGSGJ_O?@r,21,60,6,8.1029948316,2.1029948316,1.3504991386,Solved
THOXK_J?IC@JhHscD?AI_C?mgWAI`CCGSOg`,21,59,6,8.1029600183,2.1029600183,1.3504933364,Solved
THOWK_HhMCT??t@JA?\S@OOS?cgooUD??d?F,21,59,6,8.1029470837,2.1029470837,1.3504911806,Solved
THoWC_JSdHsOPPh_?AY`HOq?_?k_CGI_GG@J,21,58,6,8.1028868685,2.1028868685,1.3504811447,Solved
THOWG_J`McT??t?HY?WOSGoLD@Cs?LI?_?PJ,21,58,6,8.1028552053,2.1028552053,1.3504758675,Solved
THoWC_JSdHsOPPc_`WAGB?LC?AhM?GOaDO_D,21,58,6,8.1028416421,2.1028416421,1.350473607,Solved
THOXK_J?IC@JhHscT?AI_CAmgWAI`CCGS?go,21,60,6,8.1028280358,2.1028280358,1.3504713393,Solved
THoGG?JODHsOATs_wg?`GhSCZ??ig@@D@?GT,21,58,6,8.1028010439,2.1028010439,1.3504668406,Solved
THOXG_J?McT?pG?EwaAEAeCCBU@ABDI_??kB,21,58,6,8.102795137,2.102795137,1.3504658562,Solved
THOWK_J?Mc@BhHsCTAAI_?AkADII_GEIAg?B,21,58,6,8.1027939022,2.1027939022,1.3504656504,Solved
THoWC_JSdHsOPP@TS?ICP?KgGC]K?G`DCi@@,21,60,6,8.1027907704,2.1027907704,1.3504651284,Solved
THoWC_BSDHsOP@c_c?GUP?LJE?GM`@OASOac,21,58,6,8.1027806406,2.1027806406,1.3504634401,Solved
THO\M__e?FocOG?BC_WcCAWKYBAG_PAGmG`O,21,58,6,8.1027733608,2.1027733608,1.3504622268,Solved
T@OKAageAC_ht?x?@WG@d@oCgIG`PB?gSQDS,21,59,6,8.1027686562,2.1027686562,1.3504614427,Solved
TGoHA_J@Gc@Jh@scUA?M@G@U@OGHOQcCL?iO,21,58,6,8.1027613401,2.1027613401,1.3504602234,Solved
THOWC_JHMC@JhHsCTOAI@?_qg?G@OicGG@Oj,21,59,6,8.1027580571,2.1027580571,1.3504596762,Solved
T?OLMageA?_lt?aACIOdBK?OICiG_ohOG_FA,21,59,6,8.1027525354,2.1027525354,1.3504587559,Solved
THoGG?JOdHsOADs_wg?`HgSCZ??ig@@D@?GT,21,58,6,8.1027235656,2.1027235656,1.3504539276,Solved
THOWG_JSdHsOPPATWOH?Da_COalGAIAOOGOR,21,59,6,8.1027084198,2.1027084198,1.3504514033,Solved
THOXK_J?IC@JhHsCT?AI_CAmgWAI`CCGS?`p,21,60,6,8.1027005327,2.1027005327,1.3504500888,Solved
THO\I_ge?EwchOs?D@_FB?IOBCG?EK_@DCOX,21,58,6,8.1026418143,2.1026418143,1.3504403024,Solved
THoWC_JSdHcOPPATGX@@Ec?Ke@MK?_ODG?cB,21,59,6,8.1026342654,2.1026342654,1.3504390442,Solved
THO\M?geAC_lSGEQY?_GcG?[IEKHOGF_O_@q,21,60,6,8.1026215317,2.1026215317,1.3504369219,Solved
THOXM_BHKcT??p@HW?Wp@AC_B@Y?wH?UB?_H,21,57,6,8.102616453,2.102616453,1.3504360755,Solved
THOWK_JHEC@JhHsCTOAI@?_qg?G@OicGG@Oj,21,59,6,8.1026074281,2.1026074281,1.3504345714,Solved
THoWC_JScHsOPPPoOO@H`A@S_GkcCO`H?GOF,21,58,6,8.1025585221,2.1025585221,1.3504264203,Solved
THOWK_BHMc@Ih@oCTOAI@_@DO_gAsHOASObO,21,58,6,8.1025532145,2.1025532145,1.3504255358,Solved
THOXG_J?Cc@JhHscTA?AVpO@?w?`HPO_qA?B,21,59,6,8.1025337179,2.1025337179,1.3504222863,Solved
T@?WC_JhMcT?SdXOYC?Q_G_KCkG?BiMGAgAA,21,58,6,8.1025221952,2.1025221952,1.3504203659,Solved
THO\I_ge?EwchOs?D@_FB?Ip?OS_@W@QGBC@,21,58,6,8.1025168652,2.1025168652,1.3504194775,Solved
THOXK_J?Mc?JhHsCT?AI_CGGADLO_??ThB?J,21,58,6,8.1025139965,2.1025139965,1.3504189994,Solved
THOWK_BHMc@Ih@ocTOAI@_@DO_gAsHOASObO,21,59,6,8.1024885185,2.1024885185,1.3504147531,Solved
THOWK_JOcHsOPPATWOH?De_COq@GAI?WSHOP,21,58,6,8.1024419165,2.1024419165,1.3504069861,Solved
T@oWK_ISdHsOPP?Ko_G?YS_CgQBEA?`HL`__,21,58,6,8.1024237836,2.1024237836,1.3504039639,Solved
TGoOK_JS@HSO_CE@ggHUC?FNQ?H@`GEq@CE@,21,58,6,8.1024190529,2.1024190529,1.3504031755,Solved
THO\M?geAC_lSGEQW?_IcG?[IEKHOGF_O_@q,21,60,6,8.1024120371,2.1024120371,1.3504020062,Solved
THoWE_JSc@sO@HH_WOOAiE?M?BGMOQGWGg?r,21,59,6,8.1023902469,2.1023902469,1.3503983745,Solved
T@OLEageAC_hp?x?@WG@d@oCgIGhPB?gSQDC,21,60,6,8.1023789401,2.1023789401,1.35039649,Solved
THOXK_J?Mc@@hHsCTAAI_C?KADII@GEIQgO@,21,58,6,8.102341521,2.102341521,1.3503902535,Solved
THOWG_JScH_OPPs_CCOOZaCG`HMI?dU???SF,21,58,6,8.1023375798,2.1023375798,1.3503895966,Solved
THOWK_JHEC@JhHsCTOAI@?_qg?G@QicGG?Oj,21,59,6,8.1023338774,2.1023338774,1.3503889796,Solved
TGoWK_HSdHsOPP_?b@`OaOGXOd@E@K?_Sq_@,21,58,6,8.1023190085,2.1023190085,1.3503865014,Solved
THOWC_JHMC@JhHsCTOAI@?_qg?G@QicGG@Oj,21,60,6,8.1023168429,2.1023168429,1.3503861405,Solved
THOXK_J?Mc?JhHsCTAAI_C?gADLO_?@PgB?I,21,57,6,8.1023134766,2.1023134766,1.3503855794,Solved
THOXK_J?AC@JhHscD?AI_CAmgWAI`CCGCOg`,21,58,6,8.1023114566,2.1023114566,1.3503852428,Solved
T@OWK_JhMcT?SdXOYC?Q_G_K?lCOCIIG?A@r,21,59,6,8.1022984687,2.1022984687,1.3503830781,Solved
TGO[MagEACcha@GSiSHcC_DKChL_OACcG@_R,21,61,6,8.1022863581,2.1022863581,1.3503810597,Solved
THoWC_JSdHsOPPh_?AY`HOq?g?c_CGI_g?CJ,21,58,6,8.1022780136,2.1022780136,1.3503796689,Solved
THOXM_ge?FW?oGABCaWcE?XLCW?o[D??kBp@,21,60,6,8.1022774894,2.1022774894,1.3503795816,Solved
THOWG?JSdHsOPPs?CCIIHACib??CQo_CKHS`,21,58,6,8.1022737873,2.1022737873,1.3503789645,Solved
THOWK_ISdHsOATS??ChCEaCNCAaIG?`?KJH@,21,58,6,8.1022671869,2.1022671869,1.3503778645,Solved
T@OW?_JhMcT?SdXOYC?Q_G_KCkGCBiM?AGAB,21,58,6,8.1022567338,2.1022567338,1.3503761223,Solved
THOXG_J?Mc@BhHsCTAAI_?AkADIG_GEIAg?R,21,58,6,8.1022540705,2.1022540705,1.3503756784,Solved
THoWC_JSDHcOPPc_`IhHA_DDBGHSc?`?FE?@,21,59,6,8.1022483603,2.1022483603,1.3503747267,Solved
THoWC_JCdHsOP@h_?EGO@PoCBIO`E_QgFO?c,21,58,6,8.1022349547,2.1022349547,1.3503724924,Solved
THOWG_JSdHoOPOs_C?WQX`KIi??`K??A{HS@,21,58,6,8.1022275494,2.1022275494,1.3503712582,Solved
T@OWK_JhMcT?SdPOYC?Q_G_K?k?CBjI?IGBG,21,58,6,8.1022233159,2.1022233159,1.3503705526,Solved
T@OWC_J@Ec@JhHscT?A_dX??_wCS?yM???Dh,21,58,6,8.1022023221,2.1022023221,1.3503670537,Solved
THO\M?geAC_LsGEQY?_IcG?[GEKHOGF_O_@q,21,60,6,8.1022020938,2.1022020938,1.3503670156,Solved
THOXK_J?IC@JhHsCT?AI_CAmgWAI`CCGC?hp,21,60,6,8.1021937016,2.1021937016,1.3503656169,Solved
T@OWK_JhMcT?SdPOY??QoG_K?kGCBjI?IGBG,21,59,6,8.1021781149,2.1021781149,1.3503630191,Solved
THOXK_J?Kc?JhHsCTAAI_CGGADLO_G?ThB?J,21,59,6,8.1021727529,2.1021727529,1.3503621255,Solved
THOWK_JSdHsOPO?DSCWOSPOOA?w`KKc?_h@D,21,58,6,8.1021308635,2.1021308635,1.3503551439,Solved
THoWC_BSDHcOADs_ccS?hEGC@KKC`HEC@CcB,21,58,6,8.1021250938,2.1021250938,1.3503541823,Solved
THOPG_J?McT?pG?FwaAEAaCCBU@ABOo@gCkB,21,59,6,8.1021033976,2.1021033976,1.3503505663,Solved
THoWC_JSdHsOPP@TO?IcP?CgGC]K?G`DCi@@,21,59,6,8.1020973781,2.1020973781,1.350349563,Solved
THO\MagC?DchoDE__mE?RaC??@goSGE?DC_D,21,58,6,8.1020932408,2.1020932408,1.3503488735,Solved
THOXK_J?Mc?JhHsCTAAI_?AkADLO_?`@GB@J,21,59,6,8.1020727839,2.1020727839,1.350345464,Solved
T@?WK_JhMcT?SdXOYC?Q_G_K?kGCBaI?IGAJ,21,58,6,8.1020717903,2.1020717903,1.3503452984,Solved
THOXK_J?Mc@JhHsCTAAI_C?kADLO_?A?S?gp,21,58,6,8.1020715355,2.1020715355,1.3503452559,Solved
THOXK_J?Mc@JhHsCTAAI_C?kADLO_GA?S?gp,21,59,6,8.1020715333,2.1020715333,1.3503452555,Solved
THOXK_JhMcT??t?HI?YIAAEEA?iI?G`Cig?B,21,59,6,8.1020661695,2.1020661695,1.3503443616,Solved
TGoWI_B@Ec@JhHoCUACI?O_kaD?@PhQ_Sw_O,21,59,6,8.1020541427,2.1020541427,1.3503423571,Solved
THO\M?geAC_hSGI??YWBQ_@PCOWs?o?MMCg@,21,58,6,8.1020482777,2.1020482777,1.3503413796,Solved
THoWC_JSdHsOP@g_?EWOHPOCBIO`E_QgEO?d,21,59,6,8.1020265084,2.1020265084,1.3503377514,Solved
TGO[MagEACcha@GSiSHcC_DKChLoOACcG@_R,21,62,6,8.1020236707,2.1020236707,1.3503372785,Solved
THO\MagE?DcH_DA__MMG@CATAAi_Q??GkD_H,21,58,6,8.1020020325,2.1020020325,1.3503336721,Solved
THOXK_J?Mc?JhHsCTAAI_C?gADLO_?@PgB?J,21,58,6,8.1019960119,2.1019960119,1.3503326687,Solved
T@ODMageAC_gt?x?ADGJ_WDGhI?SD_c?w?LB,21,60,6,8.1019854513,2.1019854513,1.3503309086,Solved
THO[M?gEAC_ls?i??[GGUIoDATDG_??LUO_D,21,58,6,8.1019747787,2.1019747787,1.3503291298,Solved
THO\M?geAC_hsGI??YGBQ_@PCOWs?p?KMCg`,21,59,6,8.1019663829,2.1019663829,1.3503277305,Solved
THoWC_BSdHsOPPc_`WAGB?LC?AhM?GOgDO_D,21,57,6,8.1019614822,2.1019614822,1.3503269137,Solved
THoWM_JS`@SO_CoaCGW?xP?CD[?`M?sSA_?N,21,59,6,8.1019580925,2.1019580925,1.3503263488,Solved
THOWM_@hMcT??t?JGQGODO?_CkXUATGA_W_H,21,59,6,8.1019362957,2.1019362957,1.350322716,Solved
THoWC?JSdHsOP@g_?EWOHPOCBIO`E_QgEO?l,21,59,6,8.1019313647,2.1019313647,1.3503218941,Solved
THOXK_J?Mc?JhHsCTAAI_C?kADLO_IE?S?gp,21,60,6,8.1019172282,2.1019172282,1.350319538,Solved
THoWM_H?dGsOATo_ccI?hCIUOOA@WHGCWI?R,21,59,6,8.1019161749,2.1019161749,1.3503193625,Solved
T@OKEageAC_gt?x?@WG@d@oCgIGhPB?gSQDC,21,59,6,8.1019135926,2.1019135926,1.3503189321,Solved
THoWC_JSdGcOPPATGX@@Ec?Ke@MG?_@gSGAd,21,59,6,8.1019098483,2.1019098483,1.3503183081,Solved
THOHA_JhMcT??Te?_`a@B`_E`?_o_WGShACB,21,58,6,8.1018936546,2.1018936546,1.3503156091,Solved
THO\M_geA?_hSGI??YWBQ_@PCOWs?o?MMCg@,21,58,6,8.1018932154,2.1018932154,1.3503155359,Solved
TGOWK_HOdHsOASS??eh?EeCCB@I`Gc?DKq_@,21,56,6,8.1018867158,2.1018867158,1.3503144526,Solved
THO\EagE?DchoDE_Wa?BBPAEg?G@BG_CgBOB,21,58,6,8.101881547,2.101881547,1.3503135912,Solved
T@?WK_JhMcT?SdXOYC?Q_G_K?kGCBbI?IGAJ,21,59,6,8.1018778934,2.1018778934,1.3503129822,Solved
THoWK_JODHsOPPADC?YcQ__Gd?A`GSC`KGQK,21,58,6,8.1018734551,2.1018734551,1.3503122425,Solved
THOXK_J?AC@JhHscD?AI_CAmgWAI`CCGSOg`,21,59,6,8.1018664501,2.1018664501,1.350311075,Solved
THO\I_ge?DWch?OAaOG?|aOC_TGQDM?OCDp@,21,59,6,8.1018652432,2.1018652432,1.3503108739,Solved
THOXK_J?Mc@JhHsCTAAI_C?kADLO_?@PGB?I,21,58,6,8.1018618727,2.1018618727,1.3503103121,Solved
THOHM_J@Gc@JOCh@sA?oD?IWd?MCGs@OiWAC,21,58,6,8.1018587116,2.1018587116,1.3503097853,Solved
THO\M_geAC_LsGI??YGBQ_@PCOWs?o?KKCg`,21,58,6,8.1018564211,2.1018564211,1.3503094035,Solved
THoWK_JSd?cOPOATYO@@FcH??k_SSO?_lC@H,21,58,6,8.1018507441,2.1018507441,1.3503084573,Solved
THOXK_J?AC@JhHsCD?AI_CAmgWAI`CCGC?`t,21,58,6,8.1018327822,2.1018327822,1.3503054637,Solved
THO\M?geAC_hSGI??YWBQ_@PCOWs?o?MMCg`,21,59,6,8.1018166356,2.1018166356,1.3503027726,Solved
THOXA_JhMCT??t_?_`a@B`oCh@_oSUc???dB,21,58,6,8.1018088376,2.1018088376,1.3503014729,Solved
THOWG_JScHsOPPs_CCOQZaCHOcKC@HI?OGQB,21,59,6,8.1017980848,2.1017980848,1.3502996808,Solved
THOXK_J?Ec@JhHsCT?AI_CGGADLO_AI?S?It,21,58,6,8.1017879889,2.1017879889,1.3502979982,Solved
THOGG_HhMCT??t@JI?\S@OOSAcgooUd??c?F,21,59,6,8.1017875183,2.1017875183,1.3502979197,Solved
TGoWK_B?Mc?JSChHsa?p@pC?ACXOoGACSiC@,21,57,6,8.1017584665,2.1017584665,1.3502930777,Solved
THOXK_J?Cc@JhHsCTAAI_CGKADLO_II?C?Id,21,58,6,8.1017492412,2.1017492412,1.3502915402,Solved
THO\MagE?DchoDE_Wa?BBPAEg?G_SGF_??Db,21,59,6,8.1017461824,2.1017461824,1.3502910304,Solved
THO\M_geA?_hSGI??YWBQ_@PCOWs?o?MMCg`,21,59,6,8.1017429488,2.1017429488,1.3502904915,Solved
THOWG_JSdHsOP@ATWOH?Da_COalGAIAWOGOR,21,59,6,8.1017156012,2.1017156012,1.3502859335,Solved
THO\M?geAC_hsGI??YWBQ_@PCOWs?o?MMCg@,21,59,6,8.1016696021,2.1016696021,1.350278267,Solved
THOWM_BhMcT??t?JGAGODO?_CkXUATGA_W_G,21,58,6,8.1016694641,2.1016694641,1.350278244,Solved
THO\M?geAC_hsGI??YWBQ_@PCOWs?o?MMCg`,21,60,6,8.101662408,2.101662408,1.350277068,Solved
THOXA_JhMCT??tC?_`a@B`oCh@_oSUC?GCd@,21,58,6,8.1016496373,2.1016496373,1.3502749395,Solved
THoWK_JODGsOPPATYO@?F_KD?@GOTGE_cOcD,21,58,6,8.1016386066,2.1016386066,1.3502731011,Solved
THOW?_JhMcT??t@JI?\S@OOOEC_s_P?ONCa@,21,59,6,8.1016356218,2.1016356218,1.3502726036,Solved
THO\M_geA?_hsGI??YWBQ_@PCOWs?o?MMCg@,21,59,6,8.1016317591,2.1016317591,1.3502719598,Solved
THO\M?geAC_lsGI??YGBQ_@PCOWs?o?KMCg`,21,59,6,8.1016315979,2.1016315979,1.350271933,Solved
THO\M_geA?_hsGI??YWBQ_@PCOWs?o?MMCg`,21,60,6,8.1016230049,2.1016230049,1.3502705008,Solved
THoWC_ISdHsOPPh_?AY`HOq?_?k`CGI_GGCJ,21,58,6,8.1016083346,2.1016083346,1.3502680558,Solved
THO\MagC?DchoDE__mE?RaC??@goSGE?dC_D,21,59,6,8.101590786,2.101590786,1.350265131,Solved
THoGK_JS_HSO_EE?ggHUC?FNAH@@_I`?ODCB,21,57,6,8.1015829798,2.1015829798,1.35026383,Solved
THOWK_B?Mc?JSChHsa?p@pC?ACXOoGACSiC@,21,57,6,8.1015805428,2.1015805428,1.3502634238,Solved
THOWK_JHIc@Jh@_cTOAI@GID?OC_GW`E_H@K,21,57,6,8.101568046,2.101568046,1.350261341,Solved
THO\I_ge?Bwcs?@SC@WCEaOG?SWoHaGOSAaD,21,58,6,8.1015660791,2.1015660791,1.3502610132,Solved
TGO[MagEACcha@GSiSHcC_DKChLoOACcGD_R,21,63,6,8.101565209,2.101565209,1.3502608682,Solved
THoWK_ISdGSOPPASYO@?B`KC?LgOsaE?KOc@,21,58,6,8.1015488384,2.1015488384,1.3502581397,Solved
THOWK_JHMc@Jh@_cTOAI@GID?OC_GW`E_H@K,21,58,6,8.1015484374,2.1015484374,1.3502580729,Solved
THO\M?geAC_lsGEQY?_Gc??[IEKGOGF_O_@q,21,59,6,8.1015283451,2.1015283451,1.3502547242,Solved
THOXC_HhMcT??t?JA?YIAc_EE?_@WhQ@D?PL,21,59,6,8.1015157521,2.1015157521,1.3502526254,Solved
TGoWK_HSdHsOPP_?b@`QaOGXOd?E@K?_Sq_@,21,58,6,8.1015017924,2.1015017924,1.3502502987,Solved
THOXG_J@Cc@JhHscTA?AV`O@?w?_H@O_rA?B,21,58,6,8.1014753424,2.1014753424,1.3502458904,Solved
THO\MagE?DchoDE_Wa?BBPAEg?G_SGF_??Dj,21,60,6,8.1014747439,2.1014747439,1.3502457906,Solved
THOXG_J@Cc@JhHscTA?AV`O@?w?_H@O_rB?B,21,59,6,8.1014682333,2.1014682333,1.3502447056,Solved
THoWC_JCdHsOP@h_?EWOHPOCBIO`Ee_@GGSB,21,59,6,8.1014580739,2.1014580739,1.3502430123,Solved
T@O\M__C?@chODAsGP?HDEaa_O[_FAH?MGS_,21,57,6,8.1014521902,2.1014521902,1.3502420317,Solved
THO\M?geAC_lsGEQY?_GcG?[IEKGOGF_O_@q,21,60,6,8.1014398668,2.1014398668,1.3502399778,Solved
THoWC_JSdHsOPP@TS?ICP?CgHC]K?G`CCi@H,21,60,6,8.1014319889,2.1014319889,1.3502386648,Solved
THOWG?JSdHsOPPs?CCIIHACib?GCQoQg?OAF,21,58,6,8.1014308472,2.1014308472,1.3502384745,Solved
THoWC_JSdHsOPPADQO@?EsGCH?O?`Y?RGd@A,21,57,6,8.1014178779,2.1014178779,1.350236313,Solved
THOWG?JSdHsOPPs?CCIIHACib??CQoQg?OaF,21,58,6,8.1013510327,2.1013510327,1.3502251721,Solved
THOXK_J?IC@JhHscD?AI_C?mgWAI`CCGSOgp,21,60,6,8.101334817,2.101334817,1.3502224695,Solved
T@OWC_J@Ec@JhHsCT?A_dXO?_oCS?yM?G?dg,21,58,6,8.1013311486,2.1013311486,1.3502218581,Solved
THOXM_BhKcT??t?HY?XOPOAoCcWIAa?oMI?G,21,59,6,8.1013134418,2.1013134418,1.350218907,Solved
THoGK_JSdHsOATc??ChCEOQGdOa@AMG@_Y?I,21,58,6,8.1013080292,2.1013080292,1.3502180049,Solved
THOWM_BhMcT??t?JGQGODO?_CkXUATGA_W_G,21,59,6,8.1012876945,2.1012876945,1.3502146157,Solved
T@?[MAgWac?BHPe@RAQCBHQCPcPU?EG?K?pH,21,59,6,8.1012639381,2.1012639381,1.3502106564,Solved
THOXK_J?IC@JhHsCD?AI_CAmgWAI`CCGC?_t,21,58,6,8.1012555833,2.1012555833,1.3502092639,Solved
THOXK_J?IC@JhHsCD?AI_CAmgWAG`CCGS?`t,21,59,6,8.1012446208,2.1012446208,1.3502074368,Solved
THOXK_J?IC@JhHsCD?AI_CAmgWAI`CCGS?_t,21,59,6,8.1012154061,2.1012154061,1.3502025677,Solved
THoGK_JS_HSO_EE?ggHUC?FNAH@@_M`?ODCB,21,58,6,8.1011933277,2.1011933277,1.350198888,Solved
T@OWK_JhMcT?SdPOYC?Q_G_K?kGCBjI?IGBG,21,59,6,8.1011759611,2.1011759611,1.3501959935,Solved
THoWI_JSc@sOATs??chCE_OLCG?oGWEQE_aC,21,58,6,8.1011563807,2.1011563807,1.3501927301,Solved
THOWC_JSDHcOPPc_cCGQX_CHE?WM`@OAEOcD,21,58,6,8.1011526349,2.1011526349,1.3501921058,Solved
THO\M?geAC_lsGEQY?_Gc??[GEKHOGF_O_@q,21,59,6,8.1011470349,2.1011470349,1.3501911725,Solved
T@O\M__C?@chODAsGP?HDEaa_O[_FAH?MGS`,21,58,6,8.101141772,2.101141772,1.3501902953,Solved
THOXK_J?Cc@JhHsCTAAI_CGKADLO_II?S?Id,21,59,6,8.1011400106,2.1011400106,1.3501900018,Solved
THOWK_JSdHsOPOs_C?WAX`KIi??`K???{HS@,21,58,6,8.1011147696,2.1011147696,1.3501857949,Solved
THOWK_JHEC@JhHsCTOAI@?_qg?G@QicGG@Oj,21,60,6,8.1010969,2.1010969,1.3501828167,Solved
THO\M_geA?_lsGI??YGBQ_@PCOWs?p?KKCG`,21,58,6,8.1010939941,2.1010939941,1.3501823323,Solved
THOGK_JOdHsOPOATYOH@EaCCOMKo_aE?K?_h,21,59,6,8.1010906855,2.1010906855,1.3501817809,Solved
T@OWC_J@Ec@BhHscTOA_dXO?_OCS?yM?G?dg,21,58,6,8.1010630099,2.1010630099,1.3501771683,Solved
THOTM__e?FwcOG?BCaWcCAWKYBAG_PAGmG`O,21,59,6,8.1010615492,2.1010615492,1.3501769249,Solved
THoWC_JSdHsOPPh_?AY`HOq?g?K`CGI_G?Cj,21,59,6,8.1010553211,2.1010553211,1.3501758868,Solved
THOW?_JhMcT??t?JI?\S@OOOEC_s_PAONCA@,21,58,6,8.1010404597,2.1010404597,1.3501734099,Solved
THoOC_JSdGcOPPATGX@@Ec?Ke@MK?_@GSWAd,21,59,6,8.1010353552,2.1010353552,1.3501725592,Solved
THOXK_J?IC@JhHscT?AI_CAmgWAI`CCGC?`p,21,60,6,8.1010294743,2.1010294743,1.350171579,Solved
THoWC_JSdHsOPP@TS?IcP?CgGC]K?G`DCi@@,21,60,6,8.1010252089,2.1010252089,1.3501708682,Solved
THOXK_J?IC@JhHscT?AI_CAmgWAI`CCGS?gp,21,61,6,8.1010069032,2.1010069032,1.3501678172,Solved
THOWK?JScHsOPPs_CC?OZaCG_JIE?oQ_IO?b,21,58,6,8.1010063233,2.1010063233,1.3501677205,Solved
THO\M?geAC_lsGEQW?_IcG?[IEKGOGF_O_@q,21,60,6,8.1009879833,2.1009879833,1.3501646639,Solved
THO\A_ge?FWcHOOEaSIGo_WSY?G?DlOOC@S`,21,59,6,8.1009840377,2.1009840377,1.3501640063,Solved
THO\I_ge?EwchOo?D@_FB?Ip?QS_@W@QGBS@,21,59,6,8.1009794956,2.1009794956,1.3501632493,Solved
T@oWK_JScHsOPP__`I`HaGAX?CO_RLC?CO_L,21,58,6,8.1009721871,2.1009721871,1.3501620312,Solved
THOLMagE??_lAAS`_[T?C?C^CAHQOO_HlCgO,21,59,6,8.1009541911,2.1009541911,1.3501590319,Solved
THOWK?JScHsOPPs_CC?OZaCG_JGE?oQgIO?b,21,58,6,8.1009396775,2.1009396775,1.3501566129,Solved
THO\M_geAC_hsGI??YWBQ_@PCOWs?o?KMCg@,21,59,6,8.1009332635,2.1009332635,1.3501555439,Solved
THO\M?geAC_LsGEQY?_IcG?[GEKGOGF_?_@r,21,59,6,8.1009113258,2.1009113258,1.3501518876,Solved
THoWC_BSDHcOPPc_cCGQX_CHE?WM`@O?UOcD,21,58,6,8.1009055557,2.1009055557,1.350150926,Solved
T@?[MAgWac?BHPe@RAQCBHQCPcPU?EG?K?rH,21,60,6,8.100899705,2.100899705,1.3501499508,Solved
THoWC_JSdHsOP@g_?EGOHPoCBIO`Ec_@GGSB,21,58,6,8.1008967812,2.1008967812,1.3501494635,Solved
THoWC_JCdHsOPPh_?AY`HOQ?g?_I_kcCG?cJ,21,58,6,8.1008867583,2.1008867583,1.3501477931,Solved
THOWM_J?dGsOADs_scO?QC_L?kGI?g`gagOA,21,58,6,8.1008694329,2.1008694329,1.3501449055,Solved
THoOC_JSdHcOPPATGX@@Ec?Ke@MG?_@GSWAd,21,59,6,8.1008668976,2.1008668976,1.3501444829,Solved
THoWM_JOd@sO?@HSgcOsC_?[GSGIOlC@DO_H,21,59,6,8.1008639377,2.1008639377,1.3501439896,Solved
THO\M_geAC_hsGI??YWBQ_@PCOWs?o?KMCg`,21,60,6,8.1008573259,2.1008573259,1.3501428876,Solved
THO\M__c?FocOG?BCaWcCAWKYBAG_PAGmG`O,21,58,6,8.1008553408,2.1008553408,1.3501425568,Solved
THoWK_BSdHsOPP__`Ia?RGKOWAQ`B@C?KCCX,21,59,6,8.1008510641,2.1008510641,1.350141844,Solved
THOXM__E?Fwc?teASaA@Feg?cAA?@WU?E?OT,21,59,6,8.100803535,2.100803535,1.3501339225,Solved
THoWC_JCdHsOP@h_?EGO@PoCBIO`E_QgFO?d,21,59,6,8.1007794382,2.1007794382,1.3501299064,Solved
THOXK_J?Mc?JhHsCTAAI_CGGADLO_G?T`B?J,21,59,6,8.1007735931,2.1007735931,1.3501289322,Solved
THOWK_JOcHsOPPATWOH?EaCDOcGod@I@QA?U,21,59,6,8.1007700221,2.1007700221,1.350128337,Solved
THOXG_J@Cc@JhHscTA?AV`O@?w?_HPO_rA?B,21,59,6,8.100765488,2.100765488,1.3501275813,Solved
T@OWM?JGEC@AhHscTO?`P@SDQCCH_GAJCgGH,21,57,6,8.1007538588,2.1007538588,1.3501256431,Solved
THOWG_JScHsOPPATWOH?Da_COalGAIAWOGOR,21,59,6,8.1007515312,2.1007515312,1.3501252552,Solved
THoOC_JSDHcOP@ATYO@@Fh_?Y?QIGG@_S@ID,21,57,6,8.1007489422,2.1007489422,1.3501248237,Solved
THoWC_JSdHsOATc??ChCEOQGdO_@EMG@_Y?I,21,58,6,8.1007485824,2.1007485824,1.3501247637,Solved
THO\I_ge?DWch?OAaSG?|aOC_TGADM?OCDp@,21,59,6,8.1007044122,2.1007044122,1.350117402,Solved
THOXK_J?Mc?JhHsCTAAI_CGK?DLO_G?TgB?B,21,58,6,8.1007002419,2.1007002419,1.350116707,Solved
THoWK_JS@HS?_AE@ggHSC?VFQ?K@`?Eq?CEF,21,58,6,8.1006926421,2.1006926421,1.3501154403,Solved
THoWC_JSdHsOPPh_?AY`HOq?_?k_CGI_gGCJ,21,59,6,8.1006677264,2.1006677264,1.3501112877,Solved
THOXC_J@Cc@JH@scT?AM@OM?JAG@Uc?_KOc`,21,58,6,8.1006612616,2.1006612616,1.3501102103,Solved
THoWM_H?dGsOATo_ccI?hCGUOOa@WHGCWI?R,21,59,6,8.1006491812,2.1006491812,1.3501081969,Solved
T@oWK_JScHsOPP__`I`HaGAX@CO_RLC?CO_L,21,59,6,8.1006422003,2.1006422003,1.3501070334,Solved
THoWC_JSdHsOADc??ChCEOQGdOa@EMG@_Y?I,21,58,6,8.1006281748,2.1006281748,1.3501046958,Solved
THOXK_J?IC@JhHscT?AI_CAmgWAI`?CGCOg`,21,59,6,8.1006047234,2.1006047234,1.3501007872,Solved
THOXK_J?Kc@JhHsCTAAI_C?kADLO_IA?S?g`,21,58,6,8.1005913858,2.1005913858,1.3500985643,Solved
THOWG_JHMc@Jh?cCTO?I@A_sAD?`DL@?h@OI,21,57,6,8.1005910224,2.1005910224,1.3500985037,Solved
THoWC_JOdHcOPP@oOOOQhGGUCSGocO?RNOc?,21,59,6,8.1005744037,2.1005744037,1.350095734,Solved
THO\A_ge?FWchOOEaSIG?_WSYCG?DlOOC@S`,21,59,6,8.1005697444,2.1005697444,1.3500949574,Solved
T@OWC_J@Ac@JhHscT?A_dX??_WCS?yM?G?dh,21,58,6,8.1005610379,2.1005610379,1.3500935063,Solved
THOHA_JhMcT??te?_`a@B`_E`?_o_WGSHA@B,21,58,6,8.1005583536,2.1005583536,1.3500930589,Solved
THOWK_JSdHsOATS??ChCEaCNCAaIG?`?Kj?@,21,58,6,8.1005337034,2.1005337034,1.3500889506,Solved
THO\M?geAC_lsGEQY?_Ic??[GEKGOGF_O_@q,21,59,6,8.1005275863,2.1005275863,1.3500879311,Solved
THoWC?JSdHsO@Pg_@AYM@C@DC`A?UPU?QO?d,21,58,6,8.1005186237,2.1005186237,1.3500864373,Solved
THOXK?J?Mc@JhGcCTAAI_AAsO_mC_IIB?ADS,21,59,6,8.1005096167,2.1005096167,1.3500849361,Solved
T@OWG_JhMcT?SdXOY??QoG_K?lCOCOC@hDCB,21,58,6,8.1004963677,2.1004963677,1.3500827279,Solved
THoWC_JSdHsOPPh_?AY`HOq?g?C_CGI_g?Cj,21,58,6,8.1004722426,2.1004722426,1.3500787071,Solved
THO\I_ge?EwchOs?C@_FB?IoBCG?EK_@DCOX,21,58,6,8.1004616573,2.1004616573,1.3500769429,Solved
THoWM_JSd@oO?@HOg_OsC_?[GSGIOlC@DOcH,21,58,6,8.1004543384,2.1004543384,1.3500757231,Solved
THoWC_HSdHsOPPADQO@?FPGCf??@DIAR?Y?J,21,58,6,8.1004412248,2.1004412248,1.3500735375,Solved
T@oWG_JSdHsO@PATYO@?Fc?D@GHOcNI???`b,21,58,6,8.1004334034,2.1004334034,1.3500722339,Solved
T@?WK_JhMcT?SdPOY??QoG_K?gKOEJI?GADp,21,58,6,8.1004195344,2.1004195344,1.3500699224,Solved
THOXG_J?Cc@JhHscT??AVp?@?w?`HPO_rB?@,21,58,6,8.1004086561,2.1004086561,1.3500681094,Solved
THoWG?JSdHsOPPs?CCIIHACib??CQoQg?OAF,21,58,6,8.1004067189,2.1004067189,1.3500677865,Solved
THO\I__e?Fwc_WsATG?Cc?@[Y_H?SGJ_??Dr,21,59,6,8.1003920114,2.1003920114,1.3500653352,Solved
T@?WC_JhMcT?SdXOY??QoG_KCkGCBiMGAGAA,21,58,6,8.1003871058,2.1003871058,1.3500645176,Solved
THoWC_JSdHsOPPATGX@?Ec?Ke@MK?_ODG?cB,21,59,6,8.1003622231,2.1003622231,1.3500603705,Solved
THOWE_JhMcD??t?JGQLODp_AOC_GOg_EOb?B,21,58,6,8.1003582922,2.1003582922,1.3500597154,Solved
THOXM_BHMcT??o@HW?Wp@AE_B@X?UC`?T?SD,21,58,6,8.1003072085,2.1003072085,1.3500512014,Solved
THOXK_J?Kc@JhHsCTAAI_?AkADLO?I`@GD?J,21,59,6,8.1002968828,2.1002968828,1.3500494805,Solved
TGOWMagE?C_LaAHSICX_Kp@?Bo[ChCSA_oAI,21,59,6,8.10027226,2.10027226,1.3500453767,Solved
THOXG_J?Cc@JhHscTA?AV`O@?w?`H@O_rA?B,21,58,6,8.1002701658,2.1002701658,1.3500450276,Solved
THOXG_J?Cc@JhHscT??AVpO@?w?`HPO_rB?@,21,59,6,8.1002620119,2.1002620119,1.3500436686,Solved
THOWE_JHAc@JhHScTO@M???s?wKcGK@O`C?J,21,58,6,8.1002411895,2.1002411895,1.3500401982,Solved
THO\MagE?DchoDE_Ga?BBPAEg?G@BG_CgBOJ,21,59,6,8.1002385299,2.1002385299,1.350039755,Solved
THOXK_J?Ec@JhGsCTAAI_CGCADGOSiI@GAOJ,21,58,6,8.1002380346,2.1002380346,1.3500396724,Solved
THOKMagCADchoDC__KHC`AATS?OsD@G_UGTC,21,59,6,8.1002157032,2.1002157032,1.3500359505,Solved
THoWM_JSd@sO?@HSg_OsC_?SGSGIOlC@COcH,21,58,6,8.1002059816,2.1002059816,1.3500343303,Solved
THoWM_JSd@oO?@HOgcOsC_?[GSGIOlC@COcH,21,58,6,8.1002004163,2.1002004163,1.3500334027,Solved
THOXM_BHKcT??p@HW?Wp@AE_B@Y?wH?UB?_H,21,58,6,8.1001767017,2.1001767017,1.3500294503,Solved
THO\MagE?CchoDE_Ga?ABpAE?D_oSgE_W?b`,21,60,6,8.1001679172,2.1001679172,1.3500279862,Solved
THOXG_JhKCT??t?HY?XOUPOQY?I?aG@XOD?R,21,59,6,8.100151904,2.100151904,1.3500253173,Solved
THOXG_J?Cc@JhHscTA?AV`O@?w?`HPO_rA?B,21,59,6,8.1001492782,2.1001492782,1.3500248797,Solved
TH?LGageAC_lt?Ao_Ag`@hODD_eoG??O[BQP,21,59,6,8.1001241859,2.1001241859,1.3500206976,Solved
THO\I__e?FwcaWSABS@A??du?@qH_K?Ac_M@,21,59,6,8.1001043331,2.1001043331,1.3500173888,Solved
THOXM_JhMcD??pc?_ga@BI?WCII@IKS?_OOJ,21,58,6,8.1000988317,2.1000988317,1.3500164719,Solved
T@OWM_JGEC@AhHScTO?`P@SDQCCH_GAJCgGH,21,57,6,8.1000897331,2.1000897331,1.3500149555,Solved
THO\I__e?FwcaWSA@S@I??du??pOWIGcG?@r,21,59,6,8.100059459,2.100059459,1.3500099098,Solved
THOXK_J?AC@JhHsCD?AI_CAmgWAI`CCGS?`t,21,59,6,8.1000464278,2.1000464278,1.350007738,Solved
T@?WK_JhMcT?SdPOY??QoG_K?kKOEJI?GADp,21,59,6,8.1000411048,2.1000411048,1.3500068508,Solved
THOXK_J?Kc@JhHsCTAAI_C?kADLO_IE?S?g`,21,59,6,8.1000171974,2.1000171974,1.3500028662,Solved
TGoWK_JOdHsOPO_?iC`QbKGODSI_QKC@CWQ@,21,59,6,8.10001048,2.10001048,1.3500017467,Solved
THoWC_JSdHcOPPATGX@@Ec?Ke@MG?_@GSWAd,21,60,6,8.0999970017,2.0999970017,1.3499995003,Solved
THO\M?geAC_LsGEQY?_IcG?[GEKGOGF_O_@r,21,60,6,8.0999818047,2.0999818047,1.3499969675,Solved
THOW?_JhMcT??t@JA?\S@OOOEC_s_PAONCa@,21,59,6,8.0999756585,2.0999756585,1.3499959431,Solved
TGoWK_HSdHsOPP__b@`OaPGXOd?E@K?_Sq_@,21,59,6,8.0999690972,2.0999690972,1.3499948495,Solved
THOXK_J?IC@JhHscD?AI_CAmgWAI`CCGSOgo,21,60,6,8.0999610325,2.0999610325,1.3499935054,Solved
THOXMagE?DchoDE_Wa?BBPAEg?G@JG_SgBOI,21,60,6,8.0999570956,2.0999570956,1.3499928493,Solved
THoWC_HSdHsOPPADQO@?FPGCf??@FIAR?Q?J,21,58,6,8.0999553973,2.0999553973,1.3499925662,Solved
THoWC_BSdHcOPOo_CCWQX`DG`@M`??CCkGUC,21,58,6,8.099952209,2.099952209,1.3499920348,Solved
THOOM_@HMC@JhGsCT??`P?@oJOXCI?pORC?R,21,58,6,8.0999442406,2.0999442406,1.3499907068,Solved
THOXK_JhMcT??p?HI?YIAAEEA?g`ClOADD?D,21,59,6,8.0999420729,2.0999420729,1.3499903455,Solved
TGOXC_J@Cc@JhHccTAAI@OM?h@G@omC?COCh,21,58,6,8.0999215499,2.0999215499,1.349986925,Solved
THO\I__e?FwcaWS?BS@I??du??pOWIGcG?@r,21,59,6,8.0999205075,2.0999205075,1.3499867513,Solved
THOXK_J?MC?JhHsCTAAI_CAc?hPO?]G_CACh,21,58,6,8.0999155749,2.0999155749,1.3499859291,Solved
THOWG?JSdHsOPPs?CCII@ACib??CQo`CKHS`,21,58,6,8.0999119855,2.0999119855,1.3499853309,Solved
THOWK_JOdHcOPPATY?H?Da_Ec@AAWOO_kOaK,21,58,6,8.0998869991,2.0998869991,1.3499811665,Solved
THOXK_J?Ec@JhHsCTAAI??AcADII_LO?SO_t,21,59,6,8.0998767343,2.0998767343,1.3499794557,Solved
T@OHMageAC_kt?x?ADGCKIOKOhOG_WC@C_M@,21,57,6,8.0998751761,2.0998751761,1.349979196,Solved
THOWG_JOdHsOP@ATYOH?Da_Ec@AAWOO_kOaK,21,58,6,8.099872964,2.099872964,1.3499788273,Solved
TGOWK_HOdHsOATS??eh?EeCCB@I`Gc?DKq_@,21,57,6,8.0998533877,2.0998533877,1.3499755646,Solved
THoWC_HSDHcOPPc_`IhHA_DDBGHSc?`?NE?@,21,59,6,8.0998503488,2.0998503488,1.3499750581,Solved
THOWE_JhMcD??t@JGOLO@p_AOc_GOg_EOb?B,21,58,6,8.0998492165,2.0998492165,1.3499748694,Solved
THoWE_JSd@sO?@HSg_OsC_?SGSGIOlC@COaH,21,57,6,8.0998453194,2.0998453194,1.3499742199,Solved
THoWC_JSdHsOPPc__H`OdOGYC?Y_@GOgCf?@,21,59,6,8.099844603,2.099844603,1.3499741005,Solved
THO[I__e?FwcaWsATG?Cc??[Y_HGSGJ_O?Dq,21,59,6,8.0998342926,2.0998342926,1.3499723821,Solved
THOWG_JSdHsOPPATWOH?Da_Ec@AAWOO_kOaK,21,59,6,8.0998233019,2.0998233019,1.3499705503,Solved
THOXA_J`McT??tE?_`a@B`oEc_ACb@Q`?O?V,21,59,6,8.0998136751,2.0998136751,1.3499689458,Solved
THoWC_JSdHsOPPh_?AY`HOq?g?K_CGI_g?Cj,21,59,6,8.0997938628,2.0997938628,1.3499656438,Solved
T@?KMAgWac?BHPe@RAQCBHQCPcPUGEG?K?pH,21,59,6,8.0997929436,2.0997929436,1.3499654906,Solved
THOXK_J?Cc@JhHsCTAAI_CGGADLO_II?S?It,21,59,6,8.0997869925,2.0997869925,1.3499644987,Solved
THOWK_JOdHsOPPATY?H?Da_Ec@AAWOO_kOaK,21,59,6,8.0997857494,2.0997857494,1.3499642916,Solved
THOWE_JhMcD??t?JGOLODp`AOC_GOg_EOb?B,21,58,6,8.0997680156,2.0997680156,1.3499613359,Solved
THoWC_JSdHcOPPATGX?@Ec?Ke@MG?_@gCGAd,21,58,6,8.0997652863,2.0997652863,1.349960881,Solved
TGoWC_JSdHo?PPh_?AY`H@oCg?g@iHOHBQ?@,21,57,6,8.0997477645,2.0997477645,1.3499579608,Solved
THOXK_J?Ec@JhHsCT?AI_CGKADLO_AI?C?It,21,58,6,8.0997416026,2.0997416026,1.3499569338,Solved
THOXA_JhMcT??tC?_`a@A`oFA???b\AB?WAT,21,58,6,8.0997387733,2.0997387733,1.3499564622,Solved
T@OHMageAC_kt?x?A@GCkIOKOhQG_WC@C_M@,21,58,6,8.0997204905,2.0997204905,1.3499534151,Solved
T@OWG_JhMcT?SdXOYC?Q_G_K?lCOCOC@hDCB,21,58,6,8.0997170925,2.0997170925,1.3499528488,Solved
THOWE_AGKcT?pG?Ewa?sA?t_f@?`HGJI?_GZ,21,58,6,8.0997124857,2.0997124857,1.349952081,Solved
THOXI_BhCCT??t@HY?XQPOE@?BCs?WHGwWgC,21,59,6,8.0997118871,2.0997118871,1.3499519812,Solved
THOWG_JScHoOPPS_CCOOZaCG_HMI?dU???SF,21,57,6,8.0996840009,2.0996840009,1.3499473335,Solved
T@OWC_J@Ac@JhHsCT?A_dXO?_OCS?yM?G?dh,21,57,6,8.0996839044,2.0996839044,1.3499473174,Solved
THOXG_J?Cc@JhHscTA?AV`O@?w?`H@O_rB?B,21,59,6,8.0996790589,2.0996790589,1.3499465098,Solved
THO\M?geAC_lsGEQY?_IcG?[GEKGOGF_O_@q,21,60,6,8.0996740918,2.0996740918,1.349945682,Solved
THOOM_@HMC@JhGsCT??`P?@wJOXCI?pORC?R,21,59,6,8.0996720736,2.0996720736,1.3499453456,Solved
T@OKEageAC_hp?x?@WG@d@oCgIG`PB?gSQDS,21,59,6,8.0996539418,2.0996539418,1.3499423236,Solved
T@?KMAgWac?BHPe@RAQCBHQCPcPUGEG?K?rH,21,60,6,8.0996360991,2.0996360991,1.3499393499,Solved
THOWE_JhMcD??t@JGQLODp_AOC_GOg_EOb?B,21,59,6,8.0996322211,2.0996322211,1.3499387035,Solved
THoWE_BSDHc?ADs_ccS?hEGC@KKC`HEC@CcB,21,58,6,8.0996170672,2.0996170672,1.3499361779,Solved
T@OWK_JhMcT?SdXOY??Qo??K?lCOCXC@hDCH,21,59,6,8.0996134005,2.0996134005,1.3499355668,Solved
THO[I__e?Fw_aWsATG?Cc?@[C`os?H?[CDoH,21,59,6,8.0996125525,2.0996125525,1.3499354254,Solved
THOWG?JSdHsOPPs?CCIIHACib??CQs`CCHS`,21,59,6,8.0995972637,2.0995972637,1.3499328773,Solved
THoWC_JSdHsOPP?DQO@?EsGCH?O?dY?RGd@A,21,57,6,8.0995698898,2.0995698898,1.349928315,Solved
THO\I__e?Fwc_WsATG?Cc?@[Y?HGSGJ_O?Dq,21,59,6,8.0995519905,2.0995519905,1.3499253318,Solved
THoWC_HSdHsOPPADQ?@?FpGCf??@DIAR?Q?J,21,57,6,8.0995444563,2.0995444563,1.3499240761,Solved
T@OWC_J@Ac@JhHsCT?A_dXO?_WCS?yM?G?dh,21,58,6,8.0995392086,2.0995392086,1.3499232014,Solved
THoWM_JOd@sO?@HSgcOsC_?[GSGIOlC@COcH,21,59,6,8.0995294746,2.0995294746,1.3499215791,Solved
TGoOK_JSdHSOOPgKB@QGJB?o@W]C@O`GCk?@,21,58,6,8.099524477,2.099524477,1.3499207462,Solved
T@O\M?ge?C_lsGx?B@G?mGOKB_OGOYD_QgCA,21,58,6,8.0995048784,2.0995048784,1.3499174797,Solved
THOXI_J@Gc?JOch@sA?oD?IWd?MCGs@OiWAC,21,58,6,8.0994940851,2.0994940851,1.3499156809,Solved
THO\I?ge?Fwc_OOGq@GAiA_K_UHOSa_?SD_d,21,59,6,8.0994876457,2.0994876457,1.3499146076,Solved
THoOM_JO`HSO_EA__Hg`DhKOO\?O`CC?kDEA,21,58,6,8.0994711011,2.0994711011,1.3499118502,Solved
TGoWK_HOdHsOPP_?b@`QaOGXOd@E@K?_Sq_@,21,58,6,8.0994679115,2.0994679115,1.3499113186,Solved
THOXK_J?Mc@JhHsCTAAI_?AkADLO?a`@G@?J,21,59,6,8.0994560988,2.0994560988,1.3499093498,Solved
T@O\I_ge?Fwc_OOgq@GAiA?K_UHOSa_?SD_d,21,59,6,8.0994526565,2.0994526565,1.3499087761,Solved
THO\M?geAC_lsGEQW?_IcG?[GEKHOGF_O_@q,21,60,6,8.0994482691,2.0994482691,1.3499080449,Solved
THO\M?geAC_lsGEQY?_GcG?[GEKHOGF_O_@q,21,60,6,8.099439608,2.099439608,1.3499066013,Solved
THO\MagE?DchoDE_Ga?BBPAEg?G@BG_SgBOJ,21,60,6,8.0994388242,2.0994388242,1.3499064707,Solved
THOXK_J?AC@JhHsCT?AI_CAmgWAG`CCGS?`t,21,59,6,8.0994326059,2.0994326059,1.3499054343,Solved
THO[I__e?FwcaWsATG?Cc?@[Y_HGSGJ_??@r,21,59,6,8.0993767979,2.0993767979,1.349896133,Solved
THoW?_JSd@sO?P@AyCHEA@CkYIAIGMKC??pB,21,59,6,8.0993714304,2.0993714304,1.3498952384,Solved
THoOC_JSdGcOPPATGX@@Ec?Ke@MG?_@gSWAd,21,59,6,8.0993702057,2.0993702057,1.3498950343,Solved
THoWC_JCdHsOPPh_?AY`HOq?g?_I_KcCG?cJ,21,58,6,8.0993660365,2.0993660365,1.3498943394,Solved
T@OWM?JGEC@BhHScTO?`P@SDQCCH_GAJCgGH,21,57,6,8.0993475961,2.0993475961,1.349891266,Solved
T@OWC_J@Ec@JhHsCT?A_dXO?_wCS?qM???dg,21,57,6,8.0993393532,2.0993393532,1.3498898922,Solved
T@OWC_J@Ec@BhHscTOA_dXO?_WCS?yM?G?dg,21,59,6,8.0993243014,2.0993243014,1.3498873836,Solved
THoWA_JSdHsOATs??EGCUPG?F?`?EWoHa_?w,21,58,6,8.0993200562,2.0993200562,1.349886676,Solved
THoWE_JSd@oO@HH_WOOAiE?M?RGMOQGWG_?r,21,59,6,8.0993076411,2.0993076411,1.3498846068,Solved
THOGK_JOdHsOPOATY?H@EaCCOMKo_aE?K?ch,21,59,6,8.0992974509,2.0992974509,1.3498829085,Solved
THoGK_JSdGsOPOATGX?@Ec?KWA_Hg]g?_a@D,21,59,6,8.0992949882,2.0992949882,1.349882498,Solved
THOXK_J?IC@BhHsCD?AI_CAmgWAI`CCGC?`t,21,58,6,8.0992901041,2.0992901041,1.349881684,Solved
THO\I_gc?EwcHOSAPG??N_Go_Kgs?gDf@COW,21,59,6,8.0992863272,2.0992863272,1.3498810545,Solved
T@OWK_JhMcT?SdXOYC?Q_G_K?lCOCYIG?A?p,21,58,6,8.0992812944,2.0992812944,1.3498802157,Solved
THOXMagE?DchoDE_Wa?BBPAEg?G@J?_CgBOJ,21,59,6,8.0992798195,2.0992798195,1.3498799699,Solved
THOWG_BSdGsO?Tc?_EGQHpGciAeI@?CQ_Wc@,21,57,6,8.099270905,2.099270905,1.3498784842,Solved
THOXK_J?Mc?JhHsCTAAI_C?kADLO_?@PgB?I,21,58,6,8.0992702886,2.0992702886,1.3498783814,Solved
THOXK_J?Mc@JhHsCTAAI_C?k?DLO_G@PGB?I,21,58,6,8.0992652391,2.0992652391,1.3498775399,Solved
THOXK_J?Mc?JhHsCTAAI_C?kADLO_?@PgB?J,21,59,6,8.0992478623,2.0992478623,1.3498746437,Solved
THOXK_J?Ic@JhHsCTAAI_C?cADII_G@Pgg?J,21,59,6,8.0992371954,2.0992371954,1.3498728659,Solved
THOXK_J?AC@JhHscT?AI_CAmgWAI`CCGSOgo,21,60,6,8.0992308826,2.0992308826,1.3498718138,Solved
THO\M_geA?_lsGI??YWBQ_@PCOWs?o?KKCGh,21,59,6,8.0992282446,2.0992282446,1.3498713741,Solved
THoWC_JSdHsOP@h_?EWO@POCBIO`Ee_@GGSB,21,59,6,8.0992255281,2.0992255281,1.3498709214,Solved
THO[I__e?FwcaWsATG?Cc?@[Y_HGSGJ_O?Dq,21,60,6,8.0992150179,2.0992150179,1.3498691696,Solved
TGoWI_J?Mc?JSChHsa@o??@jA?WED_GOU`O@,21,57,6,8.0991825004,2.0991825004,1.3498637501,Solved
THO\M?geAC_loGEQ?]??BI@ECgQCG`GeCP?M,21,59,6,8.0991395673,2.0991395673,1.3498565946,Solved
THOWI_JHGc@Bh@scTOE?o?Qwg?WEGG`@bCGB,21,59,6,8.0991218153,2.0991218153,1.3498536359,Solved
TGOWK_JScHsOPPs_CCOOZaCG`HIE?o`GEgO@,21,59,6,8.099109306,2.099109306,1.349851551,Solved
THoWC_JSdHcOPPATGX?@Ec?Ke@MG?_@gCWAd,21,59,6,8.0991056646,2.0991056646,1.3498509441,Solved
THOXK_J?Mc?JhHsCTAAI_?AkADLO?a`@GB@J,21,60,6,8.0991022712,2.0991022712,1.3498503785,Solved
THO\M?geAC_ksG?Qb?hGa_IKZ?G?kKGACB_p,21,60,6,8.0990983294,2.0990983294,1.3498497216,Solved
THoWC_JSdHsOPP@TO?ICP?KgHC]K?G`CCi@@,21,59,6,8.0990916022,2.0990916022,1.3498486004,Solved
THOWK_JSdHsOADc??ChCEOQKdOa@AMG@_Y?I,21,58,6,8.0990847265,2.0990847265,1.3498474544,Solved
TGOWC_JhMcT??t@HI?\S@OOSGOmK??`GScGD,21,58,6,8.0990821559,2.0990821559,1.349847026,Solved
T@OWC_J@Ec@JhHscTOA_dX??_wCS?qM???Dh,21,58,6,8.0990626621,2.0990626621,1.349843777,Solved
THOXK_J?Mc@JhHsCTAAI_?AkADLO?I`@G@?J,21,59,6,8.0990614554,2.0990614554,1.3498435759,Solved
THO\M_geAC_LsGI??YGBQ_@PCOWs?p?GKCg`,21,58,6,8.099060691,2.099060691,1.3498434485,Solved
THOXG_J@Cc@JhHscTA?AV`O@?w?_HPO_rB?B,21,60,6,8.0990480823,2.0990480823,1.3498413471,Solved
THoWC_JSdHsOPP@TO?IcP?CgHC]K?G`CCi@@,21,59,6,8.0990194123,2.0990194123,1.3498365687,Solved
THOXK_J?IC@BhHsCD?AI_CAmgWAI`CCGS?`t,21,59,6,8.099011472,2.099011472,1.3498352453,Solved
THOXK_J?AC@JhHscT?AI_CAmgWAI`CCGCOg`,21,59,6,8.0989981416,2.0989981416,1.3498330236,Solved
THOXG_J?Cc@JhHscT??AVpO@?w?`H@O_rA?B,21,58,6,8.0989966736,2.0989966736,1.3498327789,Solved
THO\MagE?DchoDE_Ga?BBPAEg?G@J?_SgBOI,21,59,6,8.0989925661,2.0989925661,1.3498320943,Solved
THOXG_I?McT?pG?FwaAEAeCCBU@ABDI_??kB,21,58,6,8.0989804094,2.0989804094,1.3498300682,Solved
T@OWK_BhMcT?SdXOYC?Q_G_K?lCOCIIGOA@r,21,59,6,8.0989719815,2.0989719815,1.3498286636,Solved
THO\I_ge?FWchOO?aSKQ@?Fc_LOJ_E?OCY@H,21,60,6,8.0989639768,2.0989639768,1.3498273295,Solved
THOWE_IGKcT?pG?Ewa?sA?t_f@?`HGJI?_?Z,21,58,6,8.0989633961,2.0989633961,1.3498272327,Solved
THOXG_J?Cc@JhHscTA?AV`O@?w?`HPO_rB?B,21,60,6,8.0989580973,2.0989580973,1.3498263496,Solved
THoGK_JSdHsOADc??ChCEOQKdOa@AMG@_Y?I,21,58,6,8.0989429793,2.0989429793,1.3498238299,Solved
THOXG_J?Cc@JhHscT??AVpO@?w?`H@O_rB?B,21,59,6,8.0989373488,2.0989373488,1.3498228915,Solved
THOWG_JhMcT??d?HY?WOUGoLD@DS?MI?_?PJ,21,59,6,8.0989220028,2.0989220028,1.3498203338,Solved
THOWK_J?Mc@BhHsCTAAI_C?kADII_GEIAg?B,21,58,6,8.0989129868,2.0989129868,1.3498188311,Solved
THOXG_J?Cc@JhHscT??AVpO@?w?`HPO_rA?B,21,59,6,8.0989013189,2.0989013189,1.3498168865,Solved
THOXG_J?Cc@JhHscTA?AVpO@?w?`HPO_qB?@,21,59,6,8.0988995779,2.0988995779,1.3498165963,Solved
THoWC?JSdHsOP@h_?EWOHPOCBIO`E_QgEO?g,21,58,6,8.0988792391,2.0988792391,1.3498132065,Solved
THO\M_GeAC_lsG?oC??HRODWgF?oP?I`I?_J,21,58,6,8.0988632204,2.0988632204,1.3498105367,Solved
THOWK_JOdHsOPPATWOH@EaCDOc?oD@I@QA?U,21,59,6,8.0988555664,2.0988555664,1.3498092611,Solved
THOXK_J?Mc@JhHsCTAAI_C?kADLO_?E?S?gp,21,59,6,8.0988445523,2.0988445523,1.3498074254,Solved
THO\M?GeAC_LsGEQY?_IcG?[BOKHOHOKGA`o,21,59,6,8.0988295681,2.0988295681,1.349804928,Solved
THOWC_JHMc@JhGsCTOAI@?@VE?HQ?O?_KAF@,21,57,6,8.0988007753,2.0988007753,1.3498001292,Solved
THO\M__c?FwcOG?BCaWcCAWKYBAG_PAGmG`O,21,59,6,8.0987976756,2.0987976756,1.3497996126,Solved
THO[I__e?FwcaWsATG?Cc?@[Y_HGSGJ_??Dr,21,60,6,8.0987961466,2.0987961466,1.3497993578,Solved
THOXK_J?Mc@BhHsCTAAI_??kADII_GEIAg?B,21,58,6,8.0987951107,2.0987951107,1.3497991851,Solved
THOXE__E?Foc?peASaA@FeGAAOOBAHGSTA?i,21,58,6,8.0987928884,2.0987928884,1.3497988147,Solved
THoWC?JSdHsO@Pg_@AYM@C@DC`I?UPU?QO?d,21,59,6,8.098766939,2.098766939,1.3497944898,Solved
THoWK_JSdGcOPOATQO@@FcH??k_SCO?_lC@H,21,57,6,8.0987652641,2.0987652641,1.3497942107,Solved
T@OWA__e?FwcSGhA?Q{SCAWJA?GJ_kMC?_KX,21,59,6,8.0987535701,2.0987535701,1.3497922617,Solved
THOXK_J?Cc@JhHsCTAAI_CGKADLO_II?C?It,21,59,6,8.0987270054,2.0987270054,1.3497878342,Solved
THoWM_JSd@oO?@HSgcOsC_?[GSGIOlC@COcH,21,59,6,8.0987133578,2.0987133578,1.3497855596,Solved
T@OWC_J@Ec@JhHsCT?A_dXO?_wCS?yM???dg,21,58,6,8.0986998138,2.0986998138,1.3497833023,Solved
THOXK_J?AC@JhHscT?AI_CAmgWAI`CCGSOg`,21,60,6,8.0986908667,2.0986908667,1.3497818111,Solved
THO\EagE?DchoDA__MIG@CAE_OIGPGSGS@`T,21,59,6,8.0986823011,2.0986823011,1.3497803835,Solved
THOLIAgeA?_lS?AA?[[IAs@O_O|AE?SKGSgB,21,59,6,8.0986785308,2.0986785308,1.3497797551,Solved
THOWC_JhMcT??t@HI?\S@OOSGOmK??`GS_GD,21,58,6,8.0986616915,2.0986616915,1.3497769486,Solved
THOXM_B`KcT??p@JW?Gp@AE_c?Y?WH?e?Q?j,21,57,6,8.0986430226,2.0986430226,1.3497738371,Solved
THO\A_ge?FW_hOsG?@oCb?XEg?_SEOAgLCGK,21,58,6,8.0986304799,2.0986304799,1.3497717466,Solved
THoWC_JSdHsOPPG_?EWAPE_fE?_Qa?@?\C@P,21,58,6,8.0986142008,2.0986142008,1.3497690335,Solved
THO[I__e?FwcaWsADGACc?@[C`os?X?SCDOH,21,59,6,8.0986090821,2.0986090821,1.3497681804,Solved
THO\M?geAC_LsGEQY?_Ic??[IEKHOGF_O_@q,21,60,6,8.0986049356,2.0986049356,1.3497674893,Solved
THO[I__e?FwcaWsADGACc?@[C`os?X?SCDoH,21,60,6,8.0986029869,2.0986029869,1.3497671645,Solved
THOXK_J?Mc@JhHsCTAAI_C?kADLO_GE?S?gp,21,60,6,8.098596765,2.098596765,1.3497661275,Solved
THOXA_JhMcT??tC?_`a@A`oFE???b\AB?WAT,21,59,6,8.0985935617,2.0985935617,1.3497655936,Solved
THoWC?JSdHsO@Pg_@AYM@C@DC`A?UPU?QO?f,21,59,6,8.0985805105,2.0985805105,1.3497634184,Solved
THOWK_JOcHcOPPATYOH?Da_Ec@AAWOO_kOaK,21,58,6,8.0985736715,2.0985736715,1.3497622786,Solved
T@oWM_JSc@oOISSBSEBCOCHCCBNC?GIW?G@p,21,58,6,8.0985668898,2.0985668898,1.3497611483,Solved
THOWK_JOcHsOPPATYOH?Da_Ec@AAWOO_kOaK,21,59,6,8.0985559788,2.0985559788,1.3497593298,Solved
THoWC_JSdHsOP@g_?EWOHPOCBIO`Ee_@GGSB,21,59,6,8.0985548696,2.0985548696,1.3497591449,Solved
TGoWK_B?Mc?BSchHsa?p@PC?ACXOoGACSiC@,21,56,6,8.0985485001,2.0985485001,1.3497580834,Solved
THO[I__e?FwcaWsADGACc?@[C`os?X?[CDOH,21,60,6,8.0985470662,2.0985470662,1.3497578444,Solved
THOWK_ISdHsOATs??ChCEaCNCAaIG?`?KJH@,21,59,6,8.0985416231,2.0985416231,1.3497569372,Solved
T@OWC_J@Ec@JhHsCT?A_dXO?_wCS?qM?G?Dh,21,58,6,8.0985290079,2.0985290079,1.3497548347,Solved
T@O[IagWa_PBGPeC?`WCUx?CbC_B_QH?gYAA,21,59,6,8.0985168482,2.0985168482,1.349752808,Solved
T@OWM_BGEC@AhHScTO?`P@SDQCKH_GAJCgGH,21,57,6,8.0985106007,2.0985106007,1.3497517668,Solved
T@OWK_JhMcT?SdXOYC?QoG_K?lCOCPC@`D?B,21,59,6,8.0985096196,2.0985096196,1.3497516033,Solved
THOXK_J?MC@JhHsCTAAI_CAc?hPQ?YG_CACh,21,59,6,8.0984961422,2.0984961422,1.349749357,Solved
THO\I__e?FwcaWS?BS@I??du?@pOWK?AdCQ@,21,59,6,8.0984954347,2.0984954347,1.3497492391,Solved
THOWK_JSdHsOPO?DSCWOUPOOA?w`KKc?_h@B,21,59,6,8.0984496693,2.0984496693,1.3497416115,Solved
THoWE_JSd@sO?@HSg_OsC_?SGSGIOlC@DOaH,21,58,6,8.0984326767,2.0984326767,1.3497387795,Solved
THOWK_JOcHcOPPATWOH@De_COadGAI?WSHOP,21,59,6,8.0984210994,2.0984210994,1.3497368499,Solved
THOXK_J?Mc@JhHsCTAAI_C?k?DLO_G@PGB?J,21,59,6,8.098415467,2.098415467,1.3497359112,Solved
THO\I_ge?EwchOs?D@_FB?IOBCG?UK_@DCOX,21,59,6,8.0984037976,2.0984037976,1.3497339663,Solved
THOWM_@HMC@JhGsCT??`P?@wJOODI?pORC?R,21,59,6,8.0984013745,2.0984013745,1.3497335624,Solved
TGoOK_JCdHSOOPgKB@QGJB?o@W]C@?`GClO@,21,58,6,8.0983956378,2.0983956378,1.3497326063,Solved
THoWC_JSdHcOPPATGX@@Ec?Ke@MG?_@gCGAd,21,59,6,8.098395554,2.098395554,1.3497325923,Solved
THOWK_ISdHsOATS??ChCEaCNCAaIGO`?KJ@@,21,58,6,8.0983597342,2.0983597342,1.3497266224,Solved
THoWC_JSdHcOPPATGX@@Ec?Ke@MK?_@GCWAd,21,60,6,8.0983596639,2.0983596639,1.3497266106,Solved
THoXA_JHKc?JG?sC?H\H@ocaF?A@SGKM?WCK,21,59,6,8.0983485753,2.0983485753,1.3497247625,Solved
THoWC?JSdHsOP@h_?EWOHPOCBIO`E_QgEO?h,21,59,6,8.0983329992,2.0983329992,1.3497221665,Solved
T@OLEageAC_gt?x?@WG@d@oCgIGhPB?gSQDC,21,60,6,8.0983252214,2.0983252214,1.3497208702,Solved
T@O\M_geAC_ls??oT??HRODWGJ@I_Gd?W?Fa,21,59,6,8.0983147871,2.0983147871,1.3497191312,Solved
TGoWK_HOdHoOPP_?b@`QaPGXOd@E@K?_Sq_@,21,58,6,8.0982971498,2.0982971498,1.3497161916,Solved
T@OWG_JhMcT?SdXOY??QoG_K?lCOCPC@hDCB,21,59,6,8.0982962654,2.0982962654,1.3497160442,Solved
THO[I__e?FwcaWsADGACc?@[C`os?X?[CDoH,21,61,6,8.0982534207,2.0982534207,1.3497089034,Solved
TGoWC_JSdHoOPPh_?AY`H@oCg?g@iHOHBQ?@,21,58,6,8.0982522045,2.0982522045,1.3497087007,Solved
THOXI_JhKCT??t@HW?XQPOAoCCW`@I?qEY?@,21,59,6,8.0982408923,2.0982408923,1.3497068154,Solved
THoWK_JSdHsOPOo_Gc`ABAC_Ob?AYOO?mO?h,21,58,6,8.0982268382,2.0982268382,1.349704473,Solved
THoOC_JSdHcOPPATGX@@Ec?Ke@MG?_@gSGAd,21,59,6,8.0982220892,2.0982220892,1.3497036815,Solved
THOWK?JSCHsOPPs_CC?OZaCG_JIE?oQgIO?b,21,58,6,8.0982151967,2.0982151967,1.3497025328,Solved
T@OWM?BGEC@BhHScTO?`P@SDQCKH_GAJCgGH,21,57,6,8.0982098264,2.0982098264,1.3497016377,Solved
THoWK_JS@HS?_EE@GgHSC?VFQ?H@`?Eq?CEF,21,58,6,8.0982091129,2.0982091129,1.3497015188,Solved
T@O[MAgWAd?BHPc@GO[ocGpCDW_f_AG?UgCD,21,60,6,8.0982039779,2.0982039779,1.349700663,Solved
THOXK_J?IC@JhHscT?AI_CAmgWAI`CCGC?hp,21,61,6,8.098196188,2.098196188,1.3496993647,Solved
THoWC_JSdHsOP@g_?EGOHPoCBIO`E_QgEO?d,21,59,6,8.0981930745,2.0981930745,1.3496988457,Solved
THO\M?geAC_lsGEQY?_GcG?[GEKGOGF_?_@r,21,59,6,8.0981914687,2.0981914687,1.3496985781,Solved
TH?XA_J@Mc?BhHocTA?M@CHSJCD?_goAD?Al,21,59,6,8.0981705521,2.0981705521,1.349695092,Solved
THOPG_HGMcT?pG?FwaAEAaCCBU@ABOo@gCkB,21,59,6,8.0981679802,2.0981679802,1.3496946634,Solved
THO\M_ge?Eo?_??[D@w`WH?tQBAGc_QGPCk?,21,58,6,8.0981515189,2.0981515189,1.3496919198,Solved
THO\EagE?DchoDE_Wa?BBPAEg?G@BG_SgBOB,21,59,6,8.098145555,2.098145555,1.3496909258,Solved
THO\M?geAC_lSGEQY?_Ic??[IEKHOGF_O_@q,21,60,6,8.0981440417,2.0981440417,1.3496906736,Solved
THO\M?geAC_lsGEQW?_IcG?[GEKGOGF_?_@r,21,59,6,8.0981433649,2.0981433649,1.3496905608,Solved
THOWM?BGEC@AhHScTO?`P@SDQCKH_GAJCgGH,21,57,6,8.0981380773,2.0981380773,1.3496896796,Solved
THOXM_B`KcT??p@JW?Wp@AE_c?Y?WH?e?Q?b,21,57,6,8.0981247194,2.0981247194,1.3496874532,Solved
THOXC_J?Kc@JhGcCTAAI_AAsO_mC_IIB?ADS,21,58,6,8.0981047946,2.0981047946,1.3496841324,Solved
THO[I__e?FwcaWsATG?Cc?@[?`os?X?[CDoG,21,59,6,8.0981045776,2.0981045776,1.3496840963,Solved
THOXC_J?Mc@JhGcCTAAI_AAsO_mC_IIB?ADS,21,59,6,8.0981022861,2.0981022861,1.3496837144,Solved
THOXM_JhMCD??tc?_ga@BI?WCIG@IKS?_OOJ,21,57,6,8.0980923118,2.0980923118,1.349682052,Solved
THOWG_JSCH_OPPs_CCOOZaCG`HMI?dU???sE,21,57,6,8.0980658875,2.0980658875,1.3496776479,Solved
THoWG_JCdHsO@@ASYOD@A?BWOA\E?II?o?qb,21,58,6,8.0980537331,2.0980537331,1.3496756222,Solved
T@OWC_J@Ec@JhHsCTOA_dXO?_wCS?yM???Dh,21,59,6,8.0980389715,2.0980389715,1.3496731619,Solved
THOWC_JhMcD??t@HI?\S@OOSIOmK??`GScGD,21,59,6,8.0980207735,2.0980207735,1.3496701289,Solved
THOWE_JhMcD??t@JGOLODp`AOC_GOg_EOb?B,21,59,6,8.0980128847,2.0980128847,1.3496688141,Solved
THO\M_geA?_lsGI??YGBQ_@PCOWs?o?KMCg`,21,59,6,8.0980123955,2.0980123955,1.3496687326,Solved
THOXK_J?MC@BhHscTAAI_CAc?hpQ?YG_CACh,21,60,6,8.0980048483,2.0980048483,1.3496674747,Solved
T@OWK_JhMcT?SdPOY??QoG_K?k?CBjI?IGBH,21,59,6,8.0979955711,2.0979955711,1.3496659285,Solved
TH?XI_ge?FWChO?E_]DOOC`VC@_?JcU?D?QH,21,58,6,8.0979649386,2.0979649386,1.3496608231,Solved
THOXK_J?MC?JhHscTAAI_CAc?hPO?]G_CACh,21,59,6,8.0979636129,2.0979636129,1.3496606021,Solved
THOXG_J?Cc@JhHscTA?AVpO@?w?`HPO_qB?B,21,60,6,8.0979408847,2.0979408847,1.3496568141,Solved
THOWK_JOd?cOPPATQOH@ds@Ec@?SOO_gL?g`,21,58,6,8.097929233,2.097929233,1.3496548722,Solved
THOXG_ge?FWChO?E_]DOOC`VC@_GJcU?D?QH,21,59,6,8.0979283486,2.0979283486,1.3496547248,Solved
THoWK_ISdGSOPPASYO@?B`KC?LgOsaE?KOd@,21,59,6,8.0979275821,2.0979275821,1.349654597,Solved
THOXG_J?EC@JhHscTAAI_CMA_?WAFUI_?O_d,21,59,6,8.0979272099,2.0979272099,1.349654535,Solved
THO[M?geAC_lsGgA?]??Fo@C`OOu?O`OW?Fb,21,59,6,8.0979113854,2.0979113854,1.3496518976,Solved
TH?WE_J@Mc?BhHocTA?M@CHSJCD?_goID?Ak,21,59,6,8.0979095289,2.0979095289,1.3496515882,Solved
THOXK_J?Mc?JhHsCTAAI_C?gADLO_?E?S?hp,21,58,6,8.097906866,2.097906866,1.3496511443,Solved
T@OWK_JhMcT?SdXOY??QoG_K?lCOCPC@hD?B,21,59,6,8.0979059592,2.0979059592,1.3496509932,Solved
THOXK_J?Kc?JhHsCTAAI_CGKADLO_G?T`B?B,21,58,6,8.0978949014,2.0978949014,1.3496491502,Solved
THO\M?geAC_LsGEQY?_IcG?[IEKHOGF_O_@q,21,61,6,8.0978870264,2.0978870264,1.3496478377,Solved
THOXK_J?Kc?JhHsCTAAI_CGKADLO_G?T`B?J,21,59,6,8.0978807483,2.0978807483,1.3496467914,Solved
THOXK_J?Ec@JhGsCTAAI_CGCADGOSiI@IAOJ,21,59,6,8.0978554289,2.0978554289,1.3496425715,Solved
THoWM_JOd@sO?@HSg_OsC_?[GSGIOlC@DOcH,21,59,6,8.0978529741,2.0978529741,1.3496421624,Solved
T@O\M?ge?C_lsGx?B@G?mGOKB_OGOYD_QgCB,21,59,6,8.0978489261,2.0978489261,1.3496414877,Solved
THoWG_JSDHsOPOATYOH@E_cD@G?s?h?DCCcD,21,58,6,8.0978478405,2.0978478405,1.3496413068,Solved
THOLI__e?FwcaWOABO`IbD?OBoKh?@?MG?Gb,21,58,6,8.0978433922,2.0978433922,1.3496405654,Solved
T@OHMageAC_kt?x?ADGCKIOKOhQG_WC@C_M@,21,58,6,8.0978420966,2.0978420966,1.3496403494,Solved
THoWG_JSDHsOPPASYO@?FpGEb??@dGo?g?CJ,21,58,6,8.0978345394,2.0978345394,1.3496390899,Solved
THO\M__e?FwcOG?BC_WcCAWKYBAG_PAGmG`O,21,59,6,8.0978282625,2.0978282625,1.3496380437,Solved
THO\I_ge?FWchOO?aSKQ@?Fc_LOJ_E?PCY@H,21,61,6,8.0977817943,2.0977817943,1.3496302991,Solved
THoWC_JCdHsOPPh_?AY`HOq?g?gI_K_CG?cJ,21,58,6,8.097781652,2.097781652,1.3496302753,Solved
THOWA_BHGc@Bh@scTOE?o?Qwg?WEGG`HBCGB,21,57,6,8.0977711583,2.0977711583,1.3496285264,Solved
THOWK_JHIc@Jh@ocTOAI@GID?OC_GW`E_H@K,21,58,6,8.0977500597,2.0977500597,1.3496250099,Solved
T@OWG_JhMcT?SdXOYC?Q_G_K?lCOCPC@hDCB,21,59,6,8.0977320633,2.0977320633,1.3496220106,Solved
THOX?_J@Mc?JhHoCTAAI@po?G@D@?gSI_OAk,21,57,6,8.0977163648,2.0977163648,1.3496193941,Solved
THO\M_geAC_LsGI??YGBQ_@PCOWs?p?KKCG`,21,58,6,8.0977137607,2.0977137607,1.3496189601,Solved
THO\M?geAC_lsGEQY?_GcG?[GEKGOGF_O_@r,21,60,6,8.0977094533,2.0977094533,1.3496182422,Solved
T@OWC_J@Ec@JhHscT?A_dX??_WCS?yM?G?Dh,21,58,6,8.0977023237,2.0977023237,1.349617054,Solved
THOXK_J?Mc@JhHsCTAAI_C?kADLO_?@Pg@?J,21,59,6,8.0977018036,2.0977018036,1.3496169673,Solved
THOXK_J?Mc@JhHsCTAAI_C?kADLO_G@Pg@?J,21,60,6,8.0977017875,2.0977017875,1.3496169646,Solved
THoGK_JSdGsOPOATGX?@E_?KWA_Hg]g?_a@L,21,59,6,8.0976839498,2.0976839498,1.3496139916,Solved
THOWA_BHGc@Bh@scTOE?o?Qwg?WEGG`HbCGB,21,58,6,8.0976809558,2.0976809558,1.3496134926,Solved
THoOC_JSdGcOPPATGX@@Ec?Ke@MK?_@gSGAd,21,59,6,8.0976765184,2.0976765184,1.3496127531,Solved
THOWK_JOcHsOPPATWOH@De_COadGAI?WSHOP,21,60,6,8.0976676039,2.0976676039,1.3496112673,Solved
THoWC_JSdHsOP@h_?EWO@POCBIO`E_QgFO?c,21,59,6,8.0976451143,2.0976451143,1.349607519,Solved
THoWC_HSdHsOPPADQO@?F@GCf??@FIAR?Y?J,21,58,6,8.0976400405,2.0976400405,1.3496066734,Solved
THoWC_JSdGcOPPATGX@@Ec?Ke@MG?_@gSWAd,21,60,6,8.0976313013,2.0976313013,1.3496052169,Solved
T@O\M_geAC_hsGI??YGBQ_@PCOWs?p?KMCg`,21,59,6,8.0976282325,2.0976282325,1.3496047054,Solved
THoWC_JSdHsOPPADQ?@?FPGCf??@DIAR?Y?J,21,58,6,8.0976249918,2.0976249918,1.3496041653,Solved
THoWC_JCdHsOPPh_?AY`HOQ?g?gI_kcCG?cJ,21,59,6,8.0976125302,2.0976125302,1.3496020884,Solved
TGoWK_B?Mc?BSchHsa?p@pC?ACXOoGACSiC@,21,57,6,8.0976094938,2.0976094938,1.3496015823,Solved
TGOWM_JOdHsOATc??ehCESGCwO?APhGCPA@B,21,58,6,8.0976090929,2.0976090929,1.3496015155,Solved
THOXK_J?Mc?JhHsCTAAI_CGK?DLO_G?TgB?J,21,59,6,8.097603506,2.097603506,1.3496005843,Solved
THOXK_J?Ec@JhHsCT?AI_CGKADLO_AI?S?It,21,59,6,8.0975720063,2.0975720063,1.3495953344,Solved
THoWE_JSc@sO@HH_WOOAiE?M?RGMOQGWGg?r,21,60,6,8.0975719578,2.0975719578,1.3495953263,Solved
THoWC_JSdHsOP@c?_EI?XHOGGTKc?p?DCF?P,21,58,6,8.0975674276,2.0975674276,1.3495945713,Solved
T@OWC_J@Ac@JhHsCT?A_dXO?_wCS?qM?G?dh,21,58,6,8.0975509095,2.0975509095,1.3495918182,Solved
THOXK_J?EC@JhHscTAAI_CAk_w?GBKS?POo@,21,59,6,8.0975191687,2.0975191687,1.3495865281,Solved
THoOC_JSdGsOPPATGX@@Ec?Ke@MG?_ODG?cJ,21,58,6,8.0975141772,2.0975141772,1.3495856962,Solved
THO\I__e?FwcS??pc@sHC?sMH?_@?WoQCcPA,21,58,6,8.0974943699,2.0974943699,1.349582395,Solved
THO\MagC?DchoDE_Wa?BBPAEg?G_SGF_G?Db,21,59,6,8.0974868326,2.0974868326,1.3495811388,Solved
THOWK_JOdHcOP@ATYOH?Da_Ec@AAWOO_kOaK,21,58,6,8.0974807743,2.0974807743,1.349580129,Solved
THO\MagC?DchoDE_Wa?BBPAEg?G_SGF_G?Dj,21,60,6,8.0974754836,2.0974754836,1.3495792473,Solved
THoWC_JSdHsOP@h_?EGOHPoCBIO`E_OgEO?h,21,59,6,8.0974693915,2.0974693915,1.3495782319,Solved
THOXC_J?Mc@JhHsCTAAI_C?cADGHOLO?TB?g,21,58,6,8.0974506313,2.0974506313,1.3495751052,Solved
THOXK_J?Mc?JhHsCTAAI_CGGADLO_??ThB?J,21,59,6,8.0974480218,2.0974480218,1.3495746703,Solved
THoWC_JSdGcOPPATGX?@Ec?Ke@MK?_@gCGAd,21,58,6,8.0974417724,2.0974417724,1.3495736287,Solved
THOWK_JHMc@Jh@ocTOAI@GID?OC_GW`E_H@K,21,59,6,8.0974416752,2.0974416752,1.3495736125,Solved
THoWM_JSd@sO?@HOg_OsC_?SGSGIOlC@DOcH,21,58,6,8.0974214143,2.0974214143,1.3495702357,Solved
THoWM_JSd@oO?@HSg_OsC_?[GSGIOlC@DOcH,21,59,6,8.0974104453,2.0974104453,1.3495684076,Solved
THO\M?geAC_lSGEQY?_IcG?[IEKHOGF_O_@q,21,61,6,8.0974082352,2.0974082352,1.3495680392,Solved
THOXK_J?Mc?JhHsCTAAI_CGK?DLO_G?ThB?B,21,59,6,8.097407938,2.097407938,1.3495679897,Solved
THOTM__e?FocS?GD@@]H@EACAUHI@K?ESJ`?,21,59,6,8.0974033874,2.0974033874,1.3495672312,Solved
THoWC_JSdGcOPPATGX@@Ec?Ke@MK?_@GSWAd,21,60,6,8.0973858085,2.0973858085,1.3495643014,Solved
THoWG_JSdHsOP@s?CCIIHACib??CQo`CCHS@,21,58,6,8.0973836328,2.0973836328,1.3495639388,Solved
T@OWK_JhMcT?SdXOYC?Q_G_K?lCOCPC@hD?B,21,59,6,8.0973800138,2.0973800138,1.3495633356,Solved
THOOG_JOdHsOPPASYO@?FpGEb??@dGo?g@CJ,21,57,6,8.097372636,2.097372636,1.349562106,Solved
THOXK_J?Cc@JhHsCTAAI_CGKADLO_II?S?It,21,60,6,8.0973720166,2.0973720166,1.3495620028,Solved
THOWC_BSDHsOPPc_c?GUP?LJE?GM`@OASOac,21,58,6,8.0973526933,2.0973526933,1.3495587822,Solved
THOXK_J?Mc?JhHsCTAAI_C?g?DLO_G@PgB?I,21,57,6,8.0973498909,2.0973498909,1.3495583152,Solved
THOXI_gE?FWChO?E_]DOOC`VC@_GJcU?D?QH,21,59,6,8.0973482674,2.0973482674,1.3495580446,Solved
THOHA_JhMcT??te?_`a@B`_E`?_o_WHOHA@B,21,58,6,8.097345127,2.097345127,1.3495575212,Solved
THOXK_J?IC@JhHscD?AI_CAmgWAG`CCGC?`t,21,59,6,8.0973414994,2.0973414994,1.3495569166,Solved
TH?XA_J@Mc?BhHocTA?M@CHSJCD?_goID?Ak,21,59,6,8.0973324152,2.0973324152,1.3495554025,Solved
THOXG_J@Cc@JhHscTA?AVp?@?w?_HPO_rB?B,21,60,6,8.097330956,2.097330956,1.3495551593,Solved
THO\I__e?FwcaWSABS@I??du?@oH_C?Ac_M@,21,58,6,8.0973222063,2.0973222063,1.349553701,Solved
THoOC_JSdHsO@Ph_?AY`HOq?g?_GgKCCgW@J,21,58,6,8.0973134459,2.0973134459,1.349552241,Solved
THOXK_J?Ic@JhHsCTAAI_?AkADII_HO?SO_T,21,59,6,8.0973100612,2.0973100612,1.3495516769,Solved
T?O[MAGGad[_IQ?\QA?CFXGEW@@IOGfG??QL,21,58,6,8.0973049403,2.0973049403,1.3495508234,Solved
THoWG_JSdHsOPPADQO@?EsGCH?O?`Y?RGd@A,21,57,6,8.0972984439,2.0972984439,1.3495497407,Solved
THO\EagE?DchoDE_Wa?BBPAEg?G@BG_CgBOJ,21,59,6,8.0972936081,2.0972936081,1.3495489347,Solved
THO[I__e?EwcaWsATGACc?@[C`os?X?SCDoH,21,60,6,8.0972925438,2.0972925438,1.3495487573,Solved
T@OWC_J@Ec@JhGscTOA_dX??_WCS?yM?G?dg,21,58,6,8.0972533784,2.0972533784,1.3495422297,Solved
T@OLEageAC_hp?x?@WG@d@oCgIG`PB?gSODS,21,59,6,8.097252857,2.097252857,1.3495421428,Solved
T@OLAageAC_ht?x?@WG@d@oCgIG`PB?gSODS,21,59,6,8.0972525087,2.0972525087,1.3495420848,Solved
T@OWK_JhMcT?SdPOYC?Q_G_K?k?CBjI?IGBH,21,59,6,8.0972491252,2.0972491252,1.3495415209,Solved
THOWK_JScHsOPPATWOH?Da_COalGAIAOOGOR,21,59,6,8.097240634,2.097240634,1.3495401057,Solved
THOXK_J?Mc?JhHsCTAAI_C?gADLO_GE?S?hp,21,59,6,8.0972376186,2.0972376186,1.3495396031,Solved
THO\I__e?Fwc_WsATG?Cc?@[Y?HGSGJ_O?@r,21,59,6,8.0972369227,2.0972369227,1.3495394871,Solved
THoOM_JO@HSO_EA__Hi`DhKOO\?O`CC?kDEA,21,58,6,8.0972343629,2.0972343629,1.3495390605,Solved
THOWE_J@MC?BhHocTA?M@CHSJCD?_goID?Ak,21,59,6,8.0972170087,2.0972170087,1.3495361681,Solved
TGOXM_B@MC@JhHs_TA?`O?@[G_I_cGU?c_PD,21,58,6,8.0972109779,2.0972109779,1.349535163,Solved
TGoWC_JSdHoOPPh_?AY`H@o?g?g@iHQH?OIB,21,58,6,8.0971948008,2.0971948008,1.3495324668,Solved
THO\I_ge?DWch?OAaSKQ@?Fc_TOADGJaB?GB,21,59,6,8.0971873268,2.0971873268,1.3495312211,Solved
THOWC_JSdHsOADc??ChCEOQKdOa@EMG@_Y?I,21,58,6,8.0971831776,2.0971831776,1.3495305296,Solved
THOWK_JSdHsOPO?DSCWOUPOOA?w`KKc?oh@B,21,60,6,8.0971659134,2.0971659134,1.3495276522,Solved
THoWG_JSDHsOPPATYOH@D_CD@GKE__o?K_`H,21,59,6,8.0971608818,2.0971608818,1.3495268136,Solved
THoWC_JSdHsOPPh_?AY`HOq?_?k_CGI_gG@J,21,59,6,8.0971449166,2.0971449166,1.3495241528,Solved
THoWC_JSdHcOPPATGX@@Ec?Ke@MG?_@gCWAd,21,60,6,8.0971370568,2.0971370568,1.3495228428,Solved
THO[M_gcAC_LcGi@?MDGP?_xCS?Q_osH??JB,21,58,6,8.097132101,2.097132101,1.3495220168,Solved
THOXK_J?Kc?JhHsCTAAI_C?kADLO_IE?S?hp,21,60,6,8.0971082934,2.0971082934,1.3495180489,Solved
THOXG_J?Cc@JhHscT??AVpO@?w?`HPO_rB?B,21,60,6,8.0970948877,2.0970948877,1.3495158146,Solved
THOXK_J?Mc?JhHsCTAAI??`UgO??SiE@CO_L,21,58,6,8.0970832256,2.0970832256,1.3495138709,Solved
T@oWE_JSd@sO@HH_WOOAiE?E?BGMOQGWG_?r,21,57,6,8.0970732464,2.0970732464,1.3495122077,Solved
THOWG_JHMc@Jh?cCTO?I@A_sAD?`DL@?h@OJ,21,58,6,8.0970570777,2.0970570777,1.3495095129,Solved
THoWG_JSDHsO@PASYOD@A?BWOA\E?II?o?qb,21,59,6,8.0970518052,2.0970518052,1.3495086342,Solved
T@OWC_J@Ec@BhGscTOA_dXO?_oCS?yM?G?dg,21,58,6,8.0970485521,2.0970485521,1.349508092,Solved
THoWK_JSdHsOATc??ChCEOQGdO_@EMG@_Y?I,21,59,6,8.09701912,2.09701912,1.3495031867,Solved
THoGG?JOCHsOADs_wg?`HhSCZ??ig@@D@?GT,21,57,6,8.0970058437,2.0970058437,1.349500974,Solved
THO\I__c?FWchOOE_]C_AIBKGaOEIKp?DCW@,21,60,6,8.0969998804,2.0969998804,1.3494999801,Solved
THOXI_JhMcD??pc?_ga@BI?WCIY@IKS?_OOJ,21,58,6,8.0969936805,2.0969936805,1.3494989467,Solved
THoWK_GSdHsO?T_??ehCEOBQO_XGCGU?TA`A,21,57,6,8.0969932517,2.0969932517,1.3494988753,Solved
THOWK_JSdHsOP@ATWOH?Da_COalGAIAOO?OR,21,58,6,8.0969920136,2.0969920136,1.3494986689,Solved
THOWC_JHMc@JhGsCTOAI@?@VE?HU?O?_KAF@,21,58,6,8.0969766332,2.0969766332,1.3494961055,Solved
TGoWK_JOdHsOPP__iC`QbKGOCSI_QKC@CWQ@,21,60,6,8.0969697923,2.0969697923,1.3494949654,Solved
THoWM_GSdHsO?T_??ehCEOBQO_XGCGU?TA`A,21,58,6,8.0969694498,2.0969694498,1.3494949083,Solved
THOXC_J@Cc@JH@scTAAM@OM?JAG@Uc??KOc`,21,58,6,8.0969652074,2.0969652074,1.3494942012,Solved
THO[M_geAC_l?G`I?YOQSo@_O@x?at?GHAAB,21,58,6,8.0969620362,2.0969620362,1.3494936727,Solved
THOXM_JhMCD??tc?_ga@BI?WCII@IKS?_OOJ,21,58,6,8.0969499007,2.0969499007,1.3494916501,Solved
THOLIA_eAC_lS?AA?[[IAs@O_O|AE?SKGSgB,21,59,6,8.096946108,2.096946108,1.349491018,Solved
THoWK_JSdHsOADc??ChCEOQKdO_@EMG@_Y?I,21,59,6,8.0969277232,2.0969277232,1.3494879539,Solved
THO\MagE?DcH_DA__MKG@CATAAi_Q?OGkD_H,21,58,6,8.0969220976,2.0969220976,1.3494870163,Solved
THO\M?geAC_LsGEQY?_Ic??[BoCGOX?BgIEG,21,59,6,8.0969194166,2.0969194166,1.3494865694,Solved
THOWK_ISdHsOATS??ChCEaCNCAaIG?`?Kj@@,21,58,6,8.0969088187,2.0969088187,1.3494848031,Solved
THOXI_ge?FWChO?E_]DOOC`VC@_?JcS?D?YH,21,59,6,8.0968972785,2.0968972785,1.3494828797,Solved
THoGK_JS_HSO_EE?ggHUC?FNAH@@`I`?ODCB,21,58,6,8.096895087,2.096895087,1.3494825145,Solved
THO\I_ge?FWch?OAaOG?|aOC_TGADM?OCDp@,21,59,6,8.0968840427,2.0968840427,1.3494806738,Solved
THOXK_J?Mc?JhHsCT?AI_CGKADLO_??T`B?B,21,57,6,8.0968756726,2.0968756726,1.3494792788,Solved
THO\EagE?DchoDA__MIG@CAU_OIGPGSGC@_T,21,58,6,8.0968717728,2.0968717728,1.3494786288,Solved
THO\I__e?FwcaWSA@S@I??du?@qGcHOWA?@p,21,59,6,8.0968712716,2.0968712716,1.3494785453,Solved
THO\I_?e?EwchOc??]@OZ?IrC?g`OGU?O?RB,21,58,6,8.0968675829,2.0968675829,1.3494779305,Solved
THO\G_ge?FOchOOEaSG?sApRO_Y?HdOO?D?p,21,59,6,8.0968657237,2.0968657237,1.3494776206,Solved
THOXK_J?AC@BhHscD?AI_CAmgWAI`CCGC?`t,21,58,6,8.0968650316,2.0968650316,1.3494775053,Solved
THO[I__e?FwcaWsATG?Cc??[Y_HGSGJ_O?Dr,21,60,6,8.0968520488,2.0968520488,1.3494753415,Solved
THoWK_JSdGcOPOATQO@@FcH??k_SSO?_lC@H,21,58,6,8.0968502301,2.0968502301,1.3494750384,Solved
THoWC_JSdGcOPPATGX?@Ec?Ke@MK?_@gCWAd,21,59,6,8.0968406771,2.0968406771,1.3494734462,Solved
T@OWK_JhMcT?SdXOYC?Q_G_K?lCOCYIG?a?p,21,59,6,8.0968335742,2.0968335742,1.3494722624,Solved
THoWM_JCdHsOADo__cI?h?QaA?hO`AG?KO`P,21,57,6,8.0968233514,2.0968233514,1.3494705586,Solved
THOWM_BHMC@JHGocTO?`P?@uW_G_E@U?D?Oe,21,58,6,8.0968224346,2.0968224346,1.3494704058,Solved
THOXK_J?Mc?JhHsCTAAI??`UgO??UgE@CO_L,21,58,6,8.0968131672,2.0968131672,1.3494688612,Solved
THOWK_JSdHoOPOs_C?WAX`KIi??`K??A{HS@,21,58,6,8.0968015761,2.0968015761,1.3494669294,Solved
THO\I_ge?FWch?OEaOKO@GDCOIGAd?FAPC?V,21,58,6,8.096792482,2.096792482,1.3494654137,Solved
T@oWC_JSdHsOPPh_?AY`HOq?g??I_KcCG?Cj,21,57,6,8.0967860295,2.0967860295,1.3494643382,Solved
THOWC_JSdHsOATc??ChCEOQKdO_@EMG@_Y?I,21,58,6,8.0967858817,2.0967858817,1.3494643136,Solved
THoWM_BSDHc?ACs_ccS?hEGC@KKC`HEC@CcB,21,58,6,8.0967830546,2.0967830546,1.3494638424,Solved
TGoWK_HSdHoOPP_?b@`OaPGXOd@E@K?_Sq_@,21,58,6,8.0967780485,2.0967780485,1.3494630081,Solved
THOXM_B`K_T??p@JW?Wp@AE_d?Y?WH?e?Q?b,21,57,6,8.096774514,2.096774514,1.349462419,Solved
THO\I_ge?FWch?OEaOKO@GDCWIGAd?FAPC?V,21,59,6,8.0967734776,2.0967734776,1.3494622463,Solved
THO\MagC?@ChoDAsAP?HFiCGBGMGO?o?L?s`,21,59,6,8.096771634,2.096771634,1.349461939,Solved
THO\A_ge?Fw_hOsGA@oCb?XEG?_SEOBgLCGK,21,60,6,8.096758527,2.096758527,1.3494597545,Solved
THOWI_JGMcT?pG?Vwa?CKE?]b?Go__IO_?cb,21,59,6,8.0967573061,2.0967573061,1.349459551,Solved
THO\EagE?DchoDE_Wa?BBPAEg?G@BG_SgBOJ,21,60,6,8.0967539361,2.0967539361,1.3494589894,Solved
THOWG_JSdHsOPPs?CCIIHACib??CQs`CCHS@,21,59,6,8.0967272152,2.0967272152,1.3494545359,Solved
THOXK?I?Mc@@hHsCTAAI@?`S@YMGg?EJ?O_J,21,58,6,8.0967192868,2.0967192868,1.3494532145,Solved
THOXK_J?AC@BhHscD?AI_CAmgWAI`CCGS?`t,21,59,6,8.0967148638,2.0967148638,1.3494524773,Solved
THoGK_JS_HSO_EE?ggHUC?FNAH@@`M`?ODCB,21,59,6,8.0967065822,2.0967065822,1.349451097,Solved
THOXK_J?Ec@JhHsCT?AI_CGGADLO_II?S?It,21,59,6,8.0967003489,2.0967003489,1.3494500581,Solved
THOXK_J?Mc?JhHsCT?AI_CGKADLO_??T`B?J,21,58,6,8.0966994252,2.0966994252,1.3494499042,Solved
THOW?_JhMCT??t@JA?\S@OOSECgs_PAONCA@,21,59,6,8.0966932257,2.0966932257,1.349448871,Solved
THO\I__e?FwcaWS?BS@I??du?@qGcHOWA?@p,21,59,6,8.0966856871,2.0966856871,1.3494476145,Solved
THoWC_JSdHs?@Pg_@AYM@?@DC`I?UPS?QO?f,21,58,6,8.0966762814,2.0966762814,1.3494460469,Solved
THOXK_J?Kc?JhHsCTAAI_CGKADLO_G?ThB?B,21,59,6,8.0966682646,2.0966682646,1.3494447108,Solved
THO[I__e?FwcaWsATG?Cc?@[Y_HGSGJ_O?@r,21,60,6,8.0966664261,2.0966664261,1.3494444044,Solved
THOXC_HhMcT??t@JI?\O@?OCOaOSa]G?WAcg,21,59,6,8.096661674,2.096661674,1.3494436123,Solved
THoWC_BSDHcOPPc_cCGQX_CHE?WM`@OAEOcD,21,58,6,8.0966521189,2.0966521189,1.3494420198,Solved
THOWM_IhMCT??d?IG?XQEP@OWWLC@K`CODK_,21,58,6,8.0966401837,2.0966401837,1.3494400306,Solved
T@OWK_JhEcT?SDXOYC??`@RDBCO@UHO?SABP,21,58,6,8.0966224595,2.0966224595,1.3494370766,Solved
THoWC_BSDHcOADs_ccS?hA?C@LKC`HECPCcA,21,57,6,8.0966201353,2.0966201353,1.3494366892,Solved
THoWK_JSDGsOPPATQO@?F_KD?@GOTGE_cOcD,21,58,6,8.0966090096,2.0966090096,1.3494348349,Solved
THOWK_JOcHsOPPATWOH@EaCDOcGoD@I@OA?V,21,59,6,8.0966034855,2.0966034855,1.3494339143,Solved
THoWC_BSdHsOPPc_`WAGB?LC?AhM?GOiDO_D,21,58,6,8.0965884297,2.0965884297,1.349431405,Solved
THOX?_J@Mc?JhHsCTAAM?pO?ID?_DWSIQ_OP,21,59,6,8.0965883235,2.0965883235,1.3494313872,Solved
T@?[MAgWac?BHPe@RAQCBHQCPcPUGEG?C?pH,21,59,6,8.0965855104,2.0965855104,1.3494309184,Solved
THoWM_JSd@sO?@HSgcOsC_?SGSGIOlC@DO_H,21,59,6,8.0965750792,2.0965750792,1.3494291799,Solved
THO\I__e?Fwc_WsATG?Cc??[Y_H?SGJ_O?Dr,21,59,6,8.0965750787,2.0965750787,1.3494291798,Solved
THOXK_J?Mc?JhHsCTAAI_CGK?DLO_G?ThB?J,21,60,6,8.0965654941,2.0965654941,1.3494275824,Solved
THO\I_ge?FwchOIA??wH`A_G@DO?c[`@F?@W,21,58,6,8.0965528822,2.0965528822,1.3494254804,Solved
THOLI__e?FwcaWOABO`IbD?OBoKh?@?MG?Gj,21,59,6,8.0965384111,2.0965384111,1.3494230685,Solved
THO\I_ge?EWchOo?D@_FB?Ip?QS_@WHQGBS@,21,59,6,8.0965361061,2.0965361061,1.3494226843,Solved
THOGK_HhMCT??t@JI?\S@OOS?cgooUd??c?D,21,58,6,8.0965286078,2.0965286078,1.3494214346,Solved
THO\I_ge?DWcg?OAaSKQ@?Fc_TOQDGJaB?GB,21,59,6,8.0965071692,2.0965071692,1.3494178615,Solved
T@?WK_JhMcT?SdXOYC?Q_G_K?kKOEAI?GACr,21,58,6,8.0965049905,2.0965049905,1.3494174984,Solved
THoWC_JSdHcOPPATGX?@Ec?Ke@MG?_@gSGAd,21,59,6,8.0964905858,2.0964905858,1.3494150976,Solved
T@OTM_geAC_lsGx??AoF@iAGWDOBR@?_KC?X,21,59,6,8.0964798213,2.0964798213,1.3494133036,Solved
THoWC_ISdHsOP@h_?EWOHPOC@JScC`Q@C?cL,21,59,6,8.096461421,2.096461421,1.3494102368,Solved
THoWK_JS@HS?_EE@GgHSC?VFQ?L@`?Eq?CEF,21,59,6,8.0964338546,2.0964338546,1.3494056424,Solved
TGOWK_JOdHsOATc??ehCESH?wOCGCYCQC@?t,21,58,6,8.0964232418,2.0964232418,1.3494038736,Solved
THoWC_JSdHsOPPh_?AY`HOq?g?c_CGI_G?Cj,21,58,6,8.096419759,2.096419759,1.3494032932,Solved
TGoOK_JSdHSOOPgKB@QGJB?o@W]C?O`GCkO@,21,58,6,8.0963794347,2.0963794347,1.3493965724,Solved
TGOWC_JhMcT??t@HI?\S@OOSIOmK??`GScGD,21,59,6,8.0963761107,2.0963761107,1.3493960185,Solved
T@?[MAgWac?BHPe@RAQCBHQCPcPUGEG?C?rH,21,60,6,8.0963710332,2.0963710332,1.3493951722,Solved
T@OWK_JhMcT?SdXOYC?Q_G_??lCOCYIGO_?r,21,58,6,8.0963698167,2.0963698167,1.3493949695,Solved
THoWM_BSDHc?ADs_ccS?hEGC@LKC`HEC@CCB,21,59,6,8.096362182,2.096362182,1.349393697,Solved
T@O\M_geAC_lcGiA?Y?GBw?CYCI@_gISD?F_,21,59,6,8.0963619676,2.0963619676,1.3493936613,Solved
THO\M?geAC_lsGEQY?_Ic??[IEKGOGF_O_@q,21,60,6,8.096356035,2.096356035,1.3493926725,Solved
TGOWC_JHKc@JhHocT??_EIoFOOG?HI@OdF?_,21,57,6,8.0963558374,2.0963558374,1.3493926396,Solved
THO\M?geAC_LsGEQY?_Ic??[Bo?OKX?BiCgG,21,59,6,8.0963460794,2.0963460794,1.3493910132,Solved
THoWE_BSDHcOADs_ccS?hA?C@LKC`HECPCcA,21,58,6,8.0963240575,2.0963240575,1.3493873429,Solved
THOWK_JSdHcO@PATSOMHAE@?Oa`?csS?L@GH,21,59,6,8.0962857719,2.0962857719,1.349380962,Solved
THO[MagEADc`oDC__kHC`aASJ?A`?gAiC_?L,21,59,6,8.0962760524,2.0962760524,1.3493793421,Solved
TGoWK_JS@HS?_EE@ggHUC?FNQ?H@`?Eq?CEB,21,58,6,8.096275363,2.096275363,1.3493792272,Solved
THoWE_JSd@sO?@HSgcOsC_?SGSGIOlC@COaH,21,58,6,8.0962543941,2.0962543941,1.3493757323,Solved
THoWC_JSdHsOPP@TO?ICP?KgHC]K?G`CCi@H,21,60,6,8.096225027,2.096225027,1.3493708378,Solved
THOXK_J?Mc?JhHsCT?AI_CGKADLO_??ThB?B,21,58,6,8.0962174065,2.0962174065,1.3493695678,Solved
THoWK_JSdHsOPOO_Gc`ABACcOb?AYPO?MO?h,21,58,6,8.0962156832,2.0962156832,1.3493692805,Solved
THO\M?geAC_lsGEQY?_IcG?[IEKGOGF_O_@q,21,61,6,8.0961932465,2.0961932465,1.3493655411,Solved
T@OWK_JhMcT?SdXOY??QoG_K?lCOCIIG?A@r,21,59,6,8.0961867897,2.0961867897,1.3493644649,Solved
THoWC_JScHsOPPh_?AY`HOQ?_?gI_kcCGG@J,21,58,6,8.0961808493,2.0961808493,1.3493634749,Solved
THOXK_J?Mc@JhHsCTAAI_?AgADLO?a`@GB?J,21,59,6,8.0961783497,2.0961783497,1.3493630583,Solved
THO\MagE?DchoDE_Ga?ABPAE?D__SgE_W?b`,21,59,6,8.0961642658,2.0961642658,1.349360711,Solved
THOOG_JSdHsOPPASYO@?FpGEb??@dGo?g@CJ,21,58,6,8.0961639073,2.0961639073,1.3493606512,Solved
THOXI_J@Gc@JOch@sA?oD?IWD?MCGs@OiWAC,21,58,6,8.0961626471,2.0961626471,1.3493604412,Solved
THOXM__E?Fo_?teASaA?FeGAAOOBAIC@SgKD,21,58,6,8.0961595177,2.0961595177,1.3493599196,Solved
THoWK_JOcHsOADo_CeH?UCAOHCyICDC?TO_P,21,59,6,8.096145611,2.096145611,1.3493576018,Solved
THOWC_JhMcT??t@HI?\S@OOSIOmK??`GS_GD,21,59,6,8.096135822,2.096135822,1.3493559703,Solved
THO\M_geA?_lAAC`_YTGCO?MCgGFO_?aMGCH,21,58,6,8.0961334897,2.0961334897,1.3493555816,Solved
THOXK_J?EC@JhHscT?EG??I[Ow@Q_OC?lDO_,21,58,6,8.0961297946,2.0961297946,1.3493549658,Solved
THoWK_JS@HS?_EE@ggHUC?FFQ?H@`?Eq?CEB,21,58,6,8.0961252119,2.0961252119,1.349354202,Solved
T@O\M_geAC_lcGiA?Y?GFw?CYCI@_gISD?F_,21,60,6,8.0961234724,2.0961234724,1.3493539121,Solved
T@oWE_JSd@sO@HH_WOOAiE?M?BGMOQGWG_?r,21,58,6,8.0961190239,2.0961190239,1.3493531706,Solved
T@O[MAgWA`?BHPc@GO[ocGpCDW_f_AGAUgCD,21,60,6,8.0961161387,2.0961161387,1.3493526898,Solved
THOLI__e?FwcaW_?BO`IbDGOAUGQAM@@CSI@,21,59,6,8.0960978885,2.0960978885,1.3493496481,Solved
THOXK_J?Kc@JhHsCTAAI_C?kADLO_G@PH@?J,21,59,6,8.0960961183,2.0960961183,1.349349353,Solved
THOXC_J@Cc@JH@scTAAM@OM?JAG@Ud??KOc`,21,59,6,8.0960900693,2.0960900693,1.3493483449,Solved
THOXK_J?Mc@JhHsCTAAA_?AkADLO?a`@GD@J,21,60,6,8.0960887757,2.0960887757,1.3493481293,Solved
THOWC_JhMcT??t@HI?\S@OOSGOiK??`GS_ID,21,58,6,8.09608121,2.09608121,1.3493468683,Solved
THO\I_ge?FochO?Gr@IGa?DO_?}`?G?[cJ?D,21,59,6,8.0960497241,2.0960497241,1.3493416207,Solved
THO\M_ge?FOcS??dd@sHCOACd@Co?WE@c?qD,21,59,6,8.0960360898,2.0960360898,1.3493393483,Solved
THOXM_JhKcT??t?HY?XOPO?oCcWIAa?oMI?G,21,59,6,8.0960342676,2.0960342676,1.3493390446,Solved
THoWI_JCDHcOATc_cCGAXs_CCAI@IKGh?IOS,21,58,6,8.0960279831,2.0960279831,1.3493379972,Solved
THoWK_JS@HS?_AE@ggHUC?FFQ?H@`GEq?CEB,21,58,6,8.0960154028,2.0960154028,1.3493359005,Solved
THOXK_J?MC@JhHscTAAI_CAc?hPQ?YG_CACh,21,60,6,8.0960059868,2.0960059868,1.3493343311,Solved
THO\I__e?FwcaWsATG?Cc?@[Y?H?SGJ_O?Dr,21,60,6,8.0959990774,2.0959990774,1.3493331796,Solved
THoWC_JSdHsOPPh_?AY`HOq?g?c_CGI_GGCJ,21,58,6,8.0959986544,2.0959986544,1.3493331091,Solved
THO\M_geAC_LsGI??YWBQ_@PCOWs?o?KKCGh,21,59,6,8.0959856631,2.0959856631,1.3493309439,Solved
THOXI_BhKCT??t?HY?XOPOAoCcWIAa?oMY?I,21,59,6,8.0959790466,2.0959790466,1.3493298411,Solved
THOXA_J`McT??TE?_`a@B`oEc`ACb@Q`?O?V,21,59,6,8.0959704247,2.0959704247,1.3493284041,Solved
TH_OC_JSdHsOP@h_?CWs?POC@JOWgHUCBO?b,21,58,6,8.0959327222,2.0959327222,1.3493221204,Solved
T@O\M_geAC_lsGw?DGO?j@IW@_CoOIC?s_UD,21,60,6,8.0959291509,2.0959291509,1.3493215252,Solved
THO\I_ge?EwchOs?D@_FB?IoBCG?EK_@DCOX,21,59,6,8.0959284268,2.0959284268,1.3493214045,Solved
THoWK_JS@HS?_AE@ggHSD?FFQ?H@`?Eq?CEF,21,58,6,8.0959264481,2.0959264481,1.3493210747,Solved
T@O\M_geAC_ksGw?@GOCJ@IYc?_BQI_?w?UB,21,59,6,8.0959253133,2.0959253133,1.3493208856,Solved
TGOWK_HOdHsOASS??ehCEeCCB@I`Gc?DKq_@,21,57,6,8.0959248164,2.0959248164,1.3493208027,Solved
THOWK_JSdHsOATc??ChCEOQGdOa@AMG@_Y?I,21,58,6,8.0959207825,2.0959207825,1.3493201304,Solved
T@O\K_geAC_lsGw?@GOCj@IYc?_BQI_?w?UB,21,60,6,8.0959102339,2.0959102339,1.3493183723,Solved
T@?WK_JhMcT?SdXOYC?Q_G_K?kKOEBI?GACr,21,59,6,8.095905884,2.095905884,1.3493176473,Solved
THoWC_JSdHs?@Pg_@AYM@?@DC`I?UPU?QO?f,21,59,6,8.0959023119,2.0959023119,1.349317052,Solved
TGoWK_JOdHsOPP__iC`QBKGODSI_QKC@CWQ@,21,60,6,8.0959002867,2.0959002867,1.3493167145,Solved
THOXK_J?Kc@JhHoCTAAA_?AkADDO?i`@GD@I,21,57,6,8.0958993695,2.0958993695,1.3493165616,Solved
THO\M?geAC_LsGEQY?_IcG?[IEKGOGF_??@r,21,59,6,8.0958851026,2.0958851026,1.3493141838,Solved
T@OWC_J@Ec@JhHsCT?A_dXO?_wCS?qM???dh,21,58,6,8.0958812475,2.0958812475,1.3493135412,Solved
THOXK_J?Kc@JhHsCTAAI_C?kADLO_G@PHB?I,21,59,6,8.0958797252,2.0958797252,1.3493132875,Solved
THO\M_ge?Eo_s??wD@wHSOCSWKI?i@A?KAaH,21,59,6,8.0958677949,2.0958677949,1.3493112992,Solved
THOXK_J?Kc?JhHsCTAAI_CGKADLO_G?ThB?J,21,60,6,8.0958647654,2.0958647654,1.3493107942,Solved
THoWC_JSdHsOP@h_?EWOHPOCBIO`Ec_@GGSB,21,59,6,8.0958525985,2.0958525985,1.3493087664,Solved
T@OLAageAC_ht?x?@WG@d@oCgIG`PB?gSQDS,21,60,6,8.0958487173,2.0958487173,1.3493081196,Solved
THOXK_J?Kc@JhHoCTAAA_?AkADLO?i`@GD@I,21,58,6,8.0958369414,2.0958369414,1.3493061569,Solved
THOXK_J?Kc@JhHsCTAAA_?AkADDO?i`@GD@I,21,58,6,8.0958361281,2.0958361281,1.3493060214,Solved
THO\I__e?Fwc_WsATG?Cc?@[Y?HGSGJ_O?Dr,21,60,6,8.0958345325,2.0958345325,1.3493057554,Solved
THO\M?geAC_LsGEQY?_IcG?[GEKHOGF_?_@r,21,60,6,8.0958308255,2.0958308255,1.3493051376,Solved
THoWM_H?dGsO?To_ccI?hCIUOOa@WH?CWI?R,21,58,6,8.0958242915,2.0958242915,1.3493040486,Solved
THoWK_JS@HSO_CE@ggHUC?FFQ?H@`GEq@CE@,21,59,6,8.0958210543,2.0958210543,1.3493035091,Solved
THoGG?JOdHsOATs_wg?`HgSCZ??ig@@D@?GT,21,59,6,8.0958167328,2.0958167328,1.3493027888,Solved
THoWC_JSDHcOPPc_`IhHA_DDBGHSc?_?NE?@,21,59,6,8.09580721,2.09580721,1.3493012017,Solved
THoOG_JSDHsOPPASYO@?FpGEb??@dGo?g@CJ,21,58,6,8.0957973933,2.0957973933,1.3492995655,Solved
THoWM_JOd@oO?BHSg_OsC_?[GSGIOlC@COcH,21,58,6,8.0957887763,2.0957887763,1.3492981294,Solved
T@O\M_geAC_lsGw?DGO?j@IW@_SoOIC?s_QD,21,60,6,8.0957745364,2.0957745364,1.3492957561,Solved
THOWC_JSdHsOADc??ChCEOQGdO_@EMG@_Q?J,21,56,6,8.0957602432,2.0957602432,1.3492933739,Solved
THOXK_J?Kc@JhHsCTAAA_?AkADLO?i`@GD@I,21,59,6,8.0957331673,2.0957331673,1.3492888612,Solved
THOWK_ISdHsOATS??ChCEaCNC?aIGO`?kJ@@,21,58,6,8.0957211677,2.0957211677,1.3492868613,Solved
THOKMa_EADchoDC__kHC`aATS_OVC@G?UGCC,21,59,6,8.0957158329,2.0957158329,1.3492859721,Solved
THOWI__eAC_lsGg@?[GGUIoE@_OoQLG@DASD,21,59,6,8.0957150689,2.0957150689,1.3492858448,Solved
THOXK_J?Kc@JhHoCTAAA_?AkADDO?i`@GD@J,21,58,6,8.0957072177,2.0957072177,1.3492845363,Solved
THoWK_JS@HS?_EE@ggHSC?FFQ?H@`?Eq?CEF,21,58,6,8.0957051368,2.0957051368,1.3492841895,Solved
THOXK_J?Mc?BhHsCTAAI?SGGB?G?VgCIqgOC,21,58,6,8.0957009762,2.0957009762,1.349283496,Solved
THoWG_JSdHsOP@s?CCIIHACib??CQs`CCHS@,21,59,6,8.0956949474,2.0956949474,1.3492824912,Solved
THO\I__a?Fwcs?@SC@WDEaOGcOGch?BCMWGO,21,58,6,8.0956944992,2.0956944992,1.3492824165,Solved
THOGK_JSdHsOADc??ChCEOQKdOa@EMG@_Y?I,21,58,6,8.095690242,2.095690242,1.349281707,Solved
THO\I__e?FwcaWSABS@I??du?@oH_K?Ac_M@,21,59,6,8.095669949,2.095669949,1.3492783248,Solved
THoOC_JSdHsOPPATGX@?Ec?Ke@MK?_ODG?cJ,21,59,6,8.0956690361,2.0956690361,1.3492781727,Solved
THO\I__e?Fwc_WsATG?Cc?@[Y_H?SGJ_O?Dr,21,60,6,8.0956661588,2.0956661588,1.3492776931,Solved
THoWK_JS@HS?_AE@ggHSD?VFQ?G@`?Eq?CEF,21,58,6,8.0956478574,2.0956478574,1.3492746429,Solved
THOXK_J?IC@JhHscD?AI_CAmgWAG`CCGS?`t,21,60,6,8.0956464427,2.0956464427,1.3492744071,Solved
T@OWK_JhMcT?SdPOY??QoG_K?kGCBjI?IGBH,21,60,6,8.0956370638,2.0956370638,1.349272844,Solved
THOWM_IhMCT??d?IG?XQEP@OWWLC@K`COCK`,21,58,6,8.0956353747,2.0956353747,1.3492725625,Solved
THOXG_J?McT?pG?EwaAEAeCCBU@?BTI_??kB,21,58,6,8.0956310523,2.0956310523,1.3492718421,Solved
THOWG_JSdHsOPPATWOH?Da_COalGAIAWOGOR,21,60,6,8.0956263147,2.0956263147,1.3492710524,Solved
THOKMa_EADchoDC__kHC`aATS_OVC@G?UGCD,21,60,6,8.0956134668,2.0956134668,1.3492689111,Solved
T@O\M_geAC_lsGw?@GOCJ@IYc?_BQI_?w?UB,21,60,6,8.0956085588,2.0956085588,1.3492680931,Solved
THOXK_J?AC@JhHscD?AI_CAmgWAI`CCGC?_t,21,58,6,8.0956073955,2.0956073955,1.3492678993,Solved
T@oWC_JSdHsOPPh_?AY`HOq?g?GI_KcCG?Cj,21,58,6,8.095594378,2.095594378,1.3492657297,Solved
THO\A_ge?FWcHOOEaSIGO_WSYCG?DlOOC@S`,21,59,6,8.0955918296,2.0955918296,1.3492653049,Solved
T@OXK_JhEcT?SDXOYC??`@RDBCO@QHO?SABP,21,58,6,8.0955860064,2.0955860064,1.3492643344,Solved
THOXK_J?Kc@JhHoCTAAA_?AkADLO?i`@GD@J,21,59,6,8.0955823441,2.0955823441,1.349263724,Solved
T@O[MAgWA`?B@Pc@GS[ocGpCDW_f_AGAUgCD,21,60,6,8.0955806376,2.0955806376,1.3492634396,Solved
THOXG_J?Mc@BhHsCTAAI_CGKADGA@GEIQgO@,21,57,6,8.0955725071,2.0955725071,1.3492620845,Solved
THOXK_J?Mc@BhHsCTAAI_CGKADGA@GEIQgO@,21,58,6,8.0955485048,2.0955485048,1.3492580841,Solved
THO\I_ge?EWchOs?D@_FB?Ip?OS_@WHQGBS@,21,59,6,8.0955355225,2.0955355225,1.3492559204,Solved
THOWK_JSdHsOP@ATWOH?Da_COalGAIAOOGOR,21,59,6,8.0955141929,2.0955141929,1.3492523655,Solved
THO\I_ge?FwcS??pc@sHC?sMH?_@?WoQCcPA,21,59,6,8.0955064789,2.0955064789,1.3492510798,Solved
THOXK_J?AC@JhHscD?AI_CAmgWAI`CCGS?_t,21,59,6,8.0955049587,2.0955049587,1.3492508264,Solved
THOXM_BhKcT??t?HY?XOPOAoCcWIAa?_MI?@,21,58,6,8.0954786964,2.0954786964,1.3492464494,Solved
THO\M?geAC_LsGEQY?_IcG?[IEKGOGF_?_@r,21,60,6,8.0954721923,2.0954721923,1.3492453654,Solved
TH_OC_JSdHsOP@h_?EWs?POC@JOWgHUCBO?b,21,59,6,8.0954546376,2.0954546376,1.3492424396,Solved
T@?WK_JhMcT?SdPOYC?QoG_K?k?CBjI?IGBG,21,58,6,8.0954496442,2.0954496442,1.3492416074,Solved
THoWC_JSdHsOPPc_`WAGB?LC?AhM?GOgDO_D,21,58,6,8.0954461246,2.0954461246,1.3492410208,Solved
T@OWMAgWac?BHPe@RAQCBHQCPcPU?EG?K?pH,21,59,6,8.0954458411,2.0954458411,1.3492409735,Solved
THoWE_BSDHc?ADs_ccS?hEGC@LKC`HEC@CcA,21,58,6,8.095436175,2.095436175,1.3492393625,Solved
T@OWMAgWac?BHPe@RAQCBHQCPcPUGEG?C?pH,21,59,6,8.0954263778,2.0954263778,1.3492377296,Solved
TGoWK_HOdHoOPP__B@`OaOGXOd@E@K?_Sq_@,21,56,6,8.0954253425,2.0954253425,1.3492375571,Solved
TGoWK_HOdHoOPP__b@`OaOGXOd@E@K?_Sq_@,21,57,6,8.0954248324,2.0954248324,1.3492374721,Solved
THO\M?geAC_lsGEAA[?Gco@[`?SGPGSKG_@B,21,59,6,8.095385285,2.095385285,1.3492308808,Solved
THO\M_geAC_LsGI??YGBQ_@PCOWs?o?KMCg`,21,59,6,8.0953822093,2.0953822093,1.3492303682,Solved
THO\MagE?DcH_DA?_MMG@CATAAi_Q??GkDoH,21,58,6,8.0953609869,2.0953609869,1.3492268312,Solved
TGoWM_B?MC?ISchHsa@OGMC?@I]`?_pP?ACJ,21,58,6,8.0953564399,2.0953564399,1.3492260733,Solved
THoWK_JS`HSO_AE@ggHUC?FFO?H@`?EQHCEB,21,59,6,8.0953538504,2.0953538504,1.3492256417,Solved
THoWC_JSdHsOP@h_?EWOHPOCBIO`E_QgEO?g,21,59,6,8.0953534252,2.0953534252,1.3492255709,Solved
THOXK_JhMcT??t?JI?YIAAEEA?IIAG`Ci_?b,21,60,6,8.0953508825,2.0953508825,1.3492251471,Solved
THOPG_J?McT?pG?FwaAEAeCCBU@AAOo@gCkB,21,59,6,8.0953419573,2.0953419573,1.3492236595,Solved
THOXK_J?Mc@@hHsCTAAI_CGKADII@GEIQgO@,21,59,6,8.0953332014,2.0953332014,1.3492222002,Solved
THO\M__c?FocoG?BC_WcCAWKYBAG_PAGmG`O,21,58,6,8.0953331058,2.0953331058,1.3492221843,Solved
THoWC_JSdHsOP@h_?EWOHPOCBIO`E_QgEO?c,21,59,6,8.0953290643,2.0953290643,1.3492215107,Solved
THOXK_J?Kc@JhHsCTAAA_?AkADDO?i`@GD@J,21,59,6,8.0953219433,2.0953219433,1.3492203239,Solved
TGOWK_JScHsOPOs_CCOOZaCG`HIE?o`GEGQ@,21,58,6,8.0953201542,2.0953201542,1.3492200257,Solved
TGOWK_JScHsOPPs_CCOOZaCG`HIE?o`GEGQ@,21,59,6,8.0953200965,2.0953200965,1.3492200161,Solved
THOX?_J@Mc?JhHoCTAAI@po?I@D@?gSI_OAk,21,58,6,8.095313333,2.095313333,1.3492188888,Solved
THoWM_JSd@sO?@HOgcOsC_?SGSGIOlC@COcH,21,58,6,8.0953045495,2.0953045495,1.3492174249,Solved
TGOXA_J?M_?JSChHsa@o_A@jA?WED_GOU`O@,21,57,6,8.0953015739,2.0953015739,1.349216929,Solved
THoWK_JS@HSO_AE@ggHSC?VFQ?G@`?Eq?CAF,21,57,6,8.0952863365,2.0952863365,1.3492143894,Solved
THOHI_J@Ic?JOch@sA?oD?IWd?MCGs@OiWAC,21,58,6,8.0952781778,2.0952781778,1.3492130296,Solved
THOXK_J?Mc@JhGsCTAAI_CGCADGOSiI@GAOJ,21,59,6,8.0952762271,2.0952762271,1.3492127045,Solved
T@OWE_JhMcD??t?JGQLODp`AOC_GOg_EOb?B,21,58,6,8.0952738381,2.0952738381,1.3492123063,Solved
THO\M_ge?Fg_?cGBOc[`GHOcY@A?Pc@GWHBB,21,60,6,8.0952689449,2.0952689449,1.3492114908,Solved
THoWC_JSdHsOPPh_?AY`HOq?g?k_CGI_G?CJ,21,58,6,8.0952644017,2.0952644017,1.3492107336,Solved
THO[I__e?FwcaWsATG?Cc?@[Y_HGSGJ_O?Dr,21,61,6,8.0952555396,2.0952555396,1.3492092566,Solved
THO\M?geAC_lsGEQY?_Gc??[IEKHOGF_O_@q,21,60,6,8.0952470669,2.0952470669,1.3492078445,Solved
THO\M_geAC_hSGI??YWBQ_@PCOWs?o?MMCg@,21,59,6,8.0952423913,2.0952423913,1.3492070652,Solved
THOWC_JSDHsOP@c_c?GUP?LJE?GM`@OASOac,21,58,6,8.0952299401,2.0952299401,1.34920499,Solved
T@oWE_JSd@sO@HH_WOOAiE?E?RGMOQGWG_?r,21,58,6,8.0952283488,2.0952283488,1.3492047248,Solved
T@OWM_JGEC@AhHscTO?`P@SDQCCH_GAJCgGH,21,58,6,8.0952248514,2.0952248514,1.3492041419,Solved
THO\I_ga?Bwcs?@SC@WDEaOG_SWoHaGOCAaD,21,58,6,8.0952231378,2.0952231378,1.3492038563,Solved
T@?WK_JhMcT?SdXOY??Qo?_K?hCOCXC@hDCH,21,58,6,8.0952120999,2.0952120999,1.3492020167,Solved
THOXI_BhKCT??t@HW?XQPOE@?BCs?WHGwWgC,21,59,6,8.0951977869,2.0951977869,1.3491996312,Solved
THOXG_J@Cc@BhHscDA?AVpO@?w?`GTO?mB?_,21,58,6,8.0951623351,2.0951623351,1.3491937225,Solved
THO\M?geAC_LsGEQY?_IcG?[IEKGOGF_O_@r,21,61,6,8.0951572456,2.0951572456,1.3491928743,Solved
THOHA_JhMcT??sc?_ha?B`oC?mGcGaGAMgA`,21,59,6,8.095154452,2.095154452,1.3491924087,Solved
T@?WK_JhMcT?SdXOY??Qo?_K?lCOCXC@hDCH,21,59,6,8.0951470422,2.0951470422,1.3491911737,Solved
T@OWC_J@Ec@BhGscTOA_dXO?_wCS?yM?G?dg,21,59,6,8.0951354288,2.0951354288,1.3491892381,Solved
THO\M?geAC_LsGEQY?_IcG?[A@oOKLGOCBoG,21,59,6,8.0951315165,2.0951315165,1.3491885861,Solved
T@O\EageAD_hA@?c_kH?hp?V_A_c?_@IC`IH,21,58,6,8.0951174278,2.0951174278,1.349186238,Solved
THO\M_geAC_hSGI??YWBQ_@PCOWs?o?MMCg`,21,60,6,8.095106352,2.095106352,1.349184392,Solved
THO\M_ge?Foco?HOD@odC?DTOGI?g?BCS?@u,21,58,6,8.0951055532,2.0951055532,1.3491842589,Solved
THoWK_JS@HS?_AE@ggHSC?VFQ?L@`?Eq?CEF,21,59,6,8.0950914349,2.0950914349,1.3491819058,Solved
T@OWC_J@Ec@JhHsCT?A_dXO?_wCS?qM?G?dg,21,58,6,8.095081874,2.095081874,1.3491803123,Solved
THoWK_JSdHsOPP__@Ia?RGKOWAQ`B@C?KCCX,21,59,6,8.0950758213,2.0950758213,1.3491793036,Solved
T@OWC_J@Ec@JhGscTOA_dXO?_OCS?yM?G?dg,21,58,6,8.0949967179,2.0949967179,1.3491661196,Solved
THOXK_JhMcT??p?JI?YIAAEEA?g`CdOADD?D,21,59,6,8.0949846863,2.0949846863,1.3491641144,Solved
THO[I__e?FwcaWsATG?Cc?@[?`os?X?SCDoH,21,59,6,8.0949833122,2.0949833122,1.3491638854,Solved
THOXA_J@Mc?BhHocTA?M?CHSBCD?_goAD?Al,21,58,6,8.0949791436,2.0949791436,1.3491631906,Solved
T@O\EageAD_hE@?c_kH?hp?V_A_c?_@IC`IH,21,59,6,8.094977179,2.094977179,1.3491628632,Solved
THO\M_geAC_hsGI??YWBQ_@PCOWs?o?MMCg@,21,60,6,8.0949731811,2.0949731811,1.3491621969,Solved
THoWC_JSdHcOPOPoQOOQhGGU?SM`G??RGAAJ,21,59,6,8.0949701414,2.0949701414,1.3491616902,Solved
THO[MagEADc`oDC__kHC`aASI?A`?gAiC_AL,21,59,6,8.0949684535,2.0949684535,1.3491614089,Solved
THO[MagEADc`oDC__kHC`aASICA`?gAiC_AL,21,60,6,8.0949509746,2.0949509746,1.3491584958,Solved
THO\M_geAC_hsGI??YWBQ_@PCOWs?o?MMCg`,21,61,6,8.0949503465,2.0949503465,1.3491583911,Solved
T@OWK_JhMcT?SdXOY??QoG_K?lCOCYIG?A?p,21,58,6,8.0949382672,2.0949382672,1.3491563779,Solved
THoWC_JSdHsOP@h_?EGO@PoCBIO`Ee_@GGSB,21,59,6,8.0949376785,2.0949376785,1.3491562798,Solved
THOW?_JhMcT??t?JI?\S@OOOEC_s_PAONCa@,21,59,6,8.0949328154,2.0949328154,1.3491554692,Solved
THoGG?JOCHsOATs_wg?`HhSCZ??ig@@D@?GT,21,58,6,8.0949174904,2.0949174904,1.3491529151,Solved
THOXK_J?Mc?JhHsCTAAI_?AkADDO_A`@GB@J,21,59,6,8.0949135931,2.0949135931,1.3491522655,Solved
THO\MagE?Dcho@E_ga?BBPAEg?G@BG_SgBOI,21,59,6,8.0949060319,2.0949060319,1.3491510053,Solved
THoGK_JSdGsOPOATGX?@Ec?KWA_Hg]g?_a@L,21,60,6,8.0949043417,2.0949043417,1.3491507236,Solved
THoWC_JSdHsOPPADQO@?ESGD?H_U?g?`Sd@@,21,57,6,8.0949040082,2.0949040082,1.349150668,Solved
TGoWK_JScHsOADo_CeH?UCAOHCyICDC?TO_P,21,59,6,8.0948940416,2.0948940416,1.3491490069,Solved
THO\MagE?DchoDE_Wa?BBPAEg?G_SgF_??Db,21,60,6,8.0948940113,2.0948940113,1.3491490019,Solved
THO\I_ge?EwchOs?D@_FB?Ip?OS_@W@QGBS@,21,59,6,8.0948863578,2.0948863578,1.3491477263,Solved
T@?WC_JhMcT?SdXOY??QoG_KCkGCBiMGAGAB,21,59,6,8.0948577236,2.0948577236,1.3491429539,Solved
TGoH?_J@Gc@Jh@scUA?M@G@U@OKHOQcCL?iO,21,58,6,8.0948506539,2.0948506539,1.3491417756,Solved
THoWK_JSdHsOADc??ChCEOQGdOa@EMG@_Y?I,21,59,6,8.0948340149,2.0948340149,1.3491390025,Solved
T@O[IagWa`PBGPe??`WCUx?CbC_B_Q@?gYAB,21,59,6,8.0948208747,2.0948208747,1.3491368125,Solved
THOGK_HhMCT??t@JI?\S@OOS?cgooUd??cAD,21,59,6,8.0948198634,2.0948198634,1.3491366439,Solved
THO\M_geAC_hsGI??YGBQ_@PCOWs?p?KKCg`,21,59,6,8.094819035,2.094819035,1.3491365058,Solved
T@oWK_HS_HSO_EE@GgH@`sa?jAAGGJDC?@XB,21,57,6,8.0948119399,2.0948119399,1.3491353233,Solved
T@O[MaGGad[_IA?TKSC?FEDC@AmG_HJ?_I@D,21,59,6,8.0948105479,2.0948105479,1.3491350913,Solved
THOXK_J?Kc@JhHsCTAAA_?AkADLO?i`@GD@J,21,60,6,8.094809716,2.094809716,1.3491349527,Solved
THO\I_ge?FwcHOIA??wH`E_GBDO?c[`@F?@W,21,59,6,8.0947970516,2.0947970516,1.3491328419,Solved
THO\I_ge?FWchOOCaCGQ@?Fc_LOJ_E?PCY@H,21,60,6,8.0947845669,2.0947845669,1.3491307611,Solved
TGOWC_JHKc@JhHocT??_FIoEOOG?JI@OdF?_,21,58,6,8.0947828508,2.0947828508,1.3491304751,Solved
TGOWK_JScHsOPOs_CCOOZaCG`HIE?o`GEgQ@,21,59,6,8.094781158,2.094781158,1.349130193,Solved
T@OWE_JhMcD??t@JGQLODp`AOC_GOg_EOb?B,21,59,6,8.0947742023,2.0947742023,1.3491290337,Solved
THOXK_J?Ec@JhHsCT?AI_CGKADLO_II?C?It,21,59,6,8.0947722377,2.0947722377,1.3491287063,Solved
THOLI__e?FwcaW_?BO`IbDGOAUHQAM?@CSI@,21,59,6,8.0947602893,2.0947602893,1.3491267149,Solved
THOXM_B`KcT??p@JW?Gp@AE_c?Y?WHOe?Q?j,21,58,6,8.094752051,2.094752051,1.3491253418,Solved
THOWG_JScHoOPPs_CCOOZaCG_HMI?dU???SF,21,58,6,8.0947499679,2.0947499679,1.3491249947,Solved
THO\M_ge?EO?_G?[D@w`WH?tQBAGc_QGPCk?,21,58,6,8.0947471153,2.0947471153,1.3491245192,Solved
THOX?_J@Cc@JhHscTA?M@Po@?w?_GY?oah?B,21,58,6,8.0947395896,2.0947395896,1.3491232649,Solved
THoWM_BSdGsOATs?CEGCU?IoWCOI@LC?TC_P,21,59,6,8.0947341829,2.0947341829,1.3491223638,Solved
THoWK_JOCHsOPPATCCYcQ__Gd?A`GSC`KGQK,21,59,6,8.0947271365,2.0947271365,1.3491211894,Solved
T?O[M_gW_`S_Io?FgPCo`@WV?IGdGKHB?HOB,21,59,6,8.0947070871,2.0947070871,1.3491178479,Solved
THoOC_JScHcOPPATGX@@E_?Ke@MK?_@gSWAd,21,59,6,8.0947043789,2.0947043789,1.3491173965,Solved
THOWC_JSDGcOPPc_cCGQX_DHE?WM`@O?UO_D,21,57,6,8.0946950572,2.0946950572,1.3491158429,Solved
T@?WC_JhMcT?SdXOYC?Q_G_KCkGCBiMGAGAA,21,58,6,8.0946920191,2.0946920191,1.3491153365,Solved
THoWG_ISDGsOPPATYO@@F_oE__?OcYGGW@Gb,21,58,6,8.0946862363,2.0946862363,1.3491143727,Solved
THoWM_H?dGsO?To_ccI?hCIUOOa@WHGCWI?R,21,59,6,8.0946806284,2.0946806284,1.3491134381,Solved
T@OLEageAC_hp?x?@WG@d@oCgIG`PB?gSQDS,21,60,6,8.0946801194,2.0946801194,1.3491133532,Solved
THO\M?geAC_lsGEQY?_GcG?[IEKHOGF_O_@q,21,61,6,8.0946782416,2.0946782416,1.3491130403,Solved
THoXE_J@Mc@AOcgHsA?oD?p@C_gGQOMGa_AF,21,59,6,8.0946751799,2.0946751799,1.34911253,Solved
THOWK_JOd?cOPPATOOH@ds@Ec`?SOO_gL?g`,21,58,6,8.0946733953,2.0946733953,1.3491122326,Solved
THOXK_J?Mc@JhHsCTAAI_C?kADLO_?@PGB?J,21,59,6,8.0946634621,2.0946634621,1.349110577,Solved
THOXK_J?Mc?JhHsCT?AI_CGKADLO_??ThB?J,21,59,6,8.0946633504,2.0946633504,1.3491105584,Solved
THOWG_JSCH_OPPs_CCOOZaCG`HMI?dU???sF,21,58,6,8.0946580845,2.0946580845,1.3491096807,Solved
THO\EagE?DchoDA__MIG@CAU_OIGPGSGC@`T,21,59,6,8.0946572023,2.0946572023,1.3491095337,Solved
T@OWK_JhMcT?SdPOYC?Q_G_K?kGCBjI?IGBH,21,60,6,8.0946507818,2.0946507818,1.3491084636,Solved
T@OWM_BGEC@AhHscTO?`P@SDQCKH_GAJCgGH,21,58,6,8.0946487468,2.0946487468,1.3491081245,Solved
THoWC_JS`HcOPOPoQOOQhGGU?SM`G?ORGAAJ,21,59,6,8.0946478748,2.0946478748,1.3491079791,Solved
THOWG_JScHoOPPS_CCOOZaCG_HMI?dU???Sf,21,58,6,8.0946418818,2.0946418818,1.3491069803,Solved
THoGK_JSdHsO@OC_GHgOdOG_CS@@EKc?s_@[,21,57,6,8.0946322339,2.0946322339,1.3491053723,Solved
T@OHMa_eEGGUAos_?kHOXWCgOgCGGWE_g_JB,21,60,6,8.0946289864,2.0946289864,1.3491048311,Solved
THO\M?geAC_lsGEQY?_IcG?[GEKHOGF_O_@q,21,61,6,8.0946133593,2.0946133593,1.3491022265,Solved
THoWC_JScHcOPPATGX@@E_?Ke@MK?_@gSWAd,21,60,6,8.0946012952,2.0946012952,1.3491002159,Solved
THO\MagE?DchoDA_Wa?BBPAEg?G_SGF_G?Db,21,59,6,8.094595856,2.094595856,1.3490993093,Solved
THOWK_JScHsOPPs_CC?OZaCG_JIE?oO_GOcB,21,58,6,8.094592157,2.094592157,1.3490986928,Solved
TH?XA_J@Mc?BhHocTA?M@CHSJCD?_goID?Al,21,60,6,8.0945841239,2.0945841239,1.349097354,Solved
THOWE_JhMcD??t@JGQLO@p_AOc_GOg_EOb?B,21,59,6,8.0945791013,2.0945791013,1.3490965169,Solved
T@OWC_J@Ec@JhHsCT?A_dXO?_wCS?yM???dh,21,59,6,8.0945766736,2.0945766736,1.3490961123,Solved
THOXK_J?Ec@JhHsCTAAI_?AcADII_DO?SO_t,21,59,6,8.0945738035,2.0945738035,1.3490956339,Solved
THOX?_J@Cc@JhHscTAAM?`o@?w?_DY@oQ_CP,21,59,6,8.0945708778,2.0945708778,1.3490951463,Solved
THOGK_JOdHsOPOATYOH@EaCCOMKo_aE?K?ah,21,60,6,8.0945612571,2.0945612571,1.3490935428,Solved
T@?WK_JhMcT?SdPOYC?QoG_K?kGCBjI?IGBG,21,59,6,8.094559202,2.094559202,1.3490932003,Solved
THOWG_JOdHsOPOs_C?WAX`KIiA?`K??A{HS@,21,58,6,8.0945543322,2.0945543322,1.3490923887,Solved
THoWC_JScHsOPPPoOO@H`A@S_GccCQ`H?GOF,21,58,6,8.0945514286,2.0945514286,1.3490919048,Solved
THOXM_BHMCT??p@HW?Wp@AE_B@X?UC`?T?SD,21,58,6,8.0945490775,2.0945490775,1.3490915129,Solved
THOX?_J@Cc@JhHscTA?M@Po@?w?_GY@oah?B,21,59,6,8.0945449116,2.0945449116,1.3490908186,Solved
THoWM_JOd@oO?@HSgcOsC_?[GSGIOlC@DOcH,21,59,6,8.0945437325,2.0945437325,1.3490906221,Solved
T@OLMageA?_ld?X?IS?AbIQ_?Dj?CgSG_SgB,21,59,6,8.094537209,2.094537209,1.3490895348,Solved
TGoWI_B@Ec@JhHsCUACI?O_kaD?@PhQ_Cw_O,21,59,6,8.0945368729,2.0945368729,1.3490894788,Solved
THO\I_ge?FWchOOEaSIG__WSY?G?DlOOC@S`,21,60,6,8.0945244345,2.0945244345,1.3490874057,Solved
THOWG_JSdHsOP@ATWOH@Da_COalGAIAOOGOR,21,59,6,8.0944977291,2.0944977291,1.3490829548,Solved
THO\M?geAC_lsGEQW?_IcG?[IEKHOGF_O_@q,21,61,6,8.094495785,2.094495785,1.3490826308,Solved
THOWK_JOcHsOPPATWOH?De_COq`GAI?OSHOP,21,58,6,8.0944953581,2.0944953581,1.3490825597,Solved
TH?LMagE?C_dAAS`_[T?C?C^CAHQOO_HlCgO,21,58,6,8.09448693,2.09448693,1.349081155,Solved
THoWK_BScGsOATc_CeH?U?PKW_HCCMH?d?l?,21,59,6,8.0944848289,2.0944848289,1.3490808048,Solved
TGoWM_B?Kc?BSchHsa?p@PC?ACXOoGADSiC@,21,57,6,8.094482805,2.094482805,1.3490804675,Solved
THoGK_JSdHsOATc??ChCEOQGdOa@EMG@_Y?I,21,59,6,8.0944803782,2.0944803782,1.349080063,Solved
T@O[IagWa`PBGPe??`WCUx?CbC_B_QH?gYAB,21,60,6,8.0944795458,2.0944795458,1.3490799243,Solved
THOXK_J?Mc@JhHsCTAAI_C?kADLO_G@PGB?I,21,59,6,8.0944786949,2.0944786949,1.3490797825,Solved
THoWC_JS@HSO_AE@ggHSC?VFQ?K@`?Eq?CEF,21,58,6,8.0944650471,2.0944650471,1.3490775078,Solved
THOXK_J?AC@JhHscD?AI_CAmgWAI`CCGCO_p,21,58,6,8.0944623384,2.0944623384,1.3490770564,Solved
THoWM_JSd@sO?@HSg_OsC_?SGSGIOlC@DOcH,21,59,6,8.094446722,2.094446722,1.3490744537,Solved
THOWK_JOcHsOPPATWOH@EaCDOcGoD@I@QA?V,21,60,6,8.0944423577,2.0944423577,1.3490737263,Solved
THOXK_J?IC@JhHscT?AI_C?mgWAI`?CGSOg_,21,58,6,8.0944419249,2.0944419249,1.3490736542,Solved
THOWG_JSdHsOPOs_C?WQX`KIiA?`K???{HS@,21,59,6,8.0944373705,2.0944373705,1.3490728951,Solved
THO\MagC?DchoDA_CiK?iCGpC?S_QI?PoJA@,21,59,6,8.0944343858,2.0944343858,1.3490723976,Solved
TGoWK_BSdHsOPP__IC`QbM?O?sA?QGCDUc?D,21,58,6,8.0944327959,2.0944327959,1.3490721326,Solved
THOXG_J?Mc@BhHsCTAAI_C?kADII?GEIQg?B,21,58,6,8.0944234188,2.0944234188,1.3490705698,Solved
THOXM_BhKCT??t@HW?XOPOE@?BCs?WGGwWgC,21,58,6,8.094417851,2.094417851,1.3490696418,Solved
THO\I_ge?Fwc_OOgq@GAiA?K_UHOSa_?SD_d,21,60,6,8.0944032568,2.0944032568,1.3490672095,Solved
T@OWK_JhMcT?SdXOYC?Q_G_G?lCOCYIGO_?r,21,59,6,8.0944017019,2.0944017019,1.3490669503,Solved
T@OWK_JhMcT?SdXOY??QoG_K?lCOCOC@hDCB,21,59,6,8.0944008355,2.0944008355,1.3490668059,Solved
THoWC_JSdHsOPP@TS?IcP?CgHC]K?G`CCi@@,21,60,6,8.0943961879,2.0943961879,1.3490660313,Solved
THoOC_JScHcOPPATGX@@Ec?Ke@MK?_@gSWAd,21,60,6,8.0943908658,2.0943908658,1.3490651443,Solved
THoWC_JScHcOPPATGX@@Ec?Ke@MK?_@gSWAd,21,61,6,8.0943871842,2.0943871842,1.3490645307,Solved
T@oWM_JSc@oOISSBSeBCOCHCCBNC?GIW?G@p,21,59,6,8.0943687342,2.0943687342,1.3490614557,Solved
THOPG_J?McT?p??FwaAEAeCCBU@ABOo@gCkB,21,59,6,8.0943662009,2.0943662009,1.3490610335,Solved
THOXK_J?Mc@JhHsCTAAI_?AkADLO?A`@GB?J,21,59,6,8.0943545547,2.0943545547,1.3490590924,Solved
T@OWK_JhMcT?SdXOYC?QoG_K?lCOCPC@`DCB,21,60,6,8.0943442324,2.0943442324,1.3490573721,Solved
THOX?_B@Cc@JgHscTAAM@OM?YAIAoLG?O?`b,21,58,6,8.0943404989,2.0943404989,1.3490567498,Solved
TH_OC_JSdHsOP@h_?CWo@POC@JOWgHUCBO?b,21,58,6,8.0943318339,2.0943318339,1.3490553057,Solved
THOXM_BhKcT??t?HY?XOPOAoCcWIAa?oMY?G,21,60,6,8.0943316345,2.0943316345,1.3490552724,Solved
THoWC_JSdHsOPPh_?AY`HOq?_?k`CGI_GGCJ,21,59,6,8.0943262919,2.0943262919,1.349054382,Solved
THO[I__e?FwcaWsATG?Cc?@[C`os?H?[CDOH,21,59,6,8.0943188655,2.0943188655,1.3490531442,Solved
THOXC_@hMcT??t@JI?\O@?QCOaOSa]G?WAcg,21,59,6,8.0943132554,2.0943132554,1.3490522092,Solved
THoWC_JSdHcOPPATGX@@Ec?Ke@MG?_@gSGAd,21,60,6,8.0943047136,2.0943047136,1.3490507856,Solved
THOXK_J?Mc?JhHsCTAAI_?AkADDO_I`@GB?J,21,59,6,8.0942955279,2.0942955279,1.3490492547,Solved
THOXK_J?IC@JhHscT?AI_C?mgWAI`?CGSOg`,21,59,6,8.0942904395,2.0942904395,1.3490484066,Solved
THOWC_JSdHsOATc??ChCEOQGdOa@EMG@_Y?I,21,58,6,8.0942887805,2.0942887805,1.3490481301,Solved
TGOXMagE?C_L_AHSICX_Kp@?Bo[ChCSA_oAI,21,59,6,8.0942877293,2.0942877293,1.3490479549,Solved
THOWK_JOcHsOPPATWOH@De_COq@GAI?OSHOP,21,58,6,8.0942783379,2.0942783379,1.3490463897,Solved
THoWC_JCdHsOP@h_?EGOHPoCBIO`Ee_@GGSB,21,59,6,8.0942763035,2.0942763035,1.3490460506,Solved
THO\MagE?DchoDA_Wa?BBPAEg?G_SGF_G?Dj,21,60,6,8.0942657499,2.0942657499,1.3490442916,Solved
THOPG_HGMcT?pG?FwaAEAeCCBU@AAOo@gCkB,21,59,6,8.0942619687,2.0942619687,1.3490436615,Solved
THOWM_JOdGcOADs_scO?QE_L?kGI?g`gagOA,21,59,6,8.0942561417,2.0942561417,1.3490426903,Solved
THOWM_BhMCP??t@JG?\S@cGGHWGpOAGCSACe,21,59,6,8.0942538238,2.0942538238,1.349042304,Solved
THoWC_BSDHcOADs_ccS?hE?C@LKC`HECPCcA,21,58,6,8.094246694,2.094246694,1.3490411157,Solved
TGoWK_BSdHsOPP__iC`QbM?O?sA_QGC@Uc?D,21,59,6,8.0942448519,2.0942448519,1.3490408087,Solved
THoWC_JSdHsOP@h_?EGOHPoCBIO`E_QgEO?g,21,59,6,8.0942329373,2.0942329373,1.3490388229,Solved
THO\I__e?FwcaWsATG?Cc?@[Y_H?SGJ_??Dr,21,60,6,8.0942056573,2.0942056573,1.3490342762,Solved
THO\M__e?FocOG?BCaWcCAWKYBAG_P?GmG`O,21,58,6,8.0942043075,2.0942043075,1.3490340512,Solved
THOXI_JhMCD??tc?_ha@BI?WCIY@IKC?_OOJ,21,58,6,8.0941914805,2.0941914805,1.3490319134,Solved
TGoOK_JCdHSOOPgKB@QGJB?o@W]C@?`GKkO@,21,58,6,8.0941907107,2.0941907107,1.3490317851,Solved
THoWM_GSdHsOAD_??ehCEOBQO_XGCGU?TA`A,21,58,6,8.0941902829,2.0941902829,1.3490317138,Solved
THOWK_JOdHsOP@ATYOH?Da_Ec@AAWOO_kOaK,21,59,6,8.0941902226,2.0941902226,1.3490317038,Solved
THO\M_ge?Eo?_??[D@w`WH?tQBAGc_QGTCk?,21,59,6,8.0941883926,2.0941883926,1.3490313988,Solved
THOXG_J?EC@JhHscDAAI_CMA_CWAFUI_?O_d,21,59,6,8.0941882827,2.0941882827,1.3490313805,Solved
TGOWK_HOdHsOATS??ehCEeCCB@I`Gc?DKq_@,21,58,6,8.0941815779,2.0941815779,1.349030263,Solved
THO\A_ge?FWCh?O?aOG?|iOG@qeG?gsICCTG,21,59,6,8.0941796672,2.0941796672,1.3490299445,Solved
T@OWM?JGEC@AhHscTO?`P@SDQCKH_GAJCgGH,21,58,6,8.0941688777,2.0941688777,1.3490281463,Solved
THOXK_J?Mc@JhHsCTAAI?C?cADII_?@P_g@J,21,58,6,8.0941610385,2.0941610385,1.3490268397,Solved
THOXK_HhMcT??t?JI?YIAAEEA?IIAG`Cg_?j,21,59,6,8.094159088,2.094159088,1.3490265147,Solved
THOWG_JOdHsOPOs_C?WQX`KIi??`K??A{HS@,21,58,6,8.0941565804,2.0941565804,1.3490260967,Solved
THoGK_JSDHsOPPATYOH@D_CD@G?sCH@ASSCD,21,59,6,8.0941560652,2.0941560652,1.3490260109,Solved
T@OWC_J@Ec@JhHscTOA_dX??_wCS?yM???Dh,21,59,6,8.0941313353,2.0941313353,1.3490218892,Solved
THO\M_ge?Foco?HOd@odC?DTOGI?g?BCS?@u,21,59,6,8.0941288872,2.0941288872,1.3490214812,Solved
THOHM_J@Gc@JOch@sA?oD?IWd?MCGs@OiWAC,21,59,6,8.0941154592,2.0941154592,1.3490192432,Solved
THO[MagCADchODC__kHC`s?CGCGFCLG_?GHR,21,58,6,8.0940955545,2.0940955545,1.3490159257,Solved
THoWC_JSdHcOPPATGX@@Ec?Ke@MK?_ODG?cJ,21,60,6,8.0940950754,2.0940950754,1.3490158459,Solved
THOWE_AGKcT?pG?Ewa?sB?t_f@?`HGJI?_?Z,21,58,6,8.0940817516,2.0940817516,1.3490136253,Solved
THoOK_JOd@cOPPADQOHHA_DCWIGE?H@DTCKA,21,57,6,8.0940768764,2.0940768764,1.3490128127,Solved
TH?XA_JhMcT??tC?_`a@B`oFE???b\AB?WAT,21,59,6,8.0940726849,2.0940726849,1.3490121142,Solved
THOXM_B`K_T??p@JW?Wp@AE_d?Y?WH?e?Q?j,21,58,6,8.0940564886,2.0940564886,1.3490094148,Solved
THOXA_JhMCT??t_?_`a@B`oCh@_oSUc?G?dB,21,59,6,8.094056198,2.094056198,1.3490093663,Solved
THOXMagE?DchoDE_Wa?BBPAEg?G@J?_SgBOJ,21,60,6,8.0940448346,2.0940448346,1.3490074724,Solved
T@OWK_JhEcT?SDXOYC?O`@RDBCO@UHO?SABP,21,59,6,8.094043814,2.094043814,1.3490073023,Solved
THOXK_J?IC@JhHscT?AI_CAmgWAI`?CGSOg_,21,59,6,8.0940307856,2.0940307856,1.3490051309,Solved
THOXM_B`KcT??p@JW?Wp@AE_d?Y?WH?e?O?j,21,58,6,8.0940293292,2.0940293292,1.3490048882,Solved
THOWK_JOdHcOPPATSOMHAE@?Oa`?csO?L@Gg,21,58,6,8.0940232772,2.0940232772,1.3490038795,Solved
THOXA_JhMCT??t_?_`a@B`oCh@_oSUc@??dB,21,59,6,8.0940162413,2.0940162413,1.3490027069,Solved
THOXM_BhKcT??t?HY?XOPOAoCcWIAa?oMI?@,21,59,6,8.0940075635,2.0940075635,1.3490012606,Solved
TGoOG_BOdGsO?Tc?_EGQHpGciAeI@?CQcWc@,21,56,6,8.0940034626,2.0940034626,1.3490005771,Solved
THoWC?JSdHsO@Pg_@AYM@C@DC`I?UPU?QO?f,21,60,6,8.0939962903,2.0939962903,1.3489993817,Solved
THOGK_HhMCT??t@JI?\S@OOSAcgooUd??c?D,21,59,6,8.0939867465,2.0939867465,1.3489977911,Solved
THOXK_J?Ec@JhHsCTAAI??AkADII_DO?CO_T,21,57,6,8.093974618,2.093974618,1.3489957697,Solved
THoWC_JSdHsOADc??ChCEOQGdO_@EMG@_Q?J,21,57,6,8.0939616902,2.0939616902,1.348993615,Solved
THoWC_JSdHsOPPh_?AY`HOq?g??I_KcCG?Cj,21,58,6,8.0939599912,2.0939599912,1.3489933319,Solved
THOXK_J?Ec@JhHsCTAAI??AkADII_DO?SO_T,21,58,6,8.0939590833,2.0939590833,1.3489931806,Solved
THoWC_JSdHcOPPATGX?@Ec?Ke@MG?_@gSWAd,21,60,6,8.0939491136,2.0939491136,1.3489915189,Solved
THO\I_ga?FwchO?_r@I?a_GC`TI`a??SSJ?P,21,59,6,8.09394815,2.09394815,1.3489913583,Solved
T@OLM_geAC_lcGiA?]?GFw?CYCI@_gISD?F_,21,60,6,8.0939436707,2.0939436707,1.3489906118,Solved
TGoWK_BSdHsOPP__iC`QbM?O?sA?QGCDUc?D,21,59,6,8.0939358642,2.0939358642,1.3489893107,Solved
TGoWI_B@Ec@JhHsCUACI?O_kaD?@PgQ_Sw_O,21,59,6,8.0939260736,2.0939260736,1.3489876789,Solved
THOWM_BOd?sOATc_s_OCPGKOHC[p?aGGp?hC,21,58,6,8.0939146586,2.0939146586,1.3489857764,Solved
THO\A_ge?FW_hOsGA@oCb?XEg?_SEOAgLCGK,21,59,6,8.0938948147,2.0938948147,1.3489824691,Solved
THoOM_JO@HSO_EA__Hg`DhKOO\@O`CC?kDEA,21,58,6,8.0938863342,2.0938863342,1.3489810557,Solved
THOXM__E?Fwc?peASaA@FegA?OOBAHOCH??j,21,58,6,8.0938860657,2.0938860657,1.348981011,Solved
THoWM_B?Kc?BSchHsa?p@PC?ACXOoGACSiC@,21,57,6,8.0938744001,2.0938744001,1.3489790667,Solved
T@OWMAgWac?B@Pe@RAQCBHQCPcPU?EG?K?rH,21,59,6,8.0938739061,2.0938739061,1.3489789844,Solved
THOWG?JSdHsOPPs?CCIIHACib?GCQoQi?OAF,21,59,6,8.0938721593,2.0938721593,1.3489786932,Solved
THOXK_J?Ec@JhHsCTAAI??AkADII_DO?CO_t,21,58,6,8.0938684711,2.0938684711,1.3489780785,Solved
THO\M?geAC_lSGEQY?_GcG?[IEKHOGF_??@r,21,59,6,8.0938556365,2.0938556365,1.3489759394,Solved
THO\M?geAC_lSGEQY?_GcG?[IEKHOGF_?_@r,21,60,6,8.0938555665,2.0938555665,1.3489759278,Solved
T@OWMAgWac?B@Pe@RAQCBHQCPcPUGEG?C?rH,21,59,6,8.0938546988,2.0938546988,1.3489757831,Solved
T@OWK_JhMcT?SdXOYC?Q_G_K?lCOCOC@hDCB,21,59,6,8.0938498503,2.0938498503,1.348974975,Solved
THOWK_JOdHcOPPATSOMHAE@?Oa`?csO?L@Gh,21,59,6,8.0938462714,2.0938462714,1.3489743786,Solved
T@O[MagWAdPBGPp?bOOJ`GpOYPD??gGCC?oh,21,60,6,8.09384617,2.09384617,1.3489743617,Solved
THO\M?geAC_lSGEQW?_IcG?[IEKHOGF_?_@r,21,60,6,8.0938420261,2.0938420261,1.348973671,Solved
T@OWC_J@Ac@BhHscTOA_dX??_wCS?yM???dh,21,58,6,8.0938394289,2.0938394289,1.3489732382,Solved
THO\M?geA?_laAS@_cOCbHOe?gGfO@?bGWCS,21,59,6,8.0938361615,2.0938361615,1.3489726936,Solved
THO\M?geAC_lSGEQY?_GcG?[IEKHOGF_O_@r,21,61,6,8.0938078443,2.0938078443,1.348967974,Solved
THoWC_JSdHsOP@h_?EWO@POCBIO`E_QgFO?d,21,60,6,8.0937950328,2.0937950328,1.3489658388,Solved
THoWM_JSd@sO?@HSgcOsC_?SGSGIOlC@COcH,21,59,6,8.0937920033,2.0937920033,1.3489653339,Solved
THoGG?JOcHsOATs_wg?`HgSCZ??ig@@DD?GT,21,59,6,8.0937815985,2.0937815985,1.3489635998,Solved
TGOWC_JHMc@JhGsCTOAI@?@VE?HU?O__KAF@,21,58,6,8.0937620093,2.0937620093,1.3489603349,Solved
THoWE_BSDHcOACs_ccS?hEGC@LKC`HECPCcA,21,59,6,8.093761274,2.093761274,1.3489602123,Solved
THO[M__e?Fwcs??O@@TG@SgSgJ?EHG@cca@_,21,58,6,8.0937504234,2.0937504234,1.3489584039,Solved
THoWC_JSdHsOP@h_?EWOHPOCBIO`E_QgEO?h,21,60,6,8.0937362347,2.0937362347,1.3489560391,Solved
TGOWK_JScHsOPPs_CCOOZaCG`HIE?o`GEgQ@,21,60,6,8.0937329471,2.0937329471,1.3489554912,Solved
THOXM_B`KcT??p@JW?Gp@AE_d?Y?WH?e?Q?j,21,58,6,8.0937245046,2.0937245046,1.3489540841,Solved
THOKMa_EADchoDC__kHC`aATS_OVC@G_U?CD,21,60,6,8.0937236046,2.0937236046,1.3489539341,Solved
THoWA?JOdHc?ATs_SW?HhP`?WOK`COM?C?HT,21,57,6,8.093713023,2.093713023,1.3489521705,Solved
T@OWC_J@Ec@JhHsCT?A_dXO?_OCS?yM?G?Dh,21,57,6,8.0937053325,2.0937053325,1.3489508888,Solved
THoWK_GSdHsO?Tc??ehCEOBQO_XGCGU?TA`A,21,58,6,8.0936948441,2.0936948441,1.3489491407,Solved
T@OWC_J@Ec@JhHsCT?A_dXO?_WCS?yM?G?Dh,21,58,6,8.0936910126,2.0936910126,1.3489485021,Solved
T@ODKAgeA?_lt?Aoch?@bs@DR?RI_?@QCGED,21,58,6,8.0936852851,2.0936852851,1.3489475475,Solved
TGOXA_J?M_?JSChHsa@o_A@jA?WED_HOU`O@,21,58,6,8.0936565711,2.0936565711,1.3489427619,Solved
THOWE_JHAc@JhHScTO@M???{?wKcGK?O`C?J,21,58,6,8.0936412373,2.0936412373,1.3489402062,Solved
T@oWE_JSd@sO@HH_WOOAiE?M?RGMOQGWG_?r,21,59,6,8.0936294551,2.0936294551,1.3489382425,Solved
THO\M_geAC_lsGI??YWBQ_@PCOWs?O?KKcG`,21,59,6,8.0936212281,2.0936212281,1.3489368714,Solved
THO[I__e?FwcaWsATG?Cc?@[C`os?H?[CDoH,21,60,6,8.0935986434,2.0935986434,1.3489331072,Solved
THOXK_J?Mc?JhHsCT?AI_CGGADLO_G?ThB?J,21,59,6,8.0935938096,2.0935938096,1.3489323016,Solved
THO\I__e?FwcaWsATG?Cc?@[Y?HGSGJ_O?Dq,21,60,6,8.0935928244,2.0935928244,1.3489321374,Solved
THO\M?geAC_lsGEQY?_GcG?[GEKHOGF_??@r,21,59,6,8.0935859305,2.0935859305,1.3489309884,Solved
THO\I_ge?FWchOOEaSIGo_WSY?G?DlOO?@S`,21,60,6,8.0935786282,2.0935786282,1.3489297714,Solved
THO[I__e?FwcaWsATG?Cc?@[?`os?X?[CDoH,21,60,6,8.0935735317,2.0935735317,1.3489289219,Solved
THOLA__e?FwcaW_?BO`IbDGOAUHQAM@@CSI@,21,59,6,8.093563894,2.093563894,1.3489273157,Solved
THoGG?JOCHsOADs_wg?`HhSCZ??ig@@DD?GT,21,58,6,8.093554691,2.093554691,1.3489257818,Solved
THOGK_JOdHsOPOATYOH@EaCCOMKo_aE?K?ch,21,60,6,8.0935393059,2.0935393059,1.3489232177,Solved
THOXC_J?Mc@JhHsCTAAI_C?cADGHOLO_TB?g,21,59,6,8.0935334151,2.0935334151,1.3489222359,Solved
THOWE_JHAc@JhHScTO@M???{?wKc?K@O`C?J,21,58,6,8.0935063981,2.0935063981,1.348917733,Solved
T@O\I?ge?Fwc`OOGq@GAiA_K_UHOSa_?SD_D,21,58,6,8.093503281,2.093503281,1.3489172135,Solved
THOXC_JhMcD??t@JI?XO@?JDD?KS?MKG??PR,21,58,6,8.0934998215,2.0934998215,1.3489166369,Solved
THoWC_JSdHsOPPADQ?@?FPGCf??@FIAR?Q?J,21,58,6,8.09349714,2.09349714,1.34891619,Solved
THO\MagC?DchoDE_wA?BBPAEg?G_SgF_G?Dh,21,60,6,8.0934843583,2.0934843583,1.3489140597,Solved
THOXK_J?Ec@JhHsCTAAI??AkADII_DO?SO_t,21,59,6,8.093474188,2.093474188,1.3489123647,Solved
THO\M?geAC_lsGEQY?_GcG?[GEKHOGF_?_@r,21,60,6,8.0934726762,2.0934726762,1.3489121127,Solved
THO\EagE?DchoD?__MMG@CAU_OIGPGSGC@`T,21,59,6,8.0934645666,2.0934645666,1.3489107611,Solved
THOXMagE?DchoDA_wa?BBPAEg?G_SgF_??Db,21,59,6,8.0934629342,2.0934629342,1.348910489,Solved
THOXI_JhKcT??t?HY?XOPOCOD@OHGq?SMY?G,21,59,6,8.0934409116,2.0934409116,1.3489068186,Solved
THOXG_J?Mc@BhHsCTAAI_C?kADII_GEIAg?B,21,58,6,8.0934391433,2.0934391433,1.3489065239,Solved
THOWK_J?Mc@BhHsCTAAI_??kADII_GEJAg?B,21,58,6,8.0934373918,2.0934373918,1.348906232,Solved
THOWE_AGMcT?pG?Ewa?sA?t_f@?`HGJI?_GJ,21,58,6,8.0934192771,2.0934192771,1.3489032129,Solved
THO\M?geAC_lsGEQY?_GcG?[IEKGOGF_??@r,21,59,6,8.0934175464,2.0934175464,1.3489029244,Solved
THOXK_J?Mc?JhHsCTAAI_C?gADLO_AE?S?hp,21,59,6,8.0934096443,2.0934096443,1.3489016074,Solved
THOWMagEEGGUAqo_?gD?LGUQaO_`EGO?sOg`,21,59,6,8.0934089876,2.0934089876,1.3489014979,Solved
THOW?_JhMcT??t?JA?\S@OOSEC_s_PAONCA@,21,58,6,8.0934069297,2.0934069297,1.3489011549,Solved
THOXK_J?IC@JhHsCD?AI_C?mgWAI`CCGS?ho,21,58,6,8.0934023849,2.0934023849,1.3489003975,Solved
THO\EagE?DchoDE_ga?BBPAEg?G@BG_SgBOI,21,59,6,8.0933961707,2.0933961707,1.3488993618,Solved
THOWI?JSCHsOAT@OYCKe?ABU_a@?TcOaCQ?L,21,58,6,8.0933854721,2.0933854721,1.3488975787,Solved
THO\M?geAC_lsGEQW?_IcG?[GEKHOGF_?_@r,21,60,6,8.0933668085,2.0933668085,1.3488944681,Solved
TGOWM_JOd@sOATc??ehCESH?wOCGCQCQC@?t,21,57,6,8.0933569216,2.0933569216,1.3488928203,Solved
T@OW?_JScHsOPPs_CCWAYaCGbGLOcA_?nd??,21,58,6,8.0933537177,2.0933537177,1.3488922863,Solved
THoOK_JOd@cOPPADYOHHA_DCWIGE?H@DTCKA,21,58,6,8.0933534361,2.0933534361,1.3488922393,Solved
T@OWC_JhMcT?SdXOY??QoG_KCkGCBiM?AGAB,21,59,6,8.0933510536,2.0933510536,1.3488918423,Solved
T@O[CagWad[_IQ?\OaQ_BApDF_?sADG?_?ON,21,60,6,8.093335781,2.093335781,1.3488892968,Solved
THOLI__e?FwcaW_ABO`IbDGOAUGQAM?@CSI@,21,59,6,8.0933329217,2.0933329217,1.3488888203,Solved
THoWK_JS@HS?_AE@ggHSD?VFQ?H@`?Eq?CEF,21,59,6,8.0933196449,2.0933196449,1.3488866075,Solved
THO\M?geAC_lsGEQY?_Ic??KBo?OKX?BiCgG,21,59,6,8.0932952464,2.0932952464,1.3488825411,Solved
THoWC_JScHsOPPATGX@@E_?Ka@MK?_@gSWAd,21,60,6,8.0932938253,2.0932938253,1.3488823042,Solved
THoWC_BSDHcOPPc_cCGQX_CHE?WM`@OAUOcD,21,59,6,8.0932929166,2.0932929166,1.3488821528,Solved
THoOC_JSdGsOPPATGX@@Ec?Ke@MK?_ODG?cJ,21,59,6,8.0932847551,2.0932847551,1.3488807925,Solved
T@ODKAgeAC_lt?Aoch?@bs@DR?RG_?@QCGED,21,58,6,8.0932816468,2.0932816468,1.3488802745,Solved
THOXK_J?EC@JhHscT?EG_?I[Ow@Q_OC?lDO_,21,59,6,8.0932790331,2.0932790331,1.3488798389,Solved
THOXMagE?DchoDE_wa?BBPAEg?G_SgF_??Db,21,60,6,8.0932787147,2.0932787147,1.3488797858,Solved
T@OWC_J@Ec@JhHsCT?A_dXO?_wCS?yM?G?dg,21,59,6,8.093270551,2.093270551,1.3488784252,Solved
THO\I_ge?EwchOs?D@_FB?Ip?OS_@W@QGBCH,21,59,6,8.093269308,2.093269308,1.348878218,Solved
THOXK_J?Ec@JhHsCTAAI_CGGADLO_AI?S?It,21,59,6,8.0932640808,2.0932640808,1.3488773468,Solved
THOWK_JOdHcO@PATSOMHAe@?Oa`?csS?L@G`,21,59,6,8.0932629479,2.0932629479,1.348877158,Solved
THOWE_J@Mc?Bh@ocTA?M@CHSJCD?_goID?Ak,21,59,6,8.0932623417,2.0932623417,1.348877057,Solved
THOX?_I@Cc@BhHscTAAM@SKAh??E@O@IhCGB,21,57,6,8.093261739,2.093261739,1.3488769565,Solved
THO\I__e?FwcS??p_@sHC?sMH?_@CWoQccPA,21,59,6,8.0932568214,2.0932568214,1.3488761369,Solved
THoGG?JOdHsOADs_wg?`GhSCZ??ig@@D@?GT,21,58,6,8.0932553421,2.0932553421,1.3488758903,Solved
THO\I_ge?FwcS??p_@sHC?sMH?_@CWoQccPA,21,60,6,8.0932507926,2.0932507926,1.3488751321,Solved
THoWE_BSDHcOADs_ccS?hE?C@LKC`HECPCcA,21,59,6,8.0932459171,2.0932459171,1.3488743195,Solved
THOWE_J@Mc?Bh@ocTA?M@CHSJCD?_goAD?Al,21,59,6,8.093234853,2.093234853,1.3488724755,Solved
T@?TM?geAC_lCGAQgaUHAI@KBAK`OH?JFGA@,21,58,6,8.0932327459,2.0932327459,1.3488721243,Solved
THoWE_JSdHs?@Hh_WOOAaE?KBKHO@aKGOO`B,21,59,6,8.0932238774,2.0932238774,1.3488706462,Solved
TGoWK_HSdHsOPP_?b@`OaPGXOd@E@K?_Sq_@,21,59,6,8.0932127835,2.0932127835,1.3488687973,Solved
T@OLE_geAC_lcGx??KHGdC`ISG_N_A??{IF@,21,60,6,8.0932109935,2.0932109935,1.3488684989,Solved
T@OLEageAC_ht?x?@WG@d@oCgIGhPB?gSODC,21,60,6,8.0932054823,2.0932054823,1.3488675804,Solved
THoWK_JS@HSO_AE@ggHSC?VFQ?K@`?Eq?CAF,21,58,6,8.0932040808,2.0932040808,1.3488673468,Solved
THOWK_HhMCT??t@JI?\S@OOOAcgooU`??cGD,21,59,6,8.0932033972,2.0932033972,1.3488672329,Solved
THOWG_JScHsOPPS_CCOOZaCG_HMI?dU???SF,21,58,6,8.0932029644,2.0932029644,1.3488671607,Solved
THOWK_JOdHcOPPATSOMHAe@?Oa`?csO?L@Gg,21,59,6,8.0931980667,2.0931980667,1.3488663445,Solved
THO\M_geAC_lsGI??YWBQ_@PCOWs?O?MKcG`,21,60,6,8.0931906041,2.0931906041,1.3488651007,Solved
THOWM_JhMCT??d?IG?XQEP@OWWLC@K`COCK`,21,59,6,8.0931775562,2.0931775562,1.348862926,Solved
THoWC_JSdHsOPPh_?AY`HOQ?_?gI_kcCGG@J,21,59,6,8.0931766803,2.0931766803,1.3488627801,Solved
T@OXK_JhEcT?SDXOYC?O`@RDBCO@QHO?SABP,21,59,6,8.0931751462,2.0931751462,1.3488625244,Solved
THOXM_ge?FW_oGABCaWcE?XLCW?o[D??KBp@,21,60,6,8.0931749927,2.0931749927,1.3488624988,Solved
THOXC_J@Cc@Jh@scTAAM@OM?J?G@U_??KOc`,21,57,6,8.0931726415,2.0931726415,1.3488621069,Solved
TH?WE_J@Mc?BhHocTA?M@CHSJCD?_goAD?Al,21,59,6,8.0931700818,2.0931700818,1.3488616803,Solved
THO\MagE?DcH_DA?_MMG@CATAAi_Q?OGkD_H,21,58,6,8.0931674954,2.0931674954,1.3488612492,Solved
THoWG_HScHsOPPATQO@@FO_DCcdA_GoCS_H`,21,59,6,8.0931670979,2.0931670979,1.348861183,Solved
THO\I_ge?DWch?OAaSKQ??Fc_TOQDGJaB?GB,21,59,6,8.0931670754,2.0931670754,1.3488611792,Solved
THoWK_JS@HS?_EE@ggHSC?FFQ?L@`?Eq?CEF,21,59,6,8.093161148,2.093161148,1.3488601913,Solved
TGOWM_JOdHsOATo_cCKO`CBSOaQGGGE?UWO@,21,58,6,8.0931566991,2.0931566991,1.3488594499,Solved
THoWC_JSdHsOP@h_?EGOHPoCBIO`Ec_@GGSB,21,59,6,8.0931487172,2.0931487172,1.3488581195,Solved
T@O\I_ge?Fwc_OOGq@GAiA_K_UHOSa_?SD_d,21,59,6,8.0931393719,2.0931393719,1.348856562,Solved
TH?XI_JhMcT?C_IA?BqHMq?_B@?`@QOcID@B,21,59,6,8.0931390759,2.0931390759,1.3488565127,Solved
THoOM_JO`HSO_EA__Hg`DhKOO\?o`?IKEA?U,21,59,6,8.0931377109,2.0931377109,1.3488562851,Solved
THoWC_JSdHsOP@h_?EGOHPoCBIO`E_QgEO?c,21,59,6,8.0931326026,2.0931326026,1.3488554338,Solved
THO\I?ge?FOchO?gr@IGa?t?_?}`??OSs?\C,21,59,6,8.093131944,2.093131944,1.348855324,Solved
T@O\M_geAC_ksGw?@GOCj@IYc?_BQI??w?UB,21,59,6,8.0931316389,2.0931316389,1.3488552732,Solved
THO\M?geAC_lsGEQW?_IcG?[IEKGOGF_?_@r,21,60,6,8.0931296367,2.0931296367,1.3488549395,Solved
TGoWK_HOdHoOPP__B@`OaPGXOd@E@K?_Sq_@,21,57,6,8.0931240001,2.0931240001,1.348854,Solved
THO\M?geAC_lsGEQY?_GcG?[IEKGOGF_?_@r,21,60,6,8.0931239889,2.0931239889,1.3488539981,Solved
TGoWK_HOdHoOPP__b@`OaPGXOd@E@K?_Sq_@,21,58,6,8.0931066792,2.0931066792,1.3488511132,Solved
T@?WC_JhMcT?SdXOYC?QoG_KCkGCBiM?AGAB,21,59,6,8.0931017629,2.0931017629,1.3488502938,Solved
THoWK_JS@HSO_AE@ggHSC?VFQ?G@`?Eq?CEF,21,58,6,8.0930991326,2.0930991326,1.3488498554,Solved
THOXK_J?Mc?JhHsCTAAI_C?k?DLO_G@PgB?I,21,58,6,8.0930986997,2.0930986997,1.3488497833,Solved
TGoWK_JS@HSO_CE@ggHUC?FNQ?H@`GEq@CE@,21,59,6,8.093076136,2.093076136,1.3488460227,Solved
THOWG_JScHsOPPATWOH@Da_COalGAIAOOGOR,21,59,6,8.0930672998,2.0930672998,1.34884455,Solved
THOXK_J?Mc@JhHsCTAAI?C?cADII_?@Pgg?J,21,58,6,8.0930596225,2.0930596225,1.3488432704,Solved
THOWK_JOcHsOPPATWOH?De_COqdGAI?OSHOP,21,59,6,8.0930422014,2.0930422014,1.3488403669,Solved
THOXC_J@Cc@Jh@scTAAM@OM?JAG@U_??KOc`,21,58,6,8.0930395237,2.0930395237,1.3488399206,Solved
THOXK_J?AC@JhHscD?AI_CAmgWAI`CCGC?`t,21,59,6,8.0930363226,2.0930363226,1.3488393871,Solved
THOXK_BhKcT??t?HY?XOPOAoCcWIAa?oMI@@,21,59,6,8.0930333552,2.0930333552,1.3488388925,Solved
THOW?_JhMcT??t@JI?\S@OOOEC_s_PAONCA@,21,59,6,8.0930209181,2.0930209181,1.3488368197,Solved
TGOWM_HOdHsOASS??eh?EeCCB@I`Gc?DKq_@,21,57,6,8.0930129977,2.0930129977,1.3488354996,Solved
T@??K_JSdHsOISE_GcYWGY_AO_WIgUw???BF,21,58,6,8.0930034998,2.0930034998,1.3488339166,Solved
THoWE_BSDHcOACs_ccS?hEGC@KKC`HEC@CcB,21,58,6,8.0929874975,2.0929874975,1.3488312496,Solved
THoWC_JSdGcOPPATGX?@Ec?Ke@MK?_@gSGAd,21,59,6,8.0929854291,2.0929854291,1.3488309049,Solved
THoWC_JSdGcOPPATGX@@Ec?Ke@MK?_@gCGAd,21,59,6,8.092984123,2.092984123,1.3488306872,Solved
THOXM_B`KcT??p@JW?Gp@AEac?Y?WHOa?Q?j,21,58,6,8.0929833707,2.0929833707,1.3488305618,Solved
TH_OC_JSdHsOP@h_?EWo@POC@JOWgHUCBO?b,21,59,6,8.0929653985,2.0929653985,1.3488275664,Solved
THoWC_JSdHsOPPh_?AY`HOq?g?k_CGI_g?CJ,21,59,6,8.0929650574,2.0929650574,1.3488275096,Solved
THoWM_GSdHsO?Tc??ehCEOBQO_XGCGU?TA`A,21,59,6,8.0929574504,2.0929574504,1.3488262417,Solved
THO\M?geAC_lsGEQY?_GcG?[GEKHOGF_O_@r,21,61,6,8.0929567895,2.0929567895,1.3488261316,Solved
THO\M?geAC_lsGEQY?_GcG?[IEKGOGF_O_@r,21,61,6,8.092951162,2.092951162,1.3488251937,Solved
THOXK_J?Ec@JhHsCT?AI_CGKADLO_II?S?It,21,60,6,8.0929370003,2.0929370003,1.3488228334,Solved
THOWM_JhMCT??c?II?XQEP@OWWLC@K`COCK`,21,59,6,8.0929345099,2.0929345099,1.3488224183,Solved
THO\I__e?FWchO?E_]C_AIBK?aOCIKp?DCGD,21,58,6,8.0929297825,2.0929297825,1.3488216304,Solved
THOXK_I?Mc?JhHsCTAAI@?_W?IXOIMG_GO_J,21,58,6,8.0929090245,2.0929090245,1.3488181708,Solved
THoGG?JOdHsOATs_wg?`GgSCZ??gg@@DD?GT,21,58,6,8.0929089654,2.0929089654,1.3488181609,Solved
THOWK_JSDHsOPOs?CCOOZaCG?fIE?hSEA?Ob,21,59,6,8.0928688021,2.0928688021,1.348811467,Solved
THoWA_JOdHoOATs??EGCUPH?F?@?EWoHa_?w,21,56,6,8.092861065,2.092861065,1.3488101775,Solved
THO\I__e?FwcS??pc@sHC?sMH?_@?WoQccPA,21,59,6,8.0928392882,2.0928392882,1.348806548,Solved
THOXK_J?IC@JhHscT?AI_C?mgWAI`?CGSOgo,21,59,6,8.0928350118,2.0928350118,1.3488058353,Solved
THOWK_JHMC@JhHsCTOAI@?_qg?G@OicGG?Oj,21,59,6,8.0928321727,2.0928321727,1.3488053621,Solved
THO\M?geAC_LsGEQY?_IcG?[A@oOKLGOCBoH,21,60,6,8.0928257435,2.0928257435,1.3488042906,Solved
THoWC_JSdHsO@Ph_?AY`HOq?_?gIgKCCGW@J,21,59,6,8.0928106493,2.0928106493,1.3488017749,Solved
THOXM_JhMCD??tc?_ha@BI?WCIG@IKC?_OOJ,21,57,6,8.0928027536,2.0928027536,1.3488004589,Solved
THOWK_ISdHsOATs??ChCEaCNC?aIGO`?Kj?@,21,58,6,8.0927995237,2.0927995237,1.3487999206,Solved
THoGG?JOdHsOATs_wg?`GgSCZ??ig@@DD?GT,21,59,6,8.0927986247,2.0927986247,1.3487997708,Solved
THOXK_J?IC@JhHscT?AI_C?mgWAI`?CGSOgp,21,60,6,8.0927925105,2.0927925105,1.3487987517,Solved
THOWK_JHMC@JhHsCTOAI@?_qg?G@QicGG?Oj,21,60,6,8.0927850383,2.0927850383,1.3487975064,Solved
THO\I__e?FWchOOE_]C_AIBC?aOEIKP?DC?d,21,58,6,8.0927834715,2.0927834715,1.3487972452,Solved
T@?\G_gc?FWchOOA`WmQ?GFDAqCoOBQ_?C`J,21,59,6,8.0927691184,2.0927691184,1.3487948531,Solved
THOW?_JhMCT??t@JI?\S@OOSECgs_PAONC_@,21,60,6,8.0927678941,2.0927678941,1.348794649,Solved
THoWK_JSd@cOPPADYOHHA_CCWIGE?H@DTCKA,21,59,6,8.0927646379,2.0927646379,1.3487941063,Solved
THO\I_Ge?EwchOs??]@?Z?IpC?g`OGU?O?RB,21,58,6,8.0927625552,2.0927625552,1.3487937592,Solved
THoWK_JSCHsOPPATC?YcP_cH?c?OCc_AKd?E,21,57,6,8.09275833,2.09275833,1.348793055,Solved
T@O\M_geAC_lsGw?@GOCj@IYc?_BQI??w?UB,21,60,6,8.0927529026,2.0927529026,1.3487921504,Solved
THOLMa_eAC_dAAS`_mSGCDI@??|OGGV?G?PZ,21,60,6,8.0927445596,2.0927445596,1.3487907599,Solved
T@OWC_J@Ec@JhHscT?A_dX??_WCS?yM?G?dh,21,59,6,8.0927322347,2.0927322347,1.3487887058,Solved
THoWM_JO@HSO_EA__Hi`DgKOO\?O`CC?kDEA,21,58,6,8.0927317754,2.0927317754,1.3487886292,Solved
THOXK_J?Mc@JhHsCTAAI_?AkADDO?I`@GB?J,21,59,6,8.0927170589,2.0927170589,1.3487861765,Solved
THO\MagE?D?h_DA_Ga?BB_@WWI]_Q?JE?_OJ,21,58,6,8.092716109,2.092716109,1.3487860182,Solved
THOPG_JGMcT?pG?FwaAEAaCCBU@AAOo@gCkB,21,59,6,8.0927129227,2.0927129227,1.3487854871,Solved
THO\I_ge?FwcHOSAPG??M_Go_K_s?gDf@COW,21,59,6,8.0927060221,2.0927060221,1.348784337,Solved
T@O\M_geAC_ls??oT??HRODWGJ@I_Gd?W?Eb,21,59,6,8.0926962688,2.0926962688,1.3487827115,Solved
T@OWC_J@Ec@JhGscTOA_dXO?_WCS?yM?G?dg,21,59,6,8.0926933127,2.0926933127,1.3487822188,Solved
THOWM_JGMC@J`GscTO?`O?@wD?Y?d`CK_W?J,21,59,6,8.0926913012,2.0926913012,1.3487818835,Solved
T@OWC_J@Ec@JhHscT?A_dXO?_wCS?qM???Dh,21,58,6,8.092689887,2.092689887,1.3487816478,Solved
THOWK_ISdHsOATS??ChCEaCNCAaIG?`?kJ@@,21,58,6,8.092676471,2.092676471,1.3487794118,Solved
TGoXA_J@Gc@Jh@scUA?M@G@Q@OGHOQcCL?iO,21,58,6,8.0926399301,2.0926399301,1.3487733217,Solved
THOWC_JSdHsOADc??ChCEOQGdO_@EMG@_Y?J,21,57,6,8.0926384993,2.0926384993,1.3487730832,Solved
THOXK_J?IC@JhHsCT?AI_C?mgWAI`CCGS?ho,21,59,6,8.0926336905,2.0926336905,1.3487722818,Solved
T@OKAageAC_hp?x?@WG@d@oCgIGhPB?gSQDS,21,59,6,8.0926266768,2.0926266768,1.3487711128,Solved
THOLI__e?FwcaWo?BO`IbDGOAUGgS?QAI??b,21,58,6,8.0926199492,2.0926199492,1.3487699915,Solved
THOXK_J?Mc@JhHsCTAAI_C?kADLO_G@PGB?J,21,60,6,8.0926198324,2.0926198324,1.3487699721,Solved
THOX?_J@Cc@BhHscTAAM@SKAh??E@O@IhCGB,21,58,6,8.0926185629,2.0926185629,1.3487697605,Solved
T@O\M_gcAC_lcGiA?]?GBw?CYCI@_gISD?F_,21,59,6,8.0925956487,2.0925956487,1.3487659415,Solved
THOWM_BhMCP??t@JG?\S@cGGHWGpOAGCsACe,21,60,6,8.0925904208,2.0925904208,1.3487650701,Solved
THoWG_ISDGsOPPATYO@@F_oE_`?OcYGGW@Gb,21,59,6,8.0925804907,2.0925804907,1.3487634151,Solved
THOWK_ISdHsOATS??ChCEaCNCAaIGO`?Kj?@,21,58,6,8.092577748,2.092577748,1.348762958,Solved
TGoWK_HOdHsOPP__B@`OaOGXOd@E@K?_Sq_@,21,57,6,8.0925768184,2.0925768184,1.3487628031,Solved
THOXK_J?Mc?JhHsCTAAI_?AkADLO?i`@GB?J,21,60,6,8.0925746671,2.0925746671,1.3487624445,Solved
THOWG_JHMcT??d?HY?WOUGoLD@DS?MI?_?XJ,21,59,6,8.0925631936,2.0925631936,1.3487605323,Solved
THoWG?JSdHsOPPs?CCIIHACib??CQoQi?OAF,21,59,6,8.0925597295,2.0925597295,1.3487599549,Solved
THOX?_J@Mc?JhHsCTAAM?`O?ID??TWSIQO_S,21,58,6,8.0925572034,2.0925572034,1.3487595339,Solved
THOWK_JHMC@JhHsCTOAI@?_qg?G@OicGG@Oj,21,60,6,8.092554218,2.092554218,1.3487590363,Solved
TGoOK_JSdHSOOPgKB@QGJB?o@W]C??`GKkO@,21,58,6,8.0925482098,2.0925482098,1.348758035,Solved
T@O[MAgWAd?BHPc@GO[ocGoCDW_f_AGAUgCD,21,60,6,8.0925307747,2.0925307747,1.3487551291,Solved
THoWM_JO@HSO_EA__Hg`DhKOO\?O`CC?kDEA,21,58,6,8.0925268882,2.0925268882,1.3487544814,Solved
THOXI_Ge?Foc`OsA?SWUIODGOaYG_KQ?O_KB,21,58,6,8.0925255689,2.0925255689,1.3487542615,Solved
THoWM_JOd@oO?BHSgcOsC_?[GSGIOlC@COcH,21,59,6,8.0925187891,2.0925187891,1.3487531315,Solved
THO\M?ge?C_dsGEQ?mDOH?_c@SLGAIc@G?gJ,21,59,6,8.0924908634,2.0924908634,1.3487484772,Solved
THOWK_JHMc@Ih@oCTOAI@_@DO_gAsHOASObO,21,59,6,8.0924865888,2.0924865888,1.3487477648,Solved
THOXG_J@Cc@JhHscT??AVpO@?w?_H@O_qB?B,21,58,6,8.0924810238,2.0924810238,1.3487468373,Solved
THOWK_JHMC@JhHsCTOAI@?_qg?G@QicGG@Oj,21,61,6,8.0924551883,2.0924551883,1.3487425314,Solved
THOXK_J?Mc@JhHsCTAAI_?AkADLO?A`@G@@J,21,59,6,8.0924528621,2.0924528621,1.3487421437,Solved
THOX?_J@Cc@JhHscTAAM?`o@?w??FY@_Q_CP,21,58,6,8.0924505327,2.0924505327,1.3487417555,Solved
THO\I_ge?Bwcs?@SC@WDEaOG?SWoHaGOCAaD,21,58,6,8.0924115145,2.0924115145,1.3487352524,Solved
TGoOK_JCdHSOOPgKB@QGJB?o@W]C?O`GClO@,21,58,6,8.092400061,2.092400061,1.3487333435,Solved
THOWC_JSDHcOPPc_cCGQX_CHE?WM`@O?UOcD,21,58,6,8.0923942798,2.0923942798,1.34873238,Solved
THOXK_J?Mc?JhHsCT?AI_C?gADLO_?@PhB?I,21,57,6,8.0923900911,2.0923900911,1.3487316819,Solved
THOXG_J@Cc@JhHscT??AVpO@?w?`H@O_qB?B,21,59,6,8.0923879426,2.0923879426,1.3487313238,Solved
TGoWK_BSdHsOPP__iC`QbM?O?sI?QGC@Uc?D,21,59,6,8.0923857545,2.0923857545,1.3487309591,Solved
THOXC_JhMcD??t?JA?YIAc_EE?_@WhQ@D?PL,21,59,6,8.09238575,2.09238575,1.3487309583,Solved
THoWK_JOdHoOPOC_AC_ObHOCGLHCDH@Ka?OJ,21,57,6,8.0923855328,2.0923855328,1.3487309221,Solved
THO\I_ga?Bwcs?@SC@WDEaOG?SWoHaGOSBaD,21,59,6,8.0923795563,2.0923795563,1.3487299261,Solved
T@O\M_gcAC_lcGiA?]?GFw?CYCI@_gISD?F_,21,60,6,8.0923707857,2.0923707857,1.3487284643,Solved
T@OWK_JhMcT?SdXOY??QoG_K?lCOCYIG?a?p,21,59,6,8.0923531285,2.0923531285,1.3487255214,Solved
T@OWMAgWac?BHPe@RAQCBHQCPcPU?EG?K?rH,21,60,6,8.0923486249,2.0923486249,1.3487247708,Solved
T@O[M?gWad?@GPe@GS\GH@[QWAKHc?QOcaCD,21,60,6,8.0923476734,2.0923476734,1.3487246122,Solved
THoWC_HSdHsOPPADQ?@?FpGCf??@DIAR?Y?J,21,58,6,8.0923454861,2.0923454861,1.3487242477,Solved
THOHA_JhMcT??tE?_`a@A`oE`@_gCmKA?WOg,21,59,6,8.0923297508,2.0923297508,1.3487216251,Solved
THoOK_JSdHSOOPgKB@QGJB?o@W]C?O`GCk?@,21,58,6,8.092317985,2.092317985,1.3487196642,Solved
T@OKEageAC_ht?x?@WG@d@oCgIGhPB?gSQDC,21,60,6,8.0923137727,2.0923137727,1.3487189621,Solved
THO\M_ge?EO_s??wC@wHSOCSWKI?i`A?KAaH,21,58,6,8.0923023732,2.0923023732,1.3487170622,Solved
THoWC_JSdHsOADc??ChCEOQGdO_@EMG@_Y?J,21,58,6,8.0923016204,2.0923016204,1.3487169367,Solved
THOXA_J@Mc?BhHocTA?M?CHSBCD?_goID?Ak,21,58,6,8.0922731024,2.0922731024,1.3487121837,Solved
THOLI__e?FwcaWo?BO`IbDGOAUGgS?QAI??j,21,59,6,8.0922675843,2.0922675843,1.348711264,Solved
T@oWG_JSdHsOPPATYO@?Fc?D@GHOcNI???`b,21,59,6,8.0922672179,2.0922672179,1.348711203,Solved
T@O\M_geAC_lsGx?B@G?kGOKB_OGOYC_QgCB,21,59,6,8.0922647457,2.0922647457,1.3487107909,Solved
THOXK_J?AC@JhHsCD?AI_CAmgWAI`CCGS?ho,21,58,6,8.0922647044,2.0922647044,1.3487107841,Solved
TGoGM_JS@HOO_EE@qP@@`@OSjA??w\`?DCE@,21,57,6,8.0922563963,2.0922563963,1.3487093994,Solved
THoWM_JO@HSO_EA__Hi`DgKOO\?o`?IKEA?U,21,59,6,8.0922479826,2.0922479826,1.3487079971,Solved
THoWG_JSDHsOPPATYOH@E_cD@G?s?h?DCCcD,21,59,6,8.0922414463,2.0922414463,1.3487069077,Solved
T@OWC_J@Ec@JhHsCT?A_dXO?_OCS?yM?G?dh,21,58,6,8.092218863,2.092218863,1.3487031438,Solved
THOXM_JhCCT??t@HW?XQPOAoCCW`@I?qEY?@,21,59,6,8.0922112949,2.0922112949,1.3487018825,Solved
THOWG_JSdHsOPPs?CCIIHACib??CQo`CCGS`,21,58,6,8.0922067102,2.0922067102,1.3487011184,Solved
TGOLMageA?_lt?AACIOdBK?OICiG_ohOG_FA,21,59,6,8.0921965125,2.0921965125,1.3486994187,Solved
THOWG_JSdHsOP@ATWOH@Da_Ec@AAWOO_kOaK,21,59,6,8.0921840696,2.0921840696,1.3486973449,Solved
THoWI_BSdHsOATs??chCE_SKWc?UAD?CDC?D,21,58,6,8.0921824689,2.0921824689,1.3486970782,Solved
THO\A_ge?FWchOOEaSIGo_WSY?G?DlOOC@S`,21,60,6,8.0921777451,2.0921777451,1.3486962908,Solved
T@OLMa_eAC_ld?X?IS?AbIQ_?Dj?CgSG_SgB,21,59,6,8.0921708409,2.0921708409,1.3486951402,Solved
THOXG_J?Mc@BhHsCT?AI_CGKADGATIEGQgO@,21,58,6,8.0921598101,2.0921598101,1.3486933017,Solved
THOLI__e?FwcaWo?BO`IbDGOAUGQAM?@CSI@,21,59,6,8.0921597837,2.0921597837,1.3486932973,Solved
THOXI_JhCcT??t@HW?XQPOAoCCW`@I?qEY?@,21,59,6,8.0921482741,2.0921482741,1.348691379,Solved
THO[MagEADc`oDC__kHC`aASJCA`?g?iC_AL,21,60,6,8.0921451718,2.0921451718,1.348690862,Solved
THOWK_JOdHsOPOATY?H@EaCCOMKo__E?K?_h,21,58,6,8.0921075395,2.0921075395,1.3486845899,Solved
T@OWK_JhMcT?SdXOYC?QoG_K?lCOCIIG???r,21,58,6,8.0921071372,2.0921071372,1.3486845229,Solved
T@OLMageAC_kt?x?ADGJ_ODGhG?SD_C?w?LB,21,59,6,8.0921063055,2.0921063055,1.3486843842,Solved
THoWG?JSdHsOPPs?CCIIHACib??CQo`CCHS@,21,58,6,8.0920957085,2.0920957085,1.3486826181,Solved
TGOWK_JScHsOPPs_CCOOZaCG`HIE?o`GMgO@,21,60,6,8.0920946621,2.0920946621,1.3486824437,Solved
THoWA_JOdHsOATs??EGCUPH?F?@?EWoHa_?w,21,57,6,8.0920930394,2.0920930394,1.3486821732,Solved
TGoOK_JCdHSOOPgKB@QGJB?o@W]C?O`GKkO@,21,58,6,8.0920899009,2.0920899009,1.3486816502,Solved
THOWG?JSdHsOPPs?CCIIHACib??CQo`CKHS`,21,59,6,8.0920880206,2.0920880206,1.3486813368,Solved
TGoWK_HOdHsOPP__b@`OaOGXOd@E@K?_Sq_@,21,58,6,8.0920791419,2.0920791419,1.348679857,Solved
THOXM_JhMCD??tc?_ha@BI?WCII@IKC?_OOJ,21,58,6,8.0920711661,2.0920711661,1.3486785277,Solved
TH?WE_J@Mc?BhHocTA?M@CHSJCD?_goID?Al,21,60,6,8.0920692939,2.0920692939,1.3486782156,Solved
THoWI_BSdHsOATs??chCE_SKWc?UQD?CDC?D,21,59,6,8.0920670335,2.0920670335,1.3486778389,Solved
THOWG_JOdHsOPPATYOH?Da_Ec@AAWOO_kOaK,21,59,6,8.0920501702,2.0920501702,1.3486750284,Solved
T@OWC_J@Ec@JhHsCT?A_dXO?_WCS?yM?G?dh,21,59,6,8.0920463167,2.0920463167,1.3486743861,Solved
THOWG_JScHsOPPATWOH@Da_Ec@AAWOO_kOaK,21,59,6,8.0920454695,2.0920454695,1.3486742449,Solved
THoWE_BSDHcOADs_ccS?hEGC@LKC`HEC@CcA,21,59,6,8.0920388343,2.0920388343,1.3486731391,Solved
THoOM_JO@HSO_EA__Hi`DhKOO\?o`?IKEA?U,21,59,6,8.0920332631,2.0920332631,1.3486722105,Solved
THOXK_J?MC?JhHsCTAAI_CAc?hpO?[G_CACh,21,58,6,8.0920297714,2.0920297714,1.3486716286,Solved
THOXI_ge?FWChO?E_]DOOC`VC@_GJcS?D?QH,21,59,6,8.0920191981,2.0920191981,1.3486698664,Solved
THOWK?JScHsOPPs_CC?OZaCG_JIE?oQgIO?b,21,59,6,8.0920160011,2.0920160011,1.3486693335,Solved
THOWI_BHGc@Bh@scTOE?o?Qwg?WEGG`HBCGB,21,58,6,8.0920115912,2.0920115912,1.3486685985,Solved
THoWC_JSdHsOPPh_?AY`HOq?g?GI_KcCG?Cj,21,59,6,8.0920109726,2.0920109726,1.3486684954,Solved
THOGK_JOdHsOPOATY?H@EaCCOKKo_aE?K?eh,21,59,6,8.0920105679,2.0920105679,1.348668428,Solved
THO\I__e?Fwc_WsATG?Cc?@[Y_HGSGJ_??@r,21,59,6,8.0920087257,2.0920087257,1.348668121,Solved
THO\MagE?DchoDE_Wa?BBPAEg?G_SGF_G?Db,21,60,6,8.0920072744,2.0920072744,1.3486678791,Solved
T@?[MAgWac?B@Pe@RAQCBHQCPcPUGEG?K?rH,21,60,6,8.0920058057,2.0920058057,1.3486676343,Solved
THOXK_J?AC@JhHscD?AI_CAmgWAI`CCGS?`t,21,60,6,8.0919923791,2.0919923791,1.3486653965,Solved
THO\I_ga?Fwcs?@SC@WCEaOGcOWchCoO_?aF,21,59,6,8.0919908165,2.0919908165,1.3486651361,Solved
THO[MagCADchODC__kHC`s?CGDGFCDG_?GHR,21,58,6,8.0919823864,2.0919823864,1.3486637311,Solved
THOHA_JhMcT??te?_`a@B`oE`?_o_GHOHA@B,21,58,6,8.0919807714,2.0919807714,1.3486634619,Solved
THO\M?geAC_lsGEQY?_IcG?[GEKGOGF_?_@r,21,60,6,8.0919775084,2.0919775084,1.3486629181,Solved
THoWM_BSDHc?ADs_ccS?hE?C@KKC`HECPCcB,21,59,6,8.0919742009,2.0919742009,1.3486623668,Solved
THO\MagE?DchoDE_Wa?BBPAEg?G_SGF_G?Dj,21,61,6,8.0919696474,2.0919696474,1.3486616079,Solved
THoWK_JOd@cOPPADQOHHA_DCWIGE?H@DTCKA,21,58,6,8.0919643229,2.0919643229,1.3486607205,Solved
THOXC_J@Cc@Jh@scTAAM@?M?YAAAoG@JEc?H,21,59,6,8.0919596868,2.0919596868,1.3486599478,Solved
THO\M__e?FwcOG?BCaWcCAWKYBAG_P?GmG`O,21,59,6,8.0919550967,2.0919550967,1.3486591828,Solved
THOWM_BHMC@JHGocTO?`P?@uW_?_U@U?D?Oe,21,58,6,8.0919452848,2.0919452848,1.3486575475,Solved
THOWK_JOdHsOPOATYOH@EaCCOMKo__E?K?_h,21,59,6,8.0919410461,2.0919410461,1.348656841,Solved
T?oWK_HCDHsOOPs_DAWHiOs?OchU_C?Ckq_@,21,59,6,8.0919379488,2.0919379488,1.3486563248,Solved
THOWG_JHMc@Jh?cCTO?I@A_tAD?`DL@?h?OJ,21,58,6,8.0919317039,2.0919317039,1.348655284,Solved
THO\M__c?FwcoG?BC_WcCAWKYBAG_PAGmG`O,21,59,6,8.0919311918,2.0919311918,1.3486551986,Solved
T@oWE_JS@HSO?EE@yP@@`@OSiAIGGJKCA?WI,21,57,6,8.0919271593,2.0919271593,1.3486545265,Solved
T?O[MAGGad[_IQ?\RA?CFWGEW@@IPGfG??QL,21,59,6,8.0919235549,2.0919235549,1.3486539258,Solved
THOWI_BHGc@Bh@scTOE?o?Qwg?WEGG`HbCGB,21,59,6,8.0919107568,2.0919107568,1.3486517928,Solved
T@O\M_geAC_lsGw?CGOCj@IYGGa_?x?gC@`D,21,60,6,8.0919039471,2.0919039471,1.3486506579,Solved
T@OLAageAC_hp?x?@WG@d@oCgIGhPB?gSODS,21,59,6,8.0919025895,2.0919025895,1.3486504316,Solved
THOCMa_EADchoDC__kHC`aATS_OVC@G_UGCC,21,59,6,8.0919007571,2.0919007571,1.3486501262,Solved
T@O\I_Ge?FWc@OiA?gIdEgGG_UA_OZ?s?I?b,21,58,6,8.0918997043,2.0918997043,1.3486499507,Solved
T@OWC_J@Ac@JhHsCT?A_dXO?_oCS?yM?G?dh,21,58,6,8.0918921027,2.0918921027,1.3486486838,Solved
THOXK_J?Ec@JhHsCTAAI_CGKADLO_AI?C?Id,21,58,6,8.0918829671,2.0918829671,1.3486471612,Solved
THoWC_JScHsOPPPoOO@H`A@S_GccCQ`H?GPF,21,59,6,8.0918790687,2.0918790687,1.3486465115,Solved
THOWG_JHMcT??t?HY?WOUG_LD@DS?MI?_?PJ,21,58,6,8.0918734915,2.0918734915,1.3486455819,Solved
THoWE_JSd@sO?@HSgcOsC_?SGSGIOlC@DOaH,21,59,6,8.0918710303,2.0918710303,1.3486451717,Solved
THOWK_JSdHsOPOs_C?WAX`KIiA?`K???{HS@,21,59,6,8.0918542021,2.0918542021,1.348642367,Solved
THOXK_J?Mc@@hHsCTAAI_C?kADII@GEIQgO@,21,59,6,8.0918390085,2.0918390085,1.3486398348,Solved
THOXK_J?Mc?JhHsCTAAI_C?gADLO_G@PgB?I,21,58,6,8.091837367,2.091837367,1.3486395612,Solved
