g6,n,edges,alpha,theta,gap,ratio,status
OoC?Igi_?E_eKcRCE@iO[,16,35,5,6.4653503024,1.4653503024,1.2930700605,Solved
OQ`KACoK?qCp_SOc@CwHU,16,35,5,6.4561928086,1.4561928086,1.2912385617,Solved
OQ`KACoK?kDH_SOc?cwPU,16,35,5,6.4522526336,1.4522526336,1.2904505267,Solved
O_?XSAGPB`KgCH?ua]@Qc,16,36,5,6.4490431612,1.4490431612,1.2898086322,Solved
OY_Gk?T`?S?WOUIHeBa@w,16,36,5,6.4483043162,1.4483043162,1.2896608632,Solved
OIEcS@HKQA?rCaaA?eX@M,16,36,5,6.4450267819,1.4450267819,1.2890053564,Solved
OoC?K@TIoQAGGjPFD_acP,16,36,5,6.4405345524,1.4405345524,1.2881069105,Solved
OGECC?cP?RaUTaJPEYAV?,16,37,5,6.4401001279,1.4401001279,1.2880200256,Solved
OIa_s@BIQAAb_aEA?eX@M,16,36,5,6.4399632971,1.4399632971,1.2879926594,Solved
O]?KQGSI?D_Ma@PAaOhAT,16,35,5,6.4395087655,1.4395087655,1.2879017531,Solved
O]??OIKO{KHHGgD@aHPOb,16,36,5,6.4379802949,1.4379802949,1.2875960590,Solved
OY_Gk?T`?S@GOUGheBa@w,16,36,5,6.4372073356,1.4372073356,1.2874414671,Solved
O@`BC_B?pPAbJCFGGBK@L,16,35,5,6.4312295078,1.4312295078,1.2862459016,Solved
O?N??_EG[`QQHqQXHRFE?,16,37,5,6.4306053839,1.4306053839,1.2861210768,Solved
O?F_?M@WHTISacccIHPQI,16,37,5,6.4297542591,1.4297542591,1.2859508518,Solved
OY_Gk?d`?S?WOUEHeBa@w,16,36,5,6.4295599508,1.4295599508,1.2859119902,Solved
OQQPS@BKQA@bKABG_RK@L,16,36,5,6.4283902314,1.4283902314,1.2856780463,Solved
OoCGc?fSOI@GGfSJCaaSP,16,36,5,6.4273733540,1.4273733540,1.2854746708,Solved
O?D_GUACcIdEW[SITOMaG,16,37,5,6.4269105329,1.4269105329,1.2853821066,Solved
OhCGKACQAQCTGsCIa]?Ii,16,36,5,6.4268715699,1.4268715699,1.2853743140,Solved
O]?KQGWH?D_Ma@PAaOhAT,16,35,5,6.4241354675,1.4241354675,1.2848270935,Solved
Oo?G_SS`_BgEPAI`eGroO,16,35,5,6.4240766783,1.4240766783,1.2848153357,Solved
O_GWc?bAt?iDKOPKgxCSK,16,37,5,6.4239083146,1.4239083146,1.2847816629,Solved
Oh_Gk?b@OSA_ORgFBEQ@w,16,36,5,6.4238637835,1.4238637835,1.2847727567,Solved
OoM?a?LW_i`WH@Ogo@g`d,16,36,5,6.4230965192,1.4230965192,1.2846193038,Solved
O_C_[AAOA`LGDLGuEM?Yo,16,36,5,6.4229557357,1.4229557357,1.2845911471,Solved
O?N?`?G@Y_iKgdowCtCUO,16,37,5,6.4228710199,1.4228710199,1.2845742040,Solved
O?hO`CI@X_eCodoYHGcKP,16,37,5,6.4227289417,1.4227289417,1.2845457883,Solved
O?F_?M@QHTISgcccDGiaS,16,37,5,6.4216161249,1.4216161249,1.2843232250,Solved
O@hO`?G@GU_{gDSIwYEF?,16,37,5,6.4213759106,1.4213759106,1.2842751821,Solved
O?OoICIESHi@a`gXEKVC_,16,37,5,6.4205999421,1.4205999421,1.2841199884,Solved
O_?XSAGPB_Kg?}AUAShb_,16,36,5,6.4203559417,1.4203559417,1.2840711883,Solved
OoD@?_s_sQApGPOiHEOWe,16,36,5,6.4195591128,1.4195591128,1.2839118226,Solved
OoGQ?_q_sIBPOPHChDGXc,16,36,5,6.4194719436,1.4194719436,1.2838943887,Solved
O_ECATOQ?CcUHYDREq@XO,16,37,5,6.4192374731,1.4192374731,1.2838474946,Solved
OAICC?AAYKeLXGEohk@k_,16,37,5,6.4192353938,1.4192353938,1.2838470788,Solved
O?N??a@Ai_iSHTHiPXFE?,16,37,5,6.4167657373,1.4167657373,1.2833531475,Solved
O?HOHCIESHk@a`cXIKVC_,16,37,5,6.4150717720,1.4150717720,1.2830143544,Solved
OoU?`?LW_i`WH@Ogo@g`d,16,36,5,6.4141657198,1.4141657198,1.2828331440,Solved
O?U_`?CAX`IKgdowGrCUO,16,37,5,6.4141641650,1.4141641650,1.2828328330,Solved
O?D_GSQO[GiPIIgXTQEaC,16,37,5,6.4133935700,1.4133935700,1.2826787140,Solved
O@d`?cOGADOJBhBUWUEB_,16,37,5,6.4133553683,1.4133553683,1.2826710737,Solved
O?OoIC`ESHi@gPahBSVC_,16,37,5,6.4132736331,1.4132736331,1.2826547266,Solved
O_G[?caAa`eAgQP[GosRG,16,37,5,6.4130989020,1.4130989020,1.2826197804,Solved
O_GYC?RAq_sEK_PPpDPMO,16,37,5,6.4130414050,1.4130414050,1.2826082810,Solved
O`aCA@CO_rciGwFCbS`]?,16,38,5,6.4128322858,1.4128322858,1.2825664572,Solved
O?D_GUACcIdEW[KIXOMaG,16,37,5,6.4120317069,1.4120317069,1.2824063414,Solved
OK?PCQ?PyABPEiJICke[?,16,38,5,6.4109802881,1.4109802881,1.2821960576,Solved
OoCOZAA`?RaMPAG`dAQ`B,16,36,5,6.4086761384,1.4086761384,1.2817352277,Solved
O?GO?EaPYSQHUWX`ShCs_,16,37,5,6.4085012738,1.4085012738,1.2817002548,Solved
O??H?dDQdPQaYPTaSiCt?,16,38,5,6.4078822929,1.4078822929,1.2815764586,Solved
O@?HOkWHCcSGQFPJWUEB_,16,37,5,6.4078493019,1.4078493019,1.2815698604,Solved
O_?XSAcOaeM?AI@T`M`ac,16,36,5,6.4074093820,1.4074093820,1.2814818764,Solved
O@AIKE?EhTAcHSoBjKBQG,16,38,5,6.4072399339,1.4072399339,1.2814479868,Solved
O?MCD?ACob@eTWRaKPbH_,16,37,5,6.4066478025,1.4066478025,1.2813295605,Solved
O?D_?TAOOkdEgYdWTQEcG,16,37,5,6.4060985154,1.4060985154,1.2812197031,Solved
OCHGGG`OSDbHKcEkWCvE?,16,37,5,6.4058084418,1.4058084418,1.2811616884,Solved
O@@ICH?EXUAdGwq@rSDK_,16,38,5,6.4053077072,1.4053077072,1.2810615414,Solved
O`GX?OECPB@E@cCoO@y?],16,33,5,6.4050899734,1.4050899734,1.2810179947,Solved
O@?KCIGGWlBWpDUcKsBQO,16,38,5,6.4037231192,1.4037231192,1.2807446238,Solved
O?GO?EaPYcPHUWX`ShCs_,16,37,5,6.4034481795,1.4034481795,1.2806896359,Solved
O??G`EDPdOjCh`TQRIBT?,16,38,5,6.4032167026,1.4032167026,1.2806433405,Solved
OB?hP?XDCQhG_d_lGdUM?,16,38,5,6.4014594802,1.4014594802,1.2802918960,Solved
O@?GOMgSZCQ`TgYPRHDK_,16,39,5,6.4002311369,1.4002311369,1.2800462274,Solved
O?D_GTACaAdEg[dITPEaG,16,37,5,6.4001694844,1.4001694844,1.2800338969,Solved
O??GaLI`cQIBLIMSScfS?,16,38,5,6.3992926080,1.3992926080,1.2798585216,Solved
O@YUE?aCXCAHBHBEGCk?t,16,36,5,6.3963546647,1.3963546647,1.2792709329,Solved
O@IQU?LCs_H@gDWI?agDT,16,36,5,6.3962143861,1.3962143861,1.2792428772,Solved
O?YOCAAAorEEPKKogwfCO,16,37,5,6.3955318356,1.3955318356,1.2791063671,Solved
O??GaLI`cQKBLIMSQcfS?,16,38,5,6.3951592349,1.3951592349,1.2790318470,Solved
O@@KSQCEHPAhHooEi[BCg,16,38,5,6.3948797026,1.3948797026,1.2789759405,Solved
OQQ@?bBIOkcGC_PDp@oXK,16,36,5,6.3931697935,1.3931697935,1.2786339587,Solved
O?KtAdCaM?W?Ca@DcCoQR,16,34,5,6.3916773026,1.3916773026,1.2783354605,Solved
O@d___`AiAgSIB`TOtEEC,16,37,5,6.3908756820,1.3908756820,1.2781751364,Solved
OK?OcPK_IIBBIeGxCyE[?,16,38,5,6.3907059488,1.3907059488,1.2781411898,Solved
O?GOGTaSTCqKPQQ`SaKpC,16,37,5,6.3901915818,1.3901915818,1.2780383164,Solved
Oo?W__jGAGoO@TQ_cHiog,16,34,5,6.3901350386,1.3901350386,1.2780270077,Solved
OK`G`F?K?T`IH_@QAC}?M,16,35,5,6.3896928657,1.3896928657,1.2779385731,Solved
O@@KQECIWrCSDcoBj?dI@,16,38,5,6.3894168864,1.3894168864,1.2778833773,Solved
O?YO?CpKeAwSagPSbG`KP,16,37,5,6.3892383231,1.3892383231,1.2778476646,Solved
O@??GS[JEBwUi_TOjODI@,16,38,5,6.3891805981,1.3891805981,1.2778361196,Solved
Oh??GCYcCGIHRSGYDR?Wi,16,35,5,6.3891326346,1.3891326346,1.2778265269,Solved
OqE?P?LLC_?hGi?uH?yDg,16,36,5,6.3887008377,1.3887008377,1.2777401675,Solved
O?a?gpIHYIDPocgWI_hoS,16,38,5,6.3885096306,1.3885096306,1.2777019261,Solved
OoCOISc_?WaIGbKcGDiPc,16,35,5,6.3883213288,1.3883213288,1.2776642658,Solved
OEQ`S@BKQA@bKABG_RK@L,16,36,5,6.3880256065,1.3880256065,1.2776051213,Solved
O@IIeA_S?FGcEPg_?bWOy,16,35,5,6.3879509958,1.3879509958,1.2775901992,Solved
OIaPS?X__W?WOUHHeBa@w,16,36,5,6.3878176963,1.3878176963,1.2775635393,Solved
OHeCA?iSaK@HCQ@[S?wHk,16,36,5,6.3876810449,1.3876810449,1.2775362090,Solved
O@hO`?COAEO]EMBsSFEF?,16,37,5,6.3876584440,1.3876584440,1.2775316888,Solved
Oc?_XOAB?Bg@OKMHAgpcK,16,33,5,6.3873864606,1.3873864606,1.2774772921,Solved
O@CmBB?c?HpGPDCq@CXCX,16,35,5,6.3871562526,1.3871562526,1.2774312505,Solved
O_?P[A_WApMGAH@U`m?ec,16,36,5,6.3863122259,1.3863122259,1.2772624452,Solved
O?F_ICI_XcpOSDIOwDHbG,16,37,5,6.3860764284,1.3860764284,1.2772152857,Solved
OOO[b?FM?QG_KBoG_Rk@w,16,36,5,6.3856936346,1.3856936346,1.2771387269,Solved
O_GW?_JgIceOgoPHgyCQW,16,37,5,6.3856778776,1.3856778776,1.2771355755,Solved
OCHG?_F@PcbQgKoJHWVE?,16,37,5,6.3854108917,1.3854108917,1.2770821783,Solved
OB??ow`_iOotHaJCWG]X?,16,38,5,6.3853259127,1.3853259127,1.2770651825,Solved
O_CGPCTg?DaAKA``ggrOW,16,34,5,6.3852546459,1.3852546459,1.2770509292,Solved
Oh?OWGA`K_GKQYGqDB_oi,16,35,5,6.3845532829,1.3845532829,1.2769106566,Solved
O?COOMoPiRP_[`[PSpDQ_,16,39,5,6.3843832429,1.3843832429,1.2768766486,Solved
OQ??GQKCxIHPWwdPRPBW_,16,38,5,6.3842546500,1.3842546500,1.2768509300,Solved
O??GhqGSKIg[l@YaTQBh?,16,39,5,6.3837227542,1.3837227542,1.2767445508,Solved
OQ??WYGDIACPPGCPdASCR,16,32,5,6.3836689900,1.3836689900,1.2767337980,Solved
OoCOZAA`?b`MPAG`dAQ`B,16,36,5,6.3835670598,1.3835670598,1.2767134120,Solved
OoCOGTO`O@cSKQODh``SQ,16,35,5,6.3835536014,1.3835536014,1.2767107203,Solved
O@`CAACQ@CaKB`BQAQHBD,16,32,5,6.3829989567,1.3829989567,1.2765997913,Solved
OpEA?QBBag@oGROPCFG`e,16,36,5,6.3829353092,1.3829353092,1.2765870618,Solved
Oh?GOKA_ScGKTKHIDB_oi,16,35,5,6.3828618815,1.3828618815,1.2765723763,Solved
OpDCOhGHAC_[H@_DADWQU,16,35,5,6.3827633007,1.3827633007,1.2765526601,Solved
O?hP?_H@h_SIShoqHJCLO,16,37,5,6.3824533847,1.3824533847,1.2764906769,Solved
O_Gos?PGoQ?pCEPMHCt@K,16,35,5,6.3819603489,1.3819603489,1.2763920698,Solved
O??HcIGg?gbIWJPkHXBb?,16,36,5,6.3816476096,1.3816476096,1.2763295219,Solved
OoCGOLO__HcKKaKSH@iGk,16,35,5,6.3811014067,1.3811014067,1.2762202813,Solved
OaClC?TKQA@RIAOg_bK@L,16,36,5,6.3808621789,1.3808621789,1.2761724358,Solved
O`YC?_UPT?@ROYAYCQGgL,16,36,5,6.3806921739,1.3806921739,1.2761384348,Solved
OoCGc_@@pAGPLHPiDEaPo,16,36,5,6.3803205427,1.3803205427,1.2760641085,Solved
O`IA?_fgaQH_DaaG?Iw_y,16,36,5,6.3801700475,1.3801700475,1.2760340095,Solved
O_C_`OKOAFO?GlDT@q`_w,16,34,5,6.3799408485,1.3799408485,1.2759881697,Solved
Og?GkAASAqCWI[LO@EgHw,16,36,5,6.3798790089,1.3798790089,1.2759758018,Solved
OoCG`K__?TaIGcPBhCqh_,16,35,5,6.3796484402,1.3796484402,1.2759296880,Solved
O@G\ALOaM?W?Ca@D`Gp@R,16,34,5,6.3795874053,1.3795874053,1.2759174811,Solved
OhC?[AAOIOCDHUDYAY_Yg,16,36,5,6.3795698362,1.3795698362,1.2759139672,Solved
O@U__OPG?MGFBkgpWFEE_,16,37,5,6.3795668917,1.3795668917,1.2759133783,Solved
Og?GkA?QIqCYIgLW?d_ad,16,36,5,6.3794230918,1.3794230918,1.2758846184,Solved
O?N?`?FAKEaicGWBkQUU?,16,37,5,6.3792678425,1.3792678425,1.2758535685,Solved
Or?GOGX_pGaaQAGPoSqDQ,16,36,5,6.3792240756,1.3792240756,1.2758448151,Solved
OoCOGSKC@DgMHCQ_e?iAT,16,34,5,6.3790918621,1.3790918621,1.2758183724,Solved
O@?GGQOQIJIWcsWwSadSO,16,37,5,6.3790565437,1.3790565437,1.2758113087,Solved
O`C_WCKOABO?DTG\AR`Ow,16,34,5,6.3789597255,1.3789597255,1.2757919451,Solved
O?D`CCLDT@PAWPcghRAcW,16,37,5,6.3789134504,1.3789134504,1.2757826901,Solved
Og?GkACQAqCDG{MG?Ygig,16,36,5,6.3788269426,1.3788269426,1.2757653885,Solved
Osa?GScEJCiKI`DQkiAt?,16,40,5,6.3786744762,1.3786744762,1.2757348952,Solved
O?N??`?GOliQHwakPKfE?,16,37,5,6.3783676347,1.3783676347,1.2756735269,Solved
Oo?G_TW`_BdOKOLAGAyG[,16,35,5,6.3783539486,1.3783539486,1.2756707897,Solved
OpEA?OVWO[CHBCC`oBI@L,16,36,5,6.3782711062,1.3782711062,1.2756542212,Solved
O?N?_`@_gQi@HiHTPSfE?,16,37,5,6.3780857730,1.3780857730,1.2756171546,Solved
OM_K@ADH`g@H?qECgSi@k,16,36,5,6.3780428512,1.3780428512,1.2756085702,Solved
O?U__O`@SEEBSMakGsfE?,16,37,5,6.3776906389,1.3776906389,1.2755381278,Solved
O`?G`@GHGjGwQs`wRAdSO,16,38,5,6.3776853663,1.3776853663,1.2755370733,Solved
OoU?`?FW_i`oaGSGC@wAm,16,36,5,6.3775886015,1.3775886015,1.2755177203,Solved
OQ?G`EEPSShKDQH`RAJPC,16,38,5,6.3775575451,1.3775575451,1.2755115090,Solved
O?D_?M@```dIIgShXPEaC,16,37,5,6.3773958846,1.3773958846,1.2754791769,Solved
O?N??_Q@scClQMgKHWNE?,16,37,5,6.3772205972,1.3772205972,1.2754441194,Solved
OK??K?dChUDiagTAjWEW_,16,38,5,6.3771427620,1.3771427620,1.2754285524,Solved
O_CHKAQOI_LG@JAuEIPIo,16,36,5,6.3770175122,1.3770175122,1.2754035024,Solved
O?D_@DAOOkdEaYdWTQEcG,16,37,5,6.3761166247,1.3761166247,1.2752233249,Solved
Os??OWWPhAD_OBCoapB@B,16,33,5,6.3760996284,1.3760996284,1.2752199257,Solved
Os??GS`IaWAgCaFGGEr?M,16,34,5,6.3760694016,1.3760694016,1.2752138803,Solved
O`?goCDOIAO?ITEJCR_gw,16,34,5,6.3760451591,1.3760451591,1.2752090318,Solved
OoCqOGh_cAI??NKa?IiWD,16,34,5,6.3760308359,1.3760308359,1.2752061672,Solved
OPbA?dGG@J?UOSAeB_s_M,16,35,5,6.3760252628,1.3760252628,1.2752050526,Solved
O?ECD?IHIBARRPJaIYBh?,16,37,5,6.3758947576,1.3758947576,1.2751789515,Solved
OoCGOGrGAGq??r@dHIb_E,16,34,5,6.3758580586,1.3758580586,1.2751716117,Solved
Oo?OpDK_?KaEBSMCGHj?[,16,35,5,6.3758546754,1.3758546754,1.2751709351,Solved
O@_id@Oo?EaaIIQP?dKCL,16,35,5,6.3758408105,1.3758408105,1.2751681621,Solved
OoCPIQDB?a@SKGOekBc?{,16,36,5,6.3758406731,1.3758406731,1.2751681346,Solved
O_GX`_I@S@GAEBHBGKKCd,16,33,5,6.3755095131,1.3755095131,1.2751019026,Solved
OqCH?@dIOeAoAg_PgbK?{,16,36,5,6.3752306210,1.3752306210,1.2750461242,Solved
OoCOK@JKOYAGOfGbCcaOb,16,36,5,6.3751842977,1.3751842977,1.2750368595,Solved
O?GOQLGoacEA`haRCfDb?,16,37,5,6.3751568946,1.3751568946,1.2750313789,Solved
O?D_GT?C`PpSWTg[QkEcO,16,37,5,6.3749404512,1.3749404512,1.2749880902,Solved
O?U_`?G@j?qIWhowAlCUO,16,37,5,6.3747676133,1.3747676133,1.2749535227,Solved
O@CmEA_SAPObCWGS?pWSM,16,35,5,6.3746986726,1.3746986726,1.2749397345,Solved
O_ECADOQ?DcmDQIgeq@YO,16,37,5,6.3744577005,1.3744577005,1.2748915401,Solved
O`??`ACEIIdTPsQwRgD[?,16,38,5,6.3744004068,1.3744004068,1.2748800814,Solved
O`CP?I?BhRASGGQog`qAk,16,35,5,6.3743330718,1.3743330718,1.2748666144,Solved
OQ?GOKaCQAOOPHaEad`Ow,16,33,5,6.3739385332,1.3739385332,1.2747877066,Solved
OCHG_PB_GSiHDSgIcqfE?,16,37,5,6.3739271845,1.3739271845,1.2747854369,Solved
O_?OpWAB@Cb?WLPJOLd`_,16,35,5,6.3733953319,1.3733953319,1.2746790664,Solved
O??PKYCIGpGZUgWQQQNW?,16,38,5,6.3733884326,1.3733884326,1.2746776865,Solved
O?N?`?G@y`SBSPowCsSUO,16,37,5,6.3733870860,1.3733870860,1.2746774172,Solved
OC_aI_gC_W@iCi_@cJI@q,16,34,5,6.3733461485,1.3733461485,1.2746692297,Solved
O_?_{QASAOMG@NG]Ah@P`,16,36,5,6.3733380995,1.3733380995,1.2746676199,Solved
O@@KSQCEHPAxH_oEiKRE_,16,38,5,6.3732551381,1.3732551381,1.2746510276,Solved
OoCOYGa_?E_eIBSBDII`c,16,35,5,6.3732012391,1.3732012391,1.2746402478,Solved
O@@IAAAEXRApHWq@rWDK_,16,38,5,6.3731471489,1.3731471489,1.2746294298,Solved
O@?IA?dIOtAwpEqHQqDU?,16,38,5,6.3727257524,1.3727257524,1.2745451505,Solved
O??OpOkPsFH`SWh_uAfo?,16,39,5,6.3726817505,1.3726817505,1.2745363501,Solved
O?GSC?a@Wb@RUWXPHpBc_,16,36,5,6.3726271283,1.3726271283,1.2745254257,Solved
O@IAGgIAohCKOF_FHGK`D,16,35,5,6.3721188500,1.3721188500,1.2744237700,Solved
O_?G`Ss_?K`QCSOJk_toO,16,34,5,6.3719266512,1.3719266512,1.2743853302,Solved
OoCO[@PIOE?gIJSFCSaGp,16,36,5,6.3717179709,1.3717179709,1.2743435942,Solved
OgKS?IHOpLI@KCBCOGwDM,16,36,5,6.3711124996,1.3711124996,1.2742224999,Solved
Oo?W_?`IqKOgAhSOc@ip@,16,34,5,6.3708648953,1.3708648953,1.2741729791,Solved
OoCG`?ea?M_MGCSBhOqiC,16,35,5,6.3708648749,1.3708648749,1.2741729750,Solved
O?U`?_DAh_SIShoiGjCUO,16,37,5,6.3704838784,1.3704838784,1.2740967757,Solved
OoCOWODC@IgUGKOoe?iOT,16,34,5,6.3703818366,1.3703818366,1.2740763673,Solved
O_?P[I_OaoM??^GU@cgr_,16,36,5,6.3703575439,1.3703575439,1.2740715088,Solved
O?F_@A?DxTH[QGK_qWUAQ,16,37,5,6.3703466750,1.3703466750,1.2740693350,Solved
Oo??_S[e@IgqGHOad_IaD,16,35,5,6.3703118370,1.3703118370,1.2740623674,Solved
ORQKA?PG_I`SAKHPAP]?[,16,35,5,6.3702371219,1.3702371219,1.2740474244,Solved
O_?GkAaWA_NG@]AuCh?p`,16,36,5,6.3700950196,1.3700950196,1.2740190039,Solved
OqCK@?JDRH@GH?CbgQs@k,16,36,5,6.3700868680,1.3700868680,1.2740173736,Solved
O`?H?a?IWlCcEGPohWa?{,16,35,5,6.3699187100,1.3699187100,1.2739837420,Solved
O?ECD?JHGcgdI`RQIIRk?,16,37,5,6.3697950160,1.3697950160,1.2739590032,Solved
O??GgpIH]CsKT@MAWgLSC,16,38,5,6.3695953560,1.3695953560,1.2739190712,Solved
OkGQKOcE?B_[PAE@oApCR,16,35,5,6.3694754141,1.3694754141,1.2738950828,Solved
O?GOpLKbB_uCggSSgocQP,16,39,5,6.3694251631,1.3694251631,1.2738850326,Solved
O_GX?cEAPAAO_NPFHDd`_,16,35,5,6.3693127867,1.3693127867,1.2738625573,Solved
O`?GOMGCXBCSQE`@aPIGh,16,34,5,6.3690053508,1.3690053508,1.2738010702,Solved
OoCOZAA`?RaMSAI@cQQHB,16,36,5,6.3689606141,1.3689606141,1.2737921228,Solved
O_GGkACOa_MCAVE[C\@Io,16,36,5,6.3688863385,1.3688863385,1.2737772677,Solved
O@`CAACI?M`oOcGXAKooU,16,33,5,6.3684783542,1.3684783542,1.2736956708,Solved
O_C_[A_PB_Ig?jA]A]@Qc,16,36,5,6.3683629581,1.3683629581,1.2736725916,Solved
OAICC@CAhDAbKwQpBhBI_,16,37,5,6.3683236140,1.3683236140,1.2736647228,Solved
Oh??WCH_ScGHTKHIDa_oi,16,35,5,6.3682614648,1.3682614648,1.2736522930,Solved
Or?GOGU_pGbAQAGWoKqCY,16,36,5,6.3680772902,1.3680772902,1.2736154580,Solved
Og?GkACOIqCDIsMG?Ygig,16,36,5,6.3680350595,1.3680350595,1.2736070119,Solved
OqCaKOSI?E_Ua@DAgGh@T,16,35,5,6.3677813459,1.3677813459,1.2735562692,Solved
O_Ci@CC@b?qLS[KgPIKTO,16,37,5,6.3676690833,1.3676690833,1.2735338167,Solved
O?MCD?DCOTCbTQShHqBD_,16,37,5,6.3676175689,1.3676175689,1.2735235138,Solved
O?N?`?G@y_SBSXowCtCUO,16,37,5,6.3675922238,1.3675922238,1.2735184448,Solved
O@QCQGaCOW`c_DOIaOhAT,16,33,5,6.3672450272,1.3672450272,1.2734490054,Solved
O`CH?a?DhJ@SGGOFhWQIK,16,35,5,6.3668734305,1.3668734305,1.2733746861,Solved
O?D_GSQOCJqQIKWXTQEaC,16,37,5,6.3668226293,1.3668226293,1.2733645259,Solved
OIaPS?R__W@GOUHHeBa@w,16,36,5,6.3666036760,1.3666036760,1.2733207352,Solved
OQ?_cTK_IADRFEGiAiM[?,16,38,5,6.3665892548,1.3665892548,1.2733178510,Solved
O_CPGSk_?IaIAcOHk@t_Q,16,34,5,6.3662678192,1.3662678192,1.2732535638,Solved
O@@IQACIWrCSDcoBrGdM?,16,38,5,6.3661254783,1.3661254783,1.2732250957,Solved
OB?`@PB`SAPcCfFIHRE[?,16,38,5,6.3661124412,1.3661124412,1.2732224882,Solved
O?C_?M@SHdHHgdRgPqFa?,16,37,5,6.3655211622,1.3655211622,1.2731042324,Solved
O?MBC_@BGccHDgODhcd@Q,16,35,5,6.3653936935,1.3653936935,1.2730787387,Solved
O??OpCkPCDhhMCeSWKVK?,16,38,5,6.3653505591,1.3653505591,1.2730701118,Solved
Og?GkAGSAqCiG{LG@IGDX,16,36,5,6.3652782690,1.3652782690,1.2730556538,Solved
O@G[AE_QAGQ?AX@[CPgcs,16,33,5,6.3649400068,1.3649400068,1.2729880014,Solved
OG?OsECR@A?TEIcDD_IAL,16,33,5,6.3648788819,1.3648788819,1.2729757764,Solved
O??G`DEQcREbdSMGWgNS?,16,38,5,6.3647664469,1.3647664469,1.2729532894,Solved
Os?GOGWGAQaWDcGwGaj@K,16,34,5,6.3644611342,1.3644611342,1.2728922268,Solved
O`IRAQ?_?b_YWCBa@co`M,16,35,5,6.3644507695,1.3644507695,1.2728901539,Solved
O??Hh_wP[JHWh@SApQNo?,16,39,5,6.3643952939,1.3643952939,1.2728790588,Solved
O`C_WA?CxRAcGGOFgWqYC,16,35,5,6.3643505533,1.3643505533,1.2728701107,Solved
O`G__KIEC@gGDHGBGqKQE,16,33,5,6.3642259440,1.3642259440,1.2728451888,Solved
O??KOkcQIdSJX_eGqaBQ@,16,38,5,6.3642140253,1.3642140253,1.2728428051,Solved
O`C_h?BBS?gCCBIBGW[XC,16,33,5,6.3638905941,1.3638905941,1.2727781188,Solved
O`dcA?bCoa@aBIObCA[@X,16,36,5,6.3638056051,1.3638056051,1.2727611210,Solved
O@`CA?aCO[`k`CQGaOhAT,16,33,5,6.3637172136,1.3637172136,1.2727434427,Solved
O?Ssc?`OQGAD?kAQcQkWK,16,33,5,6.3635419460,1.3635419460,1.2727083892,Solved
Os??WPKDOeB?GJHPGQZ?w,16,35,5,6.3635131355,1.3635131355,1.2727026271,Solved
O@GX?`EaSCGH@`AQIA\@E,16,33,5,6.3633629439,1.3633629439,1.2726725888,Solved
O?LBC_OC_OcaHYOZOTcX_,16,35,5,6.3632857393,1.3632857393,1.2726571479,Solved
OM__[@BIQAAb_aEA?eX@M,16,36,5,6.3632857134,1.3632857134,1.2726571427,Solved
OkC_OGp`aQaWP@_gc@gPd,16,36,5,6.3632792065,1.3632792065,1.2726558413,Solved
OLQAC?LT?EaSGgASc`kO[,16,36,5,6.3631521870,1.3631521870,1.2726304374,Solved
Oh_O[?b@Oc@_ORgFBEQ@w,16,36,5,6.3631484340,1.3631484340,1.2726296868,Solved
OoCGOG_c?E_uKoQ[GdR_W,16,35,5,6.3629546706,1.3629546706,1.2725909341,Solved
OKHCC?LQ_iiSb?GPcPO`b,16,36,5,6.3627404890,1.3627404890,1.2725480978,Solved
O@`OGGXE`QCSOF_TGTLEC,16,36,5,6.3624963125,1.3624963125,1.2724992625,Solved
O_MCA@aW?CaYBsDY@d`iO,16,37,5,6.3624856369,1.3624856369,1.2724971274,Solved
OoCOS@R@oYAGWFGJCoaOb,16,36,5,6.3624617758,1.3624617758,1.2724923552,Solved
OoCOG_KGIEOKIoIBGaYcg,16,34,5,6.3624147599,1.3624147599,1.2724829520,Solved
Oo?OoOPBADcIIGHQGoq_M,16,34,5,6.3622363600,1.3622363600,1.2724472720,Solved
O`GOPA?@xHASEGOqhga?{,16,35,5,6.3622050645,1.3622050645,1.2724410129,Solved
OoCGGgGGIEOKKgIBGaYcg,16,34,5,6.3620419197,1.3620419197,1.2724083839,Solved
O?U`?_DAh`SIShoqGiCSP,16,37,5,6.3617982684,1.3617982684,1.2723596537,Solved
O@QCA@Ca?B_UIaDPbP@IH,16,33,5,6.3617940089,1.3617940089,1.2723588018,Solved
O_?HGoBC`IF?ON_NIcDO`,16,35,5,6.3615550004,1.3615550004,1.2723110001,Solved
O_CghCH_?H`AKCOhgHt_W,16,34,5,6.3615277614,1.3615277614,1.2723055523,Solved
O?KoGUIPS_K@O__OaCh?t,16,32,5,6.3614407531,1.3614407531,1.2722881506,Solved
OC_GmEcS@Ok?A`D@GDXAe,16,34,5,6.3611236248,1.3611236248,1.2722247250,Solved
O``?hQ_S?XagI_?qOAy@M,16,35,5,6.3610839618,1.3610839618,1.2722167924,Solved
O?D_?EEIXcWHI`SWphEc_,16,37,5,6.3608605313,1.3608605313,1.2721721063,Solved
Oo?W_SEGIAOCHBMBHQQag,16,34,5,6.3607670932,1.3607670932,1.2721534186,Solved
O@GWOIAOWccKPBaBIOLAD,16,34,5,6.3606555713,1.3606555713,1.2721311143,Solved
OoCOOcK@a_dAGYOXCPIGL,16,34,5,6.3604312955,1.3604312955,1.2720862591,Solved
OoC?k_B@PAH`JGOeeEaPo,16,36,5,6.3603529840,1.3603529840,1.2720705968,Solved
O?Uc@DAA``kAoQD[AosRG,16,37,5,6.3603529514,1.3603529514,1.2720705903,Solved
O?GoIpA_a?p_?bEIEETAE,16,33,5,6.3603332761,1.3603332761,1.2720666552,Solved
O?DHcBAh?PAASUIXGX`IW,16,36,5,6.3601065118,1.3601065118,1.2720213024,Solved
O?EED@CH?TaMTQJ`HI@d@,16,37,5,6.3600527659,1.3600527659,1.2720105532,Solved
O@`CA?J@sAGOIDDIbB`HW,16,34,5,6.3599647551,1.3599647551,1.2719929510,Solved
OG?OsH??wrOScCR?d_p?y,16,34,5,6.3598401790,1.3598401790,1.2719680358,Solved
OhEAPOS_?c_MH`_Y@AYGX,16,35,5,6.3595561548,1.3595561548,1.2719112310,Solved
Oo??`DMa?KaiL?MAH@qAe,16,35,5,6.3594162689,1.3594162689,1.2718832538,Solved
O`??xWcE?aCOON_NPDAGh,16,35,5,6.3592996599,1.3592996599,1.2718599320,Solved
Oh_YC?FS?cCO@TAVDDS@w,16,36,5,6.3592750114,1.3592750114,1.2718550023,Solved
O_?`_S[_?B`QDSPBK@toA,16,34,5,6.3592020527,1.3592020527,1.2718404105,Solved
OEOlC@DKQA@RIACg_bK@L,16,36,5,6.3591553270,1.3591553270,1.2718310654,Solved
O_?Ghoc?ogDOON_NKBCp@,16,35,5,6.3590464718,1.3590464718,1.2718092944,Solved
OqCOS?FBOaGGGfIJCoa@p,16,36,5,6.3588385889,1.3588385889,1.2717677178,Solved
O@U_`?FAHCgDDDapWHUE_,16,37,5,6.3588381854,1.3588381854,1.2717676371,Solved
OLo?GADOpTBaCQGPGS[Ge,16,36,5,6.3588243104,1.3588243104,1.2717648621,Solved
O@GYCE_PCOI?AX@hCJGcs,16,33,5,6.3585569453,1.3585569453,1.2717113891,Solved
Oi?GGcO_cIHG?jIMCe`oc,16,35,5,6.3581282114,1.3581282114,1.2716256423,Solved
OQYC?_baOwC_?rCdGcY@w,16,36,5,6.3581264354,1.3581264354,1.2716252871,Solved
O_GW?KIS\BSQSaK_GckQE,16,37,5,6.3581051650,1.3581051650,1.2716210330,Solved
OdHCA?XB_QCIGg@jIBSG[,16,36,5,6.3580589844,1.3580589844,1.2716117969,Solved
O@hO_OFAaEODHDSTSFEEC,16,37,5,6.3580575522,1.3580575522,1.2716115104,Solved
O`G@GQ?DWxASGGOqhAqIK,16,35,5,6.3580534940,1.3580534940,1.2716106988,Solved
O?GSC?@Gia`tEgRSKgRd?,16,36,5,6.3580444434,1.3580444434,1.2716088887,Solved
O?G[AEGPAoS_?X?eeKHcc,16,33,5,6.3579783266,1.3579783266,1.2715956653,Solved
O_Goo_EBC?gKGqKBGA[R@,16,33,5,6.3579588616,1.3579588616,1.2715917723,Solved
O`CPHA?BWb@SGGPPgBqSS,16,35,5,6.3579453945,1.3579453945,1.2715890789,Solved
O?U_`?CAX`IKgdoqGrCV?,16,37,5,6.3578471149,1.3578471149,1.2715694230,Solved
OoCOGSKcABcUHCKAGGySE,16,35,5,6.3577159323,1.3577159323,1.2715431865,Solved
O_ChOgG@CCgKKDKIGQKBD,16,33,5,6.3574725013,1.3574725013,1.2714945003,Solved
O@DCbAGO?`dAASHg_xcG[,16,34,5,6.3573152550,1.3573152550,1.2714630510,Solved
ODYAM?`GOh@RBCCggBK@L,16,36,5,6.3572173377,1.3572173377,1.2714434675,Solved
O`?GGSQGPCAHaIPDhDCGh,16,33,5,6.3571789406,1.3571789406,1.2714357881,Solved
O@G[QI?OGG`CCdGYiPdAW,16,34,5,6.3569544949,1.3569544949,1.2713908990,Solved
Oo??WcSOHQPC@TGdI`JoC,16,34,5,6.3568854986,1.3568854986,1.2713770997,Solved
O?M@HGQAWaHdOeSOORL@E,16,36,5,6.3568463571,1.3568463571,1.2713692714,Solved
OoCGG_bGQGOgAJKBIQQSa,16,34,5,6.3567979413,1.3567979413,1.2713595883,Solved
O?N?__EAYCchSHgYSQUU?,16,37,5,6.3567498557,1.3567498557,1.2713499711,Solved
O?Sp@A?CgK@Lc_PDgLSQo,16,34,5,6.3566648391,1.3566648391,1.2713329678,Solved
OAMED@CHAAcTDPBaAMGTc,16,37,5,6.3566499922,1.3566499922,1.2713299984,Solved
O@G[ACaCWJ@QSBgBGcKOd,16,35,5,6.3566163602,1.3566163602,1.2713232720,Solved
Oh??[IAOAOCfISDIaZ?r_,16,36,5,6.3565235391,1.3565235391,1.2713047078,Solved
Og?GgOB_KAJCSSHBdR@go,16,35,5,6.3563808948,1.3563808948,1.2712761790,Solved
OG?[K?g@ObBGcKQAcQiCw,16,34,5,6.3562759409,1.3562759409,1.2712551882,Solved
OKa?GGPAheHWSSIgeaaXO,16,38,5,6.3562121380,1.3562121380,1.2712424276,Solved
O@CcIR?o?g`cGTAiiOdAP,16,35,5,6.3561611357,1.3561611357,1.2712322271,Solved
OoC?O_KGIMO[J?L_GIY_k,16,34,5,6.3559946365,1.3559946365,1.2711989273,Solved
O??GhqBPSgHPkDYITQBh?,16,39,5,6.3558548640,1.3558548640,1.2711709728,Solved
O?N?`?G@Y_qKWdowCtCUO,16,37,5,6.3558421748,1.3558421748,1.2711684350,Solved
O_Cg_GEAJCQJSWgckYCRO,16,37,5,6.3555993486,1.3555993486,1.2711198697,Solved
Oo??WcSGIQPC@THBIQJoC,16,34,5,6.3553643435,1.3553643435,1.2710728687,Solved
OCp@AaAH?RgE@oDaF?t?M,16,35,5,6.3552713797,1.3552713797,1.2710542759,Solved
O_?WOCdk?AaSKOQBkpCO[,16,34,5,6.3551931605,1.3551931605,1.2710386321,Solved
OGCGSIAO`a?dDKaDCOYaH,16,33,5,6.3551518786,1.3551518786,1.2710303757,Solved
OK?XP@GaCJGREPC{CeUM?,16,38,5,6.3551053884,1.3551053884,1.2710210777,Solved
O?cqcA?OHAaK@S?idOqWI,16,33,5,6.3550229368,1.3550229368,1.2710045874,Solved
OGCK?KUAcOEH`DSOcFIBo,16,35,5,6.3548659011,1.3548659011,1.2709731802,Solved
O@@DC`gO?o_EISF`?xcG[,16,34,5,6.3548595673,1.3548595673,1.2709719135,Solved
O_C`_YAOP_dADHBIGO[AX,16,34,5,6.3543841195,1.3543841195,1.2708768239,Solved
O@Q@?_MBSCgLP_aOcAg`T,16,34,5,6.3543275291,1.3543275291,1.2708655058,Solved
O@GSQJ?o?W`cGdCYiOdAP,16,35,5,6.3542685220,1.3542685220,1.2708537044,Solved
O_CPH_IOKAH?@X?fDbD_E,16,33,5,6.3540699422,1.3540699422,1.2708139884,Solved
O_ECAD?[?T`iChHQds@j?,16,37,5,6.3540604521,1.3540604521,1.2708120904,Solved
O_??[aGSAQMSDIHMCYPY_,16,36,5,6.3540490714,1.3540490714,1.2708098143,Solved
OK?XPAHQSCgdEPCkC`]M?,16,38,5,6.3540469860,1.3540469860,1.2708093972,Solved
OA?g_SEKSPkHcHI_wKMK_,16,37,5,6.3540279065,1.3540279065,1.2708055813,Solved
O_ECAD?\?D`hDQIgeS`Z?,16,37,5,6.3540246559,1.3540246559,1.2708049312,Solved
OK?OcPK_IEBBJEGxCyE[?,16,38,5,6.3539709078,1.3539709078,1.2707941816,Solved
OcLHJA?C_BO?A\Cb?bb@B,16,34,5,6.3539254970,1.3539254970,1.2707850994,Solved
O?`Ad?H@hSAhMCLGOAi@T,16,35,5,6.3538447054,1.3538447054,1.2707689411,Solved
Og?GgGB_KAIIQIIbEaPoo,16,35,5,6.3538381419,1.3538381419,1.2707676284,Solved
OHOPUAC_A`_yBCe?CCwEU,16,35,5,6.3538305740,1.3538305740,1.2707661148,Solved
OoCO_WbHAOoWADP_c@i`D,16,34,5,6.3537158430,1.3537158430,1.2707431686,Solved
O@GSQJ?o?W`cGiCTiOdAP,16,35,5,6.3536694166,1.3536694166,1.2707338833,Solved
Og?OG_J_KEH_U_GTdb@_w,16,35,5,6.3536013416,1.3536013416,1.2707202683,Solved
OQoo`D?_?bos?kBOgAhOT,16,35,5,6.3535777019,1.3535777019,1.2707155404,Solved
OKQG`F?K?T`IH_@QAC}?M,16,35,5,6.3535628202,1.3535628202,1.2707125640,Solved
O`CcQI?OGfCYBCBGQ?z?U,16,35,5,6.3535057732,1.3535057732,1.2707011546,Solved
OpEA?OVWOEH?AcHBabc@[,16,36,5,6.3534895366,1.3534895366,1.2706979073,Solved
OaMB@I?_?b_YHCBaHCo`M,16,35,5,6.3534778163,1.3534778163,1.2706955633,Solved
O??xAAEQ@_aYAYS_S?{QQ,16,34,5,6.3534285352,1.3534285352,1.2706857070,Solved
OoCOO_`HqOPG@JS_c@iL@,16,34,5,6.3533936670,1.3533936670,1.2706787334,Solved
O_?WGSpg?a`EM?_`gPrGQ,16,34,5,6.3532897296,1.3532897296,1.2706579459,Solved
O?CiC@@`B_T??LAqawPd_,16,33,5,6.3530420580,1.3530420580,1.2706084116,Solved
OM_HK@DKQA@RIACg_bK@L,16,36,5,6.3529821903,1.3529821903,1.2705964381,Solved
Os?_Wp@T?DD@b?CHcBQEB,16,34,5,6.3529775488,1.3529775488,1.2705955098,Solved
OoY?__[PcD@HOQG[EAoKM,16,36,5,6.3529699010,1.3529699010,1.2705939802,Solved
OoCOGXOa_BcKKaHAGAySI,16,35,5,6.3529415677,1.3529415677,1.2705883135,Solved
OK_PA?xCqWOXH@@gHA[?u,16,36,5,6.3529410181,1.3529410181,1.2705882036,Solved
OKa@AABQ_if?PHII?i_cF,16,36,5,6.3528671366,1.3528671366,1.2705734273,Solved
OoCO?[`GaGO_AFIbISQ`g,16,34,5,6.3527596412,1.3527596412,1.2705519282,Solved
O[S?GHSo_W@ICU_YCOxDW,16,36,5,6.3526172610,1.3526172610,1.2705234522,Solved
OhG?GCS_ScGGQYHF@U_wg,16,35,5,6.3525823466,1.3525823466,1.2705164693,Solved
Oh?OG?L_S`GHUcGqDQ_Wi,16,35,5,6.3525170378,1.3525170378,1.2705034076,Solved
O_?_sAOOAXLC@{DTCZ@q_,16,36,5,6.3524210894,1.3524210894,1.2704842179,Solved
O_Ko_O_@AFo]goSKgwCP`,16,37,5,6.3524185846,1.3524185846,1.2704837169,Solved
OoCGGHOaODccKQKoH@iCk,16,35,5,6.3523816628,1.3523816628,1.2704763326,Solved
O?N?_OF_p@ahcGWDhPVE?,16,37,5,6.3522684518,1.3522684518,1.2704536904,Solved
O?CkC?A?YSgkKdKYIqBR?,16,36,5,6.3522558088,1.3522558088,1.2704511618,Solved
Oi?GhGW_S@GE?rHBBAXSo,16,35,5,6.3521340724,1.3521340724,1.2704268145,Solved
OY_Gk?X`?S?gOUGheBa@w,16,36,5,6.3521331083,1.3521331083,1.2704266217,Solved
O@`@K@@AGDB`CsQAcIkgo,16,34,5,6.3520941066,1.3520941066,1.2704188213,Solved
O@?gADW``S?oEOOFsCsaW,16,34,5,6.3520786135,1.3520786135,1.2704157227,Solved
OoCOGTCa?I_UKWIBGQZ_W,16,35,5,6.3519322081,1.3519322081,1.2703864416,Solved
OhCGSAAOa@CcHUCrAm?Qw,16,36,5,6.3517627659,1.3517627659,1.2703525532,Solved
OUO_GOTWSTCWE@o@?bWDe,16,36,5,6.3517278176,1.3517278176,1.2703455635,Solved
O?N?`?EAIEaiSWgJSQUU?,16,37,5,6.3517161748,1.3517161748,1.2703432350,Solved
OR?KQIOW?H`EGpCqO_iOT,16,35,5,6.3516708419,1.3516708419,1.2703341684,Solved
OoCG`?ec?I`MGCQai@qMC,16,35,5,6.3516332646,1.3516332646,1.2703266529,Solved
Og?GkAAOIqDCHIMS?Yoig,16,36,5,6.3515505428,1.3515505428,1.2703101086,Solved
OhG?GOR`KSGOPOGFah_ok,16,35,5,6.3515184311,1.3515184311,1.2703036862,Solved
OA_g@CEA_rKEPSc[QOvCO,16,37,5,6.3513836542,1.3513836542,1.2702767308,Solved
O`G[AE_S?J@RCWGcG_{OU,16,35,5,6.3513453471,1.3513453471,1.2702690694,Solved
O_?PGSp_?A`eECObk`ToO,16,34,5,6.3513343072,1.3513343072,1.2702668614,Solved
O?D_KCQOXRDQoHKOpaMcO,16,37,5,6.3512647189,1.3512647189,1.2702529438,Solved
O_C_[EoPBOI_?^?hAJHQa,16,36,5,6.3511680226,1.3511680226,1.2702336045,Solved
O?D_?S`OKIdQSibgUQEaG,16,37,5,6.3510911173,1.3510911173,1.2702182235,Solved
OYa?O`BDaK@HE?GUccs@k,16,36,5,6.3510669425,1.3510669425,1.2702133885,Solved
O_?GkQaOBGJ??^GtBF@i_,16,36,5,6.3509790735,1.3509790735,1.2701958147,Solved
OHUE?I?G?XgMD`CqPAHBD,16,35,5,6.3509552356,1.3509552356,1.2701910471,Solved
OYa?O`EIXg@HCc?qG_{@M,16,36,5,6.3509463874,1.3509463874,1.2701892775,Solved
O??WT?RH`OIJPIY?OFKcE,16,35,5,6.3508729126,1.3508729126,1.2701745825,Solved
O`YSA?bCpCAHBEBHGBK@L,16,36,5,6.3508707262,1.3508707262,1.2701741452,Solved
OR`AC?TBPTGHGcCcO_wPM,16,36,5,6.3508604267,1.3508604267,1.2701720853,Solved
O@?G@DHPSQKPckicIpChG,16,37,5,6.3508313195,1.3508313195,1.2701662639,Solved
OoCOZAA`?RaMH@SAcQIPD,16,36,5,6.3507762972,1.3507762972,1.2701552594,Solved
O?hO`CI@X`EAoXoeHGcKP,16,37,5,6.3507387905,1.3507387905,1.2701477581,Solved
Or?GOGXGsEA`H?QEgSs@k,16,36,5,6.3506555194,1.3506555194,1.2701311039,Solved
O_?gh?Xg?@`IM?_qgPqgW,16,34,5,6.3506003281,1.3506003281,1.2701200656,Solved
Oh??G_L_cGGWUaGNDJ?wg,16,35,5,6.3505939932,1.3505939932,1.2701187986,Solved
OoCGOLO`?DcMScKQH?hGT,16,35,5,6.3505825059,1.3505825059,1.2701165012,Solved
Oh???[WcSGIPPKGiDPOWi,16,35,5,6.3505355273,1.3505355273,1.2701071055,Solved
Os??GW[GQCbOCoIAgaj@K,16,34,5,6.3505186608,1.3505186608,1.2701037322,Solved
O?YO`CCAh_QIoYWhGjCTO,16,37,5,6.3502062206,1.3502062206,1.2700412441,Solved
Oo??WORe@IgEG`J@IgQ_U,16,35,5,6.3501030826,1.3501030826,1.2700206165,Solved
O?hO`?CAh`IIoUghH[CMO,16,37,5,6.3500845889,1.3500845889,1.2700169178,Solved
O`GGgD@O@AbIDIGKPO[GY,16,34,5,6.3500652190,1.3500652190,1.2700130438,Solved
O`C`OiAOOW`cGDCIgOkAT,16,34,5,6.3499839414,1.3499839414,1.2699967883,Solved
O?LSCGaCOB@PcAHDgEqSo,16,34,5,6.3499240101,1.3499240101,1.2699848020,Solved
OP`RAQ?_?b_YWCBa@co`M,16,35,5,6.3498421670,1.3498421670,1.2699684334,Solved
O_?hc?X@oi@PECOMKCt?M,16,35,5,6.3498402892,1.3498402892,1.2699680578,Solved
OKa@AABP_qi_HIIHAIGSL,16,36,5,6.3497743643,1.3497743643,1.2699548729,Solved
Osa@?cEAXGbDYWTcKgasO,16,40,5,6.3497490123,1.3497490123,1.2699498025,Solved
O@HC?oKCgMCDQEcGgWkIg,16,35,5,6.3497265002,1.3497265002,1.2699453000,Solved
O?Ch``G`KAGP?i?Ti_TOB,16,33,5,6.3497123930,1.3497123930,1.2699424786,Solved
OoCOOKHGQ@OCKbSDCpIWg,16,34,5,6.3496065732,1.3496065732,1.2699213146,Solved
O@PCP?F@aAog_IICbAo`Y,16,34,5,6.3495779071,1.3495779071,1.2699155814,Solved
O??K?seQHclOdDeGWhBIA,16,38,5,6.3494764995,1.3494764995,1.2698952999,Solved
O?D_@A?OW^DSSwbcUQEaG,16,37,5,6.3494187634,1.3494187634,1.2698837527,Solved
Oo??_S[e@AcqOJPaD?Yi@,16,35,5,6.3494081229,1.3494081229,1.2698816246,Solved
OoCOK_B@PEG`QcKHdEaPo,16,36,5,6.3494008431,1.3494008431,1.2698801686,Solved
O??XP?QPsMJGqWeCKDLHG,16,38,5,6.3493323315,1.3493323315,1.2698664663,Solved
O_?XSAGOA`Kc?vC{Cj@q_,16,36,5,6.3493076067,1.3493076067,1.2698615213,Solved
OoCOGSKc@CgUHSK@GLIOU,16,35,5,6.3492661932,1.3492661932,1.2698532386,Solved
O@C_aYAOGC`aIIO`q`LAW,16,34,5,6.3491118131,1.3491118131,1.2698223626,Solved
O??`qH_aA_ooABFGAMTAE,16,33,5,6.3489373806,1.3489373806,1.2697874761,Solved
O`C`?U?DWd@cGGORgQqWS,16,35,5,6.3488941702,1.3488941702,1.2697788340,Solved
O?CkC?A@XBHKQeKdIpBb?,16,36,5,6.3487984334,1.3487984334,1.2697596867,Solved
OkGOGPDai_EC`?GU`PoE[,16,36,5,6.3487776440,1.3487776440,1.2697555288,Solved
O@DCbAGO?`dAAoHK_xcG[,16,34,5,6.3484947791,1.3484947791,1.2696989558,Solved
Oo??WhWc_HcPIQJ?GIi_M,16,35,5,6.3484642906,1.3484642906,1.2696928581,Solved
O?LSQA?OGCaIH`AYeLDGW,16,34,5,6.3483407566,1.3483407566,1.2696681513,Solved
O`_a??FPSaDRBaUGCG[``,16,36,5,6.3483349299,1.3483349299,1.2696669860,Solved
OoCOXDC__GaIQBIJCEQaP,16,35,5,6.3483254499,1.3483254499,1.2696650900,Solved
OE``S@BKQA@bKABG_RK@L,16,36,5,6.3482897717,1.3482897717,1.2696579543,Solved
OkC_GPD`P_s?QCCh`T_E[,16,36,5,6.3482849249,1.3482849249,1.2696569850,Solved
O?N?ACISLBIPgcDWcqCQH,16,37,5,6.3481905311,1.3481905311,1.2696381062,Solved
Oo?GGOTGIEOWM_LAJAa?m,16,34,5,6.3481826525,1.3481826525,1.2696365305,Solved
Oo??_SWHQDOkJ_V?C@i_d,16,34,5,6.3481245715,1.3481245715,1.2696249143,Solved
OoCOGSg`?B`QKOPBgUR_W,16,35,5,6.3480791951,1.3480791951,1.2696158390,Solved
O_C`_[SIH_@__fOZGQcBP,16,36,5,6.3480011091,1.3480011091,1.2696002218,Solved
O@QAKOB?s?gDIIDDbD@Gh,16,34,5,6.3479797574,1.3479797574,1.2695959515,Solved
O?OoH?JESHiHa`KGwWNC_,16,37,5,6.3479106599,1.3479106599,1.2695821320,Solved
O@@DS@WO?@bAISDqChcG[,16,34,5,6.3479056887,1.3479056887,1.2695811377,Solved
OhG?GCQ_SSGKQKHFAhOwg,16,35,5,6.3478460265,1.3478460265,1.2695692053,Solved
OgC?G?J_KEIgROKceb@Ow,16,35,5,6.3477316052,1.3477316052,1.2695463210,Solved
Oh??GWB_KaGDU_HDdR?wg,16,35,5,6.3477065632,1.3477065632,1.2695413126,Solved
OdIA?P`BbG?XA_CUacs@k,16,36,5,6.3476430933,1.3476430933,1.2695286187,Solved
OgCOOKO_K?GLPiJDDJ@co,16,35,5,6.3476091118,1.3476091118,1.2695218224,Solved
Oh???KX_c_GPRaHLDJ?wg,16,35,5,6.3475491004,1.3475491004,1.2695098201,Solved
Oc_`A?hY?eb_`A?pgSoha,16,36,5,6.3474806752,1.3474806752,1.2694961350,Solved
O@QAC?FAsCGHIIDDbD@Gh,16,34,5,6.3474494386,1.3474494386,1.2694898877,Solved
O@?IA?iDXIBPpHqERWDM?,16,38,5,6.3473141778,1.3473141778,1.2694628356,Solved
OQ?PCXBOS@BPEeJECee[?,16,38,5,6.3472415346,1.3472415346,1.2694483069,Solved
Oh??WCWccGIHPWGYDBOWi,16,35,5,6.3472057656,1.3472057656,1.2694411531,Solved
OkGOGPDaa_EE`?GU`TOE[,16,36,5,6.3471932852,1.3471932852,1.2694386570,Solved
O_?_Wch_?AaQFCPJK@toO,16,34,5,6.3471916835,1.3471916835,1.2694383367,Solved
Oda@@HGO_aacAT@iK?WSX,16,35,5,6.3471640065,1.3471640065,1.2694328013,Solved
O??GkF?c@DhHEWXCecbQ_,16,36,5,6.3469875829,1.3469875829,1.2693975166,Solved
O?Ci?N@PCSQIWQccdS``o,16,37,5,6.3469838233,1.3469838233,1.2693967647,Solved
OQEBCOcO?[_MOWKC`ok_[,16,35,5,6.3469734459,1.3469734459,1.2693946892,Solved
O?OPKQAp?EgDEIHPfAbb?,16,36,5,6.3469619477,1.3469619477,1.2693923895,Solved
O?HOHCIEU@e@a``XIKVC_,16,37,5,6.3469434813,1.3469434813,1.2693886963,Solved
O?ECU?C?yDDbTCLQDKRd?,16,37,5,6.3469396885,1.3469396885,1.2693879377,Solved
O??K@LEIIclOdDhARKAqA,16,38,5,6.3469325799,1.3469325799,1.2693865160,Solved
Oo?OW_He@@cYPHPQD?YcP,16,35,5,6.3468761986,1.3468761986,1.2693752397,Solved
OQq?aGa_AH_MAoKC`oh_[,16,35,5,6.3468352260,1.3468352260,1.2693670452,Solved
Ol?GOGe_ogdAQICPoKaCR,16,36,5,6.3467658067,1.3467658067,1.2693531613,Solved
O_?WOcd_?D`IHcOBm@doA,16,34,5,6.3467594541,1.3467594541,1.2693518908,Solved
OsO?HX_Cgg@Pb?CHcBQEB,16,34,5,6.3467367314,1.3467367314,1.2693473463,Solved
O_KPKA?OAQMG?nHMA]?Z_,16,36,5,6.3466836271,1.3466836271,1.2693367254,Solved
O`YC?`aDd?@JOU@Y@OWhH,16,36,5,6.3465527635,1.3465527635,1.2693105527,Solved
O`_PA@MCsKBHGWW@OaWOu,16,36,5,6.3464831617,1.3464831617,1.2692966323,Solved
Os??GWICHABOPJJCIPJAg,16,34,5,6.3464346213,1.3464346213,1.2692869243,Solved
Oo?W?ceOPOooCJQOjO@?j,16,34,5,6.3462542497,1.3462542497,1.2692508499,Solved
O?MCAOBH_a`dLGO`iED?R,16,35,5,6.3462508510,1.3462508510,1.2692501702,Solved
OoCO[_B@PAG`KHOedEaPo,16,36,5,6.3462186563,1.3462186563,1.2692437313,Solved
OhCGSQCOaGCSG]CiAJ_Ii,16,36,5,6.3462119184,1.3462119184,1.2692423837,Solved
Oo??WgHc_HgaOaIPeCroO,16,35,5,6.3462077372,1.3462077372,1.2692415474,Solved
Oc_`A?hKO[bO_c@Pgcq`Q,16,36,5,6.3462075493,1.3462075493,1.2692415099,Solved
O_?_{AOOAPMGBLI[Aj@Eo,16,36,5,6.3462041793,1.3462041793,1.2692408359,Solved
O?F_GSQ_XcpOSDgOhDJBG,16,37,5,6.3462040490,1.3462040490,1.2692408098,Solved
OkGQC?dB`EBSEAOS_`k@d,16,36,5,6.3462012115,1.3462012115,1.2692402423,Solved
OQGSQIOW?K`LGWCco_iOT,16,35,5,6.3461947730,1.3461947730,1.2692389546,Solved
OQCcQIOW?L@JGWCco_iOT,16,35,5,6.3461494600,1.3461494600,1.2692298920,Solved
OoCOZAA`?QaMGaQ@cdI`c,16,36,5,6.3460773895,1.3460773895,1.2692154779,Solved
OoCPIQG__IaIHHQCeDIDW,16,36,5,6.3460308737,1.3460308737,1.2692061747,Solved
O@YP?__CGSoLPYPdPYEF?,16,37,5,6.3460041399,1.3460041399,1.2692008280,Solved
O??Hk?XGOgkHe@PKhQD@P,16,35,5,6.3459751273,1.3459751273,1.2691950255,Solved
O?LAcODD?PCUKG`BgJTCo,16,35,5,6.3459688950,1.3459688950,1.2691937790,Solved
O?M?HGRA`cGfSSQ_OJL@E,16,36,5,6.3459533392,1.3459533392,1.2691906678,Solved
O?N@?_FOpAApSIaMSAuU?,16,37,5,6.3459447163,1.3459447163,1.2691889433,Solved
O`__aABIOxGq`CCPgPPPB,16,36,5,6.3459434165,1.3459434165,1.2691886833,Solved
O?D_?KaO`QpMSWdKTOUcO,16,37,5,6.3459114357,1.3459114357,1.2691822871,Solved
O_?HGsAD@AF?ON_NIdDP_,16,35,5,6.3459104127,1.3459104127,1.2691820825,Solved
OQF@S@BKQA@bKABG_RK@L,16,36,5,6.3459047789,1.3459047789,1.2691809558,Solved
OSXSA?pBgSCO@RCROAY@X,16,36,5,6.3458640134,1.3458640134,1.2691728027,Solved
O?hO`CDAk`KBggSSogaSP,16,37,5,6.3458341944,1.3458341944,1.2691668389,Solved
O?d_`CH@l?iDggSSogaSP,16,37,5,6.3458288164,1.3458288164,1.2691657633,Solved
O`aCA@AP?ecYEsJWBc`XO,16,38,5,6.3457803250,1.3457803250,1.2691560650,Solved
OgE?`AJgaEAgL?BEGCwO{,16,36,5,6.3454954476,1.3454954476,1.2690990895,Solved
O?U`C@BAu?eDWODKaxCSK,16,37,5,6.3454778948,1.3454778948,1.2690955790,Solved
O??X?PE`r?pDgWcqMGasC,16,37,5,6.3454604386,1.3454604386,1.2690920877,Solved
Og?GkAGQQoCXGkLW?hO`h,16,36,5,6.3454512492,1.3454512492,1.2690902498,Solved
OCOg_Q@Ok?EJDUIiGtFE?,16,37,5,6.3453847203,1.3453847203,1.2690769441,Solved
O?YO?_JoHciOooHHcyCQW,16,37,5,6.3453512113,1.3453512113,1.2690702423,Solved
OB?Gog`_qHcoaR`gLAMPG,16,38,5,6.3453389430,1.3453389430,1.2690677886,Solved
OoCOWGHGIEOSIOKBGaY_k,16,34,5,6.3452667201,1.3452667201,1.2690533440,Solved
OoD@?`JD`g@oGP_RHA[@s,16,36,5,6.3452324596,1.3452324596,1.2690464919,Solved
Oh?OGS@`KaGSRGGadB_oi,16,35,5,6.3452324564,1.3452324564,1.2690464913,Solved
O@QCF?@?oggTJDFgDTAh_,16,37,5,6.3451622127,1.3451622127,1.2690324425,Solved
OoCOGW`c?S_YI@PIgUR_W,16,35,5,6.3451159416,1.3451159416,1.2690231883,Solved
OgC?gGJ_KAH_SSGbeB`Wo,16,35,5,6.3450990725,1.3450990725,1.2690198145,Solved
OqGOGQDHQSOWKIAgABi?m,16,36,5,6.3450271649,1.3450271649,1.2690054330,Solved
OCOg_OFAaCEHDUgMWEfE?,16,37,5,6.3450213955,1.3450213955,1.2690042791,Solved
Os??OWEIGbGYD@GaiaJOS,16,35,5,6.3450023097,1.3450023097,1.2690004619,Solved
O_COPK@@`_D__NOjHFD`_,16,35,5,6.3449281786,1.3449281786,1.2689856357,Solved
O_?_{AOPB?LC?}CV@l@q_,16,36,5,6.3449037976,1.3449037976,1.2689807595,Solved
O?G[QI?OHceK?d?Yj?LGD,16,34,5,6.3448439912,1.3448439912,1.2689687982,Solved
O@??godIAIoYaiV@WUFW?,16,38,5,6.3447660297,1.3447660297,1.2689532059,Solved
O_GX`a?O?T?jEKHKGHKCL,16,34,5,6.3447653237,1.3447653237,1.2689530647,Solved
O@??QCeQHYAiobdcRKFW?,16,38,5,6.3446750306,1.3446750306,1.2689350061,Solved
Oi?Gh?c_c@GE@RArBJ@oc,16,35,5,6.3446480507,1.3446480507,1.2689296101,Solved
Oh??[AGOAHCZHKC{BHOy_,16,36,5,6.3446336946,1.3446336946,1.2689267389,Solved
O@GSQHG`?O_cGTCiiPdAW,16,34,5,6.3445629198,1.3445629198,1.2689125840,Solved
Og?OWCG_CBJGS[HLER@Wo,16,35,5,6.3445611747,1.3445611747,1.2689122349,Solved
O_MCQ@OW?C_}BYCsCdHiO,16,37,5,6.3445531702,1.3445531702,1.2689106340,Solved
Os?GGDGEOiBOGXGiGaZ?w,16,35,5,6.3445209818,1.3445209818,1.2689041964,Solved
O`??KORDPIPcQeWdRPBX?,16,38,5,6.3445205875,1.3445205875,1.2689041175,Solved
O_COPKEC_QD_OF_NKFD`C,16,35,5,6.3442710142,1.3442710142,1.2688542028,Solved
O_MCA@CS?VC]CgBScbPm?,16,37,5,6.3442344862,1.3442344862,1.2688468972,Solved
O?KsQI?OHCaL@cAWq@J?L,16,34,5,6.3442074441,1.3442074441,1.2688414888,Solved
OoCGGDOaOHcSLOKaHHa?m,16,35,5,6.3440388878,1.3440388878,1.2688077776,Solved
O?GHiIAcA?j?@BEICMTAE,16,33,5,6.3440206585,1.3440206585,1.2688041317,Solved
O??GhGiQrGIKcYabUaFo?,16,39,5,6.3439996169,1.3439996169,1.2687999234,Solved
Og??KECTAWEHISMWATOTg,16,36,5,6.3439908456,1.3439908456,1.2687981691,Solved
O?Oo_ObPK`KHIacSpQeM?,16,37,5,6.3439858736,1.3439858736,1.2687971747,Solved
O`??`AI`_qakRoboLAbHO,16,38,5,6.3439832942,1.3439832942,1.2687966588,Solved
O_C_[AAOA`LCDTGuEM?Yo,16,36,5,6.3439588742,1.3439588742,1.2687917748,Solved
O_?XSQAOBGM?AN@\AZ@b_,16,36,5,6.3438475820,1.3438475820,1.2687695164,Solved
O_GY?cEAa`sMgQK_Ga[RA,16,37,5,6.3436810086,1.3436810086,1.2687362017,Solved
Oh??[ACOIGCZIICsbL?y_,16,36,5,6.3436354603,1.3436354603,1.2687270921,Solved
OK?PCTKOSDBBJECkCgm[?,16,38,5,6.3435258728,1.3435258728,1.2687051746,Solved
O_CHKA_OAcMG@NA{Am@Qo,16,36,5,6.3432969539,1.3432969539,1.2686593908,Solved
O_?XSAGOb_K_@]AVA[`b_,16,36,5,6.3432943279,1.3432943279,1.2686588656,Solved
Oo??WOReAIgAHHGbEgaoE,16,35,5,6.3431966123,1.3431966123,1.2686393225,Solved
O@DCS`_O?`dAAWHc_xcG[,16,34,5,6.3430080643,1.3430080643,1.2686016129,Solved
OK`M?__?EBdIDKKC?sgUE,16,35,5,6.3429149535,1.3429149535,1.2685829907,Solved
Oh_S?AdCoq@gG`ObGbOPe,16,36,5,6.3428632245,1.3428632245,1.2685726449,Solved
ORQACAQH_[CHCQA[G_wPk,16,36,5,6.3428174974,1.3428174974,1.2685634995,Solved
O?So__I@XBGQgXoeP`fE?,16,37,5,6.3428150759,1.3428150759,1.2685630152,Solved
Os_?IGbO_gc_C`ISH@OpG,16,32,5,6.3428000137,1.3428000137,1.2685600027,Solved
O?LS@DACOB?pcAGLhAsWo,16,34,5,6.3427076432,1.3427076432,1.2685415286,Solved
O?U`?cCAh_sIShoYGhCT@,16,37,5,6.3426976059,1.3426976059,1.2685395212,Solved
O@`Ad?B?pPAbJCFGGBK@L,16,35,5,6.3426867749,1.3426867749,1.2685373550,Solved
O_?_{AOOI_LC@VBYCZ@q_,16,36,5,6.3426423986,1.3426423986,1.2685284797,Solved
OhCGKACQAQCDG{CiAY_Ii,16,36,5,6.3426402700,1.3426402700,1.2685280540,Solved
O@U`?cOGADOJBhBUWUEB_,16,37,5,6.3426071021,1.3426071021,1.2685214204,Solved
O_CgOGSI?B_UgaSPkPCaH,16,34,5,6.3425751627,1.3425751627,1.2685150325,Solved
OoCGG?bHQOPGCfSoC@ih@,16,34,5,6.3425488382,1.3425488382,1.2685097676,Solved
O`G__U@O?KaiEIGKGo[OY,16,34,5,6.3425143995,1.3425143995,1.2685028799,Solved
OQ_cA@EIOYKPDc_ObCg`q,16,36,5,6.3424744140,1.3424744140,1.2684948828,Solved
OoC?[?TCqa@gWLGbCbAPB,16,36,5,6.3423385517,1.3423385517,1.2684677103,Solved
OQ?GGQGDIHDBWwcpEXEE_,16,37,5,6.3423358578,1.3423358578,1.2684671716,Solved
O@?QKHge?o?aI_GrGHs@[,16,34,5,6.3421698316,1.3421698316,1.2684339663,Solved
O_CiC?F@c`iIgHKoHAXUO,16,37,5,6.3421557866,1.3421557866,1.2684311573,Solved
O?D_?M@Ih`WPIPSgppEa_,16,37,5,6.3420681118,1.3420681118,1.2684136224,Solved
Oh??_GX_SHGWR_GFdR?wg,16,35,5,6.3420045087,1.3420045087,1.2684009017,Solved
O_CHKAQSBaL?@I?t_m`Qc,16,36,5,6.3419251525,1.3419251525,1.2683850305,Solved
O@GGiPc_a?r??bDA?M\AE,16,33,5,6.3419078949,1.3419078949,1.2683815790,Solved
OdOHC?JIOkC_OR_dAcY@w,16,36,5,6.3418755098,1.3418755098,1.2683751020,Solved
O?C@KIOa?HeHQhSsKeBQO,16,36,5,6.3418166876,1.3418166876,1.2683633375,Solved
Oo?GqGa__P_eU@TACIXaW,16,35,5,6.3417792952,1.3417792952,1.2683558590,Solved
O?MCD?ACobCeTWQbKpAX_,16,37,5,6.3416630507,1.3416630507,1.2683326101,Solved
ODXCM?`GOh@RDCAggBK@L,16,36,5,6.3416429332,1.3416429332,1.2683285866,Solved
O?Dc@?MDd@PIQUcWKOieO,16,37,5,6.3416307841,1.3416307841,1.2683261568,Solved
OGCGSHO?weOSaCPAc`p_i,16,34,5,6.3416084482,1.3416084482,1.2683216896,Solved
OKO_kR?K?E`aBIGhAG]?X,16,35,5,6.3415162402,1.3415162402,1.2683032480,Solved
O_?XSQ_OacK_AJC\?n@ac,16,36,5,6.3414862301,1.3414862301,1.2682972460,Solved
OhG??WR_cPGOPaHFAIowg,16,35,5,6.3414101997,1.3414101997,1.2682820399,Solved
O`Q??@RgowdGJGP`AG[CX,16,36,5,6.3414005672,1.3414005672,1.2682801134,Solved
OCHGGGHOSDeHEcKkWCvE?,16,37,5,6.3413985717,1.3413985717,1.2682797143,Solved
O??GkEOp@CeIQJEQKcJR?,16,36,5,6.3413691802,1.3413691802,1.2682738360,Solved
O_C_??I@\BIR[WkcHwC]?,16,37,5,6.3413552870,1.3413552870,1.2682710574,Solved
O?GW_IBWIPKWcFKQOqMU?,16,37,5,6.3413487057,1.3413487057,1.2682697411,Solved
O?D_?LAIKakPaXKWPoMc_,16,37,5,6.3412341121,1.3412341121,1.2682468224,Solved
O??WP@E`t@HHaWSqMATcG,16,37,5,6.3412230254,1.3412230254,1.2682446051,Solved
OB?GgqAGpPHEHW`RWbESC,16,38,5,6.3412197750,1.3412197750,1.2682439550,Solved
O?dlAa@Oc_K?CLGM@OgIT,16,34,5,6.3412189352,1.3412189352,1.2682437870,Solved
OB?hP?XDAQpI_kP@oTMM?,16,38,5,6.3411253562,1.3411253562,1.2682250712,Solved
O@`BC_BAPGaqEIJGGA[@X,16,35,5,6.3411069664,1.3411069664,1.2682213933,Solved
OQ`@?_dOosOhJCC_hCk@q,16,36,5,6.3410650725,1.3410650725,1.2682130145,Solved
Og??[ACPQgCXIQMWAUOpg,16,36,5,6.3410283185,1.3410283185,1.2682056637,Solved
Os?GOGWHAEaWD_GWhAj@K,16,34,5,6.3409888315,1.3409888315,1.2681977663,Solved
O??XUAG`A?kECrHYIU@qO,16,36,5,6.3409816454,1.3409816454,1.2681963291,Solved
OoCGHCca?d_MGCQBiOqiC,16,35,5,6.3409399360,1.3409399360,1.2681879872,Solved
O?c`?cK?icEARSOXOLcGq,16,35,5,6.3408897878,1.3408897878,1.2681779576,Solved
Oo??Wc_a?JaeQPL?gUJoO,16,35,5,6.3408747477,1.3408747477,1.2681749495,Solved
O_K?l?BCPC`aL?RKGDs@[,16,35,5,6.3408585114,1.3408585114,1.2681717023,Solved
O?MAD?@CPC`uDgWCqDIXO,16,35,5,6.3407701510,1.3407701510,1.2681540302,Solved
OoC?WOSGIEOKLOKBHaICk,16,34,5,6.3406854961,1.3406854961,1.2681370992,Solved
OoCGOCac?K_iKQQHgmB_W,16,35,5,6.3406815081,1.3406815081,1.2681363016,Solved
ODjAA?c@_QcIC[CiH?{DW,16,36,5,6.3406415198,1.3406415198,1.2681283040,Solved
O?N?_OFOSEEFSAaKcqVE?,16,37,5,6.3406415023,1.3406415023,1.2681283005,Solved
O?GWIEAE[IKDQAKWqOvC_,16,37,5,6.3406277068,1.3406277068,1.2681255414,Solved
O@?IA?eIOrAwpEqHQqDU?,16,38,5,6.3406269749,1.3406269749,1.2681253950,Solved
O@?BSiGP@OacECHGgHkC[,16,34,5,6.3404655070,1.3404655070,1.2680931014,Solved
O??G`@B`sUMBdGiGLOQiA,16,37,5,6.3404600523,1.3404600523,1.2680920105,Solved
O@??Q@KaPYQTTcXcRgDF?,16,38,5,6.3404403325,1.3404403325,1.2680880665,Solved
O??KAeOPaTCkI[kEEoEOH,16,37,5,6.3403850672,1.3403850672,1.2680770134,Solved
O_?_Wc[_?AaQISPBkDdoO,16,34,5,6.3403794101,1.3403794101,1.2680758820,Solved
OIeaC?pQ?c@O@k@VCHs@w,16,36,5,6.3402834280,1.3402834280,1.2680566856,Solved
O?U`?cCAk_sIShWYGhCT@,16,37,5,6.3402710920,1.3402710920,1.2680542184,Solved
OoC?`@Ma?EaiH_LAH@qAe,16,35,5,6.3402393378,1.3402393378,1.2680478676,Solved
O@`?WYAO[GH?GXCeaL`Cw,16,35,5,6.3402377735,1.3402377735,1.2680475547,Solved
O_??[I_PBAJcCiEMDIPe_,16,36,5,6.3401795759,1.3401795759,1.2680359152,Solved
O@?ICKUH_qdGoJqKI_dS@,16,38,5,6.3401718398,1.3401718398,1.2680343680,Solved
O?`Ad?I@WqCpMCLGOAi@T,16,35,5,6.3401132645,1.3401132645,1.2680226529,Solved
O?ECA_A@XSeOJWPJHAd`@,16,35,5,6.3400678531,1.3400678531,1.2680135706,Solved
OoCOK@PBOUAGGNWdG``T@,16,36,5,6.3400050059,1.3400050059,1.2680010012,Solved
OAICC?CAYKeLWWF_h[@k_,16,37,5,6.3399972191,1.3399972191,1.2679994438,Solved
O@Q?WX@_kOG`GiCTaT@Ah,16,35,5,6.3399794425,1.3399794425,1.2679958885,Solved
O_ADA@OQ?e`[H[FoEa`XO,16,37,5,6.3398980494,1.3398980494,1.2679796099,Solved
O?ECU?LOhDAbPAKSdGrk?,16,37,5,6.3398130095,1.3398130095,1.2679626019,Solved
O`GO_XA_OSCWHMAKI@kGY,16,34,5,6.3398016720,1.3398016720,1.2679603344,Solved
O@@KQE?IWrCsDcoBjCDI@,16,38,5,6.3397829560,1.3397829560,1.2679565912,Solved
OoCO?c`GaGO_AVIbHsA`g,16,34,5,6.3396182238,1.3396182238,1.2679236448,Solved
O?GHiI?eACIC@BEICMTAE,16,33,5,6.3395352022,1.3395352022,1.2679070404,Solved
OhG?GCQ_SSGHQKHLAhOwg,16,35,5,6.3394734106,1.3394734106,1.2678946821,Solved
O??K?keQS`ioYahCJCLQG,16,38,5,6.3394195511,1.3394195511,1.2678839102,Solved
O_GX_M?OO_`THIKKG?{QP,16,34,5,6.3394008174,1.3394008174,1.2678801635,Solved
OCa?GSQDQSdEHISPkkBs?,16,38,5,6.3393979325,1.3393979325,1.2678795865,Solved
OoC?k_`?oIGcKFIFHTAX_,16,36,5,6.3393763928,1.3393763928,1.2678752786,Solved
O_ECA@CW?f`iDSIgeS`]?,16,37,5,6.3393660021,1.3393660021,1.2678732004,Solved
O@`?OGhDgqCoOJ_FIWLEC,16,36,5,6.3392047437,1.3392047437,1.2678409487,Solved
O@@CAE?EX\AkHcq@jSDY?,16,38,5,6.3391666950,1.3391666950,1.2678333390,Solved
O??OXqOO{ILDRG[aUOTW_,16,39,5,6.3391624375,1.3391624375,1.2678324875,Solved
OqGO??fEpIBGOb_bHCKGd,16,36,5,6.3391484870,1.3391484870,1.2678296974,Solved
O`GOWW_CAXpegsSwKICd@,16,39,5,6.3391103569,1.3391103569,1.2678220714,Solved
O?GAKIGU?HEcE_KqGHt?s,16,34,5,6.3391003443,1.3391003443,1.2678200689,Solved
O?LCL?AG_a`dLG_DiMAPQ,16,35,5,6.3390861475,1.3390861475,1.2678172295,Solved
O?MCAOBGog`cLGObiAd@P,16,35,5,6.3390796043,1.3390796043,1.2678159209,Solved
Og?O[QCOaoCTIGK[?jOak,16,36,5,6.3390706955,1.3390706955,1.2678141391,Solved
O@CPAEEQ?KCaAPcEkDSQW,16,34,5,6.3390302960,1.3390302960,1.2678060592,Solved
Og?Go?B_KAIgUSLIDB`Ko,16,35,5,6.3389832299,1.3389832299,1.2677966460,Solved
O_?_{AOOAXL?@\CVC]@q_,16,36,5,6.3389728649,1.3389728649,1.2677945730,Solved
Og?OWCD_KAJCSSJAcR`oo,16,35,5,6.3389578926,1.3389578926,1.2677915785,Solved
O??LA_hDhIBOOF_JK_KoD,16,35,5,6.3389457316,1.3389457316,1.2677891463,Solved
O?M?HGPAhcGbSoQgOJL@K,16,36,5,6.3389195915,1.3389195915,1.2677839183,Solved
O_CGPCTg?DaAKAP`ogrOW,16,34,5,6.3388935776,1.3388935776,1.2677787155,Solved
OoCGO_DGIEOSHOLBHAqcc,16,34,5,6.3388742229,1.3388742229,1.2677748446,Solved
O?D_H?JCaaWEgMIbPiEe?,16,37,5,6.3387910701,1.3387910701,1.2677582140,Solved
O?U_@?OWkeW[WID_pIG^?,16,37,5,6.3387604198,1.3387604198,1.2677520840,Solved
OkGQC?dB_MBSEAOSc@k@d,16,36,5,6.3387146234,1.3387146234,1.2677429247,Solved
Os??GTKF?iAOGXIBGQZ?w,16,35,5,6.3386673105,1.3386673105,1.2677334621,Solved
Oo?GgSSOP@OKHDObFAIoS,16,34,5,6.3386154570,1.3386154570,1.2677230914,Solved
OhCGKACOIQCDIsCiAY_Ii,16,36,5,6.3386099310,1.3386099310,1.2677219862,Solved
OGCSK?_@Ob@kcKOBdQISo,16,34,5,6.3385854842,1.3385854842,1.2677170968,Solved
OhG?GCQ_SSGKSQHF@eOwg,16,35,5,6.3385801762,1.3385801762,1.2677160352,Solved
OoCGK@RCoi@GWFGbCcaOb,16,36,5,6.3385740000,1.3385740000,1.2677148000,Solved
OoC?`DKa?DaiH_LAH@qAe,16,35,5,6.3385684977,1.3385684977,1.2677136995,Solved
Og?GoGB_KAI_USIJCR`go,16,35,5,6.3384548232,1.3384548232,1.2676909646,Solved
OqCGc?FDOQGGHbGNDOa@p,16,36,5,6.3383435344,1.3383435344,1.2676687069,Solved
O?`?OKgDHqEo_TOiiKDC`,16,36,5,6.3382405781,1.3382405781,1.2676481156,Solved
O??GpHHPcEUEeShgN@BgO,16,39,5,6.3382366580,1.3382366580,1.2676473316,Solved
O??OPL_ckXJGeW[aLaDKG,16,39,5,6.3382090766,1.3382090766,1.2676418153,Solved
Oo??GSPEa@PcGbHEIGZw?,16,34,5,6.3381680390,1.3381680390,1.2676336078,Solved
O@@KQD?EHQAtHgoErKDI_,16,38,5,6.3381258253,1.3381258253,1.2676251651,Solved
O?SpC@@CoL@Hc_GHgasOq,16,34,5,6.3380223175,1.3380223175,1.2676044635,Solved
O_ECA@A\?H@ZCqJGdX@j?,16,37,5,6.3380184135,1.3380184135,1.2676036827,Solved
Oi?GOGO_SGG\IKCqcu@oo,16,35,5,6.3379471297,1.3379471297,1.2675894259,Solved
OoCGGcdGaOP??VT?cPi`g,16,34,5,6.3376565199,1.3376565199,1.2675313040,Solved
O?D_GS`O@SsIckShPeEaO,16,37,5,6.3375026551,1.3375026551,1.2675005310,Solved
Oo??WGHfA?i_GJIRETAeC,16,35,5,6.3374977014,1.3374977014,1.2674995403,Solved
O_?GkAaOJ?N?@VAuBL@i_,16,36,5,6.3374977005,1.3374977005,1.2674995401,Solved
OKHC?ALOpKEGEQbDGOo`p,16,36,5,6.3374813405,1.3374813405,1.2674962681,Solved
O?D_GSQGKJPQWXSETOMa_,16,37,5,6.3374807077,1.3374807077,1.2674961415,Solved
Os??WO_HQFAgCcFGHCr?M,16,34,5,6.3374397814,1.3374397814,1.2674879563,Solved
Oo?O?K`GaWP_CjM_JIA@i,16,34,5,6.3374379200,1.3374379200,1.2674875840,Solved
O_GWOIAOOocdKcKWGOkAT,16,34,5,6.3373222046,1.3373222046,1.2674644409,Solved
OqGO??fErAQGQG`C`PgK[,16,36,5,6.3371797613,1.3371797613,1.2674359523,Solved
O@O]D@Og?HggaGEQ?QxC[,16,35,5,6.3371637894,1.3371637894,1.2674327579,Solved
OQcq@D?_Cb?uOSBG_RHOL,16,35,5,6.3371416851,1.3371416851,1.2674283370,Solved
OcY@Ia?G?FgaGWBCaSgo[,16,35,5,6.3369916688,1.3369916688,1.2673983338,Solved
OoCG`?e_?KaEAsQRIiB?[,16,35,5,6.3369622105,1.3369622105,1.2673924421,Solved
O??GlACa@DgiKHQomEAqO,16,36,5,6.3369024286,1.3369024286,1.2673804857,Solved
Op_HG`OOOTaaPO?wD?{?],16,35,5,6.3368514462,1.3368514462,1.2673702892,Solved
OpEA?QBBaWAoGROPCFG`e,16,36,5,6.3368382457,1.3368382457,1.2673676491,Solved
O_?GkQOQAaLC?tHIcV@i_,16,36,5,6.3368362177,1.3368362177,1.2673672435,Solved
OdH?GOTWSSGWB?_kaBp@[,16,36,5,6.3367653806,1.3367653806,1.2673530761,Solved
O?D_@?J`M@DPKeSTPwEe?,16,37,5,6.3367513318,1.3367513318,1.2673502664,Solved
O`IGaA@O_i`SAoGKi_l?[,16,35,5,6.3366965341,1.3366965341,1.2673393068,Solved
O_GWS?PKPIAP@cOmHCt@K,16,35,5,6.3366560854,1.3366560854,1.2673312171,Solved
O??I``CIIQCp`sawYAd`O,16,37,5,6.3365594243,1.3365594243,1.2673118849,Solved
O_C?_Os_{GGgWqRCE@hSW,16,35,5,6.3364757795,1.3364757795,1.2672951559,Solved
O_?G`KICOKF?ON_NLBDh?,16,35,5,6.3364567746,1.3364567746,1.2672913549,Solved
Oo??gT?c?JdUGWMAGaYwC,16,35,5,6.3364536861,1.3364536861,1.2672907372,Solved
O_C_hSA?WW`cgISDkDC_h,16,35,5,6.3364478828,1.3364478828,1.2672895766,Solved
OoU?`?FW_i`o_PSGc@gPd,16,36,5,6.3364076593,1.3364076593,1.2672815319,Solved
O??LIogDHGB?Oj_VKAc`P,16,35,5,6.3362775316,1.3362775316,1.2672555063,Solved
OoY?__[PcDCJAQKCgKGKL,16,36,5,6.3362408554,1.3362408554,1.2672481711,Solved
OoCQHQC__W`SKBKKGHiBc,16,36,5,6.3362336153,1.3362336153,1.2672467231,Solved
O?LSC@ACoR?pc?GXcbQOk,16,34,5,6.3362282728,1.3362282728,1.2672456546,Solved
O?EDCO@OOdkhJKQgEaIl?,16,37,5,6.3361893984,1.3361893984,1.2672378797,Solved
O_?GkAaQAGN??^GuBL@i_,16,36,5,6.3361377608,1.3361377608,1.2672275522,Solved
O?D_?T@DkIIPgTIIYOLT?,16,37,5,6.3361072040,1.3361072040,1.2672214408,Solved
OBAITAOW?P`KCqg_?ayGY,16,35,5,6.3360080380,1.3360080380,1.2672016076,Solved
OpEA?P`CpIAsAaQAOAwHe,16,36,5,6.3360035176,1.3360035176,1.2672007035,Solved
Oi?GH?T`CCGYAJEQCQXoo,16,35,5,6.3359472249,1.3359472249,1.2671894450,Solved
Oo?WP?aa?HaMQBKCgwIeO,16,35,5,6.3359113944,1.3359113944,1.2671822789,Solved
OL_KI?B@OaGPPIgDdF?pg,16,36,5,6.3358932856,1.3358932856,1.2671786571,Solved
OaIPCP??_pce@wQCaWd?R,16,35,5,6.3358907774,1.3358907774,1.2671781555,Solved
O?HOOLAa\BOooOKHb@rc_,16,37,5,6.3358897679,1.3358897679,1.2671779536,Solved
O??HGogDIEo[gSSgk_coP,16,36,5,6.3358760580,1.3358760580,1.2671752116,Solved
O?U`@@AA``wIoqD[AocR@,16,37,5,6.3358188295,1.3358188295,1.2671637659,Solved
O@?ACEIHWhDooFYQJgC{?,16,38,5,6.3358150303,1.3358150303,1.2671630061,Solved
OoSS@?RJBH?gCOAbgQs@k,16,36,5,6.3357926555,1.3357926555,1.2671585311,Solved
O?ECE?DP?TaUJPKsLSBgO,16,37,5,6.3357887510,1.3357887510,1.2671577502,Solved
O@@IAACEXRApGwq@rWDK_,16,38,5,6.3357779150,1.3357779150,1.2671555830,Solved
O_??`STg?PbaM?`_gpR?Y,16,34,5,6.3357621206,1.3357621206,1.2671524241,Solved
OgMC?a`L?EgIAhCg@`iGU,16,36,5,6.3357059929,1.3357059929,1.2671411986,Solved
Og?O[ACQIaDDMOKs?TOIh,16,36,5,6.3357046271,1.3357046271,1.2671409254,Solved
O`aCA@AP?eakEsJWDQ`XO,16,38,5,6.3356948142,1.3356948142,1.2671389628,Solved
OoCGGHO__RceSSKoH?hCT,16,35,5,6.3356850805,1.3356850805,1.2671370161,Solved
O??H?eDaagfCp`XSJSDQO,16,38,5,6.3356594527,1.3356594527,1.2671318905,Solved
O@U`?O`@sEGFD@SMPSUEC,16,37,5,6.3355880516,1.3355880516,1.2671176103,Solved
O_?WOcAAPIEOON_NKeDp?,16,35,5,6.3355459341,1.3355459341,1.2671091868,Solved
O?op?_CA|?kKc`owGhOtO,16,37,5,6.3355304453,1.3355304453,1.2671060891,Solved
Oo?OpD?_?LaEIBRPFEAIc,16,35,5,6.3355248988,1.3355248988,1.2671049798,Solved
OK?XP@GaCFGbEPC{CeUM?,16,38,5,6.3354976469,1.3354976469,1.2670995294,Solved
Os??OWWGAAaWDcHiHab@K,16,34,5,6.3354478336,1.3354478336,1.2670895667,Solved
O??_goiP[JHPgoV?uAfo?,16,39,5,6.3354048248,1.3354048248,1.2670809650,Solved
OkGYC?FA`GB?OV?rEEK@w,16,36,5,6.3354008217,1.3354008217,1.2670801643,Solved
O@U`?_CGGTOJShPUPYEF?,16,37,5,6.3353990992,1.3353990992,1.2670798198,Solved
O_CkA?I@XceKD_IOoAi@T,16,35,5,6.3353350850,1.3353350850,1.2670670170,Solved
OR`CA?J@oocdICDGOGyCU,16,36,5,6.3353178852,1.3353178852,1.2670635770,Solved
O@?gqH?_gDBC?VY?q`LAW,16,34,5,6.3352448176,1.3352448176,1.2670489635,Solved
O?G[?TCoSPIPSQHcsK`d_,16,37,5,6.3352287089,1.3352287089,1.2670457418,Solved
Oo??g_Je@HgIG`J@HgQ_U,16,35,5,6.3352210120,1.3352210120,1.2670442024,Solved
OA?gQCDKSPk@aPchESUK_,16,37,5,6.3351886363,1.3351886363,1.2670377273,Solved
O@?KAICCxKD[qET_JDDQA,16,38,5,6.3351798047,1.3351798047,1.2670359609,Solved
Og?Oo?F_KAHgSSJAcR`oo,16,35,5,6.3351427284,1.3351427284,1.2670285457,Solved
Os??OKPF@CGHI@D_hdB@a,16,33,5,6.3350948058,1.3350948058,1.2670189612,Solved
Os??GS[GaAhAHADPBOR@B,16,33,5,6.3350889629,1.3350889629,1.2670177926,Solved
Os?a?OrBaXBOGP@PIA[?u,16,36,5,6.3350880210,1.3350880210,1.2670176042,Solved
O@HCGCOAgiOBHXaIIIIRG,16,35,5,6.3350665123,1.3350665123,1.2670133025,Solved
OK_aOh?_?RosDcOSDCX_Y,16,35,5,6.3350544171,1.3350544171,1.2670108834,Solved
Os?GODGEOcAgGJHYGqR?w,16,35,5,6.3350468821,1.3350468821,1.2670093764,Solved
Oc_a@AEAoiDPCWKKH@YGk,16,36,5,6.3350206053,1.3350206053,1.2670041211,Solved
Oh?GKAGSi?CSHYEqAh_Qw,16,36,5,6.3349443390,1.3349443390,1.2669888678,Solved
O@`LAa?O?pceAp@qQAJ@D,16,35,5,6.3348591165,1.3348591165,1.2669718233,Solved
Oo??gWIe@HgQGXT?d?iaP,16,35,5,6.3348417163,1.3348417163,1.2669683433,Solved
Oh?OGS@_kaGcRGGadB_oi,16,35,5,6.3348203989,1.3348203989,1.2669640798,Solved
OoC?gT?c?BdeGgLAGIYWS,16,35,5,6.3347703304,1.3347703304,1.2669540661,Solved
OKaA@ABAqoEOBHHM?ha_d,16,36,5,6.3347647982,1.3347647982,1.2669529596,Solved
O`?GOMGGWbGcQE`?cPgci,16,34,5,6.3347522426,1.3347522426,1.2669504485,Solved
Oo??gSPe@HgaGPOadCiwC,16,35,5,6.3347082621,1.3347082621,1.2669416524,Solved
Oq?OS?REOYGGGfJHCoa@p,16,36,5,6.3346915596,1.3346915596,1.2669383119,Solved
O_GP_YAOPGbAHHEIGO[AX,16,34,5,6.3346572559,1.3346572559,1.2669314512,Solved
Oo?G_gJeAAcEHaP`D@I_L,16,35,5,6.3346506133,1.3346506133,1.2669301227,Solved
O_ECAD?X?TaUDQIgdg`j?,16,37,5,6.3344769064,1.3344769064,1.2668953813,Solved
Oc_`A?pRGebO_gIAG_wIM,16,36,5,6.3344640550,1.3344640550,1.2668928110,Solved
O_?P[A_OAXJ??|E[Ci`ao,16,36,5,6.3344235866,1.3344235866,1.2668847173,Solved
OoCOHHIa?E_eK_KBH@qAe,16,35,5,6.3344047422,1.3344047422,1.2668809484,Solved
Og?GgG@_KAJCUSIiCR`go,16,35,5,6.3341851684,1.3341851684,1.2668370337,Solved
OAIGCAAAorEEPKKogwfCO,16,37,5,6.3341461084,1.3341461084,1.2668292217,Solved
O?hP?cI@X`EAoXoeHGcKP,16,37,5,6.3340410433,1.3340410433,1.2668082087,Solved
OKa@AABQ_ibOIIPHEAGIL,16,36,5,6.3340292665,1.3340292665,1.2668058533,Solved
OoCOOGOIPcGKPg_wD_a?r,16,33,5,6.3338322158,1.3338322158,1.2667664432,Solved
O?hO`CDAi_e?oTgiOhaTG,16,37,5,6.3338053172,1.3338053172,1.2667610634,Solved
O?`Ad?I@XSAhMCLGOBI@L,16,35,5,6.3337262054,1.3337262054,1.2667452411,Solved
O_?GkAcOb_KWA]@UBChq_,16,36,5,6.3336303679,1.3336303679,1.2667260736,Solved
Og?O[ACSQoDEGyMO?UGIX,16,36,5,6.3336124567,1.3336124567,1.2667224913,Solved
O?GOOK`CiPOb[PkaXIEL?,16,37,5,6.3336040186,1.3336040186,1.2667208037,Solved
O??[RGHChGeOOJ_JHAL_D,16,35,5,6.3336023089,1.3336023089,1.2667204618,Solved
OoC?gS`GaWP_CJL?GIY@i,16,34,5,6.3335810924,1.3335810924,1.2667162185,Solved
O?hP?cI@X_eCodoYHGcKP,16,37,5,6.3335768347,1.3335768347,1.2667153669,Solved
O?D_?S`OGlDQoRdSTQEd?,16,37,5,6.3334490483,1.3334490483,1.2666898097,Solved
OM_K@ADHaK@HA_CUeCq@k,16,36,5,6.3334268048,1.3334268048,1.2666853610,Solved
O?U_`@?ADDkQcXD[GyCV?,16,37,5,6.3334117846,1.3334117846,1.2666823569,Solved
Oh??G_L_kgGGQoGFdP_wg,16,35,5,6.3333838009,1.3333838009,1.2666767602,Solved
O?ECD?CAiIeTJ_SWh[Bg_,16,37,5,6.3333816600,1.3333816600,1.2666763320,Solved
O_ECA@_Q`G`\CiD[DgPm?,16,37,5,6.3333761601,1.3333761601,1.2666752320,Solved
O@HC@@@AOI@TDcaIiRCgg,16,34,5,6.3333743276,1.3333743276,1.2666748655,Solved
O??[R_GChGe?Oj_ZHAdH@,16,35,5,6.3333643133,1.3333643133,1.2666728627,Solved
O??GhUAEHGkcUIcRWiFS?,16,38,5,6.3333520896,1.3333520896,1.2666704179,Solved
O@?AAPKDpIBoqEciSKd[?,16,38,5,6.3333345312,1.3333345312,1.2666669062,Solved
O??G`EIPXoecqPpaJGDK@,16,38,5,6.3332965460,1.3332965460,1.2666593092,Solved
O@GX?_FAt@iEPaaP{gEs?,16,39,5,6.3332650942,1.3332650942,1.2666530188,Solved
ORAKQ?dEPAH@CiPAOAwDi,16,36,5,6.3332638644,1.3332638644,1.2666527729,Solved
O@`Cb?H@hOadECHGOGyCU,16,35,5,6.3332310735,1.3332310735,1.2666462147,Solved
O@`?OKhDgqCo_FOJQGJCD,16,36,5,6.3332303484,1.3332303484,1.2666460697,Solved
Oo??gS[e@GgaGXOad?iaP,16,35,5,6.3331287954,1.3331287954,1.2666257591,Solved
O_CP[AGOAHM?@\?vEM@Qo,16,36,5,6.3330773083,1.3330773083,1.2666154617,Solved
Oo??gWIcOHcHOdJ?iCjoO,16,35,5,6.3330753061,1.3330753061,1.2666150612,Solved
O@GQcIGOG[CJAS?hk_K_T,16,34,5,6.3330302082,1.3330302082,1.2666060416,Solved
Oc_`A?hKO[bO_g@Pgaq`Q,16,36,5,6.3329228676,1.3329228676,1.2665845735,Solved
O?U_`?CA|?qGSYWhGpcV?,16,37,5,6.3328921492,1.3328921492,1.2665784298,Solved
O@GGqD?`GDAcGUa@i`LAW,16,34,5,6.3328331943,1.3328331943,1.2665666389,Solved
O_?GkA_OApN?@\A{CZ@i_,16,36,5,6.3328253642,1.3328253642,1.2665650728,Solved
O@U_`?G@GNGYSEgHpYEF?,16,37,5,6.3328197494,1.3328197494,1.2665639499,Solved
O_CP[ACOAPM?@V?|EJ@R_,16,36,5,6.3327188314,1.3327188314,1.2665437663,Solved
OK?PCU?PiABBEiJICke[?,16,38,5,6.3326976031,1.3326976031,1.2665395206,Solved
O_GGkAWOi_MG@HAUcXPIo,16,36,5,6.3326309141,1.3326309141,1.2665261828,Solved
O??XL?PAhOIJPIY?OTK_e,16,35,5,6.3326189562,1.3326189562,1.2665237912,Solved
O?G?kQOg_a_dUDRIKkBEG,16,36,5,6.3325902251,1.3325902251,1.2665180450,Solved
O@QGOLAGWOadcccYKHVCG,16,37,5,6.3325614944,1.3325614944,1.2665122989,Solved
O@?GGQCW[SqWgoSwI`RPG,16,37,5,6.3324174540,1.3324174540,1.2664834908,Solved
O??XQ?RHSMFGqKiGIBMKG,16,38,5,6.3324156442,1.3324156442,1.2664831288,Solved
O?e@?cG@icEAQSHIoLaJG,16,35,5,6.3323931576,1.3323931576,1.2664786315,Solved
O@OG_SS`aBcIOhHaPCkiC,16,36,5,6.3323529811,1.3323529811,1.2664705962,Solved
OG?WcEC@OqQAQ`I`GFH@s,16,34,5,6.3323479172,1.3323479172,1.2664695834,Solved
Oo??GWPf@Dc_QHU`EOQAX,16,35,5,6.3323049395,1.3323049395,1.2664609879,Solved
O?caG_C?i`EAQXIUO[cIo,16,35,5,6.3322272473,1.3322272473,1.2664454495,Solved
O_?_{AGOA`N?@VD[DJ@F_,16,36,5,6.3322145777,1.3322145777,1.2664429155,Solved
O?G\A__C?Q_tWDcIguCR_,16,35,5,6.3321881910,1.3321881910,1.2664376382,Solved
O@CPADCaG[@C@Tc`K@\AW,16,34,5,6.3321262725,1.3321262725,1.2664252545,Solved
OoCPIQG__W_kC[KDGTJ?[,16,36,5,6.3321019035,1.3321019035,1.2664203807,Solved
O_?O[AcOApM?A\?vDi@e_,16,36,5,6.3320773714,1.3320773714,1.2664154743,Solved
Oh?OWCH_S`GgPKGadB_oi,16,35,5,6.3320589802,1.3320589802,1.2664117960,Solved
Oo??GT[c_WeHHOI_I@Y?m,16,35,5,6.3318955090,1.3318955090,1.2663791018,Solved
O`?G`?W`XShWaoPwI`THG,16,38,5,6.3318397383,1.3318397383,1.2663679477,Solved
O@?DAaCQG{Dg@cAWk@K_L,16,34,5,6.3318378141,1.3318378141,1.2663675628,Solved
OKa@AAB@oiJAHHIIIAGST,16,36,5,6.3317999121,1.3317999121,1.2663599824,Solved
OoCGOG_c?F_qKoQXGeR_W,16,35,5,6.3317525006,1.3317525006,1.2663505001,Solved
OoCGc?TSOM@GWJHdCBaT@,16,36,5,6.3317241995,1.3317241995,1.2663448399,Solved
O??_oy`PkgL@``UGkXDo_,16,39,5,6.3316560093,1.3316560093,1.2663312019,Solved
O_?O[AaOJ?NGHSEI`j?eo,16,36,5,6.3316367603,1.3316367603,1.2663273521,Solved
Oh?W_GI_SGGLOoGMdR?ok,16,35,5,6.3315828906,1.3315828906,1.2663165781,Solved
O??IS_QHXQEo_JPIIATOB,16,35,5,6.3315441738,1.3315441738,1.2663088348,Solved
O_?@GsGB@Af?PJ`JMECd_,16,35,5,6.3314845200,1.3314845200,1.2662969040,Solved
O`II?E@S?T`IDOWGaol?[,16,35,5,6.3314058906,1.3314058906,1.2662811781,Solved
Og?OWCK_CBJ?S[HTCR`oo,16,35,5,6.3313585624,1.3313585624,1.2662717125,Solved
OoCO_WbHAOooADOoc@i`D,16,34,5,6.3312635317,1.3312635317,1.2662527063,Solved
Os?G?KPIACaoE_HIgIrPG,16,34,5,6.3312078094,1.3312078094,1.2662415619,Solved
O?D_AA?BhRISKwgTPwEcO,16,37,5,6.3311755890,1.3311755890,1.2662351178,Solved
OB`HAE_c?J`I`_AaACz?M,16,35,5,6.3311750298,1.3311750298,1.2662350060,Solved
Oi?GhGW_S@GH?lHAbAhSo,16,35,5,6.3311391457,1.3311391457,1.2662278291,Solved
O?N??_FC`IqPWLWoPEMU?,16,37,5,6.3311097973,1.3311097973,1.2662219595,Solved
OY_Gk?b`?S?gOUEHeBa@w,16,36,5,6.3310931235,1.3310931235,1.2662186247,Solved
O_?GkAWOBOKc?vG{Aj@q_,16,36,5,6.3310514959,1.3310514959,1.2662102992,Solved
OR?HIQOo?H_[EDp??XXOY,16,35,5,6.3310234074,1.3310234074,1.2662046815,Solved
O?CsAY?OHc_L@dIgI?lOD,16,34,5,6.3310033931,1.3310033931,1.2662006786,Solved
Oo??_SWGQLOkI_N?GAygc,16,34,5,6.3309508116,1.3309508116,1.2661901623,Solved
O_?GkQaQAGM_?^GsBDHao,16,36,5,6.3308623420,1.3308623420,1.2661724684,Solved
O?ECT?BBHCacQRWdIhBh?,16,37,5,6.3308537732,1.3308537732,1.2661707546,Solved
OYaQ?PDCOE@OKBHF@US@w,16,36,5,6.3308135390,1.3308135390,1.2661627078,Solved
OkGOGOraaIE?B?OToPo@{,16,36,5,6.3307652306,1.3307652306,1.2661530461,Solved
O?N??`?GPNAuScakSKUU?,16,37,5,6.3306407366,1.3306407366,1.2661281473,Solved
O??O[B?eAIcTSPWsDcPr?,16,36,5,6.3306087076,1.3306087076,1.2661217415,Solved
OqI?OaQGok@gAWPCcDi?{,16,36,5,6.3305917524,1.3305917524,1.2661183505,Solved
O_Gos?bBPA?pEASEGEs@M,16,35,5,6.3305815330,1.3305815330,1.2661163066,Solved
OK?PAYBOKEBBEcJECcu[?,16,38,5,6.3305588988,1.3305588988,1.2661117798,Solved
O_Ci?GEAqaQKWKgMQWPSW,16,37,5,6.3305237451,1.3305237451,1.2661047490,Solved
OK??@OS`QPaxIkowXo@{?,16,38,5,6.3305179504,1.3305179504,1.2661035901,Solved
O?D_GSQGCJpQScWXTCUa_,16,37,5,6.3305122963,1.3305122963,1.2661024593,Solved
O_CkACpKaOO`i?T??IoDR,16,33,5,6.3305095516,1.3305095516,1.2661019103,Solved
OG?[A?oAgMBWaI`SC@i_d,16,34,5,6.3304863196,1.3304863196,1.2660972639,Solved
O_?H?kAH?sDGON_NJEDh?,16,35,5,6.3304269662,1.3304269662,1.2660853932,Solved
OGCS?[ECcGDDcGQMCJQAk,16,35,5,6.3303916499,1.3303916499,1.2660783300,Solved
O@hOOK`CgaCO_TOihBcHW,16,36,5,6.3303322936,1.3303322936,1.2660664587,Solved
O?e@?cG@h_IAQU_ZCkaLO,16,35,5,6.3302637362,1.3302637362,1.2660527472,Solved
O??XSB?gAOgiCjHYIY@r?,16,36,5,6.3302214311,1.3302214311,1.2660442862,Solved
OhCGOCDaS`GSPOHaCBo_m,16,35,5,6.3301784231,1.3301784231,1.2660356846,Solved
OkC_GPDIaEOWKBBAAEk@e,16,36,5,6.3301693249,1.3301693249,1.2660338650,Solved
O?O_kQAp?PgCDRGrFAbb?,16,36,5,6.3301312075,1.3301312075,1.2660262415,Solved
O?HOP?FEU@e@aH`pIWVC_,16,37,5,6.3301115984,1.3301115984,1.2660223197,Solved
Oo?GhHAIA_oO@JEXF?QAh,16,34,5,6.3300772241,1.3300772241,1.2660154448,Solved
O`aCADAP@IBFDWIcbR@Z?,16,38,5,6.3299918711,1.3299918711,1.2659983742,Solved
O@?HOkWHABoUaSPgj?dGP,16,37,5,6.3298722933,1.3298722933,1.2659744587,Solved
Og?G?oF_KEI_U_IdCBpgo,16,35,5,6.3298474700,1.3298474700,1.2659694940,Solved
Os??WODCHEAgIGOdi`ROg,16,34,5,6.3297751104,1.3297751104,1.2659550221,Solved
OoSsC?PC_S?hPMILCJADH,16,36,5,6.3297597967,1.3297597967,1.2659519593,Solved
Oo?OG_KGIEO[JOMAGAys_,16,34,5,6.3297410598,1.3297410598,1.2659482120,Solved
O??GkB?gAEckTSIwJA`pO,16,36,5,6.3296770960,1.3296770960,1.2659354192,Solved
Oo?WPDC`?DaUI@MAGIYaS,16,35,5,6.3296625789,1.3296625789,1.2659325158,Solved
O@CaAX?c?hCEBc?rSC[SW,16,34,5,6.3296295760,1.3296295760,1.2659259152,Solved
OoCG`DC_?KaiQBKICUQQa,16,35,5,6.3295983427,1.3295983427,1.2659196685,Solved
Oo??`@E`?UbMI_N?I`QAe,16,35,5,6.3295674312,1.3295674312,1.2659134862,Solved
OqC?S?VBQAAGGNHbGQ`WP,16,36,5,6.3295626924,1.3295626924,1.2659125385,Solved
OoOP?_w_qEBOGP`JGeOWs,16,36,5,6.3295251671,1.3295251671,1.2659050334,Solved
O@CdQa?PGYCD?d@Wh?k_T,16,34,5,6.3294869776,1.3294869776,1.2658973955,Solved
O?D_?SaGSJIRQKbcUOUb?,16,37,5,6.3292525250,1.3292525250,1.2658505050,Solved
O@CQAHGc@QCE@eApSC[KW,16,34,5,6.3291119862,1.3291119862,1.2658223972,Solved
OoCOS@RHOYAGOfGJCoaOb,16,36,5,6.3290507359,1.3290507359,1.2658101472,Solved
O@UCC?A?Wk`kWdWYDqAj?,16,37,5,6.3290182687,1.3290182687,1.2658036537,Solved
Oo??Wcoa?IaaIPOjGeRoO,16,35,5,6.3289816053,1.3289816053,1.2657963211,Solved
Oo?O[?hEOeGgPMIBCQa`B,16,36,5,6.3289060401,1.3289060401,1.2657812080,Solved
O_??KQOQIcIgHUIhDd@e_,16,36,5,6.3289013818,1.3289013818,1.2657802764,Solved
O_ECADGT?D_hIdJQES`j?,16,37,5,6.3288905329,1.3288905329,1.2657781066,Solved
O@QAd?A?o_caFKJIGLcPW,16,35,5,6.3288350758,1.3288350758,1.2657670152,Solved
O@CCiHGO?gdaASGgoHl@S,16,34,5,6.3288345957,1.3288345957,1.2657669191,Solved
Os??GS[GaAagE_QDC`Z@K,16,34,5,6.3287752766,1.3287752766,1.2657550553,Solved
O??W_SeKABoMQ`acKgL_S,16,36,5,6.3287221725,1.3287221725,1.2657444345,Solved
OGCOcEGAOYQAObGbGeHHc,16,34,5,6.3287141360,1.3287141360,1.2657428272,Solved
OEoc@?JWaKOHCQBCeCgHk,16,36,5,6.3286746288,1.3286746288,1.2657349258,Solved
O_?HkQ_PIOK_CZ?uBChao,16,36,5,6.3286302193,1.3286302193,1.2657260439,Solved
Oc_`A?\IROO_?rOhAR_ge,16,36,5,6.3286067351,1.3286067351,1.2657213470,Solved
OoCOGTOc_@cKODRBChPSS,16,35,5,6.3286038517,1.3286038517,1.2657207703,Solved
O?@PSR?`_OaTEKHYKGraO,16,36,5,6.3286010506,1.3286010506,1.2657202101,Solved
O?CkC?IPYUWCWWD`eWd_o,16,37,5,6.3285543472,1.3285543472,1.2657108694,Solved
Oo??WgHf@@d?K_SbGcqA[,16,35,5,6.3285170771,1.3285170771,1.2657034154,Solved
O?D_ACI`XQWDKdKWPoMcO,16,37,5,6.3284450919,1.3284450919,1.2656890184,Solved
O`??`ACEIIdTQw`sJgD[?,16,38,5,6.3284156878,1.3284156878,1.2656831376,Solved
O?KsQI?OHDAJ@cAWi@L?L,16,34,5,6.3284142005,1.3284142005,1.2656828401,Solved
O?D_GSQG[JDOacSB{KE_g,16,37,5,6.3283575692,1.3283575692,1.2656715138,Solved
O`Q@?aIP[EGWF@JAACh?t,16,36,5,6.3283496000,1.3283496000,1.2656699200,Solved
ORo?GHco_gcIAbC`@LKBE,16,36,5,6.3283374159,1.3283374159,1.2656674832,Solved
Oo?WpDC__Q_iQ@SBCEX`S,16,35,5,6.3283045080,1.3283045080,1.2656609016,Solved
Og??[ACPQgCXKoMW@FOpg,16,36,5,6.3282469937,1.3282469937,1.2656493987,Solved
OoCGGc`GaGO_AVKBHSI`g,16,34,5,6.3282442590,1.3282442590,1.2656488518,Solved
O_??hSI@WwD_gISDkDC_h,16,35,5,6.3281743335,1.3281743335,1.2656348667,Solved
O??YSOfCaIf@iCSOsoM@g,16,38,5,6.3281198014,1.3281198014,1.2656239603,Solved
OqGOGQD`QSCWKIAgABi?m,16,36,5,6.3281094124,1.3281094124,1.2656218825,Solved
Oi?GGCQ_SCHHIKDQce`oo,16,35,5,6.3281071208,1.3281071208,1.2656214242,Solved
O??GhUAcRHgkQc]GU_ToG,16,39,5,6.3281032270,1.3281032270,1.2656206454,Solved
O@?G@DD`RCiQaJUOSoKt?,16,37,5,6.3278857284,1.3278857284,1.2655771457,Solved
O@CCQ@Cd?OdgDOGyODrCS,16,34,5,6.3278453647,1.3278453647,1.2655690729,Solved
O??G`EIPXoecq`pQJGDK@,16,38,5,6.3277505378,1.3277505378,1.2655501076,Solved
OoCOGTO__PcMSCR@ChPCU,16,35,5,6.3277391849,1.3277391849,1.2655478370,Solved
O_??[aGSBOMS@]DICYHY_,16,36,5,6.3277148617,1.3277148617,1.2655429723,Solved
OhC?[AASIOCCHYDR@i_Ew,16,36,5,6.3277120867,1.3277120867,1.2655424173,Solved
Oo??WgHe@HgQGPR?eCicS,16,35,5,6.3276874492,1.3276874492,1.2655374898,Solved
O?`?OKWHHqEo_TOiiQDB@,16,36,5,6.3276248433,1.3276248433,1.2655249687,Solved
Oo?GqGa__@aeQBTACIXqO,16,35,5,6.3275592190,1.3275592190,1.2655118438,Solved
O_?XSAcOaOM?@VA\EJ?fO,16,36,5,6.3274500270,1.3274500270,1.2654900054,Solved
O_?GkAcOBOJC?}GtAj@q_,16,36,5,6.3274408326,1.3274408326,1.2654881665,Solved
OoCOXDCa?GaIObIJCEQaP,16,35,5,6.3273887258,1.3273887258,1.2654777452,Solved
OhCGSE?Oi?DDHYCiAj?Ii,16,36,5,6.3272908403,1.3272908403,1.2654581681,Solved
O]?GOGbCsPGbEGHCgHKCL,16,36,5,6.3272748557,1.3272748557,1.2654549711,Solved
OkGOGOrPSSG`CPAcoCh?t,16,36,5,6.3272606232,1.3272606232,1.2654521246,Solved
Oo?O?o_GqWP_CjM_G{A@i,16,34,5,6.3272525802,1.3272525802,1.2654505160,Solved
O?@GsOPHqEF@YGdAssE@g,16,38,5,6.3272415794,1.3272415794,1.2654483159,Solved
O_?GpCTg?O_qM?OJoHrgO,16,34,5,6.3272198876,1.3272198876,1.2654439775,Solved
OhCGSAAOaECdHSCIam?Qi,16,36,5,6.3271973019,1.3271973019,1.2654394604,Solved
O??KbGOH@TF?Ol`HIBKR_,16,35,5,6.3271307653,1.3271307653,1.2654261531,Solved
O@??YICEXRWRgoSgJ_TWA,16,38,5,6.3270944407,1.3270944407,1.2654188881,Solved
OaICPa?@?pkEFG?s_wb?R,16,35,5,6.3270890312,1.3270890312,1.2654178062,Solved
O?G[C?DAhDAJwHsEKwAu?,16,37,5,6.3270844551,1.3270844551,1.2654168910,Solved
Oo??Wd@a?IaeIBHKIOZoO,16,35,5,6.3270093717,1.3270093717,1.2654018743,Solved
OoC?[_B@PAH`LGOeeEaPo,16,36,5,6.3269473943,1.3269473943,1.2653894789,Solved
O_GTD@DEAGbOb?[??HgDd,16,33,5,6.3269382790,1.3269382790,1.2653876558,Solved
O?N?@?IOWkakSogdSDUU?,16,37,5,6.3269378672,1.3269378672,1.2653875734,Solved
Oo??_w`LASPO@JH_J?Y@i,16,34,5,6.3268960845,1.3268960845,1.2653792169,Solved
Oi?GOGRH?_ooaKOqDH`_M,16,34,5,6.3268499666,1.3268499666,1.2653699933,Solved
O`GGkA_PICI?@ZGV@[_qo,16,36,5,6.3268347368,1.3268347368,1.2653669474,Solved
O??GhpB`QgSPUDiILQDh?,16,39,5,6.3268264601,1.3268264601,1.2653652920,Solved
O_GYC?RAr@qAKo`AhChMG,16,37,5,6.3267428877,1.3267428877,1.2653485775,Solved
OpE?Q?LTC_@H?uOiC_xDg,16,36,5,6.3266434298,1.3266434298,1.2653286860,Solved
O@U_`?aAI@OZDEBqWKUE_,16,37,5,6.3266372950,1.3266372950,1.2653274590,Solved
O?GWOK`CiQGogFcJ[IEd?,16,37,5,6.3266116885,1.3266116885,1.2653223377,Solved
Osa?OGREOkDHPdYIKeBe?,16,40,5,6.3265280286,1.3265280286,1.2653056057,Solved
O_CgGSpK`OA`_iOTgTCAh,16,36,5,6.3265158081,1.3265158081,1.2653031616,Solved
Oc_`A?xBQWO_?rOhAR`_e,16,36,5,6.3265131257,1.3265131257,1.2653026251,Solved
O?GQC?NHouSOSPPBPA^`?,16,37,5,6.3265129242,1.3265129242,1.2653025848,Solved
Og?GkACOIoCDGuMW@Y_ig,16,36,5,6.3263964133,1.3263964133,1.2652792827,Solved
O@`OGGQI_uDKOBO[OMTCE,16,36,5,6.3263542586,1.3263542586,1.2652708517,Solved
O_?GkAWOBHL??|CVDY@i_,16,36,5,6.3262866333,1.3262866333,1.2652573267,Solved
O?M?gWBCP?hdOqWcQDL@c,16,36,5,6.3262490205,1.3262490205,1.2652498041,Solved
O?KKIa?Q?_eO@LGyGddAS,16,34,5,6.3262013754,1.3262013754,1.2652402751,Solved
OQ_cA?FYAWCXDc_ObCg`q,16,36,5,6.3260843089,1.3260843089,1.2652168618,Solved
O_?_{AOPB@M??vBXBJ@R_,16,36,5,6.3260836095,1.3260836095,1.2652167219,Solved
O?N?`?G@|?iHghowAkASP,16,37,5,6.3260744253,1.3260744253,1.2652148851,Solved
O@?IA?iDXKBHpHqERWDM?,16,38,5,6.3260731879,1.3260731879,1.2652146376,Solved
O@?IQGWHHQApqDpIQYDF?,16,38,5,6.3260370876,1.3260370876,1.2652074175,Solved
Oh??GGA_[_GLUoJIDR?wg,16,35,5,6.3259719269,1.3259719269,1.2651943854,Solved
O?ECE?ADGZEWWeIsHcbh?,16,37,5,6.3259687025,1.3259687025,1.2651937405,Solved
Oo?O`TC`?D`UK@MAH`QAe,16,35,5,6.3258395964,1.3258395964,1.2651679193,Solved
OCOgOeA__RAbKEW[GkVCG,16,37,5,6.3257732997,1.3257732997,1.2651546599,Solved
OoCOS_B@pAGPHHQEhd@`g,16,36,5,6.3256733251,1.3256733251,1.2651346650,Solved
OoCO@@E`?U`MI_K`G`Yac,16,35,5,6.3256261780,1.3256261780,1.2651252356,Solved
O`G_GQ@O_eBSDSGKG`kOU,16,34,5,6.3256128012,1.3256128012,1.2651225602,Solved
Os??OK[GQCaGD_JBHAr@K,16,34,5,6.3256027004,1.3256027004,1.2651205401,Solved
O@UCC?CGWVAKBdWwK`ak_,16,37,5,6.3256019146,1.3256019146,1.2651203829,Solved
O_ECAD?W?jaUBSKgds@YG,16,37,5,6.3255967611,1.3255967611,1.2651193522,Solved
OoCG@OqPAKO_AdCtE@QBH,16,34,5,6.3255869736,1.3255869736,1.2651173947,Solved
OoCRCGgO?U_ePGKC`Wk_[,16,35,5,6.3254293815,1.3254293815,1.2650858763,Solved
Og??{EGPAgCNHGKK@HWqc,16,36,5,6.3254220739,1.3254220739,1.2650844148,Solved
O_??[I_PAhKWCkELDHPq_,16,36,5,6.3253872893,1.3253872893,1.2650774579,Solved
Og?GkIOOaoCNHGIg?JWqc,16,36,5,6.3253500356,1.3253500356,1.2650700071,Solved
O?ECU?CCYDGqIXLQDbBd?,16,37,5,6.3252303113,1.3252303113,1.2650460623,Solved
O?ACU?LP@DBJISTAeUBk?,16,37,5,6.3251696039,1.3251696039,1.2650339208,Solved
O?MCA_AGo_`eLGObhdDBO,16,35,5,6.3251208337,1.3251208337,1.2650241667,Solved
O@GISi?OGocIDg?jK_K?\,16,34,5,6.3249461664,1.3249461664,1.2649892333,Solved
Oi?GOCgaSCGgCJDYCqP_w,16,35,5,6.3249358701,1.3249358701,1.2649871740,Solved
O_?_{ASOAPM??vBTDM@ao,16,36,5,6.3248775340,1.3248775340,1.2649755068,Solved
OoCG_SOGYKOkH_QGc@i_d,16,34,5,6.3247931596,1.3247931596,1.2649586319,Solved
O?D_?K`Ie@ePaPSgpsEa_,16,37,5,6.3247121455,1.3247121455,1.2649424291,Solved
O??K?lEQP`jOM_hDW`TR?,16,38,5,6.3246780076,1.3246780076,1.2649356015,Solved
O_?P[A_OAoMG?}BLBM@Io,16,36,5,6.3246634777,1.3246634777,1.2649326955,Solved
O?MCD?ACWZCcTWSbHQbK_,16,37,5,6.3246597617,1.3246597617,1.2649319523,Solved
Oh??_KH_ShGOR_GLdB_wg,16,35,5,6.3245634762,1.3245634762,1.2649126952,Solved
O?NOHCQAa@aIgbo[KCcQP,16,37,5,6.3245549048,1.3245549048,1.2649109810,Solved
O?F_GcI_XcpOSDIOwDJBG,16,37,5,6.3245465718,1.3245465718,1.2649093144,Solved
O@GGqE?PGCacGYQBQ_\AW,16,34,5,6.3245455408,1.3245455408,1.2649091082,Solved
Og?GGOB_KEIgUGMcEb@?{,16,35,5,6.3245351650,1.3245351650,1.2649070330,Solved
OB?hOo`QKPOcCfObOiMM?,16,38,5,6.3245278209,1.3245278209,1.2649055642,Solved
OcOLA_c_@o_y?[M?gCgKT,16,35,5,6.3244844278,1.3244844278,1.2648968856,Solved
OEoc@?JWaKOHKAASacgHk,16,36,5,6.3244402287,1.3244402287,1.2648880457,Solved
O@`LAaOW?L@JcCWG?owQU,16,35,5,6.3244368873,1.3244368873,1.2648873775,Solved
OA?g_OEKSPkXcWI_wKMK_,16,37,5,6.3244363011,1.3244363011,1.2648872602,Solved
Og?GkECQAoCNKKMO?UGIT,16,36,5,6.3244129936,1.3244129936,1.2648825987,Solved
Oo??WcaLAQR?@JHOJ?Y@i,16,34,5,6.3243276118,1.3243276118,1.2648655224,Solved
Oo??GWPfA@c`S@U`DSPES,16,35,5,6.3243258922,1.3243258922,1.2648651784,Solved
OWU?c?JoaKAHKAASccgHk,16,36,5,6.3242440470,1.3242440470,1.2648488094,Solved
O_MCAD?W?TauGgBSahPj?,16,37,5,6.3241905429,1.3241905429,1.2648381086,Solved
O?d`?_DAl?iDcgWSowaUO,16,37,5,6.3241897772,1.3241897772,1.2648379554,Solved
O?ECB?CAwfD`L?ODhST`A,16,35,5,6.3241646914,1.3241646914,1.2648329383,Solved
Os??PhGS_LD_b?CBcEQEB,16,34,5,6.3240913301,1.3240913301,1.2648182660,Solved
O??G`KgLCDgsSQQcQKLOK,16,36,5,6.3240885505,1.3240885505,1.2648177101,Solved
O?KSaQCX@_@AH_?zGDsA[,16,34,5,6.3240815076,1.3240815076,1.2648163015,Solved
OR`?OI?O?qct_sOwCaGpD,16,35,5,6.3240348620,1.3240348620,1.2648069724,Solved
O?aAA_G@gcDJMCLgGdTBO,16,35,5,6.3240216269,1.3240216269,1.2648043254,Solved
O@?@OkcECDgMPcaWr_bWO,16,37,5,6.3239873533,1.3239873533,1.2647974707,Solved
O_?@OkEAPWB_gLSMKAc`P,16,35,5,6.3239001763,1.3239001763,1.2647800353,Solved
O@QKd@_S?H`XaCSO?cxCU,16,35,5,6.3237444214,1.3237444214,1.2647488843,Solved
Oh?GoCD_KgGDPOIUCQook,16,35,5,6.3236362750,1.3236362750,1.2647272550,Solved
O?G[C?@AhaCsPESTHTD`C,16,35,5,6.3236241673,1.3236241673,1.2647248335,Solved
OoD@?`Q_pIAoGPQEpD_Xc,16,36,5,6.3234815309,1.3234815309,1.2646963062,Solved
OdGIC?Jg_MK@SAASacgHk,16,36,5,6.3234337934,1.3234337934,1.2646867587,Solved
O?CaC?TBpeQOWPagh`f@_,16,37,5,6.3234336399,1.3234336399,1.2646867280,Solved
OR`KA?`C_Q_t@SAgQ?z?U,16,35,5,6.3234203271,1.3234203271,1.2646840654,Solved
OhG??OM`C`G`TOGu@Qoeg,16,35,5,6.3234120459,1.3234120459,1.2646824092,Solved
O?So?_Q@pEWFaMWWPoNE?,16,37,5,6.3234016833,1.3234016833,1.2646803367,Solved
O@?ICGeD`QbWpBqKIKDS@,16,38,5,6.3233915571,1.3233915571,1.2646783114,Solved
O??GlAAc@@ghMHXKHYAqO,16,36,5,6.3233283348,1.3233283348,1.2646656670,Solved
OqGO?EDQhKBHHOE_OAy@U,16,36,5,6.3233242185,1.3233242185,1.2646648437,Solved
OR`KA?H@hAaTCSGgO_yOU,16,36,5,6.3232865685,1.3232865685,1.2646573137,Solved
O@?GGQGPLAiTcsWwQgBS@,16,37,5,6.3232512257,1.3232512257,1.2646502451,Solved
O@GQSIGP?O_cGTCiiHdCW,16,34,5,6.3232351461,1.3232351461,1.2646470292,Solved
Oo??WgQe@GgEGpJ@HLA_U,16,35,5,6.3231823037,1.3231823037,1.2646364607,Solved
O_?_{AOOAPN?@\DUDM@Eo,16,36,5,6.3231822441,1.3231822441,1.2646364488,Solved
OAgqCF?GCKcKOS@gbAgo[,16,35,5,6.3231705610,1.3231705610,1.2646341122,Solved
O_GYC?DAb@qEggSScw_uO,16,37,5,6.3231613525,1.3231613525,1.2646322705,Solved
O@?KAQDCpMDSpDT_JDDOa,16,38,5,6.3231612194,1.3231612194,1.2646322439,Solved
O??GhQBOsglDi_TOuaBp?,16,39,5,6.3231611873,1.3231611873,1.2646322375,Solved
OcH?`GI_?h`YWc_WB_Z?Y,16,35,5,6.3231581144,1.3231581144,1.2646316229,Solved
OrA?OO[PSDDBCQGcgKGKL,16,36,5,6.3231283193,1.3231283193,1.2646256639,Solved
OgC?gCC_CBHgS[IkEB`Wo,16,35,5,6.3231251827,1.3231251827,1.2646250365,Solved
O??OSA_s@EdiPgSwHd@qC,16,36,5,6.3231192861,1.3231192861,1.2646238572,Solved
O?HOHCIEB?omSWaaqLFC_,16,37,5,6.3231032227,1.3231032227,1.2646206445,Solved
O`_Y@EOW?J@S@TAeQ?Z?X,16,35,5,6.3230972275,1.3230972275,1.2646194455,Solved
OhG?GOR_cXGOPOGFai_ok,16,35,5,6.3230743358,1.3230743358,1.2646148672,Solved
O?M?HGPApcGfSOQgOB\DC,16,36,5,6.3230671439,1.3230671439,1.2646134288,Solved
OsO__ObDO[DOCPPGoBi@s,16,36,5,6.3230603739,1.3230603739,1.2646120748,Solved
O_?xc?XAoI@PCEOMKCt?M,16,35,5,6.3229956289,1.3229956289,1.2645991258,Solved
O@?GiEIEA@dHH[pDQhFS?,16,38,5,6.3229603245,1.3229603245,1.2645920649,Solved
OKaA@ABDPcJ?HHQM?h_Sd,16,36,5,6.3229405308,1.3229405308,1.2645881062,Solved
O?OPKQAp?E`DSIHPfEBaG,16,36,5,6.3228434041,1.3228434041,1.2645686808,Solved
Oo?Ggp?_?TcmMGGQGQYga,16,35,5,6.3227993450,1.3227993450,1.2645598690,Solved
OoCO`LGa?D_eG`KBH`QAe,16,35,5,6.3227360579,1.3227360579,1.2645472116,Solved
OoCOOLO`?RcUKOHAH?yCe,16,35,5,6.3227080503,1.3227080503,1.2645416101,Solved
O?MCb?BBGaacHAOdhCT?X,16,35,5,6.3227052161,1.3227052161,1.2645410432,Solved
O`hSA?`CgaCOAT@ihBcHW,16,36,5,6.3226876064,1.3226876064,1.2645375213,Solved
O_GX?cG@DAiTW[ckHICL@,16,37,5,6.3226696549,1.3226696549,1.2645339310,Solved
OhC?[AGOAHCSH[CuAi_Qw,16,36,5,6.3226565522,1.3226565522,1.2645313104,Solved
O_MCQ@O[?C_}GgDQ`hPJO,16,37,5,6.3226425275,1.3226425275,1.2645285055,Solved
OCTdCGBIA_W??NKH?JG[D,16,34,5,6.3225751654,1.3225751654,1.2645150331,Solved
O`hP?cH@kAgTOS_gB?xGU,16,37,5,6.3225661975,1.3225661975,1.2645132395,Solved
O_Gos?PBPA?pCEOmHCt@K,16,35,5,6.3224989171,1.3224989171,1.2644997834,Solved
OB?Goi@_`PgeQSHgtGeKO,16,38,5,6.3224805182,1.3224805182,1.2644961036,Solved
OCa?GSQDQcDBHYPXLEBs?,16,38,5,6.3224762006,1.3224762006,1.2644952401,Solved
O`?G`?gDKQgtQs`wJGDK@,16,38,5,6.3224672460,1.3224672460,1.2644934492,Solved
Oi?GOcO_CIGi?jIMCu@oc,16,35,5,6.3222852361,1.3222852361,1.2644570472,Solved
Oo??WOTH@CR?@RONIYBoC,16,34,5,6.3222431573,1.3222431573,1.2644486315,Solved
OKq@d?SO?B_qAXPaAAXOX,16,35,5,6.3221448786,1.3221448786,1.2644289757,Solved
O?d@GcK?h_IAQUGXOLcGq,16,35,5,6.3219328176,1.3219328176,1.2643865635,Solved
OAI@GCAEGiCD_TQIgicr?,16,35,5,6.3219033559,1.3219033559,1.2643806712,Solved
Os?GGD@DOcDDEOHIgQrOo,16,35,5,6.3218305082,1.3218305082,1.2643661016,Solved
OoCGK?TCqa@GHFWhCPaP`,16,36,5,6.3217956356,1.3217956356,1.2643591271,Solved
Oo?OpD?_?LaEIBRPDeAac,16,35,5,6.3217568304,1.3217568304,1.2643513661,Solved
O?ECBOADWXEPI_OEgct`A,16,35,5,6.3217556139,1.3217556139,1.2643511228,Solved
O@@DS@OW?@bAIWFQ?xcG[,16,34,5,6.3216763391,1.3216763391,1.2643352678,Solved
OQ__a?\@qWOXK@GgHA[?u,16,36,5,6.3216702474,1.3216702474,1.2643340495,Solved
OGECE?@AoeCbShRIDs@h_,16,37,5,6.3215921262,1.3215921262,1.2643184252,Solved
Oo?Gq?e_?EaiIBTADII`c,16,35,5,6.3215859403,1.3215859403,1.2643171881,Solved
O?GWA?JPcQsESbHoYCLe?,16,37,5,6.3215616491,1.3215616491,1.2643123298,Solved
OqGQSGcE?B_Ua@PAcGgcT,16,35,5,6.3214482608,1.3214482608,1.2642896522,Solved
OCOgGORGI@EHDUaeWQfE?,16,37,5,6.3214316128,1.3214316128,1.2642863226,Solved
O??_hOWO{JSSTPYaRaFo?,16,39,5,6.3213951924,1.3213951924,1.2642790385,Solved
O`gAK_C??tcidCWK@WI@L,16,35,5,6.3213944493,1.3213944493,1.2642788899,Solved
O?`?GSWHXiFOOP_iqARD@,16,36,5,6.3213929010,1.3213929010,1.2642785802,Solved
OoSo`E?O?LgkCSIG_QkOT,16,35,5,6.3213907151,1.3213907151,1.2642781430,Solved
O?ECU?ABHAgpKXJWIdBc_,16,37,5,6.3213688381,1.3213688381,1.2642737676,Solved
O`D@C@JCpIS?_aDHhB_Wk,16,36,5,6.3212206459,1.3212206459,1.2642441292,Solved
OoCO@LG`?S`IS`SBCUHHS,16,35,5,6.3212129241,1.3212129241,1.2642425848,Solved
O@`O?GYCPUCKOMQdOqdEC,16,36,5,6.3211901766,1.3211901766,1.2642380353,Solved
Oh???{C_k_GTP_IIdb?ok,16,35,5,6.3211122346,1.3211122346,1.2642224469,Solved
O_Ch@?CAh`AoOV_VI[CV?,16,36,5,6.3210670268,1.3210670268,1.2642134054,Solved
OqGO??ZHrCPOCR@RHAKHD,16,36,5,6.3210649088,1.3210649088,1.2642129818,Solved
Os?I??VapIHGCbSACahPE,16,36,5,6.3210335523,1.3210335523,1.2642067105,Solved
O@??pKSJADoQQXaWI_lWO,16,37,5,6.3208698507,1.3208698507,1.2641739701,Solved
O?U__Ob@q@ahcKW@pPNE?,16,37,5,6.3208020546,1.3208020546,1.2641604109,Solved
OoCOG@O`OTcEKoQ@chIUG,16,35,5,6.3207763502,1.3207763502,1.2641552700,Solved
O_?GkAWOBCM_AV@]C]@q_,16,36,5,6.3207382592,1.3207382592,1.2641476518,Solved
OQdcA?EAXCcKCdCYO_YOX,16,36,5,6.3207128934,1.3207128934,1.2641425787,Solved
Og??KAOQAyC]IgJGAYGic,16,36,5,6.3207005922,1.3207005922,1.2641401184,Solved
Og?GkAOQAqDCHIG{?Yoig,16,36,5,6.3206911546,1.3206911546,1.2641382309,Solved
O@AIKE?EhTAgHSoBlCar?,16,38,5,6.3206261817,1.3206261817,1.2641252363,Solved
O_CdD@PQ?g`ob?[??HgDd,16,33,5,6.3205644312,1.3205644312,1.2641128862,Solved
O?CgOM@GgahDg`TG{PEa_,16,37,5,6.3205631028,1.3205631028,1.2641126206,Solved
OhC?CACQAYDSG{CiAy?Ii,16,36,5,6.3205553441,1.3205553441,1.2641110688,Solved
OQIA?@LcrAPODPG_`bG`Y,16,36,5,6.3205295880,1.3205295880,1.2641059176,Solved
O??H@_UPsIBPaK[A{CeU?,16,37,5,6.3205168637,1.3205168637,1.2641033727,Solved
OoCOGXOc?Bc[HAODdPISc,16,35,5,6.3204640278,1.3204640278,1.2640928056,Solved
Oo??WGHf@?g`KHMPITAES,16,35,5,6.3204539291,1.3204539291,1.2640907858,Solved
Op_Q?OREaI?oIBGTGc[@w,16,36,5,6.3204511285,1.3204511285,1.2640902257,Solved
O_?XSA_OAcKgAN@]A]@q_,16,36,5,6.3204447433,1.3204447433,1.2640889487,Solved
O_?GkAcOAoLO?^GuBM@i_,16,36,5,6.3203978832,1.3203978832,1.2640795766,Solved
Oo?GpHAa?EaeIBTACEIaD,16,35,5,6.3203473985,1.3203473985,1.2640694797,Solved
OAICCOA?YJERFGRcEkBCc,16,37,5,6.3203035562,1.3203035562,1.2640607112,Solved
Oq___AER@EbKPOEAcOoBb,16,36,5,6.3202876044,1.3202876044,1.2640575209,Solved
OIi?c?fF?oOO?sOVC`q@[,16,36,5,6.3201990438,1.3201990438,1.2640398088,Solved
O@?AAGUEpKDKpDqIRHD[?,16,38,5,6.3201951693,1.3201951693,1.2640390339,Solved
Og?H?sGKGIOD`cOIio`oI,16,34,5,6.3201545617,1.3201545617,1.2640309123,Solved
O_MCA@OS_T@iDQGhcj@N?,16,37,5,6.3201164104,1.3201164104,1.2640232821,Solved
O_?XSIQQA_K_AJ?vCN@ac,16,36,5,6.3198727695,1.3198727695,1.2639745539,Solved
O?LTAA@o@aceQGaOAOwKU,16,35,5,6.3198438554,1.3198438554,1.2639687711,Solved
O`?HOi?GWdCcEGOpgbQOw,16,35,5,6.3198347437,1.3198347437,1.2639669487,Solved
O?D_GSQO`@pPWXdSTEEaO,16,37,5,6.3198254354,1.3198254354,1.2639650871,Solved
O@?IAGeD`ObKpBqKQXDU?,16,38,5,6.3197934373,1.3197934373,1.2639586875,Solved
O?MCD?CDOd@USwRQKUBGW,16,37,5,6.3197401489,1.3197401489,1.2639480298,Solved
OLr@?cCAGB?QSBgB@SOIb,16,34,5,6.3196549867,1.3196549867,1.2639309973,Solved
Og?GkACPQOCXKYIoAFGpg,16,36,5,6.3196403271,1.3196403271,1.2639280654,Solved
Oc_`A?xIQWO_?rOhAR_ge,16,36,5,6.3196385065,1.3196385065,1.2639277013,Solved
OCHG?H?GPfAuEWocpUFE?,16,37,5,6.3196016668,1.3196016668,1.2639203334,Solved
O?DCBO@BglEOIAOHoct_a,16,35,5,6.3195990619,1.3195990619,1.2639198124,Solved
OKHC?AdQqaAgbAG``P_`b,16,36,5,6.3195559876,1.3195559876,1.2639111975,Solved
O_?O\?BEPCd_M?PKiDc@[,16,35,5,6.3194742373,1.3194742373,1.2638948475,Solved
OQQ@?`EaaIpKIOD_c@g`d,16,36,5,6.3194355270,1.3194355270,1.2638871054,Solved
OoC?`LGa?LaeG`KAH_YAe,16,35,5,6.3194125435,1.3194125435,1.2638825087,Solved
O_??[IgPBCMOC]ATAdHq_,16,36,5,6.3194092477,1.3194092477,1.2638818495,Solved
OR@CPHG_@WaY?[F?oCiCT,16,35,5,6.3194085514,1.3194085514,1.2638817103,Solved
ORQH?KPAkAoSOTOiC_WoX,16,37,5,6.3193904614,1.3193904614,1.2638780923,Solved
O?hP?cG@LAkKcdSiHICL@,16,37,5,6.3193395797,1.3193395797,1.2638679159,Solved
OoSPCDC_?d`q@S[?_KhOT,16,35,5,6.3192567505,1.3192567505,1.2638513501,Solved
O_?_{AKOA`L?@VC\CZ@q_,16,36,5,6.3191008220,1.3191008220,1.2638201644,Solved
OI_\C?d`?cB?QI?tcJa@w,16,36,5,6.3190671539,1.3190671539,1.2638134308,Solved
O??KCa_E_lHKP[wEEobU?,16,37,5,6.3190366237,1.3190366237,1.2638073247,Solved
O?D_GcIGY@DPcebQ[KE_g,16,37,5,6.3189977205,1.3189977205,1.2637995441,Solved
OpEA?OVWO[OOGRBDABa@F,16,36,5,6.3189947075,1.3189947075,1.2637989415,Solved
O?ECU?ABHEakIWWdI`Rh?,16,37,5,6.3189912756,1.3189912756,1.2637982551,Solved
ORPCC?RHOQ@QDBHJGRCPD,16,36,5,6.3188468540,1.3188468540,1.2637693708,Solved
Oq?Gc?TAqIBGGNH`DPA@b,16,36,5,6.3188401977,1.3188401977,1.2637680395,Solved
OLQ?GOdCq_S?oKBF@T_E[,16,36,5,6.3188057730,1.3188057730,1.2637611546,Solved
OpCHIPO_?F_UPC`AD?waM,16,35,5,6.3188020498,1.3188020498,1.2637604100,Solved
Oh_YC?FS?cC_?tAVDDS@w,16,36,5,6.3187993986,1.3187993986,1.2637598797,Solved
OkGOGQbKaI@_OTA_aDk?y,16,36,5,6.3187574458,1.3187574458,1.2637514892,Solved
O_?GkAaOJOK_?vEXAj@q_,16,36,5,6.3187269266,1.3187269266,1.2637453853,Solved
OoC?W?TGIEOWJOLAHAi_k,16,34,5,6.3186940783,1.3186940783,1.2637388157,Solved
O_ECQ@O[?N_SBDGwdg`iG,16,37,5,6.3186802335,1.3186802335,1.2637360467,Solved
OkQ?`?mEOa?WGcPF@`s@[,16,36,5,6.3186389179,1.3186389179,1.2637277836,Solved
OoCOO_`HqOOW@JS_c@iX@,16,34,5,6.3186111423,1.3186111423,1.2637222285,Solved
O?GOOMGPIdKKcdgUJGDK@,16,37,5,6.3186076952,1.3186076952,1.2637215390,Solved
O?KsQI?OGdCJ@cAWq?j?T,16,34,5,6.3185539740,1.3185539740,1.2637107948,Solved
O?ECE?B@HUiQQcLOdcbh?,16,37,5,6.3185417678,1.3185417678,1.2637083536,Solved
OQ?H?cgDKJGsaTQeKgCs@,16,38,5,6.3185312232,1.3185312232,1.2637062446,Solved
O`Ea?P`Co[K?_RBDAS[@w,16,36,5,6.3185144520,1.3185144520,1.2637028904,Solved
ObIC?ORHSAARBIHAGQYPI,16,36,5,6.3185063953,1.3185063953,1.2637012791,Solved
ODOcA@aDTAGobGCP`RGPw,16,36,5,6.3185043804,1.3185043804,1.2637008761,Solved
OA?gOGRKCPpIWHcokXEK_,16,37,5,6.3184247266,1.3184247266,1.2636849453,Solved
O@`?GOTE`IdOOL_iIGlEC,16,36,5,6.3183941443,1.3183941443,1.2636788289,Solved
OkGOGPDEcEOWKIBAGAx@i,16,36,5,6.3183939502,1.3183939502,1.2636787900,Solved
O@CdQi?OGW`c?d?Yk?k_T,16,34,5,6.3183667921,1.3183667921,1.2636733584,Solved
O@?IAGUH_qdGoJqKQodU?,16,38,5,6.3183529605,1.3183529605,1.2636705921,Solved
OdHAC?dBOd`HGcAgI?{GM,16,36,5,6.3183167546,1.3183167546,1.2636633509,Solved
O@YO`?CA{?oWEJWJGxEF?,16,37,5,6.3183136762,1.3183136762,1.2636627352,Solved
O?D_@A?BxdDSSWoRPoUe?,16,37,5,6.3183015680,1.3183015680,1.2636603136,Solved
OoCG_?bHaQOoCTTOC@iPD,16,34,5,6.3182931541,1.3182931541,1.2636586308,Solved
OhG?GWQ`KSGKSOGF`QOgX,16,35,5,6.3182797490,1.3182797490,1.2636559498,Solved
O_ECA@aT?C`dDYIsDh@eG,16,37,5,6.3182658257,1.3182658257,1.2636531651,Solved
OA?ga?FKSPk@cHapDWUK_,16,37,5,6.3182447036,1.3182447036,1.2636489407,Solved
OCa?GSOBHJDSSTUaMQBJ?,16,38,5,6.3182421268,1.3182421268,1.2636484254,Solved
Og?GkA?OIpCcIwLS?Z_qg,16,36,5,6.3181872014,1.3181872014,1.2636374403,Solved
OA?h?U?KWtHCPWc`sHeK_,16,37,5,6.3181708883,1.3181708883,1.2636341777,Solved
O?U__OPGoMQAIJPhWFFE?,16,37,5,6.3181458842,1.3181458842,1.2636291768,Solved
O@@CAACEXVAwHcq@lSCy?,16,38,5,6.3181364779,1.3181364779,1.2636272956,Solved
Oh??g?L_S`GHQoHEdQ_wg,16,35,5,6.3181047204,1.3181047204,1.2636209441,Solved
O?U__a@A``sIoqPSGs`TA,16,37,5,6.3181022002,1.3181022002,1.2636204400,Solved
O??XQ?RHSMF@qKiOIQMHG,16,38,5,6.3180457680,1.3180457680,1.2636091536,Solved
O?_G_HJISaOWLHSDCpIKo,16,36,5,6.3179904860,1.3179904860,1.2635980972,Solved
O_Ch?GCAQdkEgKSoqWcV?,16,37,5,6.3179560727,1.3179560727,1.2635912145,Solved
Oo?O_S`GaWP_?jM?giI`g,16,34,5,6.3179560203,1.3179560203,1.2635912041,Solved
OQQ@?@FLSQGpcOAcd?o`R,16,36,5,6.3179407246,1.3179407246,1.2635881449,Solved
OK?G?GGGWse[oYTgWqDU?,16,37,5,6.3178749737,1.3178749737,1.2635749947,Solved
O??GkE_c@AbKXDQiLIAhO,16,36,5,6.3178634057,1.3178634057,1.2635726811,Solved
OCHGOG__y?eHDiEYWSfE?,16,37,5,6.3178130243,1.3178130243,1.2635626049,Solved
O?D_?SQO[JIPIDd_tQFB?,16,37,5,6.3178079179,1.3178079179,1.2635615836,Solved
Oh???kH_c_GTQaHKdb?wg,16,35,5,6.3177991281,1.3177991281,1.2635598256,Solved
OK??KObHQHBRaeSoJcDWA,16,38,5,6.3177909115,1.3177909115,1.2635581823,Solved
O@??WxGgYcsdcgWoL_SwA,16,39,5,6.3177842504,1.3177842504,1.2635568501,Solved
OK?OaUAPKABBJIIeCke[?,16,38,5,6.3177242438,1.3177242438,1.2635448488,Solved
O@QGPCQGABAbceP[PMFCG,16,37,5,6.3176892263,1.3176892263,1.2635378453,Solved
OoC?S_B@pAGpLGQEhd@`g,16,36,5,6.3176363050,1.3176363050,1.2635272610,Solved
Oi?GGC``SCHGEIDJCQpoo,16,35,5,6.3175619269,1.3175619269,1.2635123854,Solved
O?MCD?A@GeakQsWdHdBh?,16,37,5,6.3175103275,1.3175103275,1.2635020655,Solved
O??GcEOpAJEBQPHgdUBq?,16,36,5,6.3173824368,1.3173824368,1.2634764874,Solved
Og??{EGPA_CNHILG@JGqc,16,36,5,6.3173374959,1.3173374959,1.2634674992,Solved
O@?G?EaPYRQRdOT_TGJSC,16,37,5,6.3172381675,1.3172381675,1.2634476335,Solved
O??H?eIPYhTBd_U_SgJQC,16,38,5,6.3172343795,1.3172343795,1.2634468759,Solved
O@?GGUgSYdSbXOdOLOKsC,16,39,5,6.3172290083,1.3172290083,1.2634458017,Solved
Oo?O`TC`?DbEGBMAHoQAe,16,35,5,6.3172008405,1.3172008405,1.2634401681,Solved
OhEC?Q`HQSAWAcP@aFGH[,16,36,5,6.3171956047,1.3171956047,1.2634391209,Solved
O_?pS?XCoYAPBCOMKCt?M,16,35,5,6.3171741827,1.3171741827,1.2634348365,Solved
O?CicGB@H_DCOV_fHDD_`,16,35,5,6.3171448958,1.3171448958,1.2634289792,Solved
O?MaaA@o?icUQGaOA_xCU,16,35,5,6.3171403713,1.3171403713,1.2634280743,Solved
Oh?GKE?SiCCcIYDIBH_Qi,16,36,5,6.3170885614,1.3170885614,1.2634177123,Solved
Os?G?SECHAApQIPSEOZOg,16,34,5,6.3170822764,1.3170822764,1.2634164553,Solved
O@GSQJ?o?W`cCiGTiOdAP,16,35,5,6.3170690633,1.3170690633,1.2634138127,Solved
O?KsACaCWI@PSHaIGal?s,16,35,5,6.3170159443,1.3170159443,1.2634031889,Solved
O?GWKDAQSHkHEHo_eKLc_,16,37,5,6.3170028864,1.3170028864,1.2634005773,Solved
Oh??[ACOAICYIMC{BD_y_,16,36,5,6.3169757747,1.3169757747,1.2633951549,Solved
O@IA?oIDGMC@QEcHoYaJG,16,35,5,6.3169748249,1.3169748249,1.2633949650,Solved
O?CkAc@CgTE@PD`HKBLPC,16,35,5,6.3169285932,1.3169285932,1.2633857186,Solved
OK_aCAEIQWCXDcOObCg`q,16,36,5,6.3168296012,1.3168296012,1.2633659202,Solved
OYa?OaBD`K@HEAGSgci@k,16,36,5,6.3168265101,1.3168265101,1.2633653020,Solved
O``??@bcpSAhJCFGGHKCL,16,36,5,6.3168145720,1.3168145720,1.2633629144,Solved
O`UaC?RGpA@d_aPAAAwPe,16,36,5,6.3167985005,1.3167985005,1.2633597001,Solved
O`_a?`LGsIDPS@Ca@a[@e,16,36,5,6.3167536838,1.3167536838,1.2633507368,Solved
O_??[aGSAQMO@NG{Ed@Y_,16,36,5,6.3167519442,1.3167519442,1.2633503888,Solved
O_Ccd@DI?ghOb?[??HgDd,16,33,5,6.3167333951,1.3167333951,1.2633466790,Solved
Oi??Wcc_cPG_A\FCCHh_w,16,35,5,6.3167087274,1.3167087274,1.2633417455,Solved
OcO__Kg_?b`qWc_WB_Z?Y,16,35,5,6.3166929715,1.3166929715,1.2633385943,Solved
O_?OpWAB@Cb?WL`JGLd`_,16,35,5,6.3166911850,1.3166911850,1.2633382370,Solved
Oo??GgHfA?c`U@GidXAdG,16,35,5,6.3166812236,1.3166812236,1.2633362447,Solved
O?`o_UAGWJBBocIAiKNCG,16,37,5,6.3166417960,1.3166417960,1.2633283592,Solved
Oh_XO`?_?p_]_W@cgHHGL,16,35,5,6.3166188770,1.3166188770,1.2633237754,Solved
Oc_a@?yAqWO_OX?rEB_ge,16,36,5,6.3165833051,1.3165833051,1.2633166610,Solved
OpS__L?_?L`McGPCcOgQT,16,35,5,6.3165349571,1.3165349571,1.2633069914,Solved
OkGQC?dB_MBSCSQAc@s@b,16,36,5,6.3165332281,1.3165332281,1.2633066456,Solved
O`GSQI?O?dcMbCRGAOhAT,16,35,5,6.3165223851,1.3165223851,1.2633044770,Solved
O`??GS`C`SAgON_NLaCx?,16,35,5,6.3164573392,1.3164573392,1.2632914678,Solved
O_?XSQcOb?IOAJC]?j`ac,16,36,5,6.3164445432,1.3164445432,1.2632889086,Solved
O_?GkA_SBCNG@]A{Ci?pP,16,36,5,6.3164367837,1.3164367837,1.2632873567,Solved
O@?CAADP_mDFeSUgTgB[?,16,38,5,6.3164292238,1.3164292238,1.2632858448,Solved
OpEA?OVBaIOOIBGTABa@F,16,36,5,6.3163716702,1.3163716702,1.2632743340,Solved
O?CkACA?XbEQQH`EicDO`,16,35,5,6.3163691025,1.3163691025,1.2632738205,Solved
OAH@?CCCgYOBKXQXQTCY_,16,35,5,6.3163634011,1.3163634011,1.2632726802,Solved
OoY?__[TCDCJAQGcgKGKL,16,36,5,6.3163419975,1.3163419975,1.2632683995,Solved
O?D_GS`O@SsIakShQeEaO,16,37,5,6.3162719129,1.3162719129,1.2632543826,Solved
O?D_GSQGIBIQgXbETPEa_,16,37,5,6.3162465496,1.3162465496,1.2632493099,Solved
O@GQKX?S?WbC?dGWoPl@S,16,34,5,6.3162285120,1.3162285120,1.2632457024,Solved
O??G`AaQ[MPW[BdCIkBSA,16,37,5,6.3162238551,1.3162238551,1.2632447710,Solved
OqI?OaQGow?wAWPCcDi?{,16,36,5,6.3161375171,1.3161375171,1.2632275034,Solved
O?D_GT?C`TKIg[chPeEaO,16,37,5,6.3161245818,1.3161245818,1.2632249164,Solved
Os?GOGWIAAaWDaGwGaj@K,16,34,5,6.3161188377,1.3161188377,1.2632237675,Solved
O?D_PD@CSLdEocKGpgMcG,16,37,5,6.3161083623,1.3161083623,1.2632216725,Solved
O?C_OMCQYKQHWhSWT@Lc_,16,37,5,6.3159530610,1.3159530610,1.2631906122,Solved
O``??@YgoiCkIaSO`aKCX,16,36,5,6.3159324772,1.3159324772,1.2631864954,Solved
O_Ko_OCGAFo]goSKoiAT@,16,37,5,6.3159260310,1.3159260310,1.2631852062,Solved
OqGOGQK`PEGWKDAcADi@U,16,36,5,6.3159165143,1.3159165143,1.2631833029,Solved
O?Op@?EaWrWKgAE`iQUM?,16,37,5,6.3158952965,1.3158952965,1.2631790593,Solved
Oo??WgQeAGgIHHGbDLAoE,16,35,5,6.3158931713,1.3158931713,1.2631786343,Solved
O@GQYAOg@GAABS?zGDsQW,16,34,5,6.3158864804,1.3158864804,1.2631772961,Solved
O_?GkAWOBGLO?^G{BJ@i_,16,36,5,6.3158260889,1.3158260889,1.2631652178,Solved
O?d_`?DAl?iDggSSowaUO,16,37,5,6.3158222165,1.3158222165,1.2631644433,Solved
OgC?W?B_KEHgTGLSDBP_w,16,35,5,6.3158016041,1.3158016041,1.2631603208,Solved
O_?_{AGPIOKC?vDREL@q_,16,36,5,6.3157768480,1.3157768480,1.2631553696,Solved
Oi?GOCQHOqOoaKPOCDh_M,16,34,5,6.3157683742,1.3157683742,1.2631536748,Solved
Oo?GqGa__PaeQ@TACIXaS,16,35,5,6.3157074722,1.3157074722,1.2631414944,Solved
O@YO`?C@oPoXSQWLPSUF?,16,37,5,6.3156155209,1.3156155209,1.2631231042,Solved
OoCHaGhD?aGO`BIFGUS@w,16,36,5,6.3155606677,1.3155606677,1.2631121335,Solved
Oo??Wc_a?JaeQPHCiSJoO,16,35,5,6.3155327719,1.3155327719,1.2631065544,Solved
O??G`DI`Xoecq`pQJGDK@,16,38,5,6.3155188368,1.3155188368,1.2631037674,Solved
Oo??GOTf@Cc_QJORFOIeG,16,35,5,6.3153875836,1.3153875836,1.2630775167,Solved
O_?GHGSEPPF?_rOlIXDD_,16,36,5,6.3152435849,1.3152435849,1.2630487170,Solved
O??GcIGoAbG[IeLDCuBq?,16,36,5,6.3152422034,1.3152422034,1.2630484407,Solved
O?d__GHGiDQJSCIQosVE?,16,37,5,6.3151479735,1.3151479735,1.2630295947,Solved
OoCQPIC`?Q`MS@SICQXDS,16,36,5,6.3150990518,1.3150990518,1.2630198104,Solved
O_ECA@CW?maUBSKgd[@YG,16,37,5,6.3150856440,1.3150856440,1.2630171288,Solved
O?D_?ED``QiTSSQgUGLSC,16,37,5,6.3150824107,1.3150824107,1.2630164821,Solved
OoCOS@FKOYAGOfGJCoaOb,16,36,5,6.3150692628,1.3150692628,1.2630138526,Solved
O?hO`?CAj@IIcUghH[CMO,16,37,5,6.3150564149,1.3150564149,1.2630112830,Solved
OSHGb@A_?U_yGKU?oCggT,16,35,5,6.3150443883,1.3150443883,1.2630088777,Solved
O@hO`C_C?T?jQ[`kWJEDG,16,37,5,6.3150236917,1.3150236917,1.2630047383,Solved
OoCO_W_GqGO_AjIBG[I`g,16,34,5,6.3149567587,1.3149567587,1.2629913517,Solved
Op@G_OTOsEB@A_HEkCs@k,16,36,5,6.3149457614,1.3149457614,1.2629891523,Solved
OoMA?_NBaAaOS?GTc`s@[,16,36,5,6.3149313297,1.3149313297,1.2629862659,Solved
O@CIKEGs?G`ISQHHcTbBO,16,36,5,6.3147454589,1.3147454589,1.2629490918,Solved
O@?KCQCGomBSpDXoJEBPO,16,38,5,6.3147449241,1.3147449241,1.2629489848,Solved
O?GYCCA@XcBKOFaIMALHC,16,35,5,6.3147390936,1.3147390936,1.2629478187,Solved
OqGYSGaCOH@BW?c??KwCu,16,33,5,6.3146794385,1.3146794385,1.2629358877,Solved
OoCOGXOa_BcEKAP@dPIEK,16,35,5,6.3146576577,1.3146576577,1.2629315315,Solved
O?C@IO``KOQW\AYC?dico,16,35,5,6.3146493989,1.3146493989,1.2629298798,Solved
O?LAd?EDORCQKGOBo`sPa,16,35,5,6.3146327409,1.3146327409,1.2629265482,Solved
O_ECA@_\?E`{BIDIDWHeC,16,37,5,6.3146205039,1.3146205039,1.2629241008,Solved
O?OoGTAED@oma_KWiHVC_,16,37,5,6.3146057670,1.3146057670,1.2629211534,Solved
O?`O?SOHXaFO_eOXhTDL?,16,36,5,6.3144676475,1.3144676475,1.2628935295,Solved
O@U_?__AYAArgeaiG{EF?,16,37,5,6.3144652393,1.3144652393,1.2628930479,Solved
O??HGcsMCGgiQYahIPDQ@,16,37,5,6.3143595739,1.3143595739,1.2628719148,Solved
O?G\A__C?Q_tWDcIhUCJ_,16,35,5,6.3143337943,1.3143337943,1.2628667589,Solved
Oh?GKIGSaCCSG]DIBH_Qi,16,36,5,6.3143126550,1.3143126550,1.2628625310,Solved
O?DCD_@BgdD`L?_HhSR?q,16,35,5,6.3143119240,1.3143119240,1.2628623848,Solved
O`Q@S?CCBBoUFOEW?qJ?L,16,35,5,6.3142055469,1.3142055469,1.2628411094,Solved
O_C_X_oI?g`c_kORgUCAX,16,35,5,6.3141914880,1.3141914880,1.2628382976,Solved
OK?H?cWHWkHH`hPWT@MS_,16,38,5,6.3140761625,1.3140761625,1.2628152325,Solved
O_?P[E_PAoM??^GU@cgr_,16,36,5,6.3139377993,1.3139377993,1.2627875599,Solved
O?hO`?OGKakT`WQcoyAV?,16,37,5,6.3139138782,1.3139138782,1.2627827756,Solved
O_?GkAaOAoM_A\@]CZ@q_,16,36,5,6.3138987184,1.3138987184,1.2627797437,Solved
OCHG?O_OQfAuDWgcpUFE?,16,37,5,6.3138853891,1.3138853891,1.2627770778,Solved
OK??c?THqPo`IhRoFGe[?,16,38,5,6.3138765678,1.3138765678,1.2627753136,Solved
OMIC?@BHOYPGObCeCcgpc,16,36,5,6.3138737381,1.3138737381,1.2627747476,Solved
OQIA?@dFSSWGB`GcAHW`Y,16,36,5,6.3138692507,1.3138692507,1.2627738501,Solved
O?ECE?CAwfGSJPLDL`Bd?,16,37,5,6.3138596162,1.3138596162,1.2627719232,Solved
O?ECD?BG_hdcQqRKIIbk?,16,37,5,6.3138588907,1.3138588907,1.2627717781,Solved
O??IdCaCXgF?aIPDhBCHH,16,35,5,6.3138232674,1.3138232674,1.2627646535,Solved
O`HC?@bbQQQGH`Da@Cg_t,16,36,5,6.3138000597,1.3138000597,1.2627600119,Solved
O_?GkAWOB@N?@VG{@Z@i_,16,36,5,6.3137931059,1.3137931059,1.2627586212,Solved
O@@IAACIWvCSDcq@rGdM?,16,38,5,6.3137869329,1.3137869329,1.2627573866,Solved
O?h\Aa@Oc_K?CLGM?ogQT,16,34,5,6.3136149322,1.3136149322,1.2627229864,Solved
O?LSC?QCOK`LQcHWkQbBO,16,36,5,6.3135847413,1.3135847413,1.2627169483,Solved
O_Y\A__CICOGGFCJ@QGJD,16,34,5,6.3135597563,1.3135597563,1.2627119513,Solved
Oc_a@AEQOUDOCXKKG`Wgw,16,36,5,6.3135581921,1.3135581921,1.2627116384,Solved
ORQ?GV?GAIcSAcCW`ak_[,16,35,5,6.3135299129,1.3135299129,1.2627059826,Solved
O`aCA@AP?ebMIKDodd@]?,16,38,5,6.3135153969,1.3135153969,1.2627030794,Solved
O?U__OFGI@EHDUaeWQfE?,16,37,5,6.3135051934,1.3135051934,1.2627010387,Solved
O_C?_Oo`KEMgPIOsD`HSc,16,35,5,6.3134741564,1.3134741564,1.2626948313,Solved
O?N?`?G@{_sSWaowAkQQW,16,37,5,6.3134703138,1.3134703138,1.2626940628,Solved
O?D_?SQOSJERIKbcYOVB?,16,37,5,6.3134543782,1.3134543782,1.2626908756,Solved
OQ?OaQKOkEB@JEGxCie[?,16,38,5,6.3134261027,1.3134261027,1.2626852205,Solved
OoC?S_d?oMGSRCKBeaaPo,16,36,5,6.3133831679,1.3133831679,1.2626766336,Solved
Oo?Gg`BHPOPG?fU?i`@@J,16,34,5,6.3133643542,1.3133643542,1.2626728708,Solved
O_Ci?cEAa`QCWTg[Oj@SW,16,37,5,6.3133527876,1.3133527876,1.2626705575,Solved
O@?ACLCEhRBopEgHJGL[?,16,38,5,6.3132805141,1.3132805141,1.2626561028,Solved
OoCOOKcQADQ?@dAXCJb_E,16,34,5,6.3132336466,1.3132336466,1.2626467293,Solved
O`E_QHGcACS?@MCp`H`D`,16,34,5,6.3131256253,1.3131256253,1.2626251251,Solved
OQ?PAT?_SJBPEkJKCee[?,16,38,5,6.3130684463,1.3130684463,1.2626136893,Solved
O??HcBAd@?alEIQqKgRQ_,16,36,5,6.3130406589,1.3130406589,1.2626081318,Solved
OL`?S@Bg_MD@SAASacgHk,16,36,5,6.3130150082,1.3130150082,1.2626030016,Solved
O@??GWY`HSj_SsoYSWfW?,16,38,5,6.3129451884,1.3129451884,1.2625890377,Solved
OoC?O_KOhIOwGWT_h@P_h,16,34,5,6.3128899261,1.3128899261,1.2625779852,Solved
OLo?GHSh@SBG_QO`_NGDk,16,36,5,6.3128247643,1.3128247643,1.2625649529,Solved
OEHC@?u`RCP_OPCR@QWPs,16,36,5,6.3127938360,1.3127938360,1.2625587672,Solved
Oi?GOcdaCKG_?lEAcIh_w,16,35,5,6.3127820929,1.3127820929,1.2625564186,Solved
O?Ci?QDoSSIDWQDcsW`d_,16,37,5,6.3127565460,1.3127565460,1.2625513092,Solved
Og??[ACPQwCHKoMW@Eodg,16,36,5,6.3127234471,1.3127234471,1.2625446894,Solved
O@OOOWQ``BgMG`PaPcSaE,16,36,5,6.3127212660,1.3127212660,1.2625442532,Solved
O?C_@CEWc`iKa[b`HhFc?,16,37,5,6.3127185831,1.3127185831,1.2625437166,Solved
OGUTC@DKQAE@Aha@?VGGu,16,36,5,6.3127170932,1.3127170932,1.2625434186,Solved
O??GiUAHWofCTGgQw`fS?,16,38,5,6.3127135195,1.3127135195,1.2625427039,Solved
OQ_cA@M`PEAoGPQBBBO`e,16,36,5,6.3126998342,1.3126998342,1.2625399668,Solved
O@hO`?_COUGF`MQkOweF?,16,37,5,6.3126910384,1.3126910384,1.2625382077,Solved
O?LCb?ECORCqKGOBobSPa,16,35,5,6.3126469450,1.3126469450,1.2625293890,Solved
O?d_?__SmFWCgSD`dW_^?,16,37,5,6.3126356452,1.3126356452,1.2625271290,Solved
OoCOOK`c?C`IHBRIGUR_W,16,35,5,6.3125765698,1.3125765698,1.2625153140,Solved
O_ECA@_W_T@mDEDwDWPiO,16,37,5,6.3125708189,1.3125708189,1.2625141638,Solved
O_?GcAoOBSKoA\DU?}@q_,16,36,5,6.3125595673,1.3125595673,1.2625119135,Solved
O_?PTAWPbGIO?^GK@ggqQ,16,36,5,6.3125403070,1.3125403070,1.2625080614,Solved
O??GhQBOtGjDi_TOuaBp?,16,39,5,6.3124727379,1.3124727379,1.2624945476,Solved
O@@KQE?IWqCtDgoEjCDI@,16,38,5,6.3124727170,1.3124727170,1.2624945434,Solved
O?EEC_`P?TasXQITEQAX@,16,37,5,6.3124603744,1.3124603744,1.2624920749,Solved
OoSP??NKSaCgA`ObGbS@e,16,36,5,6.3124505990,1.3124505990,1.2624901198,Solved
OoCO`DKa?D_iH_KBH@qAe,16,35,5,6.3124106412,1.3124106412,1.2624821282,Solved
O??G`AIP[MHWkD[IQgBS@,16,37,5,6.3123768009,1.3123768009,1.2624753602,Solved
O`GSA@ecPE@WS@`B@bOPe,16,36,5,6.3123040432,1.3123040432,1.2624608086,Solved
Os?GOCaGQHAgEQDcHEb?M,16,34,5,6.3121664305,1.3121664305,1.2624332861,Solved
O??yA_IGOceCQBadSLCHc,16,35,5,6.3120324469,1.3120324469,1.2624064894,Solved
O??G`CoSSHpUeOpWKoRSO,16,37,5,6.3120128153,1.3120128153,1.2624025631,Solved
O@`OOGXC`QcoOL_TGTLEC,16,36,5,6.3119532461,1.3119532461,1.2623906492,Solved
Oi?GOG`_s?GXEIDiCapoo,16,35,5,6.3119394087,1.3119394087,1.2623878817,Solved
OhG?GCP_STGGRGHFAQowg,16,35,5,6.3119363808,1.3119363808,1.2623872762,Solved
OqC_?AJKaIooIaCP`IaHB,16,36,5,6.3119277134,1.3119277134,1.2623855427,Solved
Os??OXGE?eAoGXHMGqR?w,16,35,5,6.3118619613,1.3118619613,1.2623723923,Solved
O?dlAa@Oa_S?DDGM@GgDT,16,34,5,6.3118496768,1.3118496768,1.2623699354,Solved
Og?O[ECQAoCTIGK[?jOak,16,36,5,6.3118450639,1.3118450639,1.2623690128,Solved
O?LRCODC`AaSAKOBo`t@a,16,35,5,6.3118166430,1.3118166430,1.2623633286,Solved
Oi?GG_Q`CSGWALHQdM@_w,16,35,5,6.3118148810,1.3118148810,1.2623629762,Solved
OoCOWG`c?Q_YHAQHgUR_W,16,35,5,6.3117878541,1.3117878541,1.2623575708,Solved
Oi?GGcO`CQGSATHIdU@_w,16,35,5,6.3117800810,1.3117800810,1.2623560162,Solved
Og??{ACPQWCWKQMW@Eo`w,16,36,5,6.3117480427,1.3117480427,1.2623496085,Solved
O_Ci?`@_OL`EKk`pM@dU?,16,37,5,6.3117301292,1.3117301292,1.2623460258,Solved
O??K@e_DiTBCPPkAkoeQ_,16,37,5,6.3114771263,1.3114771263,1.2622954253,Solved
O?Cg?KaQ[HHPgPSayKDc_,16,37,5,6.3114594412,1.3114594412,1.2622918882,Solved
OGECd?BP_QaIGbRGdcahO,16,37,5,6.3114298850,1.3114298850,1.2622859770,Solved
OqGOGPI`XEAW`@QAcAg`T,16,36,5,6.3114288240,1.3114288240,1.2622857648,Solved
O_KOOOo_[KIOOYPcCHhGk,16,35,5,6.3114163994,1.3114163994,1.2622832799,Solved
O??ZC_OAxGF?OF_jHLDHC,16,35,5,6.3113825828,1.3113825828,1.2622765166,Solved
OpQA?_FBQgP??rCdDCX@w,16,36,5,6.3113716989,1.3113716989,1.2622743398,Solved
O@??[EGDXIXBSiWgR_JY?,16,38,5,6.3113208165,1.3113208165,1.2622641633,Solved
O?EDC_`O_XaaWRJSHSal?,16,37,5,6.3112204635,1.3112204635,1.2622440927,Solved
Od`@PI?O?L_MWGASaogo[,16,35,5,6.3111401271,1.3111401271,1.2622280254,Solved
O?@AcOKGogeKN?_Kh@lDO,16,35,5,6.3111302371,1.3111302371,1.2622260474,Solved
OoCGPDC__GaiQBGKeTAaQ,16,35,5,6.3110761706,1.3110761706,1.2622152341,Solved
O?GOICXKSSgdgPS_paND?,16,37,5,6.3110602746,1.3110602746,1.2622120549,Solved
OBhC@ECO@K_MQOCK`ok_[,16,35,5,6.3110564442,1.3110564442,1.2622112888,Solved
OoCGS_`?oMGSKBLDGeQPo,16,36,5,6.3110445180,1.3110445180,1.2622089036,Solved
ObIC?ORHT@HB@QOc`cGcL,16,36,5,6.3110376634,1.3110376634,1.2622075327,Solved
OhG?KAIOAWCiCJAsam?eo,16,36,5,6.3110299685,1.3110299685,1.2622059937,Solved
O@?ACAIDWuCwqDXIJgD[?,16,38,5,6.3109942450,1.3109942450,1.2621988490,Solved
OkOc??NgPaAgO`Ab@bO`e,16,36,5,6.3109909432,1.3109909432,1.2621981886,Solved
O_?HkQOQI_G_?vIJEI`JO,16,36,5,6.3109298051,1.3109298051,1.2621859610,Solved
O?d_`?OGLDIJ`WQcoyAV?,16,37,5,6.3109102550,1.3109102550,1.2621820510,Solved
O@@G?Q`aCaCrQiDkIYFE?,16,37,5,6.3108572552,1.3108572552,1.2621714510,Solved
O@?AAGUEPKdKpDqIRWD[?,16,38,5,6.3108273885,1.3108273885,1.2621654777,Solved
O?a@?odPqTBocgoPEBJWC,16,38,5,6.3108172158,1.3108172158,1.2621634432,Solved
OB?`O_h_i@OXbQRDBbEM?,16,38,5,6.3107418319,1.3107418319,1.2621483664,Solved
O_?GkAcOa`M?A\@VDX@q_,16,36,5,6.3107352102,1.3107352102,1.2621470420,Solved
O?ECE?AGoj@eJWTKLPBcG,16,37,5,6.3107351612,1.3107351612,1.2621470322,Solved
OKHC??rbUACoCPOc`dOoY,16,36,5,6.3107259164,1.3107259164,1.2621451833,Solved
OkEC@?LI`WAH?qDCgSi@k,16,36,5,6.3106885616,1.3106885616,1.2621377123,Solved
O_CkAD?_?L`MIkD[MOdaO,16,37,5,6.3106828967,1.3106828967,1.2621365793,Solved
O??PGso`YShcagXOu@fo?,16,39,5,6.3105190418,1.3105190418,1.2621038084,Solved
O?Ow__I@YCqDIPgYWQVE?,16,37,5,6.3105091068,1.3105091068,1.2621018214,Solved
O`?G?AHQOlcueoXoQgBS@,16,38,5,6.3104709411,1.3104709411,1.2620941882,Solved
O??GhUAO\GjDmC\GQgBS@,16,39,5,6.3104689884,1.3104689884,1.2620937977,Solved
OQOc??NWoiWGAbaAAah`E,16,36,5,6.3104337085,1.3104337085,1.2620867417,Solved
Os?@OhgT?K@Hb?GDaDQEB,16,34,5,6.3104324626,1.3104324626,1.2620864925,Solved
OdHC?OdB_MI@WACS`Sk@k,16,36,5,6.3104052125,1.3104052125,1.2620810425,Solved
O?GOQCQG[KkDcPRCpkFc?,16,37,5,6.3103868230,1.3103868230,1.2620773646,Solved
OoCO`HA__X`MI_KAG_yAe,16,35,5,6.3103813518,1.3103813518,1.2620762704,Solved
OoCOGXOc_BcKHAODdPISK,16,35,5,6.3103720303,1.3103720303,1.2620744061,Solved
Oh??GcL_cgGGQaGLdB_wg,16,35,5,6.3102836453,1.3102836453,1.2620567291,Solved
O`YC?_bBOkS?AROdAcY@w,16,36,5,6.3102476400,1.3102476400,1.2620495280,Solved
O?C__KaAYGhKiakBWqEb?,16,37,5,6.3102196159,1.3102196159,1.2620439232,Solved
O_?XSAcOJ?IOAZ@VAZ@q_,16,36,5,6.3101875191,1.3101875191,1.2620375038,Solved
Oq?GS?VDOqGGGfHBDCaCb,16,36,5,6.3101378986,1.3101378986,1.2620275797,Solved
OhC?[ECQA?DDG]CiAj?Ii,16,36,5,6.3099990666,1.3099990666,1.2619998133,Solved
O??GaKe`cQE`SMMSXCfS?,16,38,5,6.3098871720,1.3098871720,1.2619774344,Solved
O?MCC_B@GcchQdWsHdBh?,16,37,5,6.3098545329,1.3098545329,1.2619709066,Solved
O??P`WgPkFH`SWb_uAfo?,16,39,5,6.3098540405,1.3098540405,1.2619708081,Solved
O?CHKaAi?`?hSLOuLCbIO,16,36,5,6.3098440766,1.3098440766,1.2619688153,Solved
O?CgOKPGiQObS`gIyIFD?,16,37,5,6.3095618262,1.3095618262,1.2619123652,Solved
O`aCA@AP_eAkE[IFDd@]?,16,38,5,6.3095079252,1.3095079252,1.2619015850,Solved
O??GhUAO[okdlC]GQgBS@,16,39,5,6.3094520383,1.3094520383,1.2618904077,Solved
O_KH?cG_[KGoOYXCADh_k,16,35,5,6.3094416022,1.3094416022,1.2618883204,Solved
OhC?SAKOAKCSG]DsAJ_Yg,16,36,5,6.3094374025,1.3094374025,1.2618874805,Solved
Osa?GSoBHcagQhPYMIBSG,16,40,5,6.3094357435,1.3094357435,1.2618871487,Solved
Os_?IGbC`Ga_O`ISB@QPG,16,32,5,6.3094010780,1.3094010780,1.2618802156,Solved
Oo??gT?c?XcMIgKQGaYwG,16,35,5,6.3092780674,1.3092780674,1.2618556135,Solved
O?MCAOBH_a`cLGObiED?X,16,35,5,6.3091933346,1.3091933346,1.2618386669,Solved
Oo?W`HA__H`MI_MAI@qAe,16,35,5,6.3091631949,1.3091631949,1.2618326390,Solved
Os??WODDPPCWCHOei`bOc,16,35,5,6.3091526704,1.3091526704,1.2618305341,Solved
Oi?GOGWGWkOW_EOocchoK,16,34,5,6.3091495247,1.3091495247,1.2618299049,Solved
O_CgA?P_GQkTDs`iMQDU?,16,37,5,6.3090321319,1.3090321319,1.2618064264,Solved
O?G\A_`C_Q_tW@cAhEKHc,16,35,5,6.3090298431,1.3090298431,1.2618059686,Solved
O?D`?dA_W[dAKIoPpkEcG,16,37,5,6.3090051334,1.3090051334,1.2618010267,Solved
O@AIKD?I_rAeHWoErSBQG,16,38,5,6.3090048666,1.3090048666,1.2618009733,Solved
OoCGK@PDOe@GHJWdGB`T@,16,36,5,6.3089879560,1.3089879560,1.2617975912,Solved
O_??KQORAcIgG]IhDd@e_,16,36,5,6.3089862108,1.3089862108,1.2617972422,Solved
OA?g`?EE]BQCQPIbSQUM?,16,37,5,6.3088763616,1.3088763616,1.2617752723,Solved
Oq?GS?XCoiGGIFHhCPaH`,16,36,5,6.3088720365,1.3088720365,1.2617744073,Solved
O_CgOKqKOgD?_eOXgRcBW,16,36,5,6.3087618792,1.3087618792,1.2617523758,Solved
OhCGKEGOaGCcG]CiAJ_Qi,16,36,5,6.3086647344,1.3086647344,1.2617329469,Solved
O_ECaP_Y?C_}GoBIadPiO,16,37,5,6.3086060065,1.3086060065,1.2617212013,Solved
O@EaSDPRD?W?GP@`ABWPU,16,34,5,6.3085892909,1.3085892909,1.2617178582,Solved
OK??K@DCiUDiagLAfWEW_,16,38,5,6.3085691155,1.3085691155,1.2617138231,Solved
OcH?`?\HbCP_?pCRHA[@s,16,36,5,6.3085183345,1.3085183345,1.2617036669,Solved
Oo?OIGi__WbIGbU?cII`P,16,35,5,6.3084740350,1.3084740350,1.2616948070,Solved
OB??GwY`KECdGsYEX_USG,16,38,5,6.3084623388,1.3084623388,1.2616924678,Solved
OCa?GWISXhGcKPIdHPRe?,16,38,5,6.3084522207,1.3084522207,1.2616904441,Solved
O_C?@Oq_cJHoOaTSEApWc,16,35,5,6.3084348272,1.3084348272,1.2616869654,Solved
OoCPIQC`?T@QSHSECKhAs,16,36,5,6.3083996625,1.3083996625,1.2616799325,Solved
O@??WxCgYcqSeGWot`BWG,16,39,5,6.3083675431,1.3083675431,1.2616735086,Solved
O??ZA_HChGF?OF_jPJDHC,16,35,5,6.3083034985,1.3083034985,1.2616606997,Solved
Ok_P??lCpWhGC`@`OHY@e,16,36,5,6.3082938875,1.3082938875,1.2616587775,Solved
OQ`@C@J``aAWH@BBHBO`e,16,36,5,6.3082573846,1.3082573846,1.2616514769,Solved
O@`KbA_S?Q_tDGICOGyCU,16,35,5,6.3082435634,1.3082435634,1.2616487127,Solved
O?ECT?ABXHAcQRWdIXBh?,16,37,5,6.3081124730,1.3081124730,1.2616224946,Solved
Oo??PDC`?dbMIAN?IoQAe,16,35,5,6.3080641970,1.3080641970,1.2616128394,Solved
O?D_?L@GkQqISadgTCRSG,16,37,5,6.3080557529,1.3080557529,1.2616111506,Solved
O`G[AE_QAGQ?AX@[CPgcs,16,34,5,6.3080458506,1.3080458506,1.2616091701,Solved
OGECe?AP_QaMGbRGdk@hO,16,37,5,6.3080411306,1.3080411306,1.2616082261,Solved
Oo?O`TC`?DbEG`MAH`QAe,16,35,5,6.3080039120,1.3080039120,1.2616007824,Solved
O_CHkQ_QJAM?@J@TADGEd,16,36,5,6.3079476579,1.3079476579,1.2615895316,Solved
O?LO@@A@_bsEa[Sp[PC]?,16,37,5,6.3079471767,1.3079471767,1.2615894353,Solved
O?G[AGB@GpEO_VQDKRD`A,16,35,5,6.3079107815,1.3079107815,1.2615821563,Solved
O?D_?d@BkIIPgTIIYOLT?,16,37,5,6.3079021108,1.3079021108,1.2615804222,Solved
Oi?GHOc`CCGQAJCZAYPoo,16,35,5,6.3078973691,1.3078973691,1.2615794738,Solved
O?C_C@DWPeAqakRoX@dd?,16,37,5,6.3078821800,1.3078821800,1.2615764360,Solved
O?E?WgBI@cGfOsYOOFL`C,16,36,5,6.3078576228,1.3078576228,1.2615715246,Solved
Og?GkAOOIoCcHUIw?Z_qg,16,36,5,6.3078200709,1.3078200709,1.2615640142,Solved
O?M?HGPA`cGfSSQoOFLDC,16,36,5,6.3077657403,1.3077657403,1.2615531481,Solved
O@?ICKcD`QbSpBqKIKDS@,16,38,5,6.3077203673,1.3077203673,1.2615440735,Solved
O_?P\AQPB?J??^GL@hGqo,16,36,5,6.3077198994,1.3077198994,1.2615439799,Solved
Oo?Oo_aGQYP_?XM?gqQ@i,16,34,5,6.3077183820,1.3077183820,1.2615436764,Solved
O??X?PE`r?sKcYaaMGIsG,16,37,5,6.3077178251,1.3077178251,1.2615435650,Solved
Oc_`A?hKQSb_`C?pgSohQ,16,36,5,6.3077054622,1.3077054622,1.2615410924,Solved
Oh?OWGA_[_GcQYGqDB_oi,16,35,5,6.3077032248,1.3077032248,1.2615406450,Solved
OsO?HpCAggCPb?CHcBQEB,16,34,5,6.3076649393,1.3076649393,1.2615329879,Solved
O??GkQCs@PcaEHOrMKBEC,16,36,5,6.3076455695,1.3076455695,1.2615291139,Solved
Os??WGHCP@DGDHREIPbCc,16,34,5,6.3076294056,1.3076294056,1.2615258811,Solved
O??WPDD`POqDWdggJGMcO,16,37,5,6.3076046260,1.3076046260,1.2615209252,Solved
O?`o_UA@YBBBIaKWWA^CG,16,37,5,6.3075689702,1.3075689702,1.2615137940,Solved
Oo??OWUOHAr?@bHDIWJoC,16,34,5,6.3075482422,1.3075482422,1.2615096484,Solved
O?MCAOBH_a`cLGObiAd@P,16,35,5,6.3075239847,1.3075239847,1.2615047969,Solved
O?DCA_E?X[eOIW`DhAd`@,16,35,5,6.3074669730,1.3074669730,1.2614933946,Solved
O_CgA@A__ReE`pD[MPDU?,16,37,5,6.3074406981,1.3074406981,1.2614881396,Solved
OQEKB?aO?U`EPGKC_wk_[,16,35,5,6.3073747952,1.3073747952,1.2614749590,Solved
OoMA?_NR?EaOS?GTc`s@[,16,36,5,6.3073649553,1.3073649553,1.2614729911,Solved
O??WP?Q`r@pHSohGxKBcG,16,37,5,6.3073647321,1.3073647321,1.2614729464,Solved
OhCGOCD_kaHCPOHaCBo_m,16,35,5,6.3073561767,1.3073561767,1.2614712353,Solved
O@?AAPKDpKBoqEcYSKd[?,16,38,5,6.3073483504,1.3073483504,1.2614696701,Solved
Oh??G_L_kIGGU_GFdP_wg,16,35,5,6.3073422173,1.3073422173,1.2614684435,Solved
Oi?GOkaaCHGO@LEAcIh_w,16,35,5,6.3072334015,1.3072334015,1.2614466803,Solved
OoCOS_@@pAGPJHPiEEaPo,16,36,5,6.3072008975,1.3072008975,1.2614401795,Solved
OoC?g_@HQTPcKGGoH_Y?m,16,34,5,6.3071363237,1.3071363237,1.2614272647,Solved
O_GSA?qBXIBGH`EaGC[?x,16,35,5,6.3070366496,1.3070366496,1.2614073299,Solved
Oo?GhHAc?H`MI_MAI@qAe,16,35,5,6.3070353061,1.3070353061,1.2614070612,Solved
O_?P\AWPB?IO?^GL@hGqo,16,36,5,6.3070168069,1.3070168069,1.2614033614,Solved
O[QA?_FBQgP??rCdDCX@w,16,36,5,6.3068824428,1.3068824428,1.2613764886,Solved
O?@CS_HD@LDIN?_Ki@jD_,16,35,5,6.3068735768,1.3068735768,1.2613747154,Solved
O?ECU?BO_hgcKTIRDeBk?,16,37,5,6.3068601989,1.3068601989,1.2613720398,Solved
O?ACU?KP_bcMJAS`fgBd?,16,37,5,6.3068289386,1.3068289386,1.2613657877,Solved
OoH?_`WHWw@o_XOPORHCU,16,36,5,6.3068159204,1.3068159204,1.2613631841,Solved
O@AIRAOo@OaaAX?zI`DCD,16,35,5,6.3068159168,1.3068159168,1.2613631834,Solved
O?LO_OP@qCOhgMaMKSfE?,16,37,5,6.3067981275,1.3067981275,1.2613596255,Solved
OoGOa?pUCE@gO`HEoU_XS,16,36,5,6.3067866218,1.3067866218,1.2613573244,Solved
O?D_H?RAu@sES@IapgUe?,16,37,5,6.3067865674,1.3067865674,1.2613573135,Solved
OAG??gI_XEGddIapEqA[_,16,36,5,6.3067767307,1.3067767307,1.2613553461,Solved
OhEC?ORHSAARPIHA@QYPI,16,36,5,6.3067545598,1.3067545598,1.2613509120,Solved
OKhA@IAC?XcE?sCqB_u?M,16,35,5,6.3067196861,1.3067196861,1.2613439372,Solved
O??KASTIIceoM_hQWaUPG,16,38,5,6.3067006282,1.3067006282,1.2613401256,Solved
O?NA@?_Au@iKg`DKaxCV?,16,37,5,6.3066713098,1.3066713098,1.2613342620,Solved
O_ECa@GY?D`hGhDSc{@iO,16,37,5,6.3065691196,1.3065691196,1.2613138239,Solved
Oo?WC_`AoMEOQgKEhDaHg,16,36,5,6.3065434844,1.3065434844,1.2613086969,Solved
O?GX?_H@l?iDWScgpWaMO,16,36,5,6.3065384584,1.3065384584,1.2613076917,Solved
OCa?GOQHYJHcKPMaHQRe?,16,38,5,6.3064314522,1.3064314522,1.2612862904,Solved
Os?HAdc`?SB??NOdA`HQD,16,34,5,6.3063692367,1.3063692367,1.2612738473,Solved
OpE?Q?LRCCAHGUSI?oxDg,16,36,5,6.3063624416,1.3063624416,1.2612724883,Solved
O?CaAQDgOk`oSLoBDSLe?,16,37,5,6.3063607574,1.3063607574,1.2612721515,Solved
O??XBAH`t?GpQEKHiTCu?,16,37,5,6.3062596759,1.3062596759,1.2612519352,Solved
O_Ci?GEAS`kESWgcqW`UO,16,37,5,6.3062464412,1.3062464412,1.2612492882,Solved
O_G[?cEAa`kMgQK_Ga[RA,16,37,5,6.3062286211,1.3062286211,1.2612457242,Solved
O@@KQ@AEHPAxHooErKDI_,16,38,5,6.3062280174,1.3062280174,1.2612456035,Solved
OoCPIQG__J?mK@KEHBQDE,16,36,5,6.3062167457,1.3062167457,1.2612433491,Solved
O@OmBAOc?J@RPCaOaPH@L,16,35,5,6.3061978071,1.3061978071,1.2612395614,Solved
O?N??`?GOlqUBwQcSKNE?,16,37,5,6.3061485942,1.3061485942,1.2612297188,Solved
O`hP?cH@c?G?AV@jQAb@P,16,34,5,6.3061443615,1.3061443615,1.2612288723,Solved
Og?Oo?K_CBHgS[HsCR`oo,16,35,5,6.3061272787,1.3061272787,1.2612254557,Solved
OoCGOH@c?E_uKoIKG`Z_W,16,35,5,6.3060810212,1.3060810212,1.2612162042,Solved
O@?ACGUEpKDKpDqIJHD[?,16,38,5,6.3060791775,1.3060791775,1.2612158355,Solved
Oo??O_[HQDOwQOL_c@qo`,16,34,5,6.3060571632,1.3060571632,1.2612114326,Solved
O?GYA_@Ah_Cs_VPIPTD_a,16,35,5,6.3059862598,1.3059862598,1.2611972520,Solved
Og??[ACPQgDHKoMW@FOdg,16,36,5,6.3059561965,1.3059561965,1.2611912393,Solved
OQY?c?pB`g?X__OU`cq@k,16,36,5,6.3057299768,1.3057299768,1.2611459954,Solved
O_GOX_cE@GbC_kORgUCAX,16,35,5,6.3057085919,1.3057085919,1.2611417184,Solved
O??yC_IC@EeCQBadKMCHc,16,35,5,6.3055925384,1.3055925384,1.2611185077,Solved
Og?GkAGQQoEEGyLO?UGIX,16,36,5,6.3055381928,1.3055381928,1.2611076386,Solved
OB?GoiB`aOcdaPP_sHJP_,16,38,5,6.3055268963,1.3055268963,1.2611053793,Solved
OMa?X?R@OQS?PBCfDEQ@w,16,36,5,6.3054615126,1.3054615126,1.2610923025,Solved
O_MCA@CS?TCbCxBsC]@iO,16,37,5,6.3054267808,1.3054267808,1.2610853562,Solved
O@DGH?H_pDIE`RQESSMe?,16,37,5,6.3054215091,1.3054215091,1.2610843018,Solved
O?d`?_DAk`KBgSSgowaUO,16,37,5,6.3053537488,1.3053537488,1.2610707498,Solved
O@?CACTHPTBooFqKJoDY?,16,38,5,6.3053378589,1.3053378589,1.2610675718,Solved
OGCS?KMCcGhHIQcOGEX@i,16,35,5,6.3053239170,1.3053239170,1.2610647834,Solved
Os?G?TGE_iAoGXGiGaZ?w,16,35,5,6.3052510771,1.3052510771,1.2610502154,Solved
Og?GkACQAIEMIoMO?VG`s,16,36,5,6.3052448462,1.3052448462,1.2610489692,Solved
O@?YSE_s@AaGIDPW_taPW,16,36,5,6.3052086810,1.3052086810,1.2610417362,Solved
OhC?_GHcSWGWPgGiCBoWi,16,35,5,6.3052029715,1.3052029715,1.2610405943,Solved
OoCOOK`c?K`IH@QIgUR_W,16,35,5,6.3051683105,1.3051683105,1.2610336621,Solved
O@UED?BG_Q`eOPHIapQh_,16,37,5,6.3051472579,1.3051472579,1.2610294516,Solved
O____Ab`qiB_MCWP@PI@L,16,36,5,6.3050872089,1.3050872089,1.2610174418,Solved
Oo?OH@A__`bMJAM_HhAAe,16,35,5,6.3050794589,1.3050794589,1.2610158918,Solved
O?D_GSQGABqQWXbKTPEa_,16,37,5,6.3050586937,1.3050586937,1.2610117387,Solved
OhG?KECOAOCNAkCmAhOy_,16,36,5,6.3050256539,1.3050256539,1.2610051308,Solved
O_C`_[oBGgD?_fOZGQcBP,16,36,5,6.3049823717,1.3049823717,1.2609964743,Solved
O?DCR_E?XWdCK_ODoas`Q,16,35,5,6.3049103196,1.3049103196,1.2609820639,Solved
Oq??K?\EoaGGHFIbCSaWP,16,36,5,6.3048687714,1.3048687714,1.2609737543,Solved
O?G\A_`C_Q_tW@cAgeKPc,16,35,5,6.3047575264,1.3047575264,1.2609515053,Solved
O@AIKD@IgqAcHIoFRORQG,16,38,5,6.3045345687,1.3045345687,1.2609069137,Solved
O@`JC`?_@HbS@TAqIAL@D,16,35,5,6.3045145091,1.3045145091,1.2609029018,Solved
O@`LA_UIOQ?pc@WAoEi@s,16,36,5,6.3044740426,1.3044740426,1.2608948085,Solved
O?GO?KQO\BJPbChcXKBcC,16,37,5,6.3044570845,1.3044570845,1.2608914169,Solved
O_?XSaASIEN??JAScdHIc,16,36,5,6.3044256305,1.3044256305,1.2608851261,Solved
OKaA@ABBaaagHIQHEAGSL,16,36,5,6.3043992776,1.3043992776,1.2608798555,Solved
O??wPAAEZ@GkSoaBqXFC_,16,37,5,6.3043990224,1.3043990224,1.2608798045,Solved
Oi?GGgaacGGOAZEICIh_w,16,35,5,6.3043303706,1.3043303706,1.2608660741,Solved
O_?P[QOQI_MG?j@SdDHIo,16,36,5,6.3042350393,1.3042350393,1.2608470079,Solved
O@YQCF?GAIcS_cCW`ago[,16,35,5,6.3041638748,1.3041638748,1.2608327750,Solved
OoCGOHOd?Dc[SoIQGAhGT,16,35,5,6.3041546319,1.3041546319,1.2608309264,Solved
O@G]EA_S?J@RPGaCAGxCU,16,35,5,6.3041241305,1.3041241305,1.2608248261,Solved
Os?GOGWGPGAWDcOyHBb@K,16,34,5,6.3040988031,1.3040988031,1.2608197606,Solved
OoCGhCc__``IGCPBiCqQS,16,35,5,6.3040831405,1.3040831405,1.2608166281,Solved
Oi?O[A?OPD_eEKJWCWoqW,16,36,5,6.3040813091,1.3040813091,1.2608162618,Solved
OpEA?PTB`E@`GSS@oBGDL,16,36,5,6.3040233384,1.3040233384,1.2608046677,Solved
O@BGCAA@orDESKIoiWfCO,16,37,5,6.3040231295,1.3040231295,1.2608046259,Solved
O?Ch?IAKYRGcSocpS@uS_,16,37,5,6.3040187390,1.3040187390,1.2608037478,Solved
Oh??_GM_CqGOQsG\Cb_wg,16,35,5,6.3040150800,1.3040150800,1.2608030160,Solved
O@??IEDEHYWRXCYgROSy?,16,38,5,6.3039562560,1.3039562560,1.2607912512,Solved
OQq?`DC_AI_UAgKC`gh_[,16,35,5,6.3038787439,1.3038787439,1.2607757488,Solved
O@hSBCISCGW?CXGM?ogOt,16,34,5,6.3038519761,1.3038519761,1.2607703952,Solved
O?G?kAOw_HBJKQRGkkAUO,16,36,5,6.3037495918,1.3037495918,1.2607499184,Solved
OgC??gJ`KEH_S_JAeQ`?{,16,35,5,6.3036818549,1.3036818549,1.2607363710,Solved
O?hO__aGS`kX`c`WHQIRC,16,37,5,6.3036728232,1.3036728232,1.2607345646,Solved
OGEG?_D_@MiUKkQKSWMU?,16,37,5,6.3036476383,1.3036476383,1.2607295277,Solved
OoCGk_B@PAG`IHOeeEaPo,16,36,5,6.3036159069,1.3036159069,1.2607231814,Solved
O?MCT?ACQEAdHMRKIkBCg,16,37,5,6.3035061046,1.3035061046,1.2607012209,Solved
O@??GTWgiwskXOdOLOKsC,16,39,5,6.3034978782,1.3034978782,1.2606995756,Solved
O?U`?cDAh`KGoUogAakSW,16,37,5,6.3034222612,1.3034222612,1.2606844522,Solved
OoCOK?hPOUAGPJIdCBad@,16,36,5,6.3034007659,1.3034007659,1.2606801532,Solved
ObaC@?UJAA_gAWCbgQpPW,16,36,5,6.3033705754,1.3033705754,1.2606741151,Solved
OBAIS`_g?Q_taGGoAAyGU,16,35,5,6.3033284361,1.3033284361,1.2606656872,Solved
OoU@?aQ@pWAoGPORGFOPe,16,36,5,6.3033048254,1.3033048254,1.2606609651,Solved
O_ECAPOT?E_dHwIdDd@eG,16,37,5,6.3032909205,1.3032909205,1.2606581841,Solved
O?E?HWBI`_GfQaSoOFL`C,16,36,5,6.3031270509,1.3031270509,1.2606254102,Solved
Oh?OWCH_S`GHPKGada_oi,16,35,5,6.3030970732,1.3030970732,1.2606194146,Solved
O?LAS_ABHAaPHW_DiDLHG,16,35,5,6.3030017018,1.3030017018,1.2606003404,Solved
OhC?WOA_KgGDTSGYCY_Wi,16,35,5,6.3029868119,1.3029868119,1.2605973624,Solved
O?U_@@?KmEEDP`DwP[CQc,16,37,5,6.3029849899,1.3029849899,1.2605969980,Solved
O?ECbOBAGhD_LCOHgRd?q,16,35,5,6.3029588170,1.3029588170,1.2605917634,Solved
OB??hGaRHWGDap_uR_eR?,16,38,5,6.3028656504,1.3028656504,1.2605731301,Solved
OQ_cA@EIQWCXDc_ObCg`q,16,36,5,6.3027623186,1.3027623186,1.2605524637,Solved
O@AIAI?IWvCsDcq@jCDE@,16,38,5,6.3027530331,1.3027530331,1.2605506066,Solved
O`aCA@CO_ia[E[JDDT@]?,16,38,5,6.3027191993,1.3027191993,1.2605438399,Solved
OdO_O?\GoqOoWP`E?SY?x,16,36,5,6.3026968069,1.3026968069,1.2605393614,Solved
O?F_GSQ_PciOILQKSGmBO,16,37,5,6.3026551549,1.3026551549,1.2605310310,Solved
O?D_@?ROU@ERIeboPeEe?,16,37,5,6.3026310412,1.3026310412,1.2605262082,Solved
O?E?WgBIP_HdOeWoOFL`C,16,36,5,6.3026259264,1.3026259264,1.2605251853,Solved
O??GiUAIIGkcKYeBQiFS?,16,38,5,6.3026048944,1.3026048944,1.2605209789,Solved
O`hSACWHB?Q??\?m@GgKT,16,34,5,6.3025956130,1.3025956130,1.2605191226,Solved
OoKQ?@LGsK@HCQcDCSYGk,16,36,5,6.3024605366,1.3024605366,1.2604921073,Solved
OkGOOIHPa_S?KKAV?t_E[,16,36,5,6.3024590114,1.3024590114,1.2604918023,Solved
O?GYCB?aaIIIgbEwC{@`o,16,37,5,6.3024464734,1.3024464734,1.2604892947,Solved
O_C_CCPOIL@iIUdcLSDcG,16,37,5,6.3023333789,1.3023333789,1.2604666758,Solved
O?GW_IBWIPHWcFKQOqNE?,16,37,5,6.3022870745,1.3022870745,1.2604574149,Solved
OpHOqAA_OWG?CZBD?R`BB,16,34,5,6.3022417694,1.3022417694,1.2604483539,Solved
O??GkA_o`AbDXPQwFIAhO,16,36,5,6.3020810469,1.3020810469,1.2604162094,Solved
O_ECAD?[?D`mDQIgdh@l?,16,37,5,6.3019505937,1.3019505937,1.2603901187,Solved
Og??{EOQAGCNIIHKBHGic,16,36,5,6.3018036621,1.3018036621,1.2603607324,Solved
O`QCA?bCoxDaGaCPgaSPB,16,36,5,6.3018017326,1.3018017326,1.2603603465,Solved
Op?GQCS_?RaqHS_gJ?Z?Y,16,35,5,6.3017796040,1.3017796040,1.2603559208,Solved
O`D@C?lb_kGOW?CT`Hs@[,16,36,5,6.3017762188,1.3017762188,1.2603552438,Solved
O?D_@@BBs`dPoPK_pcMe?,16,37,5,6.3017114892,1.3017114892,1.2603422978,Solved
O?KtAeCQM?W?Ca@DcCoQR,16,34,5,6.3017079528,1.3017079528,1.2603415906,Solved
O?GX?_H@l?iDWScgowaUO,16,36,5,6.3016916897,1.3016916897,1.2603383379,Solved
O?hOc?OAu@eHo`HKh[@N?,16,37,5,6.3016185072,1.3016185072,1.2603237014,Solved
OoCOS@P@oYAGWFGjGo`P`,16,36,5,6.3016026828,1.3016026828,1.2603205366,Solved
O?D_?LAIMAePaXKWPoMc_,16,37,5,6.3015913698,1.3015913698,1.2603182740,Solved
OQOc?@bDsWPGP`ICAHW`Y,16,36,5,6.3015859557,1.3015859557,1.2603171911,Solved
OR`?GQ?O?jDR_sOwCaGpD,16,35,5,6.3015017709,1.3015017709,1.2603003542,Solved
O??K?kYQS_ioYahKTGbHO,16,38,5,6.3014944716,1.3014944716,1.2602988943,Solved
O_?P[EoPB?J??^GT@dGqo,16,36,5,6.3014865216,1.3014865216,1.2602973043,Solved
O??I?n@IGtC`SDcdSoVQ?,16,37,5,6.3014364846,1.3014364846,1.2602872969,Solved
Oo??OXWcOLcHJ?L_GAycK,16,35,5,6.3013060792,1.3013060792,1.2602612158,Solved
OoCOS_`@oQC`OhKEgtAPg,16,36,5,6.3012756628,1.3012756628,1.2602551326,Solved
O?GO?KQO\BJPX_hcXKCoc,16,37,5,6.3011718648,1.3011718648,1.2602343730,Solved
O?D_?c`OG\EQoRbSTQEd?,16,37,5,6.3011622688,1.3011622688,1.2602324538,Solved
O??GiUIGGokdgQTCqiFS?,16,38,5,6.3011503805,1.3011503805,1.2602300761,Solved
Oo?GpHA_?EaeIBTADEIac,16,35,5,6.3011442534,1.3011442534,1.2602288507,Solved
O?N?`?FCSACrSIQMSQUU?,16,37,5,6.3010891433,1.3010891433,1.2602178287,Solved
OhG?GSQ_cXGCSOGF`aoig,16,35,5,6.3010227706,1.3010227706,1.2602045541,Solved
O??X?UEIAbqAQ`WXSgUc_,16,37,5,6.3009733106,1.3009733106,1.2601946621,Solved
O??H?``SaMHWiEdHSiCt?,16,37,5,6.3009243810,1.3009243810,1.2601848762,Solved
Oq?GC?ZEOiGGIbHdCDaK`,16,36,5,6.3008980690,1.3008980690,1.2601796138,Solved
O@?ACAEEpPDwpETQJKD[?,16,38,5,6.3008131988,1.3008131988,1.2601626398,Solved
O?a?oghHaQgscKooE@jWC,16,38,5,6.3008015835,1.3008015835,1.2601603167,Solved
O?`Ad?H@hSAhMCLGOBI@L,16,35,5,6.3007672764,1.3007672764,1.2601534553,Solved
O@??OLEQTCqKVAZ@QqDR?,16,38,5,6.3007528193,1.3007528193,1.2601505639,Solved
OKaA@AB@qoiGHIBHEAGSL,16,36,5,6.3007030904,1.3007030904,1.2601406181,Solved
OAGOOcK`aBcMO`HAqSKYC,16,36,5,6.3005977113,1.3005977113,1.2601195423,Solved
O?ECDOBG`HAeQbRKIJBk?,16,37,5,6.3004395373,1.3004395373,1.2600879075,Solved
Oh???gH_k_GTQoHEdp?wg,16,35,5,6.3004107789,1.3004107789,1.2600821558,Solved
O@??QEAaPZKeTcUGSoKy?,16,38,5,6.3004054461,1.3004054461,1.2600810892,Solved
OG?@QWo`KOQWLAQC_dico,16,35,5,6.3004038629,1.3004038629,1.2600807726,Solved
O_?G`KACPSE__NQLGfDp?,16,35,5,6.3003073634,1.3003073634,1.2600614727,Solved
O??GcUEIHIKoUITSQBfS?,16,38,5,6.3002893762,1.3002893762,1.2600578752,Solved
O`??OIKCxFHbiOh_JGIkC,16,38,5,6.3002843523,1.3002843523,1.2600568705,Solved
O_KOP?O_[KIWOYXcCD_Wd,16,35,5,6.3001652906,1.3001652906,1.2600330581,Solved
Og??[AGSaqCmLGKo?dGQd,16,36,5,6.3000826128,1.3000826128,1.2600165226,Solved
Og?GkEOPAoCNHGIg?JWqc,16,36,5,6.3000630783,1.3000630783,1.2600126157,Solved
O?hO`CDAi_eCoTgiOhASH,16,37,5,6.2999670027,1.2999670027,1.2599934005,Solved
OBAITAOW?RPAGgCp?bYG[,16,35,5,6.2999340980,1.2999340980,1.2599868196,Solved
O?GOXeAO\GrAXHUIPgBc@,16,39,5,6.2998964678,1.2998964678,1.2599792936,Solved
O_MDA@GS?D_}BQCgciHiO,16,37,5,6.2998671373,1.2998671373,1.2599734275,Solved
OBAIS`_g?Q_tGoaGaAiGT,16,35,5,6.2998287376,1.2998287376,1.2599657475,Solved
O`hP?e?O?R_ucCWG`GgKT,16,35,5,6.2997684107,1.2997684107,1.2599536821,Solved
Oh?OWWA_[_GLP?IIcROok,16,35,5,6.2996935176,1.2996935176,1.2599387035,Solved
O`GPGoK?BBiUhSecHaCF@,16,39,5,6.2996609917,1.2996609917,1.2599321983,Solved
O@?ICAIHWuDWpBTWJADK@,16,38,5,6.2996580750,1.2996580750,1.2599316150,Solved
OqCK@?J@pSO_CRKDGcY@w,16,36,5,6.2996558961,1.2996558961,1.2599311792,Solved
O?C_QCTKQPoqS@gapgVD?,16,37,5,6.2996537373,1.2996537373,1.2599307475,Solved
O??GhQDOqpSPTPYgUaDo_,16,39,5,6.2996222355,1.2996222355,1.2599244471,Solved
OQHC?_NHOskOb?oG?Hw_m,16,36,5,6.2996125455,1.2996125455,1.2599225091,Solved
O?C_A?NP_mKOaFcTTWF`?,16,37,5,6.2996123962,1.2996123962,1.2599224792,Solved
O?EDE?CHOdh`KXIWIoIT_,16,37,5,6.2995379721,1.2995379721,1.2599075944,Solved
O??gsObDAEf@qKTOWcdCa,16,38,5,6.2994882628,1.2994882628,1.2598976526,Solved
Oo??_[ca?KaaGRQhIERoO,16,35,5,6.2994551118,1.2994551118,1.2598910224,Solved
O`_a?_]GsIDPOPSA@a[@e,16,36,5,6.2994520222,1.2994520222,1.2598904044,Solved
Oo?GqCc`?`_UQBT@DHHac,16,35,5,6.2993998726,1.2993998726,1.2598799745,Solved
Og??[EGPAcCdK[LG@JGqg,16,36,5,6.2993831113,1.2993831113,1.2598766223,Solved
O_?GcAsOBOKoCVA{?z@q_,16,36,5,6.2993724366,1.2993724366,1.2598744873,Solved
Osa?HCQO_ZceDSYGjGbs?,16,40,5,6.2993517304,1.2993517304,1.2598703461,Solved
O@?G@DDQSIKPgkUaQqCpG,16,37,5,6.2992660344,1.2992660344,1.2598532069,Solved
OoOPQcc`C@B?@b?\BBB?F,16,34,5,6.2992169695,1.2992169695,1.2598433939,Solved
O@`OGGXC`SDIOUOhOJLDC,16,36,5,6.2992123197,1.2992123197,1.2598424639,Solved
OkG?K?bHSWBOFGOPaRI@w,16,36,5,6.2991961123,1.2991961123,1.2598392225,Solved
OAGWGG`AOdpHcKokKOvE?,16,37,5,6.2991656712,1.2991656712,1.2598331342,Solved
O@?KASeDOsDAoJqKIodIO,16,38,5,6.2991652635,1.2991652635,1.2598330527,Solved
OKa?GSODPJDUK_QKgkQsO,16,38,5,6.2991556093,1.2991556093,1.2598311219,Solved
OQEAHP?_?JpSKcOS@cX_Y,16,35,5,6.2991323648,1.2991323648,1.2598264730,Solved
OR`?GP?_?sclWS_wAaGTD,16,35,5,6.2990599053,1.2990599053,1.2598119811,Solved
OKaA@ABSPcJ?HHBM?h_Sd,16,36,5,6.2990040819,1.2990040819,1.2598008164,Solved
O??aAgi_[cP_[@YAAQgWs,16,35,5,6.2990037417,1.2990037417,1.2598007483,Solved
OCOg_Q@@iDAhKUIgWAnE?,16,37,5,6.2989392814,1.2989392814,1.2597878563,Solved
O??O[Aap@EggIDSWbDbq?,16,36,5,6.2988998634,1.2988998634,1.2597799727,Solved
O?EAR?ECWRE_JCOBoRd`A,16,35,5,6.2988360632,1.2988360632,1.2597672126,Solved
OUHAC?bQOSBC@RDICQ[Gw,16,36,5,6.2987998725,1.2987998725,1.2597599745,Solved
O??Y@SeQKSK@KE`PqQeb?,16,37,5,6.2987989830,1.2987989830,1.2597597966,Solved
OqGOOHH``EAW`@QAcEg`s,16,36,5,6.2987679430,1.2987679430,1.2597535886,Solved
OG?@PhG`KQQOR@KC_dico,16,35,5,6.2986997511,1.2986997511,1.2597399502,Solved
O_C_[AoQA_LG?j@]CZ?ic,16,36,5,6.2986631612,1.2986631612,1.2597326322,Solved
OAICF?@DPD`QPBEgeca\?,16,37,5,6.2986411862,1.2986411862,1.2597282372,Solved
O?oo`A?_oG`\PwEYMEFCO,16,37,5,6.2986332255,1.2986332255,1.2597266451,Solved
O`aCA@GQ_qAiGjHMA{@]?,16,38,5,6.2986178734,1.2986178734,1.2597235747,Solved
O?D_H?JCaQKEgMcbPiEe?,16,37,5,6.2986170683,1.2986170683,1.2597234137,Solved
O_MCA@CW?VaUGgDS`gpm?,16,37,5,6.2986163732,1.2986163732,1.2597232746,Solved
O??KATCEJCioMgdQSiDPG,16,38,5,6.2986115571,1.2986115571,1.2597223114,Solved
O@FGOOEO`BoPC\WPQENE?,16,37,5,6.2984305013,1.2984305013,1.2596861003,Solved
O@?GiDCIGpCh`UodRKFS?,16,38,5,6.2983567367,1.2983567367,1.2596713473,Solved
OB?GgqAHYIHC`PIIsPeS_,16,38,5,6.2982943733,1.2982943733,1.2596588747,Solved
O@E_HCQGGOglSaQcOLKQc,16,36,5,6.2982457081,1.2982457081,1.2596491416,Solved
O??_goiP[JKPgoV?rAfo?,16,39,5,6.2982242340,1.2982242340,1.2596448468,Solved
O_?GkAiOBGJ??vC]Ci`q_,16,36,5,6.2982006070,1.2982006070,1.2596401214,Solved
O@??QDKaPYQTTCXcRgDDC,16,38,5,6.2981549439,1.2981549439,1.2596309888,Solved
OB?Ggoa_pGgk`WabLAUPO,16,38,5,6.2981430182,1.2981430182,1.2596286036,Solved
O?ECE_A@HJEQIsQeHcbh?,16,37,5,6.2980625151,1.2980625151,1.2596125030,Solved
Op?I??VYQoChcOA`_qS@R,16,36,5,6.2980018495,1.2980018495,1.2596003699,Solved
Oi?GGga_cAGPA\EICahoo,16,35,5,6.2979970966,1.2979970966,1.2595994193,Solved
OgCO[ECQA_CNKSII?TOIb,16,36,5,6.2979896621,1.2979896621,1.2595979324,Solved
O@`AC?@?`TAjEgHSjEDH_,16,35,5,6.2978973126,1.2978973126,1.2595794625,Solved
Oh??_GH_ShGSQoGFdq?wg,16,35,5,6.2978231277,1.2978231277,1.2595646255,Solved
O??OPHB`aWEPbHcqFEAq_,16,37,5,6.2978191013,1.2978191013,1.2595638203,Solved
OK`Hc?_O?N`WDO_LiC`Od,16,35,5,6.2977826650,1.2977826650,1.2595565330,Solved
Oo??WGRf@?e_OJIOhHacQ,16,35,5,6.2977772163,1.2977772163,1.2595554433,Solved
OcH@?@JLTA?wa@EBGQWhS,16,36,5,6.2977665763,1.2977665763,1.2595533153,Solved
O?D_GSQOCJpQIKWXUQEaC,16,37,5,6.2976662361,1.2976662361,1.2595332472,Solved
O?U`@@?A``wIoqD[AscV?,16,37,5,6.2976509889,1.2976509889,1.2595301978,Solved
O@??iEIEAHdHH[pDRgFS?,16,38,5,6.2975858637,1.2975858637,1.2595171727,Solved
O_?HkQOQIaG_?tIJEI`HS,16,36,5,6.2974744737,1.2974744737,1.2594948947,Solved
OhG?GgI_sHHGSGGF`aOcX,16,35,5,6.2974470265,1.2974470265,1.2594894053,Solved
O@?IC?iDWuCwqDpIJGDK@,16,38,5,6.2974044686,1.2974044686,1.2594808937,Solved
OoCHI_JD?cCG`BQFKES@w,16,36,5,6.2973892212,1.2973892212,1.2594778442,Solved
O_MCADCS?T`gChGlCiPiO,16,37,5,6.2973327364,1.2973327364,1.2594665473,Solved
O_MCQ@OW?D_}BQCcckHiO,16,37,5,6.2973189373,1.2973189373,1.2594637875,Solved
O?MAD?@CPC`uDgWCpDIhO,16,35,5,6.2972915763,1.2972915763,1.2594583153,Solved
Oo?G?h?e?FcELgMAHWaKI,16,35,5,6.2972188878,1.2972188878,1.2594437776,Solved
O?N?_`@AkAi@HiHTPSfE?,16,37,5,6.2972114157,1.2972114157,1.2594422831,Solved
OcO`OiAa@_G_?^Cd@dBAB,16,34,5,6.2972076622,1.2972076622,1.2594415324,Solved
O?ACU?LGgdDHESXAiabk?,16,37,5,6.2971516655,1.2971516655,1.2594303331,Solved
Oh?OWo@_kGGTP?IIcJOok,16,35,5,6.2970436796,1.2970436796,1.2594087359,Solved
O_?GkAiOBGJ??^GtBJ@i_,16,36,5,6.2969331537,1.2969331537,1.2593866307,Solved
Oh??[ACOAIC]IICsbF?y_,16,36,5,6.2969282410,1.2969282410,1.2593856482,Solved
O]?GOGRGsPGbECHGgHKCL,16,36,5,6.2968946265,1.2968946265,1.2593789253,Solved
O?KsACaCWI@PSIaIGal?k,16,35,5,6.2968767499,1.2968767499,1.2593753500,Solved
O_GX?_CADBIRW[ckGyCV?,16,37,5,6.2968640591,1.2968640591,1.2593728118,Solved
O@AIK@@EpUAcHKoBrSBQG,16,38,5,6.2968640209,1.2968640209,1.2593728042,Solved
O??GhQBOtOiddOY_uaBp?,16,39,5,6.2968639851,1.2968639851,1.2593727970,Solved
OoCOGDOaOHcUKOP@dHISS,16,35,5,6.2967266314,1.2967266314,1.2593453263,Solved
O??GkBAiAEbDHPSCdKJi?,16,36,5,6.2967193348,1.2967193348,1.2593438670,Solved
O_?_{AgOIOM??vBTAl@ao,16,36,5,6.2966833011,1.2966833011,1.2593366602,Solved
O_ECAD?W?ZaUDSIges@YG,16,37,5,6.2966740578,1.2966740578,1.2593348116,Solved
OoCPIQG__a_kKDHIHAiDS,16,36,5,6.2966480925,1.2966480925,1.2593296185,Solved
O??ieA_``AgAAjDXFGapO,16,36,5,6.2965620155,1.2965620155,1.2593124031,Solved
OhC?KAKOASCDG{DUAY_Yg,16,36,5,6.2965382149,1.2965382149,1.2593076430,Solved
O??HcASw@@BBDUQqGwbR?,16,36,5,6.2965302872,1.2965302872,1.2593060574,Solved
O?ECEOA@YHDRScKqDcRh?,16,37,5,6.2964900177,1.2964900177,1.2592980035,Solved
OraAIO??HBCIDHDE@SgSs,16,35,5,6.2964896017,1.2964896017,1.2592979203,Solved
OK?PAQI_qHBBJCCqcke[?,16,38,5,6.2964815128,1.2964815128,1.2592963026,Solved
O??H@_U`qIBPaI[C{CeU?,16,37,5,6.2964009534,1.2964009534,1.2592801907,Solved
Oh??[EGTA?CdG]CiBh?Qi,16,36,5,6.2963395770,1.2963395770,1.2592679154,Solved
O`??KORGoiPPbKXHLPAw_,16,38,5,6.2963002739,1.2963002739,1.2592600548,Solved
OhG??WU_s_GXSCHD@DW[S,16,35,5,6.2961898798,1.2961898798,1.2592379760,Solved
O?Da@CICT@wEK`QQpqCj?,16,37,5,6.2960823201,1.2960823201,1.2592164640,Solved
OcX?`Ga_@K`Y?[F?oCi_T,16,35,5,6.2960657009,1.2960657009,1.2592131402,Solved
O`_PIQ_S?W`Q@X?yQ?Z?X,16,35,5,6.2960236215,1.2960236215,1.2592047243,Solved
OoCO`HIa?E_eG`KBH`QAe,16,35,5,6.2959391509,1.2959391509,1.2591878302,Solved
O_?HkQOQAaGc?tIIeI`Ho,16,36,5,6.2956845747,1.2956845747,1.2591369149,Solved
OK??CEGCiLHiJSMQEsE[?,16,38,5,6.2956778196,1.2956778196,1.2591355639,Solved
O@?KAADP_mCwiSUgRAbPO,16,38,5,6.2955701412,1.2955701412,1.2591140282,Solved
O?D_ICQGY@DPaedQTKE_g,16,37,5,6.2955143516,1.2955143516,1.2591028703,Solved
O_ACQ@gU?YCRCiHSak`m?,16,37,5,6.2954534724,1.2954534724,1.2590906945,Solved
O@QC?BPwPUBgAcHGgOggT,16,36,5,6.2954371251,1.2954371251,1.2590874250,Solved
OCa?GSQDPcDEQMPRKkBs?,16,38,5,6.2953339154,1.2953339154,1.2590667831,Solved
O_?HkQOQI_MG@J?sdDHIo,16,36,5,6.2952477401,1.2952477401,1.2590495480,Solved
OpCHIPO_?F_eOc`AD?waM,16,35,5,6.2951422255,1.2951422255,1.2590284451,Solved
O?hOOKWHHaEOOe_eGKkBK,16,36,5,6.2949962577,1.2949962577,1.2589992515,Solved
OhCGKECPAOCSG]CiAJ_Qi,16,36,5,6.2949487844,1.2949487844,1.2589897569,Solved
O_EDA@GS?N`YCoHHdaPj?,16,37,5,6.2949477997,1.2949477997,1.2589895599,Solved
OsWAH_C_?F_iGcFABCq@M,16,35,5,6.2948846658,1.2948846658,1.2589769332,Solved
Oh??[EGOAGCNHKCmBHOy_,16,36,5,6.2948837181,1.2948837181,1.2589767436,Solved
OR`C?@BBSIHGGdCeCcgpS,16,36,5,6.2948756397,1.2948756397,1.2589751279,Solved
O?C_OKaC[BSQTBREXKFc?,16,37,5,6.2948012197,1.2948012197,1.2589602439,Solved
O_ECAD?W?l`iDSJWDSPdG,16,37,5,6.2947607584,1.2947607584,1.2589521517,Solved
OoCG`?e__I`MGCSBhPQiC,16,35,5,6.2947540375,1.2947540375,1.2589508075,Solved
Oi?GHOc_KCGQAJDRAYPoo,16,35,5,6.2944863900,1.2944863900,1.2588972780,Solved
Oh??KECOASCNJOCMbU?y_,16,36,5,6.2943893504,1.2943893504,1.2588778701,Solved
OKHC??fqQaAgbAG``P_`b,16,36,5,6.2943819344,1.2943819344,1.2588763869,Solved
O??G`CogcJPKTDUSWsBSO,16,37,5,6.2942996271,1.2942996271,1.2588599254,Solved
ORQ?S?hDbG?X__AUacq@k,16,36,5,6.2941955820,1.2941955820,1.2588391164,Solved
Oq`@Og_C?L`MHCEGgOkAT,16,35,5,6.2941809979,1.2941809979,1.2588361996,Solved
O_??[aGSIQMO@JGsed@Y_,16,36,5,6.2940663783,1.2940663783,1.2588132757,Solved
O@??wpDQAEOiIJdESUFW?,16,38,5,6.2940512872,1.2940512872,1.2588102574,Solved
O_?_{QOOaOMG@NG]Ah@P`,16,36,5,6.2940463690,1.2940463690,1.2588092738,Solved
OkEA@?NJ?ci?a??t_hp@[,16,36,5,6.2939688174,1.2939688174,1.2587937635,Solved
O?@HkBOi?PAASUIXGX`IW,16,36,5,6.2938951171,1.2938951171,1.2587790234,Solved
O@OWGG`COTsHaKokIOvE?,16,37,5,6.2938751130,1.2938751130,1.2587750226,Solved
Og??[IGSagCNKgMO?eGQT,16,36,5,6.2937320484,1.2937320484,1.2587464097,Solved
O??OXqOO{IKTRG]AUOTW_,16,39,5,6.2937244637,1.2937244637,1.2587448927,Solved
O?LCb?DCOTCqKGOBobSPa,16,35,5,6.2936656153,1.2936656153,1.2587331231,Solved
OoCOPDC`?D`MIAP_e@iac,16,35,5,6.2936007547,1.2936007547,1.2587201509,Solved
OMGK?@FhOUBGg@PA_Qg`T,16,36,5,6.2933622593,1.2933622593,1.2586724519,Solved
O_ACQ@OW?N`eGwFCeW`y?,16,37,5,6.2933535924,1.2933535924,1.2586707185,Solved
Oo??GdWd?QcTI_JOGAygS,16,35,5,6.2933039807,1.2933039807,1.2586607961,Solved
OK`Hc?_O?j`W@o_LdAQ`H,16,35,5,6.2932589614,1.2932589614,1.2586517923,Solved
O?Oo?SPOhPIP`UgTPsFc?,16,37,5,6.2931980209,1.2931980209,1.2586396042,Solved
O@??WhBQQWCecbgeRcFQ?,16,38,5,6.2931779742,1.2931779742,1.2586355948,Solved
O`aCA@AP?rdEHWEcaw`]?,16,38,5,6.2931596344,1.2931596344,1.2586319269,Solved
OrGOOL?_?R_uQC`GaPHAL,16,35,5,6.2931538336,1.2931538336,1.2586307667,Solved
O?U__a?A``sIoqP[Gs`V?,16,37,5,6.2931533996,1.2931533996,1.2586306799,Solved
OcWaHa?_?V?iGcDEBCq@M,16,35,5,6.2931459599,1.2931459599,1.2586291920,Solved
O@G]EA_S?L@JPGaCcHGcL,16,35,5,6.2931280436,1.2931280436,1.2586256087,Solved
O_?O[aGYR`J??q@KcWhHK,16,36,5,6.2931139244,1.2931139244,1.2586227849,Solved
O?MCd?@BIEadG`RGiIRL?,16,37,5,6.2930829518,1.2930829518,1.2586165904,Solved
O_CdD?TQ?ghOb?[??HgDd,16,33,5,6.2930320567,1.2930320567,1.2586064113,Solved
O??H?csMCTGjQg`SioDQ@,16,37,5,6.2930088952,1.2930088952,1.2586017790,Solved
OIIC?@JPTAAgeCG``R_hQ,16,36,5,6.2929067891,1.2929067891,1.2585813578,Solved
OS`aQa?O@OcQDCAX_\OhW,16,35,5,6.2928754646,1.2928754646,1.2585750929,Solved
O?F_@@?DySDSawSoSDKaW,16,37,5,6.2928271108,1.2928271108,1.2585654222,Solved
O?C@KIGk?HcHRDShMKAUO,16,36,5,6.2928218372,1.2928218372,1.2585643674,Solved
Oh??[ACOAICYI[CmBD_y_,16,36,5,6.2928160275,1.2928160275,1.2585632055,Solved
OIgsA?A_@EokEKOK?wWoY,16,35,5,6.2927747766,1.2927747766,1.2585549553,Solved
OhCKC?fDc_@IA_OUc`q@[,16,36,5,6.2927532742,1.2927532742,1.2585506548,Solved
O@?IAGeD`ObWpBqKQLDU?,16,38,5,6.2927231852,1.2927231852,1.2585446370,Solved
OoCGGHO_OccdGkKoHHQOi,16,35,5,6.2926333246,1.2926333246,1.2585266649,Solved
O@?HGogDLOqcOtOy[gEs?,16,39,5,6.2925595845,1.2925595845,1.2585119169,Solved
OoCOOK`c?K_IJ@QJGUR_W,16,35,5,6.2924762305,1.2924762305,1.2584952461,Solved
O?OP[IOw?G_TETIIKLAaI,16,36,5,6.2924474962,1.2924474962,1.2584894992,Solved
OoCO_PO`ODcEOpHQHOhWS,16,35,5,6.2924457875,1.2924457875,1.2584891575,Solved
OhG?GcI_KgGDTCGd@HWYg,16,35,5,6.2924208370,1.2924208370,1.2584841674,Solved
O_??[I_PAhMOA\CkDHHq_,16,36,5,6.2923480616,1.2923480616,1.2584696123,Solved
O?D_@@@Bs`eSoPIapsEe?,16,37,5,6.2922867100,1.2922867100,1.2584573420,Solved
O?`?OKgDHqEo_XOeiSDA`,16,36,5,6.2922303046,1.2922303046,1.2584460609,Solved
O@`LAeCQC_K?CLGM@GgKT,16,34,5,6.2921704629,1.2921704629,1.2584340926,Solved
O`GOWcKGCdhiScbCKKLBC,16,39,5,6.2921442140,1.2921442140,1.2584288428,Solved
Oh??[IAOAOCdI[DMAZ?qg,16,36,5,6.2919813766,1.2919813766,1.2583962753,Solved
O??WQCQ`ZCdKQGcBuGVK?,16,37,5,6.2919694217,1.2919694217,1.2583938843,Solved
OoCGOGbc?E_qSPIAgeJ_W,16,35,5,6.2919604051,1.2919604051,1.2583920810,Solved
O?D_?c`OG\DQoRbSUQEd?,16,37,5,6.2919046320,1.2919046320,1.2583809264,Solved
OdHCJA?A@H_YAgCS`ci_[,16,35,5,6.2918951123,1.2918951123,1.2583790225,Solved
OAMED?A?QJCqAeCXhe@h_,16,37,5,6.2918844507,1.2918844507,1.2583768901,Solved
O_?GkQCOBCN??^EMC]@i_,16,36,5,6.2918336704,1.2918336704,1.2583667341,Solved
Og?WsAOPAaDMGsHO@DWDq,16,36,5,6.2918068522,1.2918068522,1.2583613704,Solved
O@`LAaOW?Q_tDCIGOGyCU,16,35,5,6.2918058015,1.2918058015,1.2583611603,Solved
Op@?O@XHsYCoCaECGG{@M,16,36,5,6.2918002159,1.2918002159,1.2583600432,Solved
O?D_GcIGIBDPcebS[KE_g,16,37,5,6.2917786897,1.2917786897,1.2583557379,Solved
O??HaaOHYKOwQHIYU@US_,16,37,5,6.2917285464,1.2917285464,1.2583457093,Solved
O?D_?L@OcQdEKibgUIEcG,16,37,5,6.2917025651,1.2917025651,1.2583405130,Solved
O_KOP?c_KMGoOISs@Ip_k,16,35,5,6.2916805390,1.2916805390,1.2583361078,Solved
OoCO@Cc`?T`MGCS`hoQaS,16,35,5,6.2916740204,1.2916740204,1.2583348041,Solved
O_?GkAaOJOKg?uEHaj@q_,16,36,5,6.2916488082,1.2916488082,1.2583297616,Solved
O?N?@?P_OmCuScQkSDUU?,16,37,5,6.2915744161,1.2915744161,1.2583148832,Solved
Og??[ECSaoCNLOMG?hGPd,16,36,5,6.2915231744,1.2915231744,1.2583046349,Solved
O??XSOROpHrAqAKOwoJHG,16,38,5,6.2915186004,1.2915186004,1.2583037201,Solved
O`d`AE?_?bcIOcBa@co`M,16,35,5,6.2914770366,1.2914770366,1.2582954073,Solved
O?OoP?Ea]@SCSpEREREM?,16,37,5,6.2913730117,1.2913730117,1.2582746023,Solved
O??KASTEE@ioXcMaSiDPG,16,38,5,6.2913180740,1.2913180740,1.2582636148,Solved
O?M?HGPA`cGfSoQgOJL@c,16,36,5,6.2912108771,1.2912108771,1.2582421754,Solved
O@YacODSCCW?CJGM?WgWd,16,34,5,6.2911915380,1.2911915380,1.2582383076,Solved
OkGGhA?O?JcUESOgog_oR,16,35,5,6.2911631636,1.2911631636,1.2582326327,Solved
OBOhCF?_?igqICe??KwDU,16,35,5,6.2911521228,1.2911521228,1.2582304246,Solved
OK`M?__?ARaegSKC?sWUI,16,35,5,6.2910999013,1.2910999013,1.2582199803,Solved
OkII?cOGAI`UCcHGoGgPT,16,35,5,6.2910624916,1.2910624916,1.2582124983,Solved
OoMA?_NDb?h?C_GT_hs@[,16,36,5,6.2910540462,1.2910540462,1.2582108092,Solved
OB_iCF?GAQoqGg@WBAW_],16,35,5,6.2907810915,1.2907810915,1.2581562183,Solved
O?C_GcIW\@I@`XadHhFc?,16,37,5,6.2907709233,1.2907709233,1.2581541847,Solved
O_ECADC[?D`iDQIgdh@dG,16,37,5,6.2907081164,1.2907081164,1.2581416233,Solved
O?MECO@POdcUCPBgk`Rh?,16,37,5,6.2906805874,1.2906805874,1.2581361175,Solved
OoCGa?e_?UaiGBP_dII`c,16,35,5,6.2906422999,1.2906422999,1.2581284600,Solved
OB??ow`OkEOsQBJESaUX?,16,38,5,6.2906382659,1.2906382659,1.2581276532,Solved
O??ZSBOh?PGACrSUDK`IW,16,36,5,6.2906263692,1.2906263692,1.2581252738,Solved
OQQ@?@FXSQApcOAcd?o`R,16,36,5,6.2904733554,1.2904733554,1.2580946711,Solved
O@`LA_YHOQ?pc@WAoEi@s,16,36,5,6.2904392952,1.2904392952,1.2580878590,Solved
O_?GcAeQAGN??vC]DX@i_,16,36,5,6.2904310983,1.2904310983,1.2580862197,Solved
OdO_O?\IOeOoWP`E?SY?x,16,36,5,6.2904209528,1.2904209528,1.2580841906,Solved
OK`C@ADOpSAhFCG_hCg`q,16,36,5,6.2903907540,1.2903907540,1.2580781508,Solved
OQ??CCTPSPapIkYPRoB[?,16,38,5,6.2903459675,1.2903459675,1.2580691935,Solved
O?D_GSQGIBHQgXdETPEa_,16,37,5,6.2903282882,1.2903282882,1.2580656576,Solved
O?ECR_A@XOeOJGODgdc`Q,16,35,5,6.2902907189,1.2902907189,1.2580581438,Solved
OoC?gT?c?JcUJGKAGIYWI,16,35,5,6.2902553317,1.2902553317,1.2580510663,Solved
O??G`L@akLRGX`]AMaDp?,16,39,5,6.2902440910,1.2902440910,1.2580488182,Solved
O@G]EA_S?T?jPGaCaHHCL,16,35,5,6.2902251100,1.2902251100,1.2580450220,Solved
OQQ@??NXUAApcOAcd?o`R,16,36,5,6.2901504627,1.2901504627,1.2580300925,Solved
O?C_@CESYKHKaYkBPqFc?,16,37,5,6.2901214750,1.2901214750,1.2580242950,Solved
OhG?GSP`KcGOPOGF`d_ok,16,35,5,6.2900937536,1.2900937536,1.2580187507,Solved
O``H?a?O@JBROw_sAcHOd,16,35,5,6.2900861623,1.2900861623,1.2580172325,Solved
OoCGOHOcODcsSoIQGAhGT,16,35,5,6.2900691875,1.2900691875,1.2580138375,Solved
OoC@H@G_?YamAsT?cEIcP,16,35,5,6.2900203443,1.2900203443,1.2580040689,Solved
O??OpWaOaXPeMCcUWKVK?,16,38,5,6.2900120016,1.2900120016,1.2580024003,Solved
Oq?WS?REOIGGGfIJCoa@p,16,36,5,6.2899782984,1.2899782984,1.2579956597,Solved
O@?G?mHOHSbQXgdcW`fQ?,16,38,5,6.2899424051,1.2899424051,1.2579884810,Solved
O@?H?_FAq`sEaaPPzOFI?,16,37,5,6.2899347496,1.2899347496,1.2579869499,Solved
O??X?`A`pRQCQphWLAecO,16,37,5,6.2899196314,1.2899196314,1.2579839263,Solved
ORb?Q?bEOo?qGRO__fK@Y,16,36,5,6.2898651863,1.2898651863,1.2579730373,Solved
OqQ@Og_C?L`MHCEGoOiAT,16,35,5,6.2898514444,1.2898514444,1.2579702889,Solved
OCHG?O_OPci[Ek`kOlFE?,16,37,5,6.2898381754,1.2898381754,1.2579676351,Solved
O_ACQ@O[?N`aGhFOeW`Z?,16,37,5,6.2898363120,1.2898363120,1.2579672624,Solved
OBE@KP_o?E`SBIPOCA{_Y,16,35,5,6.2897832809,1.2897832809,1.2579566562,Solved
O?NOICQAa@aIgbg[KCcQP,16,37,5,6.2897789873,1.2897789873,1.2579557975,Solved
O@??godaIEd`_pTCxSFW?,16,38,5,6.2897718327,1.2897718327,1.2579543665,Solved
OoCPIQG__JAMH@KEHBQDE,16,36,5,6.2897665751,1.2897665751,1.2579533150,Solved
O``C@ADOpWAXFCG_hCg`q,16,36,5,6.2897481484,1.2897481484,1.2579496297,Solved
OK`@?@JhOkAgoQA`d@_`b,16,36,5,6.2897424872,1.2897424872,1.2579484974,Solved
O??XSDDChIXBUOMGWPLGc,16,38,5,6.2896692030,1.2896692030,1.2579338406,Solved
Oo??GORfAAh_GJLOEPaSE,16,35,5,6.2896670115,1.2896670115,1.2579334023,Solved
OGUTC?JKQAE@PHa@?RWHq,16,36,5,6.2896661845,1.2896661845,1.2579332369,Solved
O_MCQ@_S?NcQCgBPciOjG,16,37,5,6.2896314399,1.2896314399,1.2579262880,Solved
OhQ?c?XB`W?X_aCSgch@k,16,36,5,6.2896195187,1.2896195187,1.2579239037,Solved
OKOO\B?G?JoQGgECgggo[,16,35,5,6.2896088146,1.2896088146,1.2579217629,Solved
O?D`C?`OGUaySodITAUT?,16,37,5,6.2896084889,1.2896084889,1.2579216978,Solved
O@?QIYC_SSBQGZIkIFFW?,16,38,5,6.2896048735,1.2896048735,1.2579209747,Solved
O@?IIOTHPOBQoMpBQXDT?,16,38,5,6.2895640207,1.2895640207,1.2579128041,Solved
O??G`LEIIQWQeWLBQbFS?,16,38,5,6.2894641700,1.2894641700,1.2578928340,Solved
OqK_kA?O?h`Y?kBOgChAT,16,35,5,6.2894413883,1.2894413883,1.2578882777,Solved
O?ECT?ABHKALRWWdIJBh?,16,37,5,6.2893291248,1.2893291248,1.2578658250,Solved
ORbA@?AAABceFG?s`Wc_R,16,35,5,6.2893142795,1.2893142795,1.2578628559,Solved
OqGSQGcE?B_UQ@`AcGgcT,16,35,5,6.2892638291,1.2892638291,1.2578527658,Solved
OEHC@?VhBCP_OPCR@QWPs,16,36,5,6.2892135107,1.2892135107,1.2578427021,Solved
O??OPKoPiRPcha[`RIFo?,16,39,5,6.2891519981,1.2891519981,1.2578303996,Solved
O?dlAa@Oc_K?CLGM@GgKT,16,34,5,6.2891366851,1.2891366851,1.2578273370,Solved
O@?AC?iDXMBWpHqEJgD[?,16,38,5,6.2891173259,1.2891173259,1.2578234652,Solved
O?A_hCGKHoIkOiQcOLKQc,16,36,5,6.2890598106,1.2890598106,1.2578119621,Solved
O??X?`B``QkISahGrCeU?,16,37,5,6.2889994032,1.2889994032,1.2577998806,Solved
O@`???iDXIBPOX_elWCm?,16,36,5,6.2889919667,1.2889919667,1.2577983933,Solved
OCa?GWRPHHHPIcSQeIbs?,16,38,5,6.2888406081,1.2888406081,1.2577681216,Solved
OCOgGORA_IeISagKwDfE?,16,37,5,6.2886209569,1.2886209569,1.2577241914,Solved
O?GOOK`CiPOb[`kQXIEL?,16,37,5,6.2885086633,1.2885086633,1.2577017327,Solved
Oh_SGpCIAC_[I@_DADWIU,16,35,5,6.2883601443,1.2883601443,1.2576720289,Solved
OQ`@C@J`bAAWH@BBBBO`e,16,36,5,6.2883502132,1.2883502132,1.2576700426,Solved
O??GiUAHWofCdOWIw`fS?,16,38,5,6.2883153576,1.2883153576,1.2576630715,Solved
O@A_HCQIGoGlU_OePKKAs,16,36,5,6.2882699053,1.2882699053,1.2576539811,Solved
O`YC?_JHOkS?AROdAcY@w,16,36,5,6.2882434356,1.2882434356,1.2576486871,Solved
O?O_{IOw?C_dETIIKLAaI,16,36,5,6.2881472258,1.2881472258,1.2576294452,Solved
O?Oo?TAGXSIBcY`XPqFc?,16,37,5,6.2880931450,1.2880931450,1.2576186290,Solved
O_?_{AgPB?IC?vC]@h`q_,16,36,5,6.2877886034,1.2877886034,1.2575577207,Solved
OoCOPDC_?KaUBSIKIHJ?[,16,35,5,6.2875793859,1.2875793859,1.2575158772,Solved
Os?G?TGCOsAoGXHkGbR?w,16,35,5,6.2874870399,1.2874870399,1.2574974080,Solved
O`aCA@IP_eBIDWIEcd`]?,16,38,5,6.2874816161,1.2874816161,1.2574963232,Solved
O_?P[QOSQWLC?k@PcFHaS,16,36,5,6.2874167091,1.2874167091,1.2574833418,Solved
OoU?`?TOsDDBAQDCkCGKL,16,36,5,6.2873730890,1.2873730890,1.2574746178,Solved
O?CaC?MKpQIKg`oMHgSkO,16,37,5,6.2873576685,1.2873576685,1.2574715337,Solved
O?C_OKaOWbGpbEqWUAfc?,16,37,5,6.2873381299,1.2873381299,1.2574676260,Solved
Oaa@?Ap@pIBPMCOP_sIOp,16,36,5,6.2872959446,1.2872959446,1.2574591889,Solved
O??GhTIE@GgicJhKYHFS?,16,38,5,6.2872371848,1.2872371848,1.2574474370,Solved
O`??`?gDKLHJPwasJgD[?,16,38,5,6.2872365131,1.2872365131,1.2574473026,Solved
O`Ea?PDCpSK?_RBDAS[@w,16,36,5,6.2872074173,1.2872074173,1.2574414835,Solved
O??OXp@`QosTcg[cL_TX?,16,39,5,6.2871710620,1.2871710620,1.2574342124,Solved
OoCGaKa`?CaIIBLAHDa@e,16,35,5,6.2871348853,1.2871348853,1.2574269771,Solved
Osa?GOSEaIkMQgWwEgPsO,16,40,5,6.2870934410,1.2870934410,1.2574186882,Solved
O??Y@CQ``PkESQpWTOSqG,16,37,5,6.2870553455,1.2870553455,1.2574110691,Solved
OCHG_Q@GgLIJKA`ShSVE?,16,37,5,6.2870302615,1.2870302615,1.2574060523,Solved
O@?GaLA``RhAHHeOqcfS?,16,38,5,6.2870226673,1.2870226673,1.2574045335,Solved
OhCKC?VHc_@IA_OUc`q@[,16,36,5,6.2870199360,1.2870199360,1.2574039872,Solved
O?Cg?KaQYSOqSHcYSHVc?,16,37,5,6.2870070672,1.2870070672,1.2574014134,Solved
OAiPA?FKQSK?@R_dBC[@w,16,36,5,6.2869894127,1.2869894127,1.2573978825,Solved
O?E?HWBI`_GfOq[_PDK`c,16,36,5,6.2869859821,1.2869859821,1.2573971964,Solved
OhG?GSK`CdGOPOGFaM_ok,16,35,5,6.2869287668,1.2869287668,1.2573857534,Solved
OpS__M?O@R?uCSPG_RKOL,16,35,5,6.2869132054,1.2869132054,1.2573826411,Solved
OhG?KECQA_CNDSAi`h?d`,16,36,5,6.2868857922,1.2868857922,1.2573771584,Solved
OK??CDDaGchhJQLcFSE[?,16,38,5,6.2868038476,1.2868038476,1.2573607695,Solved
O??GlAGp@@gXEQMDKSQj?,16,36,5,6.2866676639,1.2866676639,1.2573335328,Solved
O?C_@E@Dg\IHg`RGxIFc?,16,37,5,6.2866558532,1.2866558532,1.2573311706,Solved
O_C_[Q_QJAM??t@TATGhS,16,36,5,6.2865068141,1.2865068141,1.2573013628,Solved
OhCGKE?Oi?CdIYCiAj?Qi,16,36,5,6.2864368058,1.2864368058,1.2572873612,Solved
O?MEC_@AiGasGRRGki@dO,16,37,5,6.2864153965,1.2864153965,1.2572830793,Solved
Oo?GOdWd?DchIOK_GAyGU,16,35,5,6.2863794795,1.2863794795,1.2572758959,Solved
OKiAHa?O?FcaOWBCaSgo[,16,35,5,6.2863245279,1.2863245279,1.2572649056,Solved
Oha?_ABDQQDGDIIK?piCk,16,36,5,6.2863075379,1.2863075379,1.2572615076,Solved
O??_x_wO{JHgg`SApaNo?,16,39,5,6.2862918821,1.2862918821,1.2572583764,Solved
O?D_GSQOPcqQIHoQpeFB?,16,37,5,6.2862278467,1.2862278467,1.2572455693,Solved
Oo`G``OG_RaaH_Oo@C{?],16,35,5,6.2861234990,1.2861234990,1.2572246998,Solved
O_Cg_GG@j@QJSSWwSSSUO,16,37,5,6.2861155075,1.2861155075,1.2572231015,Solved
O?ECU?ABXCaLIWX`I`Rh?,16,37,5,6.2861123549,1.2861123549,1.2572224710,Solved
O_C_?AL[lAPODPWPApISS,16,36,5,6.2860655840,1.2860655840,1.2572131168,Solved
Oo?XaOdA_aGOaBHFIES@w,16,36,5,6.2859919472,1.2859919472,1.2571983894,Solved
O?GY?K`CiHPSSPgExIDcO,16,37,5,6.2859172283,1.2859172283,1.2571834457,Solved
OB??Gs[_PDhQJCogsgeWO,16,38,5,6.2859153149,1.2859153149,1.2571830630,Solved
O??G`MCSYTRGX`]GTQDgO,16,39,5,6.2859099548,1.2859099548,1.2571819910,Solved
O@?ACAIHGmBYqETWLgD[?,16,38,5,6.2858248265,1.2858248265,1.2571649653,Solved
O??GgogO{JIcgpYaUaFo?,16,39,5,6.2858002510,1.2858002510,1.2571600502,Solved
Og?GkACPQOCXKYMO?VGpg,16,36,5,6.2857607837,1.2857607837,1.2571521567,Solved
OhGGCAAOAECmEMDI@YGm_,16,36,5,6.2857399559,1.2857399559,1.2571479912,Solved
O?C_[AAy?EcDQPDIigbb?,16,36,5,6.2856883669,1.2856883669,1.2571376734,Solved
O??K@eOg?kbQQ[XgWgbPO,16,37,5,6.2855510183,1.2855510183,1.2571102037,Solved
O@??godIAEoiQhagIaLWO,16,37,5,6.2855358886,1.2855358886,1.2571071777,Solved
OqGOGQIPXEAW`@QAcAg`T,16,36,5,6.2854505035,1.2854505035,1.2570901007,Solved
O??GkCdPOpsQMOpAjCfS?,16,38,5,6.2854089286,1.2854089286,1.2570817857,Solved
Oh?G_SD_KgGDP_GUdQ_ok,16,35,5,6.2853108772,1.2853108772,1.2570621754,Solved
O?YO`?a_e@EBopP[BM?]O,16,37,5,6.2853035602,1.2853035602,1.2570607120,Solved
O?M?gWBCP?idOqWcPDL@c,16,36,5,6.2852101314,1.2852101314,1.2570420263,Solved
OACgO_DGQDohaKckKOvE?,16,37,5,6.2851527649,1.2851527649,1.2570305530,Solved
Or?IC?FApPAbHCEGGH[CM,16,36,5,6.2851233544,1.2851233544,1.2570246709,Solved
Oh_S??fcOq@gG`ObGbOPe,16,36,5,6.2849612448,1.2849612448,1.2569922490,Solved
O@?KAMCH_kDKoFUgLDCq_,16,38,5,6.2849322729,1.2849322729,1.2569864546,Solved
OBPCHQ_c?I_eI`EI?Wm?T,16,35,5,6.2847812501,1.2847812501,1.2569562500,Solved
O_?GcAeOB_LOA]DT?z@q_,16,36,5,6.2846951077,1.2846951077,1.2569390215,Solved
OoDHc?FA`OE?@TOVIDS@w,16,36,5,6.2844727770,1.2844727770,1.2568945554,Solved
OqC_??rbaIHGCSGb_osPP,16,36,5,6.2844554184,1.2844554184,1.2568910837,Solved
O?ECT?ABHKAkQYWdIJBh?,16,37,5,6.2844380550,1.2844380550,1.2568876110,Solved
O_?GkA_OBEN?@\A{BF@i_,16,36,5,6.2844238812,1.2844238812,1.2568847762,Solved
OiI?sA?@?pcYQO?kacpIQ,16,35,5,6.2844025400,1.2844025400,1.2568805080,Solved
OsOHA_E_?s_y?[M?gChGT,16,35,5,6.2843658162,1.2843658162,1.2568731632,Solved
O?GOOK`CiOod[`kQXIEL?,16,37,5,6.2843435118,1.2843435118,1.2568687024,Solved
O??GkUCEIGsPKYXSJCfS?,16,38,5,6.2843421958,1.2843421958,1.2568684392,Solved
O@GX?_FAt@iEPQa`{gEs?,16,39,5,6.2843416491,1.2843416491,1.2568683298,Solved
O??OPL@ckXRGX`[aLaDp?,16,39,5,6.2843318340,1.2843318340,1.2568663668,Solved
OhCGKIGOaGCSG]CiAJ_Qi,16,36,5,6.2843183292,1.2843183292,1.2568636658,Solved
O@?KAICGwkBKqEUgKodQO,16,38,5,6.2842893310,1.2842893310,1.2568578662,Solved
O??Gp_sPsMHDaWX_uAfo?,16,39,5,6.2841442518,1.2841442518,1.2568288504,Solved
Oh_OGPPIaIoWH@Aga@k@d,16,36,5,6.2840960060,1.2840960060,1.2568192012,Solved
OcYAH___?F_iGcFABCq@M,16,35,5,6.2838120621,1.2838120621,1.2567624124,Solved
O?ECEOCGwTASHRTEMSBWG,16,37,5,6.2835575146,1.2835575146,1.2567115029,Solved
OqGZC_G@GE_[`@QAcAg`T,16,35,5,6.2835182301,1.2835182301,1.2567036460,Solved
Or?GGQIPWeCWQ@`AaCh?t,16,36,5,6.2834692394,1.2834692394,1.2566938479,Solved
ObIC?ObDT?GRCQPI@QWXK,16,36,5,6.2834649148,1.2834649148,1.2566929830,Solved
Oo?WaC__?TbMI_SAciIHc,16,35,5,6.2834444417,1.2834444417,1.2566888883,Solved
OhCGSECQAGCSG]CiAJ_Ii,16,36,5,6.2834294147,1.2834294147,1.2566858829,Solved
Ol?GGQDQ_eCWa@PBAEX@s,16,36,5,6.2832984627,1.2832984627,1.2566596925,Solved
ObIC?O[DT?@R?yOYCQIGL,16,36,5,6.2832543671,1.2832543671,1.2566508734,Solved
OKOc?ALgQKIGEQBdCOo`p,16,36,5,6.2832290893,1.2832290893,1.2566458179,Solved
O_CHKQ_QJAM?@J?tAdGec,16,36,5,6.2831636903,1.2831636903,1.2566327381,Solved
Osa?GT_BHcakEgPQmIBSG,16,40,5,6.2831080938,1.2831080938,1.2566216188,Solved
Oh??OcL_KwGGP_GFcq_ok,16,35,5,6.2830508205,1.2830508205,1.2566101641,Solved
OqCH?@dApaAoAg_PgbK?{,16,36,5,6.2829162492,1.2829162492,1.2565832498,Solved
Or?IC?FApPAbEGHCgHKCL,16,36,5,6.2828440458,1.2828440458,1.2565688092,Solved
OoMA?``ApIAsQACaOAwHe,16,36,5,6.2828422443,1.2828422443,1.2565684489,Solved
Od@GP?TWcED@AODEgSs@k,16,36,5,6.2828112983,1.2828112983,1.2565622597,Solved
Og?GkACPQSCWKYMO?Fgpg,16,36,5,6.2827834027,1.2827834027,1.2565566805,Solved
O_?XSa_SIcKg@I?s`DhQc,16,36,5,6.2827675598,1.2827675598,1.2565535120,Solved
Oo??GORf@?f?LOPJHPQEW,16,35,5,6.2827291925,1.2827291925,1.2565458385,Solved
OsW?gGJK@C@_CROVGeS@w,16,36,5,6.2827131265,1.2827131265,1.2565426253,Solved
OLQAC?JJ?EaQHGDIGG{O[,16,36,5,6.2826471936,1.2826471936,1.2565294387,Solved
Oq?GK?XDOeHGGlHBDBADB,16,36,5,6.2824451480,1.2824451480,1.2564890296,Solved
OIiC?_fOoooGC_BDc`q@[,16,36,5,6.2824330681,1.2824330681,1.2564866136,Solved
O?C_[I_q@A_TDDQWiTBaG,16,36,5,6.2823282786,1.2823282786,1.2564656557,Solved
OoCGC_`AoIEPPgKEhTAHg,16,36,5,6.2822332357,1.2822332357,1.2564466471,Solved
O_ADA@GS?]a[HKEoda`j?,16,37,5,6.2821590180,1.2821590180,1.2564318036,Solved
OHQKc@?GCP`YDWOccc_aR,16,35,5,6.2821515531,1.2821515531,1.2564303106,Solved
Og?GkAAOIoDCHYMS?Z_ig,16,36,5,6.2820199192,1.2820199192,1.2564039838,Solved
OoQ?_AXOo[CWKQFDG_p@p,16,36,5,6.2818276466,1.2818276466,1.2563655293,Solved
OR`CA?FApGbDDCIGOGyCU,16,36,5,6.2817853919,1.2817853919,1.2563570784,Solved
OA?g`?EQ[bSCEPQbSQUM?,16,37,5,6.2817800841,1.2817800841,1.2563560168,Solved
OAMED@DHaAcSBBDB@SGad,16,37,5,6.2817503156,1.2817503156,1.2563500631,Solved
OKa?OGXDaOcdISPgeXAeG,16,38,5,6.2817301418,1.2817301418,1.2563460284,Solved
OoCGGHOcODccKoIQH@qCi,16,35,5,6.2816905058,1.2816905058,1.2563381012,Solved
O@`LAaOW?L@J`CQGAOxAU,16,35,5,6.2815976462,1.2815976462,1.2563195292,Solved
Oh??KAGOAUC]JOCkaf?y_,16,36,5,6.2815469552,1.2815469552,1.2563093910,Solved
O@`OGGXC`QdOOL_TGTLEC,16,36,5,6.2815269146,1.2815269146,1.2563053829,Solved
OCOg?aAAXcaqaoWHglFE?,16,37,5,6.2814200765,1.2814200765,1.2562840153,Solved
O_??[IaPBOMOC]ATAdHq_,16,36,5,6.2814086204,1.2814086204,1.2562817241,Solved
OoCGS_B@PAGpLGOeeEaPo,16,36,5,6.2813072493,1.2813072493,1.2562614499,Solved
O??G`DI`XoecqPpaJGDK@,16,38,5,6.2812267042,1.2812267042,1.2562453408,Solved
OQEHCD_O?Rgo@cCWdAk_[,16,35,5,6.2811646480,1.2811646480,1.2562329296,Solved
Os?_Q?\@qWAXI@GgIA[?u,16,36,5,6.2811563686,1.2811563686,1.2562312737,Solved
OR`?OI?O?qct_sOwDAGhD,16,35,5,6.2810986540,1.2810986540,1.2562197308,Solved
OGEG?GEApbWEgKSoeWeSO,16,37,5,6.2810562864,1.2810562864,1.2562112573,Solved
OQEHA?JKQKK?AR@dQC[@w,16,36,5,6.2810418096,1.2810418096,1.2562083619,Solved
OY`C_UCH?oG??^@bBA`BB,16,34,5,6.2809355985,1.2809355985,1.2561871197,Solved
O_?GkIaPAON??^GqEJ?pa,16,36,5,6.2809208327,1.2809208327,1.2561841665,Solved
O?C_@CESZCPLQWdApqFc?,16,37,5,6.2808011919,1.2808011919,1.2561602384,Solved
O@?YSE_s?DaHIDPWhC`IP,16,36,5,6.2806968910,1.2806968910,1.2561393782,Solved
Oq?WS?REQA?gGfIJGQ`HP,16,36,5,6.2805631214,1.2805631214,1.2561126243,Solved
O`GYCE_PCOI?AX@hCJGcs,16,34,5,6.2805536108,1.2805536108,1.2561107222,Solved
O?N?@?P_Om@uScWkSDUU?,16,37,5,6.2805084724,1.2805084724,1.2561016945,Solved
OoCPQICc?R?YKBHEHCiDc,16,36,5,6.2804661712,1.2804661712,1.2560932342,Solved
O?ECU?ABWbG`IXKdKpBh?,16,37,5,6.2804294394,1.2804294394,1.2560858879,Solved
Oo??s_FAPAF_RAPeEEQ@w,16,36,5,6.2803984628,1.2803984628,1.2560796926,Solved
O_Ci?GEA[`KBcpSWSQHUO,16,37,5,6.2803484578,1.2803484578,1.2560696916,Solved
OLQAC?JJ?EaQHHDIGGkOT,16,36,5,6.2802795577,1.2802795577,1.2560559115,Solved
Os??HpCT?TDOb?CHcBQEB,16,34,5,6.2801848251,1.2801848251,1.2560369650,Solved
O_GX?_H@l?iDWScgpWaMO,16,37,5,6.2801712067,1.2801712067,1.2560342413,Solved
OQa@AABP`QCgDaQ@bE_`q,16,36,5,6.2800421366,1.2800421366,1.2560084273,Solved
OoCGjAA`?RaMH@SAcQIPD,16,36,5,6.2800147819,1.2800147819,1.2560029564,Solved
O?`?OKgDHqEo_XOeiKDC`,16,36,5,6.2799356084,1.2799356084,1.2559871217,Solved
Oq?GC?ZEOiGGIbHdCcaCp,16,36,5,6.2797288769,1.2797288769,1.2559457754,Solved
O_ECa@GW?NcSDDBTDWPj?,16,37,5,6.2797142809,1.2797142809,1.2559428562,Solved
OqGOGPDa`EAW`@QAcEg`s,16,36,5,6.2795919909,1.2795919909,1.2559183982,Solved
O@??PKU`cWPKSbWMJIFW?,16,38,5,6.2795845387,1.2795845387,1.2559169077,Solved
O_?XSI_PJAM?AJATATGec,16,36,5,6.2795806350,1.2795806350,1.2559161270,Solved
OqGO??fEsQGpGPCaoaIPD,16,36,5,6.2795408682,1.2795408682,1.2559081736,Solved
Og?GkAOOIqDCHIIs?Yoig,16,36,5,6.2795279974,1.2795279974,1.2559055995,Solved
OqGQC?LB`KBHGSCgoBI@L,16,36,5,6.2794596108,1.2794596108,1.2558919222,Solved
O?ECD?B@IUeQSSJ_hcbh?,16,37,5,6.2794544136,1.2794544136,1.2558908827,Solved
OoC?k?TAqa@gWLGbCbAPB,16,36,5,6.2794182360,1.2794182360,1.2558836472,Solved
O?MEC_@AiIacGbRGkI`l?,16,37,5,6.2794105155,1.2794105155,1.2558821031,Solved
O_GW_GCAj@QJSSWwSSSUO,16,37,5,6.2793936726,1.2793936726,1.2558787345,Solved
O?d`?_CAi_sIShgYH[CMO,16,37,5,6.2793119769,1.2793119769,1.2558623954,Solved
OGECe?AP_RaIGbRGdc`j?,16,37,5,6.2792767662,1.2792767662,1.2558553532,Solved
O@`?GOiDXIBPOH_EkWKeC,16,36,5,6.2792684184,1.2792684184,1.2558536837,Solved
O??WP?Q`r@pHSopWTCRcG,16,37,5,6.2791435989,1.2791435989,1.2558287198,Solved
O_C_[ESPBOM??^?hAJHQa,16,36,5,6.2791376328,1.2791376328,1.2558275266,Solved
O@??wodIAIoYaIT@wUFW?,16,38,5,6.2790108872,1.2790108872,1.2558021774,Solved
O?CHKI_q@A_dCdQWiTBaG,16,36,5,6.2788848011,1.2788848011,1.2557769602,Solved
Oh?GOcD_KgGTOOIEcqOok,16,35,5,6.2787300667,1.2787300667,1.2557460133,Solved
OhG?WOT`CcG`O_GU`Eoak,16,35,5,6.2785524098,1.2785524098,1.2557104820,Solved
O``AC?YHXSAhCQG`HA[HE,16,36,5,6.2785196181,1.2785196181,1.2557039236,Solved
OoDPP`G_?FcaOc`AACwQM,16,35,5,6.2784808705,1.2784808705,1.2556961741,Solved
O?ECT?ABXKAcQRWdILBh?,16,37,5,6.2784354513,1.2784354513,1.2556870903,Solved
O?M?HGPA`cGfSSQgOJLDC,16,36,5,6.2783870350,1.2783870350,1.2556774070,Solved
OoCOK?dAqQAGHFQhCPa``,16,36,5,6.2783797099,1.2783797099,1.2556759420,Solved
O_ECA@a[?C`yDYBIEWHYO,16,37,5,6.2782146567,1.2782146567,1.2556429313,Solved
O?N?_OPO?MqIWJHkPUFE?,16,37,5,6.2779407931,1.2779407931,1.2555881586,Solved
O@?@OkcEKCgLPcaWt_awO,16,37,5,6.2778755995,1.2778755995,1.2555751199,Solved
O_CkA?CAj?sIShcYAx@V?,16,37,5,6.2778319320,1.2778319320,1.2555663864,Solved
OhCOSAEOaOCCG]CV?x_Yg,16,36,5,6.2777857393,1.2777857393,1.2555571479,Solved
Oh_OGPPPPSOWH@AgaBk@s,16,36,5,6.2776707547,1.2776707547,1.2555341509,Solved
OaI@?@JLTA?wQ@EBOQWhS,16,36,5,6.2775325888,1.2775325888,1.2555065178,Solved
O_C?KaKOaGMO?^KMDX@Y_,16,36,5,6.2774178826,1.2774178826,1.2554835765,Solved
OCa?O_LD`KDIQUSJKwBd?,16,38,5,6.2773772885,1.2773772885,1.2554754577,Solved
OMIAC?MHaQPOC[GWABgG],16,36,5,6.2773277636,1.2773277636,1.2554655527,Solved
OqGO?@dEqQOpCPGaoaGTD,16,36,5,6.2772679108,1.2772679108,1.2554535822,Solved
OoCPIQG`?J?]ICKEI@qDE,16,36,5,6.2772228284,1.2772228284,1.2554445657,Solved
OoCGOH@c?E_uKoIIGaZ_W,16,35,5,6.2772158944,1.2772158944,1.2554431789,Solved
O_GX?_H@l?iDWScgowaUO,16,37,5,6.2770447213,1.2770447213,1.2554089443,Solved
Oq??S?VFOqGGHbGdDCaGR,16,36,5,6.2769897147,1.2769897147,1.2553979429,Solved
O?CgQCEGaPoic[SHSHNc?,16,37,5,6.2769531992,1.2769531992,1.2553906398,Solved
O?GOOcEGYKiCgRbDXKFc?,16,37,5,6.2768881117,1.2768881117,1.2553776223,Solved
O``@K?GC@JoUFOSW@QJ?L,16,35,5,6.2768680085,1.2768680085,1.2553736017,Solved
OKHCC@IHOjBQb?OPcPO`b,16,36,5,6.2767401578,1.2767401578,1.2553480316,Solved
Og??KAQQaWCNIGNOAXOic,16,36,5,6.2767291763,1.2767291763,1.2553458353,Solved
O?D_@A?OW^DSSwdcTQEaG,16,37,5,6.2764606181,1.2764606181,1.2552921236,Solved
ObQ@PI?_?R_YHCDaBCq@M,16,35,5,6.2763480009,1.2763480009,1.2552696002,Solved
O_CHKAoOI_LG@JAuCj?ec,16,36,5,6.2762206766,1.2762206766,1.2552441353,Solved
OhG?OkG`K_GdOWGe``Och,16,35,5,6.2760349162,1.2760349162,1.2552069832,Solved
OdI?Q?bBOMB@CcWEGcs@M,16,36,5,6.2760305030,1.2760305030,1.2552061006,Solved
O_C`_[KI?geC_kOkOHiA[,16,36,5,6.2760245702,1.2760245702,1.2552049140,Solved
OIgUC_c_?BaEHCRA?WwS[,16,35,5,6.2757919888,1.2757919888,1.2551583978,Solved
Oh?OW_H_cWGcOoGMcJ_ok,16,35,5,6.2757691305,1.2757691305,1.2551538261,Solved
O_?OSAqOaWJ??^KUCw`Y_,16,36,5,6.2757356135,1.2757356135,1.2551471227,Solved
OoUO`C_O?JeA?kBOgSkO[,16,35,5,6.2756177559,1.2756177559,1.2551235512,Solved
O@?YSE_s?DaHISPHchAPH,16,36,5,6.2755964066,1.2755964066,1.2551192813,Solved
O_MCADOX?T`gCdHWah@DH,16,37,5,6.2751757314,1.2751757314,1.2550351463,Solved
O?Ca]A_`?DIEQKKUAhPQW,16,36,5,6.2750926912,1.2750926912,1.2550185382,Solved
OcH?`@JDPgP_G`?rHA[@s,16,36,5,6.2750702582,1.2750702582,1.2550140516,Solved
OqGO??fEqQOpGPCaoaIPD,16,36,5,6.2750621212,1.2750621212,1.2550124242,Solved
O?D_GSQGABiQgXbKTPEa_,16,37,5,6.2749965047,1.2749965047,1.2549993009,Solved
OSHGb@A_?R_yGcU?oCggT,16,35,5,6.2748829928,1.2748829928,1.2549765986,Solved
O@`LAa?O@PaeAp@qQAJ@D,16,35,5,6.2748518148,1.2748518148,1.2549703630,Solved
OqE?P?RBQK@HKAOccck@k,16,36,5,6.2747707576,1.2747707576,1.2549541515,Solved
O??GhUAEHGkcSYeBWiFS?,16,38,5,6.2747323340,1.2747323340,1.2549464668,Solved
OhEC??JcQQCgHMCb@QaHB,16,36,5,6.2746671812,1.2746671812,1.2549334362,Solved
O`GSQGXH`AAPQ@`AgEk@s,16,36,5,6.2745695121,1.2745695121,1.2549139024,Solved
O`YC?_bBOwS??rCdGcY@w,16,36,5,6.2745145671,1.2745145671,1.2549029134,Solved
OKU@C?JLAKAH__AUccq@k,16,36,5,6.2745077493,1.2745077493,1.2549015499,Solved
O@G\AMOQM?W?Ca@D`Gp@R,16,34,5,6.2744292575,1.2744292575,1.2548858515,Solved
OqC_GQRPPSE?B?ORoQo@{,16,36,5,6.2743615795,1.2743615795,1.2548723159,Solved
O_GWOGH@l?iDgpSqKICd@,16,37,5,6.2742422325,1.2742422325,1.2548484465,Solved
O``??ARY`IAiEaJGGG[CX,16,36,5,6.2741100612,1.2741100612,1.2548220122,Solved
OCa?GOYHYHEHTOIahQbe?,16,38,5,6.2738887724,1.2738887724,1.2547777545,Solved
O?d_`?DAk`KBggSSowaUO,16,37,5,6.2738302113,1.2738302113,1.2547660423,Solved
O_?GkQcOBCJ??^GtBF@i_,16,36,5,6.2737082947,1.2737082947,1.2547416589,Solved
OqM?ICOG?JaQ?kR?cKkO[,16,35,5,6.2736612459,1.2736612459,1.2547322492,Solved
O?NA@A?Az@IKg`DEa{CUO,16,37,5,6.2734526660,1.2734526660,1.2546905332,Solved
O_MCAD?X?d`UGgDP`hPj?,16,37,5,6.2734154800,1.2734154800,1.2546830960,Solved
O@UED?cPQBCQBBDa@Kgdc,16,37,5,6.2731450139,1.2731450139,1.2546290028,Solved
OHaUD?WO?B_eECRA?WxC[,16,35,5,6.2731045427,1.2731045427,1.2546209085,Solved
O?D_?L?IkbPGKhWbPsEa_,16,37,5,6.2730687125,1.2730687125,1.2546137425,Solved
O`Q??ARWowdGJGP`AG[CX,16,36,5,6.2730435731,1.2730435731,1.2546087146,Solved
OoSP??NCpaOgI@ObGbS@e,16,36,5,6.2730176274,1.2730176274,1.2546035255,Solved
OpUC??TApAGGOiHD`T_gw,16,36,5,6.2729626894,1.2729626894,1.2545925379,Solved
OAGqSaGw?``IOHGQ_sgMS,16,36,5,6.2728094424,1.2728094424,1.2545618885,Solved
O?GWOK`CiGpDgQS`{IEd?,16,37,5,6.2727010983,1.2727010983,1.2545402197,Solved
O?D_GSQGCJpQQKWXUOUa_,16,37,5,6.2726376795,1.2726376795,1.2545275359,Solved
OqC_[?H?oIP@OhKEaeb@o,16,36,5,6.2725874292,1.2725874292,1.2545174858,Solved
O?GWGSPGaHIIcUgbXEFD?,16,37,5,6.2725800667,1.2725800667,1.2545160133,Solved
O?@HeA_`a@cIAqDHjC`qO,16,36,5,6.2725746050,1.2725746050,1.2545149210,Solved
OQI?a?\WcE?wK@QB@bS@e,16,36,5,6.2725566378,1.2725566378,1.2545113276,Solved
O@@GS@AE[PQOHXWRAxFC_,16,37,5,6.2725107294,1.2725107294,1.2545021459,Solved
O`_PIQ_S?X@Q@X?uQ?Z?X,16,35,5,6.2724760029,1.2724760029,1.2544952006,Solved
OaIcO`??@FbaQSKC?s[BI,16,35,5,6.2724630305,1.2724630305,1.2544926061,Solved
O@OmBAOc?I`TPGaOCAwcU,16,35,5,6.2723961962,1.2723961962,1.2544792392,Solved
O``AC?iDXIBPSOg_?cwOu,16,36,5,6.2723552557,1.2723552557,1.2544710511,Solved
O@OO[IGw?C_eGpSIkL?qW,16,36,5,6.2723091696,1.2723091696,1.2544618339,Solved
OhE?S?RBPK@HcAGcgci@k,16,36,5,6.2720807449,1.2720807449,1.2544161490,Solved
O??G`EaQYKPHkETHQgBS@,16,37,5,6.2720488677,1.2720488677,1.2544097735,Solved
OoCa?_NT@cH_GP_R@Q[@s,16,36,5,6.2720258024,1.2720258024,1.2544051605,Solved
OoDHc?FA_gICIGOUcJc?{,16,36,5,6.2718510280,1.2718510280,1.2543702056,Solved
O``__P?_@FbESS@p@oT@B,16,35,5,6.2718402617,1.2718402617,1.2543680523,Solved
O?h[bA@Oc_K?CLGM?ogQT,16,34,5,6.2717386830,1.2717386830,1.2543477366,Solved
O?C_A?iDo]GocXoMTGfc?,16,37,5,6.2716713182,1.2716713182,1.2543342636,Solved
O?N??`?GOliQBwakSKfE?,16,37,5,6.2715839108,1.2715839108,1.2543167822,Solved
Op_HG`@S?T_iDGOoD?{?],16,35,5,6.2715353897,1.2715353897,1.2543070779,Solved
Og?GkAOOaqCWI[LO@EgHw,16,36,5,6.2715323363,1.2715323363,1.2543064673,Solved
O``???mcpIBPSWWP@aKCT,16,36,5,6.2714676490,1.2714676490,1.2542935298,Solved
O_GW??DAlDIJWgcSkwCu?,16,37,5,6.2714305136,1.2714305136,1.2542861027,Solved
O??G`AHPkMHWkD[IQgBS@,16,37,5,6.2714139605,1.2714139605,1.2542827921,Solved
O`Q??AjDPIQGSaWc@R_WM,16,36,5,6.2713606489,1.2713606489,1.2542721298,Solved
OoCGOHO_o_cEHiKoHHaGY,16,35,5,6.2712313559,1.2712313559,1.2542462712,Solved
OkGOOGraQKB?H?OdoHo@{,16,36,5,6.2711809876,1.2711809876,1.2542361975,Solved
O_??[aGSIOMO@ZGuEd@Y_,16,36,5,6.2711803401,1.2711803401,1.2542360680,Solved
O_ECQ@_[?N_QBHDXDg`eC,16,37,5,6.2711298564,1.2711298564,1.2542259713,Solved
OQCaC?VbbA@go@G`ABWPU,16,36,5,6.2711030048,1.2711030048,1.2542206010,Solved
O@OO[IAw?C_eIPSIkL?qW,16,36,5,6.2710697118,1.2710697118,1.2542139424,Solved
OkCcA?LI_igoCPGg`@k@d,16,36,5,6.2710115390,1.2710115390,1.2542023078,Solved
O?EDCO@OOdkhJCRgEeAdC,16,37,5,6.2710032208,1.2710032208,1.2542006442,Solved
OQ`C@ADOpWAXFCG_hCg`q,16,36,5,6.2709189444,1.2709189444,1.2541837889,Solved
OkC_OHH`aECWKEBAAEk@M,16,36,5,6.2708453534,1.2708453534,1.2541690707,Solved
OQ?PAPA_sJBPEKJKCgu[?,16,38,5,6.2707024382,1.2707024382,1.2541404876,Solved
OS`Ib?gCPG@RCY@kO?y@p,16,36,5,6.2706697350,1.2706697350,1.2541339470,Solved
O?hO`?G@IbKQcXgeHYCN?,16,37,5,6.2706112303,1.2706112303,1.2541222461,Solved
OLaA??JQUACgCdDK@PhHS,16,36,5,6.2705342442,1.2705342442,1.2541068488,Solved
O_GW`?CAj@IIcUghH[CMO,16,37,5,6.2704473510,1.2704473510,1.2540894702,Solved
O@@CAECEWyDSHcoBjSDY?,16,38,5,6.2704467143,1.2704467143,1.2540893429,Solved
OsOP?AMPOeDGPBCdDB?BF,16,36,5,6.2703757252,1.2703757252,1.2540751450,Solved
O?D_@@@Au?eTIiboQeEe?,16,37,5,6.2703488760,1.2703488760,1.2540697752,Solved
O??X?TA`aadDcWhWLAUcG,16,37,5,6.2701532652,1.2701532652,1.2540306530,Solved
O_?HkQOQAaG_?|IJEI`Ho,16,36,5,6.2699517174,1.2699517174,1.2539903435,Solved
O?MCU?ABXCaHP`TIEKRHG,16,37,5,6.2699452693,1.2699452693,1.2539890539,Solved
O_C_?E`a_ikIDhQiPgBc@,16,37,5,6.2698803380,1.2698803380,1.2539760676,Solved
O@QCF?@?pGgTFDJgBTAh_,16,37,5,6.2697006791,1.2697006791,1.2539401358,Solved
Oh??[ACOIGCYIYCuBD_y_,16,36,5,6.2696352977,1.2696352977,1.2539270595,Solved
OoCGOHOc?FcsKoIAGIiGe,16,35,5,6.2696167384,1.2696167384,1.2539233477,Solved
Oh_OO@FCoqOgI@GbGbS@e,16,36,5,6.2696166560,1.2696166560,1.2539233312,Solved
OKaA@ABAqgbGIIPHEAGKL,16,36,5,6.2694739353,1.2694739353,1.2538947871,Solved
OoCGK_B@PEG`ScIHeEaPo,16,36,5,6.2693413679,1.2693413679,1.2538682736,Solved
Ok_@?IEApaIGB`LC@Di@s,16,36,5,6.2691468289,1.2691468289,1.2538293658,Solved
O?CgOKPGaHIIcUgbXEFD?,16,37,5,6.2687591626,1.2687591626,1.2537518325,Solved
OsKAGGJD@C@_CROVKES@w,16,36,5,6.2687419443,1.2687419443,1.2537483889,Solved
O_ECQ@OY?D`hGhDSc{@iO,16,37,5,6.2686890168,1.2686890168,1.2537378034,Solved
O?YP?_CAk_sIShWYGxCV?,16,37,5,6.2686286110,1.2686286110,1.2537257222,Solved
O?D_?L@IKakPaPKgpsEc_,16,37,5,6.2686140854,1.2686140854,1.2537228171,Solved
O_?HcEWPbGL??^GKAggqQ,16,36,5,6.2683345701,1.2683345701,1.2536669140,Solved
OqGSA?LB`KBHGSCggBK@L,16,36,5,6.2683053408,1.2683053408,1.2536610682,Solved
OQOc?@FIoiWGAbaAAah`E,16,36,5,6.2683012220,1.2683012220,1.2536602444,Solved
O@`?OGhDgqCo_FOJQWJEC,16,36,5,6.2682609057,1.2682609057,1.2536521811,Solved
O_MCa@GW?D?}BUDEC[HiO,16,37,5,6.2682419641,1.2682419641,1.2536483928,Solved
O`Q???nDaaQOWSga@IgW[,16,36,5,6.2682081430,1.2682081430,1.2536416286,Solved
OpD?GORHSE@`AcSEKCs@M,16,36,5,6.2681024217,1.2681024217,1.2536204843,Solved
OSX?`HA_@K`Y?[F?oCi_T,16,35,5,6.2680633395,1.2680633395,1.2536126679,Solved
O?CHKAOy?a_dIPOiiWbJ?,16,36,5,6.2679957765,1.2679957765,1.2535991553,Solved
O@??gogPYDChadfAW[FW?,16,38,5,6.2672913592,1.2672913592,1.2534582718,Solved
O?hOOKWHHaEO_T_eGKiDS,16,36,5,6.2671221273,1.2671221273,1.2534244255,Solved
O`aCADKP_dDBDPGgbIHYO,16,38,5,6.2670050814,1.2670050814,1.2534010163,Solved
O?oo`?CA{_kTg_owGhOrC,16,37,5,6.2669738224,1.2669738224,1.2533947645,Solved
O?U`?_DAj@SIShcaGiKUO,16,37,5,6.2667685121,1.2667685121,1.2533537024,Solved
O?D_C@?Dw]IWgJIWYOLT?,16,37,5,6.2665129339,1.2665129339,1.2533025868,Solved
O?Oo?caGO[pKPdoYREFc?,16,37,5,6.2665080724,1.2665080724,1.2533016145,Solved
Oba`S@?C?FdE@cCW``IAL,16,35,5,6.2664971623,1.2664971623,1.2532994325,Solved
O_CiC?G@LDIJWWcca{@U_,16,37,5,6.2664238144,1.2664238144,1.2532847629,Solved
O?Ci?KPGkOgdc`WQyIDT?,16,37,5,6.2663940921,1.2663940921,1.2532788184,Solved
Oh??KAIOaGCNJOCMbX?y_,16,36,5,6.2662358479,1.2662358479,1.2532471696,Solved
OqGQSGcE?B_U`@QAcGgcT,16,35,5,6.2662111863,1.2662111863,1.2532422373,Solved
OsCa??NSPEHGDBGd@bC@F,16,36,5,6.2661849439,1.2661849439,1.2532369888,Solved
Og?GkAOOIoDCHYIs?Z_ig,16,36,5,6.2661675359,1.2661675359,1.2532335072,Solved
O?ECT?BBHCAdRQWdIJBh?,16,37,5,6.2661191460,1.2661191460,1.2532238292,Solved
OgHOSCo_?L`iCce?GCxAU,16,35,5,6.2660531415,1.2660531415,1.2532106283,Solved
O`GSAALR_eCWaAP@aAp@R,16,36,5,6.2659690793,1.2659690793,1.2531938159,Solved
OdI?Q?bBOk@HCcWEGcs@M,16,36,5,6.2659448489,1.2659448489,1.2531889698,Solved
O@G]EA_S?R?rPGaCcGgcT,16,35,5,6.2658344963,1.2658344963,1.2531668993,Solved
O?D_P?POkLHGKFghPiEe?,16,37,5,6.2658211635,1.2658211635,1.2531642327,Solved
O@?H?_FAq`sEaaPPyoFQ?,16,37,5,6.2658053114,1.2658053114,1.2531610623,Solved
O?N??`?GQcqUHwBkPLFE?,16,37,5,6.2655188891,1.2655188891,1.2531037778,Solved
O?D_GSQGY@DPaedQ[KE_g,16,37,5,6.2654838860,1.2654838860,1.2530967772,Solved
O@?ACEIDXHDooFUQLgC{?,16,38,5,6.2654580701,1.2654580701,1.2530916140,Solved
Oq___?NKRAAg_`Ab@bQ@e,16,36,5,6.2654335689,1.2654335689,1.2530867138,Solved
O`UaC?bDOcCHAdBIGAk@T,16,36,5,6.2654289755,1.2654289755,1.2530857951,Solved
O??KCa_DhSCwPYsBJSBQ_,16,37,5,6.2652787209,1.2652787209,1.2530557442,Solved
O@?ACCTHPTBooFqKJgD[?,16,38,5,6.2652767422,1.2652767422,1.2530553484,Solved
O?D_?LAIX`PHW`cWppEc_,16,37,5,6.2652443192,1.2652443192,1.2530488638,Solved
O?OoP?FaM@SOERSTEREM?,16,37,5,6.2649811576,1.2649811576,1.2529962315,Solved
O??G`@FatPIbUOX_RGLKC,16,38,5,6.2648742031,1.2648742031,1.2529748406,Solved
O?hP?cH@h`EAohoUHGcKP,16,37,5,6.2648109432,1.2648109432,1.2529621886,Solved
OqGOGQKcPEGWHDAcADi@U,16,36,5,6.2646537886,1.2646537886,1.2529307577,Solved
OoSP??lCpaOgA`ObGbS@e,16,36,5,6.2646516602,1.2646516602,1.2529303320,Solved
O?D_GSaGQcqQQHgQpeEb?,16,37,5,6.2645722281,1.2645722281,1.2529144456,Solved
O@UDE@CHPBGQBBDB@UGfC,16,37,5,6.2644430949,1.2644430949,1.2528886190,Solved
OAICcO@?_i`sLKRKKIbDO,16,37,5,6.2644326628,1.2644326628,1.2528865326,Solved
O?U`?`?_bAqTooDKdM?^?,16,37,5,6.2644308828,1.2644308828,1.2528861766,Solved
O@@CAEDEPTBoHcoFJCTY?,16,38,5,6.2643111478,1.2643111478,1.2528622296,Solved
OR`?OI?O?rCr_sOwDAGhD,16,35,5,6.2641997929,1.2641997929,1.2528399586,Solved
OK?PAQG_qLBBJCCwcke[?,16,38,5,6.2640748294,1.2640748294,1.2528149659,Solved
OGEG?_DAhMWBKhSgSIMU?,16,37,5,6.2639271771,1.2639271771,1.2527854354,Solved
O??H?mHPgoophAU_mCfQ?,16,38,5,6.2637737960,1.2637737960,1.2527547592,Solved
O_?XSAoQI_G_?zCtCj@QW,16,36,5,6.2637031498,1.2637031498,1.2527406300,Solved
O?GWOK`CiOodgQS`{IEd?,16,37,5,6.2636003630,1.2636003630,1.2527200726,Solved
OhQ?c?XB_w?X_aGSgch@k,16,36,5,6.2635951593,1.2635951593,1.2527190319,Solved
O@??qMEO`GdMQIdCrHFW?,16,38,5,6.2635018450,1.2635018450,1.2527003690,Solved
OR`AC?RDOS`cGRGdH?[HP,16,36,5,6.2634918412,1.2634918412,1.2526983682,Solved
Op@?O@RHsYD_CaECGG{@M,16,36,5,6.2634899740,1.2634899740,1.2526979948,Solved
O@?ACEIHHYBooFTWJID[?,16,38,5,6.2634700996,1.2634700996,1.2526940199,Solved
O?d_?__Sm@SIDbIqH[CN?,16,37,5,6.2634684545,1.2634684545,1.2526936909,Solved
OkI?_?NQPEEG@dDEP@a@F,16,36,5,6.2634362807,1.2634362807,1.2526872561,Solved
OpQA??VISo?XOO@edCogk,16,36,5,6.2633977758,1.2633977758,1.2526795552,Solved
OR`CA?J@oodADHHIOGYCX,16,36,5,6.2633256095,1.2633256095,1.2526651219,Solved
O??WQECIYOQHKiWhShEc_,16,37,5,6.2632943839,1.2632943839,1.2526588768,Solved
O??WP@?`{RESSopPTCRcO,16,37,5,6.2632664184,1.2632664184,1.2526532837,Solved
OKQ@?AJP`IBPESoPC_W`p,16,36,5,6.2632645029,1.2632645029,1.2526529006,Solved
Oag__@LEPEOoKP`E?SY?x,16,36,5,6.2631624449,1.2631624449,1.2526324890,Solved
O?hO`?G@JCkScTcYHYCN?,16,37,5,6.2630784466,1.2630784466,1.2526156893,Solved
O_CgGODAdEIFSoWoQEL@c,16,37,5,6.2629527844,1.2629527844,1.2525905569,Solved
O?D_A?Q`XRWCKpIdPwEcO,16,37,5,6.2627112613,1.2627112613,1.2525422523,Solved
O@?KCIGDhSBWpBSYKsBQ_,16,38,5,6.2626758718,1.2626758718,1.2525351744,Solved
O@??OlHaPHb_dgWdWPfW?,16,38,5,6.2624720459,1.2624720459,1.2524944092,Solved
O?SoOL?GCRouoSggIIHdC,16,37,5,6.2624700151,1.2624700151,1.2524940030,Solved
O_ADA@OU?NcaAxCpDcHy?,16,37,5,6.2624267157,1.2624267157,1.2524853431,Solved
OK`@CAEQPWAXDcGOhCg`q,16,36,5,6.2620660311,1.2620660311,1.2524132062,Solved
O@GX?_FAr@qEP`aQ{gEs?,16,39,5,6.2617700202,1.2617700202,1.2523540040,Solved
O@U`?_CCgVGKgFPSPOmF?,16,37,5,6.2614500180,1.2614500180,1.2522900036,Solved
O?D_?L?a[bWGKhIbPsBc_,16,37,5,6.2613188239,1.2613188239,1.2522637648,Solved
OoQ?_?jeOMF@OP@cacR?R,16,36,5,6.2611898088,1.2611898088,1.2522379618,Solved
OqGOGPI`XEAWa@PAcAg`T,16,36,5,6.2611530833,1.2611530833,1.2522306167,Solved
O`aCA@AP@PbEHpDqDY?z?,16,38,5,6.2610177632,1.2610177632,1.2522035526,Solved
O?O_{J?i?DGJAQKHaeRaO,16,36,5,6.2609699222,1.2609699222,1.2521939844,Solved
O??W_TA_`PcmcWYCyHFK?,16,37,5,6.2609395963,1.2609395963,1.2521879193,Solved
O?U__OFGaCEHDUaMWEfE?,16,37,5,6.2609232005,1.2609232005,1.2521846401,Solved
O??XQQGCxBJ@coXGwpDGg,16,38,5,6.2609027520,1.2609027520,1.2521805504,Solved
OhCGKE?OiGCcIYCiAJ_Qi,16,36,5,6.2608758063,1.2608758063,1.2521751613,Solved
OKiAHa?O?FcaPGASaSgo[,16,35,5,6.2607963195,1.2607963195,1.2521592639,Solved
O@??IADEhUWbcoYgRgBWC,16,38,5,6.2606925598,1.2606925598,1.2521385120,Solved
OgM?c?JL@KAHaA?sgci@k,16,36,5,6.2605571090,1.2605571090,1.2521114218,Solved
O_GW`?CALDIJWgcSgyCV?,16,37,5,6.2604104518,1.2604104518,1.2520820904,Solved
OcH?`?NLBCP_?pCRHA[@s,16,36,5,6.2604043691,1.2604043691,1.2520808738,Solved
OQ??CCTPSPapIkYPFoE[?,16,38,5,6.2603837786,1.2603837786,1.2520767557,Solved
O_C_[AoOI_L??zDTCZ?Yo,16,36,5,6.2603227276,1.2603227276,1.2520645455,Solved
OCHG?P@@PdiWDggDpUFE?,16,37,5,6.2601819583,1.2601819583,1.2520363917,Solved
O@?ICEIHXQApqDTIJGDK@,16,38,5,6.2600700012,1.2600700012,1.2520140002,Solved
O?EDE?C?xghaT_IWeKaTO,16,37,5,6.2599167890,1.2599167890,1.2519833578,Solved
O@?ACAEIWsBwpEXQJKD[?,16,38,5,6.2598859269,1.2598859269,1.2519771854,Solved
O`?@?cSIKTGjQg`SjoDY?,16,38,5,6.2597953480,1.2597953480,1.2519590696,Solved
O_C_[AoOaGL??zA]Ai`ao,16,36,5,6.2597768004,1.2597768004,1.2519553601,Solved
OMI?GR@EaICWHKAgA@{?y,16,36,5,6.2597679608,1.2597679608,1.2519535922,Solved
OAICS_@BOlCHOdLGhcbD_,16,37,5,6.2597580273,1.2597580273,1.2519516055,Solved
O@UCE?RA`EGOHTBJAbbH_,16,37,5,6.2597300983,1.2597300983,1.2519460197,Solved
O?MCU?LGgdGoGRCTK`Igc,16,37,5,6.2595484018,1.2595484018,1.2519096804,Solved
O??G`AaQYMPWkETHQgBS@,16,37,5,6.2594128027,1.2594128027,1.2518825605,Solved
O?D_H?ICd@kEcpQqPiEb?,16,37,5,6.2593865373,1.2593865373,1.2518773075,Solved
O@?G?T@DiSQHX`hIRSFA_,16,37,5,6.2592930197,1.2592930197,1.2518586039,Solved
Oh??[ACOIICYIICsbD_y_,16,36,5,6.2591282879,1.2591282879,1.2518256576,Solved
O??H?csMCTGjQW`cjODI@,16,37,5,6.2588395384,1.2588395384,1.2517679077,Solved
O_CgOOD@dEIFSSWgQILDC,16,37,5,6.2586318494,1.2586318494,1.2517263699,Solved
O`Q???]gpKKKaQSQ@aGcL,16,36,5,6.2585611383,1.2585611383,1.2517122277,Solved
O?GO?ceBbAQBQXo[PpFc?,16,37,5,6.2584658400,1.2584658400,1.2516931680,Solved
O_?P[IoOb?J??^GT@dGqo,16,36,5,6.2584493870,1.2584493870,1.2516898774,Solved
O`UcA?bCoa@aBIObCA[@X,16,36,5,6.2582230327,1.2582230327,1.2516446065,Solved
OkEA@?NJ?ca_a?OR_Yp@[,16,36,5,6.2579763710,1.2579763710,1.2515952742,Solved
O@?G@DDcTDHBD`qOkqCt?,16,37,5,6.2578800076,1.2578800076,1.2515760015,Solved
O_C?KECOBgLOC\A]EU@Y_,16,36,5,6.2578403841,1.2578403841,1.2515680768,Solved
Os?IP`CG?RaqGgPOBA[?],16,35,5,6.2577987654,1.2577987654,1.2515597531,Solved
OKQHAaA_?s_y?[M?gChGT,16,35,5,6.2577729744,1.2577729744,1.2515545949,Solved
O`hP?d?_?R_uWCcG@GwKU,16,35,5,6.2577072619,1.2577072619,1.2515414524,Solved
O?GW?caaaKGmaYSKSHNc?,16,37,5,6.2576798123,1.2576798123,1.2515359625,Solved
O??WQCQ_`JhEKSqGsgfc?,16,37,5,6.2575533343,1.2575533343,1.2515106669,Solved
OoCGc?JDQaDGGMOLCpIKK,16,36,5,6.2574984968,1.2574984968,1.2514996994,Solved
OQOc?@FKsQApoOI@`aO`R,16,36,5,6.2574164191,1.2574164191,1.2514832838,Solved
O@??Om@OgxDaXgobRaFQ?,16,38,5,6.2572293315,1.2572293315,1.2514458663,Solved
O??H?eIPYQOp[HkEJODI@,16,37,5,6.2572131395,1.2572131395,1.2514426279,Solved
O_MCAD?W?d`uGgDS`hPj?,16,37,5,6.2570068083,1.2570068083,1.2514013617,Solved
O_ECA@CW?]aUDSIge[@YG,16,37,5,6.2569100649,1.2569100649,1.2513820130,Solved
OcWaHa?_?F_iGcFABCq@M,16,35,5,6.2567704166,1.2567704166,1.2513540833,Solved
O_ACR@O[?N`aGhCpDcGyC,16,37,5,6.2567052946,1.2567052946,1.2513410589,Solved
O?D_?KaaY`SHQ`cWppBc_,16,37,5,6.2566793968,1.2566793968,1.2513358794,Solved
O@?@OkcECDgMPcaWt_awO,16,37,5,6.2564285527,1.2564285527,1.2512857105,Solved
O??Wa?J`b@dIcQhoLOU`G,16,37,5,6.2563876512,1.2563876512,1.2512775302,Solved
O??G`DDajGfCp`dORHBSA,16,38,5,6.2563255546,1.2563255546,1.2512651109,Solved
OQ?@?cgDIJHQ`XaeLgC{?,16,38,5,6.2562862047,1.2562862047,1.2512572409,Solved
OpS__M?O?R_uCSPGcPKOL,16,35,5,6.2562018141,1.2562018141,1.2512403628,Solved
OoCGc@P@oi@GWFHhGP`P`,16,36,5,6.2559512228,1.2559512228,1.2511902446,Solved
OHQKC`??_pceDgOS`Wd?R,16,35,5,6.2558747520,1.2558747520,1.2511749504,Solved
O??HGsgaadIedGWSshFo?,16,39,5,6.2558659153,1.2558659153,1.2511731831,Solved
O@?ACAIHWmDWqETHJgD[?,16,38,5,6.2558420456,1.2558420456,1.2511684091,Solved
O_?GkAwQAGKO?^ERCZ@i_,16,36,5,6.2556652311,1.2556652311,1.2511330462,Solved
OoCGjAC__b@ISHQECShGs,16,36,5,6.2555507350,1.2555507350,1.2511101470,Solved
O@??OMaSYxTaT_YOQoLQC,16,39,5,6.2555493424,1.2555493424,1.2511098685,Solved
O?C_@CUBb@qIP`aQxKFc?,16,37,5,6.2553216000,1.2553216000,1.2510643200,Solved
O@hP?cOG?Q_tQ[`kWIeDO,16,37,5,6.2553205833,1.2553205833,1.2510641167,Solved
OCa?GSOBHJEQPXUaLSBa_,16,38,5,6.2548235721,1.2548235721,1.2509647144,Solved
O?d_?__gQ`SXSk`wH[?[o,16,37,5,6.2548016900,1.2548016900,1.2509603380,Solved
O_CgOGH@dEIFSSWgQILDC,16,37,5,6.2547859046,1.2547859046,1.2509571809,Solved
ODZAC?bCoWcPOPa@?eW`U,16,36,5,6.2543402422,1.2543402422,1.2508680484,Solved
O?Ci?KPGaHpEWPcayIDT?,16,37,5,6.2540641573,1.2540641573,1.2508128315,Solved
O?GO@KYBa_sPPHaQwMFc?,16,37,5,6.2534171145,1.2534171145,1.2506834229,Solved
OoCqS?FC`OH?@VGTIDK@w,16,36,5,6.2533634863,1.2533634863,1.2506726973,Solved
Od__Q?bBOMK?EBCdGc[@w,16,36,5,6.2533320848,1.2533320848,1.2506664170,Solved
OKa?GOQDPJDQKoQKgkasO,16,38,5,6.2532662760,1.2532662760,1.2506532552,Solved
O@G]EA_S?R?rPGaCCGwcU,16,35,5,6.2532089082,1.2532089082,1.2506417816,Solved
O@??god_iIdP`PUCxSFW?,16,38,5,6.2529668642,1.2529668642,1.2505933728,Solved
OdOK@?FDPSC__ROdBCY@w,16,36,5,6.2526785503,1.2526785503,1.2505357101,Solved
O@QCF?D?pGgTTCIgba_tO,16,37,5,6.2526289144,1.2526289144,1.2505257829,Solved
O?C_?M@SHdHH`dRgTQFa?,16,37,5,6.2525980368,1.2525980368,1.2505196074,Solved
OoCGS_`@OEE`KcPIgUaPo,16,36,5,6.2524727012,1.2524727012,1.2504945402,Solved
O??G`@FatPIbX_Y_QgKqC,16,38,5,6.2524360110,1.2524360110,1.2504872022,Solved
O_Cg`?CAQbQKWkgeGqcV?,16,37,5,6.2521342413,1.2521342413,1.2504268483,Solved
O@@CAACEXVAwHcq@jSDY?,16,38,5,6.2521336319,1.2521336319,1.2504267264,Solved
OpE?Q?TR@E_waGOgCAw_],16,36,5,6.2518861215,1.2518861215,1.2503772243,Solved
OdH?GOTWQSOWB?_kaBp@[,16,36,5,6.2517836563,1.2517836563,1.2503567313,Solved
O?DgGcIGCciQaSWIsKeB_,16,37,5,6.2516468863,1.2516468863,1.2503293773,Solved
OoCPQIC__a`MK@PCdDIDS,16,36,5,6.2514431246,1.2514431246,1.2502886249,Solved
OpEA?OVGqA@OQCHBabc@[,16,36,5,6.2512019253,1.2512019253,1.2502403851,Solved
O_GYC?DAj@QBggSScw_uO,16,37,5,6.2511339038,1.2511339038,1.2502267808,Solved
OcWc?_b@okS?AREDGcY@w,16,36,5,6.2510376103,1.2510376103,1.2502075221,Solved
O`aCADCR?dcQDPEXDSPYO,16,38,5,6.2510371866,1.2510371866,1.2502074373,Solved
O?GWOK`CaHpEWPca{IEd?,16,37,5,6.2509417993,1.2509417993,1.2501883599,Solved
O`aCALKQ`QAbCiEOCaXDI,16,38,5,6.2508909034,1.2508909034,1.2501781807,Solved
OkI?_?fa_qHGD@@bCIY@s,16,36,5,6.2508075773,1.2508075773,1.2501615155,Solved
OqGSIOcE?B_UQ@`AcGgcT,16,35,5,6.2506914741,1.2506914741,1.2501382948,Solved
O_ADA@OQ?NaYAwLCdc`y?,16,37,5,6.2505038451,1.2505038451,1.2501007690,Solved
OoU@?aQ@pg@oGPORGFOPe,16,36,5,6.2504317213,1.2504317213,1.2500863443,Solved
O?D_ACQ`XREGoHIcpoecO,16,37,5,6.2504158709,1.2504158709,1.2500831742,Solved
O?MCF?BCPCceBIRcIOqhO,16,37,5,6.2503817798,1.2503817798,1.2500763560,Solved
OKEA@?mSSEX?@pK?`bG@y,16,36,5,6.2499173957,1.2499173957,1.2499834791,Solved
O?D_?LAIXcWHI`cWpdEc_,16,37,5,6.2497387453,1.2497387453,1.2499477491,Solved
O?D_@@@BolIOaRgLTSEe?,16,37,5,6.2496595610,1.2496595610,1.2499319122,Solved
O?N??`?GPN@uScckSKUU?,16,37,5,6.2496589846,1.2496589846,1.2499317969,Solved
O`_a?_NWSIDPS@Ca@a[@e,16,36,5,6.2495352376,1.2495352376,1.2499070475,Solved
ODZAC?bE_IcPOPa@?eW`U,16,36,5,6.2494888000,1.2494888000,1.2498977600,Solved
O?D_@D@B_lKOaRcLTSEa_,16,37,5,6.2493937855,1.2493937855,1.2498787571,Solved
OkQ@??Z@pIOGAbHHBBa_e,16,36,5,6.2493723023,1.2493723023,1.2498744605,Solved
O??G`CogaRpKTDdOWsBSA,16,37,5,6.2492530452,1.2492530452,1.2498506090,Solved
O_GO?APaaahSHTHiPwBe?,16,37,5,6.2488593308,1.2488593308,1.2497718662,Solved
Oag__@FEPEOoKP`E@CY?x,16,36,5,6.2487903298,1.2487903298,1.2497580660,Solved
Oq`@Og_C?R_uHCEGoGiCT,16,35,5,6.2487172109,1.2487172109,1.2497434422,Solved
O_ECA@C[?D`yDQIgdh@f?,16,37,5,6.2486541510,1.2486541510,1.2497308302,Solved
OQ?@?cgDIJGsaTaeLgC{?,16,38,5,6.2486530497,1.2486530497,1.2497306099,Solved
OYa?_@FcOUBGG`HBGbOPe,16,36,5,6.2482210198,1.2482210198,1.2496442040,Solved
OIi?c?fB_oAI__OUc`q@[,16,36,5,6.2480293129,1.2480293129,1.2496058626,Solved
O?So_OFGaCSH`UaMIEfE?,16,37,5,6.2480121556,1.2480121556,1.2496024311,Solved
OS`aQa?O@C`IDCGh`LOhW,16,35,5,6.2479138331,1.2479138331,1.2495827666,Solved
O@hO`?PG_U?fQK`owFEEG,16,37,5,6.2472639813,1.2472639813,1.2494527963,Solved
OqGOGQDQhEAWa@PAcAg`T,16,36,5,6.2471726367,1.2471726367,1.2494345273,Solved
O?D_@@@BglKOaRcTTSEe?,16,37,5,6.2471207527,1.2471207527,1.2494241505,Solved
OkQ@?_NE`Ae??oPD``s@[,16,36,5,6.2471053322,1.2471053322,1.2494210664,Solved
O??GiEAHWrSgUHXARANS?,16,38,5,6.2471018880,1.2471018880,1.2494203776,Solved
O?Ci?KPGaHpIWHcayIDT?,16,37,5,6.2470459284,1.2470459284,1.2494091857,Solved
O@U`?_CCGVGKgFPsPQeF?,16,37,5,6.2470391967,1.2470391967,1.2494078393,Solved
OqM@?P?C?NoWALDHCIIKD,16,35,5,6.2469232349,1.2469232349,1.2493846470,Solved
O?D_@D@B_lIOaRgLTSEa_,16,37,5,6.2469201201,1.2469201201,1.2493840240,Solved
O_GO?GHBbESWSLcMKsCu?,16,37,5,6.2468281957,1.2468281957,1.2493656391,Solved
O`??`@CEKIdTPsawJgD[?,16,38,5,6.2467557520,1.2467557520,1.2493511504,Solved
O@?KACiDXIBPpHqEIoDQ@,16,38,5,6.2465036975,1.2465036975,1.2493007395,Solved
OR`CA?J@pOadECHGOGyCU,16,36,5,6.2463702983,1.2463702983,1.2492740597,Solved
O?So__DAhAGTaigTWbFE?,16,37,5,6.2463290328,1.2463290328,1.2492658066,Solved
O?U_`?CAYbQGWhgeGqcV?,16,37,5,6.2463046354,1.2463046354,1.2492609271,Solved
OcH?`?NLBCP_Q?CR_Ys@s,16,36,5,6.2461334015,1.2461334015,1.2492266803,Solved
O?CgOKPGaQoeS`gIyIFD?,16,37,5,6.2459081085,1.2459081085,1.2491816217,Solved
O@??GUaSYxTaU_Y_QgLIC,16,39,5,6.2459076848,1.2459076848,1.2491815370,Solved
O?D_GSQGABhQgXbKUPEa_,16,37,5,6.2456992707,1.2456992707,1.2491398541,Solved
O]?GOGbCsPGbDGICgHKCL,16,36,5,6.2454945499,1.2454945499,1.2490989100,Solved
O??KASTEBDioM_hSWaTPG,16,38,5,6.2454939430,1.2454939430,1.2490987886,Solved
O?N??_`OOliCBpgdPUFE?,16,37,5,6.2453894161,1.2453894161,1.2490778832,Solved
O``??AbSpSAhJCFGGHKCL,16,36,5,6.2453393174,1.2453393174,1.2490678635,Solved
O_C_?AL[lASODPQPApISS,16,36,5,6.2453228960,1.2453228960,1.2490645792,Solved
O@RDCaG??wkEISSc?cWEX,16,35,5,6.2453067706,1.2453067706,1.2490613541,Solved
O?ECT?BBHKAcQRWdIJBh?,16,37,5,6.2452872393,1.2452872393,1.2490574479,Solved
O@?IC?hDguCwqDpIJGDK@,16,38,5,6.2452094926,1.2452094926,1.2490418985,Solved
O@@CAECEW{DKHcoBjSDY?,16,38,5,6.2449418445,1.2449418445,1.2489883689,Solved
O??GhPBhLCJBdOTQLOTp?,16,39,5,6.2449228843,1.2449228843,1.2489845769,Solved
O?GO?seBa_sHP`aIwMFc?,16,37,5,6.2445965295,1.2445965295,1.2489193059,Solved
O??H?eIP[KHHLHMEYoFQ?,16,38,5,6.2445640613,1.2445640613,1.2489128123,Solved
O?GWG_JSK`OiWbQQSQNE?,16,37,5,6.2442147574,1.2442147574,1.2488429515,Solved
O?D`A?`O_XaeapcqYSDQ_,16,37,5,6.2439949664,1.2439949664,1.2487989933,Solved
Oq`@Go_C?T_mHCEGoOiAT,16,35,5,6.2439462960,1.2439462960,1.2487892592,Solved
O?GWOK`CaPoeWPca{IEd?,16,37,5,6.2439025646,1.2439025646,1.2487805129,Solved
OK`C@ADOpWAXFCG_hCg`q,16,36,5,6.2438199644,1.2438199644,1.2487639929,Solved
O`IA?AbXSaHGBaD`@BG`L,16,36,5,6.2434547362,1.2434547362,1.2486909472,Solved
O_ECADCW?d`iDSIgeS`YO,16,37,5,6.2432555992,1.2432555992,1.2486511198,Solved
O_?XSa_SIcK_@I?t`L`Qc,16,36,5,6.2425883313,1.2425883313,1.2485176663,Solved
O@??ogk_iQcpaPTCw[FW?,16,38,5,6.2423813177,1.2423813177,1.2484762635,Solved
O??Gh?XQqiKcapgiUaFo?,16,39,5,6.2423186922,1.2423186922,1.2484637384,Solved
O____AbPsiB_MCWP@PI@L,16,36,5,6.2421484590,1.2421484590,1.2484296918,Solved
O?MCF?BDPC`dHGQcidAcK,16,37,5,6.2418682317,1.2418682317,1.2483736463,Solved
OqCH??VIQKggA`K@OH[@e,16,36,5,6.2409023110,1.2409023110,1.2481804622,Solved
O??K?kiQS`jOXahDTGAh@,16,38,5,6.2407025130,1.2407025130,1.2481405026,Solved
Oo?OWo_OKXQQHSOwN???^,16,35,5,6.2398886585,1.2398886585,1.2479777317,Solved
O@?ACMIE`HdGpDTHJHD[?,16,38,5,6.2393225258,1.2393225258,1.2478645052,Solved
OqGO??fEsQGpGPCahCKGd,16,36,5,6.2386542149,1.2386542149,1.2477308430,Solved
OpOGG_JScEA`@OIEkCs@k,16,36,5,6.2379443740,1.2379443740,1.2475888748,Solved
O?d`?_DAl@IBgSSgowaUO,16,37,5,6.2371260898,1.2371260898,1.2474252180,Solved
O?D_?T@DkIIPgTKIXOLT?,16,37,5,6.2364886836,1.2364886836,1.2472977367,Solved
OoCqS?FC_WI?IHGVGJS@w,16,36,5,6.2361839171,1.2361839171,1.2472367834,Solved
OB??ogaOYKDH`daYTaEX?,16,38,5,6.2361479266,1.2361479266,1.2472295853,Solved
OK?@CTD`AOapEkILEhE[?,16,38,5,6.2361213820,1.2361213820,1.2472242764,Solved
O@?ACKYHHQBooFpIJID[?,16,38,5,6.2360891712,1.2360891712,1.2472178342,Solved
O@?ICAIHWmDWqETHJGDK@,16,38,5,6.2357234178,1.2357234178,1.2471446836,Solved
O@?ACEIDWqDooFXILgC{?,16,38,5,6.2353966745,1.2353966745,1.2470793349,Solved
O??GhQBOsokddOY_uaBp?,16,39,5,6.2352987017,1.2352987017,1.2470597403,Solved
O??GhPD_qosTdOY_maDp?,16,39,5,6.2351141400,1.2351141400,1.2470228280,Solved
OA?g`?EQ[bWCEPIbSQUM?,16,37,5,6.2349560704,1.2349560704,1.2469912141,Solved
OKgSA?dP_MH@KAASaSk@k,16,36,5,6.2346571010,1.2346571010,1.2469314202,Solved
O@?ACEIHXQApqDTIJgD[?,16,38,5,6.2345416351,1.2345416351,1.2469083270,Solved
OqGO??fEsIHPGPCahCKGd,16,36,5,6.2344025230,1.2344025230,1.2468805046,Solved
OpD?OGe_oghEaACWcGqCR,16,36,5,6.2343601409,1.2343601409,1.2468720282,Solved
O?D_@?R`M@EPIeQTPwEe?,16,37,5,6.2339405816,1.2339405816,1.2467881163,Solved
O_?XSIOQAcK_AJ?|CN@ac,16,36,5,6.2337539095,1.2337539095,1.2467507819,Solved
OGECe?BP_QaIGbRGdc`hO,16,37,5,6.2334008332,1.2334008332,1.2466801666,Solved
O@?G@DDcT@HRDaqOkqCt?,16,37,5,6.2332267188,1.2332267188,1.2466453438,Solved
O`YC?_bBOkS?ARCdGcY@w,16,36,5,6.2325047731,1.2325047731,1.2465009546,Solved
OQ??@OSPSPdUDqowLoC{?,16,38,5,6.2324822884,1.2324822884,1.2464964577,Solved
ORb?Q?bEOKaOGRQ?_ek@Y,16,36,5,6.2323217696,1.2323217696,1.2464643539,Solved
O?U`?_CAk_sIShWYGxCV?,16,37,5,6.2313508004,1.2313508004,1.2462701601,Solved
O?GO?e@Hg\KH``UGxIFc?,16,37,5,6.2313150553,1.2313150553,1.2462630111,Solved
OqGQC?LB`KBHGSCgoAi@T,16,36,5,6.2307837522,1.2307837522,1.2461567504,Solved
OQQH?_FIOsGO_RDDKC[@w,16,36,5,6.2307748471,1.2307748471,1.2461549694,Solved
O?SoG_`AqASB`MaiISfE?,16,37,5,6.2307160463,1.2307160463,1.2461432093,Solved
O??G`AEQ[UGwkD[IQgBS@,16,37,5,6.2306603893,1.2306603893,1.2461320779,Solved
O@?ACSUE`IdCpDqIIgd[?,16,38,5,6.2305673352,1.2305673352,1.2461134670,Solved
O??WaCI`b@dIcQhWLOU`G,16,37,5,6.2299955191,1.2299955191,1.2459991038,Solved
O[O?GALEqiGWGaHCP?w`M,16,36,5,6.2299315548,1.2299315548,1.2459863110,Solved
O?D_HCICd@kEc`QQpiEb?,16,37,5,6.2295230205,1.2295230205,1.2459046041,Solved
OcGsQ?FEPAB@WHP@OFGCu,16,36,5,6.2290937494,1.2290937494,1.2458187499,Solved
OkGO??fEpc@oOR_RPCQGb,16,36,5,6.2290767788,1.2290767788,1.2458153558,Solved
O?D_HCIGIBIQcedWT@eQ_,16,37,5,6.2288947130,1.2288947130,1.2457789426,Solved
OS`aQ_aAOgCRAYDKO?y@p,16,36,5,6.2281570809,1.2281570809,1.2456314162,Solved
O`UcA?bCpCAHBEBHGBK@L,16,36,5,6.2279208340,1.2279208340,1.2455841668,Solved
O_C_?E`g_ihIDhQiPgBc@,16,37,5,6.2278378832,1.2278378832,1.2455675766,Solved
OK?KACaCAScqDYEXWeDQ_,16,37,5,6.2277710732,1.2277710732,1.2455542146,Solved
OoCGjAA`?RAMI@OeeBAHD,16,36,5,6.2277467461,1.2277467461,1.2455493492,Solved
O@??wodIAIoi_iU@wUFW?,16,38,5,6.2275649474,1.2275649474,1.2455129895,Solved
OqGSA?LB`IBPGSCggBK@L,16,36,5,6.2268782049,1.2268782049,1.2453756410,Solved
OCa?_OTB`MGwKDQImIBT?,16,38,5,6.2266004427,1.2266004427,1.2453200885,Solved
O`aCA@AQ?eaeHsFWDW`XO,16,38,5,6.2265742819,1.2265742819,1.2453148564,Solved
O?GWOK`CiGpDgaSP{IEd?,16,37,5,6.2259859113,1.2259859113,1.2451971823,Solved
O?N??`@GOliQBogHpUFE?,16,37,5,6.2259658566,1.2259658566,1.2451931713,Solved
O@DGH?QAYBOkWDaasREe?,16,37,5,6.2257018299,1.2257018299,1.2451403660,Solved
O@?CACTH`TBgoFqKJoDY?,16,38,5,6.2256597266,1.2256597266,1.2451319453,Solved
O?D_GSQGKJPQWXQEUOMa_,16,37,5,6.2255898096,1.2255898096,1.2451179619,Solved
OsO__ObF?MDOCPPGoBi@s,16,36,5,6.2244536764,1.2244536764,1.2448907353,Solved
O?GO?cEW\AGpaXUIPqFc?,16,37,5,6.2236327254,1.2236327254,1.2447265451,Solved
O??G`AwPyUKo\?aorGdgO,16,39,5,6.2231035238,1.2231035238,1.2446207048,Solved
O?GW`?IS[JQCPPWbSQUU?,16,37,5,6.2229959595,1.2229959595,1.2445991919,Solved
O??X`QgcTGHRSYPkOwBo@,16,39,5,6.2222241041,1.2222241041,1.2444448208,Solved
O?GWOK`CiOodW`cQ{IEd?,16,37,5,6.2222087648,1.2222087648,1.2444417530,Solved
OR`CA?FApGdCDDEIOGYCX,16,36,5,6.2220413679,1.2220413679,1.2444082736,Solved
O?D_GSQGIBHQgXbEUPEa_,16,37,5,6.2212081001,1.2212081001,1.2442416200,Solved
Osa?GOOQieEWWwRHDd@i_,16,40,5,6.2207954910,1.2207954910,1.2441590982,Solved
O?D_?LAIX`WHI`cWppEc_,16,37,5,6.2207378152,1.2207378152,1.2441475630,Solved
O_MCAH_S?U@uGsCwCbGhS,16,37,5,6.2206622818,1.2206622818,1.2441324564,Solved
O_C_CCDOITEJISbcIoTd?,16,37,5,6.2202948186,1.2202948186,1.2440589637,Solved
O?DgGdAGaAcKaba[YAd`O,16,37,5,6.2201847866,1.2201847866,1.2440369573,Solved
O@??ogg`iQcpaPTGw[FW?,16,38,5,6.2201736260,1.2201736260,1.2440347252,Solved
O?oo`?CA{aIKg`owGbPTO,16,37,5,6.2195557413,1.2195557413,1.2439111483,Solved
Or?GGQDQ_eCWaAP@aEp@q,16,36,5,6.2192750722,1.2192750722,1.2438550144,Solved
O??H?eIPYSOh[HkEIoDQ@,16,37,5,6.2184837158,1.2184837158,1.2436967432,Solved
OqGOOHH``EAWa@PAcEg`s,16,36,5,6.2177303026,1.2177303026,1.2435460605,Solved
OCa?GWYPHHIHKSQadQbe?,16,38,5,6.2164698709,1.2164698709,1.2432939742,Solved
O??__QwPzEIgR_kOtOcwO,16,39,5,6.2164648714,1.2164648714,1.2432929743,Solved
O?d`?_DAl@IBcgWSowaUO,16,37,5,6.2164254025,1.2164254025,1.2432850805,Solved
O??W_UAO`JqISWiClCfK?,16,37,5,6.2158568800,1.2158568800,1.2431713760,Solved
O@??qKe_aPdIaWTCq`fW?,16,38,5,6.2156959748,1.2156959748,1.2431391950,Solved
OQ?_aQGPKEdQFAGwake[?,16,38,5,6.2155816810,1.2155816810,1.2431163362,Solved
Oq___?NKQEAg_`IB@bQ@e,16,36,5,6.2153185856,1.2153185856,1.2430637171,Solved
OkGO?CpaQICqEaB_GE[@Y,16,36,5,6.2152047314,1.2152047314,1.2430409463,Solved
OK`@?_NMEAIOh?AP_rG@{,16,36,5,6.2128127053,1.2128127053,1.2425625411,Solved
O??G`EHPhoecq`pQJGDK@,16,38,5,6.2123335912,1.2123335912,1.2424667182,Solved
OsOP??NPOeDGPBCdDBC@F,16,36,5,6.2109688106,1.2109688106,1.2421937621,Solved
O`aCADCQ@IbKIWDccq_tO,16,38,5,6.2100787192,1.2100787192,1.2420157438,Solved
O@hP?cOG?T?jQ[`kWJEDG,16,37,5,6.2089713645,1.2089713645,1.2417942729,Solved
O?D_?L?I[bPGKhWbPsEc_,16,37,5,6.2082867121,1.2082867121,1.2416573424,Solved
O_GX?_G@DAiTW[ckHYCN?,16,37,5,6.2072449600,1.2072449600,1.2414489920,Solved
OCHG?H?GQce[Ek`kPLFE?,16,37,5,6.2071310537,1.2071310537,1.2414262107,Solved
O?D_?L?I[bWGKhIbPsEc_,16,37,5,6.2068218467,1.2068218467,1.2413643693,Solved
O@hP@?PC_Q_tQK`owIeDO,16,37,5,6.2066276194,1.2066276194,1.2413255239,Solved
O@?KACiDXKBHpHqEJODI@,16,38,5,6.2059346525,1.2059346525,1.2411869305,Solved
O??GiGcEKbSYpCMOlPET?,16,38,5,6.2055652170,1.2055652170,1.2411130434,Solved
O_CgOOE@TEIFWcWWQQKbC,16,37,5,6.2050212175,1.2050212175,1.2410042435,Solved
O@?ACUEIHIBooFUIIiD[?,16,38,5,6.2045777658,1.2045777658,1.2409155532,Solved
O??G`AwPyqM_X_eOpWdKO,16,39,5,6.2044199520,1.2044199520,1.2408839904,Solved
OK?G?GGCXSs[oYLgWqAu?,16,37,5,6.2044024837,1.2044024837,1.2408804967,Solved
O??_`S[Rc[SSTPWIQINo?,16,39,5,6.2040737488,1.2040737488,1.2408147498,Solved
O@?CACiDXIBPpHqEJoDY?,16,38,5,6.2024421160,1.2024421160,1.2404884232,Solved
O@?CA?iDXMBWpHqEJoDY?,16,38,5,6.2008584933,1.2008584933,1.2401716987,Solved
O`?@?_gDKJHRPwasLgC{?,16,38,5,6.1985528010,1.1985528010,1.2397105602,Solved
O@?IC?YHXUAwqDpIJGDK@,16,38,5,6.1972386290,1.1972386290,1.2394477258,Solved
O@@CAECEXRApHcq@tgAt?,16,38,5,6.1968799649,1.1968799649,1.2393759930,Solved
O?D_AA?DhRHSKwgTPwEcO,16,37,5,6.1935178328,1.1935178328,1.2387035666,Solved
O??H?eIP[IHPLHMEYoFQ?,16,38,5,6.1931796754,1.1931796754,1.2386359351,Solved
O?hO`?G@IbKScTgeHYCN?,16,37,5,6.1875111800,1.1875111800,1.2375022360,Solved
O@??pMAO`XpIQWdCicfW?,16,38,5,6.1850232093,1.1850232093,1.2370046419,Solved
O??GhQBOsokdi_TOuaBp?,16,39,5,6.1842269290,1.1842269290,1.2368453858,Solved
O??G`@FatPIbUOY_QgLKC,16,38,5,6.1835875937,1.1835875937,1.2367175187,Solved
OQ?@?ccEIKhS`TaYLgC{?,16,38,5,6.1788413926,1.1788413926,1.2357682785,Solved
O?GWOK`CaPoeW`cQ{IEd?,16,37,5,6.1779586058,1.1779586058,1.2355917212,Solved
O@??GUaSYxTaXOY_QgKsC,16,39,5,6.1777945978,1.1777945978,1.2355589196,Solved
O?D_A?`Do\KOcRaLTWEd?,16,37,5,6.1771185710,1.1771185710,1.2354237142,Solved
O_C_?AQcQKgkIdIYPwBe?,16,37,5,6.1731235136,1.1731235136,1.2346247027,Solved
Osa?OGgPGqasKsSwLGbKO,16,40,5,6.1647844034,1.1647844034,1.2329568807,Solved
O`aCAPCO`PciGwFCbS_mO,16,38,5,6.1498588999,1.1498588999,1.2299717800,Solved
O??pOq`ccWKJSiRKOwBo@,16,39,5,6.1481728084,1.1481728084,1.2296345617,Solved
Osa?_OCSYTGwWwMHEh@[_,16,40,5,6.1474659782,1.1474659782,1.2294931956,Solved
O@?CACiDXKBHpHqEJoDY?,16,38,5,6.1318987147,1.1318987147,1.2263797429,Solved
O??__QwPzaLOV?goqgc[O,16,39,5,6.0748905437,1.0748905437,1.2149781087,Solved
OsaBA`GP@`dIHWEcas_]O,16,40,5,6.0000000002,1.0000000002,1.2000000000,Solved
