g6,edges,alpha,theta,gap,ratio,theta_ub,status
L?`DE`gl@YJODg,26,4,5.1817366256,1.1817366256,1.2954341564,5.19428781,Solved
L?AAD?oFAgDOAw,19,5,5.8544795024,0.8544795024,1.1708959005,5.86730804,Solved
L?AAD?oeAg@WFO,19,5,5.8374077482,0.8374077482,1.1674815496,5.85275599,Solved
L?AAD?oFAgDOBg,19,5,5.8370411807,0.8370411807,1.1674082361,5.85389701,Solved
L?AAD?oFAgDOBw,20,5,5.8324053885,0.8324053885,1.1664810777,5.85112145,Solved
L?AAD?oFAgPOBg,19,5,5.8270071851,0.8270071851,1.1654014370,5.84639720,Solved
L?AADAoFAgDOBg,20,5,5.8241721589,0.8241721589,1.1648344318,5.84182052,Solved
L?AAD?oeAg@SFO,19,5,5.8220535131,0.8220535131,1.1644107026,5.83780692,Solved
L?AAD?sXCSBODo,20,5,5.8205835433,0.8205835433,1.1641167087,5.83921421,Solved
L?AAD?oFAgPOBw,20,5,5.8181325306,0.8181325306,1.1636265061,5.83410070,Solved
L?AAD?WLBGPOBo,19,5,5.8165971814,0.8165971814,1.1633194363,5.82799584,Solved
L?AAD?oFAgTOAw,20,5,5.8131559259,0.8131559259,1.1626311852,5.82360131,Solved
L?AAD?oeAg@[FO,20,5,5.8126793232,0.8126793232,1.1625358646,5.82816041,Solved
L?AAD?sX?sUOAs,21,5,5.8123318423,0.8123318423,1.1624663685,5.83891345,Solved
L?AAD?WLBGPOFo,20,5,5.8093477832,0.8093477832,1.1618695566,5.82590593,Solved
L?AA@AWT@SF_sQ,21,5,5.8057381058,0.8057381058,1.1611476212,5.83317160,Solved
L?AAD@oIagBgAw,21,5,5.8041196600,0.8041196600,1.1608239320,5.83616945,Solved
L?AAD?sXCoBODo,20,5,5.8032633635,0.8032633635,1.1606526727,5.82585234,Solved
L?AAD?sXCcBWFO,21,5,5.8019380295,0.8019380295,1.1603876059,5.82019697,Solved
L?AAD@oIagF_Bg,21,5,5.8012662568,0.8012662568,1.1602532514,5.83251571,Solved
L?AAD?oFAgTOAY,20,5,5.8001642250,0.8001642250,1.1600328450,5.82029496,Solved
L?AAD@oIaW@s]?,21,5,5.8000731819,0.8000731819,1.1600146364,5.82421282,Solved
L?AAD?oFEoHgL_,21,5,5.7988570980,0.7988570980,1.1597714196,5.81378869,Solved
L?AAD?wX?wQODo,20,5,5.7981389936,0.7981389936,1.1596277987,5.81022711,Solved
L?AAD@oI_wIgBg,21,5,5.7958724673,0.7958724673,1.1591744935,5.81603032,Solved
L?AAD?sX?sUOFO,21,5,5.7950950110,0.7950950110,1.1590190022,5.82001238,Solved
L?AAD?wLEOJGHa,21,5,5.7933506342,0.7933506342,1.1586701268,5.81348072,Solved
L?AAD?oFAgTOAy,21,5,5.7928859097,0.7928859097,1.1585771819,5.81002773,Solved
L?AAD?sXCo@WFO,20,5,5.7927549031,0.7927549031,1.1585509806,5.80791583,Solved
L?AAD?wLEOIgHa,21,5,5.7923420075,0.7923420075,1.1584684015,5.80498152,Solved
L?AAD@oI_w@sSS,21,5,5.7922820736,0.7922820736,1.1584564147,5.81181178,Solved
L?AAD@oIaW@[]?,21,5,5.7905220149,0.7905220149,1.1581044030,5.81482098,Solved
L?AAD@oIagF_Bw,22,5,5.7902632340,0.7902632340,1.1580526468,5.81344142,Solved
L?AEB?WU@HEoCq,21,5,5.7890294888,0.7890294888,1.1578058978,5.81809232,Solved
L?AAD?sXCSAYM_,21,5,5.7886753233,0.7886753233,1.1577350647,5.80877186,Solved
L?AADb_M?s@oRO,21,5,5.7883768586,0.7883768586,1.1576753717,5.80777433,Solved
L?AAD?sX?sTODo,21,5,5.7883001044,0.7883001044,1.1576600209,5.81526431,Solved
L?AAD?oFBoAwRW,22,5,5.7877707495,0.7877707495,1.1575541499,5.80717331,Solved
L?AAD?oFAgTOBw,21,5,5.7857107118,0.7857107118,1.1571421424,5.79616608,Solved
L?AA@aHM@WY?Bo,20,5,5.7846658997,0.7846658997,1.1569331799,5.80411050,Solved
L?AAD?sX?sTOCs,21,5,5.7843103382,0.7843103382,1.1568620676,5.81126923,Solved
L?ABAaIeB_D_Bo,21,5,5.7841427312,0.7841427312,1.1568285462,5.80117841,Solved
L?AAD@oIao@oSS,20,5,5.7840795689,0.7840795689,1.1568159138,5.81913992,Solved
L?AAD@OIAWQOAo,17,5,5.7840292528,0.7840292528,1.1568058506,5.80070686,Solved
L?AAD?oeAg@SQO,18,5,5.7838115622,0.7838115622,1.1567623124,5.82778067,Solved
L?AEB?We@gBoHK,21,5,5.7835273849,0.7835273849,1.1567054770,5.82019121,Solved
L?AADAoFAgDOAo,19,5,5.7834082826,0.7834082826,1.1566816565,5.84028519,Solved
L?AAD@OI@cH_Bg,18,5,5.7832649476,0.7832649476,1.1566529895,5.81744284,Solved
L?AAD?WLB_POBo,19,5,5.7832649438,0.7832649438,1.1566529888,5.83362197,Solved
L?AEB?We@HF_F_,21,5,5.7832074818,0.7832074818,1.1566414964,5.79363523,Solved
L?AA@AWT@SRGN?,20,5,5.7832074804,0.7832074804,1.1566414961,5.81987927,Solved
L?AAD?wX?wQOAo,19,5,5.7824568036,0.7824568036,1.1564913607,5.82215713,Solved
L?AAD?oeAg@SRO,19,5,5.7822491058,0.7822491058,1.1564498212,5.82525115,Solved
L?AAD@oIag@[M_,21,5,5.7809878221,0.7809878221,1.1561975644,5.81813177,Solved
L?AAD@OIAWQODo,18,5,5.7807991408,0.7807991408,1.1561598282,5.80527521,Solved
L?AAD@OICcB_Do,18,5,5.7800265476,0.7800265476,1.1560053095,5.80131535,Solved
L?AADAoFAgDOBo,20,5,5.7798396000,0.7798396000,1.1559679200,5.84564978,Solved
L?AAD?sXCSBWm?,21,5,5.7793030430,0.7793030430,1.1558606086,5.79150994,Solved
L?AAD?wLAg@Wi_,20,5,5.7792521389,0.7792521389,1.1558504278,5.83239709,Solved
L?AA@BOT@oDOBW,19,5,5.7790299827,0.7790299827,1.1558059965,5.82536979,Solved
L?AAD?wX?wROEo,21,5,5.7789609719,0.7789609719,1.1557921944,5.79007375,Solved
L?AAD@OI@cB_Cs,18,5,5.7789543454,0.7789543454,1.1557908691,5.79675121,Solved
L?AAD@OIAWUOBg,19,5,5.7789020623,0.7789020623,1.1557804125,5.81842586,Solved
L?AAD?sX?sV?Cs,21,5,5.7788588803,0.7788588803,1.1557717761,5.82007999,Solved
L?AAD?sXCSBOBo,20,5,5.7782873032,0.7782873032,1.1556574606,5.80855586,Solved
L?AAD?sXCoBOFO,20,5,5.7780283378,0.7780283378,1.1556056676,5.80113463,Solved
L?AAD?sXCSBOFo,21,5,5.7779408208,0.7779408208,1.1555881642,5.81283272,Solved
L?AADAoFAgDOBw,21,5,5.7777004108,0.7777004108,1.1555400822,5.81527913,Solved
L?AAD?sXCSAYm?,21,5,5.7767719931,0.7767719931,1.1553543986,5.80271856,Solved
L?AAD?sX?sROFO,21,5,5.7764162973,0.7764162973,1.1552832595,5.80640240,Solved
L?AAD?sXCoBOBo,20,5,5.7756772253,0.7756772253,1.1551354451,5.80475141,Solved
L?AAD@OIAWBOBg,18,5,5.7755681353,0.7755681353,1.1551136271,5.79252641,Solved
L?AEB?WU@HF_Eo,21,5,5.7752697149,0.7752697149,1.1550539430,5.78694575,Solved
L?AAD?oeAg@SUO,19,5,5.7750025145,0.7750025145,1.1550005029,5.81240417,Solved
L?AAD?oeAg@SVO,20,5,5.7749654129,0.7749654129,1.1549930826,5.81199329,Solved
L?AAD?wLEOHgL_,21,5,5.7749165937,0.7749165937,1.1549833187,5.79477826,Solved
L?AAD?sXCcAwYA,21,5,5.7748885421,0.7748885421,1.1549777084,5.87931129,Solved
L?AAD?sXCcAwEc,21,5,5.7748885420,0.7748885420,1.1549777084,5.86917895,Solved
L?AAD?sX?sRODo,21,5,5.7748885412,0.7748885412,1.1549777082,5.81833260,Solved
L?AAD?sXCc@[Do,21,5,5.7748885409,0.7748885409,1.1549777082,5.86900532,Solved
L?AAD?sXCcAw}?,22,5,5.7748885409,0.7748885409,1.1549777082,5.85733015,Solved
L?AAD?sXCcAwm?,21,5,5.7748885407,0.7748885407,1.1549777081,5.87879497,Solved
L?AA@AOT@wTOJg,21,5,5.7748885406,0.7748885406,1.1549777081,5.87113231,Solved
L?AAD?sXCoBOFo,21,5,5.7748885395,0.7748885395,1.1549777079,5.79426648,Solved
L?AEB?WU@gBWHL,22,5,5.7748885383,0.7748885383,1.1549777077,5.78963244,Solved
L?AAD?WLBGRODo,20,5,5.7748885383,0.7748885383,1.1549777077,5.81863044,Solved
L?AAD?oeAgHgaI,20,5,5.7748885381,0.7748885381,1.1549777076,5.87225883,Solved
L?AAD?wX?wQOBo,20,5,5.7748885380,0.7748885380,1.1549777076,5.80435441,Solved
L?AAD?sXCcRODo,21,5,5.7748885375,0.7748885375,1.1549777075,5.87364206,Solved
L?AAD?wXCcAwN?,21,5,5.7748885372,0.7748885372,1.1549777074,5.79573743,Solved
L?AAD?sXCcBWDo,21,5,5.7748885363,0.7748885363,1.1549777073,5.86427203,Solved
L?AAD?sXCcBIDo,21,5,5.7748885356,0.7748885356,1.1549777071,5.85951706,Solved
L?AAD?sXCcBWF_,21,5,5.7748885356,0.7748885356,1.1549777071,5.81359753,Solved
L?AAD?wX?wQOFo,21,5,5.7748885355,0.7748885355,1.1549777071,5.79875012,Solved
L?AAD?sXCcFODo,21,5,5.7748885352,0.7748885352,1.1549777070,5.86262512,Solved
L?AAD?WLBGROFo,21,5,5.7748885351,0.7748885351,1.1549777070,5.80663686,Solved
L?AAD?sXCcJGDo,21,5,5.7748885344,0.7748885344,1.1549777069,5.84115556,Solved
L?AAD?sXCcAwEs,22,5,5.7748885344,0.7748885344,1.1549777069,5.86420350,Solved
L?AAD?sXCcN?Do,21,5,5.7748885343,0.7748885343,1.1549777069,5.86513066,Solved
L?AAD?sXCcAwi_,21,5,5.7748885342,0.7748885342,1.1549777068,5.85902055,Solved
L?AAD?sXCcAwm_,22,5,5.7748885339,0.7748885339,1.1549777068,5.86960262,Solved
L?AAD?sXCcBWBo,21,5,5.7748885339,0.7748885339,1.1549777068,5.79742759,Solved
L?AEB?WU@gBgGl,22,5,5.7748885337,0.7748885337,1.1549777067,5.79177917,Solved
L?AAD?sX?sROFo,22,5,5.7748885337,0.7748885337,1.1549777067,5.78882608,Solved
L?AA@BOT@oTOJg,21,5,5.7748885336,0.7748885336,1.1549777067,5.88120991,Solved
L?AAD?sXCcBWFo,22,5,5.7748885333,0.7748885333,1.1549777067,5.79665522,Solved
L?AAD?sXCcAwac,21,5,5.7748885332,0.7748885332,1.1549777066,5.87702377,Solved
L?AAD?sXCcAwec,22,5,5.7748885331,0.7748885331,1.1549777066,5.87588537,Solved
L?AADbGR@oEOLG,21,5,5.7746737278,0.7746737278,1.1549347456,5.78545055,Solved
L?AAD@oR?sUOAw,21,5,5.7744290573,0.7744290573,1.1548858115,5.79732061,Solved
L?AAD?sXCcBIFO,21,5,5.7739260841,0.7739260841,1.1547852168,5.79873480,Solved
L?AAD@OI@g@oCc,17,5,5.7736810639,0.7736810639,1.1547362128,5.78901766,Solved
L?AAD@OI@g@oCs,18,5,5.7736797730,0.7736797730,1.1547359546,5.82038111,Solved
L?AAD@OJDoHgHg,21,5,5.7735998364,0.7735998364,1.1547199673,5.80087152,Solved
L?AAD@OI@g@oDc,18,5,5.7735615511,0.7735615511,1.1547123102,5.80659965,Solved
L?AAD@OI@g@oDs,19,5,5.7735272453,0.7735272453,1.1547054491,5.83136761,Solved
L?AAD@oI_\BgSS,22,5,5.7734363237,0.7734363237,1.1546872647,5.79947249,Solved
L?AEB?WU@HM_Aq,21,5,5.7733571691,0.7733571691,1.1546714338,5.84616473,Solved
L?AB?qQUAWSH{?,22,5,5.7729293172,0.7729293172,1.1545858634,5.79596432,Solved
L?AA@owwAgPODc,21,5,5.7727635935,0.7727635935,1.1545527187,5.78159314,Solved
L?AADbGR@oEOHg,21,5,5.7727578826,0.7727578826,1.1545515765,5.81503800,Solved
L?AADbGR@oEOLg,22,5,5.7727412489,0.7727412489,1.1545482498,5.79138567,Solved
L?AAD@Oi@g@WJ_,19,5,5.7717725042,0.7717725042,1.1543545008,5.81145589,Solved
L?AAD?wLEOHgHa,21,5,5.7717528797,0.7717528797,1.1543505759,5.79133713,Solved
L?AAD?oFAgT@Bw,21,5,5.7717497852,0.7717497852,1.1543499570,5.79029658,Solved
L?AAD?oeAgHgAi,20,5,5.7715553880,0.7715553880,1.1543110776,5.81733036,Solved
L?AA@BOTDOAWe_,19,5,5.7710161898,0.7710161898,1.1542032380,5.81585812,Solved
L?AAD@oI_wIgAw,21,5,5.7703268061,0.7703268061,1.1540653612,5.81347141,Solved
L?AAD@oI_wIgBw,22,5,5.7697397246,0.7697397246,1.1539479449,5.80202206,Solved
L?AAD@OICcB_Bo,18,5,5.7695925427,0.7695925427,1.1539185085,5.80152965,Solved
L?AAD@OI?wDoCs,19,5,5.7694513213,0.7694513213,1.1538902643,5.82934879,Solved
L?AEB?WU@HF_Cq,21,5,5.7693917600,0.7693917600,1.1538783520,5.80843905,Solved
L?AEB?WU@HF_Eq,22,5,5.7693909512,0.7693909512,1.1538781902,5.78373027,Solved
L?AA@AWT@SYGN_,21,5,5.7693497331,0.7693497331,1.1538699466,5.80227442,Solved
L?AAD?oFAgVOBw,22,5,5.7692071509,0.7692071509,1.1538414302,5.78002777,Solved
L?AAD?wXCcBWN?,21,5,5.7691980474,0.7691980474,1.1538396095,5.80089898,Solved
L?AAD?oEAg@waI,19,5,5.7689682728,0.7689682728,1.1537936546,5.80216243,Solved
L?AAD@OI?wDoDs,20,5,5.7689278314,0.7689278314,1.1537855663,5.83051987,Solved
L?AAD?oEAg@wag,19,5,5.7687958591,0.7687958591,1.1537591718,5.80832657,Solved
L?AAD?oEAg@wai,20,5,5.7686581813,0.7686581813,1.1537316363,5.81701980,Solved
L?AAD@oIaoB_Aw,20,5,5.7682654817,0.7682654817,1.1536530963,5.81805394,Solved
L?AAD?wXCsBWN?,22,5,5.7680344875,0.7680344875,1.1536068975,5.78042412,Solved
L?AAD?sXCSBWN?,21,5,5.7680344874,0.7680344874,1.1536068975,5.80331303,Solved
L?AAD?sXCcBWN?,21,5,5.7680344858,0.7680344858,1.1536068972,5.81336003,Solved
L?AAD?sX?sTOAs,21,5,5.7672434151,0.7672434151,1.1534486830,5.80784174,Solved
L?AAD@oI_wJ_Aw,21,5,5.7671923408,0.7671923408,1.1534384682,5.80537157,Solved
L?AAF@cM?sBgm?,22,5,5.7671923406,0.7671923406,1.1534384681,5.78204979,Solved
L?AEB?WU@HM_Eq,22,5,5.7671386240,0.7671386240,1.1534277248,5.80896073,Solved
L?AAD?oFAgPODo,19,5,5.7669451944,0.7669451944,1.1533890389,5.81996900,Solved
L?AAD?oFAgPOEo,19,5,5.7668428966,0.7668428966,1.1533685793,5.83816618,Solved
L?AAD?oFAgPOFo,20,5,5.7665795836,0.7665795836,1.1533159167,5.83467240,Solved
L?AAD?sXCc@YFo,22,5,5.7662816401,0.7662816401,1.1532563280,5.80232431,Solved
L?AEB?We@HM_Do,21,5,5.7661157529,0.7661157529,1.1532231506,5.78843464,Solved
L?AAD?sX?sPQFo,22,5,5.7659713785,0.7659713785,1.1531942757,5.80782218,Solved
L?AEB?WU@HN_Eq,23,5,5.7659071134,0.7659071134,1.1531814227,5.78358092,Solved
L?AAF@cM?sAwag,22,5,5.7657327563,0.7657327563,1.1531465513,5.78337040,Solved
L?AAF@cM?sV?Do,22,5,5.7655533308,0.7655533308,1.1531106662,5.80782269,Solved
L?AAF@cM?sV?Fo,23,5,5.7655533281,0.7655533281,1.1531106656,5.78795844,Solved
L?AAD@OIAWQOBo,18,5,5.7655358246,0.7655358246,1.1531071649,5.78139602,Solved
L?AAD@oI_w@sTS,22,5,5.7653283393,0.7653283393,1.1530656679,5.78554631,Solved
L?AAD?oeAgHgag,20,5,5.7652028461,0.7652028461,1.1530405692,5.80341523,Solved
L?AAD?wXCc@wN?,21,5,5.7651898589,0.7651898589,1.1530379718,5.78935203,Solved
L?AAD?wX?wROFo,22,5,5.7651898528,0.7651898528,1.1530379706,5.77692328,Solved
L?AADbGR@cCsm?,22,5,5.7650329302,0.7650329302,1.1530065860,5.80119698,Solved
L?AAD@OIAWUOBo,19,5,5.7647751635,0.7647751635,1.1529550327,5.79151264,Solved
L?AAD@OI@cB_Dc,18,5,5.7647600223,0.7647600223,1.1529520045,5.80071389,Solved
L?AAD@OI@cH_Hg,18,5,5.7647600144,0.7647600144,1.1529520029,5.79241325,Solved
L?AAD?WLB_@oaE,19,5,5.7646911460,0.7646911460,1.1529382292,5.80346568,Solved
L?AAD@OI@cH_Aw,18,5,5.7646270121,0.7646270121,1.1529254024,5.80711269,Solved
L?AAD?WLB_PODo,19,5,5.7646264463,0.7646264463,1.1529252893,5.82118029,Solved
L?AAD@OI?wUOBW,19,5,5.7646092370,0.7646092370,1.1529218474,5.82255713,Solved
L?AEB?WU@LAw\?,22,5,5.7645554313,0.7645554313,1.1529110863,5.78719682,Solved
L?AAD@OIAWQOHg,18,5,5.7645539520,0.7645539520,1.1529107904,5.79744989,Solved
L?AE@aoQPwF_BW,23,5,5.7644279973,0.7644279973,1.1528855995,5.77527830,Solved
L?AAD?oEAgDoBw,20,5,5.7642573876,0.7642573876,1.1528514775,5.80690011,Solved
L?AAD@oR?sUOBg,21,5,5.7642517487,0.7642517487,1.1528503497,5.78635892,Solved
L?AAD?sXCo@WF_,20,5,5.7637774444,0.7637774444,1.1527554889,5.80388913,Solved
L?ABAaIeB_F_Bo,22,5,5.7634666835,0.7634666835,1.1526933367,5.78098201,Solved
L?AAD@W[?[UORO,21,5,5.7633871285,0.7633871285,1.1526774257,5.81188913,Solved
L?AAD?oEAg@sL_,19,5,5.7631242103,0.7631242103,1.1526248421,5.78580227,Solved
L?AAD?oEAg@sN_,20,5,5.7630734802,0.7630734802,1.1526146960,5.80668437,Solved
L?AAD?oEAgEoBw,20,5,5.7627480252,0.7627480252,1.1525496050,5.78976323,Solved
L?AAD?oFAgTPBw,22,5,5.7626135227,0.7626135227,1.1525227045,5.77856597,Solved
L?AAD?oEAgFoBw,21,5,5.7625658603,0.7625658603,1.1525131721,5.80265959,Solved
L?AA@AWT@cHGJ?,18,5,5.7624720617,0.7624720617,1.1524944123,5.78037690,Solved
L?AAD@W[?UrORO,22,5,5.7620396323,0.7620396323,1.1524079265,5.77974650,Solved
L?AADbGR@oEoKc,22,5,5.7616512620,0.7616512620,1.1523302524,5.77418240,Solved
L?AAD?wLEOJGL_,21,5,5.7616512616,0.7616512616,1.1523302523,5.79423149,Solved
L?AADbGR@cEcm?,22,5,5.7614963015,0.7614963015,1.1522992603,5.77338739,Solved
L?AAD@oIaW@s}?,22,5,5.7612631501,0.7612631501,1.1522526300,5.79759299,Solved
L?AAD@OIAWBOAw,18,5,5.7612297941,0.7612297941,1.1522459588,5.79171603,Solved
L?AAD@OIAWUOCs,19,5,5.7609191829,0.7609191829,1.1521838366,5.81009337,Solved
L?AAD@Oi@g@oDc,19,5,5.7609155109,0.7609155109,1.1521831022,5.81213014,Solved
L?AA@BOTDO@WeO,19,5,5.7608482459,0.7608482459,1.1521696492,5.80248888,Solved
L?AAD@W[?YUOFo,22,5,5.7608430973,0.7608430973,1.1521686195,5.79848581,Solved
L?AADbGR@cV?Lg,23,5,5.7608071885,0.7608071885,1.1521614377,5.78143339,Solved
L?AAD@oIao@oTC,20,5,5.7608001361,0.7608001361,1.1521600272,5.80079231,Solved
L?AAD?oeAg@WF_,19,5,5.7607687971,0.7607687971,1.1521537594,5.81500827,Solved
L?AAD@Oi@gBODo,19,5,5.7607162576,0.7607162576,1.1521432515,5.82488591,Solved
L?AAD@oIaoB_Bg,20,5,5.7605446610,0.7605446610,1.1521089322,5.83387411,Solved
L?AAD@OI@g@kk_,19,5,5.7603431798,0.7603431798,1.1520686360,5.79453107,Solved
L?AAD?WLBHV?Do,21,5,5.7603180004,0.7603180004,1.1520636001,5.78233192,Solved
L?AEB?We@gBoPK,21,5,5.7602363870,0.7602363870,1.1520472774,5.79480976,Solved
L?AA@AWT@cHGN?,19,5,5.7601380236,0.7601380236,1.1520276047,5.81599648,Solved
L?AA@BOT@SV?aS,20,5,5.7600173741,0.7600173741,1.1520034748,5.81346854,Solved
L?AAD?oeAgPSUO,20,5,5.7600037316,0.7600037316,1.1520007463,5.80917931,Solved
L?ABAaIeB_D_BQ,21,5,5.7599989745,0.7599989745,1.1519997949,5.78747344,Solved
L?AAF@cM?sROFO,22,5,5.7599989739,0.7599989739,1.1519997948,5.77277171,Solved
L?AAD?wXCcAwZ?,21,5,5.7599989712,0.7599989712,1.1519997942,5.78803877,Solved
L?AAD?oeAg@oDo,19,5,5.7597994877,0.7597994877,1.1519598975,5.80042578,Solved
L?AEB?WeAHboN?,22,5,5.7594074159,0.7594074159,1.1518814832,5.77619090,Solved
L?AAD@oI_wJ_Bg,21,5,5.7594074158,0.7594074158,1.1518814832,5.80574396,Solved
L?AAD@oIagFOBg,21,5,5.7594074152,0.7594074152,1.1518814830,5.80340741,Solved
L?AEB?WNF_@weO,23,5,5.7593288961,0.7593288961,1.1518657792,5.77931470,Solved
L?AAD?oeAg@oFO,19,5,5.7592979726,0.7592979726,1.1518595945,5.80998844,Solved
L?AAD?oeAg@WUO,19,5,5.7587459032,0.7587459032,1.1517491806,5.80289109,Solved
L?AAD?oFAgPSm_,21,5,5.7586475369,0.7586475369,1.1517295074,5.80152750,Solved
L?AAD@OI@cB_Ds,19,5,5.7586030919,0.7586030919,1.1517206184,5.80475949,Solved
L?AAD@OI@cH_Jg,19,5,5.7586030885,0.7586030885,1.1517206177,5.79970733,Solved
L?AA@BOTDO@WFO,19,5,5.7585866863,0.7585866863,1.1517173373,5.79082420,Solved
L?AAD?oeAg@WVO,20,5,5.7585760736,0.7585760736,1.1517152147,5.80678331,Solved
L?AAD@OIAWQOJg,19,5,5.7585231429,0.7585231429,1.1517046286,5.79165900,Solved
L?AAD?WLB_@oae,20,5,5.7585007526,0.7585007526,1.1517001505,5.80765184,Solved
L?AAD@OIAWFOCe,19,5,5.7582772832,0.7582772832,1.1516554566,5.78401846,Solved
L?AAD?WLEoCsTO,21,5,5.7582749527,0.7582749527,1.1516549905,5.78178947,Solved
L?AAD?oFAgTODo,20,5,5.7581174431,0.7581174431,1.1516234886,5.82441201,Solved
L?AAD?oFAgTOFo,21,5,5.7581035842,0.7581035842,1.1516207168,5.82654735,Solved
L?AAD@OI@cH_Bw,19,5,5.7579555309,0.7579555309,1.1515911062,5.79281259,Solved
L?AAD@OI@cJ_Ds,20,5,5.7579550440,0.7579550440,1.1515910088,5.79972185,Solved
L?AAD@OIAWUOJg,20,5,5.7578834277,0.7578834277,1.1515766855,5.80476236,Solved
L?AAD@oRDc@w]?,22,5,5.7578503306,0.7578503306,1.1515700661,5.79593810,Solved
L?AAD?oeAgPSVO,21,5,5.7577949369,0.7577949369,1.1515589874,5.79401709,Solved
L?AAD?WLB_POFo,20,5,5.7576941062,0.7576941062,1.1515388212,5.80894646,Solved
L?AAD?oeAgJGai,21,5,5.7574783074,0.7574783074,1.1514956615,5.80969737,Solved
L?AAD@W[?]UOV?,22,5,5.7565663506,0.7565663506,1.1513132701,5.79291881,Solved
L?AAD?wX?wVOFo,23,5,5.7564665291,0.7564665291,1.1512933058,5.76838639,Solved
L?AAD@Oi@gAWM_,19,5,5.7562420027,0.7562420027,1.1512484005,5.80757396,Solved
L?AAD@OI@WBOCq,18,5,5.7560775392,0.7560775392,1.1512155078,5.78418550,Solved
L?AAD@OIAW@sca,19,5,5.7560540717,0.7560540717,1.1512108143,5.78686205,Solved
L?AAD@OI@cJ_Bg,19,5,5.7560540704,0.7560540704,1.1512108141,5.79274704,Solved
L?AAD?sX?sV?FO,21,5,5.7560155644,0.7560155644,1.1512031129,5.78647430,Solved
L?AAD?wXCsAwN?,22,5,5.7560078790,0.7560078790,1.1512015758,5.77328766,Solved
L?AA@AOTFOAwe_,20,5,5.7559724125,0.7559724125,1.1511944825,5.81262863,Solved
L?AAD?oeAg@TVO,21,5,5.7558370732,0.7558370732,1.1511674146,5.79808718,Solved
L?AAD?oFAgPDm_,21,5,5.7558320639,0.7558320639,1.1511664128,5.78278977,Solved
L?AAD?oFAgVOai,22,5,5.7558173725,0.7558173725,1.1511634745,5.79705538,Solved
L?AAD?oeAgHgai,21,5,5.7558111992,0.7558111992,1.1511622398,5.80172650,Solved
L?AAD@OICcBGJG,18,5,5.7557507130,0.7557507130,1.1511501426,5.78036308,Solved
L?AA@AWT@cHG]?,19,5,5.7557301980,0.7557301980,1.1511460396,5.81870314,Solved
L?AEB?WU@Df_FQ,23,5,5.7557177423,0.7557177423,1.1511435485,5.76780981,Solved
L?AAD?oFAo@[M_,20,5,5.7556662395,0.7556662395,1.1511332479,5.80807426,Solved
L?ABAaIeB_D_Ba,21,5,5.7555405064,0.7555405064,1.1511081013,5.78622443,Solved
L?AAD@OIAW@sKa,19,5,5.7555322682,0.7555322682,1.1511064536,5.77734049,Solved
L?AAD@OIAWUODo,19,5,5.7554245620,0.7554245620,1.1510849124,5.77799637,Solved
L?AAD?sX?sTOFO,21,5,5.7554134175,0.7554134175,1.1510826835,5.79247188,Solved
L?AAD@Oi@g@oCs,19,5,5.7552476237,0.7552476237,1.1510495247,5.77659212,Solved
L?AA@AWT@cHGao,19,5,5.7550912750,0.7550912750,1.1510182550,5.80104841,Solved
L?AAD@OICcBGBW,18,5,5.7550818988,0.7550818988,1.1510163798,5.78257256,Solved
L?AAD@OICcBGBo,18,5,5.7550619244,0.7550619244,1.1510123849,5.78222156,Solved
L?AAD?cEF_IgJ_,20,5,5.7550338184,0.7550338184,1.1510067637,5.79005298,Solved
L?AAD@OIAW@ska,20,5,5.7548432370,0.7548432370,1.1509686474,5.78629729,Solved
L?AA@BOT@S@We?,18,5,5.7547830634,0.7547830634,1.1509566127,5.80200626,Solved
L?AA@BOT@oDOAw,19,5,5.7547830574,0.7547830574,1.1509566115,5.80491913,Solved
L?AA@BOTCoDOas,20,5,5.7547830563,0.7547830563,1.1509566113,5.80878123,Solved
L?AA@owwAgPOFc,22,5,5.7547593538,0.7547593538,1.1509518708,5.76492170,Solved
L?AAD@OI@g@sCs,19,5,5.7547536298,0.7547536298,1.1509507260,5.78797166,Solved
L?AAD?sX?sV?Fo,22,5,5.7546969238,0.7546969238,1.1509393848,5.78329227,Solved
L?AA@?Wu?{N_eo,23,5,5.7546860519,0.7546860519,1.1509372104,5.77249278,Solved
L?AA@_gEEQIcGf,21,5,5.7546860489,0.7546860489,1.1509372098,5.76831294,Solved
L?AAD?oeAgHcaI,20,5,5.7546860476,0.7546860476,1.1509372095,5.85938937,Solved
L?AA@_geEQQSHF,22,5,5.7546860464,0.7546860464,1.1509372093,5.78293517,Solved
L?AA@?Wu?{M_eo,22,5,5.7546860457,0.7546860457,1.1509372091,5.78280443,Solved
L?AA@AWT@kROuO,22,5,5.7546860455,0.7546860455,1.1509372091,5.77039129,Solved
L?AAD?oEAgDoAi,19,5,5.7546775951,0.7546775951,1.1509355190,5.80983215,Solved
L?AEB?We@g@wHK,21,5,5.7545073718,0.7545073718,1.1509014744,5.79707275,Solved
L?AAF@cM?sRODo,22,5,5.7544931385,0.7544931385,1.1508986277,5.78578400,Solved
L?ABAaIeB_D_Bq,22,5,5.7544931374,0.7544931374,1.1508986275,5.77865305,Solved
L?AAF@cM?sROFo,23,5,5.7544931367,0.7544931367,1.1508986273,5.76738119,Solved
L?AEB?WeBHBoN?,22,5,5.7544865185,0.7544865185,1.1508973037,5.76826258,Solved
L?AAD?sX?sRADo,21,5,5.7542540894,0.7542540894,1.1508508179,5.80184680,Solved
L?AAD?oEAgBoai,20,5,5.7540467515,0.7540467515,1.1508093503,5.81231928,Solved
L?AA@BOT@oDOao,19,5,5.7539556584,0.7539556584,1.1507911317,5.78939872,Solved
L?AAD@OJEoCsVO,22,5,5.7536992300,0.7536992300,1.1507398460,5.79000156,Solved
L?AAD@OI@g@sDs,20,5,5.7536698900,0.7536698900,1.1507339780,5.79353838,Solved
L?AAD?oNBg@wm_,23,5,5.7536641959,0.7536641959,1.1507328392,5.78943951,Solved
L?AA@BOJLoTO^?,23,5,5.7536641947,0.7536641947,1.1507328389,5.83664163,Solved
L?AAD?sXDcAwRQ,23,5,5.7536641940,0.7536641940,1.1507328388,5.84476618,Solved
L?AAD?sXAoUODo,21,5,5.7536641938,0.7536641938,1.1507328388,5.84253604,Solved
L?AA@AOTCsF_Jg,21,5,5.7536641931,0.7536641931,1.1507328386,5.84647069,Solved
L?AA@BOT@oDsic,22,5,5.7536641931,0.7536641931,1.1507328386,5.84577723,Solved
L?AAD?sXDcAwec,23,5,5.7536641930,0.7536641930,1.1507328386,5.84572825,Solved
L?AAD?WLBGVOFo,22,5,5.7536641929,0.7536641929,1.1507328386,5.78259795,Solved
L?AAD@OJBgTCBW,21,5,5.7536641927,0.7536641927,1.1507328385,5.86632673,Solved
L?AAD?sX?sVOFo,23,5,5.7536641926,0.7536641926,1.1507328385,5.76669802,Solved
L?AAD@OJDoBgHg,21,5,5.7536641925,0.7536641925,1.1507328385,5.78787171,Solved
L?AAD?oeAgBgai,21,5,5.7536641924,0.7536641924,1.1507328385,5.80305431,Solved
L?AAD?sX@sRODo,22,5,5.7536641923,0.7536641923,1.1507328385,5.79027830,Solved
L?AAD?sXDcJGDo,22,5,5.7536641919,0.7536641919,1.1507328384,5.82438952,Solved
L?AAD?WLFOHgL_,21,5,5.7536641917,0.7536641917,1.1507328383,5.77166022,Solved
L?AEB?WUBgBWHL,23,5,5.7536641915,0.7536641915,1.1507328383,5.77015252,Solved
L?AAD?sX?sUOFo,22,5,5.7536641914,0.7536641914,1.1507328383,5.80259849,Solved
L?AA@AOT@wVOJg,22,5,5.7536641909,0.7536641909,1.1507328382,5.84199358,Solved
L?AAD?sX?sTOFo,22,5,5.7536641907,0.7536641907,1.1507328381,5.77472919,Solved
L?AAD?sXDcAwN_,23,5,5.7536641907,0.7536641907,1.1507328381,5.82695470,Solved
L?AEB?WUBgBgGl,23,5,5.7536641906,0.7536641906,1.1507328381,5.76817293,Solved
L?AAD?sXDcAw^?,23,5,5.7536641905,0.7536641905,1.1507328381,5.83570329,Solved
L?AAD?sXDcBWFo,23,5,5.7536641903,0.7536641903,1.1507328381,5.77221954,Solved
L?AAD?sX?sUODo,21,5,5.7536641902,0.7536641902,1.1507328380,5.85442589,Solved
L?AAD?sX?suODo,22,5,5.7536641901,0.7536641901,1.1507328380,5.85079876,Solved
L?AAD?WLF_CsTO,21,5,5.7536641900,0.7536641900,1.1507328380,5.84180404,Solved
L?AAD?oeAgBgaI,20,5,5.7536641900,0.7536641900,1.1507328380,5.84928638,Solved
L?AAD?sXDcBWDo,22,5,5.7536641898,0.7536641898,1.1507328380,5.84583989,Solved
L?AA@aHMBOAoe_,20,5,5.7536568430,0.7536568430,1.1507313686,5.79025728,Solved
L?AAD@OICcB_Eo,18,5,5.7536131224,0.7536131224,1.1507226245,5.76741881,Solved
L?AAD@OICcF_BW,19,5,5.7535942994,0.7535942994,1.1507188599,5.78942613,Solved
L?AAD@OI@gAYJG,19,5,5.7533161523,0.7533161523,1.1506632305,5.79900477,Solved
L?AA@BOT@oDOBw,20,5,5.7532904458,0.7532904458,1.1506580892,5.79720651,Solved
L?AAD?sXCo@WDo,20,5,5.7531728316,0.7531728316,1.1506345663,5.78342332,Solved
L?AAD?sXCo@WFo,21,5,5.7531493614,0.7531493614,1.1506298723,5.78328479,Solved
L?AAD?sXCo@Wk_,20,5,5.7530869077,0.7530869077,1.1506173815,5.78551879,Solved
L?AAD@OIAWUOCq,19,5,5.7530559878,0.7530559878,1.1506111976,5.79169204,Solved
L?AAD@oIaoAoTC,20,5,5.7529778957,0.7529778957,1.1505955791,5.77283122,Solved
L?AAD@OIAWQOEo,18,5,5.7529699599,0.7529699599,1.1505939920,5.78495521,Solved
L?AAD@oIao@oTS,21,5,5.7529578178,0.7529578178,1.1505915636,5.78905692,Solved
L?AAD?oFAo@we_,20,5,5.7529443952,0.7529443952,1.1505888790,5.80843529,Solved
L?AAD@OIAWUOAw,19,5,5.7529177855,0.7529177855,1.1505835571,5.78705440,Solved
L?AAD@Oi@WBGBo,19,5,5.7526806232,0.7526806232,1.1505361246,5.81330204,Solved
L?AA@BOTDOBGao,19,5,5.7526058271,0.7526058271,1.1505211654,5.79802943,Solved
L?AADAoFAgDOAY,20,5,5.7525583546,0.7525583546,1.1505116709,5.79523683,Solved
L?AEB?WU@HFOEo,21,5,5.7525583533,0.7525583533,1.1505116707,5.76676530,Solved
L?AAD@OIAWDoDs,20,5,5.7524985311,0.7524985311,1.1504997062,5.77630872,Solved
L?AAD@oIagAwm?,21,5,5.7524338944,0.7524338944,1.1504867789,5.80796059,Solved
L?AAD@oIagRODo,21,5,5.7524210063,0.7524210063,1.1504842013,5.77721202,Solved
L?AA@aHM@WY?Bp,21,5,5.7524190393,0.7524190393,1.1504838079,5.79914159,Solved
L?AAD@W[?[UORP,22,5,5.7524190375,0.7524190375,1.1504838075,5.79071723,Solved
L?AA@BOmDSM_Jg,23,5,5.7524190343,0.7524190343,1.1504838069,5.84588080,Solved
L?AA@aHM@WY?BP,20,5,5.7524190342,0.7524190342,1.1504838068,5.84867374,Solved
L?ABAaIeB_TGG[,22,5,5.7524190340,0.7524190340,1.1504838068,5.85774718,Solved
L?AE@bGY@g@XJ_,22,5,5.7524190332,0.7524190332,1.1504838066,5.78379778,Solved
L?AA@AWT@[]?ic,22,5,5.7524190329,0.7524190329,1.1504838066,5.83566855,Solved
L?ABA_gaToQSPF,23,5,5.7524190328,0.7524190328,1.1504838066,5.77170379,Solved
L?AAD@oIagBgBw,22,5,5.7524190327,0.7524190327,1.1504838065,5.80633726,Solved
L?AAD?oFFOHKDb,22,5,5.7524190325,0.7524190325,1.1504838065,5.79822137,Solved
L?AA@BOTDoDoic,22,5,5.7524190319,0.7524190319,1.1504838064,5.85212412,Solved
L?AA@AWT@S}?N_,22,5,5.7524190315,0.7524190315,1.1504838063,5.82721261,Solved
L?AA@BOT@TF_m_,22,5,5.7524190312,0.7524190312,1.1504838062,5.84879493,Solved
L?AAD@oRDcAwV?,22,5,5.7524190311,0.7524190311,1.1504838062,5.77688870,Solved
L?AAD?oFAgT@Ay,21,5,5.7524190308,0.7524190308,1.1504838062,5.80818906,Solved
L?AAD@W[?YBWka,22,5,5.7524190307,0.7524190307,1.1504838061,5.78464723,Solved
L?AA@BOTDoTOJg,22,5,5.7524190304,0.7524190304,1.1504838061,5.85318698,Solved
L?AA@BOTDoDoac,21,5,5.7524190303,0.7524190303,1.1504838061,5.85423893,Solved
L?AAD@oI_yIgBw,23,5,5.7524190303,0.7524190303,1.1504838061,5.79153766,Solved
L?AAD?oFBoXCRW,22,5,5.7524190303,0.7524190303,1.1504838061,5.85338656,Solved
L?AA@BOTCoDoic,21,5,5.7524190298,0.7524190298,1.1504838060,5.85198612,Solved
L?AA@AWT@[]?ac,21,5,5.7524190298,0.7524190298,1.1504838060,5.83543447,Solved
L?AA@BOTCoDoac,20,5,5.7524190297,0.7524190297,1.1504838059,5.84219723,Solved
L?ABAaIeB_CgJO,21,5,5.7524190294,0.7524190294,1.1504838059,5.78261316,Solved
L?AA@BOTCo@oic,20,5,5.7524190290,0.7524190290,1.1504838058,5.84845807,Solved
L?AAD?cuF_HKVO,23,5,5.7524190288,0.7524190288,1.1504838058,5.84212099,Solved
L?AAD@oIagAwm_,22,5,5.7524190288,0.7524190288,1.1504838058,5.78489922,Solved
L?AAD?cuBgHKVO,23,5,5.7524190287,0.7524190287,1.1504838057,5.83673309,Solved
L?AAD@oIagAwk_,21,5,5.7524190287,0.7524190287,1.1504838057,5.84655121,Solved
L?AA@BOmDS@[uO,23,5,5.7524190287,0.7524190287,1.1504838057,5.83035916,Solved
L?AAD@Oi@g@oDs,20,5,5.7523773031,0.7523773031,1.1504754606,5.79843942,Solved
L?AAD@OJ@o@wi_,20,5,5.7523672493,0.7523672493,1.1504734499,5.81123577,Solved
L?AAD@OICcB_Dc,18,5,5.7523500755,0.7523500755,1.1504700151,5.76611552,Solved
L?AA@AWT@SYG]?,20,5,5.7523008023,0.7523008023,1.1504601605,5.81578544,Solved
L?AAD@OIAWBOBw,19,5,5.7522782165,0.7522782165,1.1504556433,5.77571590,Solved
L?AAD?oeAg@SF_,19,5,5.7521357500,0.7521357500,1.1504271500,5.79878005,Solved
L?AAD@OI@cAqQQ,19,5,5.7521311487,0.7521311487,1.1504262297,5.79350240,Solved
L?AAD?oeAg@SQW,19,5,5.7520988749,0.7520988749,1.1504197750,5.79398902,Solved
L?AAD@OI@cHgBg,19,5,5.7520945553,0.7520945553,1.1504189111,5.79911562,Solved
L?AAD@OIAWDoca,19,5,5.7520945544,0.7520945544,1.1504189109,5.79070903,Solved
L?AAD@oIaoB_Bw,21,5,5.7520878424,0.7520878424,1.1504175685,5.82015479,Solved
L?AAD@OIAWROCe,19,5,5.7520374621,0.7520374621,1.1504074924,5.77879489,Solved
L?AAD@OIAWFOBw,20,5,5.7520164853,0.7520164853,1.1504032971,5.78606034,Solved
L?AAD@OIAWBOHg,18,5,5.7519623319,0.7519623319,1.1503924664,5.77939650,Solved
L?AAD?oFAo@sM_,20,5,5.7519556531,0.7519556531,1.1503911306,5.80294928,Solved
L?AAD?wLAg@WiA,20,5,5.7519178102,0.7519178102,1.1503835620,5.81470575,Solved
L?AAD?oeAgHKAi,20,5,5.7515496703,0.7515496703,1.1503099341,5.78739569,Solved
L?AEB?We@gBoXK,22,5,5.7515259890,0.7515259890,1.1503051978,5.78775202,Solved
L?AAD@oIawJ_Bw,23,5,5.7515172032,0.7515172032,1.1503034406,5.76717870,Solved
L?AAD@oI_wJ_Bw,22,5,5.7515171967,0.7515171967,1.1503034393,5.79520008,Solved
L?AAD@oIagJ_Bw,22,5,5.7515171967,0.7515171967,1.1503034393,5.79435756,Solved
L?AA@AWT@cHGco,19,5,5.7514893544,0.7514893544,1.1502978709,5.78815032,Solved
L?AAD@OIAWDoKa,19,5,5.7514439884,0.7514439884,1.1502887977,5.79007036,Solved
L?AAD@OJDoBgJ_,21,5,5.7513546586,0.7513546586,1.1502709317,5.78180383,Solved
L?AADAoFAgDOAq,20,5,5.7513531850,0.7513531850,1.1502706370,5.81134776,Solved
L?AAD?oEAgDoAY,19,5,5.7512968440,0.7512968440,1.1502593688,5.77802938,Solved
L?AAD@OI?wFODs,20,5,5.7512173400,0.7512173400,1.1502434680,5.82374966,Solved
L?AAD@OIAWUOCu,20,5,5.7512173386,0.7512173386,1.1502434677,5.79849299,Solved
L?AAD@oIag@[L_,21,5,5.7511918553,0.7511918553,1.1502383711,5.80069550,Solved
L?AAD@oIag@[N_,22,5,5.7511916300,0.7511916300,1.1502383260,5.79303495,Solved
L?AAD@OIAW@sm_,20,5,5.7511882247,0.7511882247,1.1502376449,5.79788877,Solved
L?AA@BOT@oDOuO,20,5,5.7510415947,0.7510415947,1.1502083189,5.80214543,Solved
L?AA@BOT@oDOUO,19,5,5.7510415926,0.7510415926,1.1502083185,5.80180552,Solved
L?AAD@OIAWROHg,19,5,5.7509976380,0.7509976380,1.1501995276,5.78668778,Solved
L?AAD?oFAo@wm_,21,5,5.7509383705,0.7509383705,1.1501876741,5.81381819,Solved
L?AADb_M?[FORO,22,5,5.7508946376,0.7508946376,1.1501789275,5.77972989,Solved
L?AAD?oeAg@wFO,20,5,5.7507518560,0.7507518560,1.1501503712,5.80747724,Solved
L?AAD?wLAgPODo,20,5,5.7506376045,0.7506376045,1.1501275209,5.80813412,Solved
L?AAD@OIAWDoka,20,5,5.7506331997,0.7506331997,1.1501266399,5.79801996,Solved
L?AAD?wLEOIgL_,21,5,5.7505768359,0.7505768359,1.1501153672,5.79575857,Solved
L?AAD@oR?sUOBw,22,5,5.7505446585,0.7505446585,1.1501089317,5.77471422,Solved
L?AAD?wLAQZ?Ha,21,5,5.7505224420,0.7505224420,1.1501044884,5.81254685,Solved
L?AAD?sX?s\?Do,21,5,5.7504820612,0.7504820612,1.1500964122,5.79805616,Solved
L?AAD@Oi@cHHDc,20,5,5.7503917830,0.7503917830,1.1500783566,5.80237592,Solved
L?AAD@Oi@gAwM_,20,5,5.7503861935,0.7503861935,1.1500772387,5.83139484,Solved
L?AAD@OI@cJ_JG,19,5,5.7503475534,0.7503475534,1.1500695107,5.78514867,Solved
L?AA@AOT@wTOeO,20,5,5.7503430642,0.7503430642,1.1500686128,5.80391782,Solved
L?AA@AWTDSF_eO,21,5,5.7503324745,0.7503324745,1.1500664949,5.79626843,Solved
L?AAD@OIAWQPDs,20,5,5.7503276714,0.7503276714,1.1500655343,5.78181955,Solved
L?AAD@OI@gAqJG,19,5,5.7502077519,0.7502077519,1.1500415504,5.77511951,Solved
L?AAD?wX?wQOAs,20,5,5.7502063194,0.7502063194,1.1500412639,5.80294437,Solved
L?AE@aoRAJFO]?,23,5,5.7501656025,0.7501656025,1.1500331205,5.76457157,Solved
L?AAD?oEAgXCL_,19,5,5.7501486510,0.7501486510,1.1500297302,5.76817283,Solved
L?AAD@OICcB_Fo,19,5,5.7501186209,0.7501186209,1.1500237242,5.78046536,Solved
L?AAD@W[@KEoQQ,21,5,5.7499730391,0.7499730391,1.1499946078,5.82121085,Solved
L?AAD@OI@cAY^?,20,5,5.7499188539,0.7499188539,1.1499837708,5.78094100,Solved
L?AAD@OI@gDcDs,20,5,5.7498207259,0.7498207259,1.1499641452,5.78783482,Solved
L?AEB?WU@HEoAq,21,5,5.7497677225,0.7497677225,1.1499535445,5.80270901,Solved
L?AAD?oFEoHgF_,21,5,5.7496930079,0.7496930079,1.1499386016,5.79367587,Solved
L?AAD@OICcL_Bg,19,5,5.7496455952,0.7496455952,1.1499291190,5.77917752,Solved
L?AA@AWT@c@WUO,19,5,5.7495206765,0.7495206765,1.1499041353,5.77461008,Solved
L?AAD?oFAo@sL_,20,5,5.7495205093,0.7495205093,1.1499041019,5.78219980,Solved
L?AA@AWT@[YGac,21,5,5.7494546510,0.7494546510,1.1498909302,5.78438093,Solved
L?AEB?We?{F_XK,23,5,5.7493314321,0.7493314321,1.1498662864,5.76441832,Solved
L?AAD@oIagFOBw,22,5,5.7493314298,0.7493314298,1.1498662860,5.78778592,Solved
L?AAD@oIagBgm?,21,5,5.7492525170,0.7492525170,1.1498505034,5.80929464,Solved
L?AAD@oR?sFOBg,21,5,5.7492051989,0.7492051989,1.1498410398,5.77833608,Solved
L?AAD@oIaW@sM_,21,5,5.7492051947,0.7492051947,1.1498410389,5.78715269,Solved
L?AA@AWT@cXG]?,20,5,5.7491446004,0.7491446004,1.1498289201,5.81338758,Solved
L?AA@AWT@SL_cQ,20,5,5.7491362860,0.7491362860,1.1498272572,5.80237648,Solved
L?AEB?WU@Dbg^?,23,5,5.7490657342,0.7490657342,1.1498131468,5.76048489,Solved
L?AEB?WU@HEoEq,22,5,5.7488733493,0.7488733493,1.1497746699,5.78902823,Solved
L?AA@BOT@o@WeO,19,5,5.7487767388,0.7487767388,1.1497553478,5.79494617,Solved
L?AAD?wLEOHgKa,21,5,5.7487716223,0.7487716223,1.1497543245,5.78587417,Solved
L?AA@AWT@SQH^?,21,5,5.7487544504,0.7487544504,1.1497508901,5.79077913,Solved
L?AAD@OIAWBOJg,19,5,5.7487372518,0.7487372518,1.1497474504,5.77228999,Solved
L?AA@AWT@c@WFO,19,5,5.7486273019,0.7486273019,1.1497254604,5.77890702,Solved
L?AAD?sXCcBWBQ,21,5,5.7485918867,0.7485918867,1.1497183773,5.79118956,Solved
L?AAD?wLEOHgDa,21,5,5.7485853596,0.7485853596,1.1497170719,5.78508349,Solved
L?AAD?oeAg@[UO,20,5,5.7485709833,0.7485709833,1.1497141967,5.79747041,Solved
L?AAD@OICcBoDo,19,5,5.7485380695,0.7485380695,1.1497076139,5.78875838,Solved
L?AAD?oeAg@[VO,21,5,5.7485146289,0.7485146289,1.1497029258,5.79337078,Solved
L?AAD?oEAgAwai,20,5,5.7482214580,0.7482214580,1.1496442916,5.78569454,Solved
L?AAD?wLAWXAk_,21,5,5.7481529142,0.7481529142,1.1496305828,5.79285252,Solved
L?AADbGR@oEck_,22,5,5.7481529103,0.7481529103,1.1496305821,5.75946667,Solved
L?AAD@Oi@gAWF_,19,5,5.7480915551,0.7480915551,1.1496183110,5.79361239,Solved
L?AAD@Oi@gBoDo,20,5,5.7480301082,0.7480301082,1.1496060216,5.81642728,Solved
L?AAD@OIAWROJg,20,5,5.7479918985,0.7479918985,1.1495983797,5.77984988,Solved
L?AAD?sX?sPQy?,21,5,5.7479716713,0.7479716713,1.1495943343,5.80865439,Solved
L?AAD?sX?sTOEs,22,5,5.7479640143,0.7479640143,1.1495928029,5.77710544,Solved
L?AAD@Oi?wDoCs,20,5,5.7478535394,0.7478535394,1.1495707079,5.79093837,Solved
L?AAD@OJBgTCBw,22,5,5.7476998913,0.7476998913,1.1495399783,5.79107674,Solved
L?AAD?sXCsBWN?,22,5,5.7476486281,0.7476486281,1.1495297256,5.78017683,Solved
L?AAD@ce_uF_N?,23,5,5.7476486275,0.7476486275,1.1495297255,5.75743818,Solved
L?AAD?oFBoBoRW,22,5,5.7476229456,0.7476229456,1.1495245891,5.79513304,Solved
L?AADAoFAgDOAy,21,5,5.7475655243,0.7475655243,1.1495131049,5.79261687,Solved
L?AEB?WU@HF_Fo,22,5,5.7475655233,0.7475655233,1.1495131047,5.76308077,Solved
L?AAD@oR?s@sKc,21,5,5.7475633164,0.7475633164,1.1495126633,5.76441020,Solved
L?AAD?wXCsBWFO,22,5,5.7475566607,0.7475566607,1.1495113321,5.75943337,Solved
L?AAD?wXCc@wZ?,21,5,5.7475566575,0.7475566575,1.1495113315,5.77942957,Solved
L?AAD@W[?UuORO,22,5,5.7475173117,0.7475173117,1.1495034623,5.77578006,Solved
L?AAD?oeAgHKai,21,5,5.7474194827,0.7474194827,1.1494838965,5.79919432,Solved
L?AAD@oIao@[RO,21,5,5.7473773415,0.7473773415,1.1494754683,5.80012117,Solved
L?AA@BOT@oDsm_,22,5,5.7473773403,0.7473773403,1.1494754681,5.84985458,Solved
L?AAD?oeAg@LVO,21,5,5.7473773391,0.7473773391,1.1494754678,5.86244187,Solved
L?AA@BOTDoEoic,22,5,5.7473773379,0.7473773379,1.1494754676,5.85320313,Solved
L?AAD?sX?sUOEs,22,5,5.7473773379,0.7473773379,1.1494754676,5.80349182,Solved
L?AAD?sXDcAYEs,23,5,5.7473773376,0.7473773376,1.1494754675,5.84659827,Solved
L?AAD?sXDcAYQJ,23,5,5.7473773376,0.7473773376,1.1494754675,5.83949959,Solved
L?AA@AWT@wYGId,22,5,5.7473773373,0.7473773373,1.1494754675,5.79287480,Solved
L?AAD@oR?\V?i_,22,5,5.7473773372,0.7473773372,1.1494754674,5.79497588,Solved
L?AAD@oRCT@wy?,22,5,5.7473773370,0.7473773370,1.1494754674,5.84207472,Solved
L?AA@BOTCcF_Jg,21,5,5.7473773369,0.7473773369,1.1494754674,5.84830106,Solved
L?AAD?sXDcBWCs,22,5,5.7473773365,0.7473773365,1.1494754673,5.85776597,Solved
L?AAD?sXCSAYk_,21,5,5.7473773364,0.7473773364,1.1494754673,5.85254636,Solved
L?AAD?sX?sUOCs,21,5,5.7473773363,0.7473773363,1.1494754673,5.85980352,Solved
L?AEB?WU@KbW^?,23,5,5.7473773361,0.7473773361,1.1494754672,5.76919457,Solved
L?AAD?sXDcJGCs,22,5,5.7473773359,0.7473773359,1.1494754672,5.82630306,Solved
L?AAD?sX?sV?Es,22,5,5.7473773356,0.7473773356,1.1494754671,5.78467445,Solved
L?AAD@OJDoCsUP,22,5,5.7473773354,0.7473773354,1.1494754671,5.79387058,Solved
L?AA@AOT@wTQJg,22,5,5.7473773353,0.7473773353,1.1494754671,5.83993430,Solved
L?AEB?WU@HeoEq,23,5,5.7473773352,0.7473773352,1.1494754670,5.76586886,Solved
L?AAD?oFEoEoQX,22,5,5.7473773352,0.7473773352,1.1494754670,5.77202424,Solved
L?AAD?sX@sROCs,22,5,5.7473773347,0.7473773347,1.1494754669,5.78740482,Solved
L?AAD?sXCSAYm_,22,5,5.7473773346,0.7473773346,1.1494754669,5.79314493,Solved
L?AAD?oeAg@kaI,20,5,5.7473773345,0.7473773345,1.1494754669,5.84229972,Solved
L?AAD?oeAg@kai,21,5,5.7473773344,0.7473773344,1.1494754669,5.80603437,Solved
L?AAD?WLEoIgHi,22,5,5.7473773342,0.7473773342,1.1494754668,5.78189196,Solved
L?AA@BOT@TUON_,22,5,5.7473773341,0.7473773341,1.1494754668,5.84724066,Solved
L?AAD?oZBgXCRW,23,5,5.7473773341,0.7473773341,1.1494754668,5.84166049,Solved
L?AAD?sXDcAYVO,23,5,5.7473773339,0.7473773339,1.1494754668,5.83074564,Solved
L?AAD?WLBGRPFo,22,5,5.7473773337,0.7473773337,1.1494754667,5.78180495,Solved
L?AAD?sXDcAYRB,23,5,5.7473773337,0.7473773337,1.1494754667,5.84932166,Solved
L?AA@AOTCsF_Ik,21,5,5.7473773337,0.7473773337,1.1494754667,5.84537058,Solved
L?AA@AWT@k]?ic,22,5,5.7473773337,0.7473773337,1.1494754667,5.84203819,Solved
L?AADBOLAiDsJg,24,5,5.7473773336,0.7473773336,1.1494754667,5.76689193,Solved
L?AEB?WU@kBgGl,23,5,5.7473773334,0.7473773334,1.1494754667,5.76522294,Solved
L?AAD@OJFOJGHh,22,5,5.7473773333,0.7473773333,1.1494754667,5.81324354,Solved
L?AAD?sX?sRQFo,23,5,5.7473773333,0.7473773333,1.1494754667,5.76933143,Solved
L?AAD?sXCcbWFo,23,5,5.7473773331,0.7473773331,1.1494754666,5.77600608,Solved
L?ABAaGBe_ecV?,22,5,5.7473773330,0.7473773330,1.1494754666,5.76705383,Solved
L?AADBOL@sIgHg,22,5,5.7473773330,0.7473773330,1.1494754666,5.83490649,Solved
L?AA@BOT@sUOJg,22,5,5.7473773329,0.7473773329,1.1494754666,5.85452500,Solved
L?AAD?sXCcbWDo,22,5,5.7473773328,0.7473773328,1.1494754666,5.84864049,Solved
L?AAD?sX@sQQDo,22,5,5.7473773327,0.7473773327,1.1494754665,5.84452727,Solved
L?AAD?sXDcAYA],23,5,5.7473773327,0.7473773327,1.1494754665,5.83477643,Solved
L?AAD?sXCoAYm_,22,5,5.7473773326,0.7473773326,1.1494754665,5.77250659,Solved
L?AAD?oeAgBgAy,21,5,5.7473773325,0.7473773325,1.1494754665,5.80028745,Solved
L?AA@BOmDSL_Jg,23,5,5.7473773325,0.7473773325,1.1494754665,5.84236656,Solved
L?AAD?sXDcAYy@,23,5,5.7473773324,0.7473773324,1.1494754665,5.83824449,Solved
L?AAD?sXDcAYA{,23,5,5.7473773324,0.7473773324,1.1494754665,5.82434287,Solved
L?AAD?sXDcAYak,23,5,5.7473773323,0.7473773323,1.1494754665,5.84303531,Solved
L?AEB?We?mJ_XC,22,5,5.7473773322,0.7473773322,1.1494754664,5.78544048,Solved
L?AAD?sX?sRAFo,22,5,5.7473773322,0.7473773322,1.1494754664,5.76336818,Solved
L?AAD?sXDcBWEs,23,5,5.7473773322,0.7473773322,1.1494754664,5.77298527,Solved
L?AAD?wLEOHgLa,22,5,5.7473773321,0.7473773321,1.1494754664,5.77004576,Solved
L?AEB?WU@Kbg^?,23,5,5.7473773321,0.7473773321,1.1494754664,5.76777098,Solved
L?AAD?sXDcAYZ@,23,5,5.7473773320,0.7473773320,1.1494754664,5.84127024,Solved
L?AAD?sX?suOEs,23,5,5.7473773319,0.7473773319,1.1494754664,5.79413441,Solved
L?AAD?sX?sQQFo,22,5,5.7473773317,0.7473773317,1.1494754663,5.80375581,Solved
L?AA@_geBGxGCj,22,5,5.7473773317,0.7473773317,1.1494754663,5.76900382,Solved
L?AAD?sXCoAYk_,21,5,5.7473773316,0.7473773316,1.1494754663,5.84417339,Solved
L?AAD?sXDcAYec,23,5,5.7473773315,0.7473773315,1.1494754663,5.84288570,Solved
L?AAD?sXDcAYFo,23,5,5.7473773314,0.7473773314,1.1494754663,5.85301663,Solved
L?AAD?oEAgXCHc,19,5,5.7469936968,0.7469936968,1.1493987394,5.78245058,Solved
L?AAD?oeAgDoDo,20,5,5.7469924337,0.7469924337,1.1493984867,5.78740992,Solved
L?AAD?oEAgEoAy,20,5,5.7469838370,0.7469838370,1.1493967674,5.78197820,Solved
L?AAD@OICcB_Ds,19,5,5.7469703899,0.7469703899,1.1493940780,5.76770012,Solved
L?AAD@OIAWQQM_,19,5,5.7468807368,0.7468807368,1.1493761474,5.78057586,Solved
L?AAD@OI@cJGHg,19,5,5.7468449459,0.7468449459,1.1493689892,5.79280338,Solved
L?AAD?wTDSBgAs,22,5,5.7468413293,0.7468413293,1.1493682659,5.78342688,Solved
L?AAD@OICcM_AY,19,5,5.7468407246,0.7468407246,1.1493681449,5.77868709,Solved
L?AA@BOT?sDOco,19,5,5.7468232295,0.7468232295,1.1493646459,5.77575559,Solved
L?AAD@OJ@o@[i_,20,5,5.7467151801,0.7467151801,1.1493430360,5.79161089,Solved
L?AAD?oeAWBWFO,20,5,5.7466349596,0.7466349596,1.1493269919,5.79074681,Solved
L?AADbGR@cF_LG,22,5,5.7466243545,0.7466243545,1.1493248709,5.75980334,Solved
L?AAD@OICcJGHI,19,5,5.7465075322,0.7465075322,1.1493015064,5.78150860,Solved
L?AAD@OI@cBoDc,19,5,5.7465064553,0.7465064553,1.1493012911,5.79061553,Solved
L?AAD@oI_w@[SS,21,5,5.7465015279,0.7465015279,1.1493003056,5.78448759,Solved
L?AAD@OI?wUOFo,20,5,5.7464044195,0.7464044195,1.1492808839,5.80457897,Solved
L?AAD@OI?wDcDs,20,5,5.7462936955,0.7462936955,1.1492587391,5.80623618,Solved
L?AAD?oFBo@kL_,21,5,5.7461992654,0.7461992654,1.1492398531,5.82259852,Solved
L?AAD@OICcB_Aw,18,5,5.7461238073,0.7461238073,1.1492247615,5.76786553,Solved
L?AAD@oIag@[^?,22,5,5.7461003743,0.7461003743,1.1492200749,5.79682629,Solved
L?AAD@OI@g@kDs,20,5,5.7460695128,0.7460695128,1.1492139026,5.77540270,Solved
L?AAD@oI_w@[TS,22,5,5.7460447081,0.7460447081,1.1492089416,5.78261170,Solved
L?AAD?wT?]TON?,22,5,5.7460274482,0.7460274482,1.1492054896,5.78219004,Solved
L?AAD?sXCcBIFo,22,5,5.7459573843,0.7459573843,1.1491914769,5.76715590,Solved
L?AAD@OICcJ_Ds,20,5,5.7459432100,0.7459432100,1.1491886420,5.77806864,Solved
L?AAD@OI@g@Wc_,17,5,5.7458445943,0.7458445943,1.1491689189,5.75689794,Solved
L?AAD@OI@g@Wk_,18,5,5.7457623632,0.7457623632,1.1491524726,5.78297030,Solved
L?AAD?wLAg@Wia,21,5,5.7456377820,0.7456377820,1.1491275564,5.80345844,Solved
L?AAD@OI?wEoDc,19,5,5.7455800199,0.7455800199,1.1491160040,5.77775766,Solved
L?AAD?oEAWDoBg,19,5,5.7455800137,0.7455800137,1.1491160027,5.79043165,Solved
L?AA@AWT@SJGN?,20,5,5.7455510732,0.7455510732,1.1491102146,5.80042633,Solved
L?AAD@OIAWEPCu,20,5,5.7455440894,0.7455440894,1.1491088179,5.78283851,Solved
L?AAD@OIAWFOce,20,5,5.7454125121,0.7454125121,1.1490825024,5.78161939,Solved
L?AEB?We@HF_FO,21,5,5.7453673704,0.7453673704,1.1490734741,5.76074024,Solved
L?AAD@OI?sM_Aw,19,5,5.7453295398,0.7453295398,1.1490659080,5.81226607,Solved
L?AAD@Oi?wDoDs,21,5,5.7450990442,0.7450990442,1.1490198088,5.80662837,Solved
L?AE@b_F?ZN?qO,23,5,5.7450911714,0.7450911714,1.1490182343,5.77417282,Solved
L?AA@AWT@wYGic,22,5,5.7450110541,0.7450110541,1.1490022108,5.77296005,Solved
L?AAD@oI_wM_Bg,21,5,5.7448797886,0.7448797886,1.1489759577,5.81459844,Solved
L?AAD@OI@cHHDd,20,5,5.7448683241,0.7448683241,1.1489736648,5.78656004,Solved
L?AAD?oeAgPTVO,22,5,5.7448551127,0.7448551127,1.1489710225,5.78912818,Solved
L?AA@AOTFOBge_,20,5,5.7448192274,0.7448192274,1.1489638455,5.77063947,Solved
L?AAD@OIDcAYRB,21,5,5.7448095872,0.7448095872,1.1489619174,5.78103114,Solved
L?AAD@oIaWROBg,21,5,5.7447377364,0.7447377364,1.1489475473,5.77158853,Solved
L?AAD@OI?wUOBX,20,5,5.7447356586,0.7447356586,1.1489471317,5.79408651,Solved
L?AAD@OJDoCsVO,22,5,5.7446918000,0.7446918000,1.1489383600,5.77383938,Solved
L?AEB?WU@HFOEq,22,5,5.7446779666,0.7446779666,1.1489355933,5.75805300,Solved
L?AEB?WU@HFOCq,21,5,5.7446779649,0.7446779649,1.1489355930,5.77658162,Solved
L?AAD@OI@g@We_,18,5,5.7446306712,0.7446306712,1.1489261342,5.78326461,Solved
L?AA@BOTDOBGas,20,5,5.7446231981,0.7446231981,1.1489246396,5.79918903,Solved
L?AAD@oI_w@{TS,23,5,5.7446206424,0.7446206424,1.1489241285,5.76816550,Solved
L?AAD?oEAWEoqG,19,5,5.7445899597,0.7445899597,1.1489179919,5.79114195,Solved
L?AAD@OI?wCsCs,19,5,5.7445668428,0.7445668428,1.1489133686,5.79288092,Solved
L?AEB?WU@g@wGk,21,5,5.7445578824,0.7445578824,1.1489115765,5.78780571,Solved
L?AAD?oEAgDoAy,20,5,5.7444288719,0.7444288719,1.1488857744,5.78357177,Solved
L?AAD@Oi@gAWe_,19,5,5.7444164596,0.7444164596,1.1488832919,5.77134624,Solved
L?AEB?WU@LBgN?,22,5,5.7443627348,0.7443627348,1.1488725470,5.75796644,Solved
L?AAD?oeAg@oEo,19,5,5.7443589507,0.7443589507,1.1488717901,5.77425421,Solved
L?AA@BOT@oDOA[,19,5,5.7443556610,0.7443556610,1.1488711322,5.78806161,Solved
L?AAD@oIagF_AY,21,5,5.7443350250,0.7443350250,1.1488670050,5.78683233,Solved
L?AAD@Oi@cBoDc,20,5,5.7443034377,0.7443034377,1.1488606875,5.79070218,Solved
L?AAD?oeAw@kag,21,5,5.7442724335,0.7442724335,1.1488544867,5.77996310,Solved
L?AAD@Oi@cHHDd,21,5,5.7441825978,0.7441825978,1.1488365196,5.79907883,Solved
L?AAD@OI@g@Wm_,19,5,5.7440291240,0.7440291240,1.1488058248,5.80279299,Solved
L?AAD?oFAoTOEo,20,5,5.7440275815,0.7440275815,1.1488055163,5.77698269,Solved
L?AAD@OI?wROFo,20,5,5.7440275780,0.7440275780,1.1488055156,5.79315820,Solved
L?AAD?oFAoROFo,21,5,5.7440275776,0.7440275776,1.1488055155,5.78150872,Solved
L?AAD?oEAWDoBw,20,5,5.7440275769,0.7440275769,1.1488055154,5.79883966,Solved
L?AAD?oEAWEoqH,20,5,5.7440275761,0.7440275761,1.1488055152,5.79895950,Solved
L?AAD@OI?wEoDs,20,5,5.7440275742,0.7440275742,1.1488055148,5.79252093,Solved
L?AAD@OIAWBoBg,19,5,5.7439719658,0.7439719658,1.1487943932,5.78400883,Solved
L?AAD?oeAg@SRG,19,5,5.7439497610,0.7439497610,1.1487899522,5.79233364,Solved
L?AA@BOT@oTOaS,20,5,5.7437485246,0.7437485246,1.1487497049,5.80199104,Solved
L?AA@AWT@SN?sQ,21,5,5.7436919210,0.7436919210,1.1487383842,5.80905352,Solved
L?AAD?oE@WHcCq,19,5,5.7436830849,0.7436830849,1.1487366170,5.78670668,Solved
L?AAD?oEAgBwai,21,5,5.7436528444,0.7436528444,1.1487305689,5.78297439,Solved
L?AAD@oIagBgk_,21,5,5.7436218374,0.7436218374,1.1487243675,5.79964188,Solved
L?AAD?oEAWEoAw,19,5,5.7435498874,0.7435498874,1.1487099775,5.79346569,Solved
L?AEB?WU@Dn_FQ,24,5,5.7434911174,0.7434911174,1.1486982235,5.75574836,Solved
L?AAD@oIagF_Ay,22,5,5.7434108663,0.7434108663,1.1486821733,5.80138870,Solved
L?AAD?oEAWEoBw,20,5,5.7434017201,0.7434017201,1.1486803440,5.80270590,Solved
L?AAD?oFAoTODo,20,5,5.7433124172,0.7433124172,1.1486624834,5.80819469,Solved
L?AAD?oFAoTOFo,21,5,5.7432449276,0.7432449276,1.1486489855,5.78974160,Solved
L?AAD?oFAoAwm_,21,5,5.7432449256,0.7432449256,1.1486489851,5.80410318,Solved
L?AAD@OI?wFoDs,21,5,5.7432449248,0.7432449248,1.1486489850,5.79619880,Solved
L?AAD?oEAWFoBw,21,5,5.7432449248,0.7432449248,1.1486489850,5.79611619,Solved
L?AA@AWT@cHGZ?,19,5,5.7431516367,0.7431516367,1.1486303273,5.76297128,Solved
L?AA@AWT@cHG{?,19,5,5.7431511717,0.7431511717,1.1486302343,5.78441817,Solved
L?AAD?oeAg@SRW,20,5,5.7430641123,0.7430641123,1.1486128225,5.79120407,Solved
L?ABAaIeB_F_Ba,22,5,5.7430305905,0.7430305905,1.1486061181,5.77589488,Solved
L?AAD@oR?s@[Kc,21,5,5.7430121935,0.7430121935,1.1486024387,5.78284355,Solved
L?AAD@oR?s@[kc,22,5,5.7430115169,0.7430115169,1.1486023034,5.78559258,Solved
L?AAD?wT?{]?ic,23,5,5.7429330822,0.7429330822,1.1485866164,5.77993101,Solved
L?AAD?oFFOAwRO,21,5,5.7428748669,0.7428748669,1.1485749734,5.80920659,Solved
L?AADbGR@cF_Lg,23,5,5.7428588180,0.7428588180,1.1485717636,5.76217653,Solved
L?AADbGR@cF_Hg,22,5,5.7428588150,0.7428588150,1.1485717630,5.78584659,Solved
L?AA@BOT@c@We_,19,5,5.7428353410,0.7428353410,1.1485670682,5.76619616,Solved
L?AAD?oFBoHKEo,21,5,5.7427877691,0.7427877691,1.1485575538,5.76559772,Solved
L?AAD@OI@cHgHg,19,5,5.7427709566,0.7427709566,1.1485541913,5.77374556,Solved
L?AAD?oeAg@wDo,20,5,5.7427576383,0.7427576383,1.1485515277,5.76879463,Solved
L?AAD?oEAgEoqH,20,5,5.7427576383,0.7427576383,1.1485515277,5.78474489,Solved
L?AAD?oeAg@wFo,21,5,5.7427576371,0.7427576371,1.1485515274,5.77554438,Solved
L?AAD@OI@gUOBX,20,5,5.7427576360,0.7427576360,1.1485515272,5.77412482,Solved
L?AAD?oeAg@oFo,20,5,5.7427576358,0.7427576358,1.1485515272,5.78812401,Solved
L?AAD@OIAWRODo,19,5,5.7427429685,0.7427429685,1.1485485937,5.76574390,Solved
L?AE@aoQQWL_Hc,22,5,5.7427004131,0.7427004131,1.1485400826,5.78173068,Solved
L?AAD@OIAWQQm_,20,5,5.7425745736,0.7425745736,1.1485149147,5.77290251,Solved
L?AAD?oFAgT@Fo,21,5,5.7424875133,0.7424875133,1.1484975027,5.80363033,Solved
L?AAF@cE_mV?ag,23,5,5.7424228725,0.7424228725,1.1484845745,5.76022107,Solved
L?AAD?oeBGAwEQ,20,5,5.7424205615,0.7424205615,1.1484841123,5.76459417,Solved
L?AA@AWT@wYGJ`,22,5,5.7422244868,0.7422244868,1.1484448974,5.80307196,Solved
L?AAD@OIAWROce,20,5,5.7421908480,0.7421908480,1.1484381696,5.76844133,Solved
L?AA@BOT@oDOA{,20,5,5.7421463984,0.7421463984,1.1484292797,5.79920898,Solved
L?AA@AWT@c@WV?,19,5,5.7421013550,0.7421013550,1.1484202710,5.77209490,Solved
L?AAD@OIAWFOJg,20,5,5.7420782146,0.7420782146,1.1484156429,5.79177566,Solved
L?AAD?sXCSBWk_,21,5,5.7420454658,0.7420454658,1.1484090932,5.78027050,Solved
L?AAD@OIAWUOEo,19,5,5.7420267271,0.7420267271,1.1484053454,5.76800796,Solved
L?AE@aoQQWEo\?,22,5,5.7419946281,0.7419946281,1.1483989256,5.75581704,Solved
L?AADbGR@oEogc,22,5,5.7419822688,0.7419822688,1.1483964538,5.76727523,Solved
L?AAD?sXCSBWm_,22,5,5.7419822673,0.7419822673,1.1483964535,5.77368887,Solved
L?AADbGR@oEokc,23,5,5.7419822656,0.7419822656,1.1483964531,5.75321041,Solved
L?AAD?oEBWBWRW,21,5,5.7419746216,0.7419746216,1.1483949243,5.77459686,Solved
L?AAD@oIao@oCT,20,5,5.7417888255,0.7417888255,1.1483577651,5.77753741,Solved
L?AAD@Oi@gAwN_,21,5,5.7417626961,0.7417626961,1.1483525392,5.80617366,Solved
L?AAD@Oi@gAWN_,20,5,5.7417626931,0.7417626931,1.1483525386,5.79313569,Solved
L?AAD@OIAWQRm_,21,5,5.7417399253,0.7417399253,1.1483479851,5.76617074,Solved
L?AAF@cM?sBgm_,23,5,5.7417340609,0.7417340609,1.1483468122,5.75271548,Solved
L?AAD@OI@gROBW,19,5,5.7417067659,0.7417067659,1.1483413532,5.76680169,Solved
L?AAD?oeAg@sFO,20,5,5.7416783798,0.7416783798,1.1483356760,5.77734513,Solved
L?AAD?sXCcROFo,22,5,5.7416691163,0.7416691163,1.1483338233,5.78971421,Solved
L?AAD?sXCsROFo,23,5,5.7416691126,0.7416691126,1.1483338225,5.75471732,Solved
L?AAD@W[?YAwka,22,5,5.7416691119,0.7416691119,1.1483338224,5.77093289,Solved
L?AEB?WU@Hf_Eq,23,5,5.7415674007,0.7415674007,1.1483134801,5.75388923,Solved
L?AAD@OICcJ_Bo,19,5,5.7415645046,0.7415645046,1.1483129009,5.76608230,Solved
L?AAD@OI?wCsDs,20,5,5.7415571443,0.7415571443,1.1483114289,5.80116248,Solved
L?AA@BOT@cPWe_,20,5,5.7414725234,0.7414725234,1.1482945047,5.78330620,Solved
L?AA@BOT@cROas,21,5,5.7413236207,0.7413236207,1.1482647241,5.78045949,Solved
L?AAD@oIaW@[^?,22,5,5.7413230282,0.7413230282,1.1482646056,5.78670461,Solved
L?AA@qo[AW@sm_,23,5,5.7413015969,0.7413015969,1.1482603194,5.75334532,Solved
L?AAD@OI?sB_cc,18,5,5.7412998470,0.7412998470,1.1482599694,5.75514836,Solved
L?AADb_M?s@s^?,23,5,5.7412659889,0.7412659889,1.1482531978,5.81898420,Solved
L?AAD@OIAwDoCs,20,5,5.7412153846,0.7412153846,1.1482430769,5.78076083,Solved
L?AA@AWT@cHGAs,19,5,5.7412013609,0.7412013609,1.1482402722,5.76025729,Solved
L?AADBOX?wBOcc,20,5,5.7411988345,0.7411988345,1.1482397669,5.76579864,Solved
L?AAD@W[@K@wQQ,21,5,5.7411984913,0.7411984913,1.1482396983,5.78769649,Solved
L?AA@BOTDOBGBo,19,5,5.7411389888,0.7411389888,1.1482277978,5.76942778,Solved
L?AAD?wX?wQOES,20,5,5.7411364775,0.7411364775,1.1482272955,5.78781173,Solved
L?AAD@OIAWFODs,20,5,5.7410761901,0.7410761901,1.1482152380,5.76791408,Solved
L?AAD@Oi@g@sDc,20,5,5.7410704824,0.7410704824,1.1482140965,5.78333610,Solved
L?AAD?wX?sIgCs,21,5,5.7409881865,0.7409881865,1.1481976373,5.80172598,Solved
L?AAD?wXCc@wJ_,21,5,5.7409440440,0.7409440440,1.1481888088,5.77029192,Solved
L?AAD@OIAwFODs,21,5,5.7409103676,0.7409103676,1.1481820735,5.78614607,Solved
L?AAD?WLFOIgHg,21,5,5.7408985366,0.7408985366,1.1481797073,5.75866585,Solved
L?AADBOX@cDoBg,21,5,5.7408729884,0.7408729884,1.1481745977,5.77897791,Solved
L?AAF@cE_yV?e_,23,5,5.7408247259,0.7408247259,1.1481649452,5.75401460,Solved
L?AAD?oEBWAwRW,21,5,5.7407592136,0.7407592136,1.1481518427,5.77309750,Solved
L?AAD?WLB_@oHg,19,5,5.7407429345,0.7407429345,1.1481485869,5.76343808,Solved
L?AAD@OICcB_Bw,19,5,5.7406914974,0.7406914974,1.1481382995,5.77641566,Solved
L?AAD@OI@cJGJG,19,5,5.7406210165,0.7406210165,1.1481242033,5.77477014,Solved
L?ABA_gaQWQDu?,21,5,5.7406092627,0.7406092627,1.1481218525,5.77123882,Solved
L?AA@AWT@cHGEo,19,5,5.7405668575,0.7405668575,1.1481133715,5.78155195,Solved
L?AAD?wX?wQOEs,21,5,5.7404015169,0.7404015169,1.1480803034,5.78851228,Solved
L?AAD?sXCoBWFO,21,5,5.7403952268,0.7403952268,1.1480790454,5.77814504,Solved
L?AAD@OJ@oAwiG,20,5,5.7403791393,0.7403791393,1.1480758279,5.78159707,Solved
L?AADBOX@KBOac,20,5,5.7403456987,0.7403456987,1.1480691397,5.77602730,Solved
L?AAF@cE_mV?e_,23,5,5.7403334304,0.7403334304,1.1480666861,5.77553060,Solved
L?AADbGR@cL_Hg,22,5,5.7403258476,0.7403258476,1.1480651695,5.78219751,Solved
L?AE@`HBf_N?Kg,23,5,5.7403188298,0.7403188298,1.1480637660,5.75745962,Solved
L?AAD?wLAW@WkA,20,5,5.7402636432,0.7402636432,1.1480527286,5.77389453,Solved
L?AAD?oEAqEoBw,21,5,5.7401855436,0.7401855436,1.1480371087,5.77000731,Solved
L?AAF@cE_yV?m?,23,5,5.7401306373,0.7401306373,1.1480261275,5.75061164,Solved
L?AAD?wX?wROES,21,5,5.7400577842,0.7400577842,1.1480115568,5.75982554,Solved
L?AAD@oIagAwu?,21,5,5.7400429176,0.7400429176,1.1480085835,5.77181091,Solved
L?AAD@oIaoAoSS,20,5,5.7399736029,0.7399736029,1.1479947206,5.76631333,Solved
L?AAD@oIao@oSP,20,5,5.7399474866,0.7399474866,1.1479894973,5.79305228,Solved
L?AEB?We@HF_M_,21,5,5.7399474856,0.7399474856,1.1479894971,5.76014244,Solved
L?AA@AWT@[ROsO,21,5,5.7399009240,0.7399009240,1.1479801848,5.78120768,Solved
L?AAD@OI@cBoCs,19,5,5.7398426765,0.7398426765,1.1479685353,5.77753817,Solved
L?AAD@oIaWFOAw,21,5,5.7398356139,0.7398356139,1.1479671228,5.78456374,Solved
L?AAD@oR?sFOAw,21,5,5.7398356112,0.7398356112,1.1479671222,5.78400643,Solved
L?AAD@cHcoA[i_,21,5,5.7398023049,0.7398023049,1.1479604610,5.78864020,Solved
L?AAD@OIAWQOFo,19,5,5.7397964085,0.7397964085,1.1479592817,5.75936626,Solved
L?AAD@OIAWUOBw,20,5,5.7397680101,0.7397680101,1.1479536020,5.77241575,Solved
L?AAD@OJ@cHgHg,20,5,5.7397575356,0.7397575356,1.1479515071,5.78471202,Solved
L?AADaoR@sN?Bw,24,5,5.7397342860,0.7397342860,1.1479468572,5.75742763,Solved
L?AAD?wX?wROEs,22,5,5.7396612736,0.7396612736,1.1479322547,5.76260791,Solved
L?AAD@OICcF_AY,19,5,5.7396229484,0.7396229484,1.1479245897,5.76002460,Solved
L?AAD?oeAg@SDo,19,5,5.7395729402,0.7395729402,1.1479145880,5.77262220,Solved
L?AAD@oIagFOAY,21,5,5.7395252022,0.7395252022,1.1479050404,5.78334641,Solved
L?AEB?We@gDoHK,21,5,5.7395181287,0.7395181287,1.1479036257,5.77830862,Solved
L?AA@AWT@SYG^?,21,5,5.7394968195,0.7394968195,1.1478993639,5.79781935,Solved
L?AAD?oEAq@[N_,21,5,5.7394341863,0.7394341863,1.1478868373,5.76213996,Solved
L?AAD@OI@cJ_AY,19,5,5.7393742515,0.7393742515,1.1478748503,5.77904687,Solved
L?AAD@OIAWCsca,19,5,5.7393742497,0.7393742497,1.1478748499,5.77945062,Solved
L?AA@AWT@cHG^?,20,5,5.7393624120,0.7393624120,1.1478724824,5.79384619,Solved
L?AAD@oRBo@wm_,23,5,5.7392938518,0.7392938518,1.1478587704,5.76528036,Solved
L?AAD@W[?]UORP,23,5,5.7392938443,0.7392938443,1.1478587689,5.77327400,Solved
L?AAD@oIao@[TC,21,5,5.7392376813,0.7392376813,1.1478475363,5.78004386,Solved
L?AAD@OIAWCsCe,19,5,5.7392336271,0.7392336271,1.1478467254,5.78537509,Solved
L?AAD@OI?wROBw,20,5,5.7391884380,0.7391884380,1.1478376876,5.77779287,Solved
L?AA@AWT@SF_uO,21,5,5.7391580728,0.7391580728,1.1478316146,5.79488409,Solved
L?AAD?WLB_@wHg,20,5,5.7391552597,0.7391552597,1.1478310519,5.77715159,Solved
L?AAD@OI@cAqN_,20,5,5.7391520434,0.7391520434,1.1478304087,5.79092469,Solved
L?AAD@OJEoJgHi,23,5,5.7391517799,0.7391517799,1.1478303560,5.78358170,Solved
L?AAD@OI@cBoBQ,19,5,5.7391312790,0.7391312790,1.1478262558,5.79904731,Solved
L?AAD@OI@cJ_Aw,19,5,5.7391022304,0.7391022304,1.1478204461,5.78371444,Solved
L?AAD?oFBgFOAy,22,5,5.7390805316,0.7390805316,1.1478161063,5.79961057,Solved
L?AAD@OI@cJ_Hg,19,5,5.7390607764,0.7390607764,1.1478121553,5.78032076,Solved
L?AA@AWT@c]?aS,20,5,5.7389496752,0.7389496752,1.1477899350,5.80361307,Solved
L?AAD@OIAWBoca,19,5,5.7389049920,0.7389049920,1.1477809984,5.75990739,Solved
L?ABAaIeB_F_Bq,23,5,5.7388867886,0.7388867886,1.1477773577,5.76181666,Solved
L?AAF@cEcsV?Fo,24,5,5.7388867859,0.7388867859,1.1477773572,5.75284580,Solved
L?AAD@W[?w@we_,21,5,5.7388498991,0.7388498991,1.1477699798,5.79931604,Solved
L?AAD@OICcBGJ_,18,5,5.7388211802,0.7388211802,1.1477642360,5.76023858,Solved
L?AAD@OJDcHgJ_,21,5,5.7387791948,0.7387791948,1.1477558390,5.77813492,Solved
L?AAD?oeAgHgHc,20,5,5.7387520142,0.7387520142,1.1477504028,5.78556810,Solved
L?AEB?WU@gBWGk,21,5,5.7386954734,0.7386954734,1.1477390947,5.77493732,Solved
L?AAD@oIagAwAw,21,5,5.7386469958,0.7386469958,1.1477293992,5.80020131,Solved
L?AAD@OI?wUOBw,20,5,5.7386237060,0.7386237060,1.1477247412,5.80128338,Solved
L?AAD@oIao@oST,21,5,5.7386188521,0.7386188521,1.1477237704,5.79422013,Solved
L?AEB?We@HFoN_,23,5,5.7386188513,0.7386188513,1.1477237703,5.74774552,Solved
L?AEB?We@HEoN_,22,5,5.7386188505,0.7386188505,1.1477237701,5.76590198,Solved
L?AEB?We@HEoM_,21,5,5.7386188499,0.7386188499,1.1477237700,5.79215125,Solved
L?AEB?We@HEoJ_,21,5,5.7386188495,0.7386188495,1.1477237699,5.74914415,Solved
L?AEB?We@HEoN?,21,5,5.7386188481,0.7386188481,1.1477237696,5.78547044,Solved
L?AEB?We@HF_N_,22,5,5.7386188477,0.7386188477,1.1477237695,5.76716710,Solved
L?AEB?We@HFON_,22,5,5.7386188477,0.7386188477,1.1477237695,5.76232889,Solved
L?AADbGR@SDocc,22,5,5.7385799360,0.7385799360,1.1477159872,5.75621581,Solved
L?ABAaGBaoCM[G,21,5,5.7385643852,0.7385643852,1.1477128770,5.77267952,Solved
L?AAD@OIAWCsDs,20,5,5.7384759224,0.7384759224,1.1476951845,5.77378271,Solved
L?AA@BOT@oTOqO,20,5,5.7384635245,0.7384635245,1.1476927049,5.78028040,Solved
L?AAD@oRDcAw]?,22,5,5.7383744305,0.7383744305,1.1476748861,5.76574698,Solved
L?AAF@cEcsF_FO,23,5,5.7383744238,0.7383744238,1.1476748848,5.75176118,Solved
L?AAD@oR?sROFO,21,5,5.7383704605,0.7383704605,1.1476740921,5.77454407,Solved
L?AAD@OJ@o@ki_,20,5,5.7383322128,0.7383322128,1.1476664426,5.82375810,Solved
L?AAD?oFAoDoBg,20,5,5.7383180934,0.7383180934,1.1476636187,5.78561222,Solved
L?AA@AWT@cHGeo,20,5,5.7383180901,0.7383180901,1.1476636180,5.78768043,Solved
L?AAD@oIagBWAw,21,5,5.7382853895,0.7382853895,1.1476570779,5.77956133,Solved
L?AADbGX@cAsy?,22,5,5.7382628597,0.7382628597,1.1476525719,5.80225195,Solved
L?AAD@OICcJ_AY,19,5,5.7381833726,0.7381833726,1.1476366745,5.76561085,Solved
L?AA@AOTDoBgeo,21,5,5.7381417980,0.7381417980,1.1476283596,5.78866632,Solved
L?AAD?oFBoBWRW,22,5,5.7381006991,0.7381006991,1.1476201398,5.76629373,Solved
L?AA@?Wu@wUORP,22,5,5.7380765131,0.7380765131,1.1476153026,5.77829894,Solved
L?AEB?WU@HFoEq,23,5,5.7379932128,0.7379932128,1.1475986426,5.75410305,Solved
L?AEB?WU@HM_Fo,22,5,5.7379932104,0.7379932104,1.1475986421,5.77405581,Solved
L?AAD?wX?sAwy?,21,5,5.7379590341,0.7379590341,1.1475918068,5.81264592,Solved
L?AAD@oIagBoBg,21,5,5.7379451326,0.7379451326,1.1475890265,5.79506264,Solved
L?AAD@OIAWCsKa,19,5,5.7379257970,0.7379257970,1.1475851594,5.76210572,Solved
L?AAD@OI@g@[k_,19,5,5.7378274131,0.7378274131,1.1475654826,5.77530963,Solved
L?AAD?oFBo@wm_,22,5,5.7378137120,0.7378137120,1.1475627424,5.80360821,Solved
L?AAD?oEAq@{N_,22,5,5.7377942544,0.7377942544,1.1475588509,5.76653551,Solved
L?AEB?We@HF_Fo,22,5,5.7377820962,0.7377820962,1.1475564192,5.75415556,Solved
L?AAD?wLAgPOFo,21,5,5.7377668795,0.7377668795,1.1475533759,5.78480443,Solved
L?AAD@OIAWDoCq,19,5,5.7377529080,0.7377529080,1.1475505816,5.75931124,Solved
L?AEB?WU@g@wHg,21,5,5.7376762154,0.7376762154,1.1475352431,5.79263414,Solved
L?AAD@OI@g@[Dc,19,5,5.7375161879,0.7375161879,1.1475032376,5.77561655,Solved
L?AAD@oR?sN?Bg,21,5,5.7374995442,0.7374995442,1.1474999088,5.79678982,Solved
L?AAD@OICcHgBg,19,5,5.7374674559,0.7374674559,1.1474934912,5.76443142,Solved
L?AAD@OI@g@[Ds,20,5,5.7374393250,0.7374393250,1.1474878650,5.78102836,Solved
L?AAD?WLB_@wk_,20,5,5.7373657574,0.7373657574,1.1474731515,5.79303019,Solved
L?AAD@Oi@WBODo,19,5,5.7373634383,0.7373634383,1.1474726877,5.81927648,Solved
L?AAD?oEAwDoBw,21,5,5.7373245178,0.7373245178,1.1474649036,5.78191673,Solved
L?AAD?oFAwDoBw,22,5,5.7373245135,0.7373245135,1.1474649027,5.77294281,Solved
L?AAD?oFBoROFo,22,5,5.7373245125,0.7373245125,1.1474649025,5.77334278,Solved
L?AAD@oI_wM_Ax,22,5,5.7373245103,0.7373245103,1.1474649021,5.78850125,Solved
L?AAD?oFAoDoBw,21,5,5.7373245100,0.7373245100,1.1474649020,5.78963785,Solved
L?AEB?WU@LF_Do,22,5,5.7373231664,0.7373231664,1.1474646333,5.78100885,Solved
L?AEB?WU@gBgHk,22,5,5.7372945488,0.7372945488,1.1474589098,5.77434903,Solved
L?AAD@OIAwDoDs,21,5,5.7372575634,0.7372575634,1.1474515127,5.77597863,Solved
L?AAD@oIag@k^?,22,5,5.7372440296,0.7372440296,1.1474488059,5.78921693,Solved
L?AAD@OI@g@wDs,20,5,5.7372146204,0.7372146204,1.1474429241,5.78790302,Solved
L?AAD?oFAgFoAy,22,5,5.7371920762,0.7371920762,1.1474384152,5.79848904,Solved
L?AAD@oIagFOAy,22,5,5.7371161299,0.7371161299,1.1474232260,5.79605810,Solved
L?ABAaGBaoMCG],22,5,5.7371161296,0.7371161296,1.1474232259,5.77564460,Solved
L?AEB?We@gBoHk,22,5,5.7371161290,0.7371161290,1.1474232258,5.79317484,Solved
L?AAD@OICcJ_HI,19,5,5.7371041551,0.7371041551,1.1474208310,5.75928085,Solved
L?AAD?W{DcHgBs,23,5,5.7370996235,0.7370996235,1.1474199247,5.77120987,Solved
L?AADbGR@oUOLg,23,5,5.7369938566,0.7369938566,1.1473987713,5.75201186,Solved
L?AAD@OIAWDoCe,19,5,5.7369012988,0.7369012988,1.1473802598,5.75452957,Solved
L?AA@AWTDSN?sO,21,5,5.7368666980,0.7368666980,1.1473733396,5.79480564,Solved
L?AB?qQUAWCg{?,21,5,5.7368035256,0.7368035256,1.1473607051,5.79620508,Solved
L?AAD@OIAWBoKa,19,5,5.7367383668,0.7367383668,1.1473476734,5.75990623,Solved
L?AA@aHMBOAoBo,20,5,5.7366414220,0.7366414220,1.1473282844,5.76076743,Solved
L?AAD@oIaW@s\?,21,5,5.7366243077,0.7366243077,1.1473248615,5.79000821,Solved
L?AAD?wX?sM_Cs,21,5,5.7366055411,0.7366055411,1.1473211082,5.82139381,Solved
L?AAD@oIag@[Fo,22,5,5.7365840733,0.7365840733,1.1473168147,5.78252663,Solved
L?AAD@OICcJ_Bg,19,5,5.7364940878,0.7364940878,1.1472988176,5.75358503,Solved
L?AAD?oEAgEoaJ,20,5,5.7363351137,0.7363351137,1.1472670227,5.76834554,Solved
L?AAD?oEAw@[N_,21,5,5.7363140507,0.7363140507,1.1472628101,5.78786168,Solved
L?AAD?oFAo@[N_,21,5,5.7363140499,0.7363140499,1.1472628100,5.78537860,Solved
L?AAD?oFAwTOFo,22,5,5.7363140485,0.7363140485,1.1472628097,5.77411373,Solved
L?AAD?oFAwTODo,21,5,5.7363140475,0.7363140475,1.1472628095,5.78519176,Solved
L?AAD?WLBWUODo,21,5,5.7362331801,0.7362331801,1.1472466360,5.75876011,Solved
L?AA@AOTCsF_uO,21,5,5.7361799195,0.7361799195,1.1472359839,5.77659419,Solved
L?AA@AWT@wXGe_,21,5,5.7361799182,0.7361799182,1.1472359836,5.76481955,Solved
L?AA@aHMBGRODg,21,5,5.7361440252,0.7361440252,1.1472288050,5.78827493,Solved
L?AAD@OI@cBoQQ,19,5,5.7360599344,0.7360599344,1.1472119869,5.76994961,Solved
L?AAD?oFFOIgM_,21,5,5.7360447673,0.7360447673,1.1472089535,5.80441749,Solved
L?AAD?oFAo@sN_,21,5,5.7360415568,0.7360415568,1.1472083114,5.78382729,Solved
L?AAD?oFEoBoVO,22,5,5.7360415539,0.7360415539,1.1472083108,5.76917770,Solved
L?AAD?oEAw@sN_,21,5,5.7360415538,0.7360415538,1.1472083108,5.78509800,Solved
L?AAD?oFBWHKBo,21,5,5.7360415525,0.7360415525,1.1472083105,5.76682312,Solved
L?AAD?oFBoBWm_,22,5,5.7360415523,0.7360415523,1.1472083105,5.76835689,Solved
L?AAD?sXCc@YM_,21,5,5.7359802442,0.7359802442,1.1471960488,5.80164682,Solved
L?AA@BOT@o@Wi_,19,5,5.7358739353,0.7358739353,1.1471747871,5.80122053,Solved
L?AAD?oEAgAwaJ,20,5,5.7358520735,0.7358520735,1.1471704147,5.76316901,Solved
L?AAD?oEAwEoBw,21,5,5.7358265181,0.7358265181,1.1471653036,5.77647164,Solved
L?AAD@OIAWCsCq,19,5,5.7357837963,0.7357837963,1.1471567593,5.76964497,Solved
L?AAD@OIAwDcm_,21,5,5.7357698168,0.7357698168,1.1471539634,5.77940860,Solved
L?AAD?oEAwFoBw,22,5,5.7357292339,0.7357292339,1.1471458468,5.78143185,Solved
L?ABA_gaO]L_CN,23,5,5.7357292305,0.7357292305,1.1471458461,5.77237043,Solved
L?AAD?oFAwEoBw,22,5,5.7357292285,0.7357292285,1.1471458457,5.77582536,Solved
L?AAD?oFFOFOVO,22,5,5.7357292279,0.7357292279,1.1471458456,5.77733232,Solved
L?AAD?oFBoAwm_,22,5,5.7357292266,0.7357292266,1.1471458453,5.79484024,Solved
L?AAD?oFAoFoBw,22,5,5.7357292259,0.7357292259,1.1471458452,5.78495629,Solved
L?AAD@OIAWCsCu,20,5,5.7356893219,0.7356893219,1.1471378644,5.77743284,Solved
L?AEB?WU@g@wHK,21,5,5.7356754449,0.7356754449,1.1471350890,5.78302279,Solved
L?AADAoFEoHgF_,22,5,5.7356003411,0.7356003411,1.1471200682,5.79055742,Solved
L?AAD?oeBGBoFo,21,5,5.7355808847,0.7355808847,1.1471161769,5.77697903,Solved
L?AAD?wLAg@Wk_,20,5,5.7355808839,0.7355808839,1.1471161768,5.78533201,Solved
L?AAD?oeBGBgFo,21,5,5.7355808817,0.7355808817,1.1471161763,5.76785532,Solved
L?AAD?oeBGBgDo,20,5,5.7355808815,0.7355808815,1.1471161763,5.77199083,Solved
L?AAD?oeBGAwFo,21,5,5.7355808813,0.7355808813,1.1471161763,5.77941881,Solved
L?AAD?oeBG@wFo,21,5,5.7355808811,0.7355808811,1.1471161762,5.76938936,Solved
L?AAD?oeBGBwFo,22,5,5.7355808809,0.7355808809,1.1471161762,5.75478445,Solved
L?AAD?oeBGBWFo,21,5,5.7355808797,0.7355808797,1.1471161759,5.77624692,Solved
L?AAD@oR?s@skc,22,5,5.7355721780,0.7355721780,1.1471144356,5.75898812,Solved
L?AAD@OIAWCsm_,20,5,5.7354144416,0.7354144416,1.1470828883,5.79194824,Solved
L?AAD?oeAg@oag,19,5,5.7353318606,0.7353318606,1.1470663721,5.77713314,Solved
L?AAD@Oi?sEoDo,20,5,5.7352516695,0.7352516695,1.1470503339,5.81923555,Solved
L?AA@AWT@[YGiC,21,5,5.7352168049,0.7352168049,1.1470433610,5.76085490,Solved
L?AAD@oR?sN?Aw,21,5,5.7351827718,0.7351827718,1.1470365544,5.81077576,Solved
L?AAD@oI_wIgy?,21,5,5.7351537452,0.7351537452,1.1470307490,5.81267408,Solved
L?AAD@OI@g@[e_,19,5,5.7351400655,0.7351400655,1.1470280131,5.77101406,Solved
L?AAD@OI?sJGHI,19,5,5.7351350907,0.7351350907,1.1470270181,5.75528013,Solved
L?AAD@OJ@o@wiG,20,5,5.7351014005,0.7351014005,1.1470202801,5.79184044,Solved
L?AAD@oIagEoBg,21,5,5.7349964571,0.7349964571,1.1469992914,5.79174176,Solved
L?AAD?wT?{N?Ic,22,5,5.7349417203,0.7349417203,1.1469883441,5.77979068,Solved
L?AAD@W[?YBwka,23,5,5.7349222462,0.7349222462,1.1469844492,5.76934011,Solved
L?AAD@oI_wN?Bg,21,5,5.7348940228,0.7348940228,1.1469788046,5.82928500,Solved
L?AA@qoJEOAoRG,21,5,5.7348716642,0.7348716642,1.1469743328,5.75952667,Solved
L?AADBOLAqF_Hg,22,5,5.7347946231,0.7347946231,1.1469589246,5.77884747,Solved
L?AAD?sXCcBWJ_,21,5,5.7347757511,0.7347757511,1.1469551502,5.76020443,Solved
L?AAD?wLAWQPDo,21,5,5.7347744760,0.7347744760,1.1469548952,5.77111664,Solved
L?AAD@oR?sROBo,21,5,5.7347686246,0.7347686246,1.1469537249,5.78232859,Solved
L?AE@aoQQWCq\?,22,5,5.7346158159,0.7346158159,1.1469231632,5.76906552,Solved
L?AE@aoQQWM_Lc,23,5,5.7346158154,0.7346158154,1.1469231631,5.74952359,Solved
L?AAD@OICcBGBw,19,5,5.7345996241,0.7345996241,1.1469199248,5.75855365,Solved
L?AAD?oeAgHcAi,20,5,5.7345963403,0.7345963403,1.1469192681,5.77846209,Solved
L?AAD@oIag@[RO,21,5,5.7345918672,0.7345918672,1.1469183734,5.81587242,Solved
L?AA@BOT?sTODo,20,5,5.7345319689,0.7345319689,1.1469063938,5.76352870,Solved
L?AAD?sXCo@WM_,20,5,5.7345287548,0.7345287548,1.1469057510,5.78679176,Solved
L?AA@AWT@SYGAs,20,5,5.7344752809,0.7344752809,1.1468950562,5.78702130,Solved
L?AAD@OJDoHgJ_,21,5,5.7344594109,0.7344594109,1.1468918822,5.78158963,Solved
L?AAD@OI@cAq^?,20,5,5.7344411594,0.7344411594,1.1468882319,5.78539402,Solved
L?AA@AOT@wFOA{,21,5,5.7344268886,0.7344268886,1.1468853777,5.75166318,Solved
L?AA@BOT@o@WIg,19,5,5.7344169880,0.7344169880,1.1468833976,5.76748656,Solved
L?AA@AWT@SY@As,20,5,5.7344137757,0.7344137757,1.1468827551,5.76862578,Solved
L?AA@AWT@SPWsA,20,5,5.7344029700,0.7344029700,1.1468805940,5.76524756,Solved
L?AA@AWT@SY@as,21,5,5.7343995960,0.7343995960,1.1468799192,5.76547783,Solved
L?AAD?oeBWIgL_,21,5,5.7343738293,0.7343738293,1.1468747659,5.77011284,Solved
L?AAD@OICcJ_Fo,20,5,5.7343666039,0.7343666039,1.1468733208,5.75789622,Solved
L?AAD?oeAg@oaI,19,5,5.7343631104,0.7343631104,1.1468726221,5.75680963,Solved
L?AAD?sXCSBWDo,21,5,5.7343614751,0.7343614751,1.1468722950,5.79919911,Solved
L?AAD@W[?UfOV?,22,5,5.7343490468,0.7343490468,1.1468698094,5.76218662,Solved
L?AAF@cE_yV?N?,23,5,5.7343490435,0.7343490435,1.1468698087,5.74786456,Solved
L?AEB?WUBgAwHk,23,5,5.7343377132,0.7343377132,1.1468675426,5.76125319,Solved
L?AA@BOTCcFoJg,22,5,5.7343377119,0.7343377119,1.1468675424,5.82424539,Solved
L?AA@oww?kl_e_,23,5,5.7343377105,0.7343377105,1.1468675421,5.75513402,Solved
L?AA@b_DloM_m_,24,5,5.7343377090,0.7343377090,1.1468675418,5.76885849,Solved
L?AA@b_DjgUO}?,24,5,5.7343377077,0.7343377077,1.1468675415,5.80516789,Solved
L?AA@b_DjgUOAy,24,5,5.7343377075,0.7343377075,1.1468675415,5.81519159,Solved
L?AEB?WU@LAw^?,23,5,5.7343377072,0.7343377072,1.1468675414,5.76310765,Solved
L?AA@owwAg@qm_,23,5,5.7343377072,0.7343377072,1.1468675414,5.75667385,Solved
L?AA@b_DjgUOAZ,24,5,5.7343377072,0.7343377072,1.1468675414,5.81580225,Solved
L?AA@b_DjgUO^?,24,5,5.7343377071,0.7343377071,1.1468675414,5.81882149,Solved
L?AA@b_DjgVOm_,25,5,5.7343377071,0.7343377071,1.1468675414,5.74741284,Solved
L?AADbGX@LUO}?,24,5,5.7343377069,0.7343377069,1.1468675414,5.74621371,Solved
L?AA@BOTCsEoic,22,5,5.7343377069,0.7343377069,1.1468675414,5.82985429,Solved
L?AA@oww?km_m_,24,5,5.7343377068,0.7343377068,1.1468675414,5.75037096,Solved
L?AA@BOTDcDsN_,23,5,5.7343377067,0.7343377067,1.1468675413,5.82004268,Solved
L?AA@b_DiYUO\?,23,5,5.7343377063,0.7343377063,1.1468675413,5.81639988,Solved
L?AA@b_DjgUOFg,24,5,5.7343377055,0.7343377055,1.1468675411,5.81319877,Solved
L?AEB?WU@Kaw^?,23,5,5.7343377055,0.7343377055,1.1468675411,5.77767657,Solved
L?AA@oww?kn_m_,25,5,5.7343377053,0.7343377053,1.1468675411,5.74387509,Solved
L?AAD@oR?\TO}?,23,5,5.7343377052,0.7343377052,1.1468675410,5.77339661,Solved
L?AEB?WUBgAwHc,22,5,5.7343377051,0.7343377051,1.1468675410,5.78918729,Solved
L?AA@bGyBgUOLg,24,5,5.7343377051,0.7343377051,1.1468675410,5.75500149,Solved
L?AA@b_ZDcAsV?,23,5,5.7343377051,0.7343377051,1.1468675410,5.75003112,Solved
L?AA@b_DiYM_ka,24,5,5.7343377050,0.7343377050,1.1468675410,5.81259304,Solved
L?AAD?sXDoAYec,23,5,5.7343377049,0.7343377049,1.1468675410,5.78270655,Solved
L?AEB?WU@Kn_Fo,24,5,5.7343377048,0.7343377048,1.1468675410,5.74885796,Solved
L?AA@?Wu?{M_ap,22,5,5.7343377047,0.7343377047,1.1468675409,5.79274263,Solved
L?AAD@OI@WBWCq,19,5,5.7343103075,0.7343103075,1.1468620615,5.77637815,Solved
L?AA@AWTF_JGAu,22,5,5.7343004684,0.7343004684,1.1468600937,5.78349067,Solved
L?AAD?oNBoHKL`,23,5,5.7343004684,0.7343004684,1.1468600937,5.77369905,Solved
L?AAF@cM?sAwm_,23,5,5.7342712915,0.7342712915,1.1468542583,5.76591225,Solved
L?AAF@cM?sVOFo,24,5,5.7342712912,0.7342712912,1.1468542582,5.74734183,Solved
L?AAD@OICsBWFO,20,5,5.7342690160,0.7342690160,1.1468538032,5.77412154,Solved
L?AAD@Oi?wEoDc,20,5,5.7342690147,0.7342690147,1.1468538029,5.78052081,Solved
L?AAD?oeAg@oai,20,5,5.7342581915,0.7342581915,1.1468516383,5.78506702,Solved
L?AA@AWT@c@WQQ,19,5,5.7341993624,0.7341993624,1.1468398725,5.76822808,Solved
L?AAD?sXCo@Wi_,20,5,5.7341652589,0.7341652589,1.1468330518,5.77353403,Solved
L?AAD@OIAWEoDs,20,5,5.7340921290,0.7340921290,1.1468184258,5.75896772,Solved
L?AAD?oeAg@TRW,21,5,5.7340718216,0.7340718216,1.1468143643,5.77401702,Solved
L?AAD@OIAWUOFo,20,5,5.7340376755,0.7340376755,1.1468075351,5.75885966,Solved
L?AAD@OI@cBoDs,20,5,5.7340204464,0.7340204464,1.1468040893,5.79977788,Solved
L?AAD@OI?wDsDs,21,5,5.7338998245,0.7338998245,1.1467799649,5.79052415,Solved
L?AAD@oR?sV?FO,21,5,5.7338934850,0.7338934850,1.1467786970,5.78267319,Solved
L?AAD?oFEo@kL_,21,5,5.7338595452,0.7338595452,1.1467719090,5.77692339,Solved
L?AAD@OI@gAqJg,20,5,5.7337999048,0.7337999048,1.1467599810,5.76687378,Solved
L?AEB?WU@gBWHk,22,5,5.7337977825,0.7337977825,1.1467595565,5.76921527,Solved
L?AAD@OIAWBoka,20,5,5.7337879419,0.7337879419,1.1467575884,5.75955516,Solved
L?AA@AWT@SBWN?,20,5,5.7336965137,0.7336965137,1.1467393027,5.76063209,Solved
L?AAD?sXCcBWm?,21,5,5.7336712167,0.7336712167,1.1467342433,5.78280532,Solved
L?AA@AWT@SL_sQ,21,5,5.7336498422,0.7336498422,1.1467299684,5.78376432,Solved
L?AAD@Oi@cBWDo,20,5,5.7335873473,0.7335873473,1.1467174695,5.79877005,Solved
L?AAD@OIAWCska,20,5,5.7335702958,0.7335702958,1.1467140592,5.77565907,Solved
L?AAD?oE@WHcHc,19,5,5.7335669679,0.7335669679,1.1467133936,5.75788363,Solved
L?AEB?WU@LF_Eo,22,5,5.7335309798,0.7335309798,1.1467061960,5.75214777,Solved
L?AAD?oeAgXCL_,20,5,5.7334231208,0.7334231208,1.1466846242,5.76009733,Solved
L?AAD@OICcHgHg,19,5,5.7333249137,0.7333249137,1.1466649827,5.75425989,Solved
L?AA@BOTCoTQas,22,5,5.7332153984,0.7332153984,1.1466430797,5.77859945,Solved
L?AADbGX@oAocc,21,5,5.7331866293,0.7331866293,1.1466373259,5.75683624,Solved
L?AADbGR@cdom?,23,5,5.7331429195,0.7331429195,1.1466285839,5.75136500,Solved
L?AAD?oeAgHgL_,20,5,5.7331295412,0.7331295412,1.1466259082,5.77435299,Solved
L?ABA_gUCcChao,21,5,5.7331224169,0.7331224169,1.1466244834,5.77072411,Solved
L?AAD?wLAQZ?L_,21,5,5.7330519729,0.7330519729,1.1466103946,5.78738362,Solved
L?AAD?sXCo@Wm_,21,5,5.7330519251,0.7330519251,1.1466103850,5.77630214,Solved
L?AAD?sXCSBWBo,21,5,5.7330519241,0.7330519241,1.1466103848,5.76386180,Solved
L?AAD?sXCSBWFo,22,5,5.7330519227,0.7330519227,1.1466103845,5.77064315,Solved
L?AAD@OIAwEoDs,21,5,5.7330519224,0.7330519224,1.1466103845,5.76856493,Solved
L?AAD?wLAg@Wm_,21,5,5.7330519212,0.7330519212,1.1466103842,5.78767989,Solved
L?AAD?wLAWAXk_,21,5,5.7330411773,0.7330411773,1.1466082355,5.76807051,Solved
L?AAD?wLEO@oSO,19,5,5.7329945200,0.7329945200,1.1465989040,5.75473334,Solved
L?AAD@OICcL_Aw,19,5,5.7329549070,0.7329549070,1.1465909814,5.76564021,Solved
L?AAD?wX?k@wk_,21,5,5.7329243979,0.7329243979,1.1465848796,5.76869664,Solved
L?AEB?WU@HbW^?,23,5,5.7328935467,0.7328935467,1.1465787093,5.74491238,Solved
L?AAD?wX?uBgm_,23,5,5.7328661948,0.7328661948,1.1465732390,5.74293788,Solved
L?AA@AWT@c@Wu?,19,5,5.7328224080,0.7328224080,1.1465644816,5.75674609,Solved
L?AAD@W[?UtORO,22,5,5.7327635330,0.7327635330,1.1465527066,5.76268171,Solved
L?AAD@oR?sN?Bw,22,5,5.7327319156,0.7327319156,1.1465463831,5.80346953,Solved
L?AAD@OIAWDoCu,20,5,5.7327013630,0.7327013630,1.1465402726,5.75387949,Solved
L?AA@AWTF_JGas,22,5,5.7326583507,0.7326583507,1.1465316701,5.78511601,Solved
L?AAD@OI@cHgJg,20,5,5.7325989894,0.7325989894,1.1465197979,5.78060348,Solved
L?AAD@OI@cF_Ds,20,5,5.7325989892,0.7325989892,1.1465197978,5.79095435,Solved
L?AA@owwAg@qia,23,5,5.7325575094,0.7325575094,1.1465115019,5.74543224,Solved
L?ABAaIeB_CgiO,21,5,5.7325186322,0.7325186322,1.1465037264,5.75835372,Solved
L?AAD?wT?uTO\?,22,5,5.7324182273,0.7324182273,1.1464836455,5.76900078,Solved
L?AAD?WLEoHgL_,21,5,5.7323949460,0.7323949460,1.1464789892,5.77447259,Solved
L?AEB?WU@LBg^?,23,5,5.7323585503,0.7323585503,1.1464717101,5.74613737,Solved
L?AEB?WU@LBg\?,22,5,5.7323585473,0.7323585473,1.1464717095,5.76405366,Solved
L?AADbGR@oEcKc,22,5,5.7323500569,0.7323500569,1.1464700114,5.74960338,Solved
L?AA@BOT@SRGm?,20,5,5.7323192059,0.7323192059,1.1464638412,5.78279257,Solved
L?AAD?oE@WKaBw,20,5,5.7322752831,0.7322752831,1.1464550566,5.76511732,Solved
L?AE@aoRAREo\?,23,5,5.7321993546,0.7321993546,1.1464398709,5.74832646,Solved
L?AAD?wT?{N?ic,23,5,5.7321861777,0.7321861777,1.1464372355,5.77767407,Solved
L?AAD@OI?sJ_Hg,19,5,5.7320866047,0.7320866047,1.1464173209,5.79832311,Solved
L?AAD@OIAwDcCs,20,5,5.7320754307,0.7320754307,1.1464150861,5.78348264,Solved
L?AADAoFAgVOBw,23,5,5.7320364209,0.7320364209,1.1464072842,5.76814278,Solved
L?AAF@cEcsF_Fo,24,5,5.7319632782,0.7319632782,1.1463926556,5.74685600,Solved
L?AAF@cEcsF_Do,23,5,5.7319632768,0.7319632768,1.1463926554,5.76197828,Solved
L?AAD?W{AY@yka,24,5,5.7319488717,0.7319488717,1.1463897743,5.76623371,Solved
L?AAD?oeBGAwEq,21,5,5.7319006253,0.7319006253,1.1463801251,5.78930207,Solved
L?AAD@W[AYUOBs,23,5,5.7318591362,0.7318591362,1.1463718272,5.76540608,Solved
L?AAD?wT?uTO]?,22,5,5.7318551942,0.7318551942,1.1463710388,5.77169189,Solved
L?AAF@cE_uF_m_,24,5,5.7318510363,0.7318510363,1.1463702073,5.74776290,Solved
L?AA@AOT@wFOBw,21,5,5.7318477603,0.7318477603,1.1463695521,5.75742774,Solved
L?AAD?oeAgHgAy,21,5,5.7318342375,0.7318342375,1.1463668475,5.79058792,Solved
L?AA@AWTDSYGJ`,22,5,5.7318130443,0.7318130443,1.1463626089,5.76075966,Solved
L?AE@aoR@sN?PY,24,5,5.7318128767,0.7318128767,1.1463625753,5.74617584,Solved
L?AA@AWT@SYGas,21,5,5.7317800568,0.7317800568,1.1463560114,5.79447355,Solved
L?AAF@cEdoF_Fo,24,5,5.7317356285,0.7317356285,1.1463471257,5.75397461,Solved
L?AAF@cE_mV?N?,23,5,5.7317356241,0.7317356241,1.1463471248,5.77696731,Solved
L?AAD@OICcF_BY,20,5,5.7317139148,0.7317139148,1.1463427830,5.77187338,Solved
L?AAD?oFEoDoTO,21,5,5.7316946286,0.7316946286,1.1463389257,5.75848828,Solved
L?AAD@oIagBoBw,22,5,5.7316946230,0.7316946230,1.1463389246,5.78329603,Solved
L?AAD@OI@g@[m_,20,5,5.7316778063,0.7316778063,1.1463355613,5.78698473,Solved
L?AAD@OIAWEoca,19,5,5.7316455059,0.7316455059,1.1463291012,5.75384705,Solved
L?AAD?oFEoHgDo,21,5,5.7316316587,0.7316316587,1.1463263317,5.78311448,Solved
L?AAD?oeAg@SFo,20,5,5.7315457814,0.7315457814,1.1463091563,5.76930505,Solved
L?AAD@OJ@o@occ,19,5,5.7315159532,0.7315159532,1.1463031906,5.76781130,Solved
L?AA@AWT@SF_as,21,5,5.7315139524,0.7315139524,1.1463027905,5.80300465,Solved
L?AAD?oFBWAwm_,22,5,5.7315113706,0.7315113706,1.1463022741,5.76241581,Solved
L?AAD@OI@gAYJg,20,5,5.7314845079,0.7314845079,1.1462969016,5.77783990,Solved
L?AAD@OI@cAYN_,20,5,5.7314737743,0.7314737743,1.1462947549,5.78282704,Solved
L?AA@BOT@S@Wm?,19,5,5.7314395193,0.7314395193,1.1462879039,5.79421368,Solved
L?AA@BOT@SV?As,20,5,5.7314395176,0.7314395176,1.1462879035,5.79393891,Solved
L?AAD@OI@gDsDs,21,5,5.7314010966,0.7314010966,1.1462802193,5.77379243,Solved
L?AAD?wLAgPOqC,20,5,5.7313521774,0.7313521774,1.1462704355,5.77521184,Solved
L?AA@AWT@SYH^?,22,5,5.7313502984,0.7313502984,1.1462700597,5.78772038,Solved
L?AAD@W[?]ROV?,22,5,5.7313347075,0.7313347075,1.1462669415,5.76854858,Solved
L?AAD@oIag@s^?,22,5,5.7313013102,0.7313013102,1.1462602620,5.78663252,Solved
L?AAD@W[?[TORO,21,5,5.7312857679,0.7312857679,1.1462571536,5.78343365,Solved
L?AA@AWT@SYG{?,20,5,5.7312539479,0.7312539479,1.1462507896,5.77544138,Solved
L?AAD@OJ@cJ_Hg,20,5,5.7312353303,0.7312353303,1.1462470661,5.78833366,Solved
L?AEB?WU@HbWN_,23,5,5.7312226303,0.7312226303,1.1462445261,5.74511572,Solved
L?AB?rOXCo`sV?,23,5,5.7311899784,0.7311899784,1.1462379957,5.76300488,Solved
L?AAD?oFBgFOBw,22,5,5.7311263149,0.7311263149,1.1462252630,5.78762121,Solved
L?AA@AOT@wFOVO,21,5,5.7310617510,0.7310617510,1.1462123502,5.77311048,Solved
L?AAD@Oi?sAwN_,21,5,5.7309981697,0.7309981697,1.1461996339,5.82778774,Solved
L?AADBOL?kHIFO,21,5,5.7309027591,0.7309027591,1.1461805518,5.76786085,Solved
L?AAD@W[?w@wm_,22,5,5.7308938497,0.7308938497,1.1461787699,5.78829474,Solved
L?AA@AWT@cPWBQ,20,5,5.7308049349,0.7308049349,1.1461609870,5.76278529,Solved
L?AA@BOTCoDOBo,19,5,5.7307965033,0.7307965033,1.1461593007,5.74507195,Solved
L?AA@AWT@cL_QQ,20,5,5.7307948932,0.7307948932,1.1461589786,5.76108389,Solved
L?AAD@OI@g@wk_,19,5,5.7307868240,0.7307868240,1.1461573648,5.77166130,Solved
L?AAD@OIAWEoKa,19,5,5.7307814708,0.7307814708,1.1461562942,5.75475328,Solved
L?AAD?WLF_CsVO,22,5,5.7307755997,0.7307755997,1.1461551199,5.75210550,Solved
L?AEB?WU@Hn_Eq,24,5,5.7307664320,0.7307664320,1.1461532864,5.74205298,Solved
L?AAD@OJDcHgHg,21,5,5.7307421769,0.7307421769,1.1461484354,5.77788737,Solved
L?AAD?sXCcHKy?,21,5,5.7307405202,0.7307405202,1.1461481040,5.77915919,Solved
L?AAD@OIAwUOFo,21,5,5.7306731263,0.7306731263,1.1461346253,5.76565568,Solved
L?AA@BOT@oTOUO,20,5,5.7306238722,0.7306238722,1.1461247744,5.77235429,Solved
L?AA@BOT@oPWeO,20,5,5.7306238681,0.7306238681,1.1461247736,5.79202559,Solved
L?AA@BOT@oTOeO,20,5,5.7306238679,0.7306238679,1.1461247736,5.78088433,Solved
L?AAD@OIAWUODc,19,5,5.7306197798,0.7306197798,1.1461239560,5.76357197,Solved
L?AA@AWT@cHGas,20,5,5.7305928608,0.7305928608,1.1461185722,5.78948840,Solved
L?AAD?wXCcBoDo,21,5,5.7305802088,0.7305802088,1.1461160418,5.78472225,Solved
L?AAD?cEF_HgL_,20,5,5.7305146872,0.7305146872,1.1461029374,5.79159437,Solved
L?AAD?sXCc@Yi_,21,5,5.7304994137,0.7304994137,1.1460998827,5.76704212,Solved
L?AADBOX?sF_BW,21,5,5.7304986786,0.7304986786,1.1460997357,5.76584529,Solved
L?AAD@Oi?sL_Do,20,5,5.7304871630,0.7304871630,1.1460974326,5.79000950,Solved
L?AAD@oIaWF_Bg,21,5,5.7304786010,0.7304786010,1.1460957202,5.78320346,Solved
L?AAD@OICcBWVO,20,5,5.7304704752,0.7304704752,1.1460940950,5.75110659,Solved
L?AAD?sXCoBWDo,21,5,5.7304592788,0.7304592788,1.1460918558,5.78094144,Solved
L?AA@AWT@cPWQQ,20,5,5.7304281381,0.7304281381,1.1460856276,5.78466494,Solved
L?AEB?WU@DbgM_,22,5,5.7304246803,0.7304246803,1.1460849361,5.74684717,Solved
L?AA@AOT?{EoVO,21,5,5.7304151552,0.7304151552,1.1460830310,5.77035814,Solved
L?AEB?WU@g@wHk,22,5,5.7303586399,0.7303586399,1.1460717280,5.77214177,Solved
L?AAD@OIAWQPJg,20,5,5.7303364984,0.7303364984,1.1460672997,5.77204075,Solved
L?AAD@OI@cJ_BY,20,5,5.7303364969,0.7303364969,1.1460672994,5.77449975,Solved
L?AAD@OI@cJ_Jg,20,5,5.7303322219,0.7303322219,1.1460664444,5.77155334,Solved
L?AAD@oIaoAoTS,21,5,5.7303267468,0.7303267468,1.1460653494,5.75837798,Solved
L?AAD?WLFOIgL_,21,5,5.7302525698,0.7302525698,1.1460505140,5.77407404,Solved
L?AEB?WU@DbgN_,23,5,5.7302308371,0.7302308371,1.1460461674,5.75041833,Solved
L?AA@AWT@c@WF_,19,5,5.7302279517,0.7302279517,1.1460455903,5.77293158,Solved
L?ABAaIeB_D_HS,21,5,5.7302171881,0.7302171881,1.1460434376,5.79290314,Solved
L?AA@BOT?sT?co,19,5,5.7301951472,0.7301951472,1.1460390294,5.76085875,Solved
L?AAD@oR@sFOBw,23,5,5.7301588057,0.7301588057,1.1460317611,5.74748246,Solved
L?AAD@oIaWFOBw,22,5,5.7301588041,0.7301588041,1.1460317608,5.77263114,Solved
L?AAD@oR?sFOBw,22,5,5.7301588037,0.7301588037,1.1460317607,5.77188354,Solved
L?AAD@OIAWEPJg,20,5,5.7301548833,0.7301548833,1.1460309767,5.75701324,Solved
L?AAD@oIaW@s^?,22,5,5.7301512675,0.7301512675,1.1460302535,5.78343480,Solved
L?AAD?oFFOIgL_,21,5,5.7301472037,0.7301472037,1.1460294407,5.79780542,Solved
L?AAD@OJ@cZ?Hg,20,5,5.7301288512,0.7301288512,1.1460257702,5.80344960,Solved
L?AAD@oI_wM_Bw,22,5,5.7301072933,0.7301072933,1.1460214587,5.80296978,Solved
L?AAD?oFBo@kM_,21,5,5.7300894510,0.7300894510,1.1460178902,5.82877728,Solved
L?AAD@OJEoCsk_,21,5,5.7300624635,0.7300624635,1.1460124927,5.80004423,Solved
L?AAD@OIAw@sk_,20,5,5.7300578133,0.7300578133,1.1460115627,5.77708172,Solved
L?AAF@cM?sBgeG,22,5,5.7300578024,0.7300578024,1.1460115605,5.74003513,Solved
L?AAD@oIag@[k_,21,5,5.7300265950,0.7300265950,1.1460053190,5.79961847,Solved
L?AAD?oFBWHKDo,21,5,5.7300123947,0.7300123947,1.1460024789,5.79400082,Solved
L?AAD@OI?sM_BW,19,5,5.7299060070,0.7299060070,1.1459812014,5.77699017,Solved
L?AAD@OI@c@hN_,20,5,5.7299034736,0.7299034736,1.1459806947,5.79319664,Solved
L?AAD?cEEoUORP,21,5,5.7299034702,0.7299034702,1.1459806940,5.78035824,Solved
L?AAD?oFFOEoVO,22,5,5.7298664910,0.7298664910,1.1459732982,5.78824970,Solved
L?AAD@OI@wUOBX,21,5,5.7298524121,0.7298524121,1.1459704824,5.77744935,Solved
L?AA@BOT@SV?VO,21,5,5.7298468580,0.7298468580,1.1459693716,5.77732586,Solved
L?AAD@OI@wEoDs,21,5,5.7298318532,0.7298318532,1.1459663706,5.77890560,Solved
L?AAD?WLBoEoQT,22,5,5.7298318530,0.7298318530,1.1459663706,5.76653304,Solved
L?AAD?wLAQZ?Ka,21,5,5.7298318513,0.7298318513,1.1459663703,5.78364379,Solved
L?AAD@Oi?wROFo,21,5,5.7298318508,0.7298318508,1.1459663702,5.79437762,Solved
L?AAD?W\BgFOAu,23,5,5.7298318504,0.7298318504,1.1459663701,5.75026906,Solved
L?AAD?oEAwEoqH,21,5,5.7298318499,0.7298318499,1.1459663700,5.78065453,Solved
L?AAD@OI?{FODs,21,5,5.7298304302,0.7298304302,1.1459660860,5.82089133,Solved
L?AA@AWT@c@WqO,19,5,5.7298297690,0.7298297690,1.1459659538,5.74847111,Solved
L?AAD@OICcJ_BY,20,5,5.7297959420,0.7297959420,1.1459591884,5.76227888,Solved
L?AAD@OIAWVOJg,21,5,5.7297934435,0.7297934435,1.1459586887,5.78004462,Solved
L?AEB?We@gDoPK,21,5,5.7297886038,0.7297886038,1.1459577208,5.75985955,Solved
L?AAD@OIAWFOCq,19,5,5.7297820403,0.7297820403,1.1459564081,5.75606635,Solved
L?AA@AWT@SF_eo,21,5,5.7297313686,0.7297313686,1.1459462737,5.77593028,Solved
L?AA@aHMBGROy?,21,5,5.7297313657,0.7297313657,1.1459462731,5.77925745,Solved
L?AA@BOT@oTOuO,21,5,5.7296983292,0.7296983292,1.1459396658,5.77537600,Solved
L?AA@qoR@[Z?gc,23,5,5.7296115681,0.7296115681,1.1459223136,5.74955879,Solved
L?AEB?WU@LF_Fo,23,5,5.7296113380,0.7296113380,1.1459222676,5.74058029,Solved
L?AAD?WLB_@wm_,21,5,5.7296044394,0.7296044394,1.1459208879,5.78209468,Solved
L?AAD?sXDoBWFO,22,5,5.7295974137,0.7295974137,1.1459194827,5.76532346,Solved
L?AAD@oIagBgAY,21,5,5.7295273764,0.7295273764,1.1459054753,5.78115312,Solved
L?AAD?sXCcBWi_,21,5,5.7294984125,0.7294984125,1.1458996825,5.75855640,Solved
L?AAD@OI?sBWXA,19,5,5.7294088617,0.7294088617,1.1458817723,5.76229944,Solved
L?AAD@Oi@gDcDs,21,5,5.7293240303,0.7293240303,1.1458648061,5.77055403,Solved
L?AA@BOT@oXGic,21,5,5.7293083527,0.7293083527,1.1458616705,5.77478300,Solved
L?AAD@oI_wIgm?,21,5,5.7292742038,0.7292742038,1.1458548408,5.84136927,Solved
L?AAD@OJ@c@hL_,20,5,5.7292613173,0.7292613173,1.1458522635,5.80330667,Solved
L?AAD?sXCcBQAY,21,5,5.7292532599,0.7292532599,1.1458506520,5.77784239,Solved
L?AAD@OI@cJ_Bw,20,5,5.7291910382,0.7291910382,1.1458382076,5.76788347,Solved
L?AAD?oEEPCqTO,20,5,5.7291834243,0.7291834243,1.1458366849,5.75817055,Solved
L?AAD?wT?]TO\?,22,5,5.7291610896,0.7291610896,1.1458322179,5.77054102,Solved
L?AAF@cM?sBgeg,23,5,5.7291610875,0.7291610875,1.1458322175,5.74517572,Solved
L?AAD@OJ@cH`Hg,20,5,5.7291244555,0.7291244555,1.1458248911,5.75918967,Solved
L?AAD@oIao@wTC,21,5,5.7291229526,0.7291229526,1.1458245905,5.77216784,Solved
L?AA@AWT@cHH^?,21,5,5.7290879638,0.7290879638,1.1458175928,5.78392560,Solved
L?AAD@oIaoBoTC,21,5,5.7290151755,0.7290151755,1.1458030351,5.76560683,Solved
L?AAD@oRCs@wV?,22,5,5.7289648841,0.7289648841,1.1457929768,5.75754503,Solved
L?AAD?wTDSBgBo,22,5,5.7289616053,0.7289616053,1.1457923211,5.79311860,Solved
L?AA@aHMBGRORO,21,5,5.7289529734,0.7289529734,1.1457905947,5.75230393,Solved
L?AAD@OICcJ_JI,20,5,5.7289378977,0.7289378977,1.1457875795,5.75437150,Solved
L?AAD?oFEoEoVO,22,5,5.7289164006,0.7289164006,1.1457832801,5.78873372,Solved
L?AAD?oFAgPSF_,20,5,5.7288768932,0.7288768932,1.1457753786,5.79188163,Solved
L?AAD?sXCoBWk_,21,5,5.7286834768,0.7286834768,1.1457366954,5.75784905,Solved
L?AAD@OIAW@sN_,20,5,5.7286481737,0.7286481737,1.1457296347,5.78171099,Solved
L?AA@BOT@SV?as,21,5,5.7286474632,0.7286474632,1.1457294926,5.77698801,Solved
L?AAD@OI@wDoDs,21,5,5.7285728111,0.7285728111,1.1457145622,5.78418421,Solved
L?ABA_gaQWV?cI,21,5,5.7285690113,0.7285690113,1.1457138023,5.76621488,Solved
L?AAD?wXCobWN?,22,5,5.7285466773,0.7285466773,1.1457093355,5.74778164,Solved
L?AAD?sXCcBIBQ,21,5,5.7285466772,0.7285466772,1.1457093354,5.77993989,Solved
L?AAD@OI@gROBo,19,5,5.7285258829,0.7285258829,1.1457051766,5.76812560,Solved
L?AAD?oEAwKaAw,20,5,5.7285001485,0.7285001485,1.1457000297,5.77692346,Solved
L?AAD?wT?]F_iC,22,5,5.7284888276,0.7284888276,1.1456977655,5.76662194,Solved
L?AAD@Oi@gAWBg,19,5,5.7284606985,0.7284606985,1.1456921397,5.76416743,Solved
L?AA@AWT@[RGN?,21,5,5.7283991958,0.7283991958,1.1456798392,5.77588185,Solved
L?AEB?WU@HbgN?,22,5,5.7283890203,0.7283890203,1.1456778041,5.74408966,Solved
L?AAD?wLEOIgKa,21,5,5.7283845346,0.7283845346,1.1456769069,5.77203160,Solved
L?AAD@W[AYBoka,23,5,5.7283531402,0.7283531402,1.1456706280,5.77070364,Solved
L?AA@AOTBoBgeo,21,5,5.7283499807,0.7283499807,1.1456699961,5.76815007,Solved
L?AAD?wTCS`wF_,22,5,5.7282988191,0.7282988191,1.1456597638,5.78234190,Solved
L?AAD@W[@KAwEQ,21,5,5.7282972773,0.7282972773,1.1456594555,5.77149607,Solved
L?AAD@OI?sJ_Bw,20,5,5.7282737486,0.7282737486,1.1456547497,5.78793792,Solved
L?AAD@OIAWEoka,20,5,5.7282536727,0.7282536727,1.1456507345,5.75590858,Solved
L?AA@AWT@kYGN_,22,5,5.7282527439,0.7282527439,1.1456505488,5.76511943,Solved
L?AA@AWT@[YGN_,22,5,5.7282527412,0.7282527412,1.1456505482,5.77123249,Solved
L?AA@AWT@wYGN_,22,5,5.7282527393,0.7282527393,1.1456505479,5.77578809,Solved
L?AEB?We@LF_F_,22,5,5.7282165521,0.7282165521,1.1456433104,5.75777883,Solved
L?AAD?oEEPBWHF,21,5,5.7281749139,0.7281749139,1.1456349828,5.75891222,Solved
L?ABA_gECsDgON,22,5,5.7281749126,0.7281749126,1.1456349825,5.75721356,Solved
L?AAD?WLF_CsAV,22,5,5.7281749087,0.7281749087,1.1456349817,5.76003149,Solved
L?AAD@OJ@cJGHg,20,5,5.7281678810,0.7281678810,1.1456335762,5.78084648,Solved
L?AA@AWTBoBgeo,22,5,5.7281641236,0.7281641236,1.1456328247,5.75949168,Solved
L?AA@AOT@wFOuO,21,5,5.7281641195,0.7281641195,1.1456328239,5.77017261,Solved
L?AAD@OICcF_Bo,19,5,5.7281471943,0.7281471943,1.1456294389,5.77128072,Solved
L?AADb_M?w@oRO,21,5,5.7281218576,0.7281218576,1.1456243715,5.79720963,Solved
L?AAD?cUDoIgL_,21,5,5.7281075664,0.7281075664,1.1456215133,5.78453691,Solved
L?ABAaIeB_D_JO,21,5,5.7280829417,0.7280829417,1.1456165883,5.77224981,Solved
L?AAD@oIag@kL_,21,5,5.7280585651,0.7280585651,1.1456117130,5.77766916,Solved
L?AAD@oIaW@sKa,21,5,5.7279930903,0.7279930903,1.1455986181,5.76667528,Solved
L?AAD@OIAwFOBw,21,5,5.7279600105,0.7279600105,1.1455920021,5.78028671,Solved
L?AAD@oIaWQPBg,21,5,5.7279243154,0.7279243154,1.1455848631,5.76582343,Solved
L?AEB?We@Df_F_,22,5,5.7279156112,0.7279156112,1.1455831222,5.77217626,Solved
L?AAD@oIaW@ska,22,5,5.7279055662,0.7279055662,1.1455811132,5.77944407,Solved
L?AAD@Oi?wDcCs,20,5,5.7278447439,0.7278447439,1.1455689488,5.76863418,Solved
L?AAD@oRBoBokc,23,5,5.7278370768,0.7278370768,1.1455674154,5.76577859,Solved
L?AEB?WU@Df_Fo,23,5,5.7278111339,0.7278111339,1.1455622268,5.74938598,Solved
L?AA@aHMBGAsm?,21,5,5.7277984330,0.7277984330,1.1455596866,5.78678823,Solved
L?AAD?wX?wRAFo,22,5,5.7277517815,0.7277517815,1.1455503563,5.74406066,Solved
L?AAD@oIagBgAq,21,5,5.7276644573,0.7276644573,1.1455328915,5.80368766,Solved
L?AAD@OI@cHgDc,19,5,5.7276001713,0.7276001713,1.1455200343,5.75794137,Solved
L?AAD@OI@WAocc,18,5,5.7276001711,0.7276001711,1.1455200342,5.74482383,Solved
L?AAD@oI_wHgAw,21,5,5.7275983968,0.7275983968,1.1455196794,5.77300946,Solved
L?AA@qo[AW@ska,23,5,5.7275970944,0.7275970944,1.1455194189,5.74573608,Solved
L?AAD@OJBgTSBw,23,5,5.7275886205,0.7275886205,1.1455177241,5.76252799,Solved
L?AADAoFBoHgL_,22,5,5.7275683518,0.7275683518,1.1455136704,5.80554907,Solved
L?AAD@oR?sUOUO,21,5,5.7275277263,0.7275277263,1.1455055453,5.78992448,Solved
L?AAD?cUDcHgJ_,21,5,5.7275140132,0.7275140132,1.1455028026,5.77573334,Solved
L?AAD@oIagBgAy,22,5,5.7275084563,0.7275084563,1.1455016913,5.79275370,Solved
L?AA@AWT@c@WsO,19,5,5.7274992562,0.7274992562,1.1454998512,5.75133598,Solved
L?AAD?oFBWAwRW,22,5,5.7274869070,0.7274869070,1.1454973814,5.79123209,Solved
L?AA@AWT@c@WRO,19,5,5.7274860855,0.7274860855,1.1454972171,5.74538526,Solved
L?ABAaGR?sV?PI,21,5,5.7274654909,0.7274654909,1.1454930982,5.76752299,Solved
L?AAD?wT?]]?FO,22,5,5.7274653733,0.7274653733,1.1454930747,5.85286904,Solved
L?AB?qQU@W]?WW,22,5,5.7274653696,0.7274653696,1.1454930739,5.76496289,Solved
L?AA@aHMBHROy?,22,5,5.7274653662,0.7274653662,1.1454930732,5.78195253,Solved
L?ABAaIeB_CgN?,21,5,5.7274638628,0.7274638628,1.1454927726,5.78524304,Solved
L?AAD@oIag@[VO,22,5,5.7274345043,0.7274345043,1.1454869009,5.78986898,Solved
L?AAD@OICcF_Aw,19,5,5.7274248267,0.7274248267,1.1454849653,5.75141707,Solved
L?AEB?WU?yF_Hk,23,5,5.7274202394,0.7274202394,1.1454840479,5.74264788,Solved
L?AA@AWTDcHgaS,21,5,5.7273990469,0.7273990469,1.1454798094,5.75640015,Solved
L?AAD?sX?sZ?Do,21,5,5.7273643946,0.7273643946,1.1454728789,5.77469637,Solved
L?AEB?We@g@wXC,21,5,5.7273614084,0.7273614084,1.1454722817,5.78658508,Solved
L?AAD?wLEOIgDa,21,5,5.7273426073,0.7273426073,1.1454685215,5.79351304,Solved
L?AAD@W[?wDoBc,21,5,5.7273405789,0.7273405789,1.1454681158,5.80896344,Solved
L?AAD@Oi?wDcDs,21,5,5.7273405773,0.7273405773,1.1454681155,5.76985223,Solved
L?AAD?oeAgJGAy,21,5,5.7272800297,0.7272800297,1.1454560059,5.78137334,Solved
L?AA@BOT@o@WJg,20,5,5.7272691823,0.7272691823,1.1454538365,5.78979085,Solved
L?AAD@OI@g@km_,20,5,5.7272623051,0.7272623051,1.1454524610,5.77212931,Solved
L?AAD@oIag@XL_,21,5,5.7272536923,0.7272536923,1.1454507385,5.78405166,Solved
L?AAD?sXCc@YRA,21,5,5.7272273234,0.7272273234,1.1454454647,5.76230428,Solved
L?AAD@oIag@[m_,22,5,5.7272182235,0.7272182235,1.1454436447,5.77611771,Solved
L?AAD?sXCc@YRQ,22,5,5.7272182210,0.7272182210,1.1454436442,5.77427818,Solved
L?AAD?wTDSBg{?,22,5,5.7272182209,0.7272182209,1.1454436442,5.79227429,Solved
L?AAD@OICcL_Bo,19,5,5.7271666525,0.7271666525,1.1454333305,5.75353198,Solved
L?AAD@OICcBGJg,19,5,5.7271344069,0.7271344069,1.1454268814,5.74020390,Solved
L?AAD@oIagAwy?,21,5,5.7270950503,0.7270950503,1.1454190101,5.80911468,Solved
L?AAD@oIagEoAY,21,5,5.7270540714,0.7270540714,1.1454108143,5.76723040,Solved
L?AA@BOm?{DoDo,22,5,5.7270484188,0.7270484188,1.1454096838,5.75974226,Solved
L?AADaoJAoHgL_,22,5,5.7270484171,0.7270484171,1.1454096834,5.76681235,Solved
L?AAD@oIagEoAy,22,5,5.7270484170,0.7270484170,1.1454096834,5.77052466,Solved
L?AAD@OIAWQPBw,20,5,5.7270309318,0.7270309318,1.1454061864,5.75104432,Solved
L?AAD@oRBoFOBw,23,5,5.7270109015,0.7270109015,1.1454021803,5.75798433,Solved
L?AAD?wX?kQQqA,21,5,5.7270100317,0.7270100317,1.1454020063,5.76417486,Solved
L?AAD?sXCSVOEs,23,5,5.7269871675,0.7269871675,1.1453974335,5.76027630,Solved
L?AAD@oI_wJGBg,21,5,5.7269205027,0.7269205027,1.1453841005,5.76923532,Solved
L?ABBAO]BWAwFo,24,5,5.7268858546,0.7268858546,1.1453771709,5.74576221,Solved
L?AAD@oI_wBgm?,21,5,5.7268858512,0.7268858512,1.1453771702,5.80609463,Solved
L?AAD?wT?]V?FO,22,5,5.7268858509,0.7268858509,1.1453771702,5.79801759,Solved
L?AEB?We?{F_Hk,23,5,5.7268858497,0.7268858497,1.1453771699,5.76934698,Solved
L?AA@AOT@sDoVO,21,5,5.7268858497,0.7268858497,1.1453771699,5.75488192,Solved
L?ABBAO]BWBoFo,24,5,5.7268858493,0.7268858493,1.1453771699,5.74815297,Solved
L?AAD@Oi@wDoDs,22,5,5.7268858486,0.7268858486,1.1453771697,5.77513159,Solved
L?ABBAO]BWBWFo,24,5,5.7268858485,0.7268858485,1.1453771697,5.75167429,Solved
L?AA@qoRD_`sN?,23,5,5.7268858479,0.7268858479,1.1453771696,5.77647748,Solved
L?AAD@OIAwUOBX,21,5,5.7268574706,0.7268574706,1.1453714941,5.77197474,Solved
L?AA@AWT@SBgN?,20,5,5.7268515357,0.7268515357,1.1453703071,5.78193783,Solved
L?AAD@oR?s@{kc,23,5,5.7268401762,0.7268401762,1.1453680352,5.75831398,Solved
L?AAD@OI@cL_Bw,20,5,5.7268305586,0.7268305586,1.1453661117,5.76489828,Solved
L?AA@AWT@SPWsQ,21,5,5.7267832654,0.7267832654,1.1453566531,5.79165576,Solved
L?AA@AOT?{TODo,20,5,5.7267720156,0.7267720156,1.1453544031,5.76738884,Solved
L?AAD@Oi?wFOBw,21,5,5.7267254786,0.7267254786,1.1453450957,5.80292144,Solved
L?AAD@OIAWQPN_,20,5,5.7266968710,0.7266968710,1.1453393742,5.75347452,Solved
L?AAD?sXCc@Ym_,22,5,5.7266549813,0.7266549813,1.1453309963,5.78646927,Solved
L?AAD?sXCcFOFO,21,5,5.7266277070,0.7266277070,1.1453255414,5.80481921,Solved
L?AADbGX@cAsm?,22,5,5.7266264220,0.7266264220,1.1453252844,5.78034721,Solved
L?AAD@oR?VDoV?,22,5,5.7266264211,0.7266264211,1.1453252842,5.76272553,Solved
L?AA@b_VAwFOge,24,5,5.7266264169,0.7266264169,1.1453252834,5.74973099,Solved
L?AAF@cM?sBweg,24,5,5.7266064711,0.7266064711,1.1453212942,5.74159488,Solved
L?AAF@cM?sAwcg,22,5,5.7266064641,0.7266064641,1.1453212928,5.76457534,Solved
L?AAF@cM?sAweg,23,5,5.7266064631,0.7266064631,1.1453212926,5.76007969,Solved
L?AAD?oeAgEoaI,20,5,5.7265896147,0.7265896147,1.1453179229,5.75912036,Solved
L?AAD?WLFOAwXG,21,5,5.7265235230,0.7265235230,1.1453047046,5.74957742,Solved
L?AAD?wX?kQQyA,22,5,5.7265090697,0.7265090697,1.1453018139,5.77087833,Solved
L?AAD@W[?[RORO,21,5,5.7264839795,0.7264839795,1.1452967959,5.76213642,Solved
L?AAD@Oi?wCsCs,20,5,5.7264791813,0.7264791813,1.1452958363,5.75409055,Solved
L?AAD@W[Aw@wm_,23,5,5.7263704119,0.7263704119,1.1452740824,5.76126771,Solved
L?AADbGX@WBOcc,21,5,5.7263583130,0.7263583130,1.1452716626,5.80281668,Solved
L?AAD@OICcJ_Hg,19,5,5.7263559346,0.7263559346,1.1452711869,5.75559634,Solved
L?AAD@Oi?wCsDs,21,5,5.7263234501,0.7263234501,1.1452646900,5.76951762,Solved
L?AAD@oIaoBoSS,21,5,5.7263045225,0.7263045225,1.1452609045,5.76449050,Solved
L?AA@BOT@SV?uO,21,5,5.7262709747,0.7262709747,1.1452541949,5.77961503,Solved
L?AAD?oFEoHgN_,22,5,5.7262657326,0.7262657326,1.1452531465,5.77329387,Solved
L?AAD?oFBgAwm_,22,5,5.7262206592,0.7262206592,1.1452441318,5.78735273,Solved
L?AB?rOX?wROoQ,22,5,5.7262140112,0.7262140112,1.1452428022,5.75790914,Solved
L?AAD@W[?k@wQQ,21,5,5.7262015320,0.7262015320,1.1452403064,5.77293149,Solved
L?AA@AOTCsF_VO,21,5,5.7262013892,0.7262013892,1.1452402778,5.77532825,Solved
L?AA@BOT@SRGAs,20,5,5.7261725396,0.7261725396,1.1452345079,5.78386913,Solved
L?AAD@oIaW@wk_,21,5,5.7261498880,0.7261498880,1.1452299776,5.78093142,Solved
L?AA@AWT@S@YsQ,21,5,5.7261159884,0.7261159884,1.1452231977,5.77399661,Solved
L?AAD@oIagEoBw,22,5,5.7260999830,0.7260999830,1.1452199966,5.77559119,Solved
L?AAD@OI@gAYBw,20,5,5.7260762684,0.7260762684,1.1452152537,5.75289344,Solved
L?AAD@Oi@WBgBo,20,5,5.7260652159,0.7260652159,1.1452130432,5.82287882,Solved
L?AA@AWT@cXG^?,21,5,5.7260580932,0.7260580932,1.1452116186,5.78594845,Solved
L?AAD@Oi@g@oEO,18,5,5.7260479143,0.7260479143,1.1452095829,5.77756286,Solved
L?AA@AWT@SQWZ?,20,5,5.7260437541,0.7260437541,1.1452087508,5.75995988,Solved
L?ABA_ge@IpWSJ,23,5,5.7260280842,0.7260280842,1.1452056168,5.75598250,Solved
L?AAD?sX?suOA\,23,5,5.7260280839,0.7260280839,1.1452056168,5.76605240,Solved
L?AAD@oR?sUOTO,21,5,5.7260155992,0.7260155992,1.1452031198,5.79203309,Solved
L?AADBOX@KBOeC,20,5,5.7260147430,0.7260147430,1.1452029486,5.76847511,Solved
L?AAD?sXCcBQFo,22,5,5.7260045439,0.7260045439,1.1452009088,5.79670112,Solved
L?AAD@Oi@g@oFO,19,5,5.7259795552,0.7259795552,1.1451959110,5.81466523,Solved
L?AADb_M?[BoRO,22,5,5.7259709050,0.7259709050,1.1451941810,5.77417434,Solved
L?AADb_M?{BoRO,23,5,5.7259709043,0.7259709043,1.1451941809,5.74402949,Solved
L?AEB?WU@gBwHk,23,5,5.7259383745,0.7259383745,1.1451876749,5.75744990,Solved
L?AAD?oeAgPSRW,21,5,5.7258318094,0.7258318094,1.1451663619,5.76503096,Solved
L?AAD@OIAWROFo,20,5,5.7257961265,0.7257961265,1.1451592253,5.74391167,Solved
L?AAD@Oi?sAw^?,21,5,5.7257891258,0.7257891258,1.1451578252,5.79734274,Solved
L?AAD@Oi?wDoBo,20,5,5.7257822430,0.7257822430,1.1451564486,5.83780368,Solved
L?AAD?wX?wRQFo,23,5,5.7257342422,0.7257342422,1.1451468484,5.74422009,Solved
L?AEB?c{@kQKqI,24,5,5.7256881443,0.7256881443,1.1451376289,5.80237660,Solved
L?AAD?oy@wHKDd,23,5,5.7256881435,0.7256881435,1.1451376287,5.77304081,Solved
L?AE@aoRFOFOPX,24,5,5.7256881424,0.7256881424,1.1451376285,5.74025236,Solved
L?AEB?c{@kBKeW,24,5,5.7256881421,0.7256881421,1.1451376284,5.75129230,Solved
L?AAD@W[?UfORO,22,5,5.7256881401,0.7256881401,1.1451376280,5.76678923,Solved
L?AAD?oFEP^?RW,23,5,5.7256881400,0.7256881400,1.1451376280,5.82565012,Solved
L?AEB?WeV_F_Fo,24,5,5.7256881393,0.7256881393,1.1451376279,5.75172262,Solved
L?AA@AWTF_TQN_,23,5,5.7256881392,0.7256881392,1.1451376278,5.80350182,Solved
L?AAD@W[AYFOBs,23,5,5.7256881388,0.7256881388,1.1451376278,5.76287097,Solved
L?AAD?oFEPV?RW,22,5,5.7256881386,0.7256881386,1.1451376277,5.83056145,Solved
L?AA@BOTDoTQJg,23,5,5.7256881385,0.7256881385,1.1451376277,5.81444398,Solved
L?AEB?WNCq^?Fo,25,5,5.7256881385,0.7256881385,1.1451376277,5.74100655,Solved
L?AEB?c{@kQKA],24,5,5.7256881377,0.7256881377,1.1451376275,5.80658393,Solved
L?AAD?wT@S`w{@,23,5,5.7256881372,0.7256881372,1.1451376274,5.75112340,Solved
L?AEB?c{@kQK}?,24,5,5.7256881370,0.7256881370,1.1451376274,5.81371568,Solved
L?AAD?oyBgHKDd,23,5,5.7256881370,0.7256881370,1.1451376274,5.78042155,Solved
L?AAD@W[?Uhgk`,23,5,5.7256881368,0.7256881368,1.1451376274,5.77106392,Solved
L?AAD@W[AYBWka,23,5,5.7256881366,0.7256881366,1.1451376273,5.76423192,Solved
L?AA@BOTDoTQN_,23,5,5.7256881366,0.7256881366,1.1451376273,5.81402864,Solved
L?AE@aoRAJDoy?,23,5,5.7256881364,0.7256881364,1.1451376273,5.74775949,Solved
L?AEB?c{@[PK}?,24,5,5.7256881359,0.7256881359,1.1451376272,5.75607383,Solved
L?AA@BOTCoFoic,22,5,5.7256881357,0.7256881357,1.1451376271,5.81185697,Solved
L?AAD@oI_\BgTS,23,5,5.7256881356,0.7256881356,1.1451376271,5.76439955,Solved
L?AEB?c{@kBKcW,23,5,5.7256881353,0.7256881353,1.1451376271,5.82635410,Solved
L?AAD?wLAQ|?VO,23,5,5.7256881353,0.7256881353,1.1451376271,5.82317540,Solved
L?AA@BOTCsF_Jg,22,5,5.7256881352,0.7256881352,1.1451376270,5.82391561,Solved
L?AA@aHRRHZ?^?,24,5,5.7256881349,0.7256881349,1.1451376270,5.80153342,Solved
L?AA@AWT?{]?ic,22,5,5.7256881346,0.7256881346,1.1451376269,5.81463277,Solved
L?AEB?c{@kQKaY,24,5,5.7256881345,0.7256881345,1.1451376269,5.80205319,Solved
L?AAD?oFDo@kqG,21,5,5.7256881345,0.7256881345,1.1451376269,5.83990175,Solved
L?AA@BOmDSJ_Jg,23,5,5.7256881342,0.7256881342,1.1451376268,5.82150813,Solved
L?AEB?c{@kQKFo,24,5,5.7256881340,0.7256881340,1.1451376268,5.82415666,Solved
L?AA@AWT@cPH{?,20,5,5.7256745036,0.7256745036,1.1451349007,5.78688705,Solved
L?AAD@oI_w@[m?,21,5,5.7256513415,0.7256513415,1.1451302683,5.81266799,Solved
L?AAD@OI?sJ_Jg,20,5,5.7256506034,0.7256506034,1.1451301207,5.78182718,Solved
L?AA@aHMBGZ?ca,21,5,5.7256385398,0.7256385398,1.1451277080,5.78231864,Solved
L?AAD@W[@KAwQQ,21,5,5.7256080771,0.7256080771,1.1451216154,5.78461427,Solved
L?ABAaGBaoM_G[,21,5,5.7255783595,0.7255783595,1.1451156719,5.76984306,Solved
L?AAD@OIAWROBw,20,5,5.7255666287,0.7255666287,1.1451133257,5.74349221,Solved
L?AAD@OIAWUPJg,21,5,5.7255578159,0.7255578159,1.1451115632,5.76471043,Solved
L?AAD@OIAWVOFo,21,5,5.7255161505,0.7255161505,1.1451032301,5.74440533,Solved
L?AAD?sXDSAwN_,23,5,5.7255145563,0.7255145563,1.1451029113,5.78278494,Solved
L?AA@BOTCoDOco,19,5,5.7255019670,0.7255019670,1.1451003934,5.76500329,Solved
L?AA@AWT@cPWsO,20,5,5.7254803397,0.7254803397,1.1450960679,5.76465667,Solved
L?AB?qQUAWSHPW,22,5,5.7254743851,0.7254743851,1.1450948770,5.78963184,Solved
L?AAD@OI@g@wm_,20,5,5.7254495587,0.7254495587,1.1450899117,5.78066061,Solved
L?AA@AWT@SPYsQ,22,5,5.7253822126,0.7253822126,1.1450764425,5.77187632,Solved
L?AAD@OIAWEPN_,20,5,5.7252954328,0.7252954328,1.1450590866,5.75180601,Solved
L?AAD?oEAw@[XD,21,5,5.7252936064,0.7252936064,1.1450587213,5.78157344,Solved
L?AAD?WLFOEoQT,22,5,5.7252936052,0.7252936052,1.1450587210,5.75169628,Solved
L?AAD?W\BgTOAu,23,5,5.7252936046,0.7252936046,1.1450587209,5.74418155,Solved
L?AAD?cEF_DoAy,21,5,5.7252936041,0.7252936041,1.1450587208,5.76012439,Solved
L?AAD@W[?wDoBs,22,5,5.7252754270,0.7252754270,1.1450550854,5.80148875,Solved
L?AAD?wT@[N?ic,23,5,5.7252754263,0.7252754263,1.1450550853,5.77310818,Solved
L?AAD@oR?sUOVO,22,5,5.7252754232,0.7252754232,1.1450550846,5.80001263,Solved
L?AA@qoR@kN?kc,24,5,5.7252754229,0.7252754229,1.1450550846,5.75917674,Solved
L?AAD@OIAWEoHg,19,5,5.7252392989,0.7252392989,1.1450478598,5.76097149,Solved
L?AAD@oIag@kN_,22,5,5.7252117091,0.7252117091,1.1450423418,5.77542120,Solved
L?AAD@OI@gAqBw,20,5,5.7251840296,0.7251840296,1.1450368059,5.75029996,Solved
L?AAD@oIagAwAY,21,5,5.7251657139,0.7251657139,1.1450331428,5.75535384,Solved
L?AA@AWT@[YGic,22,5,5.7251549125,0.7251549125,1.1450309825,5.74744054,Solved
L?AA@aHMAWCoca,20,5,5.7251451315,0.7251451315,1.1450290263,5.75814364,Solved
L?AA@aHMBGAsea,22,5,5.7251368199,0.7251368199,1.1450273640,5.77587007,Solved
L?AAD@OIAWEPBw,20,5,5.7251300838,0.7251300838,1.1450260168,5.75284537,Solved
L?AAD@oI_wJGAw,21,5,5.7250969441,0.7250969441,1.1450193888,5.76220652,Solved
L?AA@BOTFORGas,22,5,5.7250795127,0.7250795127,1.1450159025,5.77079778,Solved
L?AA@AOT@wFOeo,21,5,5.7250672196,0.7250672196,1.1450134439,5.76975119,Solved
L?AAD@oI_w@sZ?,21,5,5.7250557718,0.7250557718,1.1450111544,5.75868754,Solved
L?AAD?sXCoBWFo,22,5,5.7250347840,0.7250347840,1.1450069568,5.75438515,Solved
L?AAD@W[?wTOEo,21,5,5.7250347813,0.7250347813,1.1450069563,5.75497126,Solved
L?AAD@OIAwROFo,21,5,5.7250347811,0.7250347811,1.1450069562,5.75923999,Solved
L?AAD@OI@g@{Ds,21,5,5.7249825330,0.7249825330,1.1449965066,5.75880592,Solved
L?AAD?oFAo@[e_,20,5,5.7249806149,0.7249806149,1.1449961230,5.76050565,Solved
L?AAD@OI@cAqVO,20,5,5.7248530536,0.7248530536,1.1449706107,5.75930760,Solved
L?AA@BOT@SRGas,21,5,5.7248258169,0.7248258169,1.1449651634,5.78683601,Solved
L?AA@AWTDcXG]?,21,5,5.7248060425,0.7248060425,1.1449612085,5.76723141,Solved
L?AAD@OiAwEoDc,21,5,5.7247706454,0.7247706454,1.1449541291,5.76747456,Solved
L?AAD@W[?YROEo,21,5,5.7247706448,0.7247706448,1.1449541290,5.78753183,Solved
L?AAD@Oi@g@sDs,21,5,5.7247706448,0.7247706448,1.1449541290,5.76522882,Solved
L?AADBOX?sF_cc,21,5,5.7247699785,0.7247699785,1.1449539957,5.75543273,Solved
L?AAD@OIAwFoDs,22,5,5.7247338742,0.7247338742,1.1449467748,5.75802986,Solved
L?AAD@W[?wTOFo,22,5,5.7247338685,0.7247338685,1.1449467737,5.76543627,Solved
L?AA@AWT@wYGas,22,5,5.7247153951,0.7247153951,1.1449430790,5.75396291,Solved
L?AAD?oeAWEoFO,20,5,5.7247083466,0.7247083466,1.1449416693,5.77307408,Solved
L?AAD@OJ@o@wig,21,5,5.7247060011,0.7247060011,1.1449412002,5.77202850,Solved
L?AAD@OI@cN_Ds,21,5,5.7246304507,0.7246304507,1.1449260901,5.76639614,Solved
L?AE@aoQPwN?Lc,24,5,5.7245673501,0.7245673501,1.1449134700,5.74384571,Solved
L?AAD?sX?s\?Dp,22,5,5.7245673483,0.7245673483,1.1449134697,5.76701023,Solved
L?AAD@oIagBgm_,22,5,5.7245673480,0.7245673480,1.1449134696,5.77982384,Solved
L?AA@AWT@SYGy?,20,5,5.7245054232,0.7245054232,1.1449010846,5.77774901,Solved
L?AAD?oFBoHKFo,22,5,5.7244522192,0.7244522192,1.1448904438,5.77547119,Solved
L?AAD@oI_iUOEo,21,5,5.7244391610,0.7244391610,1.1448878322,5.77630084,Solved
L?AA@AWT@cXG{?,20,5,5.7244208119,0.7244208119,1.1448841624,5.78262688,Solved
L?AA@aHMAWSPDg,21,5,5.7244021921,0.7244021921,1.1448804384,5.76065642,Solved
L?AAD@oI_w@km?,21,5,5.7243900366,0.7243900366,1.1448780073,5.81656594,Solved
L?AAD@OIAWUPN_,21,5,5.7243555174,0.7243555174,1.1448711035,5.75036188,Solved
L?AAD?wT?UtO\A,23,5,5.7243551624,0.7243551624,1.1448710325,5.77099424,Solved
L?AAD?wLAQ|?La,23,5,5.7243551617,0.7243551617,1.1448710323,5.75045641,Solved
L?AA@qo[AWUPN_,24,5,5.7243551611,0.7243551611,1.1448710322,5.74602851,Solved
L?AAD?oFBoAwqH,22,5,5.7243551572,0.7243551572,1.1448710314,5.77418325,Solved
L?AAD?wX?euOZA,23,5,5.7243551569,0.7243551569,1.1448710314,5.75883395,Solved
L?AAD@oI_wIgu?,21,5,5.7243456868,0.7243456868,1.1448691374,5.77425675,Solved
L?AAD@OI@cFoDs,21,5,5.7243135961,0.7243135961,1.1448627192,5.78392683,Solved
L?AAD?oyBWHKDd,23,5,5.7242829936,0.7242829936,1.1448565987,5.76819924,Solved
L?AADAoFEoEoQX,23,5,5.7242829908,0.7242829908,1.1448565982,5.75281721,Solved
L?AAD?wTCSbgBo,22,5,5.7242767286,0.7242767286,1.1448553457,5.78282584,Solved
L?AAD@oIagBWk_,21,5,5.7242605063,0.7242605063,1.1448521013,5.76284719,Solved
L?AAD@oIagBWm?,21,5,5.7242595053,0.7242595053,1.1448519011,5.76729479,Solved
L?AAD@OIAWUPBw,21,5,5.7242517883,0.7242517883,1.1448503577,5.74777993,Solved
L?AA@AWT@S]?aS,20,5,5.7242432540,0.7242432540,1.1448486508,5.79292659,Solved
L?AAD@oIagAwAq,21,5,5.7242131135,0.7242131135,1.1448426227,5.79147362,Solved
L?AAD?wTDSN?Fo,23,5,5.7241917481,0.7241917481,1.1448383496,5.76104031,Solved
L?AAD@W[?[Hgm_,22,5,5.7241449921,0.7241449921,1.1448289984,5.77123694,Solved
L?AAD?oEBWHcFo,21,5,5.7240672745,0.7240672745,1.1448134549,5.75846157,Solved
L?AAD?oFEoJGN_,22,5,5.7240672660,0.7240672660,1.1448134532,5.75032256,Solved
L?AE@`HB`s]?]?,23,5,5.7240114556,0.7240114556,1.1448022911,5.74211377,Solved
L?AE@aoQQWCqy?,22,5,5.7240114504,0.7240114504,1.1448022901,5.76502175,Solved
L?AAD?oeAg@oQO,18,5,5.7239611095,0.7239611095,1.1447922219,5.75806224,Solved
L?AA@AWT@cHGF_,19,5,5.7239595047,0.7239595047,1.1447919009,5.79128415,Solved
L?ABA_gUCcTGHQ,21,5,5.7239332819,0.7239332819,1.1447866564,5.76434898,Solved
L?AAD@oI_wL_BW,21,5,5.7238739190,0.7238739190,1.1447747838,5.76007698,Solved
L?AAD?cEF_Hgk_,20,5,5.7238252563,0.7238252563,1.1447650513,5.75907351,Solved
L?AAD@oI_w@sST,22,5,5.7238053530,0.7238053530,1.1447610706,5.78913576,Solved
L?AAD@oIaoAwTC,21,5,5.7237984908,0.7237984908,1.1447596982,5.75132638,Solved
L?AA@?WuBgEoaq,22,5,5.7237195873,0.7237195873,1.1447439175,5.76178417,Solved
L?AAD@OI?sHgJg,20,5,5.7237075183,0.7237075183,1.1447415037,5.76744976,Solved
L?AAD@OJ@wTOBw,22,5,5.7236886067,0.7236886067,1.1447377213,5.76287386,Solved
L?AAD@W[?]RORO,22,5,5.7236756520,0.7236756520,1.1447351304,5.74932926,Solved
L?AAD@OI@cBoRQ,20,5,5.7236691634,0.7236691634,1.1447338327,5.76876636,Solved
L?AAD?oeBG@SUO,19,5,5.7236333338,0.7236333338,1.1447266668,5.75367620,Solved
L?AAD@OIAwFOJg,21,5,5.7236239582,0.7236239582,1.1447247916,5.78871307,Solved
L?AAD@oI_w\?TS,22,5,5.7236140598,0.7236140598,1.1447228120,5.81317340,Solved
L?AAD@OICcHHJg,20,5,5.7235916338,0.7235916338,1.1447183268,5.75325189,Solved
L?AAD@OI@cHHN_,20,5,5.7235916297,0.7235916297,1.1447183259,5.76090532,Solved
L?AAD@OI@cHHJg,20,5,5.7235916291,0.7235916291,1.1447183258,5.76360885,Solved
L?AAD@OICcM_BY,20,5,5.7235916282,0.7235916282,1.1447183256,5.75579234,Solved
L?AAD@OI@cJGJg,20,5,5.7235338547,0.7235338547,1.1447067709,5.76545213,Solved
L?AAD@OIAWCsN_,20,5,5.7234780520,0.7234780520,1.1446956104,5.77576977,Solved
L?AAD?oeBGAwaI,20,5,5.7233652705,0.7233652705,1.1446730541,5.75780745,Solved
L?AAD@oRBoUOFo,23,5,5.7233177074,0.7233177074,1.1446635415,5.75471675,Solved
L?AAD@OI?sL_Bw,20,5,5.7233021560,0.7233021560,1.1446604312,5.76823962,Solved
L?AA@AWTDcXGL`,22,5,5.7232853376,0.7232853376,1.1446570675,5.76589667,Solved
L?AAD@OI?sHgcc,19,5,5.7232572228,0.7232572228,1.1446514446,5.74119389,Solved
L?AAD@OI@cM_BY,20,5,5.7232313275,0.7232313275,1.1446462655,5.75207929,Solved
L?AAD@OJ@o@wm_,21,5,5.7232290489,0.7232290489,1.1446458098,5.78308586,Solved
L?AAD@OI@w@wm_,21,5,5.7232290454,0.7232290454,1.1446458091,5.78048968,Solved
L?AAD?WLEoHgk_,21,5,5.7232060806,0.7232060806,1.1446412161,5.77276378,Solved
L?AAD?wT?]TOF_,22,5,5.7231927017,0.7231927017,1.1446385403,5.79372826,Solved
L?AAD@OI?sJGJg,20,5,5.7231541804,0.7231541804,1.1446308361,5.78922164,Solved
L?AAD@OI@w@km_,21,5,5.7231512584,0.7231512584,1.1446302517,5.78092447,Solved
L?AAD@OI@sJGJg,21,5,5.7231512521,0.7231512521,1.1446302504,5.78780427,Solved
L?AAD@OJ@o@km_,21,5,5.7231512515,0.7231512515,1.1446302503,5.80089159,Solved
L?ABA_gaQWQD}?,22,5,5.7230632698,0.7230632698,1.1446126540,5.75876783,Solved
L?AAD?cUDcL_sG,21,5,5.7230349190,0.7230349190,1.1446069838,5.77903311,Solved
L?AA@BOTDoTOUO,21,5,5.7230159852,0.7230159852,1.1446031970,5.78026268,Solved
L?AAD@oIagFoBw,23,5,5.7229970069,0.7229970069,1.1445994014,5.77217534,Solved
L?AAD@OI@sL_Bw,21,5,5.7229455523,0.7229455523,1.1445891105,5.76120616,Solved
L?AAD@oIag@wk_,21,5,5.7229447366,0.7229447366,1.1445889473,5.77658845,Solved
L?AAD@OIDcM_BY,21,5,5.7229445443,0.7229445443,1.1445889089,5.75715946,Solved
L?AAD?cEF_EoAy,21,5,5.7229394793,0.7229394793,1.1445878959,5.76602594,Solved
L?AAD?oeAgBgBw,21,5,5.7229389424,0.7229389424,1.1445877885,5.78218344,Solved
L?AAD?oeBWBgEo,21,5,5.7229389365,0.7229389365,1.1445877873,5.74738014,Solved
L?AAD?W\DcM_At,23,5,5.7229389351,0.7229389351,1.1445877870,5.74052908,Solved
L?AAD?oEAq@[XD,21,5,5.7229389348,0.7229389348,1.1445877870,5.76780546,Solved
L?AAD?WLBgUOAu,22,5,5.7229389344,0.7229389344,1.1445877869,5.74862337,Solved
L?AA@AOTFOBgeo,21,5,5.7229311973,0.7229311973,1.1445862395,5.74306658,Solved
L?AAD?oEAgXCDo,19,5,5.7229179254,0.7229179254,1.1445835851,5.76395392,Solved
L?AAD?oFBoBwRW,23,5,5.7228905512,0.7228905512,1.1445781102,5.77109467,Solved
L?AAD?wTDObgBo,22,5,5.7228735581,0.7228735581,1.1445747116,5.78427501,Solved
L?AA@BOTDoTOuO,22,5,5.7228441355,0.7228441355,1.1445688271,5.77233415,Solved
L?AEB?WU@Daw^?,23,5,5.7228372040,0.7228372040,1.1445674408,5.75424822,Solved
L?AAD?W{DcJGBs,23,5,5.7228371974,0.7228371974,1.1445674395,5.77123494,Solved
L?AA@AWT@cL_aQ,20,5,5.7227814250,0.7227814250,1.1445562850,5.75837157,Solved
L?ABA_gaOh]?cg,21,5,5.7227256743,0.7227256743,1.1445451349,5.75283107,Solved
L?AAD?oeAg@wag,20,5,5.7227224398,0.7227224398,1.1445444880,5.76143188,Solved
L?AAD@cHcoA[M_,21,5,5.7227143870,0.7227143870,1.1445428774,5.77314523,Solved
L?AAD@OICcJGJI,20,5,5.7226640719,0.7226640719,1.1445328144,5.75536647,Solved
L?AAD?wTDSAw\?,22,5,5.7226242854,0.7226242854,1.1445248571,5.78179567,Solved
L?AAF@cE_mV?\?,23,5,5.7226237831,0.7226237831,1.1445247566,5.77018621,Solved
L?AAD?wXCc@wL_,21,5,5.7225789414,0.7225789414,1.1445157883,5.74649961,Solved
L?AAD@oI_iJ_Bg,21,5,5.7225592681,0.7225592681,1.1445118536,5.77313277,Solved
L?AAD@OICcHgJg,20,5,5.7225548906,0.7225548906,1.1445109781,5.75429527,Solved
L?ABA_gaPY]?\C,23,5,5.7225470020,0.7225470020,1.1445094004,5.77103637,Solved
L?AA@BOT@TF_As,21,5,5.7225274961,0.7225274961,1.1445054992,5.76972806,Solved
L?AA@AWT@c@WVO,20,5,5.7225035272,0.7225035272,1.1445007054,5.74469845,Solved
L?AAD?wT?{TODo,22,5,5.7224920539,0.7224920539,1.1444984108,5.82706514,Solved
L?AAD?sXCcZ?QI,21,5,5.7224674434,0.7224674434,1.1444934887,5.75821841,Solved
L?AAD?oEBgHKFo,21,5,5.7224292552,0.7224292552,1.1444858510,5.74652641,Solved
L?AAD?oEAWBWXC,19,5,5.7222467689,0.7222467689,1.1444493538,5.78562167,Solved
L?AA@AWT@SyGN_,22,5,5.7222170955,0.7222170955,1.1444434191,5.74721632,Solved
L?AAD?cUDcHg{?,21,5,5.7221599367,0.7221599367,1.1444319873,5.77759568,Solved
L?AAD?wT@Sn?N_,23,5,5.7221585841,0.7221585841,1.1444317168,5.76196053,Solved
L?AAD@oIao@[^?,22,5,5.7221585825,0.7221585825,1.1444317165,5.75820250,Solved
L?AAD@oI_w@[^?,22,5,5.7221585808,0.7221585808,1.1444317162,5.78730988,Solved
L?AAD@W[?w@qN_,22,5,5.7221585806,0.7221585806,1.1444317161,5.79506695,Solved
L?AA@BOTDOBGBw,20,5,5.7221138625,0.7221138625,1.1444227725,5.75515468,Solved
L?AAD@OI?{M_Aw,20,5,5.7221041130,0.7221041130,1.1444208226,5.81672404,Solved
L?AAD@oRBo@wkc,23,5,5.7220025092,0.7220025092,1.1444005018,5.75888717,Solved
L?AAD?wXCcHgAs,21,5,5.7219992337,0.7219992337,1.1443998467,5.76215374,Solved
L?AAD?oEAWBWXD,20,5,5.7219566371,0.7219566371,1.1443913274,5.79631884,Solved
L?AAD@W[AYUOFo,23,5,5.7219564958,0.7219564958,1.1443912992,5.76233309,Solved
L?AAD@W[AY@yka,24,5,5.7219249512,0.7219249512,1.1443849902,5.75570335,Solved
L?AAD?cEF_@weg,21,5,5.7219190550,0.7219190550,1.1443838110,5.75782095,Solved
L?AA@AWT@SYG}?,21,5,5.7219162857,0.7219162857,1.1443832571,5.79284291,Solved
L?AAD?oEBWHKFo,21,5,5.7219019372,0.7219019372,1.1443803874,5.74385240,Solved
L?AADbGR@SDoKc,22,5,5.7218211843,0.7218211843,1.1443642369,5.75675915,Solved
L?AAD?oeAg@TFo,21,5,5.7218196323,0.7218196323,1.1443639265,5.76110220,Solved
L?AAD?wTCSn?N_,23,5,5.7217922193,0.7217922193,1.1443584439,5.76279023,Solved
L?AAD@W[?w@YN_,22,5,5.7217922190,0.7217922190,1.1443584438,5.79415139,Solved
L?AAD?wTBoAwic,23,5,5.7217483376,0.7217483376,1.1443496675,5.75405875,Solved
L?AA@AWT@cXGco,20,5,5.7217323933,0.7217323933,1.1443464787,5.75019675,Solved
L?AAD@OI?wQQm_,20,5,5.7217117518,0.7217117518,1.1443423504,5.74407194,Solved
L?AAD@OIAWBoJg,20,5,5.7217106212,0.7217106212,1.1443421242,5.76360599,Solved
L?AAD?oFBWHKFo,22,5,5.7216932539,0.7216932539,1.1443386508,5.74729583,Solved
L?AADAoFAgDODo,20,5,5.7216908738,0.7216908738,1.1443381748,5.81130040,Solved
L?AAD@OIBWAYBw,21,5,5.7216777362,0.7216777362,1.1443355472,5.76268579,Solved
L?AAD@oI_\J_Z?,22,5,5.7216365568,0.7216365568,1.1443273114,5.75795391,Solved
L?AAD@oI_\J_^?,23,5,5.7216365554,0.7216365554,1.1443273111,5.74728444,Solved
L?AAD@oI_w@s^?,22,5,5.7216365549,0.7216365549,1.1443273110,5.78542239,Solved
L?AAD?oNBW@kFo,23,5,5.7216365545,0.7216365545,1.1443273109,5.75344022,Solved
L?AADAoFBWBge_,22,5,5.7216365526,0.7216365526,1.1443273105,5.76460907,Solved
L?AAD?oeAgPSBw,21,5,5.7216263407,0.7216263407,1.1443252681,5.75888317,Solved
L?AA@AWT@cPWRO,20,5,5.7215887129,0.7215887129,1.1443177426,5.74843757,Solved
L?AAD?oeAg@sai,21,5,5.7215544567,0.7215544567,1.1443108913,5.76585615,Solved
L?AAD?cEF_DoVO,21,5,5.7215413779,0.7215413779,1.1443082756,5.76914506,Solved
L?AAD?WLFOEoVO,22,5,5.7215400704,0.7215400704,1.1443080141,5.75715202,Solved
L?AAD?wXCc@wN_,22,5,5.7215172309,0.7215172309,1.1443034462,5.75769247,Solved
L?AAD?oFBWBWm_,22,5,5.7215172302,0.7215172302,1.1443034460,5.75146899,Solved
L?AAD?oFEoIgN_,22,5,5.7215172282,0.7215172282,1.1443034456,5.75364318,Solved
L?AAD?oFEoDoVO,22,5,5.7215172269,0.7215172269,1.1443034454,5.74813850,Solved
L?AAD?oEBWBwRW,22,5,5.7215172263,0.7215172263,1.1443034453,5.75338237,Solved
L?AAD@OI@cM_Bw,20,5,5.7215161722,0.7215161722,1.1443032344,5.76041339,Solved
L?AAD@OIAwQQm_,21,5,5.7214715956,0.7214715956,1.1442943191,5.74846822,Solved
L?AA@AWT@SHgN?,20,5,5.7214590043,0.7214590043,1.1442918009,5.77995946,Solved
L?AA@AWT@SF_VO,21,5,5.7214586187,0.7214586187,1.1442917237,5.78772276,Solved
L?AAD@oIagBoAY,21,5,5.7214479939,0.7214479939,1.1442895988,5.74659267,Solved
L?AAD@OI@gUOBw,20,5,5.7214299102,0.7214299102,1.1442859820,5.76179573,Solved
L?AAD@OIBg@kDs,21,5,5.7214153448,0.7214153448,1.1442830690,5.75059990,Solved
L?AA@qoRDCbo]?,23,5,5.7214031871,0.7214031871,1.1442806374,5.78258346,Solved
L?AAD?wTBoEoic,23,5,5.7214031869,0.7214031869,1.1442806374,5.76549097,Solved
L?AA@qoRBoUQN_,25,5,5.7214031868,0.7214031868,1.1442806374,5.74905552,Solved
L?AAD@W[?w@yN_,23,5,5.7214031865,0.7214031865,1.1442806373,5.79028109,Solved
L?AAD?oEAgAwqH,20,5,5.7213727179,0.7213727179,1.1442745436,5.77486780,Solved
L?AA@AWT@SQW^?,21,5,5.7212491922,0.7212491922,1.1442498384,5.75182134,Solved
L?AAD?oeAWEoVO,21,5,5.7212471987,0.7212471987,1.1442494397,5.76077193,Solved
L?AAD?oeAgEoqH,21,5,5.7212471964,0.7212471964,1.1442494393,5.77327425,Solved
L?AAD?oeBgBWFo,22,5,5.7212471951,0.7212471951,1.1442494390,5.75319183,Solved
L?AAD?wLAQAp{?,21,5,5.7212471950,0.7212471950,1.1442494390,5.75838709,Solved
L?AAD@OICsBWVO,21,5,5.7212471942,0.7212471942,1.1442494388,5.75482178,Solved
L?AAD?oeAwEoVO,22,5,5.7212471937,0.7212471937,1.1442494387,5.75740357,Solved
L?AAD?oeAw@[VO,22,5,5.7212471936,0.7212471936,1.1442494387,5.74981437,Solved
L?AAD?oeAw@[UO,21,5,5.7212471934,0.7212471934,1.1442494387,5.75316881,Solved
L?AAD?sXCcBWRO,21,5,5.7211994445,0.7211994445,1.1442398889,5.77098100,Solved
L?AAD@OJ@cM_ig,21,5,5.7211257135,0.7211257135,1.1442251427,5.79707355,Solved
L?AAD@OJDcM_ig,22,5,5.7211254503,0.7211254503,1.1442250901,5.78758791,Solved
L?AA@aHMBGAsy@,22,5,5.7211254480,0.7211254480,1.1442250896,5.81186271,Solved
L?AAD@OI@sHgJg,21,5,5.7211087396,0.7211087396,1.1442217479,5.77234092,Solved
L?AAD?oyCTHKDF,23,5,5.7210931036,0.7210931036,1.1442186207,5.76439974,Solved
L?AA@BOTCoDOeo,20,5,5.7210864489,0.7210864489,1.1442172898,5.76291253,Solved
L?AAD@oI_iROEo,21,5,5.7210586432,0.7210586432,1.1442117286,5.75737454,Solved
L?AAD@OI@w@[m_,21,5,5.7210586415,0.7210586415,1.1442117283,5.77178624,Solved
L?AAD@OJ@o@[m_,21,5,5.7210586413,0.7210586413,1.1442117283,5.77810637,Solved
L?AAD@oI_ZJ_Z?,22,5,5.7210560247,0.7210560247,1.1442112049,5.75465425,Solved
L?AAD@oI_iBWm_,22,5,5.7210560246,0.7210560246,1.1442112049,5.76455181,Solved
L?AAD?oNBW@wRW,23,5,5.7210560237,0.7210560237,1.1442112047,5.75257166,Solved
L?AAD@oI_w@k^?,22,5,5.7210560187,0.7210560187,1.1442112037,5.78202806,Solved
L?AAD@oI_ZJ_^?,23,5,5.7210560171,0.7210560171,1.1442112034,5.75196718,Solved
L?AA@BOT@TRGas,22,5,5.7210367881,0.7210367881,1.1442073576,5.77109419,Solved
L?AAD?oFFOFoVO,23,5,5.7210239138,0.7210239138,1.1442047828,5.74735699,Solved
L?AAD?oFBWTOFo,22,5,5.7210239124,0.7210239124,1.1442047825,5.74393462,Solved
L?AAD?oEBgBwRW,22,5,5.7210239119,0.7210239119,1.1442047824,5.74506901,Solved
L?AAD?oFFOIgN_,22,5,5.7210239083,0.7210239083,1.1442047817,5.76045011,Solved
L?AADaoJAoHgHa,22,5,5.7210052342,0.7210052342,1.1442010468,5.76124818,Solved
L?AAD@OJ@cEoRA,20,5,5.7210014182,0.7210014182,1.1442002836,5.78245569,Solved
L?AA@AOTCsN?Fo,21,5,5.7209495525,0.7209495525,1.1441899105,5.75003271,Solved
L?AA@BOTDOBgBw,21,5,5.7209100316,0.7209100316,1.1441820063,5.75592986,Solved
L?AAD@Oi@gAWJg,20,5,5.7209063127,0.7209063127,1.1441812625,5.76625419,Solved
L?AAD?wT?uTOFO,22,5,5.7208984954,0.7208984954,1.1441796991,5.81511607,Solved
L?AA@?WuBgIgab,22,5,5.7207128295,0.7207128295,1.1441425659,5.77381738,Solved
L?AAD@oIagN_Bw,23,5,5.7207031872,0.7207031872,1.1441406374,5.77453612,Solved
L?AA@BOJHsQWk_,22,5,5.7206858811,0.7206858811,1.1441371762,5.76764021,Solved
L?AADAoFAgDOEo,20,5,5.7206788452,0.7206788452,1.1441357690,5.80561387,Solved
L?AA@AWT@S]?cQ,20,5,5.7206770253,0.7206770253,1.1441354051,5.76471779,Solved
L?AA@AWT@S]?sQ,21,5,5.7206712243,0.7206712243,1.1441342449,5.77191794,Solved
L?AAD?oEAq@[HF,21,5,5.7206516356,0.7206516356,1.1441303271,5.75954217,Solved
L?AAD@Oi@cJGFo,21,5,5.7206471444,0.7206471444,1.1441294289,5.76162796,Solved
L?AE@aoQPw^?Lc,25,5,5.7206339443,0.7206339443,1.1441267889,5.74051824,Solved
L?AEB?c{@[QK}?,24,5,5.7206339399,0.7206339399,1.1441267880,5.76889548,Solved
L?AAD?sX@sAwy@,23,5,5.7206339375,0.7206339375,1.1441267875,5.76824210,Solved
L?AAD?wTCSawF_,22,5,5.7205906488,0.7205906488,1.1441181298,5.81497549,Solved
L?AAD?sX?sZ?ac,21,5,5.7205716686,0.7205716686,1.1441143337,5.80284342,Solved
L?AAD?oeAg@waI,20,5,5.7205573904,0.7205573904,1.1441114781,5.74165420,Solved
L?AADAoFAgTPBw,23,5,5.7204889798,0.7204889798,1.1440977960,5.75062798,Solved
L?AA@AWT@S]?As,20,5,5.7204518568,0.7204518568,1.1440903714,5.80390119,Solved
L?AAD@W[?]TORO,22,5,5.7204370433,0.7204370433,1.1440874087,5.75468483,Solved
L?AADAoFAgDOFo,21,5,5.7204354818,0.7204354818,1.1440870964,5.81050875,Solved
L?AA@AWT@cPH^?,21,5,5.7204155722,0.7204155722,1.1440831144,5.77300394,Solved
L?AAD@OI@cEoRQ,20,5,5.7203582838,0.7203582838,1.1440716568,5.75237718,Solved
L?AAD@OI@kAY^?,21,5,5.7203013893,0.7203013893,1.1440602779,5.75808980,Solved
L?AAD?oeBGJGag,20,5,5.7202930461,0.7202930461,1.1440586092,5.76107307,Solved
L?AAD?oeAg@wai,21,5,5.7202915454,0.7202915454,1.1440583091,5.76028285,Solved
L?AA@qoR?\N?Kc,23,5,5.7202914461,0.7202914461,1.1440582892,5.74046051,Solved
L?AAD?wX?uBgec,23,5,5.7201872715,0.7201872715,1.1440374543,5.74325452,Solved
L?AEB?WeBg@wXC,22,5,5.7201218000,0.7201218000,1.1440243600,5.76019578,Solved
L?AAD@oIagAwAy,22,5,5.7201159691,0.7201159691,1.1440231938,5.77764755,Solved
L?AAD@Oi@sJGFo,22,5,5.7201159677,0.7201159677,1.1440231935,5.77159674,Solved
L?AA@AWT@[F_as,22,5,5.7200981331,0.7200981331,1.1440196266,5.74802773,Solved
L?AAD@OJ@cM_BY,21,5,5.7200853662,0.7200853662,1.1440170732,5.75942363,Solved
L?AA@?WuBgPWN_,22,5,5.7200542722,0.7200542722,1.1440108544,5.74501524,Solved
L?AAD@OIAwROHg,20,5,5.7200453794,0.7200453794,1.1440090759,5.76196715,Solved
L?AA@BOT@SPWN?,20,5,5.7200055773,0.7200055773,1.1440011155,5.74474400,Solved
L?AAD?sXCcN?QI,21,5,5.7200002287,0.7200002287,1.1440000457,5.77256821,Solved
L?AAD@Oi@cHgF_,20,5,5.7199708865,0.7199708865,1.1439941773,5.79042319,Solved
L?AAD@cMdc@wN_,24,5,5.7199520154,0.7199520154,1.1439904031,5.75448476,Solved
L?ABA_giO]L_CN,24,5,5.7199520150,0.7199520150,1.1439904030,5.74521450,Solved
L?AAD?oEAyFoBw,23,5,5.7199520136,0.7199520136,1.1439904027,5.74739338,Solved
L?AAD?oFBWBwm_,23,5,5.7199520130,0.7199520130,1.1439904026,5.74611267,Solved
L?AAD?oeAgHcai,21,5,5.7199069045,0.7199069045,1.1439813809,5.76313307,Solved
L?ABAaIeB_D_HW,21,5,5.7199046242,0.7199046242,1.1439809248,5.79293730,Solved
L?AAD?wX?kROBo,21,5,5.7199005546,0.7199005546,1.1439801109,5.74308088,Solved
L?AAD?sXCcBIAY,21,5,5.7198949905,0.7198949905,1.1439789981,5.76534111,Solved
L?AAD@oIag@wm?,21,5,5.7198939800,0.7198939800,1.1439787960,5.78724229,Solved
L?AAD@Oi@gAwJg,21,5,5.7198427269,0.7198427269,1.1439685454,5.78052484,Solved
L?AEB?WU@wAwHk,23,5,5.7198082504,0.7198082504,1.1439616501,5.76170512,Solved
L?AAD?sXDoBWDo,22,5,5.7198004368,0.7198004368,1.1439600874,5.77314117,Solved
L?AA@BOT@oZGic,22,5,5.7197946262,0.7197946262,1.1439589252,5.76323713,Solved
L?AAD?sX?sUOA{,22,5,5.7197831025,0.7197831025,1.1439566205,5.79560530,Solved
L?AAD?cEF_UOBq,21,5,5.7197757533,0.7197757533,1.1439551507,5.75860763,Solved
L?AAD?cUF_HgAy,22,5,5.7197658643,0.7197658643,1.1439531729,5.77012078,Solved
L?AEB?WU@HM_Ar,22,5,5.7197586901,0.7197586901,1.1439517380,5.81430689,Solved
L?AAD?wLEOJGKa,21,5,5.7197295999,0.7197295999,1.1439459200,5.75881195,Solved
L?AAD?wXCcBWJA,21,5,5.7196789596,0.7196789596,1.1439357919,5.75806229,Solved
L?AAD@oI_wN?Bw,22,5,5.7196619525,0.7196619525,1.1439323905,5.81768720,Solved
L?AA@AWT@cPWu?,20,5,5.7196579693,0.7196579693,1.1439315939,5.76648286,Solved
L?AAD@OJDcM_BY,22,5,5.7196350831,0.7196350831,1.1439270166,5.76860321,Solved
L?AAD?oFBo@kJ_,21,5,5.7196059610,0.7196059610,1.1439211922,5.80361071,Solved
L?AAD?oFBo@kN_,22,5,5.7195432453,0.7195432453,1.1439086491,5.80073238,Solved
L?AA@AWT@c]?qQ,21,5,5.7195406971,0.7195406971,1.1439081394,5.78253951,Solved
L?AAD@Oi@cBoVO,21,5,5.7195062587,0.7195062587,1.1439012517,5.79483532,Solved
L?AAD@WLdSIgL_,23,5,5.7194747647,0.7194747647,1.1438949529,5.74474853,Solved
L?AAD?oeAg@XVO,21,5,5.7194727521,0.7194727521,1.1438945504,5.77054034,Solved
L?AAD@W{Dc@wRQ,24,5,5.7194186358,0.7194186358,1.1438837272,5.75306013,Solved
L?AE@bGY@gFOAq,22,5,5.7194085034,0.7194085034,1.1438817007,5.75154761,Solved
L?AAD@oI_wV?Bw,22,5,5.7193470870,0.7193470870,1.1438694174,5.82438750,Solved
L?AAD@oIagBoAq,21,5,5.7193267457,0.7193267457,1.1438653491,5.77185280,Solved
L?AAD@W[@g@oHg,20,5,5.7192987297,0.7192987297,1.1438597459,5.75807685,Solved
L?ABA_gaQgv?JO,22,5,5.7191994303,0.7191994303,1.1438398861,5.75386428,Solved
L?AAD@W[@g@oQQ,20,5,5.7191675541,0.7191675541,1.1438335108,5.75700325,Solved
L?AADbGX@gBOac,21,5,5.7191341533,0.7191341533,1.1438268307,5.78920456,Solved
L?AAD@oIag@sk_,21,5,5.7191210316,0.7191210316,1.1438242063,5.79071020,Solved
L?AAD?wXCc@wFo,22,5,5.7191191774,0.7191191774,1.1438238355,5.74883656,Solved
L?AAD?wXCcBgFo,22,5,5.7191191751,0.7191191751,1.1438238350,5.75190468,Solved
L?AAD?wXCcBWFo,22,5,5.7191191751,0.7191191751,1.1438238350,5.75684709,Solved
L?AAD?wXCc@wDo,21,5,5.7191191728,0.7191191728,1.1438238346,5.74114515,Solved
L?AAD?wXCcBWDo,21,5,5.7191191723,0.7191191723,1.1438238345,5.75354938,Solved
L?AAD?wXCcBgBo,21,5,5.7191191723,0.7191191723,1.1438238345,5.74996184,Solved
L?AAD?wXCcBgDo,21,5,5.7191191718,0.7191191718,1.1438238344,5.76045355,Solved
L?AAD?wXCcBoFo,22,5,5.7191191715,0.7191191715,1.1438238343,5.76138229,Solved
L?AAD?wXCcAwFo,22,5,5.7191191713,0.7191191713,1.1438238343,5.74965677,Solved
L?AA@AWT@SAwF_,20,5,5.7191046615,0.7191046615,1.1438209323,5.76490488,Solved
L?AAD@oI_wZ?SS,21,5,5.7190586226,0.7190586226,1.1438117245,5.75703543,Solved
L?AAD@oIaWF_Bw,22,5,5.7190280883,0.7190280883,1.1438056177,5.77083644,Solved
L?ABA_gaQWU@PK,21,5,5.7189925888,0.7189925888,1.1437985178,5.75221303,Solved
L?AAD?sXAoUOqG,21,5,5.7189849139,0.7189849139,1.1437969828,5.74453950,Solved
L?AAD?sXCSJGm?,21,5,5.7189536040,0.7189536040,1.1437907208,5.75519232,Solved
L?AAD?WLEoDoTO,21,5,5.7189486234,0.7189486234,1.1437897247,5.74268927,Solved
L?AAD?sXCcFORA,21,5,5.7189022460,0.7189022460,1.1437804492,5.80999347,Solved
L?AAD?cUF_UORP,22,5,5.7188887385,0.7188887385,1.1437777477,5.76845332,Solved
L?AAD?wLEOIgLa,22,5,5.7188820706,0.7188820706,1.1437764141,5.77293736,Solved
L?AAD?wT?y@wic,23,5,5.7187603670,0.7187603670,1.1437520734,5.77558642,Solved
L?AAD@oIagBoAy,22,5,5.7187373880,0.7187373880,1.1437474776,5.76721772,Solved
L?AAD?wT?]F_ic,23,5,5.7186844292,0.7186844292,1.1437368858,5.75679980,Solved
L?AA@AWTDSL_sO,21,5,5.7186482205,0.7186482205,1.1437296441,5.75791176,Solved
L?AE@bGY@gBoAq,22,5,5.7186105730,0.7186105730,1.1437221146,5.74893563,Solved
L?AAD@OIAWVOBw,21,5,5.7186059328,0.7186059328,1.1437211866,5.74463770,Solved
L?AAD?sX?sUOVO,22,5,5.7185898087,0.7185898087,1.1437179617,5.77097860,Solved
L?AAD?oZ@kZ?TO,22,5,5.7185844227,0.7185844227,1.1437168845,5.75092985,Solved
L?AAD@OICcJ_Jg,20,5,5.7184994874,0.7184994874,1.1436998975,5.74489700,Solved
L?AAD?wLAWXAca,21,5,5.7184939483,0.7184939483,1.1436987897,5.75660299,Solved
L?AAD?wLAWXAka,22,5,5.7184337717,0.7184337717,1.1436867543,5.75906984,Solved
L?AADbGR@oEcgc,22,5,5.7184337695,0.7184337695,1.1436867539,5.74674007,Solved
L?AAD?wLEOIgi_,21,5,5.7184230143,0.7184230143,1.1436846029,5.78792996,Solved
L?AA@AOT@wTOVO,21,5,5.7184164037,0.7184164037,1.1436832807,5.75753070,Solved
L?AAD@oI_wHgBg,21,5,5.7184007319,0.7184007319,1.1436801464,5.76914782,Solved
L?AAD@W[@g@wHg,21,5,5.7182923357,0.7182923357,1.1436584671,5.76184765,Solved
L?ABAaIeB_N_Bq,24,5,5.7182652656,0.7182652656,1.1436530531,5.74021399,Solved
L?AAD@oIaWN_Bw,23,5,5.7182365006,0.7182365006,1.1436473001,5.76868255,Solved
L?ABAaIeB_D_G[,21,5,5.7182244421,0.7182244421,1.1436448884,5.80230719,Solved
L?AA@aHMBOAoca,20,5,5.7182225650,0.7182225650,1.1436445130,5.75537154,Solved
L?AAD@OJBoAwHg,21,5,5.7182202672,0.7182202672,1.1436440534,5.76374576,Solved
L?AAD@oR?sV?Fo,22,5,5.7182159149,0.7182159149,1.1436431830,5.76265363,Solved
L?ABAaIeB_D_H[,22,5,5.7182159135,0.7182159135,1.1436431827,5.79404148,Solved
L?AAF@cM?sAwy@,23,5,5.7182159115,0.7182159115,1.1436431823,5.77671976,Solved
L?AAD@Oi?{FOVO,22,5,5.7182159107,0.7182159107,1.1436431821,5.81118535,Solved
L?AAD?wX?sAwy@,22,5,5.7182159107,0.7182159107,1.1436431821,5.78084984,Solved
L?AAD?oeAgPTRW,22,5,5.7181913798,0.7181913798,1.1436382760,5.75957077,Solved
L?AA@AWT@cHGy?,19,5,5.7181415144,0.7181415144,1.1436283029,5.77065199,Solved
L?AAD?sXCcBWAY,21,5,5.7180718365,0.7180718365,1.1436143673,5.76469688,Solved
L?AAD?oeAg@\VO,22,5,5.7180553682,0.7180553682,1.1436110736,5.76899960,Solved
L?AAD?sXDoBWFo,23,5,5.7180370977,0.7180370977,1.1436074195,5.74267873,Solved
L?AAD?oZ@kIg}?,23,5,5.7180302057,0.7180302057,1.1436060411,5.74651277,Solved
L?AAD?WLFOIgJ_,21,5,5.7180236550,0.7180236550,1.1436047310,5.75050318,Solved
L?AAD@OJ@cM_Bw,21,5,5.7179934045,0.7179934045,1.1435986809,5.76882148,Solved
L?AB?qQUAWSHm?,22,5,5.7179334854,0.7179334854,1.1435866971,5.76796560,Solved
L?AA@AWT@cHG}?,20,5,5.7178934193,0.7178934193,1.1435786839,5.79141790,Solved
L?AAD?sXCcBWM_,21,5,5.7178915495,0.7178915495,1.1435783099,5.79748684,Solved
L?AAD?oNBo@kDo,22,5,5.7178849751,0.7178849751,1.1435769950,5.77749671,Solved
L?AA@AWT@cPWVO,21,5,5.7178841641,0.7178841641,1.1435768328,5.74609011,Solved
L?AA@aHMBGZ?Ci,21,5,5.7178727618,0.7178727618,1.1435745524,5.75621559,Solved
L?AA@AWT@c@W]?,19,5,5.7178482642,0.7178482642,1.1435696528,5.77626793,Solved
L?AA@aHmFOKce`,24,5,5.7177923380,0.7177923380,1.1435584676,5.74987020,Solved
L?AAD?wT?y@w{@,23,5,5.7177923370,0.7177923370,1.1435584674,5.82719515,Solved
L?AA@aHMFORODi,23,5,5.7177923352,0.7177923352,1.1435584670,5.77119439,Solved
L?AA@BOT@SV?A[,20,5,5.7177606605,0.7177606605,1.1435521321,5.76651325,Solved
L?AAD@Oi@gDsDs,22,5,5.7176755112,0.7176755112,1.1435351022,5.76053821,Solved
L?AAD@oR?VJ_N_,23,5,5.7176732814,0.7176732814,1.1435346563,5.75196046,Solved
L?AAD?oy@sHKDd,23,5,5.7176732787,0.7176732787,1.1435346557,5.76050880,Solved
L?AE@aoRBoDoPW,23,5,5.7175653526,0.7175653526,1.1435130705,5.75572712,Solved
L?AA@AWTF_XGas,22,5,5.7174673206,0.7174673206,1.1434934641,5.77204438,Solved
L?AAD@oI_wJGBw,22,5,5.7174566207,0.7174566207,1.1434913241,5.75948201,Solved
L?AA@AWT@cHGJ_,19,5,5.7172813305,0.7172813305,1.1434562661,5.74641354,Solved
L?AADbGR@oEoKg,22,5,5.7172729755,0.7172729755,1.1434545951,5.76467810,Solved
L?AAD@OICcF_Bw,20,5,5.7172575742,0.7172575742,1.1434515148,5.75646390,Solved
L?AAD@Oi?wROBw,21,5,5.7172438079,0.7172438079,1.1434487616,5.76942871,Solved
L?AAD@OJ?s\?Do,20,5,5.7171707400,0.7171707400,1.1434341480,5.82048106,Solved
L?AA@BOT@oTOas,21,5,5.7171364152,0.7171364152,1.1434272830,5.77706331,Solved
L?AAD@oIaW@wTC,21,5,5.7171261053,0.7171261053,1.1434252211,5.76485857,Solved
L?AA@aHMBGQP{?,21,5,5.7170769835,0.7170769835,1.1434153967,5.76891749,Solved
L?AADBOL?kHIBo,21,5,5.7170646603,0.7170646603,1.1434129321,5.76066246,Solved
L?AA@AWT@c\?aS,20,5,5.7170254263,0.7170254263,1.1434050853,5.76889923,Solved
L?AA@aHMBGROL_,21,5,5.7170060132,0.7170060132,1.1434012026,5.83370852,Solved
L?AAD?oeAgPTBw,22,5,5.7169904940,0.7169904940,1.1433980988,5.75635825,Solved
L?AA@BOT@TF_VO,22,5,5.7169764933,0.7169764933,1.1433952987,5.76173755,Solved
L?AA@aHMBGROHg,21,5,5.7169396174,0.7169396174,1.1433879235,5.79735717,Solved
L?AAD?wXCcawF_,22,5,5.7169216252,0.7169216252,1.1433843250,5.77674873,Solved
L?AAD?oeAq@kag,21,5,5.7169109400,0.7169109400,1.1433821880,5.78514000,Solved
L?AAD@oI_\Hg}?,23,5,5.7168966993,0.7168966993,1.1433793399,5.74424455,Solved
L?AA@aHMBGQP}?,22,5,5.7168905719,0.7168905719,1.1433781144,5.76864380,Solved
L?AAD@OZBoDcig,23,5,5.7168905706,0.7168905706,1.1433781141,5.75713653,Solved
L?AAD@OiCsBWVO,22,5,5.7168905698,0.7168905698,1.1433781140,5.76412213,Solved
L?AAD@OIAwUOJg,21,5,5.7168836262,0.7168836262,1.1433767252,5.76056159,Solved
L?AAD?oEAwBWXD,21,5,5.7168719317,0.7168719317,1.1433743863,5.77840759,Solved
L?AA@BOTDoTOas,22,5,5.7168553103,0.7168553103,1.1433710621,5.76665062,Solved
L?AA@AWTDSQW^?,22,5,5.7168312259,0.7168312259,1.1433662452,5.74152405,Solved
L?AAD?wT?{TOEo,22,5,5.7168236419,0.7168236419,1.1433647284,5.77872235,Solved
L?AAD@W[@KF_Bc,21,5,5.7167873277,0.7167873277,1.1433574655,5.78976070,Solved
L?AA@AWT@cHg{?,20,5,5.7167776810,0.7167776810,1.1433555362,5.75560990,Solved
L?AAD?wT?uTOBo,22,5,5.7167279039,0.7167279039,1.1433455808,5.76542776,Solved
L?AAD?wT?{TOFO,22,5,5.7167279024,0.7167279024,1.1433455805,5.84999525,Solved
L?AAD?wT?uTODo,22,5,5.7167279016,0.7167279016,1.1433455803,5.80149972,Solved
L?AA@aHMBGROLg,22,5,5.7167279012,0.7167279012,1.1433455802,5.79978960,Solved
L?AAD?wTDSAwBo,22,5,5.7167279011,0.7167279011,1.1433455802,5.76990090,Solved
L?AAD?wTDSAwFo,23,5,5.7167278999,0.7167278999,1.1433455800,5.77880653,Solved
L?AAD?wTDSBgFo,23,5,5.7167278998,0.7167278998,1.1433455800,5.77905191,Solved
L?AAD?wTDSBwFo,24,5,5.7167278993,0.7167278993,1.1433455799,5.74980746,Solved
L?AAD?wT?{TOFo,23,5,5.7167278992,0.7167278992,1.1433455798,5.78277508,Solved
L?AAD?wT?]TOFo,23,5,5.7167278988,0.7167278988,1.1433455798,5.75563148,Solved
L?AAD?wTDSBgDo,22,5,5.7167278986,0.7167278986,1.1433455797,5.78757797,Solved
L?AAD?wT?uTOFo,23,5,5.7167278981,0.7167278981,1.1433455796,5.76570567,Solved
L?AAD@oI_wIg}?,22,5,5.7167278980,0.7167278980,1.1433455796,5.78733364,Solved
L?AEB?We@gBgHk,22,5,5.7166910394,0.7166910394,1.1433382079,5.77255628,Solved
L?AAD@OI@gROBw,20,5,5.7166715506,0.7166715506,1.1433343101,5.74968120,Solved
L?AAD@oIag@XN_,22,5,5.7166609008,0.7166609008,1.1433321802,5.76783723,Solved
L?AAD@oI_wZ?DS,21,5,5.7166543805,0.7166543805,1.1433308761,5.76385854,Solved
L?AAD@oIaWBgBg,21,5,5.7165743007,0.7165743007,1.1433148601,5.74232537,Solved
L?AA@AOTBoBgBw,21,5,5.7165523440,0.7165523440,1.1433104688,5.75376873,Solved
L?AE@b_F?xXG]?,23,5,5.7165111388,0.7165111388,1.1433022278,5.76925605,Solved
L?AAD?sXCcBwEs,23,5,5.7165071965,0.7165071965,1.1433014393,5.77311258,Solved
L?AA@AOT?{Eoas,21,5,5.7164907089,0.7164907089,1.1432981418,5.75372321,Solved
L?AA@AWTDSYGN_,22,5,5.7164834234,0.7164834234,1.1432966847,5.74297691,Solved
L?AAD@oI_\HgSS,22,5,5.7164761774,0.7164761774,1.1432952355,5.77415129,Solved
L?AA@AWT@cHHas,21,5,5.7164567688,0.7164567688,1.1432913538,5.76976887,Solved
L?AAD@OJ@sHgHg,21,5,5.7164536653,0.7164536653,1.1432907331,5.79201216,Solved
L?AAD?wLAWBWk_,21,5,5.7164441109,0.7164441109,1.1432888222,5.74498042,Solved
L?AAD@oI_w@sVO,22,5,5.7164195239,0.7164195239,1.1432839048,5.77002389,Solved
L?AADBOX@cBoBg,21,5,5.7164151720,0.7164151720,1.1432830344,5.75725641,Solved
L?AAD?sXCc@[Fo,22,5,5.7163964084,0.7163964084,1.1432792817,5.75793198,Solved
L?AAD@OI?sM_Bw,20,5,5.7163952956,0.7163952956,1.1432790591,5.78800698,Solved
L?AAD@OI@sM_Bw,21,5,5.7163862667,0.7163862667,1.1432772533,5.78208546,Solved
L?ABA_gaPYIa}?,23,5,5.7163730737,0.7163730737,1.1432746147,5.75886477,Solved
L?AAD?sXCcFOBQ,21,5,5.7163016582,0.7163016582,1.1432603316,5.78497346,Solved
L?AAD@OJ@cEoRQ,21,5,5.7162777854,0.7162777854,1.1432555571,5.78291296,Solved
L?AA@AWT@wYGm_,22,5,5.7162775890,0.7162775890,1.1432555178,5.77267372,Solved
L?AAD@oI_wBgy?,21,5,5.7162088868,0.7162088868,1.1432417774,5.79349701,Solved
L?ABA_gaQgqS{?,22,5,5.7161680093,0.7161680093,1.1432336019,5.76041040,Solved
L?AAD?sXCoBWi_,21,5,5.7161672519,0.7161672519,1.1432334504,5.74101170,Solved
L?AAD?sXCsBWk_,22,5,5.7161567457,0.7161567457,1.1432313491,5.77433080,Solved
L?AAD@OI@wUOBw,21,5,5.7161431554,0.7161431554,1.1432286311,5.77290990,Solved
L?AA@AWT@cL_qQ,21,5,5.7161396730,0.7161396730,1.1432279346,5.75453132,Solved
L?AB?qQUAWSHy?,22,5,5.7161361111,0.7161361111,1.1432272222,5.77568923,Solved
L?AB?qQUAWSH}?,23,5,5.7161358411,0.7161358411,1.1432271682,5.76102540,Solved
L?AAD@OICsM_Aw,20,5,5.7160996636,0.7160996636,1.1432199327,5.75355854,Solved
L?AA@BOT@SV?A{,21,5,5.7160901313,0.7160901313,1.1432180263,5.77405505,Solved
L?AAD@W[DSBWV?,22,5,5.7160888202,0.7160888202,1.1432177640,5.74339429,Solved
L?AAD?sXCoBWm_,22,5,5.7160888184,0.7160888184,1.1432177637,5.74424775,Solved
L?AAD?sXDoBWm_,23,5,5.7160888172,0.7160888172,1.1432177634,5.74344353,Solved
L?AAD?sXCsBWm_,23,5,5.7160888155,0.7160888155,1.1432177631,5.74317291,Solved
L?AAD?sXCcBWm_,22,5,5.7160888146,0.7160888146,1.1432177629,5.77834706,Solved
L?AAD?sX@sBWm_,23,5,5.7160888144,0.7160888144,1.1432177629,5.75305425,Solved
L?AAD@oIagUOUO,21,5,5.7160679340,0.7160679340,1.1432135868,5.77753186,Solved
L?AAD?wT@s\?Dp,23,5,5.7160604762,0.7160604762,1.1432120952,5.76972453,Solved
L?AA@aHMAWCom?,20,5,5.7160501731,0.7160501731,1.1432100346,5.74097997,Solved
L?AA@BOT@SROco,20,5,5.7159891096,0.7159891096,1.1431978219,5.76603400,Solved
L?AADBOX?sF_Aw,21,5,5.7158777546,0.7158777546,1.1431755509,5.76187294,Solved
L?AAD@Oi?wUOBw,21,5,5.7158409679,0.7158409679,1.1431681936,5.75517628,Solved
L?AAD?wXCcBoJA,21,5,5.7158394343,0.7158394343,1.1431678869,5.77412266,Solved
L?AA@AOT@wTOuO,21,5,5.7158257197,0.7158257197,1.1431651439,5.75919012,Solved
L?AADAoFBo@we_,22,5,5.7158028100,0.7158028100,1.1431605620,5.79734366,Solved
L?AA@_geBgPWJ_,21,5,5.7157420799,0.7157420799,1.1431484160,5.75107455,Solved
L?AAD@Oi?wVOBw,22,5,5.7157402732,0.7157402732,1.1431480546,5.76096433,Solved
L?AAD?oeAg@[Do,20,5,5.7157285866,0.7157285866,1.1431457173,5.74954087,Solved
L?AAD@oIag@\N_,23,5,5.7156918134,0.7156918134,1.1431383627,5.75936975,Solved
L?AAD@W[AY@wm_,23,5,5.7156613657,0.7156613657,1.1431322731,5.74669180,Solved
L?AAD?wT?uN?m_,23,5,5.7156171915,0.7156171915,1.1431234383,5.74707050,Solved
L?AAD?cuF_HKk`,23,5,5.7155509495,0.7155509495,1.1431101899,5.75825261,Solved
L?AA@aHMAWESy?,21,5,5.7154864728,0.7154864728,1.1430972946,5.78140375,Solved
L?AAD?WLBoKcDo,21,5,5.7154773592,0.7154773592,1.1430954718,5.76326757,Solved
L?AAD@OI@kL_Ds,21,5,5.7154664942,0.7154664942,1.1430932988,5.75058977,Solved
L?ABAaGRFO@wCN,23,5,5.7153895521,0.7153895521,1.1430779104,5.74619793,Solved
L?AAD?WLEoUORP,22,5,5.7153895475,0.7153895475,1.1430779095,5.76151868,Solved
L?AAD?wLAQAp}?,22,5,5.7153895458,0.7153895458,1.1430779092,5.76097692,Solved
L?AAD?wLAQZ?La,22,5,5.7153895445,0.7153895445,1.1430779089,5.76473229,Solved
L?ABA_geBGtGCj,23,5,5.7153895438,0.7153895438,1.1430779088,5.75124372,Solved
L?AAD@OI@kN_Ds,22,5,5.7153895435,0.7153895435,1.1430779087,5.74652255,Solved
L?AAD?wTDSAwN?,22,5,5.7153639123,0.7153639123,1.1430727825,5.78573786,Solved
L?AAD@OIBg@[N_,21,5,5.7153370346,0.7153370346,1.1430674069,5.80605832,Solved
L?AADBOX?sF_Bg,21,5,5.7153234510,0.7153234510,1.1430646902,5.77645850,Solved
L?AAD?oeAg@oUO,19,5,5.7152085404,0.7152085404,1.1430417081,5.74908042,Solved
L?AAD?oeAg@[Fo,21,5,5.7151178923,0.7151178923,1.1430235785,5.75740301,Solved
L?AAD?wX?{Bgm?,22,5,5.7151125868,0.7151125868,1.1430225174,5.74623382,Solved
L?AAD@OJDoAwJ_,21,5,5.7151125837,0.7151125837,1.1430225167,5.75406804,Solved
L?AAD@OIBg@[m_,21,5,5.7150889037,0.7150889037,1.1430177807,5.75340508,Solved
L?AAD@oR?sROFo,22,5,5.7150307182,0.7150307182,1.1430061436,5.74494974,Solved
L?AA@AWT@[TQsQ,23,5,5.7150195030,0.7150195030,1.1430039006,5.74234135,Solved
L?AAD?oyARJ_De,23,5,5.7150187297,0.7150187297,1.1430037459,5.75328746,Solved
L?AAD?sXCc@YN_,22,5,5.7149803149,0.7149803149,1.1429960630,5.77786521,Solved
L?AADBOX?sFOBg,21,5,5.7149037587,0.7149037587,1.1429807517,5.74793813,Solved
L?AAD@W[?k@wk_,21,5,5.7149016709,0.7149016709,1.1429803342,5.77823200,Solved
L?AAD?wTCSbWDo,22,5,5.7148960705,0.7148960705,1.1429792141,5.79456121,Solved
L?AA@AWTDSF_uO,22,5,5.7148871604,0.7148871604,1.1429774321,5.76303065,Solved
L?AAD@OIAWEoJg,20,5,5.7148650881,0.7148650881,1.1429730176,5.75143780,Solved
L?AAD@OIAWFoJg,21,5,5.7148650733,0.7148650733,1.1429730147,5.76056874,Solved
L?AA@AWT@SyG}?,22,5,5.7148588042,0.7148588042,1.1429717608,5.77200402,Solved
L?AAD?sXCcN?Fo,22,5,5.7148392530,0.7148392530,1.1429678506,5.75235436,Solved
L?AAD@Oy@[F_ig,23,5,5.7147892411,0.7147892411,1.1429578482,5.76378690,Solved
L?AAD@oIagBWm_,22,5,5.7147892400,0.7147892400,1.1429578480,5.74550891,Solved
L?AAD@oI_iJGBg,21,5,5.7147868843,0.7147868843,1.1429573769,5.76491714,Solved
L?AAD?wX?{BWm?,22,5,5.7147850305,0.7147850305,1.1429570061,5.75279834,Solved
L?AAD@oIagUOFo,22,5,5.7146925349,0.7146925349,1.1429385070,5.75661116,Solved
L?AA@AWTDSYG}?,22,5,5.7146812404,0.7146812404,1.1429362481,5.77846054,Solved
L?AA@qo[?[Hck`,23,5,5.7146671795,0.7146671795,1.1429334359,5.75590769,Solved
L?AAD?wXCcHHy?,21,5,5.7146044981,0.7146044981,1.1429208996,5.75717051,Solved
L?AAD?cEF_@wi_,20,5,5.7146005089,0.7146005089,1.1429201018,5.75139976,Solved
L?AA@_geBgDoaq,22,5,5.7146002785,0.7146002785,1.1429200557,5.76114015,Solved
L?AA@agU@kJ_gd,23,5,5.7146002772,0.7146002772,1.1429200554,5.74909690,Solved
L?AAD?WLEoTOTP,22,5,5.7146002760,0.7146002760,1.1429200552,5.76383544,Solved
L?AADbGX@cAs]?,22,5,5.7146002757,0.7146002757,1.1429200551,5.76177822,Solved
L?AAD?oeAWJGHc,20,5,5.7145830395,0.7145830395,1.1429166079,5.75378755,Solved
L?AAD@W[@KF_Bs,22,5,5.7145417071,0.7145417071,1.1429083414,5.77439448,Solved
L?AAD?oEEPEoVO,21,5,5.7144576713,0.7144576713,1.1428915343,5.75279958,Solved
L?AAD?sXAoPODo,20,5,5.7143705172,0.7143705172,1.1428741034,5.74309250,Solved
L?AA@AOT@wFOas,21,5,5.7143413361,0.7143413361,1.1428682672,5.75994253,Solved
L?AAD?oFEoHKDo,21,5,5.7143251805,0.7143251805,1.1428650361,5.76019309,Solved
L?AAD?wXCcBoYA,21,5,5.7143219048,0.7143219048,1.1428643810,5.76726313,Solved
L?AAD@OIAwROJg,21,5,5.7142627581,0.7142627581,1.1428525516,5.74633937,Solved
L?AE@aoRAJFON?,23,5,5.7142342226,0.7142342226,1.1428468445,5.76207651,Solved
L?AAD?wX?kROYA,21,5,5.7141839899,0.7141839899,1.1428367980,5.74919724,Solved
L?AEB?WUBg@wHk,23,5,5.7141168464,0.7141168464,1.1428233693,5.74362541,Solved
L?AAD?cU?s]?Bo,20,5,5.7141063157,0.7141063157,1.1428212631,5.81312989,Solved
L?AEB?WeAHfON_,23,5,5.7140997604,0.7140997604,1.1428199521,5.75283941,Solved
L?AEB?WeAHf_N_,23,5,5.7140997568,0.7140997568,1.1428199514,5.74650447,Solved
L?AEB?WeAHeoN_,23,5,5.7140997540,0.7140997540,1.1428199508,5.75000050,Solved
L?ABAaGBaoM_G],22,5,5.7140997531,0.7140997531,1.1428199506,5.75416300,Solved
L?AEB?WeAHboN_,23,5,5.7140997522,0.7140997522,1.1428199504,5.74324327,Solved
L?AAD?wLEOHgk_,21,5,5.7140712192,0.7140712192,1.1428142438,5.77771476,Solved
L?AAD?oy@kJ_TO,22,5,5.7140436692,0.7140436692,1.1428087338,5.78394108,Solved
L?AAD@OJ@oROBw,21,5,5.7139886609,0.7139886609,1.1427977322,5.77642217,Solved
L?AA@AWT@cXH^?,22,5,5.7139073021,0.7139073021,1.1427814604,5.77301013,Solved
L?AAD?oEAwAwqH,21,5,5.7139017492,0.7139017492,1.1427803498,5.78402125,Solved
L?AAD?wXCcBoZA,22,5,5.7138968137,0.7138968137,1.1427793627,5.77754532,Solved
L?AAD?wTCSbo\A,23,5,5.7138968105,0.7138968105,1.1427793621,5.75946511,Solved
L?AAD?wXCcboZA,23,5,5.7138968103,0.7138968103,1.1427793621,5.75456655,Solved
L?AAD?oNBWBoRW,23,5,5.7138968101,0.7138968101,1.1427793620,5.74677877,Solved
L?AADbGR@oEoHg,22,5,5.7138273297,0.7138273297,1.1427654659,5.78061501,Solved
L?AA@AWT@c@WJ?,18,5,5.7138210297,0.7138210297,1.1427642059,5.76163440,Solved
L?AADbGR@oEoLg,23,5,5.7137661888,0.7137661888,1.1427532378,5.75037206,Solved
L?AAD?oZ?{BoRW,23,5,5.7137661862,0.7137661862,1.1427532372,5.74234034,Solved
L?AAD?wTCSbgFo,23,5,5.7137084428,0.7137084428,1.1427416886,5.75838374,Solved
L?AAD?wTCS`wFo,23,5,5.7137084398,0.7137084398,1.1427416880,5.74876318,Solved
L?AAD?wTCSboFO,22,5,5.7137084395,0.7137084395,1.1427416879,5.81871398,Solved
L?AAD?wTCS`wDo,22,5,5.7137084386,0.7137084386,1.1427416877,5.75615527,Solved
L?AAD?wTCSbWFo,23,5,5.7137084384,0.7137084384,1.1427416877,5.75371609,Solved
L?AAD@oI_w@[m_,22,5,5.7137084382,0.7137084382,1.1427416876,5.77275357,Solved
L?AA@aHMBGQPLg,22,5,5.7137084380,0.7137084380,1.1427416876,5.77663266,Solved
L?AAD?wTCSawFo,23,5,5.7137084377,0.7137084377,1.1427416875,5.75929204,Solved
L?AAD?wTCSboFo,23,5,5.7137084373,0.7137084373,1.1427416875,5.76484846,Solved
L?AAD?wTCSbgEo,22,5,5.7137084371,0.7137084371,1.1427416874,5.79463388,Solved
L?AAD?wT?u@wac,22,5,5.7137084368,0.7137084368,1.1427416874,5.75166253,Solved
L?AAD?wTCSbWF_,22,5,5.7137084367,0.7137084367,1.1427416873,5.76629615,Solved
L?AAD?wT?{Awic,23,5,5.7136988138,0.7136988138,1.1427397628,5.82034706,Solved
L?AAD?oEBWKaEp,21,5,5.7136821063,0.7136821063,1.1427364213,5.78111328,Solved
L?AAD@Oi@g@oEo,19,5,5.7136767274,0.7136767274,1.1427353455,5.77643332,Solved
L?AAD?oEEPAwRW,21,5,5.7136621418,0.7136621418,1.1427324284,5.77882106,Solved
L?AAD?wX?sBW{?,21,5,5.7136508327,0.7136508327,1.1427301665,5.78975849,Solved
L?AE@bGY?kF_RO,22,5,5.7136412141,0.7136412141,1.1427282428,5.78816053,Solved
L?AAD?oy?yJ_Do,22,5,5.7136388484,0.7136388484,1.1427277697,5.83182270,Solved
L?AAD?sXCcBIRA,21,5,5.7135914647,0.7135914647,1.1427182929,5.74309730,Solved
L?AB?rOX?\ROV?,23,5,5.7135816971,0.7135816971,1.1427163394,5.74743263,Solved
L?AA@BOmDS@[Jg,23,5,5.7135761004,0.7135761004,1.1427152201,5.76554728,Solved
L?AAD@W[?Uhgm_,23,5,5.7134601881,0.7134601881,1.1426920376,5.74013516,Solved
L?AAD@oI_wZ?TS,22,5,5.7134571477,0.7134571477,1.1426914295,5.77911186,Solved
L?AE@aoQPwL_BW,23,5,5.7134166431,0.7134166431,1.1426833286,5.75187144,Solved
L?AAF@cM?sBWu?,22,5,5.7134148195,0.7134148195,1.1426829639,5.76377527,Solved
L?AAD?oEEPHkDq,22,5,5.7134014106,0.7134014106,1.1426802821,5.77781897,Solved
L?AAD@OJ@o@scc,20,5,5.7133990476,0.7133990476,1.1426798095,5.74967170,Solved
L?AAD?WLFOAwQS,21,5,5.7133655287,0.7133655287,1.1426731057,5.74651759,Solved
L?AAD@oIag@XZ?,21,5,5.7133438701,0.7133438701,1.1426687740,5.78314866,Solved
L?AADBOX@cDoBw,22,5,5.7132607220,0.7132607220,1.1426521444,5.74790375,Solved
L?AAD@oR?sUODo,21,5,5.7132231602,0.7132231602,1.1426446320,5.75004500,Solved
L?AA@AWT@c@WDo,19,5,5.7131479835,0.7131479835,1.1426295967,5.75546021,Solved
L?AAD?oFFO@kL_,21,5,5.7131107778,0.7131107778,1.1426221556,5.77130676,Solved
L?AAD@OICsF_Bw,21,5,5.7131028049,0.7131028049,1.1426205610,5.75124035,Solved
L?AA@BOT@oTOA[,20,5,5.7130643033,0.7130643033,1.1426128607,5.76579673,Solved
L?AA@AWT@cHg]?,20,5,5.7130430129,0.7130430129,1.1426086026,5.79446434,Solved
L?AAD@oR?VV?i_,22,5,5.7130040042,0.7130040042,1.1426008008,5.76609972,Solved
L?AAD?oeBWIgHc,21,5,5.7129749802,0.7129749802,1.1425949960,5.74186739,Solved
L?AAD@oI_i@sRO,21,5,5.7129711645,0.7129711645,1.1425942329,5.74837669,Solved
L?AAD@OJ@o@wCs,20,5,5.7129434787,0.7129434787,1.1425886957,5.74788300,Solved
L?AAD?wT?{@wic,23,5,5.7129313018,0.7129313018,1.1425862604,5.78347562,Solved
L?AAD@oI_wL_Bw,22,5,5.7129182268,0.7129182268,1.1425836454,5.74508341,Solved
L?AAD?wLAW@Wca,20,5,5.7128692436,0.7128692436,1.1425738487,5.75577741,Solved
L?AAD@OJ@o@kcc,20,5,5.7128604317,0.7128604317,1.1425720863,5.77130144,Solved
L?AA@AWT@c\?QQ,20,5,5.7128531994,0.7128531994,1.1425706399,5.77310161,Solved
L?AAD?wX?kROyA,22,5,5.7128259759,0.7128259759,1.1425651952,5.75868899,Solved
L?AAD@W[DSBWTO,22,5,5.7128068582,0.7128068582,1.1425613716,5.75028413,Solved
L?AAD?oeBG@SF_,19,5,5.7127354281,0.7127354281,1.1425470856,5.78102345,Solved
L?AAD@oI_\BgRO,22,5,5.7127346304,0.7127346304,1.1425469261,5.74501355,Solved
L?AA@BOT@oTOA{,21,5,5.7127211758,0.7127211758,1.1425442352,5.77967373,Solved
L?AA@AWT@SyGas,22,5,5.7126933038,0.7126933038,1.1425386608,5.77822714,Solved
L?ABA_gaQW]?ca,21,5,5.7126812837,0.7126812837,1.1425362567,5.76496025,Solved
L?AAD@oIaW@sVO,22,5,5.7126710764,0.7126710764,1.1425342153,5.76064341,Solved
L?AAD@oI_\JGRO,22,5,5.7126710743,0.7126710743,1.1425342149,5.76799952,Solved
L?AAD@oIag@sm_,22,5,5.7126710718,0.7126710718,1.1425342144,5.76497673,Solved
L?AAD@oI_\IgVO,23,5,5.7126710713,0.7126710713,1.1425342143,5.75448193,Solved
L?AAD@oI_\HgVO,23,5,5.7126710712,0.7126710712,1.1425342142,5.75931516,Solved
L?AAD@oI_i@sVO,22,5,5.7126710703,0.7126710703,1.1425342141,5.76785608,Solved
L?AAD?sXCcBIRQ,22,5,5.7126710697,0.7126710697,1.1425342139,5.75410535,Solved
L?AAD?wTDSAw{?,22,5,5.7126710696,0.7126710696,1.1425342139,5.76000744,Solved
L?AAD@oI_\BgVO,23,5,5.7126710693,0.7126710693,1.1425342139,5.75126687,Solved
L?ABA_gaQgqSu?,22,5,5.7126228461,0.7126228461,1.1425245692,5.75388310,Solved
L?AA@AWT@cHH}?,21,5,5.7126207833,0.7126207833,1.1425241567,5.78578022,Solved
L?AAD@W[AYAwka,23,5,5.7125424713,0.7125424713,1.1425084943,5.74980693,Solved
L?AAD@oIaoBoTS,22,5,5.7123411160,0.7123411160,1.1424682232,5.75369347,Solved
L?AA@qoR?\FO{A,24,5,5.7123094708,0.7123094708,1.1424618942,5.75057056,Solved
L?AAD@oIaoF_Bw,22,5,5.7123057037,0.7123057037,1.1424611407,5.79104012,Solved
L?AEB?We@gDoXG,21,5,5.7122787583,0.7122787583,1.1424557517,5.75685791,Solved
L?AA@AWT@cPW{?,20,5,5.7122073186,0.7122073186,1.1424414637,5.75125733,Solved
L?AE@aoRAJDoN_,24,5,5.7121988787,0.7121988787,1.1424397757,5.74912705,Solved
L?AAD@W[AwDoBs,23,5,5.7121988737,0.7121988737,1.1424397747,5.75265717,Solved
L?AE@aoRAJFON_,24,5,5.7121988736,0.7121988736,1.1424397747,5.75250986,Solved
L?AAD@OIAWUODs,20,5,5.7121786051,0.7121786051,1.1424357210,5.74055090,Solved
L?ABA_gaOw]?Bo,21,5,5.7121773312,0.7121773312,1.1424354662,5.75134138,Solved
L?AA@AOT@wPWm_,21,5,5.7120864539,0.7120864539,1.1424172908,5.75633025,Solved
L?AAD?oeAg@wRO,20,5,5.7120284856,0.7120284856,1.1424056971,5.77584593,Solved
L?AAD@oI_iBo}?,22,5,5.7119519958,0.7119519958,1.1423903992,5.79298701,Solved
L?AAD?wTCS`w[B,23,5,5.7119009938,0.7119009938,1.1423801988,5.77175967,Solved
L?AAD@oR?VDo^?,23,5,5.7118842230,0.7118842230,1.1423768446,5.74408271,Solved
L?AADbGX@cAs}?,23,5,5.7118842215,0.7118842215,1.1423768443,5.76126030,Solved
L?AA@b_DloM_Fg,24,5,5.7118842197,0.7118842197,1.1423768439,5.75480830,Solved
L?AAD@OJ@sJ_Hg,21,5,5.7118323719,0.7118323719,1.1423664744,5.79626796,Solved
L?AA@AWT@S@Y{@,21,5,5.7118251486,0.7118251486,1.1423650297,5.77674449,Solved
L?AAD@OI?sAoXA,18,5,5.7117486576,0.7117486576,1.1423497315,5.76133854,Solved
L?AAD?WLBGPOqC,19,5,5.7117484357,0.7117484357,1.1423496871,5.75008191,Solved
L?AA@AWT@S]?as,21,5,5.7116744387,0.7116744387,1.1423348877,5.78753359,Solved
L?AAD?sX?sPQ}?,22,5,5.7116190385,0.7116190385,1.1423238077,5.80068457,Solved
L?AAD?wTDSM_Fo,23,5,5.7115899674,0.7115899674,1.1423179935,5.75592448,Solved
L?AAD?oFAoPSBw,21,5,5.7115723106,0.7115723106,1.1423144621,5.74741946,Solved
L?AAD?oFAo@[Ha,20,5,5.7115216475,0.7115216475,1.1423043295,5.76175904,Solved
L?AAD?oeEPAwFo,22,5,5.7115134307,0.7115134307,1.1423026861,5.75474298,Solved
L?AAD?oeEPBgEo,21,5,5.7115134299,0.7115134299,1.1423026860,5.74976142,Solved
L?AAD?oeAWPSVO,21,5,5.7115134283,0.7115134283,1.1423026857,5.74205385,Solved
L?AAD?oeEPBWFo,22,5,5.7115134281,0.7115134281,1.1423026856,5.75727309,Solved
L?AAD?oeEP@wFo,22,5,5.7115134272,0.7115134272,1.1423026854,5.74189467,Solved
L?AAD?oeEPBoFo,22,5,5.7115134259,0.7115134259,1.1423026852,5.74199489,Solved
L?AAD?oFBg@km_,22,5,5.7114998124,0.7114998124,1.1422999625,5.76619422,Solved
L?AA@?WuBgAwaq,22,5,5.7114812297,0.7114812297,1.1422962459,5.74320777,Solved
L?AAD?oFEoHcL_,21,5,5.7114682375,0.7114682375,1.1422936475,5.74477980,Solved
L?AAD@W[@K@YQQ,21,5,5.7114573470,0.7114573470,1.1422914694,5.74484060,Solved
L?AA@BOT@TBgBw,22,5,5.7114343951,0.7114343951,1.1422868790,5.77124788,Solved
L?AA@AWT@c]?as,21,5,5.7114240001,0.7114240001,1.1422848000,5.74497383,Solved
L?AAD@OIAw@sm_,21,5,5.7113758995,0.7113758995,1.1422751799,5.76769022,Solved
L?AAD?oeAg@SH_,18,5,5.7113668254,0.7113668254,1.1422733651,5.76030406,Solved
L?AEB?c{@kBKA],24,5,5.7113411757,0.7113411757,1.1422682351,5.75153044,Solved
L?AAD@W[?mTOV?,22,5,5.7113411750,0.7113411750,1.1422682350,5.74843149,Solved
L?AAD?oyARBoDe,23,5,5.7113411720,0.7113411720,1.1422682344,5.75043186,Solved
L?AAD@W[AwTOFo,23,5,5.7113411710,0.7113411710,1.1422682342,5.74409941,Solved
L?AAD?sXCcBIm?,21,5,5.7113323970,0.7113323970,1.1422664794,5.76631088,Solved
L?AEB?WU@gBWXG,21,5,5.7112396608,0.7112396608,1.1422479322,5.77804628,Solved
L?AAD@Oi@g@wFO,20,5,5.7112387564,0.7112387564,1.1422477513,5.78613347,Solved
L?AAD@oIaW@wm?,21,5,5.7112335049,0.7112335049,1.1422467010,5.79126063,Solved
L?AA@AOT?{\?Do,20,5,5.7111795168,0.7111795168,1.1422359034,5.75334477,Solved
L?AEB?WM@gRGHg,21,5,5.7111316579,0.7111316579,1.1422263316,5.76807563,Solved
L?AAD@OIAwCsm_,21,5,5.7111092449,0.7111092449,1.1422218490,5.76518230,Solved
L?AA@AWTDSYG^?,22,5,5.7110706100,0.7110706100,1.1422141220,5.76692814,Solved
L?AA@AOT?{EouO,21,5,5.7109780114,0.7109780114,1.1421956023,5.76112159,Solved
L?AEB?WU@gKcEp,22,5,5.7108729071,0.7108729071,1.1421745814,5.78523176,Solved
L?AA@BOmDSM_ap,23,5,5.7108685538,0.7108685538,1.1421737108,5.76871955,Solved
L?AAD?oeAgAwai,21,5,5.7108246598,0.7108246598,1.1421649320,5.74583274,Solved
L?AAD?oZBgHKL`,23,5,5.7107603690,0.7107603690,1.1421520738,5.76559233,Solved
L?AAD?wXCcAwy?,21,5,5.7107273218,0.7107273218,1.1421454644,5.77193747,Solved
L?AEB?WU@Haw^?,23,5,5.7107040958,0.7107040958,1.1421408192,5.74725458,Solved
L?AAD?W{DSJ_Bs,23,5,5.7107040947,0.7107040947,1.1421408189,5.74908860,Solved
L?AAD?sX?sFOA{,22,5,5.7106738817,0.7106738817,1.1421347763,5.79488377,Solved
L?AAD?wXCcBWRA,21,5,5.7106224607,0.7106224607,1.1421244921,5.76224786,Solved
L?AA@AWT@SBgEo,20,5,5.7105720731,0.7105720731,1.1421144146,5.81939904,Solved
L?AA@AWT@cHgF_,20,5,5.7105368500,0.7105368500,1.1421073700,5.76789367,Solved
L?AA@AWT@wXGm_,22,5,5.7105310905,0.7105310905,1.1421062181,5.74434271,Solved
L?AAD?oEAWDoHc,19,5,5.7105057892,0.7105057892,1.1421011578,5.75487030,Solved
L?AAD?W\DSAwN?,22,5,5.7104832486,0.7104832486,1.1420966497,5.76062297,Solved
L?AAD@oIagUOAY,21,5,5.7104538283,0.7104538283,1.1420907657,5.80644049,Solved
L?AADBOX?sF_Bw,22,5,5.7104297164,0.7104297164,1.1420859433,5.76251562,Solved
L?AAD?oeEP@kFo,22,5,5.7104294961,0.7104294961,1.1420858992,5.75797327,Solved
L?AAD?WLBGPOCR,19,5,5.7104142310,0.7104142310,1.1420828462,5.77089909,Solved
L?AA@AWT@S\?sQ,21,5,5.7102306746,0.7102306746,1.1420461349,5.77391265,Solved
L?AAD@OICcHhJg,21,5,5.7102241620,0.7102241620,1.1420448324,5.74757240,Solved
L?AAD@OI@cHhJg,21,5,5.7102241612,0.7102241612,1.1420448322,5.75004749,Solved
L?AAD@OIBW@{Cu,22,5,5.7102239741,0.7102239741,1.1420447948,5.75339676,Solved
L?AAD?oNAXAw^?,23,5,5.7102083080,0.7102083080,1.1420416616,5.74102601,Solved
L?AAD@W[CsBWRO,22,5,5.7102083061,0.7102083061,1.1420416612,5.75166677,Solved
L?AA@AWTDS]?as,22,5,5.7100838450,0.7100838450,1.1420167690,5.78853793,Solved
L?AAD@OI@cHhN_,21,5,5.7100673340,0.7100673340,1.1420134668,5.75308287,Solved
L?ABA_gaQW]?Ck,21,5,5.7100304342,0.7100304342,1.1420060868,5.74994983,Solved
L?ABAaIeB_TGH[,23,5,5.7100253817,0.7100253817,1.1420050763,5.75295831,Solved
L?AE@bGY@g@XN_,23,5,5.7100253814,0.7100253814,1.1420050763,5.74145510,Solved
L?AAD?WLB_VOAu,22,5,5.7099342688,0.7099342688,1.1419868538,5.74903173,Solved
L?AA@aHMBOAoi_,20,5,5.7099120488,0.7099120488,1.1419824098,5.78804121,Solved
L?AAD?oFFOEoQX,22,5,5.7098980176,0.7098980176,1.1419796035,5.76884749,Solved
L?AA@AWT@SpWsQ,22,5,5.7098975808,0.7098975808,1.1419795162,5.78193925,Solved
L?AAD?wX?kX@k_,21,5,5.7098456752,0.7098456752,1.1419691350,5.77919659,Solved
L?AAD@OIAWROCq,19,5,5.7097590115,0.7097590115,1.1419518023,5.74736214,Solved
L?AAD?cEF_TOBq,21,5,5.7097040581,0.7097040581,1.1419408116,5.74325617,Solved
L?AAD?oFAgXCL_,20,5,5.7096945703,0.7096945703,1.1419389141,5.74336962,Solved
L?AAD@OI@gVOBw,21,5,5.7096665765,0.7096665765,1.1419333153,5.75979295,Solved
L?AAD?oFEoEoRW,22,5,5.7096523048,0.7096523048,1.1419304610,5.74238700,Solved
L?AEB?WM@gRGXG,21,5,5.7096187169,0.7096187169,1.1419237434,5.75413738,Solved
L?AA@AWT@cPH}?,21,5,5.7095824831,0.7095824831,1.1419164966,5.76477753,Solved
L?AA@BOm?u@we_,22,5,5.7095782216,0.7095782216,1.1419156443,5.81901928,Solved
L?AAD@oRDcAwFO,22,5,5.7095748592,0.7095748592,1.1419149718,5.75743341,Solved
L?AAD?oEAgDoaI,19,5,5.7095535557,0.7095535557,1.1419107111,5.74916824,Solved
L?AAD?oeAg@WL_,19,5,5.7095050052,0.7095050052,1.1419010010,5.75662503,Solved
L?ABA_gaPgz?JO,22,5,5.7094870928,0.7094870928,1.1418974186,5.75016242,Solved
L?AAD?wXCc@wJA,21,5,5.7094826959,0.7094826959,1.1418965392,5.74698468,Solved
L?AAD@oI_w@[VO,22,5,5.7094714857,0.7094714857,1.1418942971,5.76917752,Solved
L?ABAaIeB_F_G[,22,5,5.7094497405,0.7094497405,1.1418899481,5.80732695,Solved
L?AAD?oEAgDoHc,19,5,5.7094318036,0.7094318036,1.1418863607,5.74430337,Solved
L?AB?qQUAXSI{?,23,5,5.7094030930,0.7094030930,1.1418806186,5.74193511,Solved
L?AAD@OJ?sV?HI,20,5,5.7094024713,0.7094024713,1.1418804943,5.75102676,Solved
L?AEB?WUBgBWXH,23,5,5.7094003041,0.7094003041,1.1418800608,5.78365528,Solved
L?AAD@oi`sAwTS,24,5,5.7093898741,0.7093898741,1.1418779748,5.75544351,Solved
L?AAF@cE_mV?eG,23,5,5.7093662754,0.7093662754,1.1418732551,5.75652923,Solved
L?AA@aHMBGZ?Kg,21,5,5.7093365342,0.7093365342,1.1418673068,5.78447539,Solved
L?AAD?oEAgXCai,20,5,5.7093320139,0.7093320139,1.1418664028,5.76248051,Solved
L?AAD?cUDcM_eg,22,5,5.7092895275,0.7092895275,1.1418579055,5.75356147,Solved
L?AA@BOTDoBgBw,22,5,5.7092825817,0.7092825817,1.1418565163,5.74629128,Solved
L?AAD?wT?y]?ic,23,5,5.7092804366,0.7092804366,1.1418560873,5.77100120,Solved
L?AAD?wT?{\?ac,22,5,5.7091943961,0.7091943961,1.1418388792,5.76072068,Solved
L?AAD@oR?VJ_kc,23,5,5.7091926253,0.7091926253,1.1418385251,5.74489218,Solved
L?AAD?sXCcBWV?,21,5,5.7091242197,0.7091242197,1.1418248439,5.77727683,Solved
L?AAD?sXDoROEs,23,5,5.7090723141,0.7090723141,1.1418144628,5.75341385,Solved
L?AAD@oI_iBok_,21,5,5.7090449895,0.7090449895,1.1418089979,5.79528749,Solved
L?AAD?wLAW@Wka,21,5,5.7090290686,0.7090290686,1.1418058137,5.75097470,Solved
L?AAD?sXCcROAM,21,5,5.7090171270,0.7090171270,1.1418034254,5.76395124,Solved
L?AAD?cUDcHgN_,22,5,5.7090123762,0.7090123762,1.1418024752,5.79991484,Solved
L?AAD?sXCcFOFo,22,5,5.7089861466,0.7089861466,1.1417972293,5.78524739,Solved
L?AAD?oeBGBoAi,20,5,5.7089741633,0.7089741633,1.1417948327,5.79086373,Solved
L?AAD?sXCcN?qG,21,5,5.7089511154,0.7089511154,1.1417902231,5.76284442,Solved
L?AAD?wT?m\?k_,22,5,5.7089429619,0.7089429619,1.1417885924,5.75743711,Solved
L?AAD?oFAoCpBw,21,5,5.7089380829,0.7089380829,1.1417876166,5.76359085,Solved
L?AAD@oIagV?Fo,22,5,5.7089176605,0.7089176605,1.1417835321,5.76107042,Solved
L?AAD?sXCoJGac,21,5,5.7089021522,0.7089021522,1.1417804304,5.74124006,Solved
L?AA@AWT@cHGN_,20,5,5.7088945614,0.7088945614,1.1417789123,5.77353645,Solved
L?AA@AWT@cXG}?,21,5,5.7088729191,0.7088729191,1.1417745838,5.78041202,Solved
L?AAD?cuF_HKAy,23,5,5.7088723957,0.7088723957,1.1417744791,5.74750981,Solved
L?AE@b_FBoBoRO,23,5,5.7088723244,0.7088723244,1.1417744649,5.75611677,Solved
L?AAD?wT?]N?k_,22,5,5.7088656270,0.7088656270,1.1417731254,5.74268172,Solved
L?AAD?oEAWPSBw,20,5,5.7088575665,0.7088575665,1.1417715133,5.76100080,Solved
L?AAD?oeAgAwAy,21,5,5.7088505325,0.7088505325,1.1417701065,5.74625640,Solved
L?AAD?oEAwPSBw,21,5,5.7088362130,0.7088362130,1.1417672426,5.76144256,Solved
L?AA@_geEQQSLa,22,5,5.7088298439,0.7088298439,1.1417659688,5.75151475,Solved
L?AAD?WLF_CsBq,22,5,5.7088298426,0.7088298426,1.1417659685,5.74128726,Solved
L?AA@AWT@SRG{?,20,5,5.7088066444,0.7088066444,1.1417613289,5.75561004,Solved
L?AAD@OI@cN_Bw,21,5,5.7087871978,0.7087871978,1.1417574396,5.74706400,Solved
L?AA@aHMBOAok_,20,5,5.7087784357,0.7087784357,1.1417556871,5.77484581,Solved
L?AA@aHMBOAom_,21,5,5.7087104304,0.7087104304,1.1417420861,5.78418299,Solved
L?AAD@oI_wHgBw,22,5,5.7086785288,0.7086785288,1.1417357058,5.76277328,Solved
L?AAD@oI_\BgSU,23,5,5.7086605546,0.7086605546,1.1417321109,5.76958672,Solved
L?AAD?WLB_VOBq,22,5,5.7086502081,0.7086502081,1.1417300416,5.75433347,Solved
L?AAD?WLBGPRFo,22,5,5.7086502041,0.7086502041,1.1417300408,5.76485777,Solved
L?AAD?cEF_FoAy,22,5,5.7086502027,0.7086502027,1.1417300405,5.74358479,Solved
L?AAD?oEEPJgLa,22,5,5.7086502008,0.7086502008,1.1417300402,5.75536869,Solved
L?AA@aHMAWCoga,20,5,5.7086412468,0.7086412468,1.1417282494,5.75260394,Solved
L?AAD?oFAoTOBw,21,5,5.7086019789,0.7086019789,1.1417203958,5.75371785,Solved
L?AAD?sXDoROFo,23,5,5.7085938956,0.7085938956,1.1417187791,5.74274815,Solved
L?AAD?W\Cs@wN?,22,5,5.7085794149,0.7085794149,1.1417158830,5.76040806,Solved
L?AAD?wLEoHgL_,22,5,5.7085773670,0.7085773670,1.1417154734,5.74985691,Solved
L?AAD?oeAgHgDo,20,5,5.7085199915,0.7085199915,1.1417039983,5.75864374,Solved
L?AAD?sXAoUOBo,21,5,5.7084941956,0.7084941956,1.1416988391,5.74338460,Solved
L?AAD?wX?kQQFO,21,5,5.7084935812,0.7084935812,1.1416987162,5.76447471,Solved
L?AAD?oEAgEoai,20,5,5.7084763752,0.7084763752,1.1416952750,5.75072843,Solved
L?AA@BOTDoTOA{,22,5,5.7084381264,0.7084381264,1.1416876253,5.77304499,Solved
L?ABA_gaRGqS{?,22,5,5.7084134819,0.7084134819,1.1416826964,5.76254766,Solved
L?AAF@cM?sBW{?,22,5,5.7084111874,0.7084111874,1.1416822375,5.81006992,Solved
L?AAD?oNBWAwRW,23,5,5.7084107651,0.7084107651,1.1416821530,5.76195841,Solved
L?AAD@W[?[F_Hg,21,5,5.7083820377,0.7083820377,1.1416764075,5.77471884,Solved
L?AAD?wTDOawFo,23,5,5.7083285765,0.7083285765,1.1416657153,5.77392197,Solved
L?AAD?wTDO`wFo,23,5,5.7083285755,0.7083285755,1.1416657151,5.75132548,Solved
L?AAD?wTDOboFO,22,5,5.7083285731,0.7083285731,1.1416657146,5.81768895,Solved
L?AAD?wTDObWFO,22,5,5.7083285726,0.7083285726,1.1416657145,5.79040599,Solved
L?AAD@oI_w@km_,22,5,5.7083285723,0.7083285723,1.1416657145,5.78588952,Solved
L?AAD?wTDObgFo,23,5,5.7083285717,0.7083285717,1.1416657143,5.76421391,Solved
L?AA@aHMBGR@Lg,22,5,5.7083285714,0.7083285714,1.1416657143,5.77767743,Solved
L?AAD?wTDObwFo,24,5,5.7083285705,0.7083285705,1.1416657141,5.74208979,Solved
L?AAD?wTDObWFo,23,5,5.7083285701,0.7083285701,1.1416657140,5.75904798,Solved
L?AAD?wTDOboFo,23,5,5.7083285698,0.7083285698,1.1416657140,5.77637788,Solved
L?AAD@W[@KUOQQ,21,5,5.7083197388,0.7083197388,1.1416639478,5.78963993,Solved
L?AEB?We@gDoXK,22,5,5.7083188686,0.7083188686,1.1416637737,5.74884043,Solved
L?AAD?sXCcROJA,21,5,5.7082730204,0.7082730204,1.1416546041,5.77314932,Solved
L?AAD@W[?kCsF_,21,5,5.7082440431,0.7082440431,1.1416488086,5.74462567,Solved
L?AADBOX?sFOAw,21,5,5.7082286790,0.7082286790,1.1416457358,5.74764559,Solved
L?AA@AOT@wFORW,21,5,5.7082114210,0.7082114210,1.1416422842,5.75611533,Solved
L?AA@AWT@cPWF_,20,5,5.7081789852,0.7081789852,1.1416357970,5.78513175,Solved
L?AAD@oi`sBoBw,24,5,5.7080787053,0.7080787053,1.1416157411,5.77423418,Solved
L?ABAaIeB_F_H[,23,5,5.7080787044,0.7080787044,1.1416157409,5.79233165,Solved
L?AB?qQUAWSHXW,23,5,5.7080787043,0.7080787043,1.1416157409,5.78760170,Solved
L?AAF@cE_mF_yA,24,5,5.7080787031,0.7080787031,1.1416157406,5.77340721,Solved
L?AAD?oeAWEoqG,20,5,5.7080746166,0.7080746166,1.1416149233,5.76147699,Solved
L?AA@qoJEOApRG,22,5,5.7080727268,0.7080727268,1.1416145454,5.74290636,Solved
L?AAD?oEEPIgDo,20,5,5.7080657079,0.7080657079,1.1416131416,5.74614316,Solved
L?AAD@oIaWDoSS,21,5,5.7080514818,0.7080514818,1.1416102964,5.79104554,Solved
L?AAD?wLEOAXk_,21,5,5.7080350983,0.7080350983,1.1416070197,5.77907380,Solved
L?AAD?oeAgHKAw,20,5,5.7080221465,0.7080221465,1.1416044293,5.75398546,Solved
L?AA@aHMAWES}?,22,5,5.7080140539,0.7080140539,1.1416028108,5.74984196,Solved
L?AAD?wLAQZ?J_,21,5,5.7079922983,0.7079922983,1.1415984597,5.74039920,Solved
L?AAD@oIagHgm?,21,5,5.7079566302,0.7079566302,1.1415913260,5.80734710,Solved
L?AA@AWT@SQH}?,21,5,5.7079546821,0.7079546821,1.1415909364,5.77234795,Solved
L?AA@AWTDSBgN?,21,5,5.7079000397,0.7079000397,1.1415800079,5.77816005,Solved
L?AAD@W[?wTOBs,22,5,5.7078458822,0.7078458822,1.1415691764,5.75634866,Solved
L?AAD?oeAWXCL`,21,5,5.7078451208,0.7078451208,1.1415690242,5.76581795,Solved
L?AAD?sXCcBWRA,21,5,5.7078270824,0.7078270824,1.1415654165,5.74371882,Solved
L?AAD?wLEOJGLa,22,5,5.7078000371,0.7078000371,1.1415600074,5.76968318,Solved
L?AAD@OJ@oPSDo,20,5,5.7077956521,0.7077956521,1.1415591304,5.74302279,Solved
L?AA@AWT@SJG{?,20,5,5.7077896541,0.7077896541,1.1415579308,5.76534808,Solved
L?AA@AWT@SYH}?,22,5,5.7077416211,0.7077416211,1.1415483242,5.77214928,Solved
L?AAD?wX?kBWk_,21,5,5.7076850453,0.7076850453,1.1415370091,5.74277679,Solved
L?ABAaGBaoEcG[,21,5,5.7076837074,0.7076837074,1.1415367415,5.75242761,Solved
L?AA@AWT@cHHeo,21,5,5.7076751597,0.7076751597,1.1415350319,5.76103493,Solved
L?AA@AOT@sDoas,21,5,5.7076625002,0.7076625002,1.1415325000,5.74360691,Solved
L?AAD?sXCSVOFo,23,5,5.7076506077,0.7076506077,1.1415301215,5.74433905,Solved
L?AAD?oeBGHgAy,21,5,5.7076404123,0.7076404123,1.1415280825,5.77631977,Solved
L?AAD?wX?kBWcc,21,5,5.7075759319,0.7075759319,1.1415151864,5.75601297,Solved
L?AAD?cEF_@wm_,21,5,5.7075367944,0.7075367944,1.1415073589,5.76223723,Solved
L?AA@aHMBGZ?Hg,21,5,5.7075229457,0.7075229457,1.1415045891,5.82759794,Solved
L?AAD@OIAWEoAw,19,5,5.7074925314,0.7074925314,1.1414985063,5.75511732,Solved
L?AAD?wLEOApVO,22,5,5.7074367714,0.7074367714,1.1414873543,5.76329108,Solved
L?AAD@W[@K@YRO,21,5,5.7074304579,0.7074304579,1.1414860916,5.75032288,Solved
L?AA@AWTDcHg]?,21,5,5.7074098063,0.7074098063,1.1414819613,5.80086520,Solved
L?AAD?oeAg@oVO,20,5,5.7073550882,0.7073550882,1.1414710176,5.77524843,Solved
L?AA@AWT@SQWF_,20,5,5.7073323614,0.7073323614,1.1414664723,5.75888057,Solved
L?AAD?wLAoTOQS,21,5,5.7073306169,0.7073306169,1.1414661234,5.75019087,Solved
L?AAD?oFEo@wRO,21,5,5.7073222663,0.7073222663,1.1414644533,5.78294981,Solved
L?AA@AWTDSJG{?,21,5,5.7072445213,0.7072445213,1.1414489043,5.76700314,Solved
L?AA@BOT@oTORO,20,5,5.7072442470,0.7072442470,1.1414488494,5.75872356,Solved
L?AA@AOT@wTOaS,20,5,5.7072424960,0.7072424960,1.1414484992,5.74128311,Solved
L?AAD@oIagHgBw,22,5,5.7072228949,0.7072228949,1.1414445790,5.78284976,Solved
L?AAD?wX?kX@i_,21,5,5.7072207810,0.7072207810,1.1414441562,5.74634595,Solved
L?AAD@oIaWUOBw,22,5,5.7072070996,0.7072070996,1.1414414199,5.76517773,Solved
L?ABA_gaO]]?XC,22,5,5.7071729323,0.7071729323,1.1414345865,5.74434437,Solved
L?AAD?wT@[]?ac,22,5,5.7071728028,0.7071728028,1.1414345606,5.77863395,Solved
L?AAD@oIawHgBw,23,5,5.7071601392,0.7071601392,1.1414320278,5.76485357,Solved
L?AA@BOT@oTOVO,21,5,5.7071455567,0.7071455567,1.1414291113,5.75966175,Solved
L?AAD@oIaWROBo,21,5,5.7071220066,0.7071220066,1.1414244013,5.74318611,Solved
L?AAD@W[?YBWm_,22,5,5.7070987094,0.7070987094,1.1414197419,5.76305639,Solved
L?AAD@OZBoTOJg,23,5,5.7070987067,0.7070987067,1.1414197413,5.74698262,Solved
L?AAD@OiCsJ_Fo,22,5,5.7070987055,0.7070987055,1.1414197411,5.75063298,Solved
L?AAD?sX@sROFo,23,5,5.7070854983,0.7070854983,1.1414170997,5.74180551,Solved
L?AAD?wT@S}?N_,23,5,5.7070007069,0.7070007069,1.1414001414,5.77095720,Solved
L?AADb_M?[Hgk`,23,5,5.7069915589,0.7069915589,1.1413983118,5.74567279,Solved
L?AE@bGY@w@wDg,23,5,5.7069907755,0.7069907755,1.1413981551,5.75604891,Solved
L?AB?qQU@WWHHK,22,5,5.7069898915,0.7069898915,1.1413979783,5.75481398,Solved
L?AAD@OIAWQQHg,19,5,5.7069463054,0.7069463054,1.1413892611,5.74970039,Solved
L?AA@AWTF_XGAu,22,5,5.7069369469,0.7069369469,1.1413873894,5.75773154,Solved
L?AAD?oFAoXCBw,21,5,5.7069123259,0.7069123259,1.1413824652,5.74691545,Solved
L?AAD@oIagV?UO,21,5,5.7068838946,0.7068838946,1.1413767789,5.78472079,Solved
L?AADb_BaYFOy?,23,5,5.7068594303,0.7068594303,1.1413718861,5.74136911,Solved
L?AA@AOT@wTOas,21,5,5.7068590202,0.7068590202,1.1413718040,5.75063840,Solved
L?AAD@oIagV?VO,22,5,5.7068510896,0.7068510896,1.1413702179,5.79861578,Solved
L?AAD?oFAo@se_,20,5,5.7068475121,0.7068475121,1.1413695024,5.76537469,Solved
L?AAD?wXCcBW]?,21,5,5.7068061651,0.7068061651,1.1413612330,5.77528358,Solved
L?AAD?wT?]]?i_,22,5,5.7068055017,0.7068055017,1.1413611003,5.75890816,Solved
L?AAD?sXCcBWRQ,22,5,5.7068054985,0.7068054985,1.1413610997,5.75258791,Solved
L?AAD@oIag@wm_,22,5,5.7068054977,0.7068054977,1.1413610995,5.75393053,Solved
L?AAD?wT?{TOAs,22,5,5.7068054976,0.7068054976,1.1413610995,5.76209188,Solved
L?AAD?sXAoROac,21,5,5.7067876449,0.7067876449,1.1413575290,5.82673719,Solved
L?AAD?oy@wHKL`,23,5,5.7067615816,0.7067615816,1.1413523163,5.76042414,Solved
L?AAD?wTDSJ_Do,22,5,5.7066736463,0.7066736463,1.1413347293,5.78663154,Solved
L?AA@BOTDoTOVO,22,5,5.7066673023,0.7066673023,1.1413334605,5.76258847,Solved
L?AAD@OJDoAwHg,21,5,5.7066455523,0.7066455523,1.1413291105,5.75112767,Solved
L?AAD?wX?kQQFo,22,5,5.7066142354,0.7066142354,1.1413228471,5.75666735,Solved
L?AAD?wXCcbWFo,23,5,5.7066142328,0.7066142328,1.1413228466,5.75121182,Solved
L?AAD?wXCcawFo,23,5,5.7066142323,0.7066142323,1.1413228465,5.74232548,Solved
L?AAD?wXCc`wFo,23,5,5.7066142318,0.7066142318,1.1413228464,5.74062372,Solved
L?AAD?wXCcboFo,23,5,5.7066142314,0.7066142314,1.1413228463,5.74803626,Solved
L?AAD?wX?uAwcc,22,5,5.7066142282,0.7066142282,1.1413228456,5.75028050,Solved
L?AAD?wX?{BWcc,22,5,5.7066142276,0.7066142276,1.1413228455,5.76033775,Solved
L?AA@aHMAWSPLg,22,5,5.7066142268,0.7066142268,1.1413228454,5.75118940,Solved
L?AAD?wX?kPQFo,22,5,5.7066142261,0.7066142261,1.1413228452,5.75594829,Solved
L?AAD?wXCcbgDo,22,5,5.7066142256,0.7066142256,1.1413228451,5.75627650,Solved
L?AAD@OIAwCsN_,21,5,5.7066025357,0.7066025357,1.1413205071,5.80735291,Solved
L?AAD?sXCcROZA,22,5,5.7065856115,0.7065856115,1.1413171223,5.77845041,Solved
L?AEB?WMBg@wHg,22,5,5.7065827959,0.7065827959,1.1413165592,5.75156157,Solved
L?AAD?oeBGAwN_,21,5,5.7065513500,0.7065513500,1.1413102700,5.79944823,Solved
L?AAD?oFEoHcF_,21,5,5.7065382879,0.7065382879,1.1413076576,5.75413522,Solved
L?AAD?oEAg@WqG,18,5,5.7064257167,0.7064257167,1.1412851433,5.74366214,Solved
L?AAD?wLEOJGCq,21,5,5.7064006318,0.7064006318,1.1412801264,5.74184196,Solved
L?AAF@cE_mV?cg,23,5,5.7063788563,0.7063788563,1.1412757713,5.75135661,Solved
L?AAD?sXDS@YDo,22,5,5.7063624114,0.7063624114,1.1412724823,5.76555307,Solved
L?AAD?sXCcN?eC,21,5,5.7063621311,0.7063621311,1.1412724262,5.78747844,Solved
L?AAD@oR?VTOTB,23,5,5.7063548142,0.7063548142,1.1412709628,5.75769715,Solved
L?AAD@OI?sN_Bw,21,5,5.7063212393,0.7063212393,1.1412642479,5.76787492,Solved
L?ABA_gaO]]?Z?,22,5,5.7063102716,0.7063102716,1.1412620543,5.74925713,Solved
L?AA@BOmDSIg\?,22,5,5.7063013515,0.7063013515,1.1412602703,5.75078535,Solved
L?AB?rOXCSm_F_,23,5,5.7062930317,0.7062930317,1.1412586063,5.75178191,Solved
L?AAD@OJ?sM_ig,21,5,5.7062879630,0.7062879630,1.1412575926,5.80993619,Solved
L?AAD?wX?sBW}?,22,5,5.7062870254,0.7062870254,1.1412574051,5.75433346,Solved
L?AAD@OI@sN_Bw,22,5,5.7062749430,0.7062749430,1.1412549886,5.75936707,Solved
L?AAD@OJ@oVOBw,22,5,5.7062749387,0.7062749387,1.1412549877,5.78117238,Solved
L?AAD@OI@wVOBw,22,5,5.7062749349,0.7062749349,1.1412549870,5.75427612,Solved
L?AAD@OJ@sUOVO,22,5,5.7062498306,0.7062498306,1.1412499661,5.81287836,Solved
L?AA@AWTBoQWic,22,5,5.7062299922,0.7062299922,1.1412459984,5.74503888,Solved
L?AAD@oIaoN_Bw,23,5,5.7062261314,0.7062261314,1.1412452263,5.74376066,Solved
L?AAD@oI_wN_Bw,23,5,5.7062261310,0.7062261310,1.1412452262,5.76975303,Solved
L?AAD@OJ@sM_Bw,22,5,5.7062193119,0.7062193119,1.1412438624,5.79211532,Solved
L?AAD?oeAgEoQX,21,5,5.7062187234,0.7062187234,1.1412437447,5.74935736,Solved
L?AA@BOT@TF_A{,22,5,5.7062093961,0.7062093961,1.1412418792,5.76575478,Solved
L?AA@AOT@wTOeo,21,5,5.7062047909,0.7062047909,1.1412409582,5.74079875,Solved
L?AA@AWT@[JGN?,21,5,5.7061847683,0.7061847683,1.1412369537,5.76117702,Solved
L?AAD?wLEOBoTO,21,5,5.7061653060,0.7061653060,1.1412330612,5.74031064,Solved
L?AADBOL?k\?JG,21,5,5.7061520516,0.7061520516,1.1412304103,5.75936710,Solved
L?AA@AWTDSF_VO,22,5,5.7060946508,0.7060946508,1.1412189302,5.77648999,Solved
L?AAD?wX?k@w{?,21,5,5.7060831918,0.7060831918,1.1412166384,5.80341424,Solved
L?AAD?wXCcBWYA,21,5,5.7060776661,0.7060776661,1.1412155332,5.74465911,Solved
L?AA@BOTCsUOuO,22,5,5.7060535751,0.7060535751,1.1412107150,5.74554609,Solved
L?ABA_gaQgv?sG,22,5,5.7060223180,0.7060223180,1.1412044636,5.74485324,Solved
L?AA@AWTDSHg{?,21,5,5.7060120600,0.7060120600,1.1412024120,5.75841259,Solved
L?AAD@oIaW@sm_,22,5,5.7060069028,0.7060069028,1.1412013806,5.77427464,Solved
L?ABA_gaQgyC}?,23,5,5.7059568991,0.7059568991,1.1411913798,5.74345181,Solved
L?AAD?wX?kBgk_,21,5,5.7059078038,0.7059078038,1.1411815608,5.75286887,Solved
L?AA@BOJKsTOcs,23,5,5.7058839040,0.7058839040,1.1411767808,5.75289874,Solved
L?AAD?sXAoUOaK,21,5,5.7057844315,0.7057844315,1.1411568863,5.75256283,Solved
L?AAD@OIAWCsce,20,5,5.7057463891,0.7057463891,1.1411492778,5.75817506,Solved
L?AAD?sXAoUOac,21,5,5.7056572867,0.7056572867,1.1411314573,5.80426282,Solved
L?AA@BOT?sTOco,20,5,5.7056533248,0.7056533248,1.1411306650,5.74476587,Solved
L?AAD?wXCsBoDo,22,5,5.7056481600,0.7056481600,1.1411296320,5.76154578,Solved
L?AAD?oNBgBoBw,23,5,5.7056189761,0.7056189761,1.1411237952,5.79131185,Solved
L?AAD?wT@[]?ic,23,5,5.7056164005,0.7056164005,1.1411232801,5.77604239,Solved
L?AAD?cUDcIgm?,21,5,5.7056118777,0.7056118777,1.1411223755,5.78124741,Solved
L?AAD?sX@sAYec,23,5,5.7055554920,0.7055554920,1.1411110984,5.77330321,Solved
L?AAD?sXCcBQ^?,22,5,5.7055423796,0.7055423796,1.1411084759,5.79229213,Solved
L?AA@_geBGeoaR,22,5,5.7055273783,0.7055273783,1.1411054757,5.76075601,Solved
L?AAD@OJ@oAwig,21,5,5.7055218131,0.7055218131,1.1411043626,5.75443934,Solved
L?ABAaGBaoCM\G,22,5,5.7055086659,0.7055086659,1.1411017332,5.75066729,Solved
L?AA@BOT@TF_Bw,22,5,5.7054497304,0.7054497304,1.1410899461,5.75650671,Solved
L?AAD?oFAwTOBw,22,5,5.7054029209,0.7054029209,1.1410805842,5.74086226,Solved
L?AAD@OIBg@kN_,21,5,5.7053766649,0.7053766649,1.1410753330,5.76589111,Solved
L?AA@AWT@[YGZ?,21,5,5.7053599707,0.7053599707,1.1410719941,5.76943072,Solved
L?AA@AWTDcHg{?,21,5,5.7053592537,0.7053592537,1.1410718507,5.76703765,Solved
L?ABAaGBaoEcGY,21,5,5.7053343276,0.7053343276,1.1410668655,5.74835661,Solved
L?AEB?We@g@wGk,21,5,5.7053343275,0.7053343275,1.1410668655,5.77083319,Solved
L?AAD@OIAwDcN_,21,5,5.7053147790,0.7053147790,1.1410629558,5.76111770,Solved
L?AAD?W{DcHgFo,23,5,5.7052676439,0.7052676439,1.1410535288,5.74555644,Solved
L?AAD@oIaoDoTS,22,5,5.7052388563,0.7052388563,1.1410477713,5.75190499,Solved
L?AAD?wT?{\?Ic,22,5,5.7052361225,0.7052361225,1.1410472245,5.75933262,Solved
L?AAD?oFAwXCL_,21,5,5.7051528427,0.7051528427,1.1410305685,5.75482233,Solved
L?AAD@oIag@Xk_,21,5,5.7050890549,0.7050890549,1.1410178110,5.79077986,Solved
L?AAD@Oy?{Aw\?,22,5,5.7050889118,0.7050889118,1.1410177824,5.79210363,Solved
L?AAD@OICsBgHg,20,5,5.7050770052,0.7050770052,1.1410154010,5.74149418,Solved
L?AAD@oI_iJ_YA,21,5,5.7050753362,0.7050753362,1.1410150672,5.78171872,Solved
L?AAD?wXCcAwYA,21,5,5.7050565862,0.7050565862,1.1410113172,5.75283555,Solved
L?AAD@OI@w@[Ds,21,5,5.7050289869,0.7050289869,1.1410057974,5.74312779,Solved
L?AAD@OIAWEoBw,20,5,5.7050118952,0.7050118952,1.1410023790,5.74367928,Solved
L?AAD?oeBG@[F_,20,5,5.7049872273,0.7049872273,1.1409974455,5.75776462,Solved
L?AAD?wT?]UON?,22,5,5.7049542320,0.7049542320,1.1409908464,5.75359943,Solved
L?AADBOX?wFOBg,21,5,5.7049326181,0.7049326181,1.1409865236,5.75910782,Solved
L?AA@AWT@S}?At,22,5,5.7048910416,0.7048910416,1.1409782083,5.76667634,Solved
L?ABA_gaQW]?Bp,22,5,5.7048565180,0.7048565180,1.1409713036,5.75511735,Solved
L?AADAoFFOAwM_,22,5,5.7048303483,0.7048303483,1.1409660697,5.83918954,Solved
L?AAD@W[AYBwka,24,5,5.7047845581,0.7047845581,1.1409569116,5.74157096,Solved
L?AA@AWTF_TQAu,23,5,5.7047812566,0.7047812566,1.1409562513,5.75785948,Solved
L?AA@AOTCsDouO,21,5,5.7047640532,0.7047640532,1.1409528106,5.74426355,Solved
L?AAD@oI_\IgN_,23,5,5.7047405749,0.7047405749,1.1409481150,5.74986498,Solved
L?AAD?sXAoRODo,21,5,5.7046925043,0.7046925043,1.1409385009,5.74265056,Solved
L?AA@AWT@SboDo,21,5,5.7046815022,0.7046815022,1.1409363004,5.76431870,Solved
L?AA@AWT@cPWuO,21,5,5.7046750483,0.7046750483,1.1409350097,5.75065179,Solved
L?AAD@W[?[DoSQ,21,5,5.7046229272,0.7046229272,1.1409245854,5.76269880,Solved
L?AAD?oV@kIg}?,23,5,5.7045870498,0.7045870498,1.1409174100,5.77291417,Solved
L?AAD@W[?s@oHg,20,5,5.7045830609,0.7045830609,1.1409166122,5.75694373,Solved
L?AAD?oEAgDoag,19,5,5.7045729472,0.7045729472,1.1409145894,5.75675368,Solved
L?AEB?We@g@wHk,22,5,5.7045647970,0.7045647970,1.1409129594,5.76426483,Solved
L?AAD?wTDSJ_Fo,23,5,5.7045600920,0.7045600920,1.1409120184,5.76785148,Solved
L?AA@aHMBHROL_,22,5,5.7045465480,0.7045465480,1.1409093096,5.84202472,Solved
L?AAD?wT?{BWic,23,5,5.7045421913,0.7045421913,1.1409084383,5.78679229,Solved
L?AAD?wT?{Bgic,23,5,5.7045421786,0.7045421786,1.1409084357,5.82830516,Solved
L?AAD@oI_w^?TS,23,5,5.7045421786,0.7045421786,1.1409084357,5.78727846,Solved
L?AAD?wT?]TQFo,24,5,5.7045421786,0.7045421786,1.1409084357,5.74959629,Solved
L?AAD?wTDSbwFo,25,5,5.7045421777,0.7045421777,1.1409084355,5.74269500,Solved
L?AAD?wT?mBwic,24,5,5.7045421777,0.7045421777,1.1409084355,5.77259708,Solved
L?AAD?wT?m@wic,23,5,5.7045421759,0.7045421759,1.1409084352,5.76225223,Solved
L?AAD?wT?u@wic,23,5,5.7045421757,0.7045421757,1.1409084351,5.76035765,Solved
L?AAD?wT?{M_ic,23,5,5.7045421751,0.7045421751,1.1409084350,5.79827706,Solved
L?AAD?wT?{TQFo,24,5,5.7045421747,0.7045421747,1.1409084349,5.78482299,Solved
L?AAD?wT?uTQFo,24,5,5.7045421743,0.7045421743,1.1409084349,5.76971729,Solved
L?AA@aHMBGEsea,23,5,5.7045421742,0.7045421742,1.1409084348,5.78378159,Solved
L?AAD?wT?yBwic,24,5,5.7045421740,0.7045421740,1.1409084348,5.76653809,Solved
L?AAD@OJEoEoHg,21,5,5.7045100442,0.7045100442,1.1409020088,5.78381742,Solved
L?AAD?oFBo@[M_,21,5,5.7045089048,0.7045089048,1.1409017810,5.78429966,Solved
L?AAF@cE_mV?eg,24,5,5.7044877311,0.7044877311,1.1408975462,5.74422160,Solved
L?AA@AWT@c@WFo,20,5,5.7044835583,0.7044835583,1.1408967117,5.74886068,Solved
L?AAD?oEAgDoai,20,5,5.7043844322,0.7043844322,1.1408768864,5.76672856,Solved
L?AA@AWT@c\?qQ,21,5,5.7043472076,0.7043472076,1.1408694415,5.75214696,Solved
L?AA@AWT@cXH}?,22,5,5.7043342000,0.7043342000,1.1408668400,5.76146041,Solved
L?AAD?oEAgFoai,21,5,5.7042575063,0.7042575063,1.1408515013,5.75808724,Solved
L?AA@AWTDoYGas,22,5,5.7042427404,0.7042427404,1.1408485481,5.75716845,Solved
L?AAD?wXCcAwJA,21,5,5.7042393135,0.7042393135,1.1408478627,5.74466911,Solved
L?AAD?wT@S|?N_,23,5,5.7042392736,0.7042392736,1.1408478547,5.74015949,Solved
L?AAD?wXCcAwZA,22,5,5.7042392705,0.7042392705,1.1408478541,5.74810563,Solved
L?AAD?wTCS`w\A,23,5,5.7042392690,0.7042392690,1.1408478538,5.74049562,Solved
L?AAD@OJDo@scc,21,5,5.7042091624,0.7042091624,1.1408418325,5.74004015,Solved
L?AAD@oI_iBgm_,22,5,5.7042031679,0.7042031679,1.1408406336,5.76904751,Solved
L?AA@AWT@c@WJ_,19,5,5.7041975469,0.7041975469,1.1408395094,5.74797596,Solved
L?AEB?WU@HEoBo,21,5,5.7041739818,0.7041739818,1.1408347964,5.77187557,Solved
L?AAD@W[?[BoHg,21,5,5.7041653847,0.7041653847,1.1408330769,5.74703979,Solved
L?AAD@oR@sUOBw,23,5,5.7041387474,0.7041387474,1.1408277495,5.74373426,Solved
L?AAD@oIagUOAy,22,5,5.7041120786,0.7041120786,1.1408224157,5.79191612,Solved
L?AA@AWT@SYGeo,21,5,5.7040358779,0.7040358779,1.1408071756,5.79158835,Solved
L?AAD?oFAwEoqH,22,5,5.7039939595,0.7039939595,1.1407987919,5.75577350,Solved
L?AAD?wXCcHH{?,21,5,5.7039839992,0.7039839992,1.1407967998,5.78609570,Solved
L?AEB?WM@gCseP,22,5,5.7039285849,0.7039285849,1.1407857170,5.77819061,Solved
L?AAD@OI@WBODs,19,5,5.7039117220,0.7039117220,1.1407823444,5.80269221,Solved
L?AAD@Oi?wEoCs,20,5,5.7039117184,0.7039117184,1.1407823437,5.75083030,Solved
L?AAD@OI@gAwAy,20,5,5.7039117182,0.7039117182,1.1407823436,5.80068004,Solved
L?AAD@OI@gBoDs,20,5,5.7039117177,0.7039117177,1.1407823435,5.79561409,Solved
L?AAD@OICcAqBQ,19,5,5.7039117176,0.7039117176,1.1407823435,5.76120432,Solved
L?AAD@OICcBGFo,19,5,5.7039117168,0.7039117168,1.1407823434,5.76469358,Solved
L?AAD@OI@cBGH`,18,5,5.7039117167,0.7039117167,1.1407823433,5.77016002,Solved
L?AAD@Oi?wFOCs,20,5,5.7039117164,0.7039117164,1.1407823433,5.78903693,Solved
L?AAD@OI?sM_Ax,20,5,5.7039117158,0.7039117158,1.1407823432,5.78720692,Solved
L?AAD@OI@gBOCs,18,5,5.7039117158,0.7039117158,1.1407823432,5.79139079,Solved
L?AAD@OICcBoBQ,19,5,5.7039117157,0.7039117157,1.1407823431,5.76510150,Solved
L?AA@AODAOTOeo,18,5,5.7039117149,0.7039117149,1.1407823430,5.74516457,Solved
L?AA@AOT?kT?FO,18,5,5.7039117145,0.7039117145,1.1407823429,5.76585636,Solved
L?AAD@OI@cM_Ax,20,5,5.7039117144,0.7039117144,1.1407823429,5.77083644,Solved
L?AAD@OI@WBoCs,19,5,5.7039117143,0.7039117143,1.1407823429,5.83475729,Solved
L?AAD@OI@gBoDc,19,5,5.7039117141,0.7039117141,1.1407823428,5.77822787,Solved
L?AAD@OI@gAqN_,20,5,5.7039117141,0.7039117141,1.1407823428,5.78003948,Solved
L?AAD@OICcBGDo,18,5,5.7039117140,0.7039117140,1.1407823428,5.77876486,Solved
L?AAD@OI@WBOCu,19,5,5.7039117132,0.7039117132,1.1407823426,5.75804260,Solved
L?AA@AODAOVOFo,19,5,5.7039117130,0.7039117130,1.1407823426,5.74345779,Solved
L?AAD@OI@WBOce,19,5,5.7039117127,0.7039117127,1.1407823425,5.75955888,Solved
L?AAD@OI@cBGHh,19,5,5.7039117122,0.7039117122,1.1407823424,5.77494629,Solved
L?AAD@OI@gAYN_,20,5,5.7039117119,0.7039117119,1.1407823424,5.79106036,Solved
L?AAD@OI@gBODc,18,5,5.7039117117,0.7039117117,1.1407823423,5.78528858,Solved
L?AAD@OI@WBODc,18,5,5.7039117113,0.7039117113,1.1407823423,5.78386484,Solved
L?AAD@OICcK`Ax,20,5,5.7039117111,0.7039117111,1.1407823422,5.76719548,Solved
L?AA@AOT?kT?AU,18,5,5.7039117105,0.7039117105,1.1407823421,5.76756836,Solved
L?AAD@OICcBGF_,18,5,5.7039117101,0.7039117101,1.1407823420,5.76470233,Solved
L?AAD@OJ@oTCDp,21,5,5.7039117100,0.7039117100,1.1407823420,5.76144203,Solved
L?AAD@OI@cHHL`,20,5,5.7039117097,0.7039117097,1.1407823419,5.75236157,Solved
L?AAD@OICcEoBQ,19,5,5.7039117096,0.7039117096,1.1407823419,5.74690136,Solved
L?AAD@OI@gAwAq,19,5,5.7039117094,0.7039117094,1.1407823419,5.79454121,Solved
L?AAD@OI@WBOCe,18,5,5.7039117091,0.7039117091,1.1407823418,5.74995972,Solved
L?AA@BOTDO@WCo,18,5,5.7039117089,0.7039117089,1.1407823418,5.79426025,Solved
L?AAD@OICcAwBQ,19,5,5.7039117087,0.7039117087,1.1407823417,5.75729130,Solved
L?AA@AOTDoBgFo,21,5,5.7039117087,0.7039117087,1.1407823417,5.77135396,Solved
L?AA@AODAOTOFo,18,5,5.7039117086,0.7039117086,1.1407823417,5.74342047,Solved
L?AAD@OI@gAwAY,19,5,5.7039117086,0.7039117086,1.1407823417,5.79642699,Solved
L?AA@AODAOTOEo,17,5,5.7039117083,0.7039117083,1.1407823417,5.75738516,Solved
L?AAD@OI@gBODs,19,5,5.7039117082,0.7039117082,1.1407823416,5.79500075,Solved
L?AA@AODAOTOBo,17,5,5.7039117081,0.7039117081,1.1407823416,5.74943080,Solved
L?AAD?cEF_EoAZ,21,5,5.7039117081,0.7039117081,1.1407823416,5.76391626,Solved
L?AA@AODAODOao,16,5,5.7039117080,0.7039117080,1.1407823416,5.74566150,Solved
L?AA@AODAODOeo,17,5,5.7039117078,0.7039117078,1.1407823416,5.74064209,Solved
L?AAD@OI@WBOCs,18,5,5.7039117076,0.7039117076,1.1407823415,5.81721125,Solved
L?AAD@oIaoDoST,22,5,5.7039115251,0.7039115251,1.1407823050,5.76061633,Solved
L?AAD@OI@WROce,20,5,5.7039115249,0.7039115249,1.1407823050,5.76110207,Solved
L?AAD@OICcAqQQ,19,5,5.7039088453,0.7039088453,1.1407817691,5.78563571,Solved
L?AAD@OICcBgFo,20,5,5.7039088443,0.7039088443,1.1407817689,5.74668602,Solved
L?AAD@OI?sK`Ep,20,5,5.7039088438,0.7039088438,1.1407817688,5.74755285,Solved
L?AAD@OI@sM_Ax,21,5,5.7039086932,0.7039086932,1.1407817386,5.78256393,Solved
L?AAD@OICc@hN_,20,5,5.7039086922,0.7039086922,1.1407817384,5.76089470,Solved
L?AAD@Oi?wUOFo,21,5,5.7039086900,0.7039086900,1.1407817380,5.76617470,Solved
L?AAD@OICc@hDs,20,5,5.7039086899,0.7039086899,1.1407817380,5.75744319,Solved
L?AAD@OI@gFoDs,21,5,5.7039086884,0.7039086884,1.1407817377,5.78148614,Solved
L?AAD@OI@gFODs,20,5,5.7039086869,0.7039086869,1.1407817374,5.79938403,Solved
L?AAD@Oi@g@WM_,19,5,5.7039075884,0.7039075884,1.1407815177,5.78726603,Solved
L?AAD@OI@WVOce,21,5,5.7039040795,0.7039040795,1.1407808159,5.76022961,Solved
L?AA@AWT@SRGF_,20,5,5.7039021626,0.7039021626,1.1407804325,5.77710723,Solved
L?AAD@OJ@oQQJH,21,5,5.7038851159,0.7038851159,1.1407770232,5.75897728,Solved
L?AAD?sXCcN?ec,22,5,5.7038828395,0.7038828395,1.1407765679,5.79293767,Solved
L?AAD@OICcHHHh,20,5,5.7038733372,0.7038733372,1.1407746674,5.76067502,Solved
L?AAD@OI?sF_Ds,20,5,5.7038733311,0.7038733311,1.1407746662,5.80217023,Solved
L?AAD@OI@wFODs,21,5,5.7038711674,0.7038711674,1.1407742335,5.77244327,Solved
L?AA@BOT?sDOEo,19,5,5.7038685432,0.7038685432,1.1407737086,5.75404801,Solved
L?AAD@OJ@cF_BI,20,5,5.7038685426,0.7038685426,1.1407737085,5.75417152,Solved
L?AA@BOTDOAWeO,19,5,5.7038685425,0.7038685425,1.1407737085,5.79340423,Solved
L?AA@BOTDO@WUO,19,5,5.7038685411,0.7038685411,1.1407737082,5.77393923,Solved
L?AAD@Oi@gBODc,19,5,5.7038685398,0.7038685398,1.1407737080,5.80396811,Solved
L?AA@AWT@SRG]?,20,5,5.7038685394,0.7038685394,1.1407737079,5.79818633,Solved
L?AA@AWT@SBWV?,20,5,5.7038685388,0.7038685388,1.1407737078,5.75395299,Solved
L?AADaoJAo@oQW,21,5,5.7038685373,0.7038685373,1.1407737075,5.74738348,Solved
L?AAD@Oi@gAoAw,19,5,5.7038685363,0.7038685363,1.1407737073,5.80019917,Solved
L?AA@AOT?kT?aS,18,5,5.7038685353,0.7038685353,1.1407737071,5.76438943,Solved
L?AA@AOT?kT?eO,18,5,5.7038685352,0.7038685352,1.1407737070,5.78627727,Solved
L?AA@AODBODOeO,17,5,5.7038685350,0.7038685350,1.1407737070,5.75757881,Solved
L?AA@BOTDO@WEo,19,5,5.7038685343,0.7038685343,1.1407737069,5.76928607,Solved
L?AA@BOT?sDOAw,19,5,5.7038685342,0.7038685342,1.1407737068,5.74617269,Solved
L?AAD@Oi@gBOCs,19,5,5.7038685339,0.7038685339,1.1407737068,5.75952408,Solved
L?AAD@Oi@gBODs,20,5,5.7038685338,0.7038685338,1.1407737068,5.77914700,Solved
L?AAD?wX?sBI]?,21,5,5.7038685334,0.7038685334,1.1407737067,5.75216878,Solved
L?AA@AODBOTOFO,18,5,5.7038685332,0.7038685332,1.1407737066,5.76728870,Solved
L?AA@AODBOROVO,19,5,5.7038416887,0.7038416887,1.1407683377,5.76341252,Solved
L?AAD?wX?sAY]?,21,5,5.7038414199,0.7038414199,1.1407682840,5.80979642,Solved
L?AA@AWT@SJ_eo,21,5,5.7038342986,0.7038342986,1.1407668597,5.76295780,Solved
L?AAD@OJ@cF_BY,21,5,5.7038335757,0.7038335757,1.1407667151,5.76746057,Solved
L?AA@BOTDOEOaS,19,5,5.7038294439,0.7038294439,1.1407658888,5.80482539,Solved
L?AA@AWT@SRG^?,21,5,5.7038247728,0.7038247728,1.1407649546,5.77545548,Solved
L?AA@AWT@SRGN_,21,5,5.7038186801,0.7038186801,1.1407637360,5.77195027,Solved
L?AAD?wX?sN?Es,22,5,5.7038115585,0.7038115585,1.1407623117,5.77699591,Solved
L?AAD@OI@wAYN_,21,5,5.7038115579,0.7038115579,1.1407623116,5.76852812,Solved
L?AAD@OI@WBoCu,20,5,5.7038115576,0.7038115576,1.1407623115,5.78314021,Solved
L?AAD@Oi?wFODs,21,5,5.7038115563,0.7038115563,1.1407623113,5.81416686,Solved
L?AAD?wT?y\?Do,22,5,5.7038000995,0.7038000995,1.1407600199,5.84132756,Solved
L?AAD@OJBgTCN_,22,5,5.7037995699,0.7037995699,1.1407599140,5.77650031,Solved
L?AAD@OJ@wUOBX,22,5,5.7037972646,0.7037972646,1.1407594529,5.76205341,Solved
L?AA@BOTDOEOqO,19,5,5.7037777331,0.7037777331,1.1407555466,5.78638066,Solved
L?AAD@Oi?wFOEo,20,5,5.7037028985,0.7037028985,1.1407405797,5.80863929,Solved
L?AA@BOT?sDOUO,19,5,5.7037028961,0.7037028961,1.1407405792,5.80299646,Solved
L?ABAaIeB_DgHW,22,5,5.7036981797,0.7036981797,1.1407396359,5.74601143,Solved
L?AAD@Oi?wFOFo,21,5,5.7036933733,0.7036933733,1.1407386747,5.82346729,Solved
L?AAD@OI?{F_Ds,21,5,5.7036933690,0.7036933690,1.1407386738,5.79827260,Solved
L?AAD@OI@WBoDs,20,5,5.7036933687,0.7036933687,1.1407386737,5.82069406,Solved
L?AA@AWT@c\?aU,21,5,5.7036910115,0.7036910115,1.1407382023,5.75280099,Solved
L?AA@AWT@cPJ}?,22,5,5.7036769287,0.7036769287,1.1407353857,5.75799786,Solved
L?AAD@Oi@gBoDc,20,5,5.7036711621,0.7036711621,1.1407342324,5.78424823,Solved
L?AAD@OICsBgFo,21,5,5.7036711554,0.7036711554,1.1407342311,5.75934299,Solved
L?AEB?We@LBoN_,23,5,5.7036711529,0.7036711529,1.1407342306,5.74182465,Solved
L?AAD@Oi@gBoDs,21,5,5.7036711526,0.7036711526,1.1407342305,5.77642208,Solved
L?AAD@OI@WBWCu,20,5,5.7036711512,0.7036711512,1.1407342302,5.75756203,Solved
L?AAD@Oi?wEoDs,21,5,5.7036711501,0.7036711501,1.1407342300,5.76835353,Solved
L?AEB?We@kBoHk,23,5,5.7036699923,0.7036699923,1.1407339985,5.76901395,Solved
L?AAD@OI@wFoDs,22,5,5.7036627690,0.7036627690,1.1407325538,5.75877055,Solved
L?AAD@oM`s@[\@,24,5,5.7036627684,0.7036627684,1.1407325537,5.75191425,Solved
L?AAD@OI@WFoDs,21,5,5.7036627680,0.7036627680,1.1407325536,5.76719786,Solved
L?AAD@Oi?wVOFo,22,5,5.7036627621,0.7036627621,1.1407325524,5.78478501,Solved
L?AAD@Oi@gFoDs,22,5,5.7036627616,0.7036627616,1.1407325523,5.78361243,Solved
L?AA@BOTDO@WqO,19,5,5.7036530111,0.7036530111,1.1407306022,5.77423341,Solved
L?AA@BOTDO@WuO,20,5,5.7036530093,0.7036530093,1.1407306019,5.76025024,Solved
L?AADbGR@kF_Kg,23,5,5.7035718670,0.7035718670,1.1407143734,5.75085345,Solved
L?AAD?oeBGEoaI,20,5,5.7035710019,0.7035710019,1.1407142004,5.76725434,Solved
L?AA@BOT@S@Wu?,19,5,5.7035393738,0.7035393738,1.1407078748,5.74619838,Solved
L?AAD@Oi@WBOCs,19,5,5.7035393732,0.7035393732,1.1407078746,5.76637038,Solved
L?AA@BOT@c@WM_,19,5,5.7035393730,0.7035393730,1.1407078746,5.75761880,Solved
L?AA@AOT@wBWm_,21,5,5.7035315209,0.7035315209,1.1407063042,5.74864082,Solved
L?AA@BOT?sDOBW,19,5,5.7035306323,0.7035306323,1.1407061265,5.78071954,Solved
L?AAD@Oi?sM_Cs,20,5,5.7035252149,0.7035252149,1.1407050430,5.77569379,Solved
L?AA@AWTCsL_UO,21,5,5.7035173847,0.7035173847,1.1407034769,5.76471624,Solved
L?AA@BOT@SPWu?,20,5,5.7035061828,0.7035061828,1.1407012366,5.74916644,Solved
L?AAD@Oi?sF_Cs,20,5,5.7035061795,0.7035061795,1.1407012359,5.76599236,Solved
L?AAD@W[?UtOTB,23,5,5.7034924750,0.7034924750,1.1406984950,5.76059562,Solved
L?AADbGR@kF_Lg,24,5,5.7034924711,0.7034924711,1.1406984942,5.74388440,Solved
L?AAD?wT?]J_m_,23,5,5.7034924703,0.7034924703,1.1406984941,5.74679350,Solved
L?AA@BOT@SZ?as,21,5,5.7034888969,0.7034888969,1.1406977794,5.74641271,Solved
L?AA@AWT@c@WN_,20,5,5.7034870629,0.7034870629,1.1406974126,5.77886926,Solved
L?AA@AWT@SPWu?,20,5,5.7034718331,0.7034718331,1.1406943666,5.77839201,Solved
L?AA@AWT@SZ?as,21,5,5.7034684194,0.7034684194,1.1406936839,5.77907494,Solved
L?ABAaGBaoEcGU,21,5,5.7034447438,0.7034447438,1.1406889488,5.74387703,Solved
L?ABAaGBaoEcG],22,5,5.7034313421,0.7034313421,1.1406862684,5.74567135,Solved
L?AEB?WeBHEoM_,22,5,5.7034313404,0.7034313404,1.1406862681,5.76458576,Solved
L?AEB?WeBHEoF_,22,5,5.7034313392,0.7034313392,1.1406862678,5.75656577,Solved
L?AEB?WeBHF_L_,22,5,5.7034313378,0.7034313378,1.1406862676,5.75236126,Solved
L?ABA_gaR_asBo,22,5,5.7034073410,0.7034073410,1.1406814682,5.74583081,Solved
L?AAD@oI_wJgBw,23,5,5.7033882525,0.7033882525,1.1406776505,5.75888120,Solved
L?AAD@Oi@cBoFo,21,5,5.7033861317,0.7033861317,1.1406772263,5.78776571,Solved
L?AA@BOTDOAWAs,19,5,5.7033804946,0.7033804946,1.1406760989,5.78723564,Solved
L?AA@AWTCsL_FO,21,5,5.7033594329,0.7033594329,1.1406718866,5.75929353,Solved
L?AA@AOTDoBWFo,21,5,5.7033584743,0.7033584743,1.1406716949,5.75415250,Solved
L?AAD?oE@WHcBg,19,5,5.7033511782,0.7033511782,1.1406702356,5.77576839,Solved
L?AAD?oFFOBge_,21,5,5.7033341748,0.7033341748,1.1406668350,5.78418911,Solved
L?AAD@OIAW@sce,20,5,5.7033326108,0.7033326108,1.1406665222,5.74653327,Solved
L?AA@AOTDo@wDo,20,5,5.7033273065,0.7033273065,1.1406654613,5.74570867,Solved
L?AAD?oFEPEo]?,21,5,5.7033124348,0.7033124348,1.1406624870,5.76938599,Solved
L?AAD?oFBgFOai,22,5,5.7033062770,0.7033062770,1.1406612554,5.76794972,Solved
L?AA@AOT?kN?RO,19,5,5.7033024556,0.7033024556,1.1406604911,5.76239474,Solved
L?AAD?oEBg@kL_,20,5,5.7033011010,0.7033011010,1.1406602202,5.79779721,Solved
L?AA@AWT@cXGas,21,5,5.7032948307,0.7032948307,1.1406589661,5.76285451,Solved
L?AA@AOTDo@wFo,21,5,5.7032884486,0.7032884486,1.1406576897,5.74290603,Solved
L?AAD@OJEoCsN_,22,5,5.7032863696,0.7032863696,1.1406572739,5.80141685,Solved
L?AA@AOTBoBgFo,21,5,5.7032816890,0.7032816890,1.1406563378,5.74973907,Solved
L?AAD@W[?[DoSR,22,5,5.7032803554,0.7032803554,1.1406560711,5.75128955,Solved
L?AAD?oE@WHcBw,20,5,5.7032752120,0.7032752120,1.1406550424,5.77935187,Solved
L?AA@AOTBoBWFo,21,5,5.7032353223,0.7032353223,1.1406470645,5.74663697,Solved
L?AAD@Oi@WBODc,19,5,5.7032334257,0.7032334257,1.1406466851,5.79421299,Solved
L?AAD?oEBg@kN_,21,5,5.7032314618,0.7032314618,1.1406462924,5.79448897,Solved
L?AAD@OI@gEoQR,20,5,5.7032236916,0.7032236916,1.1406447383,5.75057928,Solved
L?AA@AOT?kT?aU,19,5,5.7032236909,0.7032236909,1.1406447382,5.76068670,Solved
L?AAD@OI@g@LL`,20,5,5.7032236909,0.7032236909,1.1406447382,5.75228014,Solved
L?AAD@OI@gUOAZ,20,5,5.7032236894,0.7032236894,1.1406447379,5.75643742,Solved
L?AA@AODEoTOas,20,5,5.7032236875,0.7032236875,1.1406447375,5.76721585,Solved
L?AA@AOT?kT?VO,19,5,5.7032236872,0.7032236872,1.1406447374,5.75769406,Solved
L?AA@AOTDoAwFo,21,5,5.7032236870,0.7032236870,1.1406447374,5.76271376,Solved
L?AAD?oEBgCqAZ,21,5,5.7032236864,0.7032236864,1.1406447373,5.75763673,Solved
L?AA@AOT?{V?Fo,21,5,5.7032236842,0.7032236842,1.1406447368,5.76077593,Solved
L?AAD@W[@KDoSR,22,5,5.7032233121,0.7032233121,1.1406446624,5.75393736,Solved
L?AAD@Oi@cBoCs,20,5,5.7032188256,0.7032188256,1.1406437651,5.74543296,Solved
L?AA@BOT@SFOA[,20,5,5.7032188255,0.7032188255,1.1406437651,5.74237099,Solved
L?AAD@OI?sEoCs,19,5,5.7032188244,0.7032188244,1.1406437649,5.77372046,Solved
L?AAD@Oi?sEoCs,20,5,5.7032188234,0.7032188234,1.1406437647,5.74692664,Solved
L?AAD@OiDcAYRB,22,5,5.7032082186,0.7032082186,1.1406416437,5.76830846,Solved
L?AAD?sXAoBOEc,20,5,5.7032061571,0.7032061571,1.1406412314,5.77604547,Solved
L?AAD@OJ@cBoBQ,20,5,5.7032061556,0.7032061556,1.1406412311,5.77499645,Solved
L?AAD?oeAWBoFO,20,5,5.7032053921,0.7032053921,1.1406410784,5.78714326,Solved
L?AAD?oeAWBgFo,21,5,5.7032053903,0.7032053903,1.1406410781,5.77240263,Solved
L?AA@AOT?kT?A],19,5,5.7032052597,0.7032052597,1.1406410519,5.75483300,Solved
L?AA@AODEoDoFo,20,5,5.7031988656,0.7031988656,1.1406397731,5.74244720,Solved
L?AAD?oEEPAwVO,21,5,5.7031983991,0.7031983991,1.1406396798,5.75597601,Solved
L?AAD@Oi@cBgFo,21,5,5.7031922040,0.7031922040,1.1406384408,5.76593791,Solved
L?AAD?cU?sZ?Fo,21,5,5.7031922017,0.7031922017,1.1406384403,5.74448004,Solved
L?AAD@Oi?sF_Ds,21,5,5.7031921985,0.7031921985,1.1406384397,5.78548311,Solved
L?AAD@Oi@WBODs,20,5,5.7031921968,0.7031921968,1.1406384394,5.78174245,Solved
L?AAD@OJCcv?JI,22,5,5.7031808100,0.7031808100,1.1406361620,5.75532493,Solved
L?AA@AOTCsN?VO,21,5,5.7031712718,0.7031712718,1.1406342544,5.77556420,Solved
L?AAD?wXCcHg{?,21,5,5.7031678226,0.7031678226,1.1406335645,5.79823121,Solved
L?AA@AOTBo@wFo,21,5,5.7031649293,0.7031649293,1.1406329859,5.74065544,Solved
L?AA@AOTBoAwFo,21,5,5.7031646258,0.7031646258,1.1406329252,5.75618385,Solved
L?AA@AOT?{N?Fo,21,5,5.7031646242,0.7031646242,1.1406329248,5.74573188,Solved
L?AA@age@gHGaq,21,5,5.7031616885,0.7031616885,1.1406323377,5.74202537,Solved
L?ABA_gaOkm_JO,22,5,5.7031473650,0.7031473650,1.1406294730,5.74972122,Solved
L?ABBAO]AwBWFo,24,5,5.7031435240,0.7031435240,1.1406287048,5.75303134,Solved
L?AAD@Oi@wEoDs,22,5,5.7031435231,0.7031435231,1.1406287046,5.77547484,Solved
L?AAD@OJ@c@hN_,21,5,5.7031435228,0.7031435228,1.1406287046,5.77896270,Solved
L?AAD@Oi?{F_Ds,22,5,5.7031435228,0.7031435228,1.1406287046,5.78643832,Solved
L?AAD@OiCsBgFo,22,5,5.7031435224,0.7031435224,1.1406287045,5.76481746,Solved
L?AAD@Oi@wAwN_,22,5,5.7031435213,0.7031435213,1.1406287043,5.78379404,Solved
L?AAD@Oi@WBoDs,21,5,5.7031435202,0.7031435202,1.1406287040,5.79124870,Solved
L?AAD@OZBoDSJg,23,5,5.7031435186,0.7031435186,1.1406287037,5.76155183,Solved
L?AAD?oEEPJgDq,22,5,5.7031383176,0.7031383176,1.1406276635,5.75694569,Solved
L?AADaoJAo@oRO,21,5,5.7031379474,0.7031379474,1.1406275895,5.78070125,Solved
L?AA@BOT@oPWic,21,5,5.7031223317,0.7031223317,1.1406244663,5.76564361,Solved
L?AA@AOT?kV?aU,20,5,5.7031186751,0.7031186751,1.1406237350,5.76125318,Solved
L?AA@AOTCsL_VO,21,5,5.7031161913,0.7031161913,1.1406232383,5.74174560,Solved
L?AA@BOTDoPWic,22,5,5.7031157183,0.7031157183,1.1406231437,5.76217836,Solved
L?AEB?We@gFOXK,22,5,5.7030965027,0.7030965027,1.1406193005,5.76552848,Solved
L?ABAaGBaoCL\G,22,5,5.7030965024,0.7030965024,1.1406193005,5.74911158,Solved
L?AAD?oZBW@wCu,23,5,5.7030783115,0.7030783115,1.1406156623,5.74861056,Solved
L?AAD?wLAW@WKB,20,5,5.7030752101,0.7030752101,1.1406150420,5.75187485,Solved
L?AAD@OIAw@sN_,21,5,5.7030722454,0.7030722454,1.1406144491,5.79930072,Solved
L?AADaoJAo@oRW,22,5,5.7030715018,0.7030715018,1.1406143004,5.75277395,Solved
L?AAD@Oi@g@WL_,19,5,5.7030630168,0.7030630168,1.1406126034,5.76360353,Solved
L?AAD@Oi@g@[L_,20,5,5.7030589029,0.7030589029,1.1406117806,5.77292217,Solved
L?AEB?We@gFOGk,21,5,5.7030564941,0.7030564941,1.1406112988,5.76977806,Solved
L?AAD?oFFOBgi_,21,5,5.7030418866,0.7030418866,1.1406083773,5.78906082,Solved
L?AAD@oI_wBgu?,21,5,5.7030329401,0.7030329401,1.1406065880,5.76084673,Solved
L?AA@AOTEoTOas,21,5,5.7030323383,0.7030323383,1.1406064677,5.77586146,Solved
L?AAD@Oi@cBWFo,21,5,5.7030290058,0.7030290058,1.1406058012,5.76416273,Solved
L?AA@aHMBgV?Lg,23,5,5.7030290052,0.7030290052,1.1406058010,5.75065104,Solved
L?AAD@Oi@cAwFo,21,5,5.7030290047,0.7030290047,1.1406058009,5.78452663,Solved
L?AAD@Oi@cBwFo,22,5,5.7030290045,0.7030290045,1.1406058009,5.75859420,Solved
L?AAD?sXDSBWDo,22,5,5.7030283322,0.7030283322,1.1406056664,5.76209579,Solved
L?AAD?wLAW@WcB,20,5,5.7030234856,0.7030234856,1.1406046971,5.75309300,Solved
L?AEB?We@gDoGk,21,5,5.7030203222,0.7030203222,1.1406040644,5.76629730,Solved
L?ABAaGBaoCLSK,21,5,5.7030195227,0.7030195227,1.1406039045,5.76146138,Solved
L?ABAaGBaoCLKK,21,5,5.7030155548,0.7030155548,1.1406031110,5.75206529,Solved
L?AAD?oeAw@wFO,21,5,5.7030113111,0.7030113111,1.1406022622,5.78258453,Solved
L?AAD?wLAW@WkB,21,5,5.7030088572,0.7030088572,1.1406017714,5.75716452,Solved
L?AEB?We@gFOHk,22,5,5.7030088559,0.7030088559,1.1406017712,5.77456269,Solved
L?AAD@OICcBwFo,21,5,5.7030066860,0.7030066860,1.1406013372,5.74093500,Solved
L?AAD@OICcBWFo,20,5,5.7030066852,0.7030066852,1.1406013370,5.75428673,Solved
L?AAD@OICcAwEo,19,5,5.7030066836,0.7030066836,1.1406013367,5.77598310,Solved
L?AAD@OICcBoFo,20,5,5.7030066816,0.7030066816,1.1406013363,5.76455711,Solved
L?AA@BOT?sDOA{,20,5,5.7030066812,0.7030066812,1.1406013362,5.74089788,Solved
L?AAD@OICcAwFo,20,5,5.7030066811,0.7030066811,1.1406013362,5.75261914,Solved
L?AAD@Oi@cAYN_,21,5,5.7030045044,0.7030045044,1.1406009009,5.75224188,Solved
L?AA@BOT@SFOA{,21,5,5.7030045039,0.7030045039,1.1406009008,5.74701976,Solved
L?AAD@OIDcBwFo,22,5,5.7030045038,0.7030045038,1.1406009008,5.75253144,Solved
L?AAD?oEBW@kJ_,20,5,5.7030045033,0.7030045033,1.1406009007,5.78923841,Solved
L?AAD@OiDcBWFo,22,5,5.7030045026,0.7030045026,1.1406009005,5.74977307,Solved
L?AAD@OI@sAYN_,21,5,5.7030045025,0.7030045025,1.1406009005,5.76691156,Solved
L?AAD@OiDcAwFo,22,5,5.7030045024,0.7030045024,1.1406009005,5.74932841,Solved
L?AAD@OI@kAYN_,21,5,5.7030045024,0.7030045024,1.1406009005,5.76342507,Solved
L?AAD@OI?{UOFo,21,5,5.7030045022,0.7030045022,1.1406009004,5.78050584,Solved
L?AAD@OiDcBgFo,22,5,5.7030045011,0.7030045011,1.1406009002,5.74672273,Solved
L?AAD@OiDcBoFo,22,5,5.7030045010,0.7030045010,1.1406009002,5.75467541,Solved
L?AAD@Oi?sAYN_,21,5,5.7030045005,0.7030045005,1.1406009001,5.75662549,Solved
L?AAD?cUDcJGm?,21,5,5.7030045004,0.7030045004,1.1406009001,5.77289169,Solved
L?AAD?cUDcJGm_,22,5,5.7030045003,0.7030045003,1.1406009001,5.74638192,Solved
L?AAD@OI?sAYN_,20,5,5.7030045000,0.7030045000,1.1406009000,5.79046712,Solved
L?ABA_gaQ`n?JO,22,5,5.7029925111,0.7029925111,1.1405985022,5.77242050,Solved
L?AEB?We@gDoHg,21,5,5.7029819636,0.7029819636,1.1405963927,5.75401130,Solved
L?AEB?We@gDoHk,22,5,5.7029819395,0.7029819395,1.1405963879,5.76243907,Solved
L?AEB?We@gFoHk,23,5,5.7029818757,0.7029818757,1.1405963751,5.76967928,Solved
L?AAD?oEBW@kN_,21,5,5.7029812000,0.7029812000,1.1405962400,5.78869425,Solved
L?ABAaGBaoCL[K,22,5,5.7029795457,0.7029795457,1.1405959091,5.75928370,Solved
L?AAD?wLEORODq,22,5,5.7029721950,0.7029721950,1.1405944390,5.78920931,Solved
L?AA@aHMBGROu?,21,5,5.7029707617,0.7029707617,1.1405941523,5.77940568,Solved
L?AAD?oFBoFORW,22,5,5.7029623494,0.7029623494,1.1405924699,5.78863003,Solved
L?AA@BWN@kXG]?,23,5,5.7029586003,0.7029586003,1.1405917201,5.83294592,Solved
L?AEB?We@kF_Gk,22,5,5.7029537713,0.7029537713,1.1405907543,5.78445207,Solved
L?AAD@OI?{J_Jg,21,5,5.7029469413,0.7029469413,1.1405893883,5.79642726,Solved
L?AEB?We@LF_L_,22,5,5.7029455673,0.7029455673,1.1405891135,5.76950464,Solved
L?AAD?oeAgHKAy,21,5,5.7029432129,0.7029432129,1.1405886426,5.74802021,Solved
L?AE@`HX@oZ?Hg,22,5,5.7029418881,0.7029418881,1.1405883776,5.80597571,Solved
L?AEB?We@kF_Hk,23,5,5.7029397747,0.7029397747,1.1405879549,5.77258156,Solved
L?AA@AOTBoTOeO,20,5,5.7029276402,0.7029276402,1.1405855280,5.80133990,Solved
L?AA@AWT@[YG]?,21,5,5.7029191602,0.7029191602,1.1405838320,5.75572014,Solved
L?AAD?wT?U}?i_,22,5,5.7029186503,0.7029186503,1.1405837301,5.78243179,Solved
L?AAD@OZBo@sJg,23,5,5.7029125513,0.7029125513,1.1405825103,5.76339187,Solved
L?AA@AWT@[YG^?,22,5,5.7029041062,0.7029041062,1.1405808212,5.76459935,Solved
L?AAD?wT?UtO{A,23,5,5.7028949742,0.7028949742,1.1405789948,5.77612807,Solved
L?AA@BOTDoTQas,23,5,5.7028946027,0.7028946027,1.1405789205,5.74235934,Solved
L?AEB?We@Df_M_,22,5,5.7028769958,0.7028769958,1.1405753992,5.74634862,Solved
L?ABBAO]Aw@wF_,23,5,5.7028709427,0.7028709427,1.1405741885,5.78466490,Solved
L?AAD?wT?uTON?,22,5,5.7028697880,0.7028697880,1.1405739576,5.76648397,Solved
L?AAD?sXCcJGF_,21,5,5.7028482897,0.7028482897,1.1405696579,5.76363066,Solved
L?AA@AOTAwFOeo,21,5,5.7028229421,0.7028229421,1.1405645884,5.74415697,Solved
L?AA@BOTEoTOas,22,5,5.7028210544,0.7028210544,1.1405642109,5.74578530,Solved
L?AAD?sXCcROA],22,5,5.7028100310,0.7028100310,1.1405620062,5.76279520,Solved
L?AA@AWT@sJ_eo,22,5,5.7028077690,0.7028077690,1.1405615538,5.74216104,Solved
L?AEB?We@Df_N_,23,5,5.7028075224,0.7028075224,1.1405615045,5.75826258,Solved
L?AAD?wX?en?Es,23,5,5.7028075215,0.7028075215,1.1405615043,5.75524203,Solved
L?AAD?oN@wHcBw,23,5,5.7028075200,0.7028075200,1.1405615040,5.74626630,Solved
L?AAD?wLEOIgJ_,21,5,5.7027950986,0.7027950986,1.1405590197,5.74821103,Solved
L?AAD?oFFOBgm_,22,5,5.7027928943,0.7027928943,1.1405585789,5.78611518,Solved
L?AAD@Oi@wFODs,22,5,5.7027829646,0.7027829646,1.1405565929,5.76645496,Solved
L?AAD?sXCc@]Fo,23,5,5.7027805233,0.7027805233,1.1405561047,5.75866887,Solved
L?ABA_gaPw]?Bo,22,5,5.7027729950,0.7027729950,1.1405545990,5.74802978,Solved
L?AAD@W[?UdoRO,22,5,5.7027691955,0.7027691955,1.1405538391,5.74037207,Solved
L?AAD@OI?sEoDc,19,5,5.7027609782,0.7027609782,1.1405521956,5.78622434,Solved
L?AAD@Oi?{FOEo,21,5,5.7027540335,0.7027540335,1.1405508067,5.78953554,Solved
L?AA@AOT@sEoVO,21,5,5.7027538007,0.7027538007,1.1405507601,5.74388895,Solved
L?AAD@Oi?sEoDc,20,5,5.7027439728,0.7027439728,1.1405487946,5.79592436,Solved
L?AAD@oR?VN?kc,23,5,5.7027396590,0.7027396590,1.1405479318,5.74067657,Solved
L?AAD@oRFOAwFO,22,5,5.7027385611,0.7027385611,1.1405477122,5.83541112,Solved
L?AAD?wTDSF_Fo,23,5,5.7027352899,0.7027352899,1.1405470580,5.76475851,Solved
L?AAD@OI?sAYXA,19,5,5.7027322051,0.7027322051,1.1405464410,5.74975396,Solved
L?AAD@OI?sK`Ct,20,5,5.7027189481,0.7027189481,1.1405437896,5.75242773,Solved
L?AAD@OICcHHDd,20,5,5.7027175742,0.7027175742,1.1405435148,5.78407257,Solved
L?AAD@OI?{EoDc,20,5,5.7027168469,0.7027168469,1.1405433694,5.76009255,Solved
L?AAD@OICsAYXB,21,5,5.7027079180,0.7027079180,1.1405415836,5.75407781,Solved
L?AEB?We@sF_Hk,23,5,5.7027044530,0.7027044530,1.1405408906,5.74571299,Solved
L?AAD?oN@wHKBw,23,5,5.7027032108,0.7027032108,1.1405406422,5.75059488,Solved
L?AA@AWTCsL_VO,22,5,5.7027032099,0.7027032099,1.1405406420,5.74282673,Solved
L?AA@qoR@[J_gd,24,5,5.7026964489,0.7026964489,1.1405392898,5.77448786,Solved
L?ABA_gaOddg\C,23,5,5.7026964488,0.7026964488,1.1405392898,5.77739583,Solved
L?AAD@W[@[F_Bs,23,5,5.7026964485,0.7026964485,1.1405392897,5.80446866,Solved
L?ABA_gaR_`wDk,23,5,5.7026964471,0.7026964471,1.1405392894,5.75086606,Solved
L?AAD@Oi@cAwN_,21,5,5.7026953248,0.7026953248,1.1405390650,5.81586290,Solved
L?AA@AOT?{FOVO,21,5,5.7026948841,0.7026948841,1.1405389768,5.76958384,Solved
L?AAD@OI@cM_AZ,20,5,5.7026924268,0.7026924268,1.1405384854,5.75513915,Solved
L?AAD@OI?sAqN_,20,5,5.7026909271,0.7026909271,1.1405381854,5.79178586,Solved
L?AADBOX?sUOA[,21,5,5.7026813798,0.7026813798,1.1405362760,5.76648021,Solved
L?AAD@OIDcM_AZ,21,5,5.7026790252,0.7026790252,1.1405358050,5.75685349,Solved
L?AAD?WLBgUOAV,22,5,5.7026790192,0.7026790192,1.1405358038,5.75659257,Solved
L?AAD?oNBg@kN_,23,5,5.7026754000,0.7026754000,1.1405350800,5.77334404,Solved
L?AAD@OICsAwFo,21,5,5.7026713974,0.7026713974,1.1405342795,5.77872066,Solved
L?AAD@OICsBWFo,21,5,5.7026713949,0.7026713949,1.1405342790,5.76732805,Solved
L?AAD@OICsBwFo,22,5,5.7026713918,0.7026713918,1.1405342784,5.75180390,Solved
L?AAD@OI?{ROFo,21,5,5.7026713897,0.7026713897,1.1405342779,5.77864627,Solved
L?AAD@Oi?{EoDc,21,5,5.7026661578,0.7026661578,1.1405332316,5.75934572,Solved
L?AA@BOT?sDOuO,20,5,5.7026615308,0.7026615308,1.1405323062,5.79030176,Solved
L?AAD@Oi@sAwN_,22,5,5.7026456067,0.7026456067,1.1405291213,5.81079164,Solved
L?AEB?We@LF_N_,23,5,5.7026330750,0.7026330750,1.1405266150,5.74243409,Solved
L?AEB?We@wCuN_,24,5,5.7026326556,0.7026326556,1.1405265311,5.75299358,Solved
L?AAD@Oi@sBWFo,22,5,5.7026280708,0.7026280708,1.1405256142,5.78695861,Solved
L?AAD@Oi?{FOFo,22,5,5.7026280642,0.7026280642,1.1405256128,5.81255713,Solved
L?AAD@Oi@sBwFo,23,5,5.7026280594,0.7026280594,1.1405256119,5.78057160,Solved
L?AAD?wX?sAYZ@,22,5,5.7026272594,0.7026272594,1.1405254519,5.80221722,Solved
L?AAD@Oi?sAqN_,21,5,5.7026219979,0.7026219979,1.1405243996,5.80067802,Solved
L?ABBAO]Aw@wFo,24,5,5.7026200997,0.7026200997,1.1405240199,5.75444513,Solved
L?ABA_gUCcTGHE,21,5,5.7026161991,0.7026161991,1.1405232398,5.76203377,Solved
L?AAD@OICcAwUO,19,5,5.7026113987,0.7026113987,1.1405222797,5.78626097,Solved
L?AAD@OI?sEoDs,20,5,5.7025957638,0.7025957638,1.1405191528,5.78909572,Solved
L?AAD@OI@sEoDs,21,5,5.7025956736,0.7025956736,1.1405191347,5.79661052,Solved
L?AAD@OI?sFoDs,21,5,5.7025941760,0.7025941760,1.1405188352,5.78949267,Solved
L?AAD@Oi?sAYXA,20,5,5.7025907866,0.7025907866,1.1405181573,5.75524323,Solved
L?AAD@OI?{EoDs,21,5,5.7025907849,0.7025907849,1.1405181570,5.77202661,Solved
L?AA@BOTDOJGas,21,5,5.7025901924,0.7025901924,1.1405180385,5.76219515,Solved
L?AAD@OiCsAwFo,22,5,5.7025901240,0.7025901240,1.1405180248,5.78590997,Solved
L?AAD@OiCsBWFo,22,5,5.7025901233,0.7025901233,1.1405180247,5.76766389,Solved
L?AAD@OZBoDoJg,23,5,5.7025901216,0.7025901216,1.1405180243,5.76545664,Solved
L?AAD@OZBoDcJg,23,5,5.7025901214,0.7025901214,1.1405180243,5.75682903,Solved
L?AAD@OZBoCsJg,23,5,5.7025901206,0.7025901206,1.1405180241,5.77250728,Solved
L?AAD@OiCsBoFo,22,5,5.7025901201,0.7025901201,1.1405180240,5.77693083,Solved
L?AAD@OiCsBwFo,23,5,5.7025901197,0.7025901197,1.1405180239,5.75179864,Solved
L?AAD@OI@kFoDs,22,5,5.7025892316,0.7025892316,1.1405178463,5.76778527,Solved
L?AAD@OI@sFoDs,22,5,5.7025892294,0.7025892294,1.1405178459,5.77335579,Solved
L?AADAoFEoBgm_,23,5,5.7025892272,0.7025892272,1.1405178454,5.77134383,Solved
L?AAD@OI?{FoDs,22,5,5.7025892239,0.7025892239,1.1405178448,5.78540956,Solved
L?AAD?oNBW@kN_,23,5,5.7025892216,0.7025892216,1.1405178443,5.76684331,Solved
L?AAD@OI@{FoDs,23,5,5.7025892213,0.7025892213,1.1405178443,5.75759580,Solved
L?AA@AWT@S~?sQ,23,5,5.7025869184,0.7025869184,1.1405173837,5.75675811,Solved
L?AA@AWTDSJ_eo,22,5,5.7025641371,0.7025641371,1.1405128274,5.76381205,Solved
L?AAD@Oi?sK`Ct,21,5,5.7025572920,0.7025572920,1.1405114584,5.75966367,Solved
L?AA@BOT@SFOuO,21,5,5.7025572887,0.7025572887,1.1405114577,5.75742088,Solved
L?AAD@Oi@cJ_Ds,21,5,5.7025572502,0.7025572502,1.1405114500,5.76284852,Solved
L?AAD?cUEoUORP,22,5,5.7025554166,0.7025554166,1.1405110833,5.76487833,Solved
L?AAD?sX?sBQ^?,22,5,5.7025544642,0.7025544642,1.1405108928,5.79070388,Solved
L?AADAoFDoHgFo,23,5,5.7025427056,0.7025427056,1.1405085411,5.78546243,Solved
L?ABAaGBaoEEG],22,5,5.7025415740,0.7025415740,1.1405083148,5.75766343,Solved
L?AAD?wX?efOZA,23,5,5.7025408437,0.7025408437,1.1405081687,5.76389895,Solved
L?AAD@W[@LM_AV,23,5,5.7025408416,0.7025408416,1.1405081683,5.75089903,Solved
L?AAD?wT?UfO\A,23,5,5.7025408416,0.7025408416,1.1405081683,5.75174339,Solved
L?AAD@OiCsAYXB,22,5,5.7025408399,0.7025408399,1.1405081680,5.75945414,Solved
L?AEB?WM@LF_eQ,23,5,5.7025408392,0.7025408392,1.1405081678,5.75077351,Solved
L?AAD?wLAQn?La,23,5,5.7025408390,0.7025408390,1.1405081678,5.74582724,Solved
L?AE@aoQQWEoN?,22,5,5.7025406852,0.7025406852,1.1405081370,5.76074520,Solved
L?AEB?We@gBwHk,23,5,5.7025333159,0.7025333159,1.1405066632,5.75818235,Solved
L?AA@AWTDcJ_eo,22,5,5.7025286119,0.7025286119,1.1405057224,5.75409091,Solved
L?AEB?We@kFOHk,23,5,5.7025282236,0.7025282236,1.1405056447,5.77400149,Solved
L?AEB?We@LFON_,23,5,5.7025182790,0.7025182790,1.1405036558,5.74619753,Solved
L?ABBAO]AwAwFo,24,5,5.7025175934,0.7025175934,1.1405035187,5.76212084,Solved
L?AAD@OZ@XF_Jg,23,5,5.7024932903,0.7024932903,1.1404986581,5.74344133,Solved
L?AAD?cEF_UOBR,21,5,5.7024932878,0.7024932878,1.1404986576,5.74111911,Solved
L?AAD?WLFOTODR,22,5,5.7024932869,0.7024932869,1.1404986574,5.77538924,Solved
L?AAD@Oi?{FODs,22,5,5.7024932864,0.7024932864,1.1404986573,5.81829641,Solved
L?AAD@OZ@[F_Jg,23,5,5.7024932860,0.7024932860,1.1404986572,5.76146185,Solved
L?AAD@Oi@wFoDs,23,5,5.7024932853,0.7024932853,1.1404986571,5.75649522,Solved
L?AA@AOT@wAwFo,21,5,5.7024932852,0.7024932852,1.1404986570,5.74418130,Solved
L?AAD@OZBgDSJg,23,5,5.7024932852,0.7024932852,1.1404986570,5.77185615,Solved
L?AAD@OZ@[Cs^?,23,5,5.7024932851,0.7024932851,1.1404986570,5.78078854,Solved
L?AAD@Oi@cFoDs,22,5,5.7024932850,0.7024932850,1.1404986570,5.77914092,Solved
L?AAD@Oi?{FoDs,23,5,5.7024932848,0.7024932848,1.1404986570,5.76977134,Solved
L?AAD@OZ@[N_Jg,24,5,5.7024932848,0.7024932848,1.1404986570,5.75972208,Solved
L?AA@AWTEoTQas,23,5,5.7024932848,0.7024932848,1.1404986570,5.75916314,Solved
L?AAD@Oi?{EoDs,22,5,5.7024932848,0.7024932848,1.1404986570,5.75204269,Solved
L?AAD?oE@wHkBw,22,5,5.7024932843,0.7024932843,1.1404986569,5.78398232,Solved
L?AAD@Oi@WFoDs,22,5,5.7024932841,0.7024932841,1.1404986568,5.76080175,Solved
L?AA@AOT@wJgN_,22,5,5.7024932837,0.7024932837,1.1404986567,5.74296216,Solved
L?AADAoF@wHkBw,24,5,5.7024932836,0.7024932836,1.1404986567,5.76060782,Solved
L?AAD@Oi@cBoDs,21,5,5.7024932836,0.7024932836,1.1404986567,5.78152763,Solved
L?AA@AOTEoTQas,22,5,5.7024932834,0.7024932834,1.1404986567,5.76026824,Solved
L?AAD?oeBgEoaJ,22,5,5.7024932830,0.7024932830,1.1404986566,5.75342385,Solved
L?AAD@Oi@kFoDs,23,5,5.7024932826,0.7024932826,1.1404986565,5.76016293,Solved
L?AA@_geBgEoaR,22,5,5.7024932824,0.7024932824,1.1404986565,5.77036168,Solved
L?AA@aHmDoKcLg,24,5,5.7024932823,0.7024932823,1.1404986565,5.74221153,Solved
L?AAD?oFFOTODR,22,5,5.7024932821,0.7024932821,1.1404986564,5.77868725,Solved
L?AAD?oEBgEoAZ,21,5,5.7024932821,0.7024932821,1.1404986564,5.74409442,Solved
L?AA@AOT@wEoVO,21,5,5.7024932820,0.7024932820,1.1404986564,5.77577427,Solved
L?AA@aHmFOEcm_,24,5,5.7024932820,0.7024932820,1.1404986564,5.75020587,Solved
L?AAD@Oi?sAyN_,22,5,5.7024932819,0.7024932819,1.1404986564,5.78184864,Solved
L?AAD@OZBgDcJg,23,5,5.7024932818,0.7024932818,1.1404986564,5.75821638,Solved
L?AAD?oE@WHkBw,21,5,5.7024932817,0.7024932817,1.1404986563,5.78153458,Solved
L?AA@age@gXHaq,23,5,5.7024932817,0.7024932817,1.1404986563,5.74773764,Solved
L?AAD?W{DcF_BU,23,5,5.7024932813,0.7024932813,1.1404986563,5.76866927,Solved
L?AA@AOT?{FoVO,22,5,5.7024932812,0.7024932812,1.1404986562,5.74606402,Solved
L?AA@aHM@h^?m_,24,5,5.7024932811,0.7024932811,1.1404986562,5.75633637,Solved
L?AA@AOT@wBWFo,21,5,5.7024932810,0.7024932810,1.1404986562,5.74298182,Solved
L?AAD@OZ@wCsJg,23,5,5.7024932808,0.7024932808,1.1404986562,5.75207606,Solved
L?AAD@Oi@kFODs,22,5,5.7024932807,0.7024932807,1.1404986561,5.79898444,Solved
L?AA@aHMBHV?Lg,23,5,5.7024932805,0.7024932805,1.1404986561,5.76216485,Solved
L?AA@aHMDoMcLg,24,5,5.7024932804,0.7024932804,1.1404986561,5.75816490,Solved
L?AAD@Oi?sEoDs,21,5,5.7024932802,0.7024932802,1.1404986560,5.77556269,Solved
L?AA@BOTEoTQas,23,5,5.7024932802,0.7024932802,1.1404986560,5.74371582,Solved
L?AAD@W[?UjGHJ,23,5,5.7024932800,0.7024932800,1.1404986560,5.75708826,Solved
L?AAD@Oi@{FoDs,24,5,5.7024932800,0.7024932800,1.1404986560,5.74163212,Solved
L?AAD@OZBgCsJg,23,5,5.7024932798,0.7024932798,1.1404986560,5.76323092,Solved
L?ABBAO]AwBoFo,24,5,5.7024932798,0.7024932798,1.1404986560,5.75244153,Solved
L?AAD@Oi@sAyN_,23,5,5.7024932797,0.7024932797,1.1404986559,5.77243215,Solved
L?ABA_gaV_L_Bq,23,5,5.7024461991,0.7024461991,1.1404892398,5.75828412,Solved
L?AAD?oeAg@WJ_,19,5,5.7024397936,0.7024397936,1.1404879587,5.75492014,Solved
L?AAD?wT?]F_m_,23,5,5.7023993184,0.7023993184,1.1404798637,5.74391708,Solved
L?AAD?wX?{BWk_,22,5,5.7023826970,0.7023826970,1.1404765394,5.74451825,Solved
L?AAD?oeAg@WN_,20,5,5.7023570105,0.7023570105,1.1404714021,5.75945098,Solved
L?AAD?oFEo@we_,21,5,5.7023487013,0.7023487013,1.1404697403,5.77585491,Solved
L?AAD?W\@wTOFo,23,5,5.7023368429,0.7023368429,1.1404673686,5.74820858,Solved
L?AA@BOTDOAWaS,19,5,5.7023177560,0.7023177560,1.1404635512,5.79503954,Solved
L?AA@AOT@wPYm_,22,5,5.7023038605,0.7023038605,1.1404607721,5.74047184,Solved
L?AAD?oFFOAwRW,22,5,5.7023021663,0.7023021663,1.1404604333,5.75030286,Solved
L?AAD@oI_\AwSU,23,5,5.7022891806,0.7022891806,1.1404578361,5.76178613,Solved
L?AAD@W[AYDoBs,23,5,5.7022891752,0.7022891752,1.1404578350,5.75100688,Solved
L?AADbGX@oAoHg,21,5,5.7022782236,0.7022782236,1.1404556447,5.74154391,Solved
L?AAD?oeAg@wVO,21,5,5.7022757586,0.7022757586,1.1404551517,5.76626014,Solved
L?AA@BOmDS@[TB,23,5,5.7022555779,0.7022555779,1.1404511156,5.75528894,Solved
L?AAD?oy@kJGTO,22,5,5.7022503739,0.7022503739,1.1404500748,5.76392459,Solved
L?AAD?wT?uM_ad,23,5,5.7022475819,0.7022475819,1.1404495164,5.74076271,Solved
L?AAD?wXCcBWZA,22,5,5.7022475809,0.7022475809,1.1404495162,5.75436617,Solved
L?AAD?wXCcbWZA,23,5,5.7022475787,0.7022475787,1.1404495157,5.75101974,Solved
L?AAD?wT@[Z?Ic,22,5,5.7022475782,0.7022475782,1.1404495156,5.74097126,Solved
L?ABA_gaV_QSPK,22,5,5.7022423746,0.7022423746,1.1404484749,5.77631879,Solved
L?AAD?oy@kHgTO,22,5,5.7022182219,0.7022182219,1.1404436444,5.74352422,Solved
L?AAD?oy@kIgVO,23,5,5.7022182209,0.7022182209,1.1404436442,5.74699913,Solved
L?AAD?oy@kJ_VO,23,5,5.7022182208,0.7022182208,1.1404436442,5.74496535,Solved
L?AA@aHMBHROLg,23,5,5.7022098228,0.7022098228,1.1404419646,5.78581725,Solved
L?ABAaGBaoCk\?,21,5,5.7021837939,0.7021837939,1.1404367588,5.75970104,Solved
L?AAD@OJ@wUOBw,22,5,5.7021823007,0.7021823007,1.1404364601,5.74214352,Solved
L?AEB?We@kF_XK,23,5,5.7021773017,0.7021773017,1.1404354603,5.75112672,Solved
L?AEB?We@kBoXK,23,5,5.7021772999,0.7021772999,1.1404354600,5.75349803,Solved
L?ABAaGBaoCN\G,23,5,5.7021772962,0.7021772962,1.1404354592,5.74516309,Solved
L?AEB?We@kFOXK,23,5,5.7021772958,0.7021772958,1.1404354592,5.76825102,Solved
L?AAD@OIAWCsFo,20,5,5.7021599826,0.7021599826,1.1404319965,5.76207042,Solved
L?AAD?oFEoHgm_,22,5,5.7021384533,0.7021384533,1.1404276907,5.78281599,Solved
L?AAD?wT?y\?ac,22,5,5.7020990119,0.7020990119,1.1404198024,5.77011372,Solved
L?AAD@OI?sAwXA,19,5,5.7020928001,0.7020928001,1.1404185600,5.74662645,Solved
L?AAD@oI_iZ?N?,21,5,5.7020904161,0.7020904161,1.1404180832,5.76305938,Solved
L?AAD@Oy?\FOIg,22,5,5.7020140576,0.7020140576,1.1404028115,5.76488799,Solved
L?AA@AWT@cDoAs,20,5,5.7020094903,0.7020094903,1.1404018981,5.75425985,Solved
L?AA@?WuBgIgaq,22,5,5.7020093924,0.7020093924,1.1404018785,5.76259912,Solved
L?AAD?sX?sPQ^?,22,5,5.7020022182,0.7020022182,1.1404004436,5.81105136,Solved
L?AAD@OyAwDoig,23,5,5.7019870282,0.7019870282,1.1403974056,5.75982042,Solved
L?AAD?sXDSAwy@,23,5,5.7019870251,0.7019870251,1.1403974050,5.75602917,Solved
L?AAD@OyAqFOFo,23,5,5.7019870238,0.7019870238,1.1403974048,5.74333396,Solved
L?AAD@OyBgDoig,23,5,5.7019870229,0.7019870229,1.1403974046,5.76186030,Solved
L?AA@AWT@SBWBo,20,5,5.7018841807,0.7018841807,1.1403768361,5.74393174,Solved
L?AAD@W[?[Awk_,21,5,5.7018597547,0.7018597547,1.1403719509,5.75183708,Solved
L?AAD@W[?wPQBs,22,5,5.7018528138,0.7018528138,1.1403705628,5.76444230,Solved
L?AAD@W[?]UOFo,23,5,5.7018398234,0.7018398234,1.1403679647,5.75322295,Solved
L?AAD?wLEOJGDq,22,5,5.7018398233,0.7018398233,1.1403679647,5.76056526,Solved
L?AAD@W[?[UOFo,22,5,5.7018398200,0.7018398200,1.1403679640,5.76368448,Solved
L?AA@AWTCsL_sO,21,5,5.7018374244,0.7018374244,1.1403674849,5.75494937,Solved
L?AAD@OJBoCsN_,22,5,5.7018272633,0.7018272633,1.1403654527,5.79848356,Solved
L?AEB?WeBg@wHc,22,5,5.7017842429,0.7017842429,1.1403568486,5.75154437,Solved
L?AAD?wLAQQPy?,21,5,5.7017784559,0.7017784559,1.1403556912,5.77116962,Solved
L?AAD?sXDcROEs,23,5,5.7017256929,0.7017256929,1.1403451386,5.76796857,Solved
L?AAD?oEAgXCHd,20,5,5.7017255527,0.7017255527,1.1403451105,5.79181263,Solved
L?AAD?cEF_VOBq,22,5,5.7017128116,0.7017128116,1.1403425623,5.75109740,Solved
L?AAD?sXCcBWAU,21,5,5.7016697136,0.7016697136,1.1403339427,5.76239524,Solved
L?AA@AWT@SyG^?,22,5,5.7016559560,0.7016559560,1.1403311912,5.75531547,Solved
L?AAD?sXCcBWA],22,5,5.7016559545,0.7016559545,1.1403311909,5.75255331,Solved
L?AAD@OI@wCsDs,21,5,5.7015894865,0.7015894865,1.1403178973,5.76963916,Solved
L?AAD?wT?{\?ic,23,5,5.7015662510,0.7015662510,1.1403132502,5.75602738,Solved
L?AADAoFBoAwVO,23,5,5.7015536821,0.7015536821,1.1403107364,5.78651126,Solved
L?AEB?c{AwBWJ_,23,5,5.7015380405,0.7015380405,1.1403076081,5.76168136,Solved
L?AAD@oI_iBg}?,22,5,5.7015373893,0.7015373893,1.1403074779,5.76357568,Solved
L?AADBOX?sUOAs,21,5,5.7014971396,0.7014971396,1.1402994279,5.76722243,Solved
L?AAD?WLFOAwi_,21,5,5.7014817560,0.7014817560,1.1402963512,5.79412920,Solved
L?AEB?WU@gAwXG,21,5,5.7014747686,0.7014747686,1.1402949537,5.78370977,Solved
L?AAD@Oi@gBOAw,19,5,5.7014728660,0.7014728660,1.1402945732,5.78436788,Solved
L?AAD?wLEOIgCq,21,5,5.7014677184,0.7014677184,1.1402935437,5.76653813,Solved
L?AA@AWT@S]?VO,21,5,5.7014351160,0.7014351160,1.1402870232,5.76055340,Solved
L?AAD@OI?wRODs,20,5,5.7014289443,0.7014289443,1.1402857889,5.75641531,Solved
L?AAD?sXCcN_ec,23,5,5.7014180995,0.7014180995,1.1402836199,5.76640142,Solved
L?AAD?wTFOEoac,22,5,5.7014010708,0.7014010708,1.1402802142,5.74750733,Solved
L?AA@AWTDS]?VO,22,5,5.7013984382,0.7013984382,1.1402796876,5.76219948,Solved
L?AAD?oZBgAwRW,23,5,5.7013771275,0.7013771275,1.1402754255,5.75878617,Solved
L?AAD?oNBoAwRW,23,5,5.7013749362,0.7013749362,1.1402749872,5.74497363,Solved
L?AAD?oNAwAwRW,23,5,5.7013749341,0.7013749341,1.1402749868,5.75210627,Solved
L?AA@BOmDSDouO,23,5,5.7013695399,0.7013695399,1.1402739080,5.76537120,Solved
L?AAD?sXCcBWZ?,21,5,5.7013370221,0.7013370221,1.1402674044,5.75797491,Solved
L?AA@AWT@cXGeo,21,5,5.7013343910,0.7013343910,1.1402668782,5.74933140,Solved
L?AA@BOTDOAWUO,19,5,5.7013278753,0.7013278753,1.1402655751,5.78364654,Solved
L?AAD@oI_iJ_m?,21,5,5.7013198852,0.7013198852,1.1402639770,5.83365808,Solved
L?AAD@Oy@TBoDs,23,5,5.7013093547,0.7013093547,1.1402618709,5.74572938,Solved
L?AAD?wTFOEoic,23,5,5.7013093497,0.7013093497,1.1402618699,5.75028230,Solved
L?AA@qoRDCbo{?,23,5,5.7013093496,0.7013093496,1.1402618699,5.74709781,Solved
L?AAD?sX?suOFo,23,5,5.7012894263,0.7012894263,1.1402578853,5.76553667,Solved
L?AA@aHMAWSPy?,21,5,5.7012818077,0.7012818077,1.1402563615,5.77878910,Solved
L?AAD?wLEOAhk_,21,5,5.7012814520,0.7012814520,1.1402562904,5.80081288,Solved
L?AA@AWTDSN?eO,21,5,5.7012541955,0.7012541955,1.1402508391,5.80297221,Solved
L?AE@aoQQWEoZ?,22,5,5.7012531935,0.7012531935,1.1402506387,5.76637390,Solved
L?ABA_gaOkm_Bo,22,5,5.7012002562,0.7012002562,1.1402400512,5.74528559,Solved
L?AAD@OJ@oTCFo,21,5,5.7011588573,0.7011588573,1.1402317715,5.74087434,Solved
L?AAD@oI_iROAw,21,5,5.7011541880,0.7011541880,1.1402308376,5.75074032,Solved
L?AAD@Oi@wCsDs,22,5,5.7011466525,0.7011466525,1.1402293305,5.76283399,Solved
L?AAD?oFFOHkDq,23,5,5.7011424226,0.7011424226,1.1402284845,5.74587524,Solved
L?AEB?WM@gKceP,22,5,5.7011393261,0.7011393261,1.1402278652,5.77304217,Solved
L?AADAoFBoHgF_,22,5,5.7011218238,0.7011218238,1.1402243648,5.81778634,Solved
L?AAD@OyAwCsJg,23,5,5.7011215746,0.7011215746,1.1402243149,5.74739094,Solved
L?AAD@OyAwDoJg,23,5,5.7011215722,0.7011215722,1.1402243144,5.74531644,Solved
L?AEB?WMBHAw\?,22,5,5.7011215718,0.7011215718,1.1402243144,5.76805747,Solved
L?AAD@OyAwDSJg,23,5,5.7011215713,0.7011215713,1.1402243143,5.75588425,Solved
L?AAD@OyAw@sJg,23,5,5.7011215708,0.7011215708,1.1402243142,5.74641032,Solved
L?AAD@OyAwDcJg,23,5,5.7011215706,0.7011215706,1.1402243141,5.74306562,Solved
L?AEB?WUBHF_Eo,22,5,5.7011169654,0.7011169654,1.1402233931,5.75290271,Solved
L?AEB?WUBHF_Eq,23,5,5.7011151695,0.7011151695,1.1402230339,5.75979621,Solved
L?AEB?WU?uN_XI,24,5,5.7011099419,0.7011099419,1.1402219884,5.76039406,Solved
L?AAD?oFAo@sm_,21,5,5.7011041403,0.7011041403,1.1402208281,5.75349148,Solved
L?ABA_gaQW]?Cm,22,5,5.7010681385,0.7010681385,1.1402136277,5.74759329,Solved
L?AA@AWTF_JGic,22,5,5.7009861848,0.7009861848,1.1401972370,5.76288846,Solved
L?AAD@OICcAwQQ,19,5,5.7009635462,0.7009635462,1.1401927092,5.77865839,Solved
L?ABA_gaOh]?Z?,21,5,5.7009415926,0.7009415926,1.1401883185,5.75073101,Solved
L?AE@`DY?wUCF_,22,5,5.7009393230,0.7009393230,1.1401878646,5.74286798,Solved
L?AA@aHMBGRO{?,21,5,5.7009306825,0.7009306825,1.1401861365,5.78568176,Solved
L?AAD@OI@gAYAY,19,5,5.7009303436,0.7009303436,1.1401860687,5.74730798,Solved
L?AEB?WVF_@weO,23,5,5.7009166791,0.7009166791,1.1401833358,5.74854727,Solved
L?AAD@oIag@X^?,22,5,5.7009155981,0.7009155981,1.1401831196,5.77355733,Solved
L?AAD?wX?{Awm_,23,5,5.7009148478,0.7009148478,1.1401829696,5.75458170,Solved
L?AAD?oeBGBWL_,20,5,5.7009079139,0.7009079139,1.1401815828,5.76828279,Solved
L?AAD?sXCc@[RQ,22,5,5.7008987429,0.7008987429,1.1401797486,5.77047376,Solved
L?AAD@oI_wBg}?,22,5,5.7008902853,0.7008902853,1.1401780571,5.77459377,Solved
L?AAD?wT?m\?i_,22,5,5.7008586986,0.7008586986,1.1401717397,5.76853465,Solved
L?AAD?oFAoROBw,21,5,5.7008498376,0.7008498376,1.1401699675,5.75596556,Solved
L?AA@AWTF_XGL`,22,5,5.7008362990,0.7008362990,1.1401672598,5.74470009,Solved
L?AA@BOJLoTOcs,23,5,5.7008284137,0.7008284137,1.1401656827,5.74779875,Solved
L?AEB?WU@HEoFo,22,5,5.7008045008,0.7008045008,1.1401609002,5.76366074,Solved
L?AAD?WLFOBoTO,21,5,5.7008016166,0.7008016166,1.1401603233,5.74825739,Solved
L?AAD?wX?kUOFo,22,5,5.7007959780,0.7007959780,1.1401591956,5.74600675,Solved
L?AAD?oFEoBoRW,22,5,5.7007913699,0.7007913699,1.1401582740,5.74388267,Solved
L?AA@aHMBGRO}?,22,5,5.7007427540,0.7007427540,1.1401485508,5.78367738,Solved
L?AA@BOTDOAWqO,19,5,5.7007081023,0.7007081023,1.1401416205,5.76736329,Solved
L?AA@BOT@cPWu?,20,5,5.7006720763,0.7006720763,1.1401344153,5.74464156,Solved
L?AAD?sXDo@YFo,23,5,5.7006513107,0.7006513107,1.1401302621,5.74033220,Solved
L?AA@b_DiYM_^?,24,5,5.7006271488,0.7006271488,1.1401254298,5.74044409,Solved
L?AAD@OJ@cHgIg,20,5,5.7006194219,0.7006194219,1.1401238844,5.78815096,Solved
L?AAD@oIagBgu?,21,5,5.7006153624,0.7006153624,1.1401230725,5.75620727,Solved
L?AAD@oI_iBoqA,21,5,5.7006046688,0.7006046688,1.1401209338,5.75277035,Solved
L?AAD?WLFOTODq,22,5,5.7005931702,0.7005931702,1.1401186340,5.78449628,Solved
L?AAD@OIAWFoBw,21,5,5.7005892841,0.7005892841,1.1401178568,5.75095733,Solved
L?AAD?oFAgPDN_,21,5,5.7005763263,0.7005763263,1.1401152653,5.74284821,Solved
L?AAD@OI@gAqAY,19,5,5.7005739871,0.7005739871,1.1401147974,5.76880461,Solved
L?AA@AOT?k\?FO,19,5,5.7005739869,0.7005739869,1.1401147974,5.74278766,Solved
L?AAD@Oi@gAWEo,19,5,5.7005739856,0.7005739856,1.1401147971,5.74524234,Solved
L?AA@AOTFOBgDo,20,5,5.7005739848,0.7005739848,1.1401147970,5.77222659,Solved
L?AAD@OI?sL_Cs,19,5,5.7005739839,0.7005739839,1.1401147968,5.78286569,Solved
L?AAD?oFBWHKL_,21,5,5.7005739837,0.7005739837,1.1401147967,5.80561864,Solved
L?AAD@Oi@cJGL_,20,5,5.7005739825,0.7005739825,1.1401147965,5.77089383,Solved
L?AA@BOTDOEOaP,19,5,5.7005739820,0.7005739820,1.1401147964,5.79206541,Solved
L?AAD@Oi@gAoUO,19,5,5.7005739818,0.7005739818,1.1401147964,5.78985391,Solved
L?AAD@OI@gBoAq,19,5,5.7005739814,0.7005739814,1.1401147963,5.78344765,Solved
L?AAD@Oi@gBOEo,19,5,5.7005739812,0.7005739812,1.1401147962,5.75412534,Solved
L?AAD@Oi@g@WF_,19,5,5.7005739805,0.7005739805,1.1401147961,5.79635521,Solved
L?AA@BOTDOBGCq,19,5,5.7005721948,0.7005721948,1.1401144390,5.78159837,Solved
L?AAD@Oi@cHH\?,20,5,5.7005704613,0.7005704613,1.1401140923,5.79156467,Solved
L?AA@BOmCqM_ap,23,5,5.7005669989,0.7005669989,1.1401133998,5.77690679,Solved
L?AAD?wT?]]?ac,22,5,5.7005539547,0.7005539547,1.1401107909,5.76167271,Solved
L?AAD@oIagBWAq,21,5,5.7005539269,0.7005539269,1.1401107854,5.75764829,Solved
L?AAD?oeAg@[RW,21,5,5.7005500234,0.7005500234,1.1401100047,5.75779220,Solved
L?AA@AOT?k\?eO,19,5,5.7005350099,0.7005350099,1.1401070020,5.78041355,Solved
L?AAD@oIagBWAy,22,5,5.7005262768,0.7005262768,1.1401052554,5.74858911,Solved
L?AA@AOTFOAweO,20,5,5.7005208679,0.7005208679,1.1401041736,5.79086124,Solved
L?AAD?wLEOAwi_,21,5,5.7005193214,0.7005193214,1.1401038643,5.80673767,Solved
L?AAD@oI_iBom_,22,5,5.7005151201,0.7005151201,1.1401030240,5.78904329,Solved
L?AA@AWT@S\?aS,20,5,5.7004878565,0.7004878565,1.1400975713,5.74603314,Solved
L?AAD?oeAWBoFo,21,5,5.7004585252,0.7004585252,1.1400917050,5.76667348,Solved
L?AA@AWT@SJGF_,20,5,5.7004585243,0.7004585243,1.1400917049,5.77996143,Solved
L?AAD?oeAWBWF_,20,5,5.7004585210,0.7004585210,1.1400917042,5.74810647,Solved
L?AAD?oeAWBWFo,21,5,5.7004585199,0.7004585199,1.1400917040,5.74305006,Solved
L?AAD?WLFOIgN_,22,5,5.7004512741,0.7004512741,1.1400902548,5.74073276,Solved
L?AAD?wT?]TO{A,23,5,5.7004446273,0.7004446273,1.1400889255,5.74945156,Solved
L?AA@BOmDSDoBw,23,5,5.7004309713,0.7004309713,1.1400861943,5.75547883,Solved
L?AAD@W[@gPOBo,20,5,5.7004203746,0.7004203746,1.1400840749,5.76360964,Solved
L?AAD?oeBGHgqG,20,5,5.7004203746,0.7004203746,1.1400840749,5.81479964,Solved
L?AAD@OICcL_Do,19,5,5.7004203745,0.7004203745,1.1400840749,5.75502488,Solved
L?AAD?oeBGBgAi,20,5,5.7004203744,0.7004203744,1.1400840749,5.78153976,Solved
L?AA@AOTBoTOJg,21,5,5.7004203742,0.7004203742,1.1400840748,5.81861530,Solved
L?AA@BOTDOBGA{,20,5,5.7004203740,0.7004203740,1.1400840748,5.77077307,Solved
L?AA@AODEoLCJ_,19,5,5.7004203733,0.7004203733,1.1400840747,5.80111295,Solved
L?AA@AOT?k\?JG,19,5,5.7004203730,0.7004203730,1.1400840746,5.81484536,Solved
L?AAD@OI@cHgDs,20,5,5.7004203725,0.7004203725,1.1400840745,5.74502083,Solved
L?AAD@OICcBGBY,19,5,5.7004203717,0.7004203717,1.1400840743,5.75354361,Solved
L?AAD@Oi@g@[Hg,20,5,5.7004203706,0.7004203706,1.1400840741,5.76754836,Solved
L?AAD?oeBG@SFO,19,5,5.7004203706,0.7004203706,1.1400840741,5.77147405,Solved
L?AA@AOTCsL_Ig,20,5,5.7004203705,0.7004203705,1.1400840741,5.82563549,Solved
L?AAD@Oi@gJGHg,20,5,5.7004203703,0.7004203703,1.1400840741,5.77560959,Solved
L?AAD@Oi@g@WUO,19,5,5.7004203689,0.7004203689,1.1400840738,5.75838790,Solved
L?AAD@OI@cHgBw,20,5,5.7004203683,0.7004203683,1.1400840737,5.76810025,Solved
L?AA@BOTDOFOJG,20,5,5.7004203681,0.7004203681,1.1400840736,5.84144248,Solved
L?AAD@OICcL_Jg,20,5,5.7004203674,0.7004203674,1.1400840735,5.76210344,Solved
L?AA@BOTDOBGJG,19,5,5.7004203674,0.7004203674,1.1400840735,5.84109098,Solved
L?AAD@OI@WAoca,18,5,5.7004203666,0.7004203666,1.1400840733,5.74980393,Solved
L?AA@AODFOFOZG,20,5,5.7004203666,0.7004203666,1.1400840733,5.79916984,Solved
L?AAD@OICcBGAY,18,5,5.7004203664,0.7004203664,1.1400840733,5.80260165,Solved
L?AA@AODAOTOJg,18,5,5.7004203663,0.7004203663,1.1400840733,5.79426236,Solved
L?AA@AODBOTOJg,19,5,5.7004203661,0.7004203661,1.1400840732,5.80454084,Solved
L?AA@BOTDOBGA[,19,5,5.7004203661,0.7004203661,1.1400840732,5.82902950,Solved
L?AAD@OI@WQODo,18,5,5.7004203660,0.7004203660,1.1400840732,5.74876571,Solved
L?AA@AODBOTOBg,18,5,5.7004203660,0.7004203660,1.1400840732,5.80205208,Solved
L?AADBOX@KBOEc,20,5,5.7004203659,0.7004203659,1.1400840732,5.75013180,Solved
L?AA@BOT?sT?Cp,19,5,5.7004203659,0.7004203659,1.1400840732,5.76232538,Solved
L?AA@AOTBoXGRW,21,5,5.7004203659,0.7004203659,1.1400840732,5.81452131,Solved
L?AA@AODAOTOBg,17,5,5.7004203655,0.7004203655,1.1400840731,5.78927936,Solved
L?AA@AODAOPOJg,17,5,5.7004203655,0.7004203655,1.1400840731,5.78559886,Solved
L?AAD?wXCcAw]?,21,5,5.7004203655,0.7004203655,1.1400840731,5.76497326,Solved
L?AA@BOTDOEOJG,19,5,5.7004203652,0.7004203652,1.1400840730,5.82826969,Solved
L?AAD?wLAQBOy?,20,5,5.7004195410,0.7004195410,1.1400839082,5.75494697,Solved
L?AAD@OIAwDcDs,21,5,5.7003979352,0.7003979352,1.1400795870,5.75523941,Solved
L?AAD?wLAW@Wi_,20,5,5.7003892177,0.7003892177,1.1400778435,5.76558543,Solved
L?AA@AWT@cPWZ?,20,5,5.7003738399,0.7003738399,1.1400747680,5.74465657,Solved
L?AAD?sXDS@YFo,23,5,5.7003657681,0.7003657681,1.1400731536,5.74289071,Solved
L?AAD@oIagROAq,21,5,5.7003436368,0.7003436368,1.1400687274,5.75741740,Solved
L?AAD@OI@gBoAY,19,5,5.7003414321,0.7003414321,1.1400682864,5.78574315,Solved
L?AAD?oEBgHKL_,20,5,5.7003413136,0.7003413136,1.1400682627,5.77501195,Solved
L?AAD@OJ@cJ_JG,20,5,5.7003301355,0.7003301355,1.1400660271,5.74226853,Solved
L?AAD@OJ@cHgJg,21,5,5.7003277195,0.7003277195,1.1400655439,5.75303942,Solved
L?AADBOX?sN?Cs,21,5,5.7003142135,0.7003142135,1.1400628427,5.77858264,Solved
L?AA@AOTDSAwFo,21,5,5.7003117956,0.7003117956,1.1400623591,5.74193672,Solved
L?AA@AOT?k\?VO,20,5,5.7003117939,0.7003117939,1.1400623588,5.74514803,Solved
L?AA@AOT@wPWN_,21,5,5.7003117929,0.7003117929,1.1400623586,5.74426306,Solved
L?AAD?wT?m\?UO,22,5,5.7003004039,0.7003004039,1.1400600808,5.80984163,Solved
L?AAD?wLAQBoy?,21,5,5.7002956382,0.7002956382,1.1400591276,5.76536563,Solved
L?AADBOL?]N?L_,22,5,5.7002931918,0.7002931918,1.1400586384,5.75872665,Solved
L?AA@BOTDO@WJG,19,5,5.7002865081,0.7002865081,1.1400573016,5.77576571,Solved
L?AAD@OI@gBoAy,20,5,5.7002702038,0.7002702038,1.1400540408,5.79384356,Solved
L?AA@BOmDSF_TQ,23,5,5.7002568707,0.7002568707,1.1400513741,5.74903899,Solved
L?ABAaGBaoSHSK,21,5,5.7002566667,0.7002566667,1.1400513333,5.75799151,Solved
L?AA@aHMBHROu?,22,5,5.7002541344,0.7002541344,1.1400508269,5.79032836,Solved
L?AEB?WU@LBgL_,22,5,5.7002483402,0.7002483402,1.1400496680,5.76207931,Solved
L?AAD?oEBg@[N_,21,5,5.7002457520,0.7002457520,1.1400491504,5.78814399,Solved
L?AAD?oFFOAwTO,21,5,5.7002372245,0.7002372245,1.1400474449,5.79433859,Solved
L?AAD@oibo@[TD,24,5,5.7002346693,0.7002346693,1.1400469339,5.75602983,Solved
L?AAD?wX?s]?Cs,21,5,5.7002318299,0.7002318299,1.1400463660,5.78427109,Solved
L?AA@AWT@sDoAs,21,5,5.7002288372,0.7002288372,1.1400457674,5.74963665,Solved
L?AAD?sXDcROFo,23,5,5.7002181196,0.7002181196,1.1400436239,5.75693251,Solved
L?AAD?sX@sBwm_,24,5,5.7002181169,0.7002181169,1.1400436234,5.74279650,Solved
L?AAD?sXCcVOFo,23,5,5.7002181148,0.7002181148,1.1400436230,5.76158065,Solved
L?AAD?sXDcBwm_,24,5,5.7002181142,0.7002181142,1.1400436228,5.74426447,Solved
L?AAD?wLEOHgM_,21,5,5.7002180516,0.7002180516,1.1400436103,5.76228177,Solved
L?AA@BOTDOAWuO,20,5,5.7002121356,0.7002121356,1.1400424271,5.78792831,Solved
L?AAD?sXAoPOBo,20,5,5.7002070648,0.7002070648,1.1400414130,5.75509061,Solved
L?AAD?oFFOAwVO,22,5,5.7002034063,0.7002034063,1.1400406813,5.79550624,Solved
L?AAD?sXCcHhA{,23,5,5.7001925257,0.7001925257,1.1400385051,5.76312830,Solved
L?AAD@Oi@g@oUO,19,5,5.7001894927,0.7001894927,1.1400378985,5.75909901,Solved
L?AA@AWTF_HgBq,22,5,5.7001828320,0.7001828320,1.1400365664,5.76535320,Solved
L?AAD?wT?Uboic,23,5,5.7001762612,0.7001762612,1.1400352522,5.75805562,Solved
L?AA@aHMBGHgca,21,5,5.7001573866,0.7001573866,1.1400314773,5.76373854,Solved
L?AAD?oeAgPSL_,20,5,5.7001420151,0.7001420151,1.1400284030,5.74851567,Solved
L?AA@AOTDoBWVO,21,5,5.7001384186,0.7001384186,1.1400276837,5.75889188,Solved
L?AAF@cM?sBW}?,23,5,5.7001259327,0.7001259327,1.1400251865,5.78236957,Solved
L?AAD?wT?u\?Eo,22,5,5.7001215586,0.7001215586,1.1400243117,5.75106793,Solved
L?AA@AWT@SJGN_,21,5,5.7001143632,0.7001143632,1.1400228726,5.75770764,Solved
L?ABAaGB`oF_ON,22,5,5.7001143564,0.7001143564,1.1400228713,5.75551270,Solved
L?ABA_gUCcPWHU,22,5,5.7001142009,0.7001142009,1.1400228402,5.75108143,Solved
L?AAD?wT?]V?Eo,22,5,5.7001095041,0.7001095041,1.1400219008,5.75886428,Solved
L?AAD@OIAwDcFo,21,5,5.7001044289,0.7001044289,1.1400208858,5.75753933,Solved
L?AAD?sXCo@WL_,20,5,5.7001034196,0.7001034196,1.1400206839,5.75300107,Solved
L?AAD?wT?{V?Fo,23,5,5.7000815497,0.7000815497,1.1400163099,5.76789003,Solved
L?AAD@oI_yBg}?,23,5,5.7000815497,0.7000815497,1.1400163099,5.74142523,Solved
L?AAD?wT?]V?Do,22,5,5.7000815471,0.7000815471,1.1400163094,5.75586477,Solved
L?AEB?WMBHF_eQ,23,5,5.7000815442,0.7000815442,1.1400163088,5.74532168,Solved
L?AAD?wT?uV?Fo,23,5,5.7000815439,0.7000815439,1.1400163088,5.74526467,Solved
L?AAD?wT?]V?Fo,23,5,5.7000815438,0.7000815438,1.1400163088,5.75641130,Solved
L?AAF@cE_uV?]?,23,5,5.7000815437,0.7000815437,1.1400163087,5.76236186,Solved
L?AEAGoIDoXCL`,22,5,5.7000815431,0.7000815431,1.1400163086,5.76180466,Solved
L?AA@AWTBoUOVO,22,5,5.7000658909,0.7000658909,1.1400131782,5.77874034,Solved
L?AA@AOTFOAwVO,21,5,5.7000477312,0.7000477312,1.1400095462,5.75848085,Solved
L?AAD@OJBoAwJG,21,5,5.7000378857,0.7000378857,1.1400075771,5.74633642,Solved
L?AAD@W{AYFOBs,24,5,5.7000150040,0.7000150040,1.1400030008,5.74189088,Solved
L?AADBOX@c@oJG,20,5,5.6999881782,0.6999881782,1.1399976356,5.75105145,Solved
L?AA@AWT@c@W{@,20,5,5.6999529470,0.6999529470,1.1399905894,5.74303414,Solved
L?AAD@W[?[TOTO,21,5,5.6999470446,0.6999470446,1.1399894089,5.77602430,Solved
L?ABA_gaOd}?BR,23,5,5.6999308448,0.6999308448,1.1399861690,5.78191556,Solved
L?AAD@W[?[J_ac,21,5,5.6999291103,0.6999291103,1.1399858221,5.75980400,Solved
L?AA@AWT@[F_uO,22,5,5.6999044698,0.6999044698,1.1399808940,5.76048431,Solved
L?AADBOX?wAYUO,21,5,5.6998765027,0.6998765027,1.1399753005,5.76716891,Solved
L?AAD@OI@gBWAq,19,5,5.6998723988,0.6998723988,1.1399744798,5.77085511,Solved
L?AAD?oFEoEoqH,22,5,5.6998661412,0.6998661412,1.1399732282,5.77285754,Solved
L?AAD@oIagUOVO,22,5,5.6998649032,0.6998649032,1.1399729806,5.79192869,Solved
L?AAD@oI_wHgm?,21,5,5.6998460096,0.6998460096,1.1399692019,5.80961904,Solved
L?AA@aHMBHRO{?,22,5,5.6998289482,0.6998289482,1.1399657896,5.80421951,Solved
L?AAD@oIaWV?Bw,22,5,5.6998268692,0.6998268692,1.1399653738,5.77083557,Solved
L?AAD@cHcoA[J_,21,5,5.6998114323,0.6998114323,1.1399622865,5.75624425,Solved
L?AAD?wXBgPQN_,23,5,5.6997928575,0.6997928575,1.1399585715,5.78327671,Solved
L?AAD@OICcHgF_,19,5,5.6997687902,0.6997687902,1.1399537580,5.78470328,Solved
L?AA@AWT@[V?sO,21,5,5.6997431734,0.6997431734,1.1399486347,5.76108312,Solved
L?AAD@oI_wHgk_,21,5,5.6997399622,0.6997399622,1.1399479924,5.81997436,Solved
L?AA@BOTDODcAs,20,5,5.6997182942,0.6997182942,1.1399436588,5.78580325,Solved
L?AA@AOTBoTOaS,20,5,5.6996833820,0.6996833820,1.1399366764,5.77907603,Solved
L?AAD@W[?kTOTO,21,5,5.6996722331,0.6996722331,1.1399344466,5.76862146,Solved
L?AA@AWT@SPI}?,21,5,5.6996429080,0.6996429080,1.1399285816,5.77193598,Solved
L?AAD?wT@S}?At,23,5,5.6996395860,0.6996395860,1.1399279172,5.77395816,Solved
L?AA@BOm@sEouO,23,5,5.6996328119,0.6996328119,1.1399265624,5.78148690,Solved
L?AE@aoRAREoZ?,23,5,5.6995939003,0.6995939003,1.1399187801,5.74838981,Solved
L?AA@BOTDOAXuO,21,5,5.6995804406,0.6995804406,1.1399160881,5.77663153,Solved
L?AAD@oI_w\?Bg,21,5,5.6995645174,0.6995645174,1.1399129035,5.80110072,Solved
L?AAD?oeBGBoAY,20,5,5.6995245563,0.6995245563,1.1399049113,5.74597845,Solved
L?AA@qoR@k\?cc,23,5,5.6995157537,0.6995157537,1.1399031507,5.74751713,Solved
L?AAD?oyAwAwTO,22,5,5.6994947440,0.6994947440,1.1398989488,5.79740937,Solved
L?AA@aHMAW]?Gi,21,5,5.6994676270,0.6994676270,1.1398935254,5.74033675,Solved
L?AA@aHMBGZ?Dg,21,5,5.6994330570,0.6994330570,1.1398866114,5.79474945,Solved
L?AAD@OICcL_Dc,19,5,5.6994119810,0.6994119810,1.1398823962,5.74446908,Solved
L?AAD@Oi@cBgBg,20,5,5.6994101320,0.6994101320,1.1398820264,5.76238223,Solved
L?AAD?wLEOAXm_,22,5,5.6994101121,0.6994101121,1.1398820224,5.78010525,Solved
L?AAD?oFEoHgEo,21,5,5.6994092122,0.6994092122,1.1398818424,5.74866519,Solved
L?AAD?wXCcEoAs,21,5,5.6994066223,0.6994066223,1.1398813245,5.74851759,Solved
L?AAD@OIAwDsm_,22,5,5.6993815484,0.6993815484,1.1398763097,5.74938264,Solved
L?AAD?oyAwAwVO,23,5,5.6993756704,0.6993756704,1.1398751341,5.76357983,Solved
L?AAD?oZ@kHK^?,23,5,5.6993740978,0.6993740978,1.1398748196,5.75227695,Solved
L?AAD?wXCsBWDo,22,5,5.6993215226,0.6993215226,1.1398643045,5.74258158,Solved
L?AAD@OI?{M_Ax,21,5,5.6993128670,0.6993128670,1.1398625734,5.77680147,Solved
L?AA@BOJKeUOm_,23,5,5.6993128639,0.6993128639,1.1398625728,5.74070696,Solved
L?AAD?oZBWBoCu,23,5,5.6993128634,0.6993128634,1.1398625727,5.74048092,Solved
L?AAD?oNBg@[N_,23,5,5.6993128631,0.6993128631,1.1398625726,5.76554587,Solved
L?AA@BOJHsQWm_,23,5,5.6993128621,0.6993128621,1.1398625724,5.74396899,Solved
L?AA@BOJKsQWm_,23,5,5.6993128609,0.6993128609,1.1398625722,5.75263101,Solved
L?AA@BOTDO@WRO,19,5,5.6993072770,0.6993072770,1.1398614554,5.75967936,Solved
L?AAD?wXCcBoAs,21,5,5.6992860310,0.6992860310,1.1398572062,5.77716686,Solved
L?AAD?wX?sM_ES,21,5,5.6992733423,0.6992733423,1.1398546685,5.78048018,Solved
L?AAD@oIagBgy?,21,5,5.6992541461,0.6992541461,1.1398508292,5.78059397,Solved
L?AAD?oeAwHgEo,21,5,5.6992458288,0.6992458288,1.1398491658,5.76265045,Solved
L?AAD?wXCcHgy?,21,5,5.6992457120,0.6992457120,1.1398491424,5.78031029,Solved
L?AAD?oFAgPSN_,21,5,5.6992350771,0.6992350771,1.1398470154,5.75383641,Solved
L?AAD@W[@K@i\?,21,5,5.6992207196,0.6992207196,1.1398441439,5.77649844,Solved
L?AAD?oFAgFoai,22,5,5.6991950779,0.6991950779,1.1398390156,5.75098770,Solved
L?AAD?wX?kUOAs,21,5,5.6991914411,0.6991914411,1.1398382882,5.75462727,Solved
L?ABCf_Y?wJ_Dg,23,5,5.6991617734,0.6991617734,1.1398323547,5.77519669,Solved
L?AA@AWT@SyGeo,22,5,5.6991195544,0.6991195544,1.1398239109,5.78428868,Solved
L?AA@AWT@SEoaS,20,5,5.6991064863,0.6991064863,1.1398212973,5.80245507,Solved
L?AAD@OI?sL_Ct,20,5,5.6990845097,0.6990845097,1.1398169019,5.74120319,Solved
L?AAD@OI@g@LN_,20,5,5.6990845082,0.6990845082,1.1398169016,5.78235335,Solved
L?AA@AOT?kT?uO,19,5,5.6990845079,0.6990845079,1.1398169016,5.75450539,Solved
L?AA@BOTDOEOqP,20,5,5.6990845064,0.6990845064,1.1398169013,5.78588771,Solved
L?AAD@OI?sAY^?,20,5,5.6990845053,0.6990845053,1.1398169011,5.78197272,Solved
L?AA@AOT?kT?as,19,5,5.6990845053,0.6990845053,1.1398169011,5.75505208,Solved
L?AA@AOT?kN?RW,20,5,5.6990845047,0.6990845047,1.1398169009,5.75330151,Solved
L?AA@BOT?sDOBw,20,5,5.6990845041,0.6990845041,1.1398169008,5.75024673,Solved
L?AA@BOTDOAWeo,20,5,5.6990845040,0.6990845040,1.1398169008,5.77307963,Solved
L?AAD@OI@g@LDd,20,5,5.6990845036,0.6990845036,1.1398169007,5.75069734,Solved
L?AA@AOT?kV?as,20,5,5.6990845027,0.6990845027,1.1398169005,5.75327436,Solved
L?AA@BOT?sDOeo,20,5,5.6990845025,0.6990845025,1.1398169005,5.74583860,Solved
L?AAD@Oi@g@WN_,20,5,5.6990845022,0.6990845022,1.1398169004,5.76378244,Solved
L?AAD@OI?{L_Bw,21,5,5.6990686637,0.6990686637,1.1398137327,5.76823253,Solved
L?AAD@OICcBGDc,18,5,5.6990619994,0.6990619994,1.1398123999,5.75817143,Solved
L?AAD?oEBgEoAy,21,5,5.6990577995,0.6990577995,1.1398115599,5.76848815,Solved
L?AAD?wTCSjGy?,22,5,5.6990546778,0.6990546778,1.1398109356,5.76352884,Solved
L?AA@AOT@wEouO,21,5,5.6990522096,0.6990522096,1.1398104419,5.77093867,Solved
L?AA@AOTBoXGL`,21,5,5.6990515878,0.6990515878,1.1398103176,5.76425226,Solved
L?AAD?wX?sJ_ES,21,5,5.6990502526,0.6990502526,1.1398100505,5.74095936,Solved
L?AAD?oNBgAwm_,23,5,5.6990422809,0.6990422809,1.1398084562,5.77869858,Solved
L?AAD?sX@sAwec,23,5,5.6990260814,0.6990260814,1.1398052163,5.76390592,Solved
L?AAD@oIagJ_Ay,22,5,5.6990177774,0.6990177774,1.1398035555,5.77007384,Solved
L?AA@AOTDoXGL`,21,5,5.6990153083,0.6990153083,1.1398030617,5.78498039,Solved
L?AAD?wT@[]?RO,22,5,5.6990079888,0.6990079888,1.1398015978,5.75022340,Solved
L?AAD?oeBG@SJ_,19,5,5.6990076083,0.6990076083,1.1398015217,5.77606493,Solved
L?AAD@W[?[TOTP,22,5,5.6989984718,0.6989984718,1.1397996944,5.75530726,Solved
L?AAD?oFEo@wUO,21,5,5.6989915956,0.6989915956,1.1397983191,5.78052728,Solved
L?AEB?WM@LRGL_,22,5,5.6989873543,0.6989873543,1.1397974709,5.74583603,Solved
L?AA@qoRDCbou?,23,5,5.6989824557,0.6989824557,1.1397964911,5.74257420,Solved
L?AAD@OI?{M_Bw,21,5,5.6989544558,0.6989544558,1.1397908912,5.80222725,Solved
L?AAD@OICcBGDs,19,5,5.6989494863,0.6989494863,1.1397898973,5.77326209,Solved
L?AA@BOTDOAWas,20,5,5.6989389568,0.6989389568,1.1397877914,5.78473806,Solved
L?AA@BOT?sT?UO,19,5,5.6989200209,0.6989200209,1.1397840042,5.76923857,Solved
L?ABAaGBf_EcV?,22,5,5.6989103170,0.6989103170,1.1397820634,5.74889218,Solved
L?AADBOX@cDoBI,21,5,5.6989070589,0.6989070589,1.1397814118,5.75756856,Solved
L?AADAoFBoAwRW,23,5,5.6988871038,0.6988871038,1.1397774208,5.76025386,Solved
L?AA@AWT@kV?qQ,22,5,5.6988828147,0.6988828147,1.1397765629,5.75856788,Solved
L?AAD?sXDSAYec,23,5,5.6988782546,0.6988782546,1.1397756509,5.76331269,Solved
L?AAD?sXCcbwEs,24,5,5.6988624187,0.6988624187,1.1397724837,5.75852599,Solved
L?AAD@oIag@XFo,22,5,5.6988598350,0.6988598350,1.1397719670,5.75734321,Solved
L?AAD@oIag@\Fo,23,5,5.6988588252,0.6988588252,1.1397717650,5.74693897,Solved
L?AAD?oFEo@wTO,21,5,5.6988440807,0.6988440807,1.1397688161,5.75681281,Solved
L?AAD?wT@Sbo}?,23,5,5.6988398256,0.6988398256,1.1397679651,5.74506139,Solved
L?AA@b_DmoDo\?,23,5,5.6988357941,0.6988357941,1.1397671588,5.75723438,Solved
L?AAD@OI@g@LDs,20,5,5.6988230746,0.6988230746,1.1397646149,5.75468800,Solved
L?AAD?wTDSJG{?,22,5,5.6988194570,0.6988194570,1.1397638914,5.76493090,Solved
L?AA@AOT?{FOBw,21,5,5.6988029736,0.6988029736,1.1397605947,5.75708194,Solved
L?AA@aHMBHRO}?,23,5,5.6988005152,0.6988005152,1.1397601030,5.77968911,Solved
L?AA@AOT@sEoas,21,5,5.6987963222,0.6987963222,1.1397592644,5.76112942,Solved
L?AA@AOT@sAw}?,21,5,5.6987854975,0.6987854975,1.1397570995,5.74542704,Solved
L?ABA_gaOd}?Z?,22,5,5.6987804782,0.6987804782,1.1397560956,5.74087146,Solved
L?ABA_gUCcTGPI,21,5,5.6987477892,0.6987477892,1.1397495578,5.74813662,Solved
L?AAD@W[?[F_ac,21,5,5.6987342471,0.6987342471,1.1397468494,5.75275287,Solved
L?AA@BOTDOAWk_,19,5,5.6987195906,0.6987195906,1.1397439181,5.82853014,Solved
L?AA@BOTDOAXk_,20,5,5.6987195861,0.6987195861,1.1397439172,5.83063728,Solved
L?AA@BOTDOEOco,19,5,5.6987195859,0.6987195859,1.1397439172,5.77151418,Solved
L?AAD@OICcF_HI,19,5,5.6987195856,0.6987195856,1.1397439171,5.75547550,Solved
L?AA@BOT@cPWco,20,5,5.6987195853,0.6987195853,1.1397439171,5.81433953,Solved
L?AAD@OI@gQQDs,20,5,5.6987195851,0.6987195851,1.1397439170,5.81261434,Solved
L?AAD@OICcAqXA,19,5,5.6987195850,0.6987195850,1.1397439170,5.80253966,Solved
L?AAD@OI@cBgBY,20,5,5.6987195850,0.6987195850,1.1397439170,5.75617385,Solved
L?AA@BOTDOEOJg,20,5,5.6987195845,0.6987195845,1.1397439169,5.83765779,Solved
L?AAD@Oi@g@WRO,19,5,5.6987195836,0.6987195836,1.1397439167,5.77658681,Solved
L?AA@AOT?kT?ZG,19,5,5.6987195827,0.6987195827,1.1397439165,5.80704864,Solved
L?AAD@OI@cAwQQ,19,5,5.6987195827,0.6987195827,1.1397439165,5.76524769,Solved
L?AAD@Oi@g@WVO,20,5,5.6987195827,0.6987195827,1.1397439165,5.76554102,Solved
L?AAD@OI@cBgAY,19,5,5.6987195823,0.6987195823,1.1397439165,5.76063053,Solved
L?AA@BOTDOAWJH,20,5,5.6987195822,0.6987195822,1.1397439164,5.78039011,Solved
L?AA@AODFODoZG,20,5,5.6987195822,0.6987195822,1.1397439164,5.79517730,Solved
L?AAD@OI@cBgDs,20,5,5.6987195819,0.6987195819,1.1397439164,5.74390249,Solved
L?AAD@OI@cBGDs,19,5,5.6987195817,0.6987195817,1.1397439163,5.77838747,Solved
L?AAD@OI@cBGCs,18,5,5.6987195817,0.6987195817,1.1397439163,5.80344333,Solved
L?AA@BOTDOHgaS,20,5,5.6987195816,0.6987195816,1.1397439163,5.81359048,Solved
L?AA@AOTFOHKuO,21,5,5.6987195814,0.6987195814,1.1397439163,5.77052312,Solved
L?AAD@OI@cBgCs,19,5,5.6987195809,0.6987195809,1.1397439162,5.74946692,Solved
L?AAD@OICcF_JI,20,5,5.6987195801,0.6987195801,1.1397439160,5.74881480,Solved
L?AA@BOTDOAWL_,19,5,5.6987195798,0.6987195798,1.1397439160,5.77211549,Solved
L?AAD@Oi@gAWk_,19,5,5.6987195796,0.6987195796,1.1397439159,5.80226851,Solved
L?AA@BOTDO@gJG,19,5,5.6987195795,0.6987195795,1.1397439159,5.81604593,Solved
L?AAD@OI@gDcCt,20,5,5.6987195794,0.6987195794,1.1397439159,5.76807731,Solved
L?AAD@OI@cL_Jg,20,5,5.6987195794,0.6987195794,1.1397439159,5.75544449,Solved
L?AA@BOTDOAWm_,20,5,5.6987195792,0.6987195792,1.1397439158,5.77192202,Solved
L?AAD@Oi@gAWHH,19,5,5.6987195791,0.6987195791,1.1397439158,5.81888769,Solved
L?AAD@OI?sHgAw,19,5,5.6987195789,0.6987195789,1.1397439158,5.76609959,Solved
L?AA@BOT@c@Wco,19,5,5.6987195788,0.6987195788,1.1397439158,5.81307626,Solved
L?AA@BOTDOAWBH,19,5,5.6987195788,0.6987195788,1.1397439158,5.77647021,Solved
L?AA@BOT@cTODo,20,5,5.6987195788,0.6987195788,1.1397439158,5.80922791,Solved
L?AAD@OI@gAYk_,19,5,5.6987195787,0.6987195787,1.1397439157,5.82551045,Solved
L?AA@AODEoLCRW,20,5,5.6987195785,0.6987195785,1.1397439157,5.79446419,Solved
L?AAD@OI?sHgBw,20,5,5.6987195784,0.6987195784,1.1397439157,5.75170137,Solved
L?AA@BOT@cTOco,20,5,5.6987195784,0.6987195784,1.1397439157,5.78485864,Solved
L?AA@BOT@cPWDo,20,5,5.6987195783,0.6987195783,1.1397439157,5.76730495,Solved
L?AA@BOTDOEoCq,20,5,5.6987195783,0.6987195783,1.1397439157,5.77912307,Solved
L?AAD@Oi@gAWm_,20,5,5.6987195782,0.6987195782,1.1397439156,5.76285513,Solved
L?AA@AOTBoHKuO,21,5,5.6987195781,0.6987195781,1.1397439156,5.80328574,Solved
L?AAD@cHcoJ?TO,20,5,5.6987193541,0.6987193541,1.1397438708,5.76444951,Solved
L?AEB?We@gBgXC,21,5,5.6987089097,0.6987089097,1.1397417819,5.77432387,Solved
L?AAD?oEEPM_RW,21,5,5.6987089068,0.6987089068,1.1397417814,5.82571873,Solved
L?AAD?oeBGHKVO,21,5,5.6987089058,0.6987089058,1.1397417812,5.80304451,Solved
L?AAD@Oi@g@[Jg,21,5,5.6987089052,0.6987089052,1.1397417810,5.77163880,Solved
L?AA@AOTDoDSN_,21,5,5.6987089052,0.6987089052,1.1397417810,5.82716183,Solved
L?AAD@W[?[TOUO,21,5,5.6987089030,0.6987089030,1.1397417806,5.74800404,Solved
L?AA@BOTDOFOJg,21,5,5.6987089020,0.6987089020,1.1397417804,5.83973391,Solved
L?AA@AWT@cL_aE,20,5,5.6987089017,0.6987089017,1.1397417803,5.80401807,Solved
L?AA@BOTDOFODa,20,5,5.6987089002,0.6987089002,1.1397417800,5.83143208,Solved
L?ABAaGRD_@wXG,21,5,5.6987089000,0.6987089000,1.1397417800,5.74929270,Solved
L?AA@BOT?sT?Dp,20,5,5.6987088997,0.6987088997,1.1397417799,5.76905044,Solved
L?AAD?wLAW@Wm_,21,5,5.6987088995,0.6987088995,1.1397417799,5.74434721,Solved
L?AA@AOTBoDSm_,21,5,5.6987088993,0.6987088993,1.1397417799,5.82314152,Solved
L?AAD@oIaW@[y?,21,5,5.6987088992,0.6987088992,1.1397417798,5.83325026,Solved
L?AA@BOT?sT?D`,19,5,5.6987088991,0.6987088991,1.1397417798,5.81324727,Solved
L?AAD@OJ@oPSBW,20,5,5.6987088990,0.6987088990,1.1397417798,5.79291948,Solved
L?AA@BOT?sT?Jg,20,5,5.6987088989,0.6987088989,1.1397417798,5.83996051,Solved
L?AA@AOTDoDSZG,21,5,5.6987088989,0.6987088989,1.1397417798,5.82655312,Solved
L?AA@AWT@SQHZ@,21,5,5.6987088986,0.6987088986,1.1397417797,5.76899200,Solved
L?AA@AOTBoDoic,21,5,5.6987088984,0.6987088984,1.1397417797,5.82429707,Solved
L?AAD?wXCcJ_Do,21,5,5.6987088980,0.6987088980,1.1397417796,5.74933821,Solved
L?AAD@Oi@g@[JG,20,5,5.6987088980,0.6987088980,1.1397417796,5.78436392,Solved
L?AAD@OJ@oPSBw,21,5,5.6987088977,0.6987088977,1.1397417795,5.76921644,Solved
L?AAD?oeBGHgaI,20,5,5.6987088972,0.6987088972,1.1397417794,5.83178744,Solved
L?AEB?We@gBgGl,22,5,5.6987088968,0.6987088968,1.1397417794,5.75875907,Solved
L?AAD@oR?sV?Bg,21,5,5.6987045607,0.6987045607,1.1397409121,5.77175865,Solved
L?AA@AODEoTOeo,20,5,5.6986994981,0.6986994981,1.1397398996,5.74163582,Solved
L?AA@AODEoDoeo,20,5,5.6986994966,0.6986994966,1.1397398993,5.74714025,Solved
L?AADBOX?sIgAs,21,5,5.6986973637,0.6986973637,1.1397394727,5.76817843,Solved
L?AA@AOTBo@kJg,21,5,5.6986896646,0.6986896646,1.1397379329,5.74399617,Solved
L?AAD@oRDoTOBw,23,5,5.6986896406,0.6986896406,1.1397379281,5.74341513,Solved
L?AAD?oeBGJGHc,20,5,5.6986799629,0.6986799629,1.1397359926,5.74338539,Solved
L?AADbGR@cFOHg,22,5,5.6986766160,0.6986766160,1.1397353232,5.76816933,Solved
L?AADBOX?sTOHg,21,5,5.6986726898,0.6986726898,1.1397345380,5.77655181,Solved
L?AADbGX@oBOHg,21,5,5.6986696620,0.6986696620,1.1397339324,5.74615340,Solved
L?AAD@W[@KBoQQ,21,5,5.6986634213,0.6986634213,1.1397326843,5.74379317,Solved
L?AADbGR@SCsM_,22,5,5.6986311511,0.6986311511,1.1397262302,5.75502579,Solved
L?AA@BOmDcJGRQ,23,5,5.6986159521,0.6986159521,1.1397231904,5.79375911,Solved
L?AA@BOTDOEOeO,19,5,5.6986083799,0.6986083799,1.1397216760,5.76292958,Solved
L?AAD@oR?sUOFo,22,5,5.6985827756,0.6985827756,1.1397165551,5.76361688,Solved
L?AAD?oFFOIgBo,21,5,5.6985773518,0.6985773518,1.1397154704,5.77286138,Solved
L?AADBOX@K@WN?,20,5,5.6985678212,0.6985678212,1.1397135642,5.77910685,Solved
L?AAD?wTDSHg{?,22,5,5.6985651948,0.6985651948,1.1397130390,5.78904087,Solved
L?AA@AWTF_HgAu,22,5,5.6985443176,0.6985443176,1.1397088635,5.75527857,Solved
L?AAD@OI@g@XN_,20,5,5.6985288377,0.6985288377,1.1397057675,5.77555892,Solved
L?AAD?oFBgFORW,22,5,5.6984874198,0.6984874198,1.1396974840,5.77150023,Solved
L?AAD?wTF_TOVO,23,5,5.6984847257,0.6984847257,1.1396969451,5.77948692,Solved
L?AA@AWT@Sn_sQ,23,5,5.6984641167,0.6984641167,1.1396928233,5.74983101,Solved
L?AA@BOJKs\?cs,23,5,5.6984641142,0.6984641142,1.1396928228,5.74649363,Solved
L?AE@aoQQWCqV?,22,5,5.6984562070,0.6984562070,1.1396912414,5.75935836,Solved
L?AAD?oEBWEoRW,21,5,5.6984516402,0.6984516402,1.1396903280,5.77504517,Solved
L?AAD?sX?sRORO,21,5,5.6984307122,0.6984307122,1.1396861424,5.74531573,Solved
L?AAD@OICcAqRQ,20,5,5.6984122356,0.6984122356,1.1396824471,5.74479856,Solved
L?AA@AWT@SRGy?,20,5,5.6984105120,0.6984105120,1.1396821024,5.74108261,Solved
L?AAD@OI@gEoAy,20,5,5.6984088263,0.6984088263,1.1396817653,5.78121950,Solved
L?AAD@OICcHHDs,20,5,5.6984088250,0.6984088250,1.1396817650,5.77371401,Solved
L?AA@AODEoTOFo,20,5,5.6984088240,0.6984088240,1.1396817648,5.75544933,Solved
L?AA@AOTDoJGas,21,5,5.6983819839,0.6983819839,1.1396763968,5.78073899,Solved
L?AAD?wXCcBW\?,21,5,5.6983817815,0.6983817815,1.1396763563,5.77913387,Solved
L?AAD@OICcHgDs,20,5,5.6983786265,0.6983786265,1.1396757253,5.74644523,Solved
L?AAD@Oi@w@sDs,22,5,5.6983721373,0.6983721373,1.1396744275,5.74947639,Solved
L?AA@AOTDoPWVO,21,5,5.6983709105,0.6983709105,1.1396741821,5.76036670,Solved
L?AAD?wX?sJ_Es,22,5,5.6983688683,0.6983688683,1.1396737737,5.76364468,Solved
L?AA@AOTBoAwm_,21,5,5.6983660113,0.6983660113,1.1396732023,5.75211194,Solved
L?AA@BOTDO@WJ_,19,5,5.6983597331,0.6983597331,1.1396719466,5.74558032,Solved
L?AAD?WLFOAwTO,21,5,5.6983427554,0.6983427554,1.1396685511,5.76493558,Solved
L?AAD?wLEOEpVO,23,5,5.6983379883,0.6983379883,1.1396675977,5.74462463,Solved
L?AAD?oEBWEoQX,21,5,5.6983145712,0.6983145712,1.1396629142,5.76537804,Solved
L?AAD@OICsL_Jg,21,5,5.6983134154,0.6983134154,1.1396626831,5.75729074,Solved
L?AA@AWTBoRGic,22,5,5.6983090973,0.6983090973,1.1396618195,5.77976304,Solved
L?AAD?wX?sM_Es,22,5,5.6983033447,0.6983033447,1.1396606689,5.80298322,Solved
L?AAD@oR?sROTO,21,5,5.6982866253,0.6982866253,1.1396573251,5.76246760,Solved
L?AAD?oNBg@[Do,22,5,5.6982819455,0.6982819455,1.1396563891,5.79658136,Solved
L?AA@AWT@cHgaE,20,5,5.6982779215,0.6982779215,1.1396555843,5.76558041,Solved
L?AAD@OICcJGDs,20,5,5.6982704219,0.6982704219,1.1396540844,5.77703522,Solved
L?AAD?wLAgTPFo,23,5,5.6982624622,0.6982624622,1.1396524924,5.75190712,Solved
L?AA@AWTDSRG^?,22,5,5.6982357109,0.6982357109,1.1396471422,5.76604226,Solved
L?AAD?sXCSBOCU,20,5,5.6982242080,0.6982242080,1.1396448416,5.76802224,Solved
L?AAD?oFEPEo}?,22,5,5.6982114135,0.6982114135,1.1396422827,5.76386675,Solved
L?AAD?wLEOAwTO,21,5,5.6982001115,0.6982001115,1.1396400223,5.77311097,Solved
L?AA@AWT@cPWN_,21,5,5.6981972259,0.6981972259,1.1396394452,5.78502459,Solved
L?AAD?sXCSAYJ_,21,5,5.6981939806,0.6981939806,1.1396387961,5.74691733,Solved
L?AAD@oI_wIgk_,21,5,5.6981809902,0.6981809902,1.1396361980,5.81477191,Solved
L?AADAoFBoBoRW,23,5,5.6981797583,0.6981797583,1.1396359517,5.77767831,Solved
L?AADBOX@KROTO,21,5,5.6981201366,0.6981201366,1.1396240273,5.77692507,Solved
L?AA@AOT?kV?Ik,20,5,5.6981201351,0.6981201351,1.1396240270,5.80502164,Solved
L?AAD@Oi@gJGAY,20,5,5.6981201348,0.6981201348,1.1396240270,5.84084225,Solved
L?AA@AODEoDoic,20,5,5.6981201329,0.6981201329,1.1396240266,5.80604231,Solved
L?AAD@OI@cJGDs,20,5,5.6981201328,0.6981201328,1.1396240266,5.78954501,Solved
L?AAD?oeBGBgCq,20,5,5.6981201314,0.6981201314,1.1396240263,5.78508424,Solved
L?AAD@OICcM_Ds,20,5,5.6981201303,0.6981201303,1.1396240261,5.83956989,Solved
L?AADBOX@KBWTO,21,5,5.6981201302,0.6981201302,1.1396240260,5.77099047,Solved
L?AAD@OIBWUOJg,21,5,5.6981201297,0.6981201297,1.1396240259,5.77274579,Solved
L?AA@AOTFODcA[,20,5,5.6981201295,0.6981201295,1.1396240259,5.80719239,Solved
L?AA@AOTDSEoJg,21,5,5.6981201291,0.6981201291,1.1396240258,5.83118229,Solved
L?AA@AOTFOBgZG,21,5,5.6981201280,0.6981201280,1.1396240256,5.81085270,Solved
L?AAD@Oi@gCsUP,21,5,5.6981201278,0.6981201278,1.1396240256,5.77469396,Solved
L?AA@BOTDOAXJH,21,5,5.6981201275,0.6981201275,1.1396240255,5.78797729,Solved
L?AAD@OI@sHgBw,21,5,5.6981201271,0.6981201271,1.1396240254,5.75878086,Solved
L?AA@AOTFOEoic,21,5,5.6981201269,0.6981201269,1.1396240254,5.80472459,Solved
L?AA@AOTFODcVO,21,5,5.6981201264,0.6981201264,1.1396240253,5.81768317,Solved
L?AAD@OICcm_Ds,21,5,5.6981201264,0.6981201264,1.1396240253,5.81910112,Solved
L?AA@AOT?k\?ZG,20,5,5.6981201263,0.6981201263,1.1396240253,5.81129538,Solved
L?AADBOX@K@[i_,21,5,5.6981201262,0.6981201262,1.1396240252,5.82706969,Solved
L?AA@AOTDoEoIk,21,5,5.6981201258,0.6981201258,1.1396240252,5.81910119,Solved
L?AA@AOTFOEoZG,21,5,5.6981201258,0.6981201258,1.1396240252,5.78725996,Solved
L?AAD@Oi@cJGCs,20,5,5.6981201256,0.6981201256,1.1396240251,5.82775930,Solved
L?AAD?cEEoEoVO,21,5,5.6981201253,0.6981201253,1.1396240251,5.76578065,Solved
L?AADBOX@KBOcc,20,5,5.6981201250,0.6981201250,1.1396240250,5.82840393,Solved
L?AAD@Oi@cJGDs,21,5,5.6981201249,0.6981201249,1.1396240250,5.77099035,Solved
L?AAD@Oi@g@LHg,20,5,5.6981201249,0.6981201249,1.1396240250,5.78219938,Solved
L?AAD@OI@cJgDs,21,5,5.6981201246,0.6981201246,1.1396240249,5.74828388,Solved
L?AA@AOTBo@kIK,20,5,5.6981201245,0.6981201245,1.1396240249,5.82049384,Solved
L?AADBOX@KBOec,21,5,5.6981201245,0.6981201245,1.1396240249,5.74732577,Solved
L?AA@AOTFODcic,21,5,5.6981201241,0.6981201241,1.1396240248,5.81783270,Solved
L?AADBOX@KBOTO,20,5,5.6981201241,0.6981201241,1.1396240248,5.78349194,Solved
L?AA@AODFOFoZG,21,5,5.6981201238,0.6981201238,1.1396240248,5.79523174,Solved
L?AAD@OI@cJGCs,19,5,5.6981201238,0.6981201238,1.1396240248,5.83314760,Solved
L?AADBOX@K@Wi_,20,5,5.6981201238,0.6981201238,1.1396240248,5.82619571,Solved
L?AA@BOT@cTOqA,20,5,5.6981201236,0.6981201236,1.1396240247,5.82717754,Solved
L?AA@BOT@cTOJg,21,5,5.6981201236,0.6981201236,1.1396240247,5.84772008,Solved
L?AAD@Oi@gCsAy,21,5,5.6981201236,0.6981201236,1.1396240247,5.77180235,Solved
L?AAD@OICcAw^?,20,5,5.6981201235,0.6981201235,1.1396240247,5.75477676,Solved
L?AA@AODEoLCN_,20,5,5.6981201234,0.6981201234,1.1396240247,5.79531102,Solved
L?AAD@OiDcJGCs,21,5,5.6981201233,0.6981201233,1.1396240247,5.83116452,Solved
L?AA@BOTDODcm_,21,5,5.6981201233,0.6981201233,1.1396240247,5.83222498,Solved
L?AAD@OIBWCsm_,21,5,5.6981201233,0.6981201233,1.1396240247,5.77042171,Solved
L?AAD@OI@cAYVO,20,5,5.6981201231,0.6981201231,1.1396240246,5.76166530,Solved
L?AAD@OI?sM_Ds,20,5,5.6981143910,0.6981143910,1.1396228782,5.78755545,Solved
L?AE@bGY?wAsRO,22,5,5.6981115812,0.6981115812,1.1396223162,5.76151420,Solved
L?AADbGR@cFOLg,23,5,5.6981079639,0.6981079639,1.1396215928,5.74140215,Solved
L?AAD@Oi@gJGL_,20,5,5.6980971156,0.6980971156,1.1396194231,5.77206018,Solved
L?AA@AWT@SRG}?,21,5,5.6980550267,0.6980550267,1.1396110053,5.75988302,Solved
L?AAD?oeBGBgAy,21,5,5.6980544119,0.6980544119,1.1396108824,5.77335705,Solved
L?AA@AOTCsDS^?,21,5,5.6980544114,0.6980544114,1.1396108823,5.81143837,Solved
L?AA@BOmDcL_Jg,23,5,5.6980544107,0.6980544107,1.1396108821,5.81247628,Solved
L?AAD?WLEoKcVO,22,5,5.6980544091,0.6980544091,1.1396108818,5.79784430,Solved
L?AB?rOX?wROwA,22,5,5.6980544089,0.6980544089,1.1396108818,5.75784864,Solved
L?ABAaGBf_J_\G,23,5,5.6980544087,0.6980544087,1.1396108817,5.75002557,Solved
L?AEB?WU@LAwN_,23,5,5.6980544086,0.6980544086,1.1396108817,5.75280960,Solved
L?AAD?wX?qz?TO,22,5,5.6980544073,0.6980544073,1.1396108815,5.81784238,Solved
L?AAD?WLEoCsFO,21,5,5.6980544071,0.6980544071,1.1396108814,5.76963892,Solved
L?AA@BOT?sTOBg,20,5,5.6980544063,0.6980544063,1.1396108813,5.81214401,Solved
L?AAD?oeBG@LVO,21,5,5.6980544056,0.6980544056,1.1396108811,5.81741178,Solved
L?AA@BOT?sTOJg,21,5,5.6980544055,0.6980544055,1.1396108811,5.81806547,Solved
L?AA@AOTDSDs^?,22,5,5.6980544055,0.6980544055,1.1396108811,5.80618744,Solved
L?AA@AWT@Seo}?,22,5,5.6980544054,0.6980544054,1.1396108811,5.80950856,Solved
L?AEB?WU@k@wHk,23,5,5.6980544046,0.6980544046,1.1396108809,5.74351767,Solved
L?AAD@oIao@wSS,21,5,5.6980544044,0.6980544044,1.1396108809,5.77585184,Solved
L?AA@BOT@sTOJg,22,5,5.6980544043,0.6980544043,1.1396108809,5.81603165,Solved
L?AAD?cuBoIgUW,23,5,5.6980544040,0.6980544040,1.1396108808,5.81681729,Solved
L?AA@AWT@k\?ic,22,5,5.6980544040,0.6980544040,1.1396108808,5.80870160,Solved
L?AAF@cE`sROFo,24,5,5.6980544039,0.6980544039,1.1396108808,5.74053236,Solved
L?AA@AWT@k\?ac,21,5,5.6980544032,0.6980544032,1.1396108806,5.80364572,Solved
L?AAD?wXCcAw\?,21,5,5.6980544031,0.6980544031,1.1396108806,5.83170261,Solved
L?AEB?WU@LEoFo,23,5,5.6980544019,0.6980544019,1.1396108804,5.75327123,Solved
L?AAD@oIao@wTS,22,5,5.6980544014,0.6980544014,1.1396108803,5.75484483,Solved
L?ABA_gaUoQSHF,23,5,5.6980544013,0.6980544013,1.1396108803,5.75061515,Solved
L?AA@BOTBoTOJg,22,5,5.6980544010,0.6980544010,1.1396108802,5.81565062,Solved
L?AAD?WLEoKcFO,21,5,5.6980544009,0.6980544009,1.1396108802,5.79604555,Solved
L?AADbGR@SDokC,22,5,5.6980544006,0.6980544006,1.1396108801,5.74933407,Solved
L?AAD?oFEoHKHb,22,5,5.6980544006,0.6980544006,1.1396108801,5.77427644,Solved
L?AA@AOTAwTOJg,21,5,5.6980544002,0.6980544002,1.1396108800,5.81055659,Solved
L?AAD?wXCcAw^?,22,5,5.6980543999,0.6980543999,1.1396108800,5.75485105,Solved
L?AA@aHMBGQPRP,22,5,5.6980543999,0.6980543999,1.1396108800,5.76670813,Solved
L?AA@AWT@SrG}?,22,5,5.6980188498,0.6980188498,1.1396037700,5.74216224,Solved
L?AADBOL@[Igm?,22,5,5.6980127827,0.6980127827,1.1396025565,5.74924645,Solved
L?AA@BOm?u@wco,22,5,5.6980074140,0.6980074140,1.1396014828,5.74612517,Solved
L?AADbGX@oBODg,21,5,5.6980034126,0.6980034126,1.1396006825,5.74365773,Solved
L?AAD@W[?s@wXA,21,5,5.6979893385,0.6979893385,1.1395978677,5.75762143,Solved
L?AAD@oIag@{VO,23,5,5.6979795826,0.6979795826,1.1395959165,5.76642504,Solved
L?AA@AWT@c@W^?,20,5,5.6979412420,0.6979412420,1.1395882484,5.74120985,Solved
L?AAD?oFEP^?La,23,5,5.6979205431,0.6979205431,1.1395841086,5.76526920,Solved
L?AAD?sXCcBWVO,22,5,5.6979165362,0.6979165362,1.1395833072,5.75191489,Solved
L?AE@bGY@g@wJ_,22,5,5.6979047229,0.6979047229,1.1395809446,5.76798096,Solved
L?AA@BOmDSJGVO,23,5,5.6979023884,0.6979023884,1.1395804777,5.76255323,Solved
L?AAD?wLEO@oRO,20,5,5.6978993234,0.6978993234,1.1395798647,5.74094298,Solved
L?AAD?oFBWFOBw,22,5,5.6978876186,0.6978876186,1.1395775237,5.75424150,Solved
L?AA@AWT@cPW^?,21,5,5.6978701545,0.6978701545,1.1395740309,5.75932777,Solved
L?AAD?wTDcHgy?,22,5,5.6978679948,0.6978679948,1.1395735990,5.80313281,Solved
L?AA@BOTDOEOUO,19,5,5.6978584625,0.6978584625,1.1395716925,5.76656845,Solved
L?AAD?sXCSAYF_,21,5,5.6978548261,0.6978548261,1.1395709652,5.76923694,Solved
L?AAD@OI@gBOHH,18,5,5.6978513107,0.6978513107,1.1395702621,5.74045635,Solved
L?AAD@OICcBoVO,20,5,5.6978201363,0.6978201363,1.1395640273,5.77430758,Solved
L?AA@AWT@cHgN?,20,5,5.6978188875,0.6978188875,1.1395637775,5.79039221,Solved
L?AA@BOmDSIguO,23,5,5.6978175456,0.6978175456,1.1395635091,5.78542194,Solved
L?AA@BOmDSBgTQ,23,5,5.6978109449,0.6978109449,1.1395621890,5.74385319,Solved
L?AB?qQUAWCgy?,21,5,5.6978068785,0.6978068785,1.1395613757,5.80955563,Solved
L?AA@AWTF_JGBq,22,5,5.6977894801,0.6977894801,1.1395578960,5.75646105,Solved
L?AAD?oeAg@wL_,20,5,5.6977259269,0.6977259269,1.1395451854,5.74426592,Solved
L?AAD@OI@g@\N_,21,5,5.6977164302,0.6977164302,1.1395432860,5.78093327,Solved
L?AADbGX@cBOHg,21,5,5.6977129106,0.6977129106,1.1395425821,5.75145108,Solved
L?AAD?oEBgFoAy,22,5,5.6977094292,0.6977094292,1.1395418858,5.76871007,Solved
L?AAD?wT?U}?ic,23,5,5.6977015796,0.6977015796,1.1395403159,5.77732210,Solved
L?AAD@oR?\V?m_,23,5,5.6976876608,0.6976876608,1.1395375322,5.75042288,Solved
L?AAD@oI_iJ_Aw,21,5,5.6976873826,0.6976873826,1.1395374765,5.78045598,Solved
L?AA@AWT@[N_sQ,23,5,5.6976784732,0.6976784732,1.1395356946,5.75852977,Solved
L?AADaoJAoHgJ_,22,5,5.6976582701,0.6976582701,1.1395316540,5.77031509,Solved
L?AAD?wX?sAY^?,22,5,5.6976534988,0.6976534988,1.1395306998,5.80382605,Solved
L?AAD?wLEOHgJ_,21,5,5.6976497055,0.6976497055,1.1395299411,5.74120548,Solved
L?AEB?WU@kBgHk,23,5,5.6976489073,0.6976489073,1.1395297815,5.74376025,Solved
L?AEB?WU@HeoFo,23,5,5.6976437683,0.6976437683,1.1395287537,5.74235556,Solved
L?AAD@oIaW@wu?,21,5,5.6976133772,0.6976133772,1.1395226754,5.76809913,Solved
L?AAD?sXDSAwec,23,5,5.6975739462,0.6975739462,1.1395147892,5.74295833,Solved
L?AAD?wTCS`w{@,23,5,5.6975706930,0.6975706930,1.1395141386,5.75685628,Solved
L?AAD?wLEOIgDq,22,5,5.6975169758,0.6975169758,1.1395033952,5.77526805,Solved
L?AAD@OICcAwVO,20,5,5.6975025112,0.6975025112,1.1395005022,5.74932630,Solved
L?AAD?oFBWEoRW,22,5,5.6975019616,0.6975019616,1.1395003923,5.78388734,Solved
L?AAD?oeBGEoEq,21,5,5.6974969772,0.6974969772,1.1394993954,5.75522613,Solved
L?AAD@Oi@g@oFo,20,5,5.6974957072,0.6974957072,1.1394991414,5.79789616,Solved
L?AAD@OJEoCsm_,22,5,5.6974941860,0.6974941860,1.1394988372,5.80262178,Solved
L?AAD?wXCcBIBQ,21,5,5.6974619779,0.6974619779,1.1394923956,5.77009019,Solved
L?ABAaGBaoCkZ?,21,5,5.6974497628,0.6974497628,1.1394899526,5.76356133,Solved
L?ABAaIU?wSHy?,22,5,5.6974331250,0.6974331250,1.1394866250,5.76822753,Solved
L?AAD@oI_iJ_y?,21,5,5.6974067625,0.6974067625,1.1394813525,5.82323569,Solved
L?AADBOX@cHgHg,21,5,5.6974001567,0.6974001567,1.1394800313,5.82642537,Solved
L?AA@AOT?kN?ic,20,5,5.6974001553,0.6974001553,1.1394800311,5.80483365,Solved
L?AA@?Wu@wUOVO,22,5,5.6974001532,0.6974001532,1.1394800306,5.74271281,Solved
L?AADBOX@c@oJg,21,5,5.6974001525,0.6974001525,1.1394800305,5.74839608,Solved
L?AADBOX@cJ_Hg,21,5,5.6974001517,0.6974001517,1.1394800303,5.80783742,Solved
L?AADBOX@c@oHg,20,5,5.6974001511,0.6974001511,1.1394800302,5.79772322,Solved
L?AAD?oeBGHcaI,20,5,5.6974001499,0.6974001499,1.1394800300,5.82054319,Solved
L?AADBOX@cJGHh,22,5,5.6974001497,0.6974001497,1.1394800299,5.76194811,Solved
L?AA@AOTBoEoic,21,5,5.6974001491,0.6974001491,1.1394800298,5.80132282,Solved
L?AADBOX@cBgHg,21,5,5.6974001490,0.6974001490,1.1394800298,5.75398710,Solved
L?AA@AOTFODSZG,21,5,5.6974001489,0.6974001489,1.1394800298,5.81528909,Solved
L?AADBOX@cBoHg,21,5,5.6974001484,0.6974001484,1.1394800297,5.79227729,Solved
L?AAD?wX?kX@m_,22,5,5.6973713861,0.6973713861,1.1394742772,5.74208480,Solved
L?AAD@W[?k@ik`,22,5,5.6973620826,0.6973620826,1.1394724165,5.76124597,Solved
L?AAD?wTF_TQAu,24,5,5.6973428566,0.6973428566,1.1394685713,5.77069157,Solved
L?AAD?oeAgAwN_,21,5,5.6973299213,0.6973299213,1.1394659843,5.79927380,Solved
L?AEB?We@gAwXK,22,5,5.6973240256,0.6973240256,1.1394648051,5.77706536,Solved
L?ABAaGRD_KcBa,21,5,5.6973240255,0.6973240255,1.1394648051,5.76259977,Solved
L?AA@BOT@TV?N_,22,5,5.6973240242,0.6973240242,1.1394648048,5.83841919,Solved
L?AA@BOmBWFOJg,23,5,5.6973240238,0.6973240238,1.1394648048,5.82204658,Solved
L?AAD@oIaoBgAw,21,5,5.6973240234,0.6973240234,1.1394648047,5.78276534,Solved
L?AAD?oeBgHKVO,22,5,5.6973240232,0.6973240232,1.1394648046,5.81348143,Solved
L?AA@AWT@SY@N_,21,5,5.6973240228,0.6973240228,1.1394648046,5.84393676,Solved
L?AE@bGY@c@hJ_,22,5,5.6973240227,0.6973240227,1.1394648045,5.77055023,Solved
L?AAD@oIaoBgBw,22,5,5.6973240217,0.6973240217,1.1394648043,5.77686985,Solved
L?ABA_gECsSIPJ,22,5,5.6973240217,0.6973240217,1.1394648043,5.74380651,Solved
L?AA@AWTBoEoic,22,5,5.6973240204,0.6973240204,1.1394648041,5.82940030,Solved
L?AA@AWT@SBosQ,21,5,5.6973240201,0.6973240201,1.1394648040,5.78218650,Solved
L?AAF@cE`sV?Do,23,5,5.6973240199,0.6973240199,1.1394648040,5.76656131,Solved
L?AAD?oyBgHKVO,23,5,5.6973240193,0.6973240193,1.1394648039,5.82294430,Solved
L?AAD@W[?[TOVO,22,5,5.6973240190,0.6973240190,1.1394648038,5.75282247,Solved
L?AA@BOm@sM_Jg,23,5,5.6973240184,0.6973240184,1.1394648037,5.82617956,Solved
L?ABA_geCUYCHF,23,5,5.6973240183,0.6973240183,1.1394648037,5.75343173,Solved
L?AAD?oyAXIg^?,23,5,5.6973240182,0.6973240182,1.1394648036,5.81150302,Solved
L?AEB?We@gAwXC,21,5,5.6973240180,0.6973240180,1.1394648036,5.80730875,Solved
L?AA@BOTDoFOJg,22,5,5.6973240177,0.6973240177,1.1394648035,5.83937300,Solved
L?AAD@oIaW@w}?,22,5,5.6973240171,0.6973240171,1.1394648034,5.77943460,Solved
L?AAD?wLAQApy@,22,5,5.6973240167,0.6973240167,1.1394648033,5.78389522,Solved
L?AAD?cuF_HgUW,23,5,5.6973240166,0.6973240166,1.1394648033,5.83282710,Solved
L?AA@BOmCUDSuO,23,5,5.6973240166,0.6973240166,1.1394648033,5.80635752,Solved
L?ABAaGRD_KcBq,22,5,5.6973240165,0.6973240165,1.1394648033,5.75131422,Solved
L?AA@AWT@[N?ic,22,5,5.6973240164,0.6973240164,1.1394648033,5.82993926,Solved
L?AAD?oFEPM_RW,22,5,5.6973240164,0.6973240164,1.1394648033,5.83200506,Solved
L?AAD@oIaW@wy?,21,5,5.6973240163,0.6973240163,1.1394648033,5.83726372,Solved
L?AAD@OICcHgL_,19,5,5.6973231413,0.6973231413,1.1394646283,5.75505536,Solved
L?AAD?oeBG@SCR,19,5,5.6973181838,0.6973181838,1.1394636368,5.78743859,Solved
L?AAD@OICcHgN_,20,5,5.6973120932,0.6973120932,1.1394624186,5.76834598,Solved
L?AAD?oeBGBoAy,21,5,5.6973108269,0.6973108269,1.1394621654,5.75698030,Solved
L?AAD@oI_ZL_ka,23,5,5.6973049502,0.6973049502,1.1394609900,5.74550036,Solved
L?AAD?wXCcBW^?,22,5,5.6973044116,0.6973044116,1.1394608823,5.75510410,Solved
L?AAD@OICcAwRQ,20,5,5.6972873057,0.6972873057,1.1394574611,5.74381461,Solved
L?AA@BOTDO@WVO,20,5,5.6972749529,0.6972749529,1.1394549906,5.75520841,Solved
L?AAD?wX?sBI^?,22,5,5.6972610408,0.6972610408,1.1394522082,5.74414394,Solved
L?AAD?sXCcBIm_,22,5,5.6972388101,0.6972388101,1.1394477620,5.76530344,Solved
L?AAD?wX?sBY^?,23,5,5.6972308907,0.6972308907,1.1394461781,5.76657366,Solved
L?AAD?oeBGAwAi,20,5,5.6972301439,0.6972301439,1.1394460288,5.77006669,Solved
L?AA@AOTDoJGeo,21,5,5.6972050708,0.6972050708,1.1394410142,5.78746219,Solved
L?AAD?oZBg@kai,23,5,5.6972034745,0.6972034745,1.1394406949,5.74945748,Solved
L?AAD?wX?kX@L_,21,5,5.6971720772,0.6971720772,1.1394344154,5.79305438,Solved
L?AE@aoQQWL_Lc,23,5,5.6971566448,0.6971566448,1.1394313290,5.74977688,Solved
L?AAD?oFFOJgDq,23,5,5.6971516198,0.6971516198,1.1394303240,5.78118221,Solved
L?AAD@OI?{L_Cs,20,5,5.6971454990,0.6971454990,1.1394290998,5.79818072,Solved
L?AAD@oIag@Xm_,22,5,5.6970953376,0.6970953376,1.1394190675,5.76526184,Solved
L?AA@AWT@SQHN_,21,5,5.6970496506,0.6970496506,1.1394099301,5.76748327,Solved
L?AAD?sXCcFOEs,22,5,5.6970450258,0.6970450258,1.1394090052,5.77717916,Solved
L?AAD@oIaoAoBg,20,5,5.6970313376,0.6970313376,1.1394062675,5.78723810,Solved
L?AAD?sXCcVOEs,23,5,5.6970208253,0.6970208253,1.1394041651,5.76481731,Solved
L?AA@AWT@cHgaU,21,5,5.6969858574,0.6969858574,1.1393971715,5.75160379,Solved
L?AA@AWT@SBgF_,20,5,5.6969672927,0.6969672927,1.1393934585,5.79344831,Solved
L?AA@AWT@SEosQ,21,5,5.6969457516,0.6969457516,1.1393891503,5.76426441,Solved
L?AA@AWT@SQWN_,21,5,5.6969157660,0.6969157660,1.1393831532,5.75604960,Solved
L?AAD?wTDSJGy?,22,5,5.6969103841,0.6969103841,1.1393820768,5.78636361,Solved
L?AAD?wLEOHgN_,22,5,5.6969025453,0.6969025453,1.1393805091,5.75031882,Solved
L?ABA_gUCcTGHU,22,5,5.6968898662,0.6968898662,1.1393779732,5.74598819,Solved
L?AA@BOT?sT?A[,19,5,5.6967921476,0.6967921476,1.1393584295,5.74458613,Solved
L?AA@BOT?sT?A{,20,5,5.6967919965,0.6967919965,1.1393583993,5.76178405,Solved
L?AAD@oI_iJ_Bw,22,5,5.6967564856,0.6967564856,1.1393512971,5.76252580,Solved
L?AAD?wTDSBgu?,22,5,5.6967417218,0.6967417218,1.1393483444,5.79977255,Solved
L?AAD@oIaW@sTC,21,5,5.6967415926,0.6967415926,1.1393483185,5.77055900,Solved
L?AAD?wT@SbW]?,22,5,5.6967409905,0.6967409905,1.1393481981,5.74532701,Solved
L?AA@AWT@S}?as,22,5,5.6967240299,0.6967240299,1.1393448060,5.76108427,Solved
L?AAD@Oi?sM_Ds,21,5,5.6966983950,0.6966983950,1.1393396790,5.76753963,Solved
L?AEB?We@LF_Do,22,5,5.6966982816,0.6966982816,1.1393396563,5.75097436,Solved
L?AAD?wT?m\?RO,22,5,5.6966425133,0.6966425133,1.1393285027,5.79536354,Solved
L?AAD?sXCcBW^?,22,5,5.6966366245,0.6966366245,1.1393273249,5.76545196,Solved
L?AB?qQUAWCg}?,22,5,5.6966299987,0.6966299987,1.1393259997,5.80787758,Solved
L?AAD?wTDSBg}?,23,5,5.6965842573,0.6965842573,1.1393168515,5.78727582,Solved
L?AAD?sXDcBYm_,24,5,5.6965563097,0.6965563097,1.1393112619,5.74032691,Solved
L?AAD?WLBoUOQT,22,5,5.6965455907,0.6965455907,1.1393091181,5.75322810,Solved
L?AAD@OI@gBWAY,19,5,5.6965364667,0.6965364667,1.1393072933,5.74731970,Solved
L?AA@AWT@SYHN_,22,5,5.6965309740,0.6965309740,1.1393061948,5.77301447,Solved
L?AAD?wXCc@YN_,22,5,5.6965157097,0.6965157097,1.1393031419,5.75398366,Solved
L?AAD@OJ@sM_ig,22,5,5.6965065232,0.6965065232,1.1393013046,5.81399338,Solved
L?AAD?wXCcEoRA,21,5,5.6964777389,0.6964777389,1.1392955478,5.80098229,Solved
L?AAD@OI@g@LFo,20,5,5.6964757990,0.6964757990,1.1392951598,5.75889846,Solved
L?AAD@oI_iUOBg,21,5,5.6964660233,0.6964660233,1.1392932047,5.77948213,Solved
L?AA@AOT@wEoqP,21,5,5.6964615065,0.6964615065,1.1392923013,5.75157624,Solved
L?AAD?wXCcAwJ_,21,5,5.6964527972,0.6964527972,1.1392905594,5.74349635,Solved
L?AAF@cE`sV?Fo,24,5,5.6964466496,0.6964466496,1.1392893299,5.74059054,Solved
L?AAD?wLEOAwk_,21,5,5.6964421184,0.6964421184,1.1392884237,5.79310206,Solved
L?AA@AOT@kTQJg,22,5,5.6964316350,0.6964316350,1.1392863270,5.81615871,Solved
L?AADBOX?wUOHg,21,5,5.6964316330,0.6964316330,1.1392863266,5.82584251,Solved
L?AA@AOTFODUZG,22,5,5.6964316313,0.6964316313,1.1392863263,5.81304779,Solved
L?AADBOX?sIgHg,21,5,5.6964316306,0.6964316306,1.1392863261,5.77066016,Solved
L?AAD@cHf_BWcg,22,5,5.6964316302,0.6964316302,1.1392863260,5.77000058,Solved
L?AA@AOTEoLCDp,21,5,5.6964316299,0.6964316299,1.1392863260,5.79319273,Solved
L?AADBOX?sUOHg,21,5,5.6964316295,0.6964316295,1.1392863259,5.84974174,Solved
L?AADBOXDcCsN_,23,5,5.6964316289,0.6964316289,1.1392863258,5.80558631,Solved
L?AA@BOT@cVOJg,22,5,5.6964316281,0.6964316281,1.1392863256,5.83871293,Solved
L?AA@BOT@cROaU,21,5,5.6964316281,0.6964316281,1.1392863256,5.76898167,Solved
L?AAD@cHcoA[m_,22,5,5.6964316279,0.6964316279,1.1392863256,5.75911163,Solved
L?AADBOXDcCsm_,23,5,5.6964316275,0.6964316275,1.1392863255,5.82937573,Solved
L?AADBOXDcCsu@,23,5,5.6964316268,0.6964316268,1.1392863254,5.81218752,Solved
L?AAD@cHcoA[k_,21,5,5.6964316268,0.6964316268,1.1392863254,5.84352787,Solved
L?AADBOXDcCseD,23,5,5.6964316266,0.6964316266,1.1392863253,5.81778571,Solved
L?AA@AOTEoEoic,21,5,5.6964316265,0.6964316265,1.1392863253,5.82463505,Solved
L?AADBOXDcCsJg,23,5,5.6964316264,0.6964316264,1.1392863253,5.81460738,Solved
L?AA@AOTCs\?Dp,21,5,5.6964316260,0.6964316260,1.1392863252,5.78698145,Solved
L?AADBOXDcCsFo,23,5,5.6964316252,0.6964316252,1.1392863250,5.75327588,Solved
L?AA@AOTCsEoIk,21,5,5.6964316251,0.6964316251,1.1392863250,5.82704604,Solved
L?AA@AOT?k^?ic,21,5,5.6964316248,0.6964316248,1.1392863250,5.80026185,Solved
L?AADBOX?wAYTO,21,5,5.6964316245,0.6964316245,1.1392863249,5.83799221,Solved
L?AADBOXDcCsVO,23,5,5.6964316243,0.6964316243,1.1392863249,5.75878504,Solved
L?AA@BOT@cROJg,21,5,5.6964316242,0.6964316242,1.1392863248,5.84845359,Solved
L?AADBOXDcCsec,23,5,5.6964316242,0.6964316242,1.1392863248,5.83210699,Solved
L?AADBOXDcBoHg,22,5,5.6964316240,0.6964316240,1.1392863248,5.82246771,Solved
L?AA@AOT@kTQ}?,22,5,5.6964316236,0.6964316236,1.1392863247,5.80429323,Solved
L?AA@AOTEoLCic,21,5,5.6964316233,0.6964316233,1.1392863247,5.81937629,Solved
L?AADBOX?wAYVO,22,5,5.6964316230,0.6964316230,1.1392863246,5.75963298,Solved
L?AADBOXDcCs^?,23,5,5.6964316229,0.6964316229,1.1392863246,5.82207317,Solved
L?AADBOXDcCs}?,23,5,5.6964316225,0.6964316225,1.1392863245,5.82989238,Solved
L?AADBOXDcDcJg,23,5,5.6964316220,0.6964316220,1.1392863244,5.74719968,Solved
L?AAD?wT?m\?VO,23,5,5.6964089082,0.6964089082,1.1392817816,5.80906328,Solved
L?AADAoFEoHgAw,22,5,5.6964049941,0.6964049941,1.1392809988,5.78026247,Solved
L?AAD?oFBo@[QW,21,5,5.6963976432,0.6963976432,1.1392795286,5.76770607,Solved
L?AAD?wTDObWN?,22,5,5.6963955551,0.6963955551,1.1392791110,5.74883644,Solved
L?AA@AWTF_Hgk`,22,5,5.6963711616,0.6963711616,1.1392742323,5.75273769,Solved
L?ABA_gaQWQSDK,21,5,5.6963631057,0.6963631057,1.1392726211,5.76966013,Solved
L?AAD?wXCcBIQQ,21,5,5.6963601244,0.6963601244,1.1392720249,5.75091098,Solved
L?AAD?oeEP@[Dq,22,5,5.6963402682,0.6963402682,1.1392680536,5.76497050,Solved
L?AAD@Oi@gBOHH,19,5,5.6963161014,0.6963161014,1.1392632203,5.76777713,Solved
L?AAD?wX?kBoYA,21,5,5.6962683356,0.6962683356,1.1392536671,5.79032938,Solved
L?AAD?oeBgBgAy,22,5,5.6962315951,0.6962315951,1.1392463190,5.76011685,Solved
L?AAD@oIaoJgBw,23,5,5.6962315916,0.6962315916,1.1392463183,5.74712227,Solved
L?AA@BOT?s@sm_,21,5,5.6962315915,0.6962315915,1.1392463183,5.79590051,Solved
L?AEB?WeBgBoXK,23,5,5.6962315908,0.6962315908,1.1392463182,5.76153696,Solved
L?AAD@oIaqZ?Aw,22,5,5.6962315879,0.6962315879,1.1392463176,5.79069220,Solved
L?AAD?sXDoBQEs,23,5,5.6962315879,0.6962315879,1.1392463176,5.76555790,Solved
L?AAD?wX?ef_ec,23,5,5.6962315879,0.6962315879,1.1392463176,5.76514333,Solved
L?AEB?WU@kBWHk,23,5,5.6962315878,0.6962315878,1.1392463176,5.76305032,Solved
L?AA@BOT@sVOJg,23,5,5.6962315878,0.6962315878,1.1392463176,5.79826964,Solved
L?AA@AWT@k^?ic,23,5,5.6962315872,0.6962315872,1.1392463174,5.79518037,Solved
L?AA@AWT@kROqQ,22,5,5.6962315871,0.6962315871,1.1392463174,5.77069071,Solved
L?AADbGR@SDokc,23,5,5.6962315870,0.6962315870,1.1392463174,5.74275106,Solved
L?AA@aHRRH]?}?,24,5,5.6962315869,0.6962315869,1.1392463174,5.80248818,Solved
L?AA@BOTCsFOJg,22,5,5.6962315868,0.6962315868,1.1392463174,5.81101116,Solved
L?AA@AWT@kZ?ic,22,5,5.6962315856,0.6962315856,1.1392463171,5.81036761,Solved
L?AAD@oIao@[UO,21,5,5.6962315854,0.6962315854,1.1392463171,5.81728490,Solved
L?AAD@oIao@[VO,22,5,5.6962315852,0.6962315852,1.1392463170,5.76052050,Solved
L?AAD?WLEoBgHi,22,5,5.6962315850,0.6962315850,1.1392463170,5.77154822,Solved
L?AADbGR@SDogc,22,5,5.6962315849,0.6962315849,1.1392463170,5.80970180,Solved
L?AADbGX@LUOuA,24,5,5.6962315849,0.6962315849,1.1392463170,5.74058908,Solved
L?AADbGR@SCsi_,22,5,5.6962315848,0.6962315848,1.1392463170,5.81385062,Solved
L?AA@BOT?sVOJg,22,5,5.6962315839,0.6962315839,1.1392463168,5.80120658,Solved
L?AAD@oIaoJGBw,22,5,5.6962315839,0.6962315839,1.1392463168,5.77118444,Solved
L?AAF@cE_mFOm_,24,5,5.6962315834,0.6962315834,1.1392463167,5.75111394,Solved
L?AAD@W[?UtOUO,22,5,5.6962315830,0.6962315830,1.1392463166,5.82161113,Solved
L?AAD?oNBgXCRW,23,5,5.6962315830,0.6962315830,1.1392463166,5.79876448,Solved
L?ABAaGRFO@w[H,23,5,5.6962315819,0.6962315819,1.1392463164,5.74755060,Solved
L?AAD?oEEPBWRW,21,5,5.6962095531,0.6962095531,1.1392419106,5.76171995,Solved
L?AAD?oEBW@[QW,20,5,5.6961940372,0.6961940372,1.1392388074,5.74605009,Solved
L?AAD?wT?m\?ac,22,5,5.6961857104,0.6961857104,1.1392371421,5.75035117,Solved
L?AAD?oNBWAwm_,23,5,5.6961820168,0.6961820168,1.1392364034,5.74702580,Solved
L?ABA_wk?[J_OM,22,5,5.6961810389,0.6961810389,1.1392362078,5.74574281,Solved
L?AAD?wTDSHgy?,22,5,5.6961682931,0.6961682931,1.1392336586,5.79577272,Solved
L?AA@AOTBoHKL`,21,5,5.6961641212,0.6961641212,1.1392328242,5.75761317,Solved
L?AAD?oEBgEoRW,21,5,5.6961447550,0.6961447550,1.1392289510,5.75567361,Solved
L?AAD?oy?{Aw\?,22,5,5.6961285523,0.6961285523,1.1392257105,5.79486000,Solved
L?AA@AOTFOJgDq,22,5,5.6961258740,0.6961258740,1.1392251748,5.74790296,Solved
L?AA@AWT@s]?as,22,5,5.6961203169,0.6961203169,1.1392240634,5.77346515,Solved
L?AAD@OICcAq^?,20,5,5.6961050192,0.6961050192,1.1392210038,5.74320603,Solved
L?AAD?wTDSAwy@,23,5,5.6960937273,0.6960937273,1.1392187455,5.75728981,Solved
L?AAD@oI_iUOFo,22,5,5.6960859307,0.6960859307,1.1392171861,5.76173564,Solved
L?AAD?oeAgHgBw,21,5,5.6960858256,0.6960858256,1.1392171651,5.76424723,Solved
L?AAD?sXAoUOag,21,5,5.6960856550,0.6960856550,1.1392171310,5.77309257,Solved
L?AAD?oeAg@SJ_,19,5,5.6960811750,0.6960811750,1.1392162350,5.75698200,Solved
L?AAD?sXAoPOEo,20,5,5.6960670436,0.6960670436,1.1392134087,5.74498019,Solved
L?AAD?sXCSBWL_,21,5,5.6959902993,0.6959902993,1.1391980599,5.76796034,Solved
L?AAD?oeAWBWUO,20,5,5.6959886529,0.6959886529,1.1391977306,5.76222754,Solved
L?AA@BOTDOEOuO,20,5,5.6959748364,0.6959748364,1.1391949673,5.76782549,Solved
L?AAD?oeAgDoAi,20,5,5.6959385081,0.6959385081,1.1391877016,5.76152460,Solved
L?AAD?wXCc@hEs,22,5,5.6959360437,0.6959360437,1.1391872087,5.76289047,Solved
L?AA@AOTDoXGas,21,5,5.6959118561,0.6959118561,1.1391823712,5.76303788,Solved
L?AAD@oIawIgBw,23,5,5.6958770425,0.6958770425,1.1391754085,5.75774592,Solved
L?AAD?wXCcHHu?,21,5,5.6958462232,0.6958462232,1.1391692446,5.76032949,Solved
L?AAD@OI@gAqQQ,19,5,5.6958275173,0.6958275173,1.1391655035,5.75367324,Solved
L?AAD@OI@gHHDd,20,5,5.6958268478,0.6958268478,1.1391653696,5.76420175,Solved
L?AAD?wXCc@w{?,21,5,5.6958200791,0.6958200791,1.1391640158,5.74617779,Solved
L?AAD@OI@gUOQR,20,5,5.6958011517,0.6958011517,1.1391602303,5.76400651,Solved
L?AA@AOTDoAwVO,21,5,5.6957831047,0.6957831047,1.1391566209,5.76390670,Solved
L?AA@BOT@cTOA[,20,5,5.6957573789,0.6957573789,1.1391514758,5.77155049,Solved
L?AA@AWTBoHgk`,22,5,5.6957501977,0.6957501977,1.1391500395,5.78720456,Solved
L?AADAoFBo@wL_,22,5,5.6957417195,0.6957417195,1.1391483439,5.80634716,Solved
L?AAD?oFFOAwi_,21,5,5.6957408715,0.6957408715,1.1391481743,5.80800600,Solved
L?AADBOX?sUOA{,22,5,5.6957319936,0.6957319936,1.1391463987,5.76481612,Solved
L?AA@AWTDcHgy?,21,5,5.6957316221,0.6957316221,1.1391463244,5.75816217,Solved
L?AAD?W\Cs@wV?,22,5,5.6957031914,0.6957031914,1.1391406383,5.74199488,Solved
L?ABA_gaQWQPu?,21,5,5.6956577423,0.6956577423,1.1391315485,5.76986893,Solved
L?AAD?wTDOf_Fo,23,5,5.6956398706,0.6956398706,1.1391279741,5.75375481,Solved
L?AA@AOT@wBWN_,21,5,5.6956369556,0.6956369556,1.1391273911,5.74130768,Solved
L?AAD@OI?sK`Ax,20,5,5.6956369516,0.6956369516,1.1391273903,5.74639663,Solved
L?AAD@OI@gBWAy,20,5,5.6956355547,0.6956355547,1.1391271109,5.76425397,Solved
L?AAD?WLEOtODR,22,5,5.6956354132,0.6956354132,1.1391270826,5.75204569,Solved
L?AAD@OI@kM_Ax,21,5,5.6956354131,0.6956354131,1.1391270826,5.75783484,Solved
L?AA@AOT@sEoBw,21,5,5.6956260419,0.6956260419,1.1391252084,5.74303188,Solved
L?AAD@OICsJGHJ,21,5,5.6956252188,0.6956252188,1.1391250438,5.74174976,Solved
L?AA@AOT@sEoeo,21,5,5.6956252174,0.6956252174,1.1391250435,5.75938987,Solved
L?AAD@OI@g@\Fo,21,5,5.6956238450,0.6956238450,1.1391247690,5.77302215,Solved
L?AAD@OIBgBwAy,22,5,5.6956237158,0.6956237158,1.1391247432,5.76146631,Solved
L?ABAaGBaoCkN?,21,5,5.6956151647,0.6956151647,1.1391230329,5.74036385,Solved
L?AAD?sXCSAYN_,22,5,5.6956114448,0.6956114448,1.1391222890,5.75620145,Solved
L?AA@aHMBGZ?M_,21,5,5.6956043325,0.6956043325,1.1391208665,5.75880560,Solved
L?AEB?WNBHBW]?,23,5,5.6955625772,0.6955625772,1.1391125154,5.74849515,Solved
L?AA@AWT@c\?UO,20,5,5.6955529765,0.6955529765,1.1391105953,5.74707798,Solved
L?AAD?oZ@kJ_QY,23,5,5.6955358363,0.6955358363,1.1391071673,5.75264250,Solved
L?ABA_gaOwBoWF,22,5,5.6955292900,0.6955292900,1.1391058580,5.74504984,Solved
L?ABA_gECs@wWF,22,5,5.6955292891,0.6955292891,1.1391058578,5.74426353,Solved
L?AAD?oeAwAwVO,22,5,5.6955292883,0.6955292883,1.1391058577,5.74728776,Solved
L?AAD?oeAWBWVO,21,5,5.6955292863,0.6955292863,1.1391058573,5.75592942,Solved
L?AAD?WLBHEoaF,22,5,5.6955292862,0.6955292862,1.1391058572,5.74014687,Solved
L?AAD?oEBgCqaJ,21,5,5.6955292860,0.6955292860,1.1391058572,5.75387353,Solved
L?AAD?oeAwBWVO,22,5,5.6955292841,0.6955292841,1.1391058568,5.74271162,Solved
L?AAD?wLEOAhm_,22,5,5.6955212464,0.6955212464,1.1391042493,5.80188445,Solved
L?AAD?oZ@k@k^?,23,5,5.6955174286,0.6955174286,1.1391034857,5.74869819,Solved
L?AA@AOTBoEouO,21,5,5.6955125614,0.6955125614,1.1391025123,5.75232433,Solved
L?AAD@oR?sV?UO,21,5,5.6955052194,0.6955052194,1.1391010439,5.75199654,Solved
L?AAD?oFFOAwm_,22,5,5.6954856092,0.6954856092,1.1390971218,5.80463681,Solved
L?AEB?WM@kRGHh,23,5,5.6954806860,0.6954806860,1.1390961372,5.75745231,Solved
L?AA@AOTCsL_uO,21,5,5.6954510620,0.6954510620,1.1390902124,5.74795471,Solved
L?AA@AWT@SQWsQ,21,5,5.6954287005,0.6954287005,1.1390857401,5.75169173,Solved
L?AAD?oEBW@[RW,21,5,5.6954164887,0.6954164887,1.1390832977,5.76360428,Solved
L?AAD?oZBWBWCu,23,5,5.6954164885,0.6954164885,1.1390832977,5.74130421,Solved
L?AAD?oEBgFoBw,22,5,5.6954032722,0.6954032722,1.1390806544,5.76960268,Solved
L?AAD?oZBWBwCu,24,5,5.6954032717,0.6954032717,1.1390806543,5.74359633,Solved
L?AAD?wX?euOFo,23,5,5.6953874758,0.6953874758,1.1390774952,5.75258163,Solved
L?AA@BOJLoUOcs,23,5,5.6953856426,0.6953856426,1.1390771285,5.74639099,Solved
L?AA@aHMBHZ?M_,22,5,5.6953727597,0.6953727597,1.1390745519,5.76722732,Solved
L?AAD@oIaoBWTC,21,5,5.6953688484,0.6953688484,1.1390737697,5.74614876,Solved
L?AA@AOTDSEoeO,20,5,5.6953639603,0.6953639603,1.1390727921,5.77124127,Solved
L?AAD@W[@K@iL_,21,5,5.6953366938,0.6953366938,1.1390673388,5.76478061,Solved
L?AAD@oIagROAY,21,5,5.6953358975,0.6953358975,1.1390671795,5.74721991,Solved
L?AADBOL@[FOTO,22,5,5.6953287677,0.6953287677,1.1390657535,5.74989630,Solved
L?AA@AOTDoAweo,21,5,5.6953287197,0.6953287197,1.1390657439,5.76919133,Solved
L?AA@AWT@kUOQR,22,5,5.6953287197,0.6953287197,1.1390657439,5.75844930,Solved
L?AAD?oFEoJGHb,22,5,5.6953287190,0.6953287190,1.1390657438,5.78201519,Solved
L?AAD?oEBWHcCr,21,5,5.6953287189,0.6953287189,1.1390657438,5.77802700,Solved
L?AAD?oE@WKaAx,20,5,5.6953287187,0.6953287187,1.1390657437,5.78182717,Solved
L?AAD@OJEoDcVO,22,5,5.6953287186,0.6953287186,1.1390657437,5.82528977,Solved
L?AAD@OJ@o@[iG,20,5,5.6953287185,0.6953287185,1.1390657437,5.76532992,Solved
L?AAD@oRCT@wZ?,22,5,5.6953287179,0.6953287179,1.1390657436,5.82101652,Solved
L?AA@_geBgYCAr,22,5,5.6953287173,0.6953287173,1.1390657435,5.75437056,Solved
L?AEB?WeBgBgXC,22,5,5.6953287172,0.6953287172,1.1390657434,5.75531563,Solved
L?AA@AOT?{TOJg,21,5,5.6953287172,0.6953287172,1.1390657434,5.81079288,Solved
L?AEB?WU@LBWN_,23,5,5.6953287164,0.6953287164,1.1390657433,5.74137253,Solved
L?AEB?WeBHBoV?,22,5,5.6953287163,0.6953287163,1.1390657433,5.74606421,Solved
L?AAD@OJ@o@[ig,21,5,5.6953287163,0.6953287163,1.1390657433,5.75463652,Solved
L?AA@AOTCsDSN_,21,5,5.6953287162,0.6953287162,1.1390657432,5.81520993,Solved
L?AA@BOTCcF_Ik,21,5,5.6953287161,0.6953287161,1.1390657432,5.80795242,Solved
L?AAD?WLFOKcCr,22,5,5.6953287158,0.6953287158,1.1390657432,5.74374149,Solved
L?AA@AOTDSDsN_,22,5,5.6953287156,0.6953287156,1.1390657431,5.80730994,Solved
L?AA@BOTDoEoIk,22,5,5.6953287150,0.6953287150,1.1390657430,5.81022749,Solved
L?AAD@OZBWPSBw,23,5,5.6953287147,0.6953287147,1.1390657429,5.79086314,Solved
L?AADBOL?k\?TO,21,5,5.6953287146,0.6953287146,1.1390657429,5.81396462,Solved
L?AA@AWTFOHgaS,21,5,5.6953287146,0.6953287146,1.1390657429,5.80881067,Solved
L?AAD?wXCcAwL_,21,5,5.6953287142,0.6953287142,1.1390657428,5.81229753,Solved
L?AAD@OJ@wPSBw,22,5,5.6953287142,0.6953287142,1.1390657428,5.75814151,Solved
L?AADBOL?kHITO,21,5,5.6953287142,0.6953287142,1.1390657428,5.82123448,Solved
L?AAD?oZBWPSBw,23,5,5.6953287141,0.6953287141,1.1390657428,5.77747504,Solved
L?AAD@oRCTL_Bw,23,5,5.6953287140,0.6953287140,1.1390657428,5.82103956,Solved
L?AAD?oeBGBgEQ,20,5,5.6953287139,0.6953287139,1.1390657428,5.81377454,Solved
L?AA@BOJKsM_m_,23,5,5.6953287138,0.6953287138,1.1390657428,5.77419402,Solved
L?AA@BOT@TUO^?,22,5,5.6953287137,0.6953287137,1.1390657427,5.81263689,Solved
L?AAD?W\@wROFo,23,5,5.6953287135,0.6953287135,1.1390657427,5.74770250,Solved
L?AAD?WLEoEoVO,22,5,5.6953287135,0.6953287135,1.1390657427,5.76539977,Solved
L?AAD@oR?VTOy?,22,5,5.6953287134,0.6953287134,1.1390657427,5.81230711,Solved
L?AAD?oeBGBgEq,21,5,5.6953287133,0.6953287133,1.1390657427,5.77476388,Solved
L?AA@ao]BgXGRW,24,5,5.6953287132,0.6953287132,1.1390657426,5.78306693,Solved
L?AAD?wXEoBgES,22,5,5.6953287132,0.6953287132,1.1390657426,5.77146266,Solved
L?AAD?oeBGBHVO,21,5,5.6953287125,0.6953287125,1.1390657425,5.81891859,Solved
L?AAD?wXCcAwN_,22,5,5.6953287123,0.6953287123,1.1390657425,5.75568270,Solved
L?AAD?wX?qz?VO,23,5,5.6953287122,0.6953287122,1.1390657424,5.77393609,Solved
L?AADBOL?kTOTP,22,5,5.6953287119,0.6953287119,1.1390657424,5.82175533,Solved
L?ABA_gaUoYCHF,23,5,5.6953287118,0.6953287118,1.1390657424,5.74973567,Solved
L?AAD@OyCsBWig,23,5,5.6953287118,0.6953287118,1.1390657424,5.79280243,Solved
L?AA@AWTDSYGas,22,5,5.6953156895,0.6953156895,1.1390631379,5.77071301,Solved
L?AADbGR@oEoGk,22,5,5.6952965024,0.6952965024,1.1390593005,5.76799700,Solved
L?AAD?sXDcBwEs,24,5,5.6952785174,0.6952785174,1.1390557035,5.74355724,Solved
L?AAD?oZBoHKL`,23,5,5.6952764762,0.6952764762,1.1390552952,5.75607836,Solved
L?AB?qQUAWCky?,22,5,5.6952745107,0.6952745107,1.1390549021,5.82003145,Solved
L?AA@AOTDoPWuO,21,5,5.6952629681,0.6952629681,1.1390525936,5.78304311,Solved
L?AAD@oIaWBgm?,21,5,5.6952621936,0.6952621936,1.1390524387,5.78965242,Solved
L?AA@aHmFOES\G,24,5,5.6952582837,0.6952582837,1.1390516567,5.74016440,Solved
L?AA@aHMBGAs}?,22,5,5.6952402583,0.6952402583,1.1390480517,5.76195566,Solved
L?AAD?oeAg@SN_,20,5,5.6952265298,0.6952265298,1.1390453060,5.74711483,Solved
L?AAD@Oi?wDoFo,21,5,5.6952236188,0.6952236188,1.1390447238,5.80779186,Solved
L?AA@AWTDoXGas,22,5,5.6952195550,0.6952195550,1.1390439110,5.75288992,Solved
L?AAD?oeAgXCai,21,5,5.6952162800,0.6952162800,1.1390432560,5.75332662,Solved
L?AA@AOTDoAwYH,21,5,5.6952126430,0.6952126430,1.1390425286,5.77744798,Solved
L?AAD?oeAg@TN_,21,5,5.6952082134,0.6952082134,1.1390416427,5.75295745,Solved
L?AAD?sXCcJGAU,21,5,5.6951820382,0.6951820382,1.1390364076,5.74327028,Solved
L?AAD@OI?{UOVO,21,5,5.6951628365,0.6951628365,1.1390325673,5.79819514,Solved
L?AAD@oR?sROXA,21,5,5.6951602699,0.6951602699,1.1390320540,5.76108605,Solved
L?AAD?oV@kN_QY,24,5,5.6951197482,0.6951197482,1.1390239496,5.76581176,Solved
L?AAD?WLFOCsUP,22,5,5.6950934456,0.6950934456,1.1390186891,5.74709788,Solved
L?AAD?oeAgEoai,21,5,5.6950932554,0.6950932554,1.1390186511,5.74939497,Solved
L?AAD?oNBg@wRW,23,5,5.6950871012,0.6950871012,1.1390174202,5.74426698,Solved
L?AAD@oI_yJ_m?,22,5,5.6950837053,0.6950837053,1.1390167411,5.77535357,Solved
L?AAD@oI_wZ?Bg,21,5,5.6950741381,0.6950741381,1.1390148276,5.80662174,Solved
L?AA@AWTF_TQas,23,5,5.6950707402,0.6950707402,1.1390141480,5.74112271,Solved
L?AAD@Oi@g@Wk_,19,5,5.6950671690,0.6950671690,1.1390134338,5.74284122,Solved
L?AAD?oE?WXCHc,18,5,5.6950498554,0.6950498554,1.1390099711,5.76349476,Solved
L?AAD?oyAYJgDs,24,5,5.6950343033,0.6950343033,1.1390068607,5.75034992,Solved
L?AAD?wT?y\?M_,22,5,5.6950241014,0.6950241014,1.1390048203,5.77005774,Solved
L?AAD?oFAoXCF_,20,5,5.6950177052,0.6950177052,1.1390035410,5.75229684,Solved
L?AA@AWT@cL_sO,20,5,5.6949828688,0.6949828688,1.1389965738,5.74964120,Solved
L?AAD@oR?sV?TO,21,5,5.6949765492,0.6949765492,1.1389953098,5.77929515,Solved
L?AAD@W[@K@iZ?,21,5,5.6949647694,0.6949647694,1.1389929539,5.77845659,Solved
L?AAD@oR?sROBg,21,5,5.6949414629,0.6949414629,1.1389882926,5.76425945,Solved
L?AAD@Oi@g@We_,19,5,5.6949196856,0.6949196856,1.1389839371,5.76201929,Solved
L?AAD@oIaoEoBg,21,5,5.6948948392,0.6948948392,1.1389789678,5.78547968,Solved
L?AA@AWT@SHgF_,20,5,5.6948921050,0.6948921050,1.1389784210,5.76603410,Solved
L?AAD@Oy?uFODo,22,5,5.6948907312,0.6948907312,1.1389781462,5.78626798,Solved
L?AAD?sXCcRQFo,23,5,5.6948721570,0.6948721570,1.1389744314,5.76756147,Solved
L?AAD@oIagUOBw,22,5,5.6948658353,0.6948658353,1.1389731671,5.75574756,Solved
L?AA@AWT@sHgN?,21,5,5.6948571245,0.6948571245,1.1389714249,5.75158372,Solved
L?AAD@oIagROAy,22,5,5.6948468712,0.6948468712,1.1389693742,5.75983290,Solved
L?AAD?oeBGHcAi,20,5,5.6948437543,0.6948437543,1.1389687509,5.76837228,Solved
L?AAD?wXCcBIRQ,22,5,5.6948404121,0.6948404121,1.1389680824,5.75007052,Solved
L?AE@b_F?\N?RO,23,5,5.6948228688,0.6948228688,1.1389645738,5.75973515,Solved
L?AA@BOTDO@WCq,19,5,5.6948063340,0.6948063340,1.1389612668,5.77183311,Solved
L?AAD@Oi?sL_Cs,20,5,5.6948054114,0.6948054114,1.1389610823,5.74473453,Solved
L?AADBOX?wBOac,20,5,5.6947844685,0.6947844685,1.1389568937,5.76006668,Solved
L?AAD@W[CSj_Bs,23,5,5.6947827274,0.6947827274,1.1389565455,5.74376363,Solved
L?AAD?wX?sIgAs,21,5,5.6947768918,0.6947768918,1.1389553784,5.79584666,Solved
L?ABA_gaQWQPPK,21,5,5.6947588884,0.6947588884,1.1389517777,5.77164986,Solved
L?AAD@Oi@g@Wm_,20,5,5.6947555274,0.6947555274,1.1389511055,5.76439958,Solved
L?AAD?sXCcHKac,21,5,5.6947067334,0.6947067334,1.1389413467,5.76395396,Solved
L?ABA_gaQWV?PK,21,5,5.6947019677,0.6947019677,1.1389403935,5.77971602,Solved
L?AA@BOT?sT?Bo,19,5,5.6946947546,0.6946947546,1.1389389509,5.75378467,Solved
L?AAD@Oi@gBoAw,20,5,5.6946908722,0.6946908722,1.1389381744,5.77785016,Solved
L?AA@AOTFOAwZG,21,5,5.6946792720,0.6946792720,1.1389358544,5.77100446,Solved
L?AA@AWT@SXGL_,20,5,5.6946771006,0.6946771006,1.1389354201,5.75999125,Solved
L?AAD@oR?sROUO,21,5,5.6946717485,0.6946717485,1.1389343497,5.74855146,Solved
L?AA@AOTFOLcDq,22,5,5.6946656208,0.6946656208,1.1389331242,5.76958953,Solved
L?AAD?WLEoJgHi,23,5,5.6946466435,0.6946466435,1.1389293287,5.74024156,Solved
L?AAD?wT?y\?Bo,22,5,5.6946430769,0.6946430769,1.1389286154,5.81421306,Solved
L?AAD?wXF_Boac,22,5,5.6946385301,0.6946385301,1.1389277060,5.76938611,Solved
L?AA@BOT@o@WqO,19,5,5.6946311123,0.6946311123,1.1389262225,5.77168373,Solved
L?AA@BOT?sT?eO,19,5,5.6946311106,0.6946311106,1.1389262221,5.77120092,Solved
L?AA@BOTDOFOUO,20,5,5.6946183930,0.6946183930,1.1389236786,5.76141869,Solved
L?AAD@oI_wHgy?,21,5,5.6946068515,0.6946068515,1.1389213703,5.77581177,Solved
L?AAD?wXCcH`N_,22,5,5.6945804738,0.6945804738,1.1389160948,5.79303152,Solved
L?AAD?sXCc@YQW,21,5,5.6945750358,0.6945750358,1.1389150072,5.76549626,Solved
L?AA@BOT@TROco,21,5,5.6945714835,0.6945714835,1.1389142967,5.75219027,Solved
L?AAD?wXF_@wac,22,5,5.6945708517,0.6945708517,1.1389141703,5.75298300,Solved
L?AA@AOTCsN?qO,20,5,5.6945440429,0.6945440429,1.1389088086,5.76439680,Solved
L?AA@AOTBoAwVO,21,5,5.6945435331,0.6945435331,1.1389087066,5.77027594,Solved
L?AADAoFFOFODq,23,5,5.6945372635,0.6945372635,1.1389074527,5.80869614,Solved
L?AA@AWTBoROqO,21,5,5.6945276342,0.6945276342,1.1389055268,5.76057443,Solved
L?AADAoFEo@wTO,22,5,5.6945060514,0.6945060514,1.1389012103,5.78074456,Solved
L?AA@BOT?sT?aS,19,5,5.6945052160,0.6945052160,1.1389010432,5.76303559,Solved
L?AA@AOTBoEoRW,21,5,5.6944859648,0.6944859648,1.1388971930,5.75478709,Solved
L?AAD?WLFOAwk_,21,5,5.6944750776,0.6944750776,1.1388950155,5.77124071,Solved
L?AADbGR@cL_Dg,22,5,5.6944537191,0.6944537191,1.1388907438,5.76816477,Solved
L?AA@BOTDODoA[,20,5,5.6944498906,0.6944498906,1.1388899781,5.75232805,Solved
L?AA@BOT?sTOUO,20,5,5.6944495423,0.6944495423,1.1388899085,5.77071408,Solved
L?AAD@OIBWAYFo,21,5,5.6944445776,0.6944445776,1.1388889155,5.78298338,Solved
L?AAD?wXCchg{?,22,5,5.6944418869,0.6944418869,1.1388883774,5.77226114,Solved
L?AAD@W[@gPOEo,20,5,5.6944379444,0.6944379444,1.1388875889,5.74885293,Solved
L?AAD?oNBgHKL`,23,5,5.6944362566,0.6944362566,1.1388872513,5.74836490,Solved
L?AADAoFAwDoBw,23,5,5.6944202670,0.6944202670,1.1388840534,5.74797062,Solved
L?AA@AWT@SQWu?,20,5,5.6944173722,0.6944173722,1.1388834744,5.74433153,Solved
L?AA@BOJKsUOcs,23,5,5.6944084988,0.6944084988,1.1388816998,5.74156584,Solved
L?AAD@oREoAwFO,22,5,5.6944046787,0.6944046787,1.1388809357,5.77423510,Solved
L?AAD?sXCcBWN_,22,5,5.6944011828,0.6944011828,1.1388802366,5.78313385,Solved
L?AA@BOJLcTOcs,23,5,5.6943680256,0.6943680256,1.1388736051,5.75315039,Solved
L?AAD?oNBgBWm_,23,5,5.6943639781,0.6943639781,1.1388727956,5.77731746,Solved
L?AA@AOT@kAwic,21,5,5.6943622896,0.6943622896,1.1388724579,5.76939836,Solved
L?AA@AOT@kAwm_,21,5,5.6943622896,0.6943622896,1.1388724579,5.77851293,Solved
L?AA@AOT@kAw}?,21,5,5.6943622892,0.6943622892,1.1388724578,5.76831132,Solved
L?AA@AOT@kAw^?,21,5,5.6943622888,0.6943622888,1.1388724578,5.77952622,Solved
L?AA@AOT@kAwN_,21,5,5.6943622884,0.6943622884,1.1388724577,5.77854416,Solved
L?AA@AOTFOEoDo,20,5,5.6943622881,0.6943622881,1.1388724576,5.77594354,Solved
L?AA@AOTDSAwL_,20,5,5.6943622876,0.6943622876,1.1388724575,5.77043330,Solved
L?AAD?wXCsBW]?,22,5,5.6943396078,0.6943396078,1.1388679216,5.75371981,Solved
L?AA@AWT@SBg]?,20,5,5.6943122968,0.6943122968,1.1388624594,5.79473344,Solved
L?AAD?oFFOTODq,22,5,5.6943062728,0.6943062728,1.1388612546,5.79278959,Solved
L?AA@AOT?{V?VO,21,5,5.6943005733,0.6943005733,1.1388601147,5.74936731,Solved
L?AA@AWT@SEoAs,20,5,5.6942878144,0.6942878144,1.1388575629,5.77699295,Solved
L?AAD?oZBg@[RW,23,5,5.6942510015,0.6942510015,1.1388502003,5.77818142,Solved
L?AA@BOmCeFOJg,23,5,5.6942501579,0.6942501579,1.1388500316,5.76429684,Solved
L?AA@BOm@wDouO,23,5,5.6942378226,0.6942378226,1.1388475645,5.77406608,Solved
L?AAD?wT?u\?FO,22,5,5.6942270927,0.6942270927,1.1388454185,5.78573287,Solved
L?AAD?oFEoAwVO,22,5,5.6942241430,0.6942241430,1.1388448286,5.77360347,Solved
L?AAD?oNBWHKL`,23,5,5.6942241244,0.6942241244,1.1388448249,5.77282468,Solved
L?AA@agU?lJ_gF,23,5,5.6942239177,0.6942239177,1.1388447835,5.74817279,Solved
L?AAD?oyAqJgDs,24,5,5.6942238582,0.6942238582,1.1388447716,5.75228966,Solved
L?AAD@OiBg@[RO,21,5,5.6942045682,0.6942045682,1.1388409136,5.77928962,Solved
L?AE@b_F?lXGV?,23,5,5.6942003533,0.6942003533,1.1388400707,5.75752163,Solved
L?AAD?oeAg@wN_,21,5,5.6941902565,0.6941902565,1.1388380513,5.75452143,Solved
L?AAD?W{DcF_Bs,23,5,5.6941857444,0.6941857444,1.1388371489,5.77473195,Solved
L?AADAoFEoHgN_,23,5,5.6941810015,0.6941810015,1.1388362003,5.75492044,Solved
L?AAD@OI@kM_Bw,21,5,5.6941780327,0.6941780327,1.1388356065,5.76424006,Solved
L?AAD?oeBGEoqG,20,5,5.6941695908,0.6941695908,1.1388339182,5.74704377,Solved
L?AA@AOTCs\?VO,21,5,5.6941656310,0.6941656310,1.1388331262,5.74209733,Solved
L?AA@BOT@c@l^?,22,5,5.6941563684,0.6941563684,1.1388312737,5.74513147,Solved
L?AAD?wXF_PQN_,23,5,5.6941511712,0.6941511712,1.1388302342,5.76143396,Solved
L?AA@BOT@oXGas,21,5,5.6941311242,0.6941311242,1.1388262248,5.76537760,Solved
L?AA@AWTF_Hgic,22,5,5.6941033657,0.6941033657,1.1388206731,5.74063435,Solved
L?AAD@oR?\UOi_,22,5,5.6940874205,0.6940874205,1.1388174841,5.76301502,Solved
L?AAD?wXCc@Y{?,21,5,5.6940827142,0.6940827142,1.1388165428,5.78588580,Solved
L?AAD@oR?\UOm_,23,5,5.6940673095,0.6940673095,1.1388134619,5.75154823,Solved
L?AAD?oNBg@sN_,23,5,5.6940575001,0.6940575001,1.1388115000,5.75461470,Solved
L?AA@BOT?sT?Fo,20,5,5.6940563555,0.6940563555,1.1388112711,5.74504800,Solved
L?AA@AWT@SEouO,21,5,5.6940551788,0.6940551788,1.1388110358,5.74632793,Solved
L?AAD?oy?yJgDs,24,5,5.6940483436,0.6940483436,1.1388096687,5.75092180,Solved
L?AAD@Oi@gJGDc,20,5,5.6940400243,0.6940400243,1.1388080049,5.76901122,Solved
L?AAD?oFBWFORW,22,5,5.6940390683,0.6940390683,1.1388078137,5.78949671,Solved
L?AAD?WLB_FoAu,22,5,5.6940335306,0.6940335306,1.1388067061,5.76805412,Solved
L?AA@AWTFOROVO,22,5,5.6940287324,0.6940287324,1.1388057465,5.74793140,Solved
L?AAD?oZ@kHc^?,23,5,5.6940287294,0.6940287294,1.1388057459,5.74547885,Solved
L?AAD?oeEP@[HF,22,5,5.6940287293,0.6940287293,1.1388057459,5.75049100,Solved
L?AAD@oI_wJGm?,21,5,5.6940282347,0.6940282347,1.1388056469,5.75421169,Solved
L?AADbGX@WBOcE,21,5,5.6940276586,0.6940276586,1.1388055317,5.74029018,Solved
L?AAD?oZ@kHk^?,24,5,5.6940235087,0.6940235087,1.1388047017,5.74300683,Solved
L?AA@BOJKsVOcs,24,5,5.6940235042,0.6940235042,1.1388047008,5.74011940,Solved
L?AA@BOJHsVOcs,24,5,5.6940235037,0.6940235037,1.1388047007,5.74246692,Solved
L?AAD@Oi?sAY^?,21,5,5.6940223643,0.6940223643,1.1388044729,5.74264575,Solved
L?AA@BOT@SFOBw,21,5,5.6940223637,0.6940223637,1.1388044727,5.74461916,Solved
L?AAD@Oi@cAY^?,21,5,5.6940223632,0.6940223632,1.1388044726,5.74856394,Solved
L?AA@AOT@sDSas,21,5,5.6940168528,0.6940168528,1.1388033706,5.74222744,Solved
L?AAD@oIagBg}?,22,5,5.6940051267,0.6940051267,1.1388010253,5.76699588,Solved
L?ABA_gaOdm_{?,22,5,5.6939889730,0.6939889730,1.1387977946,5.78370041,Solved
L?AAD@W[@KBgAs,21,5,5.6939778616,0.6939778616,1.1387955723,5.74917973,Solved
L?AAD@oIaWV?VO,22,5,5.6939735308,0.6939735308,1.1387947062,5.78554195,Solved
L?AA@AWTDSRG}?,22,5,5.6939477667,0.6939477667,1.1387895533,5.76651508,Solved
L?AE@aoR@sL_PW,23,5,5.6939462022,0.6939462022,1.1387892404,5.75624629,Solved
L?AA@BOm@sEoqP,23,5,5.6939355826,0.6939355826,1.1387871165,5.79353135,Solved
L?AA@BOT@cTOAU,20,5,5.6939139458,0.6939139458,1.1387827892,5.76652418,Solved
L?AAD@OIBgFoBw,22,5,5.6939002868,0.6939002868,1.1387800574,5.78148986,Solved
L?AAD?oeBG@wL_,20,5,5.6938912605,0.6938912605,1.1387782521,5.76336858,Solved
L?AAD@OI@gROAY,19,5,5.6938910946,0.6938910946,1.1387782189,5.74096566,Solved
L?AA@AWTBoQWqO,21,5,5.6938858071,0.6938858071,1.1387771614,5.74491031,Solved
L?AAD@OI?sL_cd,20,5,5.6938835842,0.6938835842,1.1387767168,5.74493876,Solved
L?AAD@W[?YROFo,22,5,5.6938736095,0.6938736095,1.1387747219,5.76472503,Solved
L?AAD?wTCSbo}?,23,5,5.6938696006,0.6938696006,1.1387739201,5.74521195,Solved
L?AAD?WLB_POHg,19,5,5.6938484518,0.6938484518,1.1387696904,5.75710263,Solved
L?AAD@W[@KBgBc,21,5,5.6938413907,0.6938413907,1.1387682781,5.75362553,Solved
L?AAD?wTDSJGu?,22,5,5.6938411944,0.6938411944,1.1387682389,5.79383965,Solved
L?AAD@Oy?\F_Hg,22,5,5.6938119701,0.6938119701,1.1387623940,5.75099850,Solved
L?AAD?cuF_@[eg,23,5,5.6938021831,0.6938021831,1.1387604366,5.78817909,Solved
L?AAD?sXCSBOUO,20,5,5.6938003083,0.6938003083,1.1387600617,5.75583373,Solved
L?AADBOX?wBOeC,20,5,5.6937919028,0.6937919028,1.1387583806,5.74175099,Solved
L?AAD?wX?sIgES,21,5,5.6937889684,0.6937889684,1.1387577937,5.76974915,Solved
L?AAD@W[@KBgBs,22,5,5.6937883240,0.6937883240,1.1387576648,5.76436971,Solved
L?AAD@oR?sROBw,22,5,5.6937720183,0.6937720183,1.1387544037,5.75884333,Solved
L?AAD@Oi@g@[N_,21,5,5.6937707417,0.6937707417,1.1387541483,5.75785982,Solved
L?AAD?sXCSBOVO,21,5,5.6937508223,0.6937508223,1.1387501645,5.76124768,Solved
L?AAD@OJ@kM_ig,22,5,5.6937323927,0.6937323927,1.1387464785,5.77543934,Solved
L?AAD@W[@K@wSQ,21,5,5.6936926290,0.6936926290,1.1387385258,5.76494622,Solved
L?AAD?oeBGAXN_,21,5,5.6936847328,0.6936847328,1.1387369466,5.77055716,Solved
L?AAD@OJ@cZ?JG,20,5,5.6936684089,0.6936684089,1.1387336818,5.74630543,Solved
L?AAD@OI@wDcDs,21,5,5.6936663620,0.6936663620,1.1387332724,5.74410627,Solved
L?AAD?sXCo@WRO,20,5,5.6936589155,0.6936589155,1.1387317831,5.74472450,Solved
L?AAD@oR?sROVO,22,5,5.6936529292,0.6936529292,1.1387305858,5.75992158,Solved
L?AA@BOTDO@wRO,20,5,5.6936353330,0.6936353330,1.1387270666,5.74287843,Solved
L?AAD@Oi@gBOUO,19,5,5.6936330325,0.6936330325,1.1387266065,5.78358348,Solved
L?AAD@Oi@g@[k_,20,5,5.6936291717,0.6936291717,1.1387258343,5.74923343,Solved
L?AAD?wTDOj_N_,23,5,5.6936067654,0.6936067654,1.1387213531,5.78629785,Solved
L?AAD@OJEoDck_,21,5,5.6936062244,0.6936062244,1.1387212449,5.75473553,Solved
L?AAD?wXCc@hL_,21,5,5.6935830708,0.6935830708,1.1387166142,5.74989602,Solved
L?AAD@OJ@cL_ig,21,5,5.6935651314,0.6935651314,1.1387130263,5.74662079,Solved
L?AAD@OI@sL_cd,21,5,5.6935651291,0.6935651291,1.1387130258,5.74986457,Solved
L?AAD@oRDSBgm?,22,5,5.6935623795,0.6935623795,1.1387124759,5.79828245,Solved
L?AAD?sXDSBQEs,23,5,5.6935421238,0.6935421238,1.1387084248,5.75410988,Solved
L?AA@AWTDoYGJ`,22,5,5.6935321103,0.6935321103,1.1387064221,5.75592061,Solved
L?AAD@Oi?{M_Dc,21,5,5.6935299347,0.6935299347,1.1387059869,5.76424242,Solved
L?AAD@Oi@g@[Ds,21,5,5.6935299325,0.6935299325,1.1387059865,5.75531438,Solved
L?AAD?wT@[J_Ic,22,5,5.6935037229,0.6935037229,1.1387007446,5.82410106,Solved
L?AAD?W\DSIgy?,22,5,5.6934905811,0.6934905811,1.1386981162,5.80587276,Solved
L?AAD@W[?k@we_,21,5,5.6934894693,0.6934894693,1.1386978939,5.76041684,Solved
L?AAD@Oi@gAoEo,19,5,5.6934858676,0.6934858676,1.1386971735,5.77935044,Solved
L?AAD@OJDcL_ig,22,5,5.6934753646,0.6934753646,1.1386950729,5.75707280,Solved
L?AB?qQUAWCkm?,22,5,5.6934597714,0.6934597714,1.1386919543,5.81860401,Solved
L?AAD@oI_iJ_k_,21,5,5.6934541926,0.6934541926,1.1386908385,5.79280435,Solved
L?AAD?oy?]J_RO,22,5,5.6934408658,0.6934408658,1.1386881732,5.77204994,Solved
L?AADBOX?wBOec,21,5,5.6934405423,0.6934405423,1.1386881085,5.74248929,Solved
L?AAD@W[@K@wUQ,22,5,5.6934405415,0.6934405415,1.1386881083,5.75494666,Solved
L?AA@AWT@cDoas,21,5,5.6934390812,0.6934390812,1.1386878162,5.75981784,Solved
L?AAD@oI_iROBg,21,5,5.6934372087,0.6934372087,1.1386874417,5.75451922,Solved
L?AAD@OZ@[Cs}?,23,5,5.6934303593,0.6934303593,1.1386860719,5.77244625,Solved
L?AEB?We@wAwHk,23,5,5.6934270924,0.6934270924,1.1386854185,5.75713307,Solved
L?AAD@Oi@gJGk_,20,5,5.6934191482,0.6934191482,1.1386838296,5.76664964,Solved
L?AAD@W[?k@i\?,21,5,5.6934142370,0.6934142370,1.1386828474,5.79352862,Solved
L?AAD?sXCcROVO,22,5,5.6934115453,0.6934115453,1.1386823091,5.74895722,Solved
L?AAD@Oi?wDoBW,20,5,5.6934071814,0.6934071814,1.1386814363,5.79813266,Solved
L?AADbGR@cL_LG,22,5,5.6934062952,0.6934062952,1.1386812590,5.75642004,Solved
L?AAD?wXF_PQBq,23,5,5.6934035723,0.6934035723,1.1386807145,5.74504366,Solved
L?AAD?wTCSawy@,23,5,5.6934035689,0.6934035689,1.1386807138,5.74196015,Solved
L?AAD?oeAWBoUO,20,5,5.6934003654,0.6934003654,1.1386800731,5.75230747,Solved
L?AA@BOT?sT?VO,20,5,5.6934003644,0.6934003644,1.1386800729,5.75852909,Solved
L?AAD?wTFOTOVO,23,5,5.6933828289,0.6933828289,1.1386765658,5.78543276,Solved
L?AAD?wX?kBQ\?,21,5,5.6933636235,0.6933636235,1.1386727247,5.78543191,Solved
L?AA@BOTDOAWA[,19,5,5.6933356637,0.6933356637,1.1386671327,5.74458616,Solved
L?AAD@OJ@cJ_iG,20,5,5.6933344184,0.6933344184,1.1386668837,5.78832793,Solved
L?AAD@oiawBgm?,23,5,5.6933327938,0.6933327938,1.1386665588,5.77591641,Solved
L?AA@AOT?kN?eo,20,5,5.6933271938,0.6933271938,1.1386654388,5.74941514,Solved
L?AAD?sX?sXCm?,21,5,5.6933258870,0.6933258870,1.1386651774,5.74069303,Solved
L?AAD?oeBG@SL_,19,5,5.6933233236,0.6933233236,1.1386646647,5.76557788,Solved
L?AA@BOTDOAWA{,20,5,5.6933073323,0.6933073323,1.1386614665,5.75754124,Solved
L?AAD@oI_w@s}?,22,5,5.6932990222,0.6932990222,1.1386598044,5.81302619,Solved
L?AA@BOT?sT?qO,19,5,5.6932894815,0.6932894815,1.1386578963,5.74135005,Solved
L?AAD?wX?k@Ym_,22,5,5.6932487702,0.6932487702,1.1386497540,5.74052631,Solved
L?AAD?sX?srOFo,23,5,5.6932379325,0.6932379325,1.1386475865,5.74733793,Solved
L?AA@AWT@SqWsQ,22,5,5.6932349114,0.6932349114,1.1386469823,5.74489496,Solved
L?AAD@oI_wV?VO,22,5,5.6932340052,0.6932340052,1.1386468010,5.77564680,Solved
L?AA@AWT@cPYN_,22,5,5.6932315729,0.6932315729,1.1386463146,5.77031574,Solved
L?AA@AOTDoDSaS,20,5,5.6932262337,0.6932262337,1.1386452467,5.77529364,Solved
L?AA@AWT@SBoVO,21,5,5.6932237504,0.6932237504,1.1386447501,5.77615602,Solved
L?ABAaGB`oF_oF,22,5,5.6932237504,0.6932237504,1.1386447501,5.74925339,Solved
L?AAD?oeAw@wVO,22,5,5.6932237500,0.6932237500,1.1386447500,5.74978976,Solved
L?AAD?oeAWBoVO,21,5,5.6932237488,0.6932237488,1.1386447498,5.76880160,Solved
L?AAD?oeAw@wTO,21,5,5.6932237487,0.6932237487,1.1386447497,5.75306572,Solved
L?AAD?oeAwBoVO,22,5,5.6932237478,0.6932237478,1.1386447496,5.75554081,Solved
L?AA@b_DnOBo\?,23,5,5.6932224697,0.6932224697,1.1386444939,5.80133331,Solved
L?AAD@oR?sV?VO,22,5,5.6932166183,0.6932166183,1.1386433237,5.76833767,Solved
L?AAD?wXF_Hgk`,23,5,5.6932139470,0.6932139470,1.1386427894,5.76017504,Solved
L?AAD?wT@s@w{?,22,5,5.6932024419,0.6932024419,1.1386404884,5.78396893,Solved
L?AADb_M?k@s\?,22,5,5.6932008477,0.6932008477,1.1386401695,5.82537716,Solved
L?AAD@oRDoTOVO,23,5,5.6931934340,0.6931934340,1.1386386868,5.78421198,Solved
L?AAD?wX?s]?At,22,5,5.6931932552,0.6931932552,1.1386386510,5.79700582,Solved
L?AAD@OJDcHgL_,21,5,5.6931815698,0.6931815698,1.1386363140,5.79192666,Solved
L?AAD?oFBoHKBw,22,5,5.6931623606,0.6931623606,1.1386324721,5.77647530,Solved
L?AAD?oNAYBoBw,23,5,5.6931494216,0.6931494216,1.1386298843,5.76224777,Solved
L?AAD?wX?sIgEs,22,5,5.6931065217,0.6931065217,1.1386213043,5.77105341,Solved
L?AA@BOm?{@wL_,22,5,5.6930953798,0.6930953798,1.1386190760,5.75521247,Solved
L?AA@AWTDSBoFO,21,5,5.6930920786,0.6930920786,1.1386184157,5.79176088,Solved
L?AA@BOmDSJ_VO,23,5,5.6930577569,0.6930577569,1.1386115514,5.74469328,Solved
L?AAD@W[@K@i^?,22,5,5.6930558747,0.6930558747,1.1386111749,5.76808241,Solved
L?AA@aHMBHFO}?,23,5,5.6930479676,0.6930479676,1.1386095935,5.74258865,Solved
L?AAD?oeAgHgN_,21,5,5.6930326322,0.6930326322,1.1386065264,5.75152430,Solved
L?AA@aHMBHZ?Hh,23,5,5.6930296980,0.6930296980,1.1386059396,5.78490075,Solved
L?AAD?wTCSm_N_,23,5,5.6930275424,0.6930275424,1.1386055085,5.80911963,Solved
L?AAD?oFBo@[RW,22,5,5.6930174339,0.6930174339,1.1386034868,5.77849649,Solved
L?AE@aoQQWCqu?,22,5,5.6930126027,0.6930126027,1.1386025205,5.77861833,Solved
L?AE@`HBf_F_]?,23,5,5.6930126023,0.6930126023,1.1386025205,5.75933475,Solved
L?AAD?WLF_TOTP,22,5,5.6929806042,0.6929806042,1.1385961208,5.76375513,Solved
L?AA@BOT?sT?as,20,5,5.6929729601,0.6929729601,1.1385945920,5.77265744,Solved
L?ABA_gaU`V?XC,22,5,5.6929679954,0.6929679954,1.1385935991,5.75170613,Solved
L?AAD@oRBoBoBw,23,5,5.6929339195,0.6929339195,1.1385867839,5.80120902,Solved
L?AA@AWT@sF_as,22,5,5.6929338039,0.6929338039,1.1385867608,5.81053126,Solved
L?ABA_gaRGyC}?,23,5,5.6929231187,0.6929231187,1.1385846237,5.75307624,Solved
L?AAD?wLAgFoae,23,5,5.6929167130,0.6929167130,1.1385833426,5.77343449,Solved
L?AAD@oi`s@[TD,24,5,5.6929158220,0.6929158220,1.1385831644,5.75280114,Solved
L?AA@AOT@sEouO,21,5,5.6928972178,0.6928972178,1.1385794436,5.75955489,Solved
L?AAD?wLAQZ?ca,21,5,5.6928303033,0.6928303033,1.1385660607,5.75770649,Solved
L?AADbGLFOFODg,23,5,5.6928236564,0.6928236564,1.1385647313,5.85741196,Solved
L?AAD?oeBGJGAy,21,5,5.6928123687,0.6928123687,1.1385624737,5.74947260,Solved
L?AAD?sXCcFORQ,22,5,5.6928075705,0.6928075705,1.1385615141,5.76519737,Solved
L?AA@AWT@cHg^?,21,5,5.6928005931,0.6928005931,1.1385601186,5.76316942,Solved
L?AA@AWT@kXGac,21,5,5.6927943385,0.6927943385,1.1385588677,5.75562015,Solved
L?ABA_gaQWQP}?,22,5,5.6927848405,0.6927848405,1.1385569681,5.75470133,Solved
L?AB?qQUAWCk}?,23,5,5.6927801097,0.6927801097,1.1385560219,5.81191340,Solved
L?AA@BOT@o@WuO,20,5,5.6927785733,0.6927785733,1.1385557147,5.74004311,Solved
L?AE@aoQQWCq]?,22,5,5.6927449699,0.6927449699,1.1385489940,5.75155412,Solved
L?AADbGX@WBOEc,21,5,5.6927409404,0.6927409404,1.1385481881,5.74819891,Solved
L?AA@AWT@SBgeo,21,5,5.6927222505,0.6927222505,1.1385444501,5.79661355,Solved
L?AA@BOT?sTOeO,20,5,5.6927124391,0.6927124391,1.1385424878,5.78199725,Solved
L?AA@BOmAiZGia,24,5,5.6927111882,0.6927111882,1.1385422376,5.76514947,Solved
L?AA@BOTDO@wVO,21,5,5.6927024617,0.6927024617,1.1385404923,5.74141981,Solved
L?AAD?oFBoHKN_,22,5,5.6926867495,0.6926867495,1.1385373499,5.76501761,Solved
L?AA@AWT@cHg}?,21,5,5.6926773200,0.6926773200,1.1385354640,5.76663136,Solved
L?AAD@oI_yJGy?,22,5,5.6926545668,0.6926545668,1.1385309134,5.74512790,Solved
L?AA@AWT@kXG]?,21,5,5.6926440824,0.6926440824,1.1385288165,5.78750025,Solved
L?AAD?oZBg@wRW,23,5,5.6926312381,0.6926312381,1.1385262476,5.74288065,Solved
L?AA@BOTDOAWRO,19,5,5.6926264962,0.6926264962,1.1385252992,5.75251486,Solved
L?AAD?wX?kIgy?,21,5,5.6926252377,0.6926252377,1.1385250475,5.77519937,Solved
L?AA@AWT@SBWFo,21,5,5.6926053208,0.6926053208,1.1385210642,5.76095555,Solved
L?AA@AWT@SAwFo,21,5,5.6926053199,0.6926053199,1.1385210640,5.74519709,Solved
L?AA@AWT@SBWF_,20,5,5.6926053181,0.6926053181,1.1385210636,5.75015391,Solved
L?AA@AWT@SBgFo,21,5,5.6926053152,0.6926053152,1.1385210630,5.75720598,Solved
L?AA@BOT?sT?uO,20,5,5.6926053144,0.6926053144,1.1385210629,5.75452668,Solved
L?AA@AWT@S@wF_,20,5,5.6926053134,0.6926053134,1.1385210627,5.74018167,Solved
L?AAD?wLAQQP}?,22,5,5.6925931170,0.6925931170,1.1385186234,5.74045001,Solved
L?AAD?wT?]]?RO,22,5,5.6925845989,0.6925845989,1.1385169198,5.82230008,Solved
L?ABA_gaOw]?DK,21,5,5.6925422912,0.6925422912,1.1385084582,5.77003453,Solved
L?AAD?wXCsBgCs,22,5,5.6925420957,0.6925420957,1.1385084191,5.76314912,Solved
L?AA@AWT@sEouO,22,5,5.6925385954,0.6925385954,1.1385077191,5.75044301,Solved
L?AAD?oNBo@wRW,23,5,5.6925338587,0.6925338587,1.1385067717,5.75252420,Solved
L?AAD@oR?\TOm_,23,5,5.6925127476,0.6925127476,1.1385025495,5.74641821,Solved
L?AADbGR@cL_Lg,23,5,5.6924947818,0.6924947818,1.1384989564,5.75234074,Solved
L?AADAoFBoHge_,22,5,5.6924932911,0.6924932911,1.1384986582,5.82788993,Solved
L?AAD?wT@s@w{@,23,5,5.6924653360,0.6924653360,1.1384930672,5.75999546,Solved
L?AAD?sX?svOEs,24,5,5.6924503091,0.6924503091,1.1384900618,5.74664729,Solved
L?AAD@oIag@\^?,23,5,5.6924459471,0.6924459471,1.1384891894,5.75793902,Solved
L?AAD@Oi@gAWUO,19,5,5.6924346713,0.6924346713,1.1384869343,5.75361187,Solved
L?AAD@OJDoTOVO,22,5,5.6924309123,0.6924309123,1.1384861825,5.78295557,Solved
L?AAD?wLAWFOqC,21,5,5.6924172414,0.6924172414,1.1384834483,5.75237217,Solved
L?AAD?oeAwHgN_,22,5,5.6923927059,0.6923927059,1.1384785412,5.76863220,Solved
L?AADb_M?[J_Dg,22,5,5.6923429676,0.6923429676,1.1384685935,5.81749118,Solved
L?AA@aHMBHEoea,23,5,5.6923417766,0.6923417766,1.1384683553,5.81854743,Solved
L?ABAaIeB_CgV?,21,5,5.6923400325,0.6923400325,1.1384680065,5.79206870,Solved
L?AADbGX@WBOeC,21,5,5.6923377884,0.6923377884,1.1384675577,5.74686417,Solved
L?AA@BOT@cTOuO,21,5,5.6923261346,0.6923261346,1.1384652269,5.74852799,Solved
L?AAD?oFEoHgFo,22,5,5.6923151546,0.6923151546,1.1384630309,5.75667503,Solved
L?AAD@OICcrOZA,21,5,5.6922983579,0.6922983579,1.1384596716,5.74321397,Solved
L?AAD?wT@sHg}?,23,5,5.6922919848,0.6922919848,1.1384583970,5.74932276,Solved
L?AAD?wT@sHg{?,22,5,5.6922919833,0.6922919833,1.1384583967,5.77698558,Solved
L?AA@AWT@SPIL`,21,5,5.6922874107,0.6922874107,1.1384574821,5.77557509,Solved
L?AAD@Oi@gJGM_,20,5,5.6922841058,0.6922841058,1.1384568212,5.77145239,Solved
L?AADBOX@K@WV?,20,5,5.6922804870,0.6922804870,1.1384560974,5.76659450,Solved
L?AAD@OI?{M_Ds,21,5,5.6922561207,0.6922561207,1.1384512241,5.77374645,Solved
L?AE@aoQQWCqm?,22,5,5.6922557372,0.6922557372,1.1384511474,5.75323970,Solved
L?AA@BOJG{Awcs,23,5,5.6922475929,0.6922475929,1.1384495186,5.75756397,Solved
L?AAD@OICcl_m_,21,5,5.6922443384,0.6922443384,1.1384488677,5.74606033,Solved
L?AAD@oI_iBoYA,21,5,5.6922371827,0.6922371827,1.1384474365,5.77532440,Solved
L?AAD?oNBoXCL`,23,5,5.6922329054,0.6922329054,1.1384465811,5.75210973,Solved
L?AA@BOTDO@WM_,19,5,5.6922298351,0.6922298351,1.1384459670,5.77263257,Solved
L?AAD?wT?]Z?FO,22,5,5.6922296311,0.6922296311,1.1384459262,5.75877965,Solved
L?AAD@OICcvOZA,22,5,5.6922265614,0.6922265614,1.1384453123,5.74199369,Solved
L?AAD?wX?erOy?,22,5,5.6922095292,0.6922095292,1.1384419058,5.81630978,Solved
L?AAD?sXCc@[M_,21,5,5.6922029058,0.6922029058,1.1384405812,5.77557288,Solved
L?AAD?sXCc@YQI,21,5,5.6921887713,0.6921887713,1.1384377543,5.75743509,Solved
L?AAD?wLEOIgM_,21,5,5.6921860890,0.6921860890,1.1384372178,5.76553580,Solved
L?AAD@oIaWBgAw,21,5,5.6921742179,0.6921742179,1.1384348436,5.75600561,Solved
L?AAD@OI?sAqZ?,19,5,5.6921723774,0.6921723774,1.1384344755,5.75706972,Solved
L?AAD?wLEO@oac,20,5,5.6921554697,0.6921554697,1.1384310939,5.74042463,Solved
L?AA@AWTBoUOas,22,5,5.6921509801,0.6921509801,1.1384301960,5.77251474,Solved
L?AAD@OI@g@Lm_,20,5,5.6921426565,0.6921426565,1.1384285313,5.74689650,Solved
L?AAD?sXAoPOEc,20,5,5.6921424100,0.6921424100,1.1384284820,5.79629463,Solved
L?AAD?wLAQZ?k_,21,5,5.6921030052,0.6921030052,1.1384206010,5.77121755,Solved
L?AAF@cMCsBoDo,23,5,5.6920943005,0.6920943005,1.1384188601,5.74544772,Solved
L?AA@AWT@SEoas,21,5,5.6920800591,0.6920800591,1.1384160118,5.79020461,Solved
L?AA@AWTDSYGeo,22,5,5.6920781605,0.6920781605,1.1384156321,5.78714528,Solved
L?AAD?sXCc@[i_,21,5,5.6920694902,0.6920694902,1.1384138980,5.74861715,Solved
L?AAD?W{DcL_RQ,23,5,5.6920681778,0.6920681778,1.1384136356,5.79530472,Solved
L?AAD?wLAQZ?ka,22,5,5.6920669287,0.6920669287,1.1384133857,5.76298331,Solved
L?AAD?oZ@k@kN_,23,5,5.6920669272,0.6920669272,1.1384133854,5.74508319,Solved
L?AAD?oZ@[@k^?,23,5,5.6920669262,0.6920669262,1.1384133852,5.74402116,Solved
L?AAD?oZ@s@kN_,23,5,5.6920669261,0.6920669261,1.1384133852,5.74026191,Solved
L?AAD?wT?uV?VO,23,5,5.6920669260,0.6920669260,1.1384133852,5.75301492,Solved
L?AAD?wTDoHgEo,22,5,5.6920669247,0.6920669247,1.1384133849,5.75138554,Solved
L?AAD@Oy@[F_Jg,23,5,5.6920651454,0.6920651454,1.1384130291,5.76664777,Solved
L?AAD@Oi?{M_Ds,22,5,5.6920644778,0.6920644778,1.1384128956,5.75364205,Solved
L?AAD@Oy@wCsJg,23,5,5.6920605368,0.6920605368,1.1384121074,5.75599406,Solved
L?AAD@Oy@TF_Jg,23,5,5.6920605319,0.6920605319,1.1384121064,5.75059288,Solved
L?AAD?wT@sZ?VO,23,5,5.6920605308,0.6920605308,1.1384121062,5.74697350,Solved
L?AAD@Oy?\F_JG,22,5,5.6920605287,0.6920605287,1.1384121057,5.76533945,Solved
L?AAD@Oy?\F_Jg,23,5,5.6920605281,0.6920605281,1.1384121056,5.74482762,Solved
L?AAD@Oi@g@oVO,20,5,5.6920563761,0.6920563761,1.1384112752,5.77361068,Solved
L?AAD@oI_yJ_Aw,22,5,5.6920549827,0.6920549827,1.1384109965,5.77214040,Solved
L?AAD?wT?y@w}?,23,5,5.6920386580,0.6920386580,1.1384077316,5.77369505,Solved
L?AAD?oFEo@wVO,22,5,5.6920373024,0.6920373024,1.1384074605,5.78112864,Solved
L?AA@BOTDOEOVO,20,5,5.6920367901,0.6920367901,1.1384073580,5.74233137,Solved
L?AAD@Oi@cAwQQ,20,5,5.6920276334,0.6920276334,1.1384055267,5.75126421,Solved
L?AAD@Oi?wCsEo,20,5,5.6920271614,0.6920271614,1.1384054323,5.75025554,Solved
L?AAD@Oi?wDoBw,21,5,5.6920174537,0.6920174537,1.1384034907,5.79881824,Solved
L?AA@qoRDCj_L_,23,5,5.6920161931,0.6920161931,1.1384032386,5.84025944,Solved
L?AAD?oeBG@wN_,21,5,5.6920073254,0.6920073254,1.1384014651,5.77200630,Solved
L?AAD?oeBGEoqH,21,5,5.6919893199,0.6919893199,1.1383978640,5.74852528,Solved
L?AA@BOT?sTOqO,20,5,5.6919860232,0.6919860232,1.1383972046,5.75457107,Solved
L?AA@AWT@kXGZ?,21,5,5.6919688777,0.6919688777,1.1383937755,5.75456975,Solved
L?AAD?wLAWXAi_,21,5,5.6919617398,0.6919617398,1.1383923480,5.75143386,Solved
L?AAD@Oy?{Aw^?,23,5,5.6919511706,0.6919511706,1.1383902341,5.81028009,Solved
L?AADbGX@SBOHg,21,5,5.6919301104,0.6919301104,1.1383860221,5.74097442,Solved
L?AAD@Oi@g@[e_,20,5,5.6918954334,0.6918954334,1.1383790867,5.75510842,Solved
L?AAD@Oi@gJGCs,20,5,5.6918940435,0.6918940435,1.1383788087,5.74450894,Solved
L?AAD@OIAwEoJg,21,5,5.6918506735,0.6918506735,1.1383701347,5.76607402,Solved
L?AADBOX@cBoAk,21,5,5.6918480299,0.6918480299,1.1383696060,5.74295552,Solved
L?AAD@oIaW@[VO,22,5,5.6918443582,0.6918443582,1.1383688716,5.76584698,Solved
L?AAD?cu@kHK{?,22,5,5.6918319082,0.6918319082,1.1383663816,5.75752540,Solved
L?AA@BOTDOFOA[,20,5,5.6918314782,0.6918314782,1.1383662956,5.74386854,Solved
L?AAD@oIag@\m_,23,5,5.6918150282,0.6918150282,1.1383630056,5.76216484,Solved
L?AA@AWT@SPWF_,20,5,5.6917562869,0.6917562869,1.1383512574,5.75451385,Solved
L?AAD@oR?sTOTO,21,5,5.6917421502,0.6917421502,1.1383484300,5.81056133,Solved
L?AAD?oFEo@[TO,21,5,5.6917190579,0.6917190579,1.1383438116,5.74435924,Solved
L?AAD?wTAY@w{@,23,5,5.6917123833,0.6917123833,1.1383424767,5.81434296,Solved
L?AAD@Oi@gJGDs,21,5,5.6917063587,0.6917063587,1.1383412717,5.75089494,Solved
L?AAD?wTAYAwy@,23,5,5.6917029165,0.6917029165,1.1383405833,5.78933798,Solved
L?AAD?wXCcBgES,21,5,5.6916942667,0.6916942667,1.1383388533,5.75899602,Solved
L?AA@AWTDcHg^?,22,5,5.6916939160,0.6916939160,1.1383387832,5.74461030,Solved
L?AAD@oI_w\?VO,22,5,5.6916746769,0.6916746769,1.1383349354,5.76155185,Solved
L?AA@AWTBoXGL`,22,5,5.6916688961,0.6916688961,1.1383337792,5.78678714,Solved
L?AAD?wXCcBgEs,22,5,5.6916626562,0.6916626562,1.1383325312,5.75765638,Solved
L?AAD@W{BWUORP,24,5,5.6916444575,0.6916444575,1.1383288915,5.79817260,Solved
L?AAD?wT@s\?UO,22,5,5.6916132817,0.6916132817,1.1383226563,5.74916736,Solved
L?AAD@OI?sAq^?,20,5,5.6915966812,0.6915966812,1.1383193362,5.76662810,Solved
L?AAD@oI_\Hg^?,23,5,5.6915851086,0.6915851086,1.1383170217,5.75199930,Solved
L?AAD?oy@kIgi`,23,5,5.6915725404,0.6915725404,1.1383145081,5.74087001,Solved
L?AAD@Oi@g@[m_,21,5,5.6915571465,0.6915571465,1.1383114293,5.75630466,Solved
L?AA@BOmCq@sm_,23,5,5.6915530847,0.6915530847,1.1383106169,5.74275488,Solved
L?AAD@oR?sUOXA,21,5,5.6915496841,0.6915496841,1.1383099368,5.75945709,Solved
L?AAD@oIaWBgk_,21,5,5.6915200860,0.6915200860,1.1383040172,5.78523816,Solved
L?AA@BOT@cTOA{,21,5,5.6915141870,0.6915141870,1.1383028374,5.75761434,Solved
L?AADb_B_lN?k_,23,5,5.6915030058,0.6915030058,1.1383006012,5.76016402,Solved
L?AAD@OI?{ROVO,21,5,5.6914942450,0.6914942450,1.1382988490,5.77985142,Solved
L?AAD?wX?e|?ec,23,5,5.6914755611,0.6914755611,1.1382951122,5.81302332,Solved
L?AAD?sXCSBWZ?,21,5,5.6914640074,0.6914640074,1.1382928015,5.74067864,Solved
L?AAD?oNBgROai,23,5,5.6914544711,0.6914544711,1.1382908942,5.75252477,Solved
L?AAD@OJDcHgN_,22,5,5.6914514693,0.6914514693,1.1382902939,5.76871853,Solved
L?AAD@Oy@sAwN_,23,5,5.6914514674,0.6914514674,1.1382902935,5.76804717,Solved
L?AAD@Oy@[AwN_,23,5,5.6914514673,0.6914514673,1.1382902935,5.74106524,Solved
L?AB?qQU@WKKy?,22,5,5.6914514663,0.6914514663,1.1382902933,5.76931670,Solved
L?AAD@Oy?{AwN_,23,5,5.6914514660,0.6914514660,1.1382902932,5.77979264,Solved
L?AAD@Oy@wAwN_,23,5,5.6914514657,0.6914514657,1.1382902931,5.76649174,Solved
L?AAD@Oy?mEoN_,23,5,5.6914514657,0.6914514657,1.1382902931,5.75466212,Solved
L?AADAoFBWFOBg,22,5,5.6914510022,0.6914510022,1.1382902004,5.75882429,Solved
L?AAD?wT@s\?VO,23,5,5.6914334706,0.6914334706,1.1382866941,5.75648598,Solved
L?AAD?wTDSAwL_,22,5,5.6914152787,0.6914152787,1.1382830557,5.78327315,Solved
L?AAD@oI_iJ_u?,21,5,5.6914128691,0.6914128691,1.1382825738,5.77316707,Solved
L?AAD?WLF_CsN_,22,5,5.6914083221,0.6914083221,1.1382816644,5.75920178,Solved
L?AAD@cHdoA[eg,23,5,5.6914014357,0.6914014357,1.1382802871,5.75282240,Solved
L?AAD@oI_i@wm_,22,5,5.6913850264,0.6913850264,1.1382770053,5.74397485,Solved
L?AADb_M?k@s^?,23,5,5.6913734279,0.6913734279,1.1382746856,5.82630712,Solved
L?ABA_gaV_QSBR,23,5,5.6913724492,0.6913724492,1.1382744898,5.75024501,Solved
L?AAD?oFEo@wm_,22,5,5.6913518915,0.6913518915,1.1382703783,5.77730978,Solved
L?AAD@oIagAw}?,22,5,5.6913255728,0.6913255728,1.1382651146,5.78818796,Solved
L?AAD?oFEoTOTP,22,5,5.6913175135,0.6913175135,1.1382635027,5.78060450,Solved
L?AA@AWT@sEoas,22,5,5.6913154102,0.6913154102,1.1382630820,5.79622661,Solved
L?AAD?wXCc@hJ_,21,5,5.6913076541,0.6913076541,1.1382615308,5.76387302,Solved
L?AAD?wX?el_Fo,23,5,5.6913065705,0.6913065705,1.1382613141,5.81636044,Solved
L?AAD?wXCc@hN_,22,5,5.6912819960,0.6912819960,1.1382563992,5.75716981,Solved
L?AEB?WMBHBW\?,22,5,5.6912819907,0.6912819907,1.1382563981,5.78584723,Solved
L?ABA_gaQ`v?Z?,22,5,5.6912819906,0.6912819906,1.1382563981,5.76590450,Solved
L?AEB?WMBHBW^?,23,5,5.6912819900,0.6912819900,1.1382563980,5.75052716,Solved
L?AAD@oI_iVOFo,23,5,5.6912805358,0.6912805358,1.1382561072,5.74840855,Solved
L?AEB?wFF_@weO,23,5,5.6912761420,0.6912761420,1.1382552284,5.77031544,Solved
L?AAD?sXBo@YFo,23,5,5.6912748007,0.6912748007,1.1382549601,5.79651135,Solved
L?AA@AOTBoBgm_,21,5,5.6912597108,0.6912597108,1.1382519422,5.75409810,Solved
L?AA@AWTDSAwco,21,5,5.6912557664,0.6912557664,1.1382511533,5.75615708,Solved
L?AA@AWT@SPWN_,21,5,5.6912454012,0.6912454012,1.1382490802,5.75893769,Solved
L?AA@BOmDSM_Ax,23,5,5.6912370280,0.6912370280,1.1382474056,5.75214407,Solved
L?AAD@OJCsM_iG,21,5,5.6912330624,0.6912330624,1.1382466125,5.78821155,Solved
L?AA@BOT@cTOAY,20,5,5.6912274572,0.6912274572,1.1382454914,5.74757751,Solved
L?AA@AWT@sPWF_,21,5,5.6912226164,0.6912226164,1.1382445233,5.76424679,Solved
L?AA@BOT?sTOuO,21,5,5.6912226136,0.6912226136,1.1382445227,5.76240687,Solved
L?AA@AWTDSBgFo,22,5,5.6912226132,0.6912226132,1.1382445226,5.75424154,Solved
L?AA@AWT@sPWN_,22,5,5.6912226124,0.6912226124,1.1382445225,5.77264008,Solved
L?AA@AWTDSBoFo,22,5,5.6912226122,0.6912226122,1.1382445224,5.74733327,Solved
L?AA@AWTDSAwFo,22,5,5.6912226119,0.6912226119,1.1382445224,5.75466209,Solved
L?AA@AW\@sEoas,23,5,5.6912156206,0.6912156206,1.1382431241,5.79287953,Solved
L?AAD?WLBoBWXH,22,5,5.6911979862,0.6911979862,1.1382395972,5.74836444,Solved
L?AAD?sX?sPSFo,22,5,5.6911979092,0.6911979092,1.1382395818,5.74793901,Solved
L?AAD?oy?]Boi_,22,5,5.6911891949,0.6911891949,1.1382378390,5.76511879,Solved
L?AAD?wT@[M_ic,23,5,5.6911848198,0.6911848198,1.1382369640,5.80443580,Solved
L?AEB?WMBHN_Eq,24,5,5.6911844395,0.6911844395,1.1382368879,5.74874919,Solved
L?ABA_gaQ`l_}?,23,5,5.6911844394,0.6911844394,1.1382368879,5.77296041,Solved
L?AAD?W\BHN?Eq,23,5,5.6911844393,0.6911844393,1.1382368879,5.74199436,Solved
L?AEB?WMBgBWXH,23,5,5.6911844360,0.6911844360,1.1382368872,5.77860115,Solved
L?AAD@OI@kHgJg,21,5,5.6911829691,0.6911829691,1.1382365938,5.74241403,Solved
L?AAD@OI?wVODs,21,5,5.6911165960,0.6911165960,1.1382233192,5.74298149,Solved
L?AAD?oFBo@{RW,23,5,5.6911089461,0.6911089461,1.1382217892,5.77072168,Solved
L?AA@BOTDODoA{,21,5,5.6910766345,0.6910766345,1.1382153269,5.75229464,Solved
L?AA@BOTFOBoDo,21,5,5.6910627302,0.6910627302,1.1382125460,5.74275890,Solved
L?AAD?oFFOVODq,23,5,5.6910413296,0.6910413296,1.1382082659,5.77764701,Solved
L?AAD?wTDSAwAs,22,5,5.6910275434,0.6910275434,1.1382055087,5.75565634,Solved
L?AA@BWN@kXG{?,23,5,5.6910226344,0.6910226344,1.1382045269,5.75124271,Solved
L?AAD?wXCc@Yy?,21,5,5.6909920590,0.6909920590,1.1381984118,5.75493380,Solved
L?AAD@oIaW@wSS,21,5,5.6909873794,0.6909873794,1.1381974759,5.75899686,Solved
L?AAD@OiAwFODs,22,5,5.6909816381,0.6909816381,1.1381963276,5.76131636,Solved
L?ABAaIeB_CgZ?,21,5,5.6909786063,0.6909786063,1.1381957213,5.79106729,Solved
L?AADbGR@cCs{?,22,5,5.6909780984,0.6909780984,1.1381956197,5.76939541,Solved
L?AAD?wXBgBWEs,23,5,5.6909733895,0.6909733895,1.1381946779,5.78580303,Solved
L?ABAaIeB_Cg^?,22,5,5.6909634367,0.6909634367,1.1381926873,5.78969275,Solved
L?AAD?wTDOawN_,23,5,5.6909147482,0.6909147482,1.1381829496,5.77926778,Solved
L?AE@`HB`[]?y?,23,5,5.6909139660,0.6909139660,1.1381827932,5.74871239,Solved
L?AAD?sXCcJGAY,21,5,5.6908947274,0.6908947274,1.1381789455,5.75418777,Solved
L?AAD?oFAoVOBw,22,5,5.6908871659,0.6908871659,1.1381774332,5.74184370,Solved
L?AAD@OI@sM_Ds,21,5,5.6908777095,0.6908777095,1.1381755419,5.77216703,Solved
L?AA@BOmDSHgVO,23,5,5.6908662478,0.6908662478,1.1381732496,5.74221431,Solved
L?AA@BOmDSIgVO,23,5,5.6908662409,0.6908662409,1.1381732482,5.76064374,Solved
L?AEB?WeV_DoM_,23,5,5.6908547953,0.6908547953,1.1381709591,5.74734500,Solved
L?AAD@Oi@sM_Ds,22,5,5.6908514570,0.6908514570,1.1381702914,5.76614497,Solved
L?AA@BOT@cTOaQ,20,5,5.6908302171,0.6908302171,1.1381660434,5.77178608,Solved
L?AAD?wTDSHgu?,22,5,5.6908030133,0.6908030133,1.1381606027,5.80901839,Solved
L?AAD@OZBgTCJg,23,5,5.6908007005,0.6908007005,1.1381601401,5.75737857,Solved
L?AAD@oRDc@wm?,22,5,5.6907781323,0.6907781323,1.1381556265,5.74858958,Solved
L?AA@AWT@kUOas,22,5,5.6907777395,0.6907777395,1.1381555479,5.74587991,Solved
L?AAD?sXCc@YQY,22,5,5.6907732753,0.6907732753,1.1381546551,5.75683707,Solved
L?AADBOX?wUORO,21,5,5.6907685196,0.6907685196,1.1381537039,5.76248016,Solved
L?AA@BOTDOAWVO,20,5,5.6907627757,0.6907627757,1.1381525551,5.76206553,Solved
L?AA@AWT@kXG^?,22,5,5.6907540390,0.6907540390,1.1381508078,5.77416675,Solved
L?AAD?sXCcFOA{,22,5,5.6907461015,0.6907461015,1.1381492203,5.76888989,Solved
L?AA@AWT?{\?FO,21,5,5.6907440024,0.6907440024,1.1381488005,5.74098294,Solved
L?AAD?wX?kHgk_,21,5,5.6907292416,0.6907292416,1.1381458483,5.76694623,Solved
L?AA@aHMBOAoRO,20,5,5.6907157272,0.6907157272,1.1381431454,5.74847051,Solved
L?AAD?oEAWXCCq,19,5,5.6906570950,0.6906570950,1.1381314190,5.74156037,Solved
L?AAD@OIAwFoJg,22,5,5.6906492228,0.6906492228,1.1381298446,5.78783722,Solved
L?AADBOX@KBOBo,20,5,5.6906476841,0.6906476841,1.1381295368,5.74980654,Solved
L?AEB?We@HM_J_,21,5,5.6906400969,0.6906400969,1.1381280194,5.76184278,Solved
L?AADb_M?[J_FG,22,5,5.6906373071,0.6906373071,1.1381274614,5.82549689,Solved
L?AA@BOT@cTOaU,21,5,5.6906330019,0.6906330019,1.1381266004,5.77123449,Solved
L?ABA_gaOh]?Bo,21,5,5.6905862678,0.6905862678,1.1381172536,5.77364903,Solved
L?AAD?wXCcBW{?,21,5,5.6905855895,0.6905855895,1.1381171179,5.76529451,Solved
L?AAD?wTDOdo^?,23,5,5.6905812806,0.6905812806,1.1381162561,5.76049975,Solved
L?AAD?wXCsBoCs,22,5,5.6905652392,0.6905652392,1.1381130478,5.76586314,Solved
L?AAD@oIagROUO,21,5,5.6905487557,0.6905487557,1.1381097511,5.76746253,Solved
L?AAD@cHcoA[qC,21,5,5.6905414856,0.6905414856,1.1381082971,5.74341365,Solved
L?AAD?wT?mJgyA,24,5,5.6905383200,0.6905383200,1.1381076640,5.80389174,Solved
L?AA@BOTDOFOA{,21,5,5.6905350741,0.6905350741,1.1381070148,5.74682485,Solved
L?AB?poq?wCioQ,22,5,5.6905251915,0.6905251915,1.1381050383,5.74031004,Solved
L?AAD@oIaW@wTS,22,5,5.6905239309,0.6905239309,1.1381047862,5.74908707,Solved
L?AAD@oIaw@wSS,22,5,5.6905187887,0.6905187887,1.1381037577,5.75667325,Solved
L?AADBOX?sIgeC,21,5,5.6905050367,0.6905050367,1.1381010073,5.74964429,Solved
L?AA@aHMBGZ?i_,21,5,5.6904888574,0.6904888574,1.1380977715,5.75327328,Solved
L?ABAaGR@oROPI,21,5,5.6904855386,0.6904855386,1.1380971077,5.74638914,Solved
L?AA@aHMBHZ?i_,22,5,5.6904740654,0.6904740654,1.1380948131,5.76149208,Solved
L?AAD?wTAqUOy?,22,5,5.6904679416,0.6904679416,1.1380935883,5.75514094,Solved
L?AAD?wT?m\?m_,23,5,5.6904669011,0.6904669011,1.1380933802,5.74713918,Solved
L?AAD?wXCcHH}?,22,5,5.6904575539,0.6904575539,1.1380915108,5.77250209,Solved
L?AE@`gF?l[A\?,23,5,5.6904516520,0.6904516520,1.1380903304,5.76705001,Solved
L?AA@BOT@SRG]?,20,5,5.6904076735,0.6904076735,1.1380815347,5.74959424,Solved
L?AA@BOTDOFOaS,20,5,5.6904076696,0.6904076696,1.1380815339,5.76117900,Solved
L?AA@BOTDOFOqO,20,5,5.6904076674,0.6904076674,1.1380815335,5.74448427,Solved
L?AAD?wT?UtOFo,23,5,5.6904032625,0.6904032625,1.1380806525,5.74912231,Solved
L?AA@BOT@SRGy?,20,5,5.6903986166,0.6903986166,1.1380797233,5.76363993,Solved
L?AAD?wXCc@Y{@,22,5,5.6903942626,0.6903942626,1.1380788525,5.77553723,Solved
L?AAD@oUOyTOm?,23,5,5.6903870610,0.6903870610,1.1380774122,5.76036331,Solved
L?AA@AWT@c\?VO,21,5,5.6903706070,0.6903706070,1.1380741214,5.74009037,Solved
L?AAD@oIaw@wDS,22,5,5.6903491525,0.6903491525,1.1380698305,5.74920539,Solved
L?AA@AWTBoQWuO,22,5,5.6903380882,0.6903380882,1.1380676176,5.76471394,Solved
L?AAD?WLEOrODq,22,5,5.6903269680,0.6903269680,1.1380653936,5.75061343,Solved
L?AA@AODEoDcic,20,5,5.6903224186,0.6903224186,1.1380644837,5.78204359,Solved
L?AAD?wX?kZ?cc,21,5,5.6903224183,0.6903224183,1.1380644837,5.75589687,Solved
L?AADBOX?kN?cc,21,5,5.6903224174,0.6903224174,1.1380644835,5.81682992,Solved
L?AAD@Oi@gHgAy,21,5,5.6903224138,0.6903224138,1.1380644828,5.77119210,Solved
L?AA@BOTDcAwBw,22,5,5.6903224135,0.6903224135,1.1380644827,5.80708764,Solved
L?AA@AOTFOHKDb,21,5,5.6903224130,0.6903224130,1.1380644826,5.74728247,Solved
L?AA@BOTDSAwk_,21,5,5.6903224130,0.6903224130,1.1380644826,5.80116795,Solved
L?AADBOX?kFOcc,21,5,5.6903224126,0.6903224126,1.1380644825,5.77854457,Solved
L?AA@AOTFODoic,21,5,5.6903224124,0.6903224124,1.1380644825,5.79118466,Solved
L?AA@BOTDOAwk_,20,5,5.6903224119,0.6903224119,1.1380644824,5.81130081,Solved
L?AAD?oEBWXCRW,21,5,5.6903224118,0.6903224118,1.1380644824,5.80454660,Solved
L?AA@AODEoLcQ[,21,5,5.6903224114,0.6903224114,1.1380644823,5.77999777,Solved
L?AA@BOTFOEoco,21,5,5.6903224114,0.6903224114,1.1380644823,5.74794331,Solved
L?AA@BOTDcAwA],22,5,5.6903224113,0.6903224113,1.1380644823,5.76397302,Solved
L?AA@BOTDOUOJg,21,5,5.6903224108,0.6903224108,1.1380644822,5.81415537,Solved
L?AA@BOTFOAwk_,21,5,5.6903224106,0.6903224106,1.1380644821,5.80095693,Solved
L?AAD@Oi@g@XVO,21,5,5.6903224104,0.6903224104,1.1380644821,5.75745963,Solved
L?AA@BOTDcAwBY,22,5,5.6903224102,0.6903224102,1.1380644820,5.81037011,Solved
L?AA@BOTDOAwm_,21,5,5.6903224102,0.6903224102,1.1380644820,5.75809073,Solved
L?AA@BOTDcAwRQ,22,5,5.6903224099,0.6903224099,1.1380644820,5.80347890,Solved
L?AA@BOTDSEoco,21,5,5.6903224098,0.6903224098,1.1380644820,5.75817462,Solved
L?AAD?oE@WXCRW,20,5,5.6903224098,0.6903224098,1.1380644820,5.81319493,Solved
L?AA@BOTDcAwIk,22,5,5.6903224098,0.6903224098,1.1380644820,5.77677394,Solved
L?AA@BOTDcAwJg,22,5,5.6903224096,0.6903224096,1.1380644819,5.74246616,Solved
L?AAD?oeAWBgCq,20,5,5.6903224096,0.6903224096,1.1380644819,5.76201244,Solved
L?AA@AOTEoDcA[,20,5,5.6903224095,0.6903224095,1.1380644819,5.78480812,Solved
L?AA@BOTDcAwAN,22,5,5.6903224091,0.6903224091,1.1380644818,5.77729847,Solved
L?AAD?oE@WXCBW,19,5,5.6903224088,0.6903224088,1.1380644818,5.80403423,Solved
L?AAD@oI_i@s^?,22,5,5.6903186472,0.6903186472,1.1380637294,5.75436444,Solved
L?AAD?oNBgROFo,23,5,5.6903127161,0.6903127161,1.1380625432,5.76818348,Solved
L?AA@AWTDc\?VO,22,5,5.6902986760,0.6902986760,1.1380597352,5.74060370,Solved
L?AAD?oFBo@[N_,22,5,5.6902840532,0.6902840532,1.1380568106,5.78262264,Solved
L?AAD?oeBGHgHc,20,5,5.6902665405,0.6902665405,1.1380533081,5.74827633,Solved
L?AAD?oZ@k@wRW,23,5,5.6902517803,0.6902517803,1.1380503561,5.74273243,Solved
L?AA@BOTDOAXas,21,5,5.6902511387,0.6902511387,1.1380502277,5.77309444,Solved
L?AA@aHMBg\?e_,22,5,5.6902505909,0.6902505909,1.1380501182,5.74515604,Solved
L?AAD@oIaW@[}?,22,5,5.6902299104,0.6902299104,1.1380459821,5.75202581,Solved
L?AAD?oFBoFoBw,23,5,5.6902292484,0.6902292484,1.1380458497,5.77236084,Solved
L?AEB?WeV_F_Bq,24,5,5.6902241271,0.6902241271,1.1380448254,5.74780046,Solved
L?AA@BOTDOFOuO,21,5,5.6902039990,0.6902039990,1.1380407998,5.74622021,Solved
L?AAD@OI@gQQBW,19,5,5.6901926105,0.6901926105,1.1380385221,5.74209491,Solved
L?AAD?oeAgDoFO,20,5,5.6901861923,0.6901861923,1.1380372385,5.76351333,Solved
L?AA@aHMFORO\G,23,5,5.6901812643,0.6901812643,1.1380362529,5.75142189,Solved
L?AA@aHMFOMcDi,24,5,5.6901781275,0.6901781275,1.1380356255,5.77601099,Solved
L?AA@AOT@wPWuO,21,5,5.6901724604,0.6901724604,1.1380344921,5.74360118,Solved
L?AAD?oeAgDoAq,20,5,5.6901640512,0.6901640512,1.1380328102,5.74046498,Solved
L?AAD?oeAgHcAy,21,5,5.6901616574,0.6901616574,1.1380323315,5.74086763,Solved
L?ABA_gaQHv?Z?,22,5,5.6901566588,0.6901566588,1.1380313318,5.79548828,Solved
L?AAD?wX?kQQ}?,22,5,5.6901491893,0.6901491893,1.1380298379,5.75763924,Solved
L?AAD@Oi@gBgAY,20,5,5.6901491893,0.6901491893,1.1380298379,5.82677654,Solved
L?AA@AOTDoDUZG,22,5,5.6901491889,0.6901491889,1.1380298378,5.80742923,Solved
L?AAD@Oi@gDsAy,22,5,5.6901491879,0.6901491879,1.1380298376,5.75447726,Solved
L?AA@BOTDSUOJg,22,5,5.6901491878,0.6901491878,1.1380298376,5.82842967,Solved
L?AAD@Oi@gDcAy,21,5,5.6901491877,0.6901491877,1.1380298375,5.76932852,Solved
L?AAD@Oi@wCsUP,22,5,5.6901491873,0.6901491873,1.1380298375,5.77202466,Solved
L?AEB?WMBg@weO,22,5,5.6901491869,0.6901491869,1.1380298374,5.75254195,Solved
L?AAD@oI_iJGBw,22,5,5.6901491867,0.6901491867,1.1380298373,5.75204413,Solved
L?AAD@W[@KAwUQ,22,5,5.6901491864,0.6901491864,1.1380298373,5.76377499,Solved
L?AAD@OiBWJGHh,22,5,5.6901491863,0.6901491863,1.1380298373,5.77697320,Solved
L?AAD@Oi@g@LJg,21,5,5.6901491860,0.6901491860,1.1380298372,5.77084671,Solved
L?AA@AOTEoDoac,20,5,5.6901491857,0.6901491857,1.1380298371,5.80387948,Solved
L?AAD?oEEPHk^?,22,5,5.6901491852,0.6901491852,1.1380298370,5.80496474,Solved
L?AA@AWT@cH`aU,21,5,5.6901491850,0.6901491850,1.1380298370,5.77411741,Solved
L?ABAaGBaoCd^?,22,5,5.6901491847,0.6901491847,1.1380298369,5.75109019,Solved
L?AAD@W[@KAwSQ,21,5,5.6901491845,0.6901491845,1.1380298369,5.82863024,Solved
L?AAD?oEEPF_RW,21,5,5.6901491844,0.6901491844,1.1380298369,5.83186489,Solved
L?AAD?wX?kQQ{?,21,5,5.6901491844,0.6901491844,1.1380298369,5.82955583,Solved
L?AA@AOTDoFoIk,22,5,5.6901491842,0.6901491842,1.1380298368,5.79799603,Solved
L?AEB?WeBgAwPK,22,5,5.6901491840,0.6901491840,1.1380298368,5.75670047,Solved
L?AAD@Oi@g@LVO,21,5,5.6901491835,0.6901491835,1.1380298367,5.82691143,Solved
L?AA@BOTFOEoic,22,5,5.6901491833,0.6901491833,1.1380298367,5.80692004,Solved
L?AAD?sXDoJGqG,22,5,5.6901491832,0.6901491832,1.1380298366,5.77970145,Solved
L?AA@AOTEoDcic,21,5,5.6901491832,0.6901491832,1.1380298366,5.81625404,Solved
L?ABA_gaO]L_PK,22,5,5.6901491830,0.6901491830,1.1380298366,5.83016680,Solved
L?AA@BOT@TEom_,22,5,5.6901491827,0.6901491827,1.1380298365,5.81772192,Solved
L?AAD@Oi@gDcAY,20,5,5.6901491826,0.6901491826,1.1380298365,5.80892855,Solved
L?AAD@Oi@gBgAy,21,5,5.6901491826,0.6901491826,1.1380298365,5.76884096,Solved
L?AAD?oZBoXCRW,23,5,5.6901491825,0.6901491825,1.1380298365,5.81094298,Solved
L?AA@AWT@Sl_cR,22,5,5.6901491824,0.6901491824,1.1380298365,5.75340703,Solved
L?AA@BOTDODsm_,22,5,5.6901491824,0.6901491824,1.1380298365,5.81573451,Solved
L?AAD?sXCoHKVO,22,5,5.6901491824,0.6901491824,1.1380298365,5.78153291,Solved
L?AA@AOT@sDUZG,22,5,5.6901491823,0.6901491823,1.1380298365,5.79574740,Solved
L?AA@BOTFODoic,22,5,5.6901491820,0.6901491820,1.1380298364,5.81603331,Solved
L?AA@AOTEoDoic,21,5,5.6901491819,0.6901491819,1.1380298364,5.81346341,Solved
L?AA@AOT?{V?Ik,21,5,5.6901491818,0.6901491818,1.1380298364,5.80402806,Solved
L?AAD?oEEP@k^?,21,5,5.6901491816,0.6901491816,1.1380298363,5.80591152,Solved
L?AA@BOTCcL_Jg,21,5,5.6901491815,0.6901491815,1.1380298363,5.81081535,Solved
L?AEB?WM?mRG^?,23,5,5.6901491812,0.6901491812,1.1380298362,5.74594158,Solved
L?AAD@Oi@cJGHg,20,5,5.6901306791,0.6901306791,1.1380261358,5.74866353,Solved
L?AA@AWT@SBg}?,21,5,5.6901204880,0.6901204880,1.1380240976,5.77557981,Solved
L?ABAaGBaoSI[G,21,5,5.6901047897,0.6901047897,1.1380209579,5.77051490,Solved
L?AAD?wXF_QQRP,23,5,5.6900863205,0.6900863205,1.1380172641,5.77384782,Solved
L?AAD?wT?]]?UO,22,5,5.6900796505,0.6900796505,1.1380159301,5.78169625,Solved
L?AADbGR@cCsi_,22,5,5.6900785901,0.6900785901,1.1380157180,5.74031035,Solved
L?AAD?oFBoFoRW,23,5,5.6900632659,0.6900632659,1.1380126532,5.75557442,Solved
L?ABA_gaPg`wDk,23,5,5.6900568236,0.6900568236,1.1380113647,5.74215522,Solved
L?ABA_gaOkdg\C,23,5,5.6900568210,0.6900568210,1.1380113642,5.74159470,Solved
L?AAD@Oi@gJGm_,21,5,5.6900502583,0.6900502583,1.1380100517,5.74808118,Solved
L?AAD@OJ@c\?Jg,21,5,5.6900502550,0.6900502550,1.1380100510,5.74036506,Solved
L?AAD@oRDcBgm?,22,5,5.6900361257,0.6900361257,1.1380072251,5.81448908,Solved
L?AAD@OZBgUOBX,23,5,5.6900224191,0.6900224191,1.1380044838,5.75427719,Solved
L?ABA_gaRWQSDK,22,5,5.6900210150,0.6900210150,1.1380042030,5.78309502,Solved
L?AAD@OIBg@kFo,21,5,5.6900072480,0.6900072480,1.1380014496,5.76165141,Solved
L?AA@BOT@SRG^?,21,5,5.6899892793,0.6899892793,1.1379978559,5.74411107,Solved
L?AADAoFBWAwM_,22,5,5.6899750041,0.6899750041,1.1379950008,5.76004758,Solved
L?AAD@oIaw@wTS,23,5,5.6899606672,0.6899606672,1.1379921334,5.74567760,Solved
L?AAD?oNBgAwAy,23,5,5.6899578790,0.6899578790,1.1379915758,5.74520750,Solved
L?AAD?sXCc@[m_,22,5,5.6899302990,0.6899302990,1.1379860598,5.76080125,Solved
L?AAD?oNBgBwm_,24,5,5.6899151729,0.6899151729,1.1379830346,5.76671895,Solved
L?AAD?sXDS@YEs,23,5,5.6898944483,0.6898944483,1.1379788897,5.74838224,Solved
L?AAD?sXDSAYEs,23,5,5.6898944478,0.6898944478,1.1379788896,5.74421259,Solved
L?AA@AWTDSBgeo,22,5,5.6898852656,0.6898852656,1.1379770531,5.79987207,Solved
L?AAD@W{DcF_RQ,24,5,5.6898778854,0.6898778854,1.1379755771,5.79545318,Solved
L?AAD@oIaW@wKa,21,5,5.6898765803,0.6898765803,1.1379753161,5.75184101,Solved
L?AADAoFFOIgM_,22,5,5.6898720889,0.6898720889,1.1379744178,5.75319770,Solved
L?AA@AWT@sDoas,22,5,5.6898710718,0.6898710718,1.1379742144,5.74456425,Solved
L?AAD?wXCc@h{@,22,5,5.6898521018,0.6898521018,1.1379704204,5.76819256,Solved
L?AADbGR@cCse_,22,5,5.6898518721,0.6898518721,1.1379703744,5.74840400,Solved
L?AAD?wT?Um_Fo,23,5,5.6898308770,0.6898308770,1.1379661754,5.77831921,Solved
L?AADAoFFOAwm_,23,5,5.6898062576,0.6898062576,1.1379612515,5.76277989,Solved
L?AAD?oeBGEoag,20,5,5.6898024818,0.6898024818,1.1379604964,5.75182827,Solved
L?AADb_M?[HgZ?,22,5,5.6897851298,0.6897851298,1.1379570260,5.77176085,Solved
L?AA@AWTDSF_eo,22,5,5.6897807045,0.6897807045,1.1379561409,5.75037659,Solved
L?AB?qQUAWSHHS,22,5,5.6897573390,0.6897573390,1.1379514678,5.75189019,Solved
L?AA@AWTDSF_as,22,5,5.6897533279,0.6897533279,1.1379506656,5.79028330,Solved
L?AADbGR@cCsm_,23,5,5.6897085264,0.6897085264,1.1379417053,5.75320099,Solved
L?AEAGoIEPAqV?,21,5,5.6897082296,0.6897082296,1.1379416459,5.76663751,Solved
L?AAD@W[?UtOTO,22,5,5.6896998943,0.6896998943,1.1379399789,5.75016985,Solved
L?AEB?WeBgBoHk,23,5,5.6896877643,0.6896877643,1.1379375529,5.74499503,Solved
L?ABA_ge@Im_ab,23,5,5.6896848005,0.6896848005,1.1379369601,5.76222828,Solved
L?AAD?wT?]]?VO,23,5,5.6896667920,0.6896667920,1.1379333584,5.78554358,Solved
L?AA@AWTDSBg}?,22,5,5.6896461038,0.6896461038,1.1379292208,5.77432635,Solved
L?AAD@oRDc@w\?,22,5,5.6896456815,0.6896456815,1.1379291363,5.77082951,Solved
L?AAD?wT?y\?k_,22,5,5.6896305862,0.6896305862,1.1379261172,5.77266994,Solved
L?AAD?wTDSJG}?,23,5,5.6896101355,0.6896101355,1.1379220271,5.79084165,Solved
L?AAD?wT?]UOFO,22,5,5.6895839007,0.6895839007,1.1379167801,5.76819250,Solved
L?AA@aHMBGAsm_,22,5,5.6895786965,0.6895786965,1.1379157393,5.74632476,Solved
L?AE@`gF?lXGV?,23,5,5.6895640395,0.6895640395,1.1379128079,5.74945648,Solved
L?AAD@oIaW^?Bw,23,5,5.6895625879,0.6895625879,1.1379125176,5.74977953,Solved
L?AAD?wT?y@wm_,23,5,5.6895347520,0.6895347520,1.1379069504,5.74589499,Solved
L?AAD@oi_yBom?,23,5,5.6895347490,0.6895347490,1.1379069498,5.74091270,Solved
L?AADBOX@K@W]?,20,5,5.6895261178,0.6895261178,1.1379052236,5.75692103,Solved
L?ABA_gaRWZ?ci,23,5,5.6895235573,0.6895235573,1.1379047115,5.74199546,Solved
L?AAD?wTDSZ?VO,23,5,5.6894946307,0.6894946307,1.1378989261,5.79782586,Solved
L?AA@AWTDcHg}?,22,5,5.6894913336,0.6894913336,1.1378982667,5.77024309,Solved
L?AADbGHdcHgJ_,23,5,5.6894865037,0.6894865037,1.1378973007,5.74034720,Solved
L?AA@BOTDOAXA[,20,5,5.6894785236,0.6894785236,1.1378957047,5.74548594,Solved
L?AAD?oy?]Bom_,23,5,5.6894668422,0.6894668422,1.1378933684,5.77581870,Solved
L?AAD?wTDOaw^?,23,5,5.6894535932,0.6894535932,1.1378907186,5.76437428,Solved
L?AA@BOm?{FOBw,23,5,5.6894423434,0.6894423434,1.1378884687,5.81194190,Solved
L?AA@AOTDoDSas,21,5,5.6894084133,0.6894084133,1.1378816827,5.75144924,Solved
L?AAD?wXF_@wRO,22,5,5.6893964082,0.6893964082,1.1378792816,5.78795230,Solved
L?ABA_gaOh@wWF,22,5,5.6893624187,0.6893624187,1.1378724837,5.75796789,Solved
L?AA@AWTF_JGeo,22,5,5.6893486387,0.6893486387,1.1378697277,5.74905782,Solved
L?AAD?oy@sHgVO,23,5,5.6893387554,0.6893387554,1.1378677511,5.74063974,Solved
L?AAD?oy@sJ_VO,23,5,5.6893387521,0.6893387521,1.1378677504,5.74623649,Solved
L?AAD@W[?YdoZ?,22,5,5.6893387519,0.6893387519,1.1378677504,5.75402508,Solved
L?AA@BOTFORGic,22,5,5.6893162791,0.6893162791,1.1378632558,5.74926534,Solved
L?AADAo\@kHg^?,24,5,5.6893126492,0.6893126492,1.1378625298,5.74726468,Solved
L?AAD@W[?Ydo^?,23,5,5.6893126438,0.6893126438,1.1378625288,5.74792887,Solved
L?AAD?oZBo@wRW,23,5,5.6893126435,0.6893126435,1.1378625287,5.75267669,Solved
L?AADAoZ@kHg^?,24,5,5.6893126430,0.6893126430,1.1378625286,5.74761954,Solved
L?AE@`HBf_N?J_,23,5,5.6892913877,0.6892913877,1.1378582775,5.76013740,Solved
L?AAD?wT?Uawic,23,5,5.6892913650,0.6892913650,1.1378582730,5.75405565,Solved
L?AA@aHMBWZ?Kg,22,5,5.6892803122,0.6892803122,1.1378560624,5.75143785,Solved
L?AEB?WU@HawN_,23,5,5.6892742903,0.6892742903,1.1378548581,5.74248801,Solved
L?AAD@W[@gPOHg,20,5,5.6892672892,0.6892672892,1.1378534578,5.75979103,Solved
L?AA@AOT?k\?uO,20,5,5.6892449430,0.6892449430,1.1378489886,5.74063823,Solved
L?AA@AOT?k\?qO,19,5,5.6892449423,0.6892449423,1.1378489885,5.74726360,Solved
L?AAD?WLFOAwm_,22,5,5.6892348634,0.6892348634,1.1378469727,5.78494423,Solved
L?AB?qQU@WKKm?,22,5,5.6892230132,0.6892230132,1.1378446026,5.78040667,Solved
L?AA@_geBgPWL_,21,5,5.6892085815,0.6892085815,1.1378417163,5.74050653,Solved
L?AB?qQU@WKKF`,23,5,5.6892069429,0.6892069429,1.1378413886,5.75409911,Solved
L?AB?qQU@WKK}?,23,5,5.6891916483,0.6891916483,1.1378383297,5.76915739,Solved
L?AAD@Oi?sL_Dc,20,5,5.6891446580,0.6891446580,1.1378289316,5.75669698,Solved
L?AA@BOmDSDoTQ,23,5,5.6891427559,0.6891427559,1.1378285512,5.74926147,Solved
L?AA@?WuBgPWm_,22,5,5.6891395014,0.6891395014,1.1378279003,5.74050494,Solved
L?AA@AWT@cXGN_,21,5,5.6891374722,0.6891374722,1.1378274944,5.75876883,Solved
L?AA@AWT@SXGN_,21,5,5.6891298593,0.6891298593,1.1378259719,5.74540935,Solved
L?ABA_gaQWQSPK,21,5,5.6891244333,0.6891244333,1.1378248867,5.75554488,Solved
L?AAD?oNBgPSm_,23,5,5.6891160534,0.6891160534,1.1378232107,5.75726139,Solved
L?AAD?oFEo@[UO,21,5,5.6891108603,0.6891108603,1.1378221721,5.77214105,Solved
L?AAD@W[?w@qm_,22,5,5.6891053723,0.6891053723,1.1378210745,5.75659172,Solved
L?AADbGLFOAsm_,24,5,5.6891011968,0.6891011968,1.1378202394,5.81188636,Solved
L?AAD?sXCcBQ}?,22,5,5.6891011962,0.6891011962,1.1378202392,5.78080656,Solved
L?AAD?W\DcHg{?,22,5,5.6890170425,0.6890170425,1.1378034085,5.77535969,Solved
L?AAD?wLEOAwm_,22,5,5.6890105769,0.6890105769,1.1378021154,5.80416904,Solved
L?AADAoFFOAwL_,22,5,5.6889969686,0.6889969686,1.1377993937,5.81292807,Solved
L?AAD@OI@gQQBX,20,5,5.6889300702,0.6889300702,1.1377860140,5.74118439,Solved
L?AAD?wXCchgy?,22,5,5.6889066597,0.6889066597,1.1377813319,5.76297038,Solved
L?AAD?w\FOIgi`,24,5,5.6889025299,0.6889025299,1.1377805060,5.80075018,Solved
L?AAD@OJ@k\?Dp,22,5,5.6888845276,0.6888845276,1.1377769055,5.74676036,Solved
L?AAD@W[?k@i^?,22,5,5.6888845259,0.6888845259,1.1377769052,5.78094682,Solved
L?AA@BOm@wDoBw,23,5,5.6888701626,0.6888701626,1.1377740325,5.77911461,Solved
L?ABA_gaOdm_JQ,23,5,5.6888638566,0.6888638566,1.1377727713,5.77968288,Solved
L?AAD@OICcJGN_,20,5,5.6888601772,0.6888601772,1.1377720354,5.74034795,Solved
L?AAD?wLEOIgN_,22,5,5.6888555703,0.6888555703,1.1377711141,5.74463576,Solved
L?AAD@oR@s@wKc,22,5,5.6888228178,0.6888228178,1.1377645636,5.74246893,Solved
L?AAD?oNBWBoBw,23,5,5.6888065736,0.6888065736,1.1377613147,5.75029873,Solved
L?AAD@oIaW@sTS,22,5,5.6887952296,0.6887952296,1.1377590459,5.75477204,Solved
L?AE@`DY?w\?F_,22,5,5.6887896629,0.6887896629,1.1377579326,5.74902449,Solved
L?AA@BOTDO@gM_,19,5,5.6887854315,0.6887854315,1.1377570863,5.74675747,Solved
L?AAD?wXCc@YRQ,22,5,5.6887809121,0.6887809121,1.1377561824,5.74712385,Solved
L?AAD@oIaWDoTC,21,5,5.6887805834,0.6887805834,1.1377561167,5.77542420,Solved
L?AADAoFBoIgBw,23,5,5.6887724858,0.6887724858,1.1377544972,5.79347281,Solved
L?AA@BOm@s@wFo,23,5,5.6887404533,0.6887404533,1.1377480907,5.77712496,Solved
L?AADBOX@K@W^?,21,5,5.6887331772,0.6887331772,1.1377466354,5.74523223,Solved
L?AAD?wTDSAw}?,23,5,5.6887234459,0.6887234459,1.1377446892,5.74276986,Solved
L?AAD?cuF_HKL`,23,5,5.6887211985,0.6887211985,1.1377442397,5.75285005,Solved
L?AAD@W[@KTOTO,21,5,5.6887208070,0.6887208070,1.1377441614,5.74668442,Solved
L?AA@AWT@SBoas,21,5,5.6887089568,0.6887089568,1.1377417914,5.74628830,Solved
L?AAD@oI_iBoyA,22,5,5.6886940603,0.6886940603,1.1377388121,5.77242321,Solved
L?AAD@OI@gBWCs,19,5,5.6886530375,0.6886530375,1.1377306075,5.74874587,Solved
L?AA@aHMBGZ?Ea,21,5,5.6886449349,0.6886449349,1.1377289870,5.77625751,Solved
L?AA@BOm?y@wVO,23,5,5.6886406979,0.6886406979,1.1377281396,5.75237388,Solved
L?AA@BOmAqDom_,23,5,5.6886406967,0.6886406967,1.1377281393,5.75201345,Solved
L?AAD?wTCSbgu?,22,5,5.6886392418,0.6886392418,1.1377278484,5.74979079,Solved
L?AAD@Oi@cJG\?,20,5,5.6886261461,0.6886261461,1.1377252292,5.75494971,Solved
L?AA@aHMBGZ?ea,22,5,5.6886178480,0.6886178480,1.1377235696,5.77029355,Solved
L?AAD@W[?[FOHg,21,5,5.6885907559,0.6885907559,1.1377181512,5.74863233,Solved
L?AAD@oIaoBoBg,21,5,5.6885624140,0.6885624140,1.1377124828,5.80656510,Solved
L?AAD?wX?erOyA,23,5,5.6885475606,0.6885475606,1.1377095121,5.78784357,Solved
L?AA@?WuBgHgaq,22,5,5.6885425014,0.6885425014,1.1377085003,5.74528041,Solved
L?AAD@oIaWJgBw,23,5,5.6885358553,0.6885358553,1.1377071711,5.74366604,Solved
L?AAD@oRDc@w^?,23,5,5.6885311251,0.6885311251,1.1377062250,5.74952376,Solved
L?AAD@OiBgJGk_,21,5,5.6885301479,0.6885301479,1.1377060296,5.74120515,Solved
L?AAD?wX?kIgqA,21,5,5.6885294181,0.6885294181,1.1377058836,5.78987356,Solved
L?AAD?wXCcBIy?,21,5,5.6885029300,0.6885029300,1.1377005860,5.75326822,Solved
L?ABA_gaV_L_Cl,23,5,5.6885026795,0.6885026795,1.1377005359,5.74157567,Solved
L?AAD@oRDoROVO,23,5,5.6884976173,0.6884976173,1.1376995235,5.75419110,Solved
L?AA@AWTBoBgm_,22,5,5.6884832167,0.6884832167,1.1376966433,5.75611497,Solved
L?AADBOX?sFOAs,21,5,5.6884535497,0.6884535497,1.1376907099,5.74365619,Solved
L?AAD?oEBW@sJ_,20,5,5.6884513927,0.6884513927,1.1376902785,5.75469828,Solved
L?AAD@OJBo@kL_,21,5,5.6884301320,0.6884301320,1.1376860264,5.78513254,Solved
L?AAD@W[@WEoBS,21,5,5.6884255775,0.6884255775,1.1376851155,5.76598311,Solved
L?AADbGL?[]?Hg,22,5,5.6883940997,0.6883940997,1.1376788199,5.75617624,Solved
L?AA@qoR?\SQJ_,23,5,5.6883889632,0.6883889632,1.1376777926,5.78006592,Solved
L?AAD@oe`sBgAw,23,5,5.6883889621,0.6883889621,1.1376777924,5.74695939,Solved
L?AAD@oicsBgAw,23,5,5.6883889597,0.6883889597,1.1376777919,5.74486848,Solved
L?AAD@OICcm_BW,20,5,5.6883784893,0.6883784893,1.1376756979,5.75001944,Solved
L?AAD@oIag@Xy?,21,5,5.6883507781,0.6883507781,1.1376701556,5.77942836,Solved
L?AAD?sX?s\?ak,22,5,5.6883481735,0.6883481735,1.1376696347,5.76032021,Solved
L?ABAaGBaoMCgU,22,5,5.6883379865,0.6883379865,1.1376675973,5.75030372,Solved
L?AA@BOTDOFOVO,21,5,5.6883128975,0.6883128975,1.1376625795,5.74243309,Solved
L?AA@AWT@wHgm_,22,5,5.6883022291,0.6883022291,1.1376604458,5.74709922,Solved
L?AA@BOmAqDoN_,23,5,5.6882917828,0.6882917828,1.1376583566,5.74912114,Solved
L?AAD@oI_yJ_Bw,23,5,5.6882858864,0.6882858864,1.1376571773,5.75374263,Solved
L?AAD?wTDSHg}?,23,5,5.6882690733,0.6882690733,1.1376538147,5.79568464,Solved
L?AAD@OI?sL_Ds,20,5,5.6882651714,0.6882651714,1.1376530343,5.77109690,Solved
L?AAD@Oi?sL_Ds,21,5,5.6882519255,0.6882519255,1.1376503851,5.74573864,Solved
L?AA@AWT@cPWqQ,21,5,5.6882073125,0.6882073125,1.1376414625,5.74718110,Solved
L?AAD@W[?[ROFO,21,5,5.6882063468,0.6882063468,1.1376412694,5.76087169,Solved
L?AAD@W[?[BgHg,21,5,5.6881917897,0.6881917897,1.1376383579,5.75851569,Solved
L?AA@AOTDSAweO,20,5,5.6881782813,0.6881782813,1.1376356563,5.75188697,Solved
L?AAD@W[?[UOUO,21,5,5.6881712677,0.6881712677,1.1376342535,5.76181550,Solved
L?AADBOX@KBOAk,20,5,5.6881522607,0.6881522607,1.1376304521,5.74014540,Solved
L?AAD@W[?]UOUO,22,5,5.6881405097,0.6881405097,1.1376281019,5.76673607,Solved
L?AAD@W[?YUON_,22,5,5.6881305760,0.6881305760,1.1376261152,5.77723639,Solved
L?AAD@Oi?sM_Aw,20,5,5.6881071764,0.6881071764,1.1376214353,5.76455260,Solved
L?ABAaGBf_J_gT,23,5,5.6880819064,0.6880819064,1.1376163813,5.76050107,Solved
L?AAD@oR?\UOZ?,22,5,5.6880516024,0.6880516024,1.1376103205,5.75760054,Solved
L?AAD?wT?Ubo\A,23,5,5.6880506707,0.6880506707,1.1376101341,5.75137420,Solved
L?AAD?wX?eboZA,23,5,5.6880506706,0.6880506706,1.1376101341,5.77332185,Solved
L?AA@BOTDSDsm_,23,5,5.6880416705,0.6880416705,1.1376083341,5.79657670,Solved
L?ABAaGBf?ic^?,23,5,5.6880416700,0.6880416700,1.1376083340,5.75718970,Solved
L?AA@BOTEoDoic,22,5,5.6880416683,0.6880416683,1.1376083337,5.79756794,Solved
L?AAF@cE_mROm_,24,5,5.6880416657,0.6880416657,1.1376083331,5.74879181,Solved
L?AEB?WU@DawN_,23,5,5.6880416654,0.6880416654,1.1376083331,5.76345017,Solved
L?AA@BOTCsTOJg,22,5,5.6880416652,0.6880416652,1.1376083330,5.80469168,Solved
L?AA@BOTDSDs^?,23,5,5.6880416646,0.6880416646,1.1376083329,5.80082879,Solved
L?AADb_BaY\?ka,24,5,5.6880416637,0.6880416637,1.1376083327,5.74803649,Solved
L?AADAoFFOHKDb,23,5,5.6880416629,0.6880416629,1.1376083326,5.76062173,Solved
L?AAD?wX?qig}?,23,5,5.6880416629,0.6880416629,1.1376083326,5.80418403,Solved
L?AAD?wX?qigad,23,5,5.6880416619,0.6880416619,1.1376083324,5.74899073,Solved
L?AA@aHRRHN?}?,24,5,5.6880416619,0.6880416619,1.1376083324,5.79939655,Solved
L?AAD?oNBoXCRW,23,5,5.6880416613,0.6880416613,1.1376083323,5.80681193,Solved
L?AAF@cEf_Bocg,23,5,5.6880416607,0.6880416607,1.1376083321,5.76451544,Solved
L?AAF@cE_yRO\?,23,5,5.6880416607,0.6880416607,1.1376083321,5.74177649,Solved
L?ABAaGBf?ckZ?,22,5,5.6880416607,0.6880416607,1.1376083321,5.78694193,Solved
L?AADAoFEoHKHb,23,5,5.6880416605,0.6880416605,1.1376083321,5.76464161,Solved
L?AA@aHmFOAsm_,24,5,5.6880328611,0.6880328611,1.1376065722,5.74504686,Solved
L?AAD@OIAwEoAw,20,5,5.6880040937,0.6880040937,1.1376008187,5.76149861,Solved
L?AE@aoQQWEoy?,22,5,5.6880030612,0.6880030612,1.1376006122,5.75082906,Solved
L?AAD@oR?s@[m_,22,5,5.6879616050,0.6879616050,1.1375923210,5.74611929,Solved
L?AAD@oIaW@[m_,22,5,5.6879616043,0.6879616043,1.1375923209,5.74883235,Solved
L?AAD@oR?VUOi_,22,5,5.6879616021,0.6879616021,1.1375923204,5.74052152,Solved
L?AAD?oyBWAwTO,22,5,5.6879479766,0.6879479766,1.1375895953,5.77345846,Solved
L?AADbGR@cEcy?,22,5,5.6879421335,0.6879421335,1.1375884267,5.74516581,Solved
L?AAD?sXCSBW^?,22,5,5.6879406641,0.6879406641,1.1375881328,5.74675780,Solved
L?AAD@W[?Yboka,23,5,5.6879294422,0.6879294422,1.1375858884,5.75250045,Solved
L?AADbGR@ceoy?,23,5,5.6879241614,0.6879241614,1.1375848323,5.75921886,Solved
L?AAD?wX?kIgyA,22,5,5.6879161066,0.6879161066,1.1375832213,5.77871100,Solved
L?AAD?wT?Ubwic,24,5,5.6878928404,0.6878928404,1.1375785681,5.74521257,Solved
L?AAD?wX?ebom_,23,5,5.6878307253,0.6878307253,1.1375661451,5.74371076,Solved
L?AAD?W{DcHg^?,23,5,5.6878290844,0.6878290844,1.1375658169,5.78312538,Solved
L?AAD@oRDoBgAw,22,5,5.6878202702,0.6878202702,1.1375640540,5.75903225,Solved
L?AAD?oeAg@sVO,21,5,5.6878106967,0.6878106967,1.1375621393,5.74824281,Solved
L?AAD@oIagBWBW,21,5,5.6877947880,0.6877947880,1.1375589576,5.75069294,Solved
L?AAD?wXCc@w\?,21,5,5.6877771838,0.6877771838,1.1375554368,5.75777443,Solved
L?AAD@OJDcHgJg,22,5,5.6877582982,0.6877582982,1.1375516596,5.74131669,Solved
L?AAD?wTDSJg}?,24,5,5.6877510641,0.6877510641,1.1375502128,5.78242349,Solved
L?AEB?We@HEo^?,22,5,5.6877360558,0.6877360558,1.1375472112,5.76143135,Solved
L?AAD?sXCcN?QY,22,5,5.6877317056,0.6877317056,1.1375463411,5.76023469,Solved
L?AA@qoRDCj_N_,24,5,5.6877189596,0.6877189596,1.1375437919,5.83754859,Solved
L?AAD?sXCcHK^?,22,5,5.6876920182,0.6876920182,1.1375384036,5.77428739,Solved
L?AAD@oIagBWBw,22,5,5.6876652696,0.6876652696,1.1375330539,5.74561267,Solved
L?AA@AOTDSEouO,21,5,5.6876571037,0.6876571037,1.1375314207,5.74019407,Solved
L?AA@BOT@c@WIg,19,5,5.6876568258,0.6876568258,1.1375313652,5.76234782,Solved
L?AADBOX@KROAk,21,5,5.6876382171,0.6876382171,1.1375276434,5.77017160,Solved
L?AAD?w\DSBoDo,23,5,5.6876147538,0.6876147538,1.1375229508,5.76248448,Solved
L?AAD?oeBGHKAi,20,5,5.6875987074,0.6875987074,1.1375197415,5.76770570,Solved
L?AB?poq?wCiwO,22,5,5.6875940646,0.6875940646,1.1375188129,5.74303270,Solved
L?AA@BOmDS@wJg,23,5,5.6875898345,0.6875898345,1.1375179669,5.74497472,Solved
L?AAD?W{DcM_RQ,23,5,5.6875491800,0.6875491800,1.1375098360,5.76206616,Solved
L?AAD?wX?kBoyA,22,5,5.6875398984,0.6875398984,1.1375079797,5.78683100,Solved
L?AAD@oR@sBgm?,22,5,5.6874999545,0.6874999545,1.1374999909,5.75807939,Solved
L?AAD@oI_iJ_}?,22,5,5.6874999544,0.6874999544,1.1374999909,5.78400040,Solved
L?ABA_gUCcDgao,21,5,5.6874934058,0.6874934058,1.1374986812,5.74259480,Solved
L?AAD?wLEOVODq,23,5,5.6874885861,0.6874885861,1.1374977172,5.79167952,Solved
L?AA@AWT@SZ?eo,21,5,5.6874717182,0.6874717182,1.1374943436,5.74057936,Solved
L?AAD@OI?{L_Ct,21,5,5.6874495952,0.6874495952,1.1374899190,5.74436620,Solved
L?AAD?oeBGHcAy,21,5,5.6874338799,0.6874338799,1.1374867760,5.74851512,Solved
L?AAD?sXCcVOA{,23,5,5.6874338711,0.6874338711,1.1374867742,5.75457984,Solved
L?AAD@Oy@sAw\?,22,5,5.6874252088,0.6874252088,1.1374850418,5.77866277,Solved
L?AAD?sXDoBWCs,22,5,5.6874142020,0.6874142020,1.1374828404,5.76364554,Solved
L?AAD@oI_i@sm_,22,5,5.6874118089,0.6874118089,1.1374823618,5.76636758,Solved
L?AAD@W[?]Boe_,22,5,5.6873975714,0.6873975714,1.1374795143,5.77219271,Solved
L?AAD?sXCo@WJ_,20,5,5.6873945947,0.6873945947,1.1374789189,5.74398581,Solved
L?AAD?oeBGBoai,21,5,5.6873876642,0.6873876642,1.1374775328,5.74795340,Solved
L?AAD?oFFO@kN_,22,5,5.6873853748,0.6873853748,1.1374770750,5.74454215,Solved
L?AAD?oeAwEoqH,22,5,5.6873853740,0.6873853740,1.1374770748,5.74269431,Solved
L?AAD?wT@[]?Bp,23,5,5.6873754830,0.6873754830,1.1374750966,5.75904465,Solved
L?AAD?WLFOVODq,23,5,5.6873528194,0.6873528194,1.1374705639,5.76526628,Solved
L?AA@aHMAW]?ga,21,5,5.6873475783,0.6873475783,1.1374695157,5.74263393,Solved
L?ABA_gaRWQSPK,22,5,5.6873465145,0.6873465145,1.1374693029,5.77625058,Solved
L?AAD@oIaWV?TS,22,5,5.6873375456,0.6873375456,1.1374675091,5.80299139,Solved
L?AAD@OI@gAYFo,20,5,5.6873360553,0.6873360553,1.1374672111,5.75797229,Solved
L?ABA_gaPYMaCm,24,5,5.6873312593,0.6873312593,1.1374662519,5.77047639,Solved
L?AAD@OIBgAYFo,21,5,5.6873264257,0.6873264257,1.1374652851,5.76007145,Solved
L?AAD@oR?s\?Fo,22,5,5.6873235641,0.6873235641,1.1374647128,5.77397556,Solved
L?AAD@Oi@wDoVO,22,5,5.6873152369,0.6873152369,1.1374630474,5.78322517,Solved
L?AAD?wXAiAwy@,23,5,5.6872790806,0.6872790806,1.1374558161,5.77336189,Solved
L?AA@AWT@c@h^?,21,5,5.6872788198,0.6872788198,1.1374557640,5.74498920,Solved
L?AAD@oRDoTOTP,23,5,5.6872590779,0.6872590779,1.1374518156,5.80174944,Solved
L?AAD?sXDoBWEs,23,5,5.6872560277,0.6872560277,1.1374512055,5.74443853,Solved
L?AAD@oIaWUOTO,21,5,5.6872543639,0.6872543639,1.1374508728,5.79822248,Solved
L?AAD@oIagZ?VO,22,5,5.6872281683,0.6872281683,1.1374456337,5.74845508,Solved
L?AA@BOJLS\?cs,23,5,5.6871677057,0.6871677057,1.1374335411,5.76168031,Solved
L?AAD@W{AYUO^?,24,5,5.6871612402,0.6871612402,1.1374322480,5.78766714,Solved
L?AADb_M?[J_Eg,22,5,5.6871530649,0.6871530649,1.1374306130,5.80173681,Solved
L?AAD?wTCSjGu?,22,5,5.6871296782,0.6871296782,1.1374259356,5.77855570,Solved
L?AAD?wXCcHgL_,21,5,5.6871236140,0.6871236140,1.1374247228,5.78376840,Solved
L?AAD@W[?[TOSR,22,5,5.6871130672,0.6871130672,1.1374226134,5.74710927,Solved
L?ABA_gaQWAqBo,21,5,5.6871060615,0.6871060615,1.1374212123,5.75704978,Solved
L?AAD?wXF_PQTP,23,5,5.6871031537,0.6871031537,1.1374206307,5.75614816,Solved
L?AAD@oIaWQPAw,21,5,5.6871022713,0.6871022713,1.1374204543,5.75169332,Solved
L?AA@BOTDOAXA{,21,5,5.6870969172,0.6870969172,1.1374193834,5.74496943,Solved
L?AADBOX?sFOA{,22,5,5.6870669034,0.6870669034,1.1374133807,5.74074331,Solved
L?AA@AWT@cHh^?,22,5,5.6870499620,0.6870499620,1.1374099924,5.74127569,Solved
L?AAD@oI_ZIg^?,23,5,5.6870202157,0.6870202157,1.1374040431,5.74116890,Solved
L?AA@AWT@SBWsQ,21,5,5.6869921517,0.6869921517,1.1373984303,5.75715040,Solved
L?AA@AWT@SYHeo,22,5,5.6869898778,0.6869898778,1.1373979756,5.75046355,Solved
L?AAD@OI@gROAy,20,5,5.6869838565,0.6869838565,1.1373967713,5.74502419,Solved
L?AAD@OJBgTCm_,22,5,5.6869544204,0.6869544204,1.1373908841,5.77075603,Solved
L?AE@aoQQWCq}?,23,5,5.6869362105,0.6869362105,1.1373872421,5.74575079,Solved
L?AADbGR@cCs}?,23,5,5.6869318309,0.6869318309,1.1373863662,5.75405108,Solved
L?AAD@OI@sAY^?,21,5,5.6869242727,0.6869242727,1.1373848545,5.74092460,Solved
L?AAD@OI@g@Xm_,20,5,5.6869099613,0.6869099613,1.1373819923,5.74226992,Solved
L?AEB?We@Dj_F_,22,5,5.6869030057,0.6869030057,1.1373806011,5.74242013,Solved
L?AAD@oIaWDoca,21,5,5.6869008158,0.6869008158,1.1373801632,5.75821289,Solved
L?AADBOX@cDoAk,21,5,5.6869008148,0.6869008148,1.1373801630,5.75080812,Solved
L?AAD@oIaW@[Ka,21,5,5.6868941008,0.6868941008,1.1373788202,5.76246010,Solved
L?AAD@OI@g@\m_,21,5,5.6868933954,0.6868933954,1.1373786791,5.74106796,Solved
L?AAD?oeBGHKAy,21,5,5.6868881398,0.6868881398,1.1373776280,5.74633603,Solved
L?AA@aHMBGZ?L_,21,5,5.6868848102,0.6868848102,1.1373769620,5.76869155,Solved
L?AA@_geBGeoci,22,5,5.6868750649,0.6868750649,1.1373750130,5.75703122,Solved
L?AAD?wT?]JG{A,23,5,5.6868704952,0.6868704952,1.1373740990,5.76954394,Solved
L?AAD@Oi?{L_Cs,21,5,5.6868261356,0.6868261356,1.1373652271,5.74764683,Solved
L?AA@BOTDO@gCq,19,5,5.6868184180,0.6868184180,1.1373636836,5.74503137,Solved
L?AADAoFEo@wVO,23,5,5.6868019111,0.6868019111,1.1373603822,5.79472956,Solved
L?ABAaGBf_IcgT,23,5,5.6868016590,0.6868016590,1.1373603318,5.74800807,Solved
L?AAD@OJ@cAwm?,20,5,5.6867915829,0.6867915829,1.1373583166,5.78473248,Solved
L?AA@BOTDOBgCq,20,5,5.6867624072,0.6867624072,1.1373524814,5.74809844,Solved
L?AAD?oEBWEoqH,21,5,5.6867462341,0.6867462341,1.1373492468,5.74212818,Solved
L?AAD?oEBWDoRW,21,5,5.6867462316,0.6867462316,1.1373492463,5.75307824,Solved
L?AA@AOTDSAweo,21,5,5.6867141846,0.6867141846,1.1373428369,5.75201317,Solved
L?AAD?WLFOIgac,21,5,5.6867124941,0.6867124941,1.1373424988,5.76983778,Solved
L?AAD@oIaWAiu?,21,5,5.6867006002,0.6867006002,1.1373401200,5.75405658,Solved
L?AAD@oIaW@[ka,22,5,5.6866660944,0.6866660944,1.1373332189,5.76312974,Solved
L?AAD?sX?sV?A{,22,5,5.6866582231,0.6866582231,1.1373316446,5.77469289,Solved
L?AAD?wTDSAwJ_,22,5,5.6866311319,0.6866311319,1.1373262264,5.75932066,Solved
L?AAD@W[?mTOTO,22,5,5.6866178833,0.6866178833,1.1373235767,5.74287039,Solved
L?AAD?W{AYN_Bs,24,5,5.6866112041,0.6866112041,1.1373222408,5.77180022,Solved
L?ABA_gaOwAsWE,21,5,5.6865994219,0.6865994219,1.1373198844,5.74733109,Solved
L?AAD?WLBGFoae,22,5,5.6865907845,0.6865907845,1.1373181569,5.76753805,Solved
L?AA@AOTFOAwuO,21,5,5.6865880142,0.6865880142,1.1373176028,5.75331074,Solved
L?ABAaGBaoCk[G,21,5,5.6865805100,0.6865805100,1.1373161020,5.75083479,Solved
L?AA@AOT?{N?Bw,21,5,5.6865525460,0.6865525460,1.1373105092,5.74264233,Solved
L?AAD@OI@kL_Bw,21,5,5.6865486743,0.6865486743,1.1373097349,5.74698394,Solved
L?AADaoR@[FOBo,23,5,5.6865031473,0.6865031473,1.1373006295,5.78523733,Solved
L?AAD?sX@sAwA{,23,5,5.6864927129,0.6864927129,1.1372985426,5.75754421,Solved
L?AA@BOm?u@wm_,23,5,5.6864386914,0.6864386914,1.1372877383,5.77078448,Solved
L?AAD?sXAoUOec,22,5,5.6864344755,0.6864344755,1.1372868951,5.77395387,Solved
L?AADAoFEoHgFo,23,5,5.6864168314,0.6864168314,1.1372833663,5.75397331,Solved
L?AEB?WNBg@weO,23,5,5.6864027772,0.6864027772,1.1372805554,5.74013289,Solved
L?AEB?c{@[^?cY,25,5,5.6863591193,0.6863591193,1.1372718239,5.76468431,Solved
L?AAD@OiBg@[e_,21,5,5.6863387381,0.6863387381,1.1372677476,5.74888496,Solved
L?AAD@OiBg@[m_,22,5,5.6863333666,0.6863333666,1.1372666733,5.74522628,Solved
L?AAD@oRDcBgy?,22,5,5.6863333664,0.6863333664,1.1372666733,5.76365464,Solved
L?AAD@oR?sTOUO,21,5,5.6863101849,0.6863101849,1.1372620370,5.77544441,Solved
L?AAF@cE_uV?}?,24,5,5.6863070544,0.6863070544,1.1372614109,5.75061791,Solved
L?AE@aoR?ZFOJ_,23,5,5.6863070518,0.6863070518,1.1372614104,5.74809512,Solved
L?AAF@cE_u]?}?,24,5,5.6863070514,0.6863070514,1.1372614103,5.74345493,Solved
L?AADbGX@cAsZ?,22,5,5.6862989463,0.6862989463,1.1372597893,5.75462812,Solved
L?AAD@OiAwEoDs,22,5,5.6862950966,0.6862950966,1.1372590193,5.74262037,Solved
L?AAD@W{DcN_RQ,25,5,5.6862736048,0.6862736048,1.1372547210,5.78181563,Solved
L?AA@BOT@cTOA],21,5,5.6862574373,0.6862574373,1.1372514875,5.74958182,Solved
L?AA@qoR@[J_kC,23,5,5.6862484192,0.6862484192,1.1372496838,5.78356227,Solved
L?AAD@oi`w@[TD,24,5,5.6862342387,0.6862342387,1.1372468477,5.74492383,Solved
L?AAD?oeAWJGBw,21,5,5.6862340243,0.6862340243,1.1372468049,5.75381969,Solved
L?AEB?WeBgDoHK,22,5,5.6862202871,0.6862202871,1.1372440574,5.75261947,Solved
L?AA@BOTDOHgCq,20,5,5.6862153829,0.6862153829,1.1372430766,5.74121173,Solved
L?AA@AWT@c@h}?,21,5,5.6862053137,0.6862053137,1.1372410627,5.74839459,Solved
L?AA@BOTDOAXVO,21,5,5.6862037186,0.6862037186,1.1372407437,5.74041572,Solved
L?AAD?sXCcN_QY,23,5,5.6861949025,0.6861949025,1.1372389805,5.75902093,Solved
L?AAD@oRDcBgu?,22,5,5.6861935759,0.6861935759,1.1372387152,5.77896001,Solved
L?AAD@W[?]ROFO,22,5,5.6861929257,0.6861929257,1.1372385851,5.75766796,Solved
L?AAD?wTCSbg}?,23,5,5.6861639546,0.6861639546,1.1372327909,5.75766511,Solved
L?AAD@OyAwDoDs,23,5,5.6861639529,0.6861639529,1.1372327906,5.74100044,Solved
L?AAD@oR?VV?VO,23,5,5.6861639488,0.6861639488,1.1372327898,5.75120769,Solved
L?AE@b_F?ZN?RO,23,5,5.6861639482,0.6861639482,1.1372327896,5.77367406,Solved
L?AA@BOmDSJGJg,23,5,5.6861301703,0.6861301703,1.1372260341,5.75198112,Solved
L?AAD?oeAg@{VO,22,5,5.6861272584,0.6861272584,1.1372254517,5.74994519,Solved
L?AA@_geBgEoaq,22,5,5.6861269171,0.6861269171,1.1372253834,5.74009129,Solved
L?AAD@OZ@[F_ig,23,5,5.6861269147,0.6861269147,1.1372253829,5.76516654,Solved
L?AAD@oRDcBg}?,23,5,5.6861236302,0.6861236302,1.1372247260,5.77349316,Solved
L?AAD@W[?YuO^?,23,5,5.6861236288,0.6861236288,1.1372247258,5.76254464,Solved
L?AAD?WLEOuODq,22,5,5.6861016797,0.6861016797,1.1372203359,5.75208594,Solved
L?AAD@OZBoDcBw,23,5,5.6860636580,0.6860636580,1.1372127316,5.75417721,Solved
L?AA@AWT@wYGeo,22,5,5.6860349487,0.6860349487,1.1372069897,5.74127868,Solved
L?AAD@OI?{N_Bw,22,5,5.6860278996,0.6860278996,1.1372055799,5.77801122,Solved
L?AA@BOT@TF_uO,22,5,5.6860086339,0.6860086339,1.1372017268,5.74777585,Solved
L?AAD@Oi@cAw^?,21,5,5.6859868781,0.6859868781,1.1371973756,5.77983704,Solved
L?AA@agU@kXG\?,22,5,5.6859771555,0.6859771555,1.1371954311,5.76763892,Solved
L?AA@AWT@SPIN_,21,5,5.6859600454,0.6859600454,1.1371920091,5.76160092,Solved
L?AA@AOTBoAweo,21,5,5.6859591333,0.6859591333,1.1371918267,5.75362007,Solved
L?AAD@W[?YUOac,21,5,5.6859494930,0.6859494930,1.1371898986,5.75121447,Solved
L?ABA_gaQW]?DK,21,5,5.6859267294,0.6859267294,1.1371853459,5.76856668,Solved
L?AAD@Oi?sBWXA,20,5,5.6859197326,0.6859197326,1.1371839465,5.74619965,Solved
L?AAD@OICcEoVO,20,5,5.6858957248,0.6858957248,1.1371791450,5.74083801,Solved
L?AAD@Oi@cAwVO,21,5,5.6858952272,0.6858952272,1.1371790454,5.75112052,Solved
L?ABA_gaRG`wcJ,23,5,5.6858864225,0.6858864225,1.1371772845,5.75307914,Solved
L?AADb_M?[As^?,23,5,5.6858661943,0.6858661943,1.1371732389,5.81360972,Solved
L?AADBOX@KBOBg,20,5,5.6858656264,0.6858656264,1.1371731253,5.74621639,Solved
L?AAD@oI_wIgm_,22,5,5.6858619626,0.6858619626,1.1371723925,5.83047066,Solved
L?AAD?wLAQ@w{@,22,5,5.6858466874,0.6858466874,1.1371693375,5.74118333,Solved
L?AAD@OiDcBoVO,22,5,5.6858394647,0.6858394647,1.1371678929,5.74915099,Solved
L?AAD@W[?[ROEo,21,5,5.6858004890,0.6858004890,1.1371600978,5.75851249,Solved
L?AAD?wT?{\?FO,22,5,5.6857859059,0.6857859059,1.1371571812,5.78285969,Solved
L?AADbGHfOAs\?,23,5,5.6857760613,0.6857760613,1.1371552123,5.78827517,Solved
L?AAD@OI?sQQXA,19,5,5.6857693017,0.6857693017,1.1371538603,5.75163111,Solved
L?AE@b_FEQEo]?,23,5,5.6857660060,0.6857660060,1.1371532012,5.77863975,Solved
L?AA@AWTF_XGic,22,5,5.6857496358,0.6857496358,1.1371499272,5.74514573,Solved
L?AAD@Oi?sJG\?,20,5,5.6857493634,0.6857493634,1.1371498727,5.76500729,Solved
L?AA@AWT@SbWsQ,22,5,5.6857313349,0.6857313349,1.1371462670,5.74643301,Solved
L?AA@AOTFOAweo,21,5,5.6857139467,0.6857139467,1.1371427893,5.74497936,Solved
L?AADb_M?[J_Fg,23,5,5.6857097420,0.6857097420,1.1371419484,5.81383651,Solved
L?AA@AWT@kYGm_,22,5,5.6857012099,0.6857012099,1.1371402420,5.74948524,Solved
L?AA@?WuBgAweo,22,5,5.6857012082,0.6857012082,1.1371402416,5.74003302,Solved
L?AA@AWT@kYGeo,22,5,5.6857012062,0.6857012062,1.1371402412,5.74099004,Solved
L?AADbGX@S@wac,22,5,5.6857012024,0.6857012024,1.1371402405,5.74703327,Solved
L?AA@?WuBgEoeo,22,5,5.6857012020,0.6857012020,1.1371402404,5.74650288,Solved
L?AA@BOTDoUOJg,22,5,5.6857012014,0.6857012014,1.1371402403,5.79552861,Solved
L?AA@AWT@[\?ic,22,5,5.6857012009,0.6857012009,1.1371402402,5.79418272,Solved
L?AAD?wLAWAXka,22,5,5.6857012008,0.6857012008,1.1371402402,5.74958259,Solved
L?AAD?oFBWXCRW,22,5,5.6857012007,0.6857012007,1.1371402401,5.80549903,Solved
L?AAD@oIaoAwSS,21,5,5.6857012007,0.6857012007,1.1371402401,5.74911998,Solved
L?AA@BOJNOPWBw,23,5,5.6857012003,0.6857012003,1.1371402401,5.78531368,Solved
L?AA@AWTDSEoaS,21,5,5.6856815087,0.6856815087,1.1371363017,5.74821757,Solved
L?AAD@OJBo@kDo,21,5,5.6856747538,0.6856747538,1.1371349508,5.76836290,Solved
L?AAD?wTDSAw^?,23,5,5.6856638585,0.6856638585,1.1371327717,5.74576162,Solved
L?AADBOXDcDoAk,22,5,5.6856550595,0.6856550595,1.1371310119,5.75159221,Solved
L?AAD@Oy@wEoDs,23,5,5.6856397950,0.6856397950,1.1371279590,5.74994017,Solved
L?AAD?wTCSjG{?,22,5,5.6856179332,0.6856179332,1.1371235866,5.76052505,Solved
L?AAD?wX?uJ_Cs,22,5,5.6855913602,0.6855913602,1.1371182720,5.78531367,Solved
L?AEB?c{@[QKA{,24,5,5.6855872151,0.6855872151,1.1371174430,5.75914661,Solved
L?AAD?oNBg@[Fo,23,5,5.6855853878,0.6855853878,1.1371170776,5.81658551,Solved
L?AAD?wX?euOyA,23,5,5.6855762913,0.6855762913,1.1371152583,5.74878825,Solved
L?AEB?WMAHeoaR,23,5,5.6855722874,0.6855722874,1.1371144575,5.74479599,Solved
L?AEB?s]F_@wF_,24,5,5.6855636184,0.6855636184,1.1371127237,5.87742196,Solved
L?AAD@Oi@sJG\?,21,5,5.6855365481,0.6855365481,1.1371073096,5.74805417,Solved
L?AAD@OJBoCsFo,22,5,5.6855151027,0.6855151027,1.1371030205,5.74152640,Solved
L?AAD@oIaW@wm_,22,5,5.6855043194,0.6855043194,1.1371008639,5.75763173,Solved
L?AA@AOTDSfoJg,23,5,5.6855032373,0.6855032373,1.1371006475,5.77737651,Solved
L?AAD@OyAw@sig,23,5,5.6855032370,0.6855032370,1.1371006474,5.75643974,Solved
L?AAD?oNBWXCRW,23,5,5.6855032355,0.6855032355,1.1371006471,5.80276302,Solved
L?AEB?WeAHboV?,22,5,5.6855032349,0.6855032349,1.1371006470,5.78058070,Solved
L?AAD?wX?qf_ec,23,5,5.6855032338,0.6855032338,1.1371006468,5.74026846,Solved
L?AAD?cuF_BgUW,23,5,5.6855032337,0.6855032337,1.1371006467,5.80608298,Solved
L?AAD?oyCTHgBw,23,5,5.6855032336,0.6855032336,1.1371006467,5.78790790,Solved
L?AA@BOT@TRON_,22,5,5.6855032331,0.6855032331,1.1371006466,5.80560693,Solved
L?AAD@W[?YbWka,23,5,5.6855032328,0.6855032328,1.1371006466,5.74519578,Solved
L?AE@b_FEQF_BW,23,5,5.6855032325,0.6855032325,1.1371006465,5.74112493,Solved
L?ABAaIUF_TGG[,23,5,5.6855032318,0.6855032318,1.1371006464,5.79386498,Solved
L?AAD@W{DcBoBU,24,5,5.6855032317,0.6855032317,1.1371006463,5.75171012,Solved
L?AEB?WeBgAwXK,23,5,5.6855032316,0.6855032316,1.1371006463,5.74135405,Solved
L?AA@aHM@hHg}?,23,5,5.6855032313,0.6855032313,1.1371006463,5.76943739,Solved
L?AAD?W{DcJGFo,23,5,5.6855032313,0.6855032313,1.1371006463,5.76017552,Solved
L?AAD?W{DcJ_Fo,23,5,5.6855032313,0.6855032313,1.1371006463,5.75467144,Solved
L?AAD?wX?qv?VO,23,5,5.6855032312,0.6855032312,1.1371006462,5.78054934,Solved
L?AA@BOTCsEoIk,22,5,5.6855032310,0.6855032310,1.1371006462,5.79900823,Solved
L?AEB?WeBgAwXC,22,5,5.6855032310,0.6855032310,1.1371006462,5.77194179,Solved
L?AAD@oI_yJGBw,23,5,5.6855032308,0.6855032308,1.1371006462,5.74799566,Solved
L?AAD@W{BgCsUP,24,5,5.6855032308,0.6855032308,1.1371006462,5.74557145,Solved
L?AA@BOTDcVOJg,23,5,5.6855032306,0.6855032306,1.1371006461,5.80188973,Solved
L?AAD@OyBWCsUP,23,5,5.6855032303,0.6855032303,1.1371006461,5.76806874,Solved
L?AAD?wXCcawL_,22,5,5.6855032299,0.6855032299,1.1371006460,5.81164886,Solved
L?AA@AWT@[TQ}?,23,5,5.6855032299,0.6855032299,1.1371006460,5.79044186,Solved
L?AAD?oFEPV?VO,22,5,5.6855032298,0.6855032298,1.1371006460,5.79929561,Solved
L?AADbGX@SDoac,22,5,5.6855032296,0.6855032296,1.1371006459,5.78293522,Solved
L?AA@BOT@\VOm_,24,5,5.6855032292,0.6855032292,1.1371006458,5.76500469,Solved
L?AADbGLDoHgLG,23,5,5.6855032291,0.6855032291,1.1371006458,5.78215005,Solved
L?AAD@oRDcAwTO,22,5,5.6855032291,0.6855032291,1.1371006458,5.80341428,Solved
L?AA@BOT@TBom_,22,5,5.6855032291,0.6855032291,1.1371006458,5.79865047,Solved
L?AAD?wLEoJGHb,23,5,5.6855032290,0.6855032290,1.1371006458,5.75790809,Solved
L?AA@BOTCsVOJg,23,5,5.6855032289,0.6855032289,1.1371006458,5.76537319,Solved
L?AEB?WU@DbWN_,23,5,5.6855032289,0.6855032289,1.1371006458,5.74126455,Solved
L?AA@BOTDcN_Jg,23,5,5.6855032287,0.6855032287,1.1371006457,5.79466910,Solved
L?AA@AOTCsBoIk,21,5,5.6855032286,0.6855032286,1.1371006457,5.78941066,Solved
L?AAD?oFEPF_RW,22,5,5.6855032285,0.6855032285,1.1371006457,5.81731488,Solved
L?AA@AOTCsFoIk,22,5,5.6855032284,0.6855032284,1.1371006457,5.79031283,Solved
L?AA@AOT?{TQJg,22,5,5.6855032284,0.6855032284,1.1371006457,5.78704576,Solved
L?AEB?We?{J_XK,23,5,5.6855032283,0.6855032283,1.1371006457,5.74273367,Solved
L?AAD?wXCcawN_,23,5,5.6855032283,0.6855032283,1.1371006457,5.74350948,Solved
L?AAD?wX?q}?VO,23,5,5.6855032281,0.6855032281,1.1371006456,5.80293814,Solved
L?AAD@OyAq@[ig,23,5,5.6855032281,0.6855032281,1.1371006456,5.80629990,Solved
L?AAD?sXDoAYEs,23,5,5.6855032280,0.6855032280,1.1371006456,5.75607309,Solved
L?AA@aHmF_Hg\G,24,5,5.6855032279,0.6855032279,1.1371006456,5.76826942,Solved
L?AA@BOTDoDUN_,23,5,5.6855032279,0.6855032279,1.1371006456,5.79791667,Solved
L?AAD@oIaiAwk_,22,5,5.6855032273,0.6855032273,1.1371006455,5.80561059,Solved
L?AA@BOmCqDSBw,23,5,5.6855032273,0.6855032273,1.1371006455,5.74896561,Solved
L?AAD@OyAYDSBw,23,5,5.6855032272,0.6855032272,1.1371006454,5.79812622,Solved
L?AAD?oyBWHKL`,23,5,5.6855032272,0.6855032272,1.1371006454,5.75956951,Solved
L?AAD?sXDoAYak,23,5,5.6855032272,0.6855032272,1.1371006454,5.74543704,Solved
L?AA@BOTDcDUN_,23,5,5.6855032271,0.6855032271,1.1371006454,5.79291528,Solved
L?ABA_gaQ`rO}?,23,5,5.6855032271,0.6855032271,1.1371006454,5.80922032,Solved
L?ABBAO]AXBWAw,23,5,5.6855032271,0.6855032271,1.1371006454,5.74067624,Solved
L?AA@aHRRHZ?}?,24,5,5.6855032270,0.6855032270,1.1371006454,5.79632918,Solved
L?AAD?oN@wXCRW,23,5,5.6855032270,0.6855032270,1.1371006454,5.78563954,Solved
L?AAD@W[?UuOUO,22,5,5.6855032270,0.6855032270,1.1371006454,5.81481084,Solved
L?AA@aHRRHV?}?,24,5,5.6855032269,0.6855032269,1.1371006454,5.77107773,Solved
L?AA@BOJG{UO^?,23,5,5.6855032269,0.6855032269,1.1371006454,5.77333777,Solved
L?AA@BOT@TVON_,23,5,5.6855032267,0.6855032267,1.1371006453,5.78917340,Solved
L?AAD?oNAqZ?Hb,23,5,5.6855032267,0.6855032267,1.1371006453,5.75840314,Solved
L?ABAaGBdAkcZ?,22,5,5.6855032267,0.6855032267,1.1371006453,5.77540665,Solved
L?AAD@OyBgCsig,23,5,5.6855032266,0.6855032266,1.1371006453,5.76013174,Solved
L?AAD?sXDo@YEs,23,5,5.6855032266,0.6855032266,1.1371006453,5.75672759,Solved
L?AA@BOTCsF_Ik,22,5,5.6855032266,0.6855032266,1.1371006453,5.79771346,Solved
L?AAD?wT?Uf_ic,23,5,5.6855032263,0.6855032263,1.1371006453,5.75586071,Solved
L?AA@AWT@[Z?ic,22,5,5.6855032263,0.6855032263,1.1371006453,5.81046833,Solved
L?AA@BOTCcN_Jg,22,5,5.6855032263,0.6855032263,1.1371006453,5.78244741,Solved
L?AAD@oidcAwTS,24,5,5.6855032263,0.6855032263,1.1371006453,5.79829850,Solved
L?AAD?cuF_BKVO,23,5,5.6855032262,0.6855032262,1.1371006452,5.80922247,Solved
L?AA@BOTCoFoIk,22,5,5.6855032261,0.6855032261,1.1371006452,5.78878094,Solved
L?AAD@oRDcAwVO,23,5,5.6855032261,0.6855032261,1.1371006452,5.74195151,Solved
L?AA@AWT?{]?At,22,5,5.6855032261,0.6855032261,1.1371006452,5.74740260,Solved
L?AAD?oFEP^?VO,23,5,5.6855032260,0.6855032260,1.1371006452,5.79983550,Solved
L?AA@BOTDoVOJg,23,5,5.6855032260,0.6855032260,1.1371006452,5.79831651,Solved
L?AAD@oi`[@[\@,24,5,5.6855032259,0.6855032259,1.1371006452,5.74124751,Solved
L?AAD?wX?q~?VO,24,5,5.6855032257,0.6855032257,1.1371006451,5.76512159,Solved
L?AEB?WeAHbo^?,23,5,5.6855032257,0.6855032257,1.1371006451,5.74602443,Solved
L?AAD?oeEP@kDq,22,5,5.6855032256,0.6855032256,1.1371006451,5.76591430,Solved
L?AAD?oyCT@wRW,23,5,5.6855032256,0.6855032256,1.1371006451,5.78831608,Solved
L?AA@BOTCsUOJg,22,5,5.6855032256,0.6855032256,1.1371006451,5.80533297,Solved
L?AA@aHRToN?\G,24,5,5.6855032254,0.6855032254,1.1371006451,5.77607130,Solved
L?AA@BOJLoHguO,23,5,5.6855032252,0.6855032252,1.1371006450,5.77738245,Solved
L?AA@AWTF_Hgas,22,5,5.6854847961,0.6854847961,1.1370969592,5.74363993,Solved
L?AAD?sXAoBOaK,20,5,5.6854677773,0.6854677773,1.1370935555,5.74508779,Solved
L?`@Cb_HQc@oEg,21,5,5.6854596118,0.6854596118,1.1370919224,5.81421149,Solved
L?AAD@Oi?sAq^?,21,5,5.6854360936,0.6854360936,1.1370872187,5.76191613,Solved
L?AAD@OJ?sL_cc,20,5,5.6854156219,0.6854156219,1.1370831244,5.74444017,Solved
L?AAD@OICcBgN_,20,5,5.6853958315,0.6853958315,1.1370791663,5.76036033,Solved
L?AADBOX?sIgac,21,5,5.6853845587,0.6853845587,1.1370769117,5.74552922,Solved
L?AAD?WLBoROXH,22,5,5.6853612435,0.6853612435,1.1370722487,5.74831948,Solved
L?AA@AOT?{TOVO,21,5,5.6853483532,0.6853483532,1.1370696706,5.74596338,Solved
L?AA@BOT@cPWm_,21,5,5.6853431294,0.6853431294,1.1370686259,5.74452782,Solved
L?AEB?WNBHBW\?,23,5,5.6853429198,0.6853429198,1.1370685840,5.78892465,Solved
L?AEB?WNBgBWXH,24,5,5.6853232662,0.6853232662,1.1370646532,5.77887209,Solved
L?`@Cb_HQoBOBg,21,5,5.6852892723,0.6852892723,1.1370578545,5.79237166,Solved
L?AA@aHmFOFOLg,24,5,5.6852823418,0.6852823418,1.1370564684,5.75510513,Solved
L?AA@AWT@cXHas,22,5,5.6852720253,0.6852720253,1.1370544051,5.74001599,Solved
L?AAD@OIBg@kcd,21,5,5.6852708310,0.6852708310,1.1370541662,5.75110300,Solved
L?AAD?w\DSBoBo,23,5,5.6852584062,0.6852584062,1.1370516812,5.74991803,Solved
L?AADb_B_xN?V?,23,5,5.6852247315,0.6852247315,1.1370449463,5.83377354,Solved
L?AADaoJAoHgBg,22,5,5.6852164138,0.6852164138,1.1370432828,5.75641972,Solved
L?AAD@OICcFoVO,21,5,5.6851753842,0.6851753842,1.1370350768,5.74993132,Solved
L?AB?qQU@WCk{?,22,5,5.6851543013,0.6851543013,1.1370308603,5.82276480,Solved
L?AAD?oeAgDoVO,21,5,5.6851395596,0.6851395596,1.1370279119,5.74864201,Solved
L?AADBOX@cF_RO,21,5,5.6851334536,0.6851334536,1.1370266907,5.76046193,Solved
L?AAD@OJCcm_BY,22,5,5.6851216425,0.6851216425,1.1370243285,5.76545366,Solved
L?AAD?wT?m\?L_,22,5,5.6851175522,0.6851175522,1.1370235104,5.78031451,Solved
L?AAD?oFEoTOVO,22,5,5.6850676809,0.6850676809,1.1370135362,5.75144740,Solved
L?AAD?oEBWHcN_,21,5,5.6850651209,0.6850651209,1.1370130242,5.75704395,Solved
L?AAD?oeBGJGai,21,5,5.6850575524,0.6850575524,1.1370115105,5.77063932,Solved
L?AA@BOT@c@WJG,19,5,5.6850566873,0.6850566873,1.1370113375,5.75503034,Solved
L?AADBOX@KBOeA,20,5,5.6850563147,0.6850563147,1.1370112629,5.74801759,Solved
L?AA@BOT@c@WJg,20,5,5.6850562105,0.6850562105,1.1370112421,5.75716249,Solved
L?AAD?wTCSdo\A,23,5,5.6850335457,0.6850335457,1.1370067091,5.75941790,Solved
L?ABA_gaOwAem?,21,5,5.6850309975,0.6850309975,1.1370061995,5.79000515,Solved
L?AA@AOTFOFOaS,20,5,5.6850204878,0.6850204878,1.1370040976,5.74152898,Solved
L?AAD@OI?{L_Ds,21,5,5.6850157141,0.6850157141,1.1370031428,5.78227295,Solved
L?ABA_gaQWV?PL,22,5,5.6850079324,0.6850079324,1.1370015865,5.76148899,Solved
L?AAD?wTCSfo\A,24,5,5.6849951501,0.6849951501,1.1369990300,5.75162935,Solved
L?AAD?wTDoHgL_,22,5,5.6849836993,0.6849836993,1.1369967399,5.75360978,Solved
L?AAD?wTDoHgN_,23,5,5.6849836955,0.6849836955,1.1369967391,5.75019366,Solved
L?AADbGR@ceo{?,23,5,5.6849757324,0.6849757324,1.1369951465,5.74190089,Solved
L?AAD@OIBWFoBw,22,5,5.6849743131,0.6849743131,1.1369948626,5.74176417,Solved
L?AA@AWTDcXG}?,22,5,5.6849699860,0.6849699860,1.1369939972,5.74400911,Solved
L?AAD?wXCsAwL_,22,5,5.6849422620,0.6849422620,1.1369884524,5.74348671,Solved
L?AAD?wXCcBWy?,21,5,5.6849415472,0.6849415472,1.1369883094,5.76305186,Solved
L?AA@AWT@SBouO,21,5,5.6849268142,0.6849268142,1.1369853628,5.75154787,Solved
L?ABA_gaQWQDPK,21,5,5.6849252192,0.6849252192,1.1369850438,5.75552859,Solved
L?AAD@W{Dc@wUO,23,5,5.6849147897,0.6849147897,1.1369829579,5.75677579,Solved
L?AAD@OI?sN_Ds,21,5,5.6849057789,0.6849057789,1.1369811558,5.76974368,Solved
L?AAD?wX?e}?ec,23,5,5.6849050653,0.6849050653,1.1369810131,5.76532479,Solved
L?AEB?We@HM_N_,22,5,5.6848861907,0.6848861907,1.1369772381,5.76007211,Solved
L?AA@aHMBGZ?Lg,22,5,5.6848851890,0.6848851890,1.1369770378,5.77074478,Solved
L?AAD@OJ@cAw}?,21,5,5.6848623329,0.6848623329,1.1369724666,5.78057126,Solved
L?AA@AWTFOHgDq,22,5,5.6848565516,0.6848565516,1.1369713103,5.75053064,Solved
L?AAD?wT?y\?Fo,23,5,5.6848406437,0.6848406437,1.1369681287,5.77614645,Solved
L?AA@AOTDSEoas,21,5,5.6848066412,0.6848066412,1.1369613282,5.74559189,Solved
L?AAD?sXCcJGm?,21,5,5.6847996574,0.6847996574,1.1369599315,5.75739281,Solved
L?AAD@OI@gAqAy,20,5,5.6847947302,0.6847947302,1.1369589460,5.75301832,Solved
L?AADAoFBWBgi_,22,5,5.6847858186,0.6847858186,1.1369571637,5.74564535,Solved
L?AADAoFFOBgN_,23,5,5.6847858171,0.6847858171,1.1369571634,5.75075350,Solved
L?AE@bGY@cF_RO,22,5,5.6847694615,0.6847694615,1.1369538923,5.77587798,Solved
L?AA@qoR?\UON?,23,5,5.6847469968,0.6847469968,1.1369493994,5.74837488,Solved
L?AA@AOTFODSaS,20,5,5.6847183614,0.6847183614,1.1369436723,5.75236301,Solved
L?AAD@OJCcl_m_,22,5,5.6846544394,0.6846544394,1.1369308879,5.74462465,Solved
L?AAD@OJ@o@kCs,20,5,5.6846462414,0.6846462414,1.1369292483,5.74149288,Solved
L?AE@b_F?ZN?J_,23,5,5.6846428900,0.6846428900,1.1369285780,5.81936730,Solved
L?AADb_M?[BS^?,23,5,5.6846169991,0.6846169991,1.1369233998,5.79580137,Solved
L?AAD?W\BHRON?,22,5,5.6846159238,0.6846159238,1.1369231848,5.76202454,Solved
L?AAD?WLEoCsN_,22,5,5.6846143433,0.6846143433,1.1369228687,5.74521589,Solved
L?AAD@oIagHg}?,22,5,5.6845926557,0.6845926557,1.1369185311,5.76010960,Solved
L?AA@AWT@wUORP,22,5,5.6845889512,0.6845889512,1.1369177902,5.75540984,Solved
L?AAD@OI@gAwQQ,19,5,5.6845808250,0.6845808250,1.1369161650,5.74372481,Solved
L?AAD?oNEoHgN_,23,5,5.6845602052,0.6845602052,1.1369120410,5.74196303,Solved
L?AAD?wT@[J_ic,23,5,5.6845381542,0.6845381542,1.1369076308,5.81841958,Solved
L?AAD@OIBWCsDs,21,5,5.6845215971,0.6845215971,1.1369043194,5.75061678,Solved
L?ABAaGBaoSI[K,22,5,5.6845080489,0.6845080489,1.1369016098,5.74880620,Solved
L?AAD@Oy@sAwFo,23,5,5.6844922907,0.6844922907,1.1368984581,5.77359744,Solved
L?AAD@Oi?{L_Ds,22,5,5.6844922868,0.6844922868,1.1368984574,5.75231854,Solved
L?AAD@Oy?yFOFo,23,5,5.6844922863,0.6844922863,1.1368984573,5.74149931,Solved
L?AAD@Oy@sBoFo,23,5,5.6844922858,0.6844922858,1.1368984572,5.76709651,Solved
L?AAD@Oy?]FOFo,23,5,5.6844922847,0.6844922847,1.1368984569,5.75826337,Solved
L?AAD@oIagAwBg,21,5,5.6844694276,0.6844694276,1.1368938855,5.77444708,Solved
L?AAD?WLBWKce`,22,5,5.6844298836,0.6844298836,1.1368859767,5.74008045,Solved
L?AAD?oEBWHKN_,21,5,5.6844278286,0.6844278286,1.1368855657,5.76038024,Solved
L?AAD@oIaW@wka,22,5,5.6844143777,0.6844143777,1.1368828755,5.74916793,Solved
L?AAD@Oi@cN_Ds,22,5,5.6843956311,0.6843956311,1.1368791262,5.74115346,Solved
L?AA@AOTDoEoas,21,5,5.6843930493,0.6843930493,1.1368786099,5.74438707,Solved
L?AE@`HX@oZ?Kg,22,5,5.6843900441,0.6843900441,1.1368780088,5.76046864,Solved
L?AAD@Oi@cBWVO,21,5,5.6843670441,0.6843670441,1.1368734088,5.75213307,Solved
L?AA@aHMBGBP{?,21,5,5.6843669022,0.6843669022,1.1368733804,5.78641202,Solved
L?AA@aHMBGBP}?,22,5,5.6843662957,0.6843662957,1.1368732591,5.75874826,Solved
L?AAD@oI_w\?DT,22,5,5.6843536931,0.6843536931,1.1368707386,5.76903319,Solved
L?AA@aHMBGRP}?,23,5,5.6843532072,0.6843532072,1.1368706414,5.75094519,Solved
L?AAD?oFEoJGFo,22,5,5.6843403119,0.6843403119,1.1368680624,5.74660583,Solved
L?AAD?wTDOboDq,23,5,5.6843376658,0.6843376658,1.1368675332,5.77525299,Solved
L?AAD@Oi?sAy^?,22,5,5.6843129671,0.6843129671,1.1368625934,5.74713238,Solved
L?AAD?sX?sBQ}?,22,5,5.6843129643,0.6843129643,1.1368625929,5.75077016,Solved
L?AEB?We@k@wHk,23,5,5.6842959716,0.6842959716,1.1368591943,5.74212495,Solved
L?AA@aHMAWSP}?,22,5,5.6842888141,0.6842888141,1.1368577628,5.75371363,Solved
L?AA@AWT@S}?VO,22,5,5.6842061171,0.6842061171,1.1368412234,5.74134126,Solved
L?AAD@W[@LUOQR,23,5,5.6841851070,0.6841851070,1.1368370214,5.74720433,Solved
L?AA@AWT@SPYN_,22,5,5.6841810748,0.6841810748,1.1368362150,5.74802985,Solved
L?AAD?oy@wAwTO,22,5,5.6841699865,0.6841699865,1.1368339973,5.78424848,Solved
L?AAD?oeBGEoai,21,5,5.6841592557,0.6841592557,1.1368318511,5.75278163,Solved
L?AAD?cuDcN?RQ,23,5,5.6841578212,0.6841578212,1.1368315642,5.74043790,Solved
L?AAD@OI@kUOVO,21,5,5.6841511785,0.6841511785,1.1368302357,5.75807684,Solved
L?AAD?oyBWIgDs,23,5,5.6841270427,0.6841270427,1.1368254085,5.76223614,Solved
L?AAD@WLdSJGM_,23,5,5.6840881285,0.6840881285,1.1368176257,5.74042480,Solved
L?AAD?sXCoJGk_,21,5,5.6840802315,0.6840802315,1.1368160463,5.74800641,Solved
L?AAD@oIagAwBW,21,5,5.6840590364,0.6840590364,1.1368118073,5.74652636,Solved
L?AAD?oFEo@[VO,22,5,5.6840509884,0.6840509884,1.1368101977,5.74786856,Solved
L?AAD@oIagAwBw,22,5,5.6840218109,0.6840218109,1.1368043622,5.76573406,Solved
L?AADAoFFOAwVO,23,5,5.6840109976,0.6840109976,1.1368021995,5.75636540,Solved
L?AAD?wTCSf_Fo,23,5,5.6839878222,0.6839878222,1.1367975644,5.74073138,Solved
L?AAD@OiCsBoVO,22,5,5.6839867998,0.6839867998,1.1367973600,5.77859201,Solved
L?AAD@OZBoDoig,23,5,5.6839867988,0.6839867988,1.1367973598,5.74905962,Solved
L?AADb_M?s@{^?,24,5,5.6839796504,0.6839796504,1.1367959301,5.77205274,Solved
L?AAD@oI_yIg}?,23,5,5.6839613246,0.6839613246,1.1367922649,5.74017249,Solved
L?AA@qoRD_`s^?,24,5,5.6839611843,0.6839611843,1.1367922369,5.74590819,Solved
L?AAD?wT?]Jg{A,24,5,5.6839124488,0.6839124488,1.1367824898,5.78092872,Solved
L?AA@BOT?s^?as,22,5,5.6838478105,0.6838478105,1.1367695621,5.75355878,Solved
L?AA@AWT@sPYN_,23,5,5.6838478103,0.6838478103,1.1367695621,5.74214897,Solved
L?AA@AWT@kPYN_,23,5,5.6838478085,0.6838478085,1.1367695617,5.74277119,Solved
L?AA@AWT@sBoas,22,5,5.6838478076,0.6838478076,1.1367695615,5.74261841,Solved
L?AAD@oIaWDoTS,22,5,5.6838295284,0.6838295284,1.1367659057,5.77730145,Solved
L?AA@aHMFOUODi,23,5,5.6838082829,0.6838082829,1.1367616566,5.78122691,Solved
L?AADbGX@WBOCe,21,5,5.6837860702,0.6837860702,1.1367572140,5.76309331,Solved
L?AA@AW\@sFoas,24,5,5.6837860266,0.6837860266,1.1367572053,5.74681465,Solved
L?AA@AWT@kN_qQ,23,5,5.6837860179,0.6837860179,1.1367572036,5.76204506,Solved
L?AA@AWTF_Jgic,23,5,5.6837733730,0.6837733730,1.1367546746,5.74531072,Solved
L?AAD?wXCsAwZ?,22,5,5.6837461944,0.6837461944,1.1367492389,5.74901831,Solved
L?AADBOL?k@YqA,21,5,5.6837422004,0.6837422004,1.1367484401,5.75056067,Solved
L?AAD@OICcm_AZ,21,5,5.6837308165,0.6837308165,1.1367461633,5.74202287,Solved
L?AAD@oIaWQPZ@,22,5,5.6837308164,0.6837308164,1.1367461633,5.75143424,Solved
L?AAD?WLFOAwRO,21,5,5.6837028619,0.6837028619,1.1367405724,5.75845350,Solved
L?AAD?wT@Sawy@,23,5,5.6836833868,0.6836833868,1.1367366774,5.74187035,Solved
L?AAD?oeBGAwAy,21,5,5.6836797673,0.6836797673,1.1367359535,5.74769404,Solved
L?AA@aHMBOAtm_,23,5,5.6836790879,0.6836790879,1.1367358176,5.76030231,Solved
L?AA@aHMBH^?ea,24,5,5.6836468203,0.6836468203,1.1367293641,5.75386640,Solved
L?AA@AWT@wXGN_,22,5,5.6836060610,0.6836060610,1.1367212122,5.75049328,Solved
L?AAD@OI@wAYFo,21,5,5.6835811033,0.6835811033,1.1367162207,5.77781805,Solved
L?ABA_gaOkl_Bo,22,5,5.6835774865,0.6835774865,1.1367154973,5.75399474,Solved
L?AAD?wX?k@YRO,21,5,5.6835686905,0.6835686905,1.1367137381,5.74833854,Solved
L?AADBOL?]FOk_,22,5,5.6835644749,0.6835644749,1.1367128950,5.74782723,Solved
L?AA@BOJHsQWeo,23,5,5.6835644724,0.6835644724,1.1367128945,5.74676617,Solved
L?AA@AWT@Sbgeo,22,5,5.6835644696,0.6835644696,1.1367128939,5.77213976,Solved
L?AAD@W[?[UOTO,21,5,5.6835265935,0.6835265935,1.1367053187,5.75721687,Solved
L?AA@AWT@SZGN_,22,5,5.6835168563,0.6835168563,1.1367033713,5.74316981,Solved
L?AADb_M?[Bc^?,23,5,5.6835065485,0.6835065485,1.1367013097,5.80955297,Solved
L?AAD@oI_yZ?TC,22,5,5.6834685997,0.6834685997,1.1366937199,5.74367036,Solved
L?AAD@oI_iZ?Fo,22,5,5.6834533276,0.6834533276,1.1366906655,5.74333208,Solved
L?AAD?wX?en_Es,24,5,5.6834424292,0.6834424292,1.1366884858,5.74061252,Solved
L?AAD?wX?uN_Es,24,5,5.6834424256,0.6834424256,1.1366884851,5.75103844,Solved
L?AADb_M?wVOBw,24,5,5.6834247940,0.6834247940,1.1366849588,5.81273244,Solved
L?AAD?sX?sTOA{,22,5,5.6833844943,0.6833844943,1.1366768989,5.75524752,Solved
L?AADBOLAYF_k_,22,5,5.6833797452,0.6833797452,1.1366759490,5.74546809,Solved
L?AAD@OICcBoDc,19,5,5.6833785646,0.6833785646,1.1366757129,5.74380276,Solved
L?AAD@OI@WBWDc,19,5,5.6833655960,0.6833655960,1.1366731192,5.76675866,Solved
L?AAD?oFFOEoBw,22,5,5.6833417948,0.6833417948,1.1366683590,5.74118685,Solved
L?AAD?sXDcBWec,23,5,5.6833368360,0.6833368360,1.1366673672,5.76175567,Solved
L?AAD?wX?sBg{?,21,5,5.6832935596,0.6832935596,1.1366587119,5.76778220,Solved
L?AAD@OIDcFoVO,22,5,5.6832841716,0.6832841716,1.1366568343,5.77016643,Solved
L?AAD@OI@g@\Ds,21,5,5.6832798874,0.6832798874,1.1366559775,5.74499909,Solved
L?AAD?oFFOFOBw,22,5,5.6832709186,0.6832709186,1.1366541837,5.75383701,Solved
L?AADBOX@cF_RQ,22,5,5.6832226787,0.6832226787,1.1366445357,5.76220180,Solved
L?AAD@W[?YTOFo,22,5,5.6832174795,0.6832174795,1.1366434959,5.74626415,Solved
L?AA@AOTEoFOas,21,5,5.6832171328,0.6832171328,1.1366434266,5.75303029,Solved
L?AE@b_F?ZFO]?,23,5,5.6831844446,0.6831844446,1.1366368889,5.82077734,Solved
L?AE@b_F?ZN?N_,24,5,5.6831816072,0.6831816072,1.1366363214,5.81577606,Solved
L?AAD?wTCShgy?,22,5,5.6831664578,0.6831664578,1.1366332916,5.75084291,Solved
L?AAD@Oi?sJGHI,20,5,5.6831632148,0.6831632148,1.1366326430,5.76153869,Solved
L?AAD@Oi@sBWVO,22,5,5.6831337190,0.6831337190,1.1366267438,5.76530199,Solved
L?AAD?oeBWBgDo,21,5,5.6830973471,0.6830973471,1.1366194694,5.75511257,Solved
L?AAD?wT?]\?RO,22,5,5.6830795624,0.6830795624,1.1366159125,5.76700086,Solved
L?AAD?oyAYJ_m_,23,5,5.6830792531,0.6830792531,1.1366158506,5.76070077,Solved
L?AEB?WNBHBW^?,24,5,5.6830709163,0.6830709163,1.1366141833,5.74241921,Solved
L?AAD?wTDSAwN_,23,5,5.6830654338,0.6830654338,1.1366130868,5.76956984,Solved
L?AEB?WM@LAweQ,23,5,5.6830574103,0.6830574103,1.1366114821,5.75198853,Solved
L?AAD@OyCsAwFo,23,5,5.6830566859,0.6830566859,1.1366113372,5.74458278,Solved
L?AA@b_NBgBoBw,24,5,5.6830537678,0.6830537678,1.1366107536,5.82248962,Solved
L?AAD?wX?sAw{?,21,5,5.6830512965,0.6830512965,1.1366102593,5.78086008,Solved
L?AAD?WLBgUOQT,22,5,5.6829831644,0.6829831644,1.1365966329,5.75482740,Solved
L?AAD@oRCT@wV?,22,5,5.6829821364,0.6829821364,1.1365964273,5.75111243,Solved
L?AAD?oNBg@kFo,23,5,5.6829818083,0.6829818083,1.1365963617,5.75938218,Solved
L?AA@aHMBGROJ_,21,5,5.6829732987,0.6829732987,1.1365946597,5.79451041,Solved
L?AEB?WNBHN_Eq,25,5,5.6829443229,0.6829443229,1.1365888646,5.74329663,Solved
L?ABA_gaOh}?Z?,22,5,5.6829350334,0.6829350334,1.1365870067,5.76658463,Solved
L?AAD@OI?{N_Ds,22,5,5.6829212095,0.6829212095,1.1365842419,5.77390024,Solved
L?AA@AOTEoTOeo,21,5,5.6829117708,0.6829117708,1.1365823542,5.76219983,Solved
L?AAD?oFEoHgBw,22,5,5.6828794392,0.6828794392,1.1365758878,5.77134844,Solved
L?AAD?wTDoHgBo,22,5,5.6828631118,0.6828631118,1.1365726224,5.76985359,Solved
L?AA@AWTF_PYVO,23,5,5.6828460916,0.6828460916,1.1365692183,5.74112496,Solved
L?AAD@OIAwEoBw,21,5,5.6828147509,0.6828147509,1.1365629502,5.74638692,Solved
L?AAF@cM?sAw{?,22,5,5.6828132314,0.6828132314,1.1365626463,5.78857125,Solved
L?`@Cb_HQoBO@w,21,5,5.6828131913,0.6828131913,1.1365626383,5.80291098,Solved
L?AAD?sXCcbwec,24,5,5.6827532285,0.6827532285,1.1365506457,5.74211700,Solved
L?AAD?sXCcrOFo,23,5,5.6827532255,0.6827532255,1.1365506451,5.75050584,Solved
L?AAD?oeAgDoai,21,5,5.6827143039,0.6827143039,1.1365428608,5.74059959,Solved
L?AA@AWT@wUOas,22,5,5.6827045126,0.6827045126,1.1365409025,5.75901730,Solved
L?ABA_gaQHqSZ@,23,5,5.6827044167,0.6827044167,1.1365408833,5.77824973,Solved
L?AAD?wLAQeoVO,23,5,5.6826571935,0.6826571935,1.1365314387,5.77068247,Solved
L?AEFBo]@wBoBo,26,5,5.6826478556,0.6826478556,1.1365295711,5.90686147,Solved
L?AAD?wT?{L_ic,23,5,5.6826448462,0.6826448462,1.1365289692,5.74611918,Solved
L?AADAoFEo@wQW,22,5,5.6826176645,0.6826176645,1.1365235329,5.75348618,Solved
L?AA@b_ZDcBoDg,23,5,5.6826168507,0.6826168507,1.1365233701,5.74699576,Solved
L?AAD@W[?YBwm_,23,5,5.6826133993,0.6826133993,1.1365226799,5.74947819,Solved
L?AAD?wTDOm_N_,23,5,5.6825734733,0.6825734733,1.1365146947,5.78319875,Solved
L?AAD@OI@wAYJg,21,5,5.6825082119,0.6825082119,1.1365016424,5.74539929,Solved
L?AA@AWT@cDoco,20,5,5.6825076133,0.6825076133,1.1365015227,5.74842039,Solved
L?AADBOXDcF_RQ,23,5,5.6824980631,0.6824980631,1.1364996126,5.76079633,Solved
L?AAD?wX?en?ec,23,5,5.6824904222,0.6824904222,1.1364980844,5.75708174,Solved
L?AAD@OyDSAwFo,23,5,5.6824652244,0.6824652244,1.1364930449,5.74008612,Solved
L?AAF@cEdoF_Ew,24,5,5.6824333668,0.6824333668,1.1364866734,5.74258327,Solved
L?AADaoR@[FOAw,23,5,5.6824129803,0.6824129803,1.1364825961,5.74041232,Solved
L?AAD?wTDoHgDo,22,5,5.6824129802,0.6824129802,1.1364825960,5.75520540,Solved
L?AAD?wXF_BWac,22,5,5.6823884574,0.6823884574,1.1364776915,5.76175977,Solved
L?AAD@oIagRORO,21,5,5.6823785750,0.6823785750,1.1364757150,5.77793224,Solved
L?AA@AWT@kXGN_,22,5,5.6823680291,0.6823680291,1.1364736058,5.74817540,Solved
L?AA@BOT?sTOVO,21,5,5.6823680281,0.6823680281,1.1364736056,5.74834302,Solved
L?AAD@OZBgUOig,23,5,5.6823604073,0.6823604073,1.1364720815,5.74159020,Solved
L?AAD@OZBgTCCt,23,5,5.6823332331,0.6823332331,1.1364666466,5.74034922,Solved
L?AAD?wXF_QQAu,23,5,5.6823083193,0.6823083193,1.1364616639,5.76586332,Solved
L?AAD@OJBo@kcc,21,5,5.6822521930,0.6822521930,1.1364504386,5.77482799,Solved
L?AA@qoRDCboVA,24,5,5.6822501121,0.6822501121,1.1364500224,5.78502984,Solved
L?AADAoFEo@wN_,23,5,5.6822408577,0.6822408577,1.1364481715,5.80716934,Solved
L?AADbGX@WBOca,21,5,5.6822397635,0.6822397635,1.1364479527,5.78675785,Solved
L?ABAaIeB_N_H[,24,5,5.6822363942,0.6822363942,1.1364472788,5.78899214,Solved
L?AEB?c{Aw@wFo,24,5,5.6822298598,0.6822298598,1.1364459720,5.75182890,Solved
L?AAD?W{AiM_At,23,5,5.6821831568,0.6821831568,1.1364366314,5.76285384,Solved
L?AAD?wT@Sdo^?,23,5,5.6821532532,0.6821532532,1.1364306506,5.76144063,Solved
L?AAD?wXBgBWAu,23,5,5.6821532507,0.6821532507,1.1364306501,5.77359728,Solved
L?AAD?w\BgBWAu,24,5,5.6821532488,0.6821532488,1.1364306498,5.74212979,Solved
L?AAD?wT?uM_At,23,5,5.6821532483,0.6821532483,1.1364306497,5.75349033,Solved
L?AA@AOTFOZGDq,22,5,5.6821486103,0.6821486103,1.1364297221,5.74255128,Solved
L?AEB?c{AwBoFo,24,5,5.6821442606,0.6821442606,1.1364288521,5.74983954,Solved
L?AAD?sXDcPUN_,24,5,5.6821233352,0.6821233352,1.1364246670,5.74548126,Solved
L?AAD?sXDcRQ^?,24,5,5.6820837664,0.6820837664,1.1364167533,5.74631194,Solved
L?AADbGX?sL_cd,23,5,5.6820706541,0.6820706541,1.1364141308,5.76193597,Solved
L?AADbGX@WBOce,22,5,5.6820706538,0.6820706538,1.1364141308,5.76240601,Solved
L?AAD@oIawZ?TS,23,5,5.6820706535,0.6820706535,1.1364141307,5.77214283,Solved
L?AADb_M?{J_BW,23,5,5.6820515607,0.6820515607,1.1364103121,5.77641628,Solved
L?AAD?sX?srO^?,23,5,5.6820457460,0.6820457460,1.1364091492,5.75625327,Solved
L?AAD?WLFOAwVO,22,5,5.6820256216,0.6820256216,1.1364051243,5.75508956,Solved
L?AAD@OZDoCsJg,23,5,5.6820190026,0.6820190026,1.1364038005,5.74324055,Solved
L?AAD@W[?]ROEo,22,5,5.6820190025,0.6820190025,1.1364038005,5.76899641,Solved
L?AAD@W[?[ROFo,22,5,5.6820189999,0.6820189999,1.1364038000,5.75181633,Solved
L?AAD@W[?[Awe_,21,5,5.6820189993,0.6820189993,1.1364037999,5.75479186,Solved
L?AAD@OZDSDc^?,23,5,5.6820189989,0.6820189989,1.1364037998,5.74571943,Solved
L?AAD@W[?]ROFo,23,5,5.6820189988,0.6820189988,1.1364037998,5.74173071,Solved
L?AAD@OZDoDoJg,23,5,5.6820189971,0.6820189971,1.1364037994,5.74517779,Solved
L?AAD@oIaoB_Ha,20,5,5.6820041161,0.6820041161,1.1364008232,5.76523837,Solved
L?AAD@W[?wDoHg,21,5,5.6819777936,0.6819777936,1.1363955587,5.77598828,Solved
L?AAD?sXBoROaK,22,5,5.6819518693,0.6819518693,1.1363903739,5.74852484,Solved
L?AAD?oFBWHKN_,22,5,5.6819502412,0.6819502412,1.1363900482,5.74936200,Solved
L?AAD?oy@wIgi`,23,5,5.6819040003,0.6819040003,1.1363808001,5.76329834,Solved
L?AAD@Oi?{N_Ds,23,5,5.6818902902,0.6818902902,1.1363780580,5.75217714,Solved
L?AE@aoQQWF_Hc,22,5,5.6818882443,0.6818882443,1.1363776489,5.75290666,Solved
L?AE@`HX@oAsy?,22,5,5.6818826678,0.6818826678,1.1363765336,5.81859357,Solved
L?AAD@oIag@s}?,22,5,5.6818528444,0.6818528444,1.1363705689,5.75107919,Solved
L?AAD@oIaWBgy?,21,5,5.6818460831,0.6818460831,1.1363692166,5.76818632,Solved
L?AAD@oIagROVO,22,5,5.6818435739,0.6818435739,1.1363687148,5.77639493,Solved
L?AADb_M?[Bs^?,24,5,5.6818256633,0.6818256633,1.1363651327,5.80676882,Solved
L?AAD?sX@sAwak,23,5,5.6817907198,0.6817907198,1.1363581440,5.74659280,Solved
L?AEB?o]@w@sDo,23,5,5.6817575450,0.6817575450,1.1363515090,5.76815478,Solved
L?AAD@OI@wAYJH,21,5,5.6817513562,0.6817513562,1.1363502712,5.74009823,Solved
L?AA@BOmDSBWBw,23,5,5.6817358932,0.6817358932,1.1363471786,5.74024795,Solved
L?AAD?WLF_TOBq,22,5,5.6817213741,0.6817213741,1.1363442748,5.74717019,Solved
L?AA@AWT@sPWu?,21,5,5.6817188953,0.6817188953,1.1363437791,5.75102033,Solved
L?AADb_]@wBoBW,24,5,5.6817159302,0.6817159302,1.1363431860,5.80589064,Solved
L?AAD?oNBgAwBw,23,5,5.6816563103,0.6816563103,1.1363312621,5.74753074,Solved
L?AAD?wXCcHg}?,22,5,5.6816473783,0.6816473783,1.1363294757,5.79513437,Solved
L?AAD?wLAQjgLa,24,5,5.6816413817,0.6816413817,1.1363282763,5.74709890,Solved
L?AAD?wT?Ubw\A,24,5,5.6816413792,0.6816413792,1.1363282758,5.74848955,Solved
L?AAD?wLAgBwAu,23,5,5.6816413772,0.6816413772,1.1363282754,5.75058879,Solved
L?AAD?wX?ebwZA,24,5,5.6816413761,0.6816413761,1.1363282752,5.76519177,Solved
L?AAD@Oi@cJ_Hg,20,5,5.6816405522,0.6816405522,1.1363281104,5.74033150,Solved
L?`@Cb_HQcBOBo,21,5,5.6816299257,0.6816299257,1.1363259851,5.79710020,Solved
L?AAD@OI@kJGJg,21,5,5.6816011340,0.6816011340,1.1363202268,5.76108370,Solved
L?AAD?WLEOtODq,22,5,5.6815773703,0.6815773703,1.1363154741,5.76778044,Solved
L?AAD?wX?{IgCs,22,5,5.6815299182,0.6815299182,1.1363059836,5.76855898,Solved
L?AEB?c{@k@]qI,25,5,5.6815292453,0.6815292453,1.1363058491,5.75018355,Solved
L?AAD?oEEPIgHe,21,5,5.6815036652,0.6815036652,1.1363007330,5.76609002,Solved
L?AAD?wX?kPQEs,22,5,5.6815013739,0.6815013739,1.1363002748,5.76934733,Solved
L?AAD?oyBgHgDs,23,5,5.6814988851,0.6814988851,1.1362997770,5.75362451,Solved
L?AAD?oNBg@[RW,23,5,5.6814835874,0.6814835874,1.1362967175,5.74385304,Solved
L?AAD@OiAwCsk_,21,5,5.6814763880,0.6814763880,1.1362952776,5.74384500,Solved
L?AAD?wT?{\?Do,22,5,5.6814649583,0.6814649583,1.1362929917,5.83459423,Solved
L?AAD?wT@[L_ic,23,5,5.6814588498,0.6814588498,1.1362917700,5.74832166,Solved
L?AADAoFEoHgBw,23,5,5.6814460631,0.6814460631,1.1362892126,5.78438595,Solved
L?AAD?wTDObo^?,23,5,5.6814337067,0.6814337067,1.1362867413,5.75903091,Solved
L?AAD@W[@WQPBS,21,5,5.6814303183,0.6814303183,1.1362860637,5.77918826,Solved
L?AAD@oIaWAi}?,22,5,5.6814266000,0.6814266000,1.1362853200,5.76480121,Solved
L?AAD?wX?sAYVO,22,5,5.6814090253,0.6814090253,1.1362818051,5.75221002,Solved
L?AAD@W[@WAwBS,21,5,5.6814076127,0.6814076127,1.1362815225,5.75698373,Solved
L?AAD@W[BWAwBS,22,5,5.6814059994,0.6814059994,1.1362811999,5.74566861,Solved
L?AAD@W[?YROac,21,5,5.6813979823,0.6813979823,1.1362795965,5.76376842,Solved
L?AAD@W[?Yf_Do,22,5,5.6813657480,0.6813657480,1.1362731496,5.77658845,Solved
L?AE@b_FDo@[M_,23,5,5.6813656568,0.6813656568,1.1362731314,5.78549242,Solved
L?AADAoFEo@[VO,23,5,5.6813656559,0.6813656559,1.1362731312,5.76855366,Solved
L?AAD@W[?Yaw^?,23,5,5.6813656537,0.6813656537,1.1362731307,5.75683511,Solved
L?AAD?sXDcPSQY,23,5,5.6813623122,0.6813623122,1.1362724624,5.75105104,Solved
L?AADbGL?[\?LG,22,5,5.6813424062,0.6813424062,1.1362684812,5.74526114,Solved
L?AAD?wTAq\?ic,23,5,5.6813070213,0.6813070213,1.1362614043,5.78051146,Solved
L?AAD?wT@[Awic,23,5,5.6813033972,0.6813033972,1.1362606794,5.76385957,Solved
L?AAD@OIBgAYN_,21,5,5.6812738966,0.6812738966,1.1362547793,5.75856444,Solved
L?AEB?We@kBgHk,23,5,5.6812686656,0.6812686656,1.1362537331,5.74091073,Solved
L?AAD@OZBgDcig,23,5,5.6812563095,0.6812563095,1.1362512619,5.76953518,Solved
L?AADAoFBoAwm_,23,5,5.6812326440,0.6812326440,1.1362465288,5.75401650,Solved
L?AA@aHmFOAs\G,24,5,5.6812047987,0.6812047987,1.1362409597,5.75770702,Solved
L?AA@ao]BW@sRW,24,5,5.6812027692,0.6812027692,1.1362405538,5.75170873,Solved
L?AB?qQU@IL_{?,22,5,5.6811966443,0.6811966443,1.1362393289,5.81688358,Solved
L?AAD@oR?sTOVO,22,5,5.6811601541,0.6811601541,1.1362320308,5.78953303,Solved
L?AAD@oIaoAoAw,20,5,5.6811279261,0.6811279261,1.1362255852,5.76232599,Solved
L?AAD?wT?mM_aF,23,5,5.6810978725,0.6810978725,1.1362195745,5.75613968,Solved
L?AAD?oNBWHcN_,23,5,5.6810978696,0.6810978696,1.1362195739,5.74925111,Solved
L?AAD?oeBGAXFo,21,5,5.6810949431,0.6810949431,1.1362189886,5.76682045,Solved
L?AAD@OJ@sAw}?,22,5,5.6810936421,0.6810936421,1.1362187284,5.75482885,Solved
L?AAD@OJDoHgJg,22,5,5.6810928808,0.6810928808,1.1362185762,5.75648315,Solved
L?AAD?wXF_PQEs,23,5,5.6810855364,0.6810855364,1.1362171073,5.75733293,Solved
L?ABA_gaQW]?TK,22,5,5.6810837287,0.6810837287,1.1362167457,5.74251617,Solved
L?AAD?wTFOEoDq,23,5,5.6810692835,0.6810692835,1.1362138567,5.75682327,Solved
L?AAD?oEBWEoBw,21,5,5.6810691628,0.6810691628,1.1362138326,5.74457882,Solved
L?AA@BOm?uDoe_,22,5,5.6810691495,0.6810691495,1.1362138299,5.74312924,Solved
L?AAD?oEBWFoRW,22,5,5.6810652391,0.6810652391,1.1362130478,5.75280085,Solved
L?AA@AWTDSBoVO,22,5,5.6810564463,0.6810564463,1.1362112893,5.75895849,Solved
L?AA@AWTDcBoVO,22,5,5.6810564406,0.6810564406,1.1362112881,5.74699970,Solved
L?AA@AWT@sZ?as,22,5,5.6810286290,0.6810286290,1.1362057258,5.74003864,Solved
L?AA@AWT@cHgN_,21,5,5.6810084125,0.6810084125,1.1362016825,5.74310036,Solved
L?AAD?oFEoIgm_,22,5,5.6810014691,0.6810014691,1.1362002938,5.76927798,Solved
L?ABAaGBdAj_}?,23,5,5.6809977674,0.6809977674,1.1361995535,5.75929242,Solved
L?AADbGX@WBOac,21,5,5.6809972705,0.6809972705,1.1361994541,5.76575219,Solved
L?ABA_gaQWQDDK,21,5,5.6809754716,0.6809754716,1.1361950943,5.76830718,Solved
L?AAD?w\FOAwTO,23,5,5.6809457686,0.6809457686,1.1361891537,5.78745376,Solved
L?AADBOX@cF_BI,21,5,5.6809246813,0.6809246813,1.1361849363,5.75824066,Solved
L?AAD?W{DSF_Bs,23,5,5.6809226355,0.6809226355,1.1361845271,5.76169137,Solved
L?AAD@oI_iZ?UO,21,5,5.6809197923,0.6809197923,1.1361839585,5.74146963,Solved
L?AAD@oI_ZBom_,23,5,5.6809089289,0.6809089289,1.1361817858,5.77572038,Solved
L?AADb_B_tN?e_,23,5,5.6809089266,0.6809089266,1.1361817853,5.80745920,Solved
L?AA@agUAhTON_,23,5,5.6809047540,0.6809047540,1.1361809508,5.74653080,Solved
L?AAD@OICsM_Ax,21,5,5.6808635170,0.6808635170,1.1361727034,5.74026031,Solved
L?AAD@oR?sVOVO,23,5,5.6807894821,0.6807894821,1.1361578964,5.75217689,Solved
L?AA@BOTDOHgBw,21,5,5.6807697270,0.6807697270,1.1361539454,5.74382133,Solved
L?AE@aoR?ZN?J_,23,5,5.6807537856,0.6807537856,1.1361507571,5.75399847,Solved
L?AADaoR@[N?Bw,24,5,5.6807537850,0.6807537850,1.1361507570,5.74805799,Solved
L?AAD@oI_iJG}?,22,5,5.6807472818,0.6807472818,1.1361494564,5.75078782,Solved
L?AAD@oI_iJ_yA,22,5,5.6807349204,0.6807349204,1.1361469841,5.76915737,Solved
L?AADbGR@cCs\?,22,5,5.6807104631,0.6807104631,1.1361420926,5.74509026,Solved
L?AAD?W{DcKcAt,23,5,5.6806943298,0.6806943298,1.1361388660,5.75122662,Solved
L?AAD?oeBGHgag,20,5,5.6806936674,0.6806936674,1.1361387335,5.74846586,Solved
L?AAD?oZ@sAwy@,23,5,5.6806713716,0.6806713716,1.1361342743,5.74320348,Solved
L?AAD@OICsJGFo,21,5,5.6806532844,0.6806532844,1.1361306569,5.75206719,Solved
L?AAD?oFBo@km_,22,5,5.6806411834,0.6806411834,1.1361282367,5.77322475,Solved
L?AAD@OZBoTCJg,23,5,5.6806386059,0.6806386059,1.1361277212,5.74244894,Solved
L?AAD@OiCsJGFo,22,5,5.6806385976,0.6806385976,1.1361277195,5.75909416,Solved
L?AA@BOTDOEOas,20,5,5.6806333429,0.6806333429,1.1361266686,5.74308844,Solved
L?AAD@OI@gAqm_,20,5,5.6806310787,0.6806310787,1.1361262157,5.77396757,Solved
L?AAD@OyBgDSJg,23,5,5.6806158012,0.6806158012,1.1361231602,5.74495785,Solved
L?AAD@OJCsM_ig,22,5,5.6805965156,0.6805965156,1.1361193031,5.78430557,Solved
L?AAD?oeAwHgFo,22,5,5.6805941286,0.6805941286,1.1361188257,5.75230949,Solved
L?AAD?w\@s@w{@,24,5,5.6805609887,0.6805609887,1.1361121977,5.74073586,Solved
L?ABA_gaR_qSBR,23,5,5.6805409043,0.6805409043,1.1361081809,5.75136950,Solved
L?AADbGR@cCs^?,23,5,5.6805326521,0.6805326521,1.1361065304,5.74132128,Solved
L?AAD?oeAwHKHc,21,5,5.6805225022,0.6805225022,1.1361045004,5.74067368,Solved
L?AAD?oEBgCqQX,21,5,5.6805218163,0.6805218163,1.1361043633,5.76617278,Solved
L?AAD?wX?uIgEs,23,5,5.6805162028,0.6805162028,1.1361032406,5.74454636,Solved
L?AAD@oIawIg}?,23,5,5.6805142953,0.6805142953,1.1361028591,5.77413511,Solved
L?AADb_B_tN?k_,23,5,5.6805118264,0.6805118264,1.1361023653,5.74584994,Solved
L?AA@AWT@SeoaT,22,5,5.6804903967,0.6804903967,1.1360980793,5.74641902,Solved
L?AADb_M?{J_Fg,24,5,5.6804863739,0.6804863739,1.1360972748,5.77368951,Solved
L?AE@`gJFO@wCN,24,5,5.6804863734,0.6804863734,1.1360972747,5.77061455,Solved
L?AAD@OZBoDoBw,23,5,5.6804810724,0.6804810724,1.1360962145,5.77995509,Solved
L?AAD@OIBgFoDs,22,5,5.6804802908,0.6804802908,1.1360960582,5.75045157,Solved
L?AAD?wX?qigEs,23,5,5.6804802898,0.6804802898,1.1360960580,5.74154506,Solved
L?AA@AWT@SBgN_,21,5,5.6804759112,0.6804759112,1.1360951822,5.74373232,Solved
L?AAD@oRBoAYkc,23,5,5.6804661512,0.6804661512,1.1360932302,5.74868668,Solved
L?AAD@OiBgFoDs,23,5,5.6804650303,0.6804650303,1.1360930061,5.74795012,Solved
L?AAD@oIaWUPBw,23,5,5.6804493689,0.6804493689,1.1360898738,5.74227685,Solved
L?AAD@OJ@oQQBX,21,5,5.6804430814,0.6804430814,1.1360886163,5.77012440,Solved
L?AA@agUBgEoqP,23,5,5.6804292545,0.6804292545,1.1360858509,5.77099625,Solved
L?AA@AOTBo@ki_,20,5,5.6803738680,0.6803738680,1.1360747736,5.74683010,Solved
L?AAD@oIaWUOUO,21,5,5.6803737264,0.6803737264,1.1360747453,5.78358497,Solved
L?AAD?wTCSjG}?,23,5,5.6803677309,0.6803677309,1.1360735462,5.75868669,Solved
L?AAD?wX?em_Fo,23,5,5.6803383422,0.6803383422,1.1360676684,5.77995644,Solved
L?AA@BOT?sTOaS,20,5,5.6803330873,0.6803330873,1.1360666175,5.75223257,Solved
L?AEB?WU@g@wXG,21,5,5.6803200201,0.6803200201,1.1360640040,5.75550314,Solved
L?AADb_M?k@sQQ,22,5,5.6802847957,0.6802847957,1.1360569591,5.74615448,Solved
L?AAD?wT?]V?UO,22,5,5.6802602795,0.6802602795,1.1360520559,5.74080721,Solved
L?AADBOL?kHIBw,22,5,5.6802374194,0.6802374194,1.1360474839,5.74934067,Solved
L?AAD?oeBG@SN_,20,5,5.6802217124,0.6802217124,1.1360443425,5.74757019,Solved
L?AAD?wX?s]?ES,21,5,5.6802194739,0.6802194739,1.1360438948,5.74506228,Solved
L?AAD?wT?UhgkB,23,5,5.6802175854,0.6802175854,1.1360435171,5.74164372,Solved
L?AAD?wX?eigEs,23,5,5.6802175846,0.6802175846,1.1360435169,5.74982596,Solved
L?AA@AWT@SJgN_,22,5,5.6802080367,0.6802080367,1.1360416073,5.74308912,Solved
L?AAD?wT@Sm_N_,23,5,5.6802048835,0.6802048835,1.1360409767,5.78044304,Solved
L?ABA_gUCcPWBQ,21,5,5.6802031125,0.6802031125,1.1360406225,5.74208739,Solved
L?AAD?w\FOIgDq,24,5,5.6801920455,0.6801920455,1.1360384091,5.77639011,Solved
L?AAD?wT?Un?ic,23,5,5.6801815180,0.6801815180,1.1360363036,5.74872737,Solved
L?AAD?sXCcFOVO,22,5,5.6801423582,0.6801423582,1.1360284716,5.76274407,Solved
L?AAD@Oi@cJ_Fo,21,5,5.6800984356,0.6800984356,1.1360196871,5.75382091,Solved
L?AA@AWT@cHh}?,22,5,5.6800912618,0.6800912618,1.1360182524,5.74170301,Solved
L?AAD?oeAWDoFO,20,5,5.6800827145,0.6800827145,1.1360165429,5.75323278,Solved
L?AAD?oZBg@sRW,23,5,5.6800335016,0.6800335016,1.1360067003,5.74473202,Solved
L?AAD?oZBgHKBw,23,5,5.6800181363,0.6800181363,1.1360036273,5.74641667,Solved
L?AAD@OI?sK`cd,20,5,5.6799980495,0.6799980495,1.1359996099,5.76677836,Solved
L?AAD@oIaWUOVO,22,5,5.6799836590,0.6799836590,1.1359967318,5.79359747,Solved
L?AAD?wXCcfoZA,24,5,5.6799552912,0.6799552912,1.1359910582,5.74485015,Solved
L?AADbGR@cCsu@,23,5,5.6799380168,0.6799380168,1.1359876034,5.75697037,Solved
L?AAD@OiAwFOFo,22,5,5.6799380153,0.6799380153,1.1359876031,5.76788213,Solved
L?AAD@W[?[Bgm_,22,5,5.6799380142,0.6799380142,1.1359876028,5.75607331,Solved
L?AAD?sX?sTORO,21,5,5.6799253942,0.6799253942,1.1359850788,5.74580233,Solved
L?AAD@OJDoAwL_,21,5,5.6799215313,0.6799215313,1.1359843063,5.76548264,Solved
L?AE@`gJF_BoCk,23,5,5.6799169204,0.6799169204,1.1359833841,5.74617117,Solved
L?AAD?oyBgAwFo,23,5,5.6799125797,0.6799125797,1.1359825159,5.74614949,Solved
L?AAD?wT@[V?FO,22,5,5.6799049106,0.6799049106,1.1359809821,5.75032140,Solved
L?AAD?wXF_QQBR,23,5,5.6799012742,0.6799012742,1.1359802548,5.74157169,Solved
L?AAD?WLEOawm_,22,5,5.6798997591,0.6798997591,1.1359799518,5.75299462,Solved
L?AAD?w\Do@wFO,23,5,5.6798901167,0.6798901167,1.1359780233,5.75233091,Solved
L?AAD@oe`sBoBw,24,5,5.6798795728,0.6798795728,1.1359759146,5.78007236,Solved
L?AAD?oeBG@TN_,21,5,5.6798766594,0.6798766594,1.1359753319,5.75513463,Solved
L?AAD@oI_iJ_m_,22,5,5.6798098965,0.6798098965,1.1359619793,5.80691180,Solved
L?AAD?oeAwIgN_,22,5,5.6797794084,0.6797794084,1.1359558817,5.76388978,Solved
L?AE@b_F?]N?L_,23,5,5.6797650423,0.6797650423,1.1359530085,5.80676553,Solved
L?AADaoR@[FOBw,24,5,5.6797626310,0.6797626310,1.1359525262,5.75497168,Solved
L?AAD?wT?UfO{A,23,5,5.6797626306,0.6797626306,1.1359525261,5.74615923,Solved
L?AAD?wT?]V?VO,23,5,5.6797626278,0.6797626278,1.1359525256,5.75488648,Solved
L?AAD?wX?efOyA,23,5,5.6797626275,0.6797626275,1.1359525255,5.75085269,Solved
L?AE@bGY@cF_RQ,23,5,5.6797544557,0.6797544557,1.1359508911,5.76087229,Solved
L?AADb_B_{FORO,23,5,5.6797445890,0.6797445890,1.1359489178,5.75000851,Solved
L?AAD@Oy@sAwig,23,5,5.6797428676,0.6797428676,1.1359485735,5.74898825,Solved
L?AAD@W[?y@wm_,23,5,5.6797337022,0.6797337022,1.1359467404,5.74528550,Solved
L?AE@b_F?VN?L_,23,5,5.6797277843,0.6797277843,1.1359455569,5.80809876,Solved
L?AEB?We@DawN_,23,5,5.6797125073,0.6797125073,1.1359425015,5.74928638,Solved
L?AADAoFBWBgM_,22,5,5.6796908556,0.6796908556,1.1359381711,5.77315324,Solved
L?AAD@oIaoAoBw,21,5,5.6796825234,0.6796825234,1.1359365047,5.77134219,Solved
L?AADbGX@WBOec,22,5,5.6796776515,0.6796776515,1.1359355303,5.74463364,Solved
L?AAD?wXCc@Y\@,22,5,5.6796116255,0.6796116255,1.1359223251,5.74970338,Solved
L?ABA_gaOdz?HR,23,5,5.6796109995,0.6796109995,1.1359221999,5.74974456,Solved
L?AAD?wX?s]?Fo,22,5,5.6796059983,0.6796059983,1.1359211997,5.77288584,Solved
L?ABA_gaRG`wDk,23,5,5.6795826022,0.6795826022,1.1359165204,5.74339098,Solved
L?AADAoFBWBgm_,23,5,5.6795532361,0.6795532361,1.1359106472,5.75209300,Solved
L?ABA_gaOd`w[D,23,5,5.6795424465,0.6795424465,1.1359084893,5.74266280,Solved
L?AAD?oeAWDoVO,21,5,5.6795395329,0.6795395329,1.1359079066,5.74477952,Solved
L?AAD?wT@[V?VO,23,5,5.6795346919,0.6795346919,1.1359069384,5.74256149,Solved
L?AAD?oZ@kHcN_,23,5,5.6795262062,0.6795262062,1.1359052412,5.74189745,Solved
L?AB?qQUAWSHHK,22,5,5.6795239100,0.6795239100,1.1359047820,5.77805564,Solved
L?AAD?wT?m\?ic,23,5,5.6795161228,0.6795161228,1.1359032246,5.74410139,Solved
L?AE@`HKiYF_^?,25,5,5.6795151958,0.6795151958,1.1359030392,5.76625343,Solved
L?AAD@OJ@kUOVO,22,5,5.6794963207,0.6794963207,1.1358992641,5.76656868,Solved
L?AB?qQU@WKg{?,22,5,5.6794883935,0.6794883935,1.1358976787,5.76447649,Solved
L?AAD?wXCcHgJ_,21,5,5.6794808352,0.6794808352,1.1358961670,5.77299856,Solved
L?AAD?w\Do@wF_,23,5,5.6794245599,0.6794245599,1.1358849120,5.76976887,Solved
L?`@Cb_HQS@sSc,22,5,5.6793950848,0.6793950848,1.1358790170,5.77729348,Solved
L?AAD?oeAWBgN_,21,5,5.6793942708,0.6793942708,1.1358788542,5.76247242,Solved
L?AAD?oeAwBgN_,22,5,5.6793942628,0.6793942628,1.1358788526,5.74004987,Solved
L?AAD@WLdSIgN_,24,5,5.6793909502,0.6793909502,1.1358781900,5.74033933,Solved
L?ABAaIeBWM_HS,23,5,5.6793909493,0.6793909493,1.1358781899,5.77164830,Solved
L?AAD@WLdcHgN_,24,5,5.6793909488,0.6793909488,1.1358781898,5.77969397,Solved
L?AAD@Oy@wCsUP,23,5,5.6793867948,0.6793867948,1.1358773590,5.75279894,Solved
L?AA@BOT@cTOas,21,5,5.6793765799,0.6793765799,1.1358753160,5.75757130,Solved
L?AAD?wXF_RQAu,24,5,5.6793661027,0.6793661027,1.1358732205,5.78433814,Solved
L?AAD@oIag@XVO,22,5,5.6793569950,0.6793569950,1.1358713990,5.75395906,Solved
L?AAD@OJDoAwN_,22,5,5.6793513645,0.6793513645,1.1358702729,5.74018961,Solved
L?AAD?wTCSawN_,23,5,5.6793496113,0.6793496113,1.1358699223,5.75594071,Solved
L?AAD@oR?VFOkc,23,5,5.6793494148,0.6793494148,1.1358698830,5.74220482,Solved
L?AAD@oR?VV?cc,22,5,5.6793455555,0.6793455555,1.1358691111,5.75718991,Solved
L?AAD@oRDoBgm_,23,5,5.6793218489,0.6793218489,1.1358643698,5.75358815,Solved
L?AAD?oeAWFoVO,22,5,5.6793157579,0.6793157579,1.1358631516,5.74545072,Solved
L?AAD?oeAwBgBw,22,5,5.6793157554,0.6793157554,1.1358631511,5.75168839,Solved
L?ABA_gaOh]?Bp,22,5,5.6792927688,0.6792927688,1.1358585538,5.77996299,Solved
L?AAD?oNBo@kFo,23,5,5.6792756702,0.6792756702,1.1358551340,5.76000127,Solved
L?AADAwVBoBgm_,25,5,5.6792453721,0.6792453721,1.1358490744,5.75048549,Solved
L?AAD?oy@sBoBw,23,5,5.6792195823,0.6792195823,1.1358439165,5.76488688,Solved
L?AAD?wT?mFoic,24,5,5.6792062511,0.6792062511,1.1358412502,5.76142868,Solved
L?AAD?W\DSIg{?,22,5,5.6791461346,0.6791461346,1.1358292269,5.77885258,Solved
L?AA@aHMAWCos@,20,5,5.6790961239,0.6790961239,1.1358192248,5.74923116,Solved
L?AAD@oI_wJGk_,21,5,5.6790897916,0.6790897916,1.1358179583,5.75848925,Solved
L?AAD@Oy@[Aw\?,22,5,5.6790688023,0.6790688023,1.1358137605,5.77054494,Solved
L?AAD@OyBgAwN_,23,5,5.6790492235,0.6790492235,1.1358098447,5.75812169,Solved
L?AAD?wXCcHgN_,22,5,5.6790387483,0.6790387483,1.1358077497,5.78364833,Solved
L?AA@aHMBGRON_,22,5,5.6790355986,0.6790355986,1.1358071197,5.81273059,Solved
L?AAD@oIag@kFo,22,5,5.6790342976,0.6790342976,1.1358068595,5.75236857,Solved
L?AA@BOmDSHguO,23,5,5.6789994851,0.6789994851,1.1357998970,5.74507036,Solved
L?AAD?oyCTHK\A,23,5,5.6789903829,0.6789903829,1.1357980766,5.75511086,Solved
L?ABA_gaOh}?Bp,23,5,5.6789903053,0.6789903053,1.1357980611,5.78497604,Solved
L?AAD?sX?sPUFo,23,5,5.6789803815,0.6789803815,1.1357960763,5.75385412,Solved
L?AA@BOT@sTOaS,21,5,5.6789803393,0.6789803393,1.1357960679,5.74784501,Solved
L?AAD?wXBgBWm_,23,5,5.6789641995,0.6789641995,1.1357928399,5.75130271,Solved
L?AAD?oEAwCqN_,21,5,5.6789329703,0.6789329703,1.1357865941,5.74845806,Solved
L?AA@aHMAWCoe@,20,5,5.6788733821,0.6788733821,1.1357746764,5.75239644,Solved
L?AAD@OI@gAqFo,20,5,5.6788103691,0.6788103691,1.1357620738,5.74658170,Solved
L?AADbGX?sBQwA,22,5,5.6788081973,0.6788081973,1.1357616395,5.75163359,Solved
L?AAD?oeEPBWLa,22,5,5.6787776194,0.6787776194,1.1357555239,5.75777965,Solved
L?AAD@OICsJGN_,21,5,5.6787677686,0.6787677686,1.1357535537,5.74175421,Solved
L?AAD?wX?e|?Es,23,5,5.6787238158,0.6787238158,1.1357447632,5.74741193,Solved
L?AAD@OIAwCsFo,21,5,5.6786910858,0.6786910858,1.1357382172,5.77484890,Solved
L?AAD@Oi@wAwJg,22,5,5.6786888711,0.6786888711,1.1357377742,5.74914189,Solved
L?AAD?wX?s]?Es,22,5,5.6786796375,0.6786796375,1.1357359275,5.76632071,Solved
L?AAD@oI_yHgy?,22,5,5.6786796365,0.6786796365,1.1357359273,5.74059728,Solved
L?AA@BOTDOFOas,21,5,5.6786640548,0.6786640548,1.1357328110,5.74917581,Solved
L?ABA_gaV_L_TK,23,5,5.6786590950,0.6786590950,1.1357318190,5.74064946,Solved
L?AAD?wXF_Igi`,23,5,5.6786423537,0.6786423537,1.1357284707,5.74609312,Solved
L?ABA_gaOh]?N?,21,5,5.6786266795,0.6786266795,1.1357253359,5.75313861,Solved
L?AA@aHMBHRON_,23,5,5.6786196662,0.6786196662,1.1357239332,5.81302094,Solved
L?ABAaGBaoCkSK,21,5,5.6786017964,0.6786017964,1.1357203593,5.74102245,Solved
L?AAD?s]F_Hgk`,24,5,5.6785996554,0.6785996554,1.1357199311,5.74225818,Solved
L?AAD?wT?m\?Bo,22,5,5.6785443046,0.6785443046,1.1357088609,5.78334600,Solved
L?AADAoFFOIgi`,23,5,5.6784851407,0.6784851407,1.1356970281,5.74603813,Solved
L?AAD?sXCo@WN_,21,5,5.6784831499,0.6784831499,1.1356966300,5.75372365,Solved
L?AAD?oeBGBoEq,21,5,5.6784669820,0.6784669820,1.1356933964,5.75411003,Solved
L?AAD?wTF_JGic,23,5,5.6784362471,0.6784362471,1.1356872494,5.75219318,Solved
L?AAD?sXCSBWN_,22,5,5.6784104392,0.6784104392,1.1356820878,5.75112284,Solved
L?AA@aHMAWCoy?,20,5,5.6783822809,0.6783822809,1.1356764562,5.76658066,Solved
L?AAD?oeAWDoBg,20,5,5.6783281041,0.6783281041,1.1356656208,5.76108742,Solved
L?AAD?wT?uTOUO,22,5,5.6783277988,0.6783277988,1.1356655598,5.77263124,Solved
L?AAD@Oy@sCsN_,23,5,5.6783183147,0.6783183147,1.1356636629,5.74316437,Solved
L?AAD@Oy@wCsN_,23,5,5.6783183145,0.6783183145,1.1356636629,5.74859180,Solved
L?AADbGHn_BoL_,24,5,5.6783031417,0.6783031417,1.1356606283,5.74385181,Solved
L?AAD?oEEP@kN_,21,5,5.6783027776,0.6783027776,1.1356605555,5.75092682,Solved
L?AA@BOm@sM_ap,23,5,5.6782870122,0.6782870122,1.1356574024,5.74203011,Solved
L?AADAoFBgHkAy,24,5,5.6782673901,0.6782673901,1.1356534780,5.74524384,Solved
L?AAD?oFFOTOVO,22,5,5.6782560127,0.6782560127,1.1356512025,5.75053935,Solved
L?ABA_gaOhV?Z?,21,5,5.6782401567,0.6782401567,1.1356480313,5.76581425,Solved
L?AAF@cM?sZ?Cw,22,5,5.6782315701,0.6782315701,1.1356463140,5.78318261,Solved
L?AAD@oMbgBoBw,24,5,5.6782119924,0.6782119924,1.1356423985,5.76216271,Solved
L?AAD@OI@gBWDs,20,5,5.6782041095,0.6782041095,1.1356408219,5.75855957,Solved
L?AAD?wX?kBg{?,21,5,5.6781996206,0.6781996206,1.1356399241,5.77182298,Solved
L?AAD?oyBgHcCt,23,5,5.6781723207,0.6781723207,1.1356344641,5.75727692,Solved
L?AAD@oR?VZ?VO,23,5,5.6781676444,0.6781676444,1.1356335289,5.75192040,Solved
L?AB?qQUAWSHH[,23,5,5.6781289499,0.6781289499,1.1356257900,5.75171809,Solved
L?ABAaGBdA~?VA,24,5,5.6781161227,0.6781161227,1.1356232245,5.74199421,Solved
L?AAD@Oy@sBoDs,23,5,5.6780962274,0.6780962274,1.1356192455,5.77448340,Solved
L?AA@aHMAWEoy?,21,5,5.6780912603,0.6780912603,1.1356182521,5.74427980,Solved
L?AAD?oEBW@[N_,21,5,5.6780743465,0.6780743465,1.1356148693,5.75982348,Solved
L?AAD?cuF_@wN_,23,5,5.6780690513,0.6780690513,1.1356138103,5.75300232,Solved
L?AAD?wT@Sj_L_,22,5,5.6780685876,0.6780685876,1.1356137175,5.79726330,Solved
L?AAD?oEBWKaAx,21,5,5.6780650834,0.6780650834,1.1356130167,5.74286392,Solved
L?AAD?oFFOVOFo,23,5,5.6780438264,0.6780438264,1.1356087653,5.74651511,Solved
L?AA@b_DloM_aT,24,5,5.6780399239,0.6780399239,1.1356079848,5.74862872,Solved
L?AAD@oRCTN?Bw,23,5,5.6780169215,0.6780169215,1.1356033843,5.74108370,Solved
L?AAD?oEBgHKN_,21,5,5.6779783751,0.6779783751,1.1355956750,5.74966558,Solved
L?AA@aHMBGZ?k_,21,5,5.6779760718,0.6779760718,1.1355952144,5.74629472,Solved
L?AAD?oEBgFoRW,22,5,5.6779632199,0.6779632199,1.1355926440,5.74322721,Solved
L?AAD@oR@sUOVO,23,5,5.6779595374,0.6779595374,1.1355919075,5.79226916,Solved
L?AAD?wT@Sj_N_,23,5,5.6779434504,0.6779434504,1.1355886901,5.80372278,Solved
L?AAD?sX?sZ?Bo,21,5,5.6779142007,0.6779142007,1.1355828401,5.74024973,Solved
L?AADbGLFOBoDg,23,5,5.6779111166,0.6779111166,1.1355822233,5.83157433,Solved
L?AAD?oEAWXCN_,20,5,5.6779085584,0.6779085584,1.1355817117,5.74785545,Solved
L?AAD?oEBW@sN_,21,5,5.6779042484,0.6779042484,1.1355808497,5.75106509,Solved
L?AAD@W{Cs@wFo,24,5,5.6778938564,0.6778938564,1.1355787713,5.74102056,Solved
L?ABA_gaOkv?\C,23,5,5.6778938526,0.6778938526,1.1355787705,5.74757972,Solved
L?AAD@oI_iZ?L_,21,5,5.6778770192,0.6778770192,1.1355754038,5.76523509,Solved
L?AADb_B_tN?M_,23,5,5.6778631405,0.6778631405,1.1355726281,5.83279563,Solved
L?`@Cb_HQcB_Eg,21,5,5.6778613665,0.6778613665,1.1355722733,5.78041642,Solved
L?AB?qQU@WGk{?,22,5,5.6778609774,0.6778609774,1.1355721955,5.80473379,Solved
L?AAD?wX?k@wYA,21,5,5.6777651238,0.6777651238,1.1355530248,5.78256160,Solved
L?AADBOX?kFOBo,21,5,5.6777445088,0.6777445088,1.1355489018,5.76268158,Solved
L?AAD?oFEoAwm_,22,5,5.6777340479,0.6777340479,1.1355468096,5.77344226,Solved
L?AAD?oFBWXCL_,21,5,5.6777164741,0.6777164741,1.1355432948,5.75253393,Solved
L?AADbGLFOAsN_,24,5,5.6777159435,0.6777159435,1.1355431887,5.83494688,Solved
L?AAD?oFBWEoBw,22,5,5.6777067103,0.6777067103,1.1355413421,5.74506381,Solved
L?AAD?oFEoTOFo,22,5,5.6777067056,0.6777067056,1.1355413411,5.74268650,Solved
L?AAD?oEBWFoBw,22,5,5.6777067044,0.6777067044,1.1355413409,5.74814427,Solved
L?AA@AOT?{TOeO,20,5,5.6776426674,0.6776426674,1.1355285335,5.74955487,Solved
L?AA@qoR@kL_kc,24,5,5.6776421272,0.6776421272,1.1355284254,5.79146871,Solved
L?AA@qoRDCfoVA,25,5,5.6776347544,0.6776347544,1.1355269509,5.77968800,Solved
L?AAD?wX?k@w{@,22,5,5.6776303392,0.6776303392,1.1355260678,5.74334149,Solved
L?AAD@oIag@{Fo,23,5,5.6775927229,0.6775927229,1.1355185446,5.74967957,Solved
L?AAD@Oi?wCsFo,21,5,5.6775758421,0.6775758421,1.1355151684,5.76466884,Solved
L?AADBOX@c@oac,20,5,5.6775723041,0.6775723041,1.1355144608,5.75259051,Solved
L?AADb_M?[J_RO,22,5,5.6775661971,0.6775661971,1.1355132394,5.76904018,Solved
L?AAD@Oi?wEoBw,21,5,5.6775422344,0.6775422344,1.1355084469,5.76286797,Solved
L?AA@AOTFOFOeO,20,5,5.6775257096,0.6775257096,1.1355051419,5.75924302,Solved
L?AE@b_F?]N?M_,23,5,5.6774991209,0.6774991209,1.1354998242,5.83001362,Solved
L?AAD?wX?kX@N_,22,5,5.6774804727,0.6774804727,1.1354960945,5.75227963,Solved
L?AAD@oI_\Bgm_,23,5,5.6774803487,0.6774803487,1.1354960697,5.75131059,Solved
L?AAD@OICsJGDs,21,5,5.6774606489,0.6774606489,1.1354921298,5.74550595,Solved
L?AAD?wTDSJGL_,22,5,5.6773928682,0.6773928682,1.1354785736,5.79193011,Solved
L?AA@AWTDoYGN_,22,5,5.6773754803,0.6773754803,1.1354750961,5.74156996,Solved
L?`@Cb_HQc@oEK,21,5,5.6773649345,0.6773649345,1.1354729869,5.79118483,Solved
L?AAD@oI_wZ?RO,21,5,5.6773598141,0.6773598141,1.1354719628,5.75872298,Solved
L?AAD?wXCc@h}?,22,5,5.6773499372,0.6773499372,1.1354699874,5.79763283,Solved
L?AAD?w\F_@wFO,23,5,5.6773170556,0.6773170556,1.1354634111,5.83964597,Solved
L?AADb_B_lN?M_,23,5,5.6772772351,0.6772772351,1.1354554470,5.85287051,Solved
L?AAD@oI_iZ?N_,22,5,5.6772036321,0.6772036321,1.1354407264,5.74040417,Solved
L?AAD@oidcBoBw,24,5,5.6771963106,0.6771963106,1.1354392621,5.75539121,Solved
L?ABA_gaQWQSTK,22,5,5.6771642300,0.6771642300,1.1354328460,5.75812681,Solved
L?AAD?wX?sAY}?,22,5,5.6771207479,0.6771207479,1.1354241496,5.77172114,Solved
L?AE@b_F?VN?M_,23,5,5.6770689513,0.6770689513,1.1354137903,5.81948368,Solved
L?AAD?wXCcBWN_,22,5,5.6770508317,0.6770508317,1.1354101663,5.74155487,Solved
L?AAD@cHcoA[F_,21,5,5.6770504619,0.6770504619,1.1354100924,5.74638744,Solved
L?`@Cb_HQcBOF_,21,5,5.6770318209,0.6770318209,1.1354063642,5.74303166,Solved
L?ABA_gaOh]?^?,22,5,5.6769828765,0.6769828765,1.1353965753,5.75512399,Solved
L?AA@aHMBHZ?k_,22,5,5.6769693601,0.6769693601,1.1353938720,5.75358041,Solved
L?`@Cb_HQoBOBo,21,5,5.6769579912,0.6769579912,1.1353915982,5.77371327,Solved
L?AA@agU?lXGV?,22,5,5.6769179754,0.6769179754,1.1353835951,5.74360999,Solved
L?AAD?oFFOIgm_,22,5,5.6769179737,0.6769179737,1.1353835947,5.77684741,Solved
L?AAD@OICsEoRO,20,5,5.6769062181,0.6769062181,1.1353812436,5.75132890,Solved
L?AAD@Oi?sJ_Hg,20,5,5.6768762798,0.6768762798,1.1353752560,5.74808680,Solved
L?AAD@OZBgDSBw,23,5,5.6768729743,0.6768729743,1.1353745949,5.75058889,Solved
L?AAD@W[@W@wk_,21,5,5.6768714947,0.6768714947,1.1353742989,5.74006802,Solved
L?AAD@oIagHgm_,22,5,5.6768678541,0.6768678541,1.1353735708,5.79235266,Solved
L?AAD?oeBGHgai,21,5,5.6768504923,0.6768504923,1.1353700985,5.75983236,Solved
L?AB?qQU@W\?G[,22,5,5.6768071601,0.6768071601,1.1353614320,5.76481636,Solved
L?AA@BOm?uFOBw,23,5,5.6768047043,0.6768047043,1.1353609409,5.78560823,Solved
L?AAD@oIagVOVO,23,5,5.6768018876,0.6768018876,1.1353603775,5.77200536,Solved
L?AAD?oeEP@wLa,22,5,5.6767897177,0.6767897177,1.1353579435,5.74570535,Solved
L?AAD?oyAXJ_Cu,23,5,5.6767844673,0.6767844673,1.1353568935,5.74730314,Solved
L?AEB?WUBHEoEq,23,5,5.6767806453,0.6767806453,1.1353561291,5.74751555,Solved
L?AAD?wXCcBoRQ,22,5,5.6767720593,0.6767720593,1.1353544119,5.74692163,Solved
L?AB?qQU@IHcgS,22,5,5.6767273509,0.6767273509,1.1353454702,5.77780955,Solved
L?AB?qQU@IHcgT,23,5,5.6767266027,0.6767266027,1.1353453205,5.76237411,Solved
L?AAD@oI_wHg}?,22,5,5.6766705449,0.6766705449,1.1353341090,5.76644618,Solved
L?ABA_gaO]GekB,23,5,5.6766685758,0.6766685758,1.1353337152,5.74848227,Solved
L?AAD@oIawHg}?,23,5,5.6766535231,0.6766535231,1.1353307046,5.76350996,Solved
L?ABAaIMAwV?PL,24,5,5.6766080147,0.6766080147,1.1353216029,5.74277799,Solved
L?AA@agUAYUO\?,22,5,5.6765295028,0.6765295028,1.1353059006,5.74686089,Solved
L?AA@agUBgUOaq,23,5,5.6765286569,0.6765286569,1.1353057314,5.74645733,Solved
L?AA@AOTFOTODq,21,5,5.6765003460,0.6765003460,1.1353000692,5.74081507,Solved
L?AADbGX@gBOaa,21,5,5.6764973765,0.6764973765,1.1352994753,5.76698636,Solved
L?AE@b_F?]N?J_,23,5,5.6764753437,0.6764753437,1.1352950687,5.83655129,Solved
L?AAD?wXCcZ?RQ,22,5,5.6764608586,0.6764608586,1.1352921717,5.78083351,Solved
L?AAD@oRDSBgm_,23,5,5.6764530476,0.6764530476,1.1352906095,5.76033255,Solved
L?AAD@oRDcBgm_,23,5,5.6764530476,0.6764530476,1.1352906095,5.75716840,Solved
L?AAD@oRDcBgi_,22,5,5.6764530443,0.6764530443,1.1352906089,5.75810667,Solved
L?AAD@oR@sBgm_,23,5,5.6764530431,0.6764530431,1.1352906086,5.75011292,Solved
L?AAD@oIaWBgm_,22,5,5.6764530422,0.6764530422,1.1352906084,5.78340021,Solved
L?AAD@oI_w\?Fo,22,5,5.6764455922,0.6764455922,1.1352891184,5.77935360,Solved
L?AAD?wXCc^?RQ,23,5,5.6764396060,0.6764396060,1.1352879212,5.78118229,Solved
L?AAD?sX?sPSN_,22,5,5.6764236283,0.6764236283,1.1352847257,5.75849488,Solved
L?AAD?wT?{TOVO,23,5,5.6764052649,0.6764052649,1.1352810530,5.83355975,Solved
L?AADbGX@gBOAe,21,5,5.6763800789,0.6763800789,1.1352760158,5.74314399,Solved
L?AAD?wT?]\?Fo,23,5,5.6763518601,0.6763518601,1.1352703720,5.77828817,Solved
L?AAD@oI_wHgm_,22,5,5.6763518552,0.6763518552,1.1352703710,5.81062571,Solved
L?AAD?wTFOBwFo,24,5,5.6763518552,0.6763518552,1.1352703710,5.74753398,Solved
L?AAD?wT?u\?Fo,23,5,5.6763518550,0.6763518550,1.1352703710,5.74583153,Solved
L?AAD?wT?{\?Fo,23,5,5.6763518542,0.6763518542,1.1352703708,5.78129555,Solved
L?AAD?wT?m\?Fo,23,5,5.6763518540,0.6763518540,1.1352703708,5.78545163,Solved
L?`@Cb_HQoBOBw,22,5,5.6763511315,0.6763511315,1.1352702263,5.78784923,Solved
L?AADbGX@gBOae,22,5,5.6763511269,0.6763511269,1.1352702254,5.74688482,Solved
L?AAD?wTCSdo^?,23,5,5.6763459416,0.6763459416,1.1352691883,5.76770100,Solved
L?AAF@cEf_DoBo,23,5,5.6763441477,0.6763441477,1.1352688295,5.75774452,Solved
L?AAD@cMdcJ_RO,23,5,5.6763417687,0.6763417687,1.1352683537,5.77835362,Solved
L?AADb_B_tN?V?,23,5,5.6763346398,0.6763346398,1.1352669280,5.81369555,Solved
L?AAD@oIaoEoAw,21,5,5.6763221890,0.6763221890,1.1352644378,5.75907281,Solved
L?AAD?wXF_@wFo,23,5,5.6763197749,0.6763197749,1.1352639550,5.77682257,Solved
L?AB?qQU@IJ_}?,23,5,5.6762928478,0.6762928478,1.1352585696,5.74284581,Solved
L?AAD?sX?sFoak,23,5,5.6762910610,0.6762910610,1.1352582122,5.76568619,Solved
L?AA@aHMAWCsy?,21,5,5.6762838140,0.6762838140,1.1352567628,5.76008028,Solved
L?AAD?wX?{Awy@,23,5,5.6762725443,0.6762725443,1.1352545089,5.76325002,Solved
L?AADb_BawN?Fg,24,5,5.6762703833,0.6762703833,1.1352540767,5.82244662,Solved
L?AADAoFFOEoDq,23,5,5.6762601020,0.6762601020,1.1352520204,5.78468773,Solved
L?AAD?WLEoKcac,21,5,5.6762226034,0.6762226034,1.1352445207,5.76055839,Solved
L?AB?qQU@WCkoQ,22,5,5.6762130649,0.6762130649,1.1352426130,5.74069767,Solved
L?AAD?W{DSM_TQ,23,5,5.6761710825,0.6761710825,1.1352342165,5.77017013,Solved
L?AAD?wLAQ@wka,22,5,5.6761681306,0.6761681306,1.1352336261,5.76202317,Solved
L?AAD@oI_yJ_m_,23,5,5.6761363189,0.6761363189,1.1352272638,5.75797689,Solved
L?AAD@oiawBgm_,24,5,5.6761363166,0.6761363166,1.1352272633,5.74100274,Solved
L?AAD@wMawBgm_,25,5,5.6761363143,0.6761363143,1.1352272629,5.75279473,Solved
L?AAD?WLFOBoHg,21,5,5.6761342128,0.6761342128,1.1352268426,5.74486273,Solved
L?AAD@OIBgBwBw,22,5,5.6761246710,0.6761246710,1.1352249342,5.76083404,Solved
L?AA@aHMBGZ?m_,22,5,5.6760990361,0.6760990361,1.1352198072,5.74266856,Solved
L?AAD@oIaoBoAw,21,5,5.6760922352,0.6760922352,1.1352184470,5.77444231,Solved
L?AAD?sXDcBWA{,23,5,5.6760886204,0.6760886204,1.1352177241,5.74666128,Solved
L?AAD?wTDSBgL_,22,5,5.6760170489,0.6760170489,1.1352034098,5.81110532,Solved
L?AAD?wTDOl_Dq,23,5,5.6759645803,0.6759645803,1.1351929161,5.74384669,Solved
L?AAD@W[?k@wm_,22,5,5.6759541977,0.6759541977,1.1351908395,5.74271292,Solved
L?AAD?wTDSBgN_,23,5,5.6759344681,0.6759344681,1.1351868936,5.82553337,Solved
L?AAD?oNBW@[RW,23,5,5.6758859465,0.6758859465,1.1351771893,5.74189145,Solved
L?AA@qoRDCeo^?,24,5,5.6758742831,0.6758742831,1.1351748566,5.77367179,Solved
L?AB?rOL@J]?Af,24,5,5.6758742746,0.6758742746,1.1351748549,5.75829894,Solved
L?AAD@oIaWF_ka,22,5,5.6758631683,0.6758631683,1.1351726337,5.76541723,Solved
L?AAD@oIag@kk`,22,5,5.6758622134,0.6758622134,1.1351724427,5.75410776,Solved
L?AAD?wLAWBOAs,20,5,5.6758081700,0.6758081700,1.1351616340,5.74957958,Solved
L?AAD?wT@S}?VO,23,5,5.6758077607,0.6758077607,1.1351615521,5.76285394,Solved
L?AE@b_F@[N?Aw,23,5,5.6757861348,0.6757861348,1.1351572270,5.83168927,Solved
L?AAD?W{AYM_At,23,5,5.6757817156,0.6757817156,1.1351563431,5.75160231,Solved
L?AAD@OiAwCse_,21,5,5.6757640807,0.6757640807,1.1351528161,5.74889711,Solved
L?AAD?wX?ev?Fo,23,5,5.6757518241,0.6757518241,1.1351503648,5.74792332,Solved
L?AAD?wX?kBW{?,21,5,5.6757411715,0.6757411715,1.1351482343,5.77773886,Solved
L?AEB?WM@gKcaR,22,5,5.6757077924,0.6757077924,1.1351415585,5.77548301,Solved
L?AAD?wX?erOZA,23,5,5.6756735389,0.6756735389,1.1351347078,5.75534759,Solved
L?AAD?oFBWAwqH,22,5,5.6756735388,0.6756735388,1.1351347078,5.74612120,Solved
L?AADBOX?sF_Ak,21,5,5.6756581601,0.6756581601,1.1351316320,5.74271558,Solved
L?ABA_gaOwAeu?,21,5,5.6756312403,0.6756312403,1.1351262481,5.77079852,Solved
L?AADb_B_lFOyA,24,5,5.6755853007,0.6755853007,1.1351170601,5.78825497,Solved
L?AB?qQU@W]?XW,23,5,5.6755809931,0.6755809931,1.1351161986,5.77065739,Solved
L?AA@b_Z@wBoBw,24,5,5.6755809927,0.6755809927,1.1351161985,5.76802332,Solved
L?AAD@oi_yBoM_,23,5,5.6755500852,0.6755500852,1.1351100170,5.75876723,Solved
L?ABA_gaOwAe}?,22,5,5.6755398738,0.6755398738,1.1351079748,5.77424544,Solved
L?AAD?wX?en?Fo,23,5,5.6754903201,0.6754903201,1.1350980640,5.75813249,Solved
L?AA@AWT@SEoeo,21,5,5.6754891709,0.6754891709,1.1350978342,5.74029983,Solved
L?AAD?sX@sPUN_,24,5,5.6754814595,0.6754814595,1.1350962919,5.75494936,Solved
L?AAD?oNBgBWAy,23,5,5.6754713332,0.6754713332,1.1350942666,5.77670655,Solved
L?AADAoFFOAwN_,23,5,5.6754548794,0.6754548794,1.1350909759,5.81955677,Solved
L?AA@aHMBHZ?m_,23,5,5.6754370236,0.6754370236,1.1350874047,5.74660319,Solved
L?AAD@Oy?mEo^?,23,5,5.6754367579,0.6754367579,1.1350873516,5.75537934,Solved
L?AADBOX?kFOBg,21,5,5.6754268430,0.6754268430,1.1350853686,5.74695116,Solved
L?AAD?wT@[]?FO,22,5,5.6753839966,0.6753839966,1.1350767993,5.74764112,Solved
L?AAD?oeAw@[RW,22,5,5.6753703709,0.6753703709,1.1350740742,5.74302492,Solved
L?ABA_gaPYGecb,23,5,5.6753670202,0.6753670202,1.1350734040,5.76306955,Solved
L?AA@aHMBHZ?L_,22,5,5.6753356447,0.6753356447,1.1350671289,5.75354132,Solved
L?AAD?WLEOigHi,22,5,5.6753188587,0.6753188587,1.1350637717,5.76466772,Solved
L?ABA_gaR_asBq,23,5,5.6753003863,0.6753003863,1.1350600773,5.74012282,Solved
L?AE@b_F?]N?N_,24,5,5.6752599315,0.6752599315,1.1350519863,5.82674862,Solved
L?AA@AWT@sEoeo,22,5,5.6752586930,0.6752586930,1.1350517386,5.75049801,Solved
L?AAD?wT?uTOVO,23,5,5.6752173372,0.6752173372,1.1350434674,5.75817857,Solved
L?AA@BOJLS\?Ct,23,5,5.6752078596,0.6752078596,1.1350415719,5.74280671,Solved
L?AAD?wXF_AwFo,23,5,5.6752033454,0.6752033454,1.1350406691,5.75353369,Solved
L?AAD?wXF_BgFo,23,5,5.6752033442,0.6752033442,1.1350406688,5.75797622,Solved
L?AAD?wXF_BoFo,23,5,5.6752033430,0.6752033430,1.1350406686,5.76740400,Solved
L?AAD?wXF_BwFo,24,5,5.6752033424,0.6752033424,1.1350406685,5.74195027,Solved
L?AAD?wXF_AwFO,22,5,5.6752033423,0.6752033423,1.1350406685,5.77519306,Solved
L?AAD@oI_iUOVO,22,5,5.6752033412,0.6752033412,1.1350406682,5.74602840,Solved
L?AAD?wX?k]?Fo,22,5,5.6752033410,0.6752033410,1.1350406682,5.77603017,Solved
L?AEB?o]Aw@sDo,23,5,5.6751888739,0.6751888739,1.1350377748,5.75677680,Solved
L?AA@BOT@cPWQQ,20,5,5.6751541182,0.6751541182,1.1350308236,5.74133817,Solved
L?AAD?oNBgBwAy,24,5,5.6751460930,0.6751460930,1.1350292186,5.77517388,Solved
L?AADb_M?[HgJ_,22,5,5.6751442549,0.6751442549,1.1350288510,5.75563040,Solved
L?AAD@OiAwCsm_,22,5,5.6751396744,0.6751396744,1.1350279349,5.74888458,Solved
L?AAD@Oy?\Do\?,22,5,5.6751368468,0.6751368468,1.1350273694,5.76482719,Solved
L?AAD?wX?k@Yec,22,5,5.6751082793,0.6751082793,1.1350216559,5.74937208,Solved
L?AAD?wLEOAwRO,21,5,5.6750674378,0.6750674378,1.1350134876,5.74880965,Solved
L?AAD@OI@gQQm_,20,5,5.6750545758,0.6750545758,1.1350109152,5.74542746,Solved
L?AAD?wTDOn_Dq,24,5,5.6750530097,0.6750530097,1.1350106019,5.75262261,Solved
L?ABAaGRD_Kccd,22,5,5.6750482674,0.6750482674,1.1350096535,5.74240255,Solved
L?ABA_gaQH}?Bp,23,5,5.6750283806,0.6750283806,1.1350056761,5.76371373,Solved
L?AAD?oy@sAw^?,23,5,5.6750244427,0.6750244427,1.1350048885,5.76016566,Solved
L?AAD@OICcm_m_,21,5,5.6749809296,0.6749809296,1.1349961859,5.75080887,Solved
L?AA@AOT@wBWuO,21,5,5.6749745698,0.6749745698,1.1349949140,5.74737402,Solved
L?AA@AWT@wPYm_,23,5,5.6749645839,0.6749645839,1.1349929168,5.77296712,Solved
L?AAD@oIaWBg}?,22,5,5.6749628391,0.6749628391,1.1349925678,5.74638253,Solved
L?AEB?WM@gCsaR,22,5,5.6749447261,0.6749447261,1.1349889452,5.79501991,Solved
L?AA@agU?lM_aR,23,5,5.6749199259,0.6749199259,1.1349839852,5.78269131,Solved
L?AA@aHMBGHgDg,21,5,5.6749164032,0.6749164032,1.1349832806,5.76125560,Solved
L?AAD?wT?y\?Ic,22,5,5.6749119490,0.6749119490,1.1349823898,5.76920769,Solved
L?AAD?oeBGEoFo,21,5,5.6749045569,0.6749045569,1.1349809114,5.74798114,Solved
L?AE@b_F@[N?Bw,24,5,5.6749011247,0.6749011247,1.1349802249,5.83334171,Solved
L?AADb_MCsBoBw,24,5,5.6748871007,0.6748871007,1.1349774201,5.83416959,Solved
L?AAD?wT?y\?ic,23,5,5.6748510337,0.6748510337,1.1349702067,5.77109508,Solved
L?AAD@cMdcBoFo,24,5,5.6748464347,0.6748464347,1.1349692869,5.74143292,Solved
L?AAD?sXDoROA{,23,5,5.6748375252,0.6748375252,1.1349675050,5.75997836,Solved
L?AAD@W[@W@wSQ,21,5,5.6748324232,0.6748324232,1.1349664846,5.74109533,Solved
L?ABAaIeBgF_G[,23,5,5.6748038176,0.6748038176,1.1349607635,5.79532239,Solved
L?AAD@oIaWQP^?,22,5,5.6747736129,0.6747736129,1.1349547226,5.76243822,Solved
L?AAD?WLFOBge_,21,5,5.6747549081,0.6747549081,1.1349509816,5.74024262,Solved
L?`@Cb_HQS@wSc,22,5,5.6747449435,0.6747449435,1.1349489887,5.76259264,Solved
L?AAD?WLEoCsi_,21,5,5.6747293648,0.6747293648,1.1349458730,5.75401011,Solved
L?AAD@OIAwFoBw,22,5,5.6746401682,0.6746401682,1.1349280336,5.76212949,Solved
L?AAD?sXCcJGm_,22,5,5.6746271439,0.6746271439,1.1349254288,5.74190345,Solved
L?AE@b_F?VN?N_,24,5,5.6746156767,0.6746156767,1.1349231353,5.82937829,Solved
L?ABAaIeBgF_H[,24,5,5.6746136185,0.6746136185,1.1349227237,5.77871461,Solved
L?AAD@OI@kJGm_,21,5,5.6746109191,0.6746109191,1.1349221838,5.75359159,Solved
L?AAD?WLEOtOHi,22,5,5.6746108768,0.6746108768,1.1349221754,5.76188824,Solved
L?AE@b_Z@wBoBw,25,5,5.6746097728,0.6746097728,1.1349219546,5.78317136,Solved
L?AAD@OICsEoVO,21,5,5.6746011312,0.6746011312,1.1349202262,5.74388178,Solved
L?AAD?oeBGXCai,21,5,5.6745741566,0.6745741566,1.1349148313,5.74182715,Solved
L?AB?qQU@I\?RG,22,5,5.6745608237,0.6745608237,1.1349121647,5.79748293,Solved
L?AA@AWTDSBg^?,22,5,5.6745562791,0.6745562791,1.1349112558,5.74835655,Solved
L?AAD?wT?mM_ic,23,5,5.6745376040,0.6745376040,1.1349075208,5.74088088,Solved
L?AAD@oIaiAwBg,22,5,5.6745301495,0.6745301495,1.1349060299,5.74725497,Solved
L?AAD?WLEOcsm_,22,5,5.6745188552,0.6745188552,1.1349037710,5.75983626,Solved
L?AA@BOTDOBGco,19,5,5.6745151791,0.6745151791,1.1349030358,5.75438099,Solved
L?AAD@OJ@cHHL`,21,5,5.6745151779,0.6745151779,1.1349030356,5.74121593,Solved
L?AA@BOTDO@WDo,19,5,5.6745151762,0.6745151762,1.1349030352,5.76307443,Solved
L?AA@AOTBoTOVO,21,5,5.6745151761,0.6745151761,1.1349030352,5.75438155,Solved
L?AA@AWT@SJG^?,21,5,5.6745151755,0.6745151755,1.1349030351,5.75726358,Solved
L?AA@AWT@SXG]?,20,5,5.6745151753,0.6745151753,1.1349030351,5.78426286,Solved
L?AA@BOTDO@Wco,19,5,5.6745151750,0.6745151750,1.1349030350,5.76377165,Solved
L?AA@BOTDOBGeo,20,5,5.6745151748,0.6745151748,1.1349030350,5.75340926,Solved
L?AA@AWT@SN?uO,21,5,5.6745151748,0.6745151748,1.1349030350,5.77841582,Solved
L?AAD@Oi@gBOBo,19,5,5.6745151732,0.6745151732,1.1349030346,5.79813789,Solved
L?AA@AWT@SHg]?,20,5,5.6745151722,0.6745151722,1.1349030344,5.79384598,Solved
L?AA@BOm?u@weO,22,5,5.6745151722,0.6745151722,1.1349030344,5.80663594,Solved
L?AAD@Oi@cHHL`,21,5,5.6745151722,0.6745151722,1.1349030344,5.74674029,Solved
L?AA@AODBOTORO,18,5,5.6745151719,0.6745151719,1.1349030344,5.74164988,Solved
L?AA@AWT@SJGZ?,20,5,5.6745151715,0.6745151715,1.1349030343,5.75693383,Solved
L?AA@AWTDSJGy?,21,5,5.6745151715,0.6745151715,1.1349030343,5.78922118,Solved
L?AA@BOTDOBGm_,20,5,5.6745151712,0.6745151712,1.1349030342,5.77038402,Solved
L?AA@AWT@sHg]?,21,5,5.6745151712,0.6745151712,1.1349030342,5.74683500,Solved
L?AAD?cUDoBgL_,21,5,5.6745151708,0.6745151708,1.1349030342,5.75940402,Solved
L?AA@AWT@SN?VO,21,5,5.6745151703,0.6745151703,1.1349030341,5.79608632,Solved
L?AA@AWT@SJG}?,21,5,5.6745151698,0.6745151698,1.1349030340,5.79443823,Solved
L?AA@AWTBoXGas,22,5,5.6745151697,0.6745151697,1.1349030339,5.78701095,Solved
L?AA@BOT@SROaS,20,5,5.6745151696,0.6745151696,1.1349030339,5.77485773,Solved
L?AA@BOTDO@Weo,20,5,5.6745151692,0.6745151692,1.1349030338,5.75237711,Solved
L?AA@BOT@oXGm_,21,5,5.6745151688,0.6745151688,1.1349030338,5.74256967,Solved
L?AA@BOTDOJGm_,21,5,5.6745151684,0.6745151684,1.1349030337,5.75331841,Solved
L?AAD@Oi@WAoQO,18,5,5.6745151683,0.6745151683,1.1349030337,5.74168810,Solved
L?AAD@Oi@g@Lk_,20,5,5.6745151681,0.6745151681,1.1349030336,5.76421415,Solved
L?AA@BOT@SUOaS,20,5,5.6745151679,0.6745151679,1.1349030336,5.77351174,Solved
L?AA@AWTDSJG]?,21,5,5.6745151676,0.6745151676,1.1349030335,5.79968509,Solved
L?AA@BOTDOBGe_,19,5,5.6745151665,0.6745151665,1.1349030333,5.77947200,Solved
L?AAD@OJ@cM_ah,21,5,5.6745151664,0.6745151664,1.1349030333,5.75610205,Solved
L?AAD?cUDcL_qG,21,5,5.6745151657,0.6745151657,1.1349030331,5.74119617,Solved
L?AA@AWT@SJG]?,20,5,5.6745151656,0.6745151656,1.1349030331,5.80042493,Solved
L?AAD@Oi@WAoEO,18,5,5.6745151656,0.6745151656,1.1349030331,5.78956158,Solved
L?AA@AOTBoHgm_,21,5,5.6745151654,0.6745151654,1.1349030331,5.75647072,Solved
L?AA@BOTCcD_QQ,19,5,5.6745151651,0.6745151651,1.1349030330,5.77886300,Solved
L?AA@BOTDO@We_,19,5,5.6745151650,0.6745151650,1.1349030330,5.79090987,Solved
L?AA@BOTCcD_UO,19,5,5.6745151649,0.6745151649,1.1349030330,5.76350971,Solved
L?AA@BOTDOUOUO,20,5,5.6745151649,0.6745151649,1.1349030330,5.74490561,Solved
L?AA@BOTDOBGk_,19,5,5.6745151648,0.6745151648,1.1349030330,5.76135422,Solved
L?AA@AOTBoXGas,21,5,5.6745151648,0.6745151648,1.1349030330,5.74473547,Solved
L?AA@AWTBoJGm_,22,5,5.6745150978,0.6745150978,1.1349030196,5.75410357,Solved
L?AA@AOTBoFOVO,21,5,5.6745150947,0.6745150947,1.1349030189,5.74846568,Solved
L?AA@AOTBoPWuO,21,5,5.6745135334,0.6745135334,1.1349027067,5.75293085,Solved
L?AAD@Oi@gAWAy,20,5,5.6745113172,0.6745113172,1.1349022634,5.74049369,Solved
L?AADAoFEo@wm_,23,5,5.6745095880,0.6745095880,1.1349019176,5.76799945,Solved
L?AA@AWT@SHgy?,20,5,5.6745069288,0.6745069288,1.1349013858,5.75829979,Solved
L?AA@AWTDSN?VO,22,5,5.6745043527,0.6745043527,1.1349008705,5.79586607,Solved
L?AA@BOm@sDouO,23,5,5.6745015776,0.6745015776,1.1349003155,5.79846360,Solved
L?AA@AWT@SHg}?,21,5,5.6745015000,0.6745015000,1.1349003000,5.76689020,Solved
L?AA@AWTDSN?qO,21,5,5.6744955713,0.6744955713,1.1348991143,5.77933259,Solved
L?AA@AWTDSJG}?,22,5,5.6744944368,0.6744944368,1.1348988874,5.79301164,Solved
L?AA@BOm?u@weo,23,5,5.6744753584,0.6744753584,1.1348950717,5.76973323,Solved
L?AA@BOTDOBGDa,19,5,5.6744694083,0.6744694083,1.1348938817,5.75231336,Solved
L?AAD@OJ@cJ_Ig,20,5,5.6744694082,0.6744694082,1.1348938816,5.80625963,Solved
L?AAD@Oi@gBOFO,19,5,5.6744694076,0.6744694076,1.1348938815,5.79500366,Solved
L?AAD@Oi@gBOFo,20,5,5.6744694067,0.6744694067,1.1348938813,5.76723955,Solved
L?AAD@Oi?sK`Ep,21,5,5.6744694066,0.6744694066,1.1348938813,5.74523815,Solved
L?AAD@Oi@gAoVO,20,5,5.6744694061,0.6744694061,1.1348938812,5.76439462,Solved
L?AA@BOTDOBGDq,20,5,5.6744694055,0.6744694055,1.1348938811,5.77057762,Solved
L?AAD@Oi@g@LDc,20,5,5.6744694030,0.6744694030,1.1348938806,5.78163529,Solved
L?AAD@Oi@gAoFO,19,5,5.6744694029,0.6744694029,1.1348938806,5.77817916,Solved
L?AAD@Oi@gAoFo,20,5,5.6744694028,0.6744694028,1.1348938806,5.78275767,Solved
L?AA@BOTDOAwUO,20,5,5.6744645513,0.6744645513,1.1348929103,5.77665831,Solved
L?AA@AOTBoTOuO,21,5,5.6744484052,0.6744484052,1.1348896810,5.75809967,Solved
L?AA@AWTBoHgm_,22,5,5.6744323447,0.6744323447,1.1348864689,5.75167121,Solved
L?AA@BOTDO@Wk_,19,5,5.6744297825,0.6744297825,1.1348859565,5.76421024,Solved
L?AA@BOT@SUOA[,20,5,5.6744220224,0.6744220224,1.1348844045,5.78205390,Solved
L?AB?qQU@WGky?,22,5,5.6744166371,0.6744166371,1.1348833274,5.81283737,Solved
L?AA@BOTDOJGDq,21,5,5.6744128744,0.6744128744,1.1348825749,5.75688304,Solved
L?AAD@Oi@WBGe_,19,5,5.6744044476,0.6744044476,1.1348808895,5.74890648,Solved
L?AA@BOT@o@Weo,20,5,5.6744030980,0.6744030980,1.1348806196,5.75179311,Solved
L?AAD?WLEoTOHi,22,5,5.6744021338,0.6744021338,1.1348804268,5.75611825,Solved
L?AA@BOmDcJGVO,23,5,5.6743896789,0.6743896789,1.1348779358,5.75828024,Solved
L?AA@AWT@SBW]?,20,5,5.6743838897,0.6743838897,1.1348767779,5.74738978,Solved
L?AAD@OIBWAYJg,21,5,5.6743822462,0.6743822462,1.1348764492,5.74106273,Solved
L?AA@BOTCcD_qO,19,5,5.6743821720,0.6743821720,1.1348764344,5.74012552,Solved
L?AA@AWT@SXG}?,21,5,5.6743777270,0.6743777270,1.1348755454,5.75155939,Solved
L?AAD@Oy?\Do^?,23,5,5.6743596853,0.6743596853,1.1348719371,5.75464353,Solved
L?AAD@Oi@gHHDc,20,5,5.6743575176,0.6743575176,1.1348715035,5.75579499,Solved
L?AAD@oI_wJg}?,23,5,5.6743497424,0.6743497424,1.1348699485,5.74282979,Solved
L?AA@BOTCcD_eO,19,5,5.6743384926,0.6743384926,1.1348676985,5.74968536,Solved
L?AB?qQU@WGk}?,23,5,5.6743365252,0.6743365252,1.1348673050,5.82152039,Solved
L?AAD@W[?[UOVO,22,5,5.6743304853,0.6743304853,1.1348660971,5.76426586,Solved
L?AA@BOTCcD_uO,20,5,5.6743278443,0.6743278443,1.1348655689,5.74479030,Solved
L?AAD@Oi@gAWFO,19,5,5.6743197409,0.6743197409,1.1348639482,5.76899198,Solved
L?AA@BOTDOUORO,20,5,5.6743165266,0.6743165266,1.1348633053,5.75302054,Solved
L?AAD@Oi@gBgM_,20,5,5.6743139170,0.6743139170,1.1348627834,5.79153242,Solved
L?AA@qoRDCboBg,23,5,5.6743061082,0.6743061082,1.1348612216,5.77247315,Solved
L?AAD@oR?s@[Z?,21,5,5.6743059477,0.6743059477,1.1348611895,5.76820062,Solved
L?AAD@Oi@gBOAq,19,5,5.6743035337,0.6743035337,1.1348607067,5.75867366,Solved
L?ABAaIFAh@wgF,24,5,5.6742970030,0.6742970030,1.1348594006,5.75618822,Solved
L?AA@AOTBo@[RW,21,5,5.6742953143,0.6742953143,1.1348590629,5.74257851,Solved
L?AAD@W[?YCsDo,21,5,5.6742751695,0.6742751695,1.1348550339,5.74428712,Solved
L?AAD@oIaoEoBw,22,5,5.6742733594,0.6742733594,1.1348546719,5.76031033,Solved
L?AAD?wXCcBI{?,21,5,5.6742717226,0.6742717226,1.1348543445,5.74619062,Solved
L?AB?qQU@IHc}?,23,5,5.6742637761,0.6742637761,1.1348527552,5.79309161,Solved
L?AAD?sXAoPOcc,20,5,5.6742627982,0.6742627982,1.1348525596,5.78752635,Solved
L?AE@b_FBo@{N_,25,5,5.6742589795,0.6742589795,1.1348517959,5.81788970,Solved
L?AAD@oIawIgm_,23,5,5.6742431366,0.6742431366,1.1348486273,5.81744730,Solved
L?AAD?w\DSBoTQ,24,5,5.6742378830,0.6742378830,1.1348475766,5.76242814,Solved
L?AA@AOTFOPWuO,21,5,5.6742359595,0.6742359595,1.1348471919,5.74932007,Solved
L?AADbGRBWFOce,24,5,5.6742350356,0.6742350356,1.1348470071,5.74334554,Solved
L?ABA_gaRWQSTK,23,5,5.6742350318,0.6742350318,1.1348470064,5.77883547,Solved
L?AAD@oicsBoBw,24,5,5.6742350306,0.6742350306,1.1348470061,5.75541793,Solved
L?AADbGXBWFOce,24,5,5.6742350303,0.6742350303,1.1348470061,5.75094448,Solved
L?AA@BOmCU@weo,23,5,5.6742277337,0.6742277337,1.1348455467,5.74131627,Solved
L?AA@AOTBoXGic,21,5,5.6742076383,0.6742076383,1.1348415277,5.74681382,Solved
L?AA@AWTBoXGic,22,5,5.6742073612,0.6742073612,1.1348414722,5.76649841,Solved
L?AAD@Oi@cM_Ax,21,5,5.6741929207,0.6741929207,1.1348385841,5.74465978,Solved
L?AE@`DY@oEoqO,22,5,5.6741850332,0.6741850332,1.1348370066,5.75085107,Solved
L?AEB?c{AwQKeW,24,5,5.6741774166,0.6741774166,1.1348354833,5.74076691,Solved
L?AA@AWTDSHgy?,21,5,5.6741765209,0.6741765209,1.1348353042,5.76440241,Solved
L?AA@AWTDc^?RQ,23,5,5.6741641419,0.6741641419,1.1348328284,5.74670292,Solved
L?AA@AWTDSXG}?,22,5,5.6741640619,0.6741640619,1.1348328124,5.75198165,Solved
L?AAD@OZDoCsUP,23,5,5.6741576604,0.6741576604,1.1348315321,5.74386177,Solved
L?AAD?cUDoIgJ_,21,5,5.6741524777,0.6741524777,1.1348304955,5.76909650,Solved
L?AAD@W[?UrOTO,22,5,5.6741393439,0.6741393439,1.1348278688,5.74001356,Solved
L?AAD@OJ@cJGHh,21,5,5.6741336180,0.6741336180,1.1348267236,5.74445148,Solved
L?AA@BOTDO@WF_,19,5,5.6741296771,0.6741296771,1.1348259354,5.74148386,Solved
L?AAD@W[@LBgDo,22,5,5.6741181763,0.6741181763,1.1348236353,5.76158324,Solved
L?AA@AWTDSHg}?,22,5,5.6741108597,0.6741108597,1.1348221719,5.76693023,Solved
L?AAD@W[AYUON_,23,5,5.6741084362,0.6741084362,1.1348216872,5.76128415,Solved
L?AAD@OJ@cBoQQ,20,5,5.6741026936,0.6741026936,1.1348205387,5.75331604,Solved
L?AA@BOmCqFON_,23,5,5.6740912349,0.6740912349,1.1348182470,5.75166664,Solved
L?ABA_gaPYQSPK,22,5,5.6740896822,0.6740896822,1.1348179364,5.79494319,Solved
L?`@Cb_HOsBcoc,22,5,5.6740843890,0.6740843890,1.1348168778,5.81176110,Solved
L?AA@agUAhEoge,23,5,5.6740832498,0.6740832498,1.1348166500,5.74441814,Solved
L?AE@`gJFOBoCm,24,5,5.6740765011,0.6740765011,1.1348153002,5.75903270,Solved
L?ABAaIeB`@wHS,23,5,5.6740703621,0.6740703621,1.1348140724,5.75976016,Solved
L?AA@AWT@SXG^?,21,5,5.6740590404,0.6740590404,1.1348118081,5.75940482,Solved
L?AAD@Oi@gHgDc,20,5,5.6740525772,0.6740525772,1.1348105154,5.74509859,Solved
L?AA@AWT@SPW^?,21,5,5.6740487281,0.6740487281,1.1348097456,5.77438347,Solved
L?AA@AOTBoTOas,21,5,5.6740483515,0.6740483515,1.1348096703,5.76349164,Solved
L?AAD?w\FOBgDo,23,5,5.6740421133,0.6740421133,1.1348084227,5.82313715,Solved
L?AAD?oFAoXCFo,21,5,5.6740344863,0.6740344863,1.1348068973,5.74416269,Solved
L?AAD?wXCcEoRQ,22,5,5.6740313994,0.6740313994,1.1348062799,5.75561801,Solved
L?AAD@o\@k@[Fo,24,5,5.6739891135,0.6739891135,1.1347978227,5.78436801,Solved
L?AAD?WLBWUOQT,22,5,5.6739830916,0.6739830916,1.1347966183,5.75263521,Solved
L?AB?qQU@WGkm@,23,5,5.6739743131,0.6739743131,1.1347948626,5.81208077,Solved
L?AAD?wLEoHgk_,22,5,5.6739625714,0.6739625714,1.1347925143,5.74648176,Solved
L?AADBOMbgF_Bw,24,5,5.6739558543,0.6739558543,1.1347911709,5.74172470,Solved
L?AA@AOTDoJGZG,21,5,5.6739532802,0.6739532802,1.1347906560,5.80365222,Solved
L?AAD@OI@cHHDs,20,5,5.6739532800,0.6739532800,1.1347906560,5.75446576,Solved
L?AAD@OI@cHHBw,20,5,5.6739532799,0.6739532799,1.1347906560,5.75484599,Solved
L?AA@BOT@cROqA,20,5,5.6739532786,0.6739532786,1.1347906557,5.81016557,Solved
L?AAD@Oi@WBGAw,19,5,5.6739532776,0.6739532776,1.1347906555,5.74083042,Solved
L?AA@AODEoLCJg,20,5,5.6739532774,0.6739532774,1.1347906555,5.77608961,Solved
L?AAD@OIBWCsCu,21,5,5.6739532774,0.6739532774,1.1347906555,5.75987760,Solved
L?AAD?oeBGXCRW,21,5,5.6739532769,0.6739532769,1.1347906554,5.78927796,Solved
L?AA@AOTDoDcL_,20,5,5.6739532769,0.6739532769,1.1347906554,5.79686333,Solved
L?AA@AOTDoBgZG,21,5,5.6739532768,0.6739532768,1.1347906554,5.80526883,Solved
L?AA@AODFoFoZG,22,5,5.6739532767,0.6739532767,1.1347906553,5.76119576,Solved
L?AA@AOTEoEoZG,21,5,5.6739532763,0.6739532763,1.1347906553,5.77874327,Solved
L?AA@BOTDOBgaS,20,5,5.6739532762,0.6739532762,1.1347906552,5.80140220,Solved
L?AAD@OICcJGBY,20,5,5.6739532759,0.6739532759,1.1347906552,5.74656891,Solved
L?AA@AODEoFoZG,21,5,5.6739532758,0.6739532758,1.1347906552,5.76842880,Solved
L?AA@AOT@k^?ZG,22,5,5.6739532755,0.6739532755,1.1347906551,5.77231977,Solved
L?AAD?cUDcM_sG,21,5,5.6739532753,0.6739532753,1.1347906551,5.81734588,Solved
L?AA@AOTFOBgaS,20,5,5.6739532751,0.6739532751,1.1347906550,5.78728414,Solved
L?AA@AODFOVOZG,21,5,5.6739532746,0.6739532746,1.1347906549,5.76874121,Solved
L?AA@AODEoDoZG,20,5,5.6739532745,0.6739532745,1.1347906549,5.77073263,Solved
L?AA@AOTDoPWIk,21,5,5.6739532745,0.6739532745,1.1347906549,5.74513538,Solved
L?AA@BOTFOEoJG,21,5,5.6739532743,0.6739532743,1.1347906549,5.76004422,Solved
L?AA@AOTDoXGRW,21,5,5.6739532743,0.6739532743,1.1347906549,5.77207397,Solved
L?AA@AOT@kVOJg,22,5,5.6739532741,0.6739532741,1.1347906548,5.80377540,Solved
L?AA@AODEoHcN_,20,5,5.6739532741,0.6739532741,1.1347906548,5.77331399,Solved
L?AA@AODEoTOJg,20,5,5.6739532740,0.6739532740,1.1347906548,5.78823541,Solved
L?AAD@OI@cJGAY,19,5,5.6739532740,0.6739532740,1.1347906548,5.81167251,Solved
L?AAD@OI@cJGBY,20,5,5.6739532739,0.6739532739,1.1347906548,5.75976235,Solved
L?AA@BOTDODcaS,20,5,5.6739532735,0.6739532735,1.1347906547,5.80496332,Solved
L?AA@AOTDoEoZG,21,5,5.6739532734,0.6739532734,1.1347906547,5.76572519,Solved
L?AAD?cEF_IgL_,20,5,5.6739532732,0.6739532732,1.1347906546,5.82981821,Solved
L?AA@BOT@cROqQ,21,5,5.6739532732,0.6739532732,1.1347906546,5.77092508,Solved
L?AAD?cUDcAwN?,21,5,5.6739532731,0.6739532731,1.1347906546,5.74315123,Solved
L?AA@AOTCsEoJg,21,5,5.6739532730,0.6739532730,1.1347906546,5.81517507,Solved
L?AAD@OICcK`Ds,20,5,5.6739532729,0.6739532729,1.1347906546,5.79504454,Solved
L?AA@AOT?k^?ZG,21,5,5.6739532727,0.6739532727,1.1347906545,5.78525257,Solved
L?AAD@OICcK`Jg,20,5,5.6739532726,0.6739532726,1.1347906545,5.74495678,Solved
L?AA@AOTFOTOZG,21,5,5.6739532726,0.6739532726,1.1347906545,5.79725145,Solved
L?AA@BOJLoIg\?,22,5,5.6739532726,0.6739532726,1.1347906545,5.80251681,Solved
L?AA@AODBOROJg,19,5,5.6739532724,0.6739532724,1.1347906545,5.77244742,Solved
L?AA@AOTEoDcL_,20,5,5.6739532723,0.6739532723,1.1347906545,5.77044436,Solved
L?AA@AOTDoBgas,21,5,5.6739532722,0.6739532722,1.1347906544,5.75429373,Solved
L?AAD@OJ@oAwk_,20,5,5.6739532721,0.6739532721,1.1347906544,5.75435794,Solved
L?AA@AOTDoEoJg,21,5,5.6739532720,0.6739532720,1.1347906544,5.80403362,Solved
L?AA@AODEoTOYK,20,5,5.6739532720,0.6739532720,1.1347906544,5.77483747,Solved
L?AADBOX?sIgcc,21,5,5.6739532718,0.6739532718,1.1347906544,5.81258518,Solved
L?AAD?oeBG@kqG,20,5,5.6739532717,0.6739532717,1.1347906543,5.78853481,Solved
L?AAD@Oi@cHHDs,21,5,5.6739532717,0.6739532717,1.1347906543,5.74651765,Solved
L?AAD@OI@cAYRQ,20,5,5.6739532716,0.6739532716,1.1347906543,5.74665022,Solved
L?AAD?cEF_Foeg,22,5,5.6739532715,0.6739532715,1.1347906543,5.74377950,Solved
L?AA@AODEoBoZG,20,5,5.6739532715,0.6739532715,1.1347906543,5.78566853,Solved
L?AA@AODAOVOJg,19,5,5.6739532713,0.6739532713,1.1347906543,5.75942314,Solved
L?AAD?oyCTHKDU,23,5,5.6739532713,0.6739532713,1.1347906543,5.74128244,Solved
L?AAD@OI@cBWBQ,19,5,5.6739532712,0.6739532712,1.1347906542,5.75817706,Solved
L?AAD@Oi@cHHCs,20,5,5.6739532711,0.6739532711,1.1347906542,5.80131249,Solved
L?AA@AODFOVOIk,21,5,5.6739532710,0.6739532710,1.1347906542,5.76362360,Solved
L?AAD@OICcAwXA,19,5,5.6739532709,0.6739532709,1.1347906542,5.80900892,Solved
L?AAD@cHf_BITO,22,5,5.6739532708,0.6739532708,1.1347906542,5.81307522,Solved
L?AA@AOTBo@kuO,21,5,5.6739532708,0.6739532708,1.1347906542,5.79366105,Solved
L?AA@AOTFODcuO,21,5,5.6739532706,0.6739532706,1.1347906541,5.77887293,Solved
L?AAD@Oi@cJGAY,20,5,5.6739532706,0.6739532706,1.1347906541,5.81335860,Solved
L?AA@BOTDODcN_,21,5,5.6739532704,0.6739532704,1.1347906541,5.80535812,Solved
L?AAD@OICcM_HI,19,5,5.6739532704,0.6739532704,1.1347906541,5.79542755,Solved
L?AA@AOTCsDcL_,20,5,5.6739532701,0.6739532701,1.1347906540,5.81151954,Solved
L?AAD@OICcBWQQ,19,5,5.6739532700,0.6739532700,1.1347906540,5.79341368,Solved
L?AAD?cEF_EoVO,21,5,5.6739532700,0.6739532700,1.1347906540,5.77277463,Solved
L?AAD?cUDcAw\?,21,5,5.6739532697,0.6739532697,1.1347906539,5.83472590,Solved
L?AA@AOT?kV?ZG,20,5,5.6739532695,0.6739532695,1.1347906539,5.78866505,Solved
L?AA@AODFOTOZG,20,5,5.6739532694,0.6739532694,1.1347906539,5.77335645,Solved
L?AA@AODAOROJg,18,5,5.6739532690,0.6739532690,1.1347906538,5.75972170,Solved
L?AAD@OI@cAYQQ,19,5,5.6739532689,0.6739532689,1.1347906538,5.80940737,Solved
L?AA@AODBOVOJg,20,5,5.6739532686,0.6739532686,1.1347906537,5.76517171,Solved
L?AAD@OIBWUOCu,21,5,5.6739532686,0.6739532686,1.1347906537,5.75064386,Solved
L?AA@AOTDoDcVO,21,5,5.6739532685,0.6739532685,1.1347906537,5.80626590,Solved
L?AA@AOTEoLCIk,21,5,5.6739532685,0.6739532685,1.1347906537,5.80581039,Solved
L?AA@BOTCcD_iC,19,5,5.6739532684,0.6739532684,1.1347906537,5.79637492,Solved
L?AA@AODBOROBg,18,5,5.6739532684,0.6739532684,1.1347906537,5.77925490,Solved
L?AAD@OICcM_JI,20,5,5.6739532683,0.6739532683,1.1347906537,5.75056185,Solved
L?AA@AOTFOTQZG,22,5,5.6739532682,0.6739532682,1.1347906536,5.79399162,Solved
L?AA@AOTDoJgZG,22,5,5.6739532679,0.6739532679,1.1347906536,5.79365854,Solved
L?AA@AOT@wZGRW,22,5,5.6739532678,0.6739532678,1.1347906536,5.79013124,Solved
L?AA@AODEoFoic,21,5,5.6739532677,0.6739532677,1.1347906535,5.77809430,Solved
L?AA@BOT@cDsic,22,5,5.6739532677,0.6739532677,1.1347906535,5.81481089,Solved
L?AA@BOTDOEoJG,20,5,5.6739532677,0.6739532677,1.1347906535,5.80555370,Solved
L?AAD@OICcJGAY,19,5,5.6739532676,0.6739532676,1.1347906535,5.80518473,Solved
L?AAD?cEF_IgN_,21,5,5.6739532674,0.6739532674,1.1347906535,5.74175582,Solved
L?AAD@cHcoA[SS,21,5,5.6739532674,0.6739532674,1.1347906535,5.78224577,Solved
L?AAD?cUDcM_uG,22,5,5.6739532671,0.6739532671,1.1347906534,5.75287956,Solved
L?AAD@OI?sM_Jg,20,5,5.6739413173,0.6739413173,1.1347882635,5.76346045,Solved
L?AAD?oy@wRODs,23,5,5.6739400376,0.6739400376,1.1347880075,5.75241327,Solved
L?AAD?wX?sAw}?,22,5,5.6739358610,0.6739358610,1.1347871722,5.76622612,Solved
L?AAD@Oi@cHHHh,21,5,5.6739252081,0.6739252081,1.1347850416,5.75592929,Solved
L?AAD?wLAo@wi_,21,5,5.6739211947,0.6739211947,1.1347842389,5.74487498,Solved
L?AAD@Oi@gBOAY,19,5,5.6738909700,0.6738909700,1.1347781940,5.74718556,Solved
L?AA@BOTDOAwRO,20,5,5.6738896847,0.6738896847,1.1347779369,5.74776402,Solved
L?AAD@Oi@g@wN_,21,5,5.6738892388,0.6738892388,1.1347778478,5.76232587,Solved
L?AA@BOT@oXGL`,21,5,5.6738892333,0.6738892333,1.1347778467,5.77095742,Solved
L?AAD@Oi@WBGFo,20,5,5.6738892328,0.6738892328,1.1347778466,5.75556879,Solved
L?AA@BOT@TL_VO,22,5,5.6738601087,0.6738601087,1.1347720217,5.74259152,Solved
L?AAFBOm@[BoDo,24,5,5.6738520804,0.6738520804,1.1347704161,5.78808304,Solved
L?ABAaIeAwM_G],24,5,5.6738515899,0.6738515899,1.1347703180,5.81915906,Solved
L?AEB?o]@w@[Do,23,5,5.6738504674,0.6738504674,1.1347700935,5.78555912,Solved
L?AAD?oeBG@wEq,21,5,5.6738309412,0.6738309412,1.1347661882,5.76171407,Solved
L?AAD?WLEOaw^?,22,5,5.6738174760,0.6738174760,1.1347634952,5.75134193,Solved
L?AAD?WLEOn_Dq,23,5,5.6738169554,0.6738169554,1.1347633911,5.74104186,Solved
L?AA@BOTFOBgDo,21,5,5.6738000432,0.6738000432,1.1347600086,5.76886541,Solved
L?AAD@oR?VBoZ?,22,5,5.6737984570,0.6737984570,1.1347596914,5.75325939,Solved
L?AAD@OJ@cM_Jg,21,5,5.6737864621,0.6737864621,1.1347572924,5.74675226,Solved
L?AAD@OI@cM_Jg,20,5,5.6737864616,0.6737864616,1.1347572923,5.75521774,Solved
L?AAD@OI?sJGBw,20,5,5.6737864610,0.6737864610,1.1347572922,5.78077200,Solved
L?AAD@OI@sM_Jg,21,5,5.6737864610,0.6737864610,1.1347572922,5.77064961,Solved
L?AAD@OiBW@kUO,21,5,5.6737864602,0.6737864602,1.1347572920,5.81230085,Solved
L?AA@BOTDOEoJg,21,5,5.6737864599,0.6737864599,1.1347572920,5.82577114,Solved
L?AAD@OI@gAwm_,20,5,5.6737864598,0.6737864598,1.1347572920,5.79109918,Solved
L?AA@BOTCcD_ac,19,5,5.6737864587,0.6737864587,1.1347572917,5.81168589,Solved
L?AA@AOTDoDcN_,21,5,5.6737864585,0.6737864585,1.1347572917,5.80140363,Solved
L?AAD@Oi@WBGBw,20,5,5.6737864584,0.6737864584,1.1347572917,5.77660526,Solved
L?AAD@Oi@gAwm_,21,5,5.6737864580,0.6737864580,1.1347572916,5.77998291,Solved
L?AAD@OI?sJGAw,19,5,5.6737864579,0.6737864579,1.1347572916,5.83495388,Solved
L?AAD@OI@gUODs,20,5,5.6737864579,0.6737864579,1.1347572916,5.81585310,Solved
L?AAD@OJFO@kUO,21,5,5.6737864576,0.6737864576,1.1347572915,5.83297091,Solved
L?AAD@OI?sN_Jg,21,5,5.6737864576,0.6737864576,1.1347572915,5.74563556,Solved
L?AAD@Oi?sJGAw,20,5,5.6737864568,0.6737864568,1.1347572914,5.84536742,Solved
L?AAD@OI?sJgBw,21,5,5.6737864565,0.6737864565,1.1347572913,5.75790779,Solved
L?AAD@oR?sZ?Aw,21,5,5.6737864562,0.6737864562,1.1347572912,5.75844458,Solved
L?AA@BOTCcD_ic,20,5,5.6737864556,0.6737864556,1.1347572911,5.82589805,Solved
L?AAD@Oi@gAwk_,20,5,5.6737864554,0.6737864554,1.1347572911,5.82595553,Solved
L?AA@AOTBoFOIk,21,5,5.6737864548,0.6737864548,1.1347572910,5.82115427,Solved
L?AAD@Oi?wRODs,21,5,5.6737864546,0.6737864546,1.1347572909,5.77071609,Solved
L?AAD@Oi@g@wJg,21,5,5.6737864543,0.6737864543,1.1347572909,5.76541872,Solved
L?AAD@OI@sBgDs,21,5,5.6737864542,0.6737864542,1.1347572908,5.75936529,Solved
L?AAD@Oi@WBGBW,19,5,5.6737864542,0.6737864542,1.1347572908,5.84185864,Solved
L?AAD@OI@gAwk_,19,5,5.6737864539,0.6737864539,1.1347572908,5.81774906,Solved
L?ABA_gaOw]?PK,21,5,5.6737733011,0.6737733011,1.1347546602,5.77214785,Solved
L?AA@BOmDcEoqP,23,5,5.6737694025,0.6737694025,1.1347538805,5.76747416,Solved
L?ABAaIeAwM_H[,24,5,5.6737643917,0.6737643917,1.1347528783,5.82207297,Solved
L?AAD?oy@wAwm_,23,5,5.6737615903,0.6737615903,1.1347523181,5.75664407,Solved
L?AA@b_NBgBsAy,25,5,5.6737431397,0.6737431397,1.1347486279,5.78818828,Solved
L?AAD@oIaoBoBw,22,5,5.6737420712,0.6737420712,1.1347484142,5.79452478,Solved
L?ABA_gaRGrOu?,22,5,5.6737075807,0.6737075807,1.1347415161,5.74274591,Solved
L?AAD?oyBgAwN_,23,5,5.6736937322,0.6736937322,1.1347387464,5.75093015,Solved
L?AAD?oNAi^?ia,24,5,5.6736920472,0.6736920472,1.1347384094,5.74766558,Solved
L?AAD@Oi@WBGM_,19,5,5.6736872661,0.6736872661,1.1347374532,5.77548062,Solved
L?AAD`KN@kSS^?,25,5,5.6736856562,0.6736856562,1.1347371312,5.76615647,Solved
L?AAD@OJBoCsm_,22,5,5.6736781912,0.6736781912,1.1347356382,5.78321006,Solved
L?ABA_gaRGascg,22,5,5.6736710632,0.6736710632,1.1347342126,5.76730457,Solved
L?AA@BOT@oPWe_,20,5,5.6736527929,0.6736527929,1.1347305586,5.79723011,Solved
L?ABA_gaQ`f_JO,22,5,5.6736197548,0.6736197548,1.1347239510,5.76413780,Solved
L?ABA_gaUoQSHR,23,5,5.6735950543,0.6735950543,1.1347190109,5.74684536,Solved
L?AAD@OJ@cHHN_,21,5,5.6735904560,0.6735904560,1.1347180912,5.75154871,Solved
L?AAD@Oi@gAoBw,20,5,5.6735890881,0.6735890881,1.1347178176,5.77356058,Solved
L?AAD@Oi@gEoBw,21,5,5.6735870199,0.6735870199,1.1347174040,5.74181355,Solved
L?AA@AWT@SN?eo,21,5,5.6735865803,0.6735865803,1.1347173161,5.75220423,Solved
L?AE@bGY?km_M_,23,5,5.6735815317,0.6735815317,1.1347163063,5.77894987,Solved
L?AE@b_FDo@[N_,24,5,5.6735815310,0.6735815310,1.1347163062,5.77141751,Solved
L?AEB?WVF_FOBq,24,5,5.6735815288,0.6735815288,1.1347163058,5.76416850,Solved
L?AA@BOTDO@gm_,20,5,5.6735793707,0.6735793707,1.1347158741,5.74649544,Solved
L?AAD?wLAQl_ka,23,5,5.6735737127,0.6735737127,1.1347147425,5.74741888,Solved
L?AA@AWTDSN?uO,22,5,5.6735713994,0.6735713994,1.1347142799,5.77083914,Solved
L?ABA_gaRGqSDk,23,5,5.6735707324,0.6735707324,1.1347141465,5.76104973,Solved
L?AAD?wT?]\?UO,22,5,5.6735495900,0.6735495900,1.1347099180,5.75050883,Solved
L?AAD?wT?]\?VO,23,5,5.6735478154,0.6735478154,1.1347095631,5.76199298,Solved
L?AAD?oyBWIgRW,23,5,5.6735437664,0.6735437664,1.1347087533,5.79835054,Solved
L?AAD?wX?kQQ^?,22,5,5.6735437655,0.6735437655,1.1347087531,5.76145416,Solved
L?AEB?WeAHeoMa,23,5,5.6735437631,0.6735437631,1.1347087526,5.74522696,Solved
L?AAD@OiBW@[RO,21,5,5.6735437629,0.6735437629,1.1347087526,5.83399309,Solved
L?AAD@W[@KEoSQ,21,5,5.6735437589,0.6735437589,1.1347087518,5.83208166,Solved
L?AA@AWT@Sn?N_,22,5,5.6735437581,0.6735437581,1.1347087516,5.80202887,Solved
L?AAD?WLEOhgKb,22,5,5.6735437579,0.6735437579,1.1347087516,5.75419781,Solved
L?AAD?oNAYBo}?,23,5,5.6735437578,0.6735437578,1.1347087516,5.74202467,Solved
L?AA@AOTDoFoJg,22,5,5.6735437573,0.6735437573,1.1347087515,5.80143610,Solved
L?AAD?oEEP@kLa,21,5,5.6735437573,0.6735437573,1.1347087515,5.78684917,Solved
L?AA@BOTDODsN_,22,5,5.6735437572,0.6735437572,1.1347087514,5.81575256,Solved
L?AAD@W[@KEoUQ,22,5,5.6735437569,0.6735437569,1.1347087514,5.77704382,Solved
L?AA@BOTDOBoJg,21,5,5.6735437568,0.6735437568,1.1347087514,5.82974375,Solved
L?AA@AOTAwFOIk,21,5,5.6735437564,0.6735437564,1.1347087513,5.81330668,Solved
L?AAD@Oi@g@kJg,21,5,5.6735437562,0.6735437562,1.1347087512,5.75919211,Solved
L?AAD@OJ@oTCBw,21,5,5.6735437562,0.6735437562,1.1347087512,5.77022106,Solved
L?AA@BOT@TN?m_,22,5,5.6735437561,0.6735437561,1.1347087512,5.81193070,Solved
L?ABA_gaQ`l_Bq,23,5,5.6735437560,0.6735437560,1.1347087512,5.75365403,Solved
L?AAD?oNBo@wm_,23,5,5.6735437559,0.6735437559,1.1347087512,5.75283376,Solved
L?AAD?wX?kQQ\?,21,5,5.6735437556,0.6735437556,1.1347087511,5.82481476,Solved
L?AAD@Oi@g@kJG,20,5,5.6735437556,0.6735437556,1.1347087511,5.81161427,Solved
L?AA@AOT@sN_Ik,22,5,5.6735437552,0.6735437552,1.1347087510,5.80703871,Solved
L?AAD@OJ@o@kig,21,5,5.6735437551,0.6735437551,1.1347087510,5.78197894,Solved
L?AAD@Oi@gDsBw,22,5,5.6735437547,0.6735437547,1.1347087509,5.76073901,Solved
L?AAD?oNBoAwm_,23,5,5.6735437545,0.6735437545,1.1347087509,5.75765243,Solved
L?AAD@Oi@gDcBw,21,5,5.6735437543,0.6735437543,1.1347087509,5.77529449,Solved
L?AA@AOT?{V?Jg,21,5,5.6735437543,0.6735437543,1.1347087509,5.80873457,Solved
L?AA@AOTCsDcN_,21,5,5.6735437538,0.6735437538,1.1347087508,5.81437315,Solved
L?AAD@OJ@o@kiG,20,5,5.6735437538,0.6735437538,1.1347087508,5.81583833,Solved
L?AAD?oyBW@kTO,22,5,5.6735437537,0.6735437537,1.1347087507,5.81017353,Solved
L?AAD@OJ@oTSBw,22,5,5.6735437537,0.6735437537,1.1347087507,5.75761349,Solved
L?AA@BOJLoUO^?,23,5,5.6735437534,0.6735437534,1.1347087507,5.80547148,Solved
L?AADb_B_xN?e_,23,5,5.6735075627,0.6735075627,1.1347015125,5.79314119,Solved
L?AADb_]AwBoFg,25,5,5.6735043404,0.6735043404,1.1347008681,5.77943909,Solved
L?AAF?UZ@wFOyG,25,5,5.6735043380,0.6735043380,1.1347008676,5.76674576,Solved
L?AA@BOTCsTOUO,21,5,5.6734998385,0.6734998385,1.1346999677,5.77552707,Solved
L?AAD?oy@kHg^?,23,5,5.6734943734,0.6734943734,1.1346988747,5.75193832,Solved
L?AAD@OJDoBgJg,22,5,5.6734943725,0.6734943725,1.1346988745,5.74559649,Solved
L?AAD@OJDoDcVO,22,5,5.6734943696,0.6734943696,1.1346988739,5.80968092,Solved
L?AA@AOT?{VOJg,22,5,5.6734943695,0.6734943695,1.1346988739,5.79392647,Solved
L?AAD@W[CSjGm_,23,5,5.6734943687,0.6734943687,1.1346988737,5.79236587,Solved
L?AAD@OJ@wTSBw,23,5,5.6734943679,0.6734943679,1.1346988736,5.74729646,Solved
L?AA@BOJMoTO^?,23,5,5.6734943674,0.6734943674,1.1346988735,5.78639774,Solved
L?AA@AOTCs@sN_,21,5,5.6734943671,0.6734943671,1.1346988734,5.79417110,Solved
L?AAD@OJBWTSBw,23,5,5.6734943657,0.6734943657,1.1346988731,5.80663803,Solved
L?AA@aHRTSDoHg,23,5,5.6734943655,0.6734943655,1.1346988731,5.80375969,Solved
L?AA@AOTCsFoJg,22,5,5.6734943653,0.6734943653,1.1346988731,5.79524952,Solved
L?AAD@OJ@wTCBW,21,5,5.6734943650,0.6734943650,1.1346988730,5.78807365,Solved
L?AADAoFEoHcF_,22,5,5.6734943649,0.6734943649,1.1346988730,5.75860685,Solved
L?AA@AWT@wRGiC,21,5,5.6734943647,0.6734943647,1.1346988729,5.79994819,Solved
L?AAD@OZDSDcBw,23,5,5.6734943644,0.6734943644,1.1346988729,5.78118396,Solved
L?AAD@OJ@wTCBw,22,5,5.6734943643,0.6734943643,1.1346988729,5.76276440,Solved
L?AAD?WLF_IgN_,22,5,5.6734943642,0.6734943642,1.1346988728,5.74607139,Solved
L?AA@BOJLoJ_m_,23,5,5.6734943639,0.6734943639,1.1346988728,5.78904011,Solved
L?AAD@OJFOHgJg,22,5,5.6734943633,0.6734943633,1.1346988727,5.80886135,Solved
L?AAD?WLBgUOFo,22,5,5.6734943632,0.6734943632,1.1346988726,5.76145060,Solved
L?AAD?oNBWHcCr,23,5,5.6734943631,0.6734943631,1.1346988726,5.76373849,Solved
L?AAD@OJDoBgJG,21,5,5.6734943621,0.6734943621,1.1346988724,5.81138269,Solved
L?AA@AOTCsBoJg,21,5,5.6734943619,0.6734943619,1.1346988724,5.78962828,Solved
L?AAD@OyAYDcJg,23,5,5.6734943615,0.6734943615,1.1346988723,5.79483896,Solved
L?AA@BOJLoIg^?,23,5,5.6734943613,0.6734943613,1.1346988723,5.78791948,Solved
L?AA@agyCUFODM,24,5,5.6734943605,0.6734943605,1.1346988721,5.74023524,Solved
L?AAD?oy@wHgN_,23,5,5.6734943601,0.6734943601,1.1346988720,5.75032237,Solved
L?AA@AWT@wRGic,22,5,5.6734943600,0.6734943600,1.1346988720,5.75912611,Solved
L?AAD?oNBW@wm_,23,5,5.6734943599,0.6734943599,1.1346988720,5.74465269,Solved
L?AA@AOT@{VOJg,23,5,5.6734943589,0.6734943589,1.1346988718,5.79010373,Solved
L?AAD?wLEOHgDq,22,5,5.6734827463,0.6734827463,1.1346965493,5.74997592,Solved
L?AAD?oeBGBXFo,22,5,5.6734680743,0.6734680743,1.1346936149,5.74916607,Solved
L?AADBOL?k\?AU,21,5,5.6734470411,0.6734470411,1.1346894082,5.77582530,Solved
L?AAD@OJ?sM_cc,20,5,5.6734467093,0.6734467093,1.1346893419,5.76104296,Solved
L?AEB?WMBgRGXH,23,5,5.6734410323,0.6734410323,1.1346882065,5.74172620,Solved
L?ABA_gaPw]?PK,22,5,5.6734362558,0.6734362558,1.1346872512,5.76429306,Solved
L?AA@AWT@SN?as,21,5,5.6734299342,0.6734299342,1.1346859868,5.80355086,Solved
L?AA@BOTDOAwVO,21,5,5.6734286263,0.6734286263,1.1346857253,5.76811744,Solved
L?ABA_gaRGasci,23,5,5.6734127586,0.6734127586,1.1346825517,5.75418197,Solved
L?AA@AWTDSN?as,22,5,5.6734069456,0.6734069456,1.1346813891,5.81179013,Solved
L?AAD@OJ@cBoRQ,21,5,5.6733957355,0.6733957355,1.1346791471,5.74620357,Solved
L?AA@BOTDO@Wm_,20,5,5.6733957350,0.6733957350,1.1346791470,5.77217343,Solved
L?AAD?sXAoPOeC,20,5,5.6733903698,0.6733903698,1.1346780740,5.80571649,Solved
L?AA@b_DmQF_\?,23,5,5.6733800978,0.6733800978,1.1346760196,5.74058860,Solved
L?ABA_gaSdAuXE,24,5,5.6733569756,0.6733569756,1.1346713951,5.74578915,Solved
L?AA@BOT@oPWeo,21,5,5.6733533857,0.6733533857,1.1346706771,5.74352110,Solved
L?AA@BOT@SROuO,21,5,5.6733522131,0.6733522131,1.1346704426,5.77201685,Solved
L?AAD@OJCsM_cc,21,5,5.6733506768,0.6733506768,1.1346701354,5.74131298,Solved
L?AAD?wTDcHgu?,22,5,5.6733504757,0.6733504757,1.1346700951,5.82348523,Solved
L?AA@BOm@sDoBw,23,5,5.6733298970,0.6733298970,1.1346659794,5.80318879,Solved
L?AAD?wTDcHg{?,22,5,5.6733298962,0.6733298962,1.1346659792,5.81563015,Solved
L?AAD@W[?k@YL_,21,5,5.6733173298,0.6733173298,1.1346634660,5.75368419,Solved
L?AA@AOTBoTOeo,21,5,5.6733150188,0.6733150188,1.1346630038,5.74072188,Solved
L?AAD?sX?sTOVO,22,5,5.6733005775,0.6733005775,1.1346601155,5.74390577,Solved
L?AA@AOTDSPW}?,21,5,5.6732682498,0.6732682498,1.1346536500,5.75768272,Solved
L?AA@b_ZDoBoDg,23,5,5.6732664477,0.6732664477,1.1346532895,5.78827515,Solved
L?AAD@W[BWDoBs,23,5,5.6732664452,0.6732664452,1.1346532890,5.75859467,Solved
L?AA@r_NF_@se_,24,5,5.6732660983,0.6732660983,1.1346532197,5.77544731,Solved
L?AA@r_NF_@sm_,25,5,5.6732660973,0.6732660973,1.1346532195,5.76209330,Solved
L?AAD@Oi@gBgDo,20,5,5.6732658574,0.6732658574,1.1346531715,5.78902080,Solved
L?AAD@Oi@gAwFo,21,5,5.6732658519,0.6732658519,1.1346531704,5.76099961,Solved
L?AAD?sXAoPOec,21,5,5.6732623602,0.6732623602,1.1346524720,5.79334001,Solved
L?AA@BOmDcHgVO,23,5,5.6732509606,0.6732509606,1.1346501921,5.75881268,Solved
L?AAD@Oi@gBOAy,20,5,5.6732398445,0.6732398445,1.1346479689,5.75692756,Solved
L?AA@AWTDSJG^?,22,5,5.6732334392,0.6732334392,1.1346466878,5.76170639,Solved
L?AA@BOm?{@wk_,22,5,5.6732316344,0.6732316344,1.1346463269,5.76318327,Solved
L?AA@BOTDOBgFo,21,5,5.6732148802,0.6732148802,1.1346429760,5.74206047,Solved
L?AA@BOT@o@Wm_,20,5,5.6732090272,0.6732090272,1.1346418054,5.74422266,Solved
L?ABA_gaQ`dg^?,23,5,5.6732031659,0.6732031659,1.1346406332,5.75905836,Solved
L?AA@AWTDSPW}?,22,5,5.6731973190,0.6731973190,1.1346394638,5.75618744,Solved
L?AA@AWT@SPWuO,21,5,5.6731973176,0.6731973176,1.1346394635,5.75997310,Solved
L?AA@AWT@SPW}?,21,5,5.6731973175,0.6731973175,1.1346394635,5.74799010,Solved
L?AAD@OJ?s\?Dp,21,5,5.6731973173,0.6731973173,1.1346394635,5.75076833,Solved
L?AAD@W[?{FOAs,22,5,5.6731967481,0.6731967481,1.1346393496,5.78952809,Solved
L?AA@aHMAWCou@,21,5,5.6731760749,0.6731760749,1.1346352150,5.76654268,Solved
L?AA@AWT@SjG]?,21,5,5.6731669983,0.6731669983,1.1346333997,5.77017760,Solved
L?AAD@OJ@cFORQ,21,5,5.6731632421,0.6731632421,1.1346326484,5.78601053,Solved
L?AAD@OJ@cN?BY,21,5,5.6731632340,0.6731632340,1.1346326468,5.75517727,Solved
L?AAD@W[?]UOVO,23,5,5.6731553606,0.6731553606,1.1346310721,5.74835773,Solved
L?AA@AWT@SZG}?,22,5,5.6731531234,0.6731531234,1.1346306247,5.74419618,Solved
L?AADb_M?kVOBw,24,5,5.6731465653,0.6731465653,1.1346293131,5.81282372,Solved
L?AA@AWT@S\?VO,21,5,5.6731450607,0.6731450607,1.1346290121,5.77215978,Solved
L?AA@AWT@SJg}?,22,5,5.6731310909,0.6731310909,1.1346262182,5.77482971,Solved
L?AAD?wT?y\?e_,22,5,5.6731110018,0.6731110018,1.1346222004,5.75540823,Solved
L?AAD?wTEoBgic,23,5,5.6730762238,0.6730762238,1.1346152448,5.75530648,Solved
L?AA@AWT@SL_uO,21,5,5.6730616541,0.6730616541,1.1346123308,5.74731076,Solved
L?AA@BOTDoUOuO,22,5,5.6730609767,0.6730609767,1.1346121953,5.74427001,Solved
L?AAD@W[?UrOFO,22,5,5.6730518893,0.6730518893,1.1346103779,5.74986210,Solved
L?AADb_BaYFOJ_,23,5,5.6730289020,0.6730289020,1.1346057804,5.74356669,Solved
L?AAD?wT?y\?m_,23,5,5.6730149225,0.6730149225,1.1346029845,5.74661765,Solved
L?AA@AWT@SZG^?,22,5,5.6730132391,0.6730132391,1.1346026478,5.75367797,Solved
L?AAD@OJ@cFoRQ,22,5,5.6730123807,0.6730123807,1.1346024761,5.74933703,Solved
L?AA@AWT@SjG}?,22,5,5.6730023454,0.6730023454,1.1346004691,5.76512885,Solved
L?AADBOX?sV?A[,21,5,5.6729716625,0.6729716625,1.1345943325,5.75860117,Solved
L?AADBOLBoDoJg,23,5,5.6729693121,0.6729693121,1.1345938624,5.76183124,Solved
L?AAD@oM_]Bo}?,24,5,5.6729655082,0.6729655082,1.1345931016,5.83491843,Solved
L?AAD?wTAY]?ic,23,5,5.6729557914,0.6729557914,1.1345911583,5.75946046,Solved
L?AAD?wT@SdosB,23,5,5.6729515506,0.6729515506,1.1345903101,5.75579955,Solved
L?AA@AWTDSN?eo,22,5,5.6729367390,0.6729367390,1.1345873478,5.75964282,Solved
L?AEB?WMBHAw^?,23,5,5.6729256476,0.6729256476,1.1345851295,5.74424531,Solved
L?AAD@OyBgCsJg,23,5,5.6729216754,0.6729216754,1.1345843351,5.74102706,Solved
L?AADbGR@cDoHg,22,5,5.6729157948,0.6729157948,1.1345831590,5.75096666,Solved
L?AADBOL?k\?Jg,22,5,5.6729085861,0.6729085861,1.1345817172,5.74686097,Solved
L?AAD@W[?kEoBs,22,5,5.6729056768,0.6729056768,1.1345811354,5.74961214,Solved
L?AA@AWT@Sn?uO,22,5,5.6728975299,0.6728975299,1.1345795060,5.74839537,Solved
L?AAD@OJEoUOHi,22,5,5.6728972075,0.6728972075,1.1345794415,5.75988585,Solved
L?AA@AWTDSHgeo,22,5,5.6728902563,0.6728902563,1.1345780513,5.74896888,Solved
L?AA@AWTDS\?VO,22,5,5.6728778761,0.6728778761,1.1345755752,5.76984935,Solved
L?AA@AWTDS^?VO,23,5,5.6728778112,0.6728778112,1.1345755622,5.77188184,Solved
L?AAD@OZBo@kJg,23,5,5.6728680230,0.6728680230,1.1345736046,5.75320804,Solved
L?AAF@cEf_F_Do,23,5,5.6728620208,0.6728620208,1.1345724042,5.77672265,Solved
L?AAD@oi`sJGTO,23,5,5.6728562966,0.6728562966,1.1345712593,5.78818906,Solved
L?AAD@Oi?sM_Ax,21,5,5.6728546873,0.6728546873,1.1345709375,5.75879696,Solved
L?AAD@OJDcN?BY,22,5,5.6728542321,0.6728542321,1.1345708464,5.76069810,Solved
L?AAD?sXCcZ?RQ,22,5,5.6728461307,0.6728461307,1.1345692261,5.74714403,Solved
L?AAD@Oi@gHgk_,20,5,5.6728316703,0.6728316703,1.1345663341,5.76800972,Solved
L?AA@AWT@SBWVO,21,5,5.6728264918,0.6728264918,1.1345652984,5.77023298,Solved
L?AAD?cUDcHgi_,21,5,5.6728226492,0.6728226492,1.1345645298,5.74389048,Solved
L?AA@BOm?]DoL_,22,5,5.6728226063,0.6728226063,1.1345645213,5.74011914,Solved
L?AA@BOm?]DoN_,23,5,5.6728224907,0.6728224907,1.1345644981,5.76237907,Solved
L?AADbGR@cDoDg,22,5,5.6728008913,0.6728008913,1.1345601783,5.74001689,Solved
L?AA@AOT@wAwVO,21,5,5.6727940500,0.6727940500,1.1345588100,5.74629686,Solved
L?AAD@Oi@gBoFO,20,5,5.6727867500,0.6727867500,1.1345573500,5.76065860,Solved
L?AAD@Oi@gBoFo,21,5,5.6727867452,0.6727867452,1.1345573490,5.75963761,Solved
L?AA@AWTBoJGic,22,5,5.6727820882,0.6727820882,1.1345564176,5.78189242,Solved
L?AADbGR@cCsN_,23,5,5.6727808194,0.6727808194,1.1345561639,5.74577253,Solved
L?AA@AOTBoPWm_,21,5,5.6727704366,0.6727704366,1.1345540873,5.76362181,Solved
L?AA@BWN@kXGy?,23,5,5.6727637067,0.6727637067,1.1345527413,5.76412725,Solved
L?AAD?wTDcHg}?,23,5,5.6727635502,0.6727635502,1.1345527100,5.81283957,Solved
L?AA@BOT@SRGm_,21,5,5.6727619563,0.6727619563,1.1345523913,5.74268213,Solved
L?AAD@Oi@gAwAY,20,5,5.6727607795,0.6727607795,1.1345521559,5.75518044,Solved
L?AA@BOTDOBgk_,20,5,5.6727607794,0.6727607794,1.1345521559,5.74833702,Solved
L?AA@AWTBoPYuO,23,5,5.6727587031,0.6727587031,1.1345517406,5.76296209,Solved
L?AAD@oR@sV?UO,22,5,5.6727562228,0.6727562228,1.1345512446,5.74130383,Solved
L?AAD@oR?sM_Kc,21,5,5.6727469693,0.6727469693,1.1345493939,5.74359076,Solved
L?AA@AOTBoPWic,21,5,5.6727410328,0.6727410328,1.1345482066,5.74172528,Solved
L?AA@AWTBoZGic,23,5,5.6727404433,0.6727404433,1.1345480887,5.74976037,Solved
L?AAD?wTFOHgm_,23,5,5.6727315428,0.6727315428,1.1345463086,5.74813986,Solved
L?AAD?cUCsUOUW,22,5,5.6727141574,0.6727141574,1.1345428315,5.76293395,Solved
L?AAD?cUCsM_eg,22,5,5.6727141560,0.6727141560,1.1345428312,5.76378127,Solved
L?AA@BOTCcD_RQ,20,5,5.6727141554,0.6727141554,1.1345428311,5.76458643,Solved
L?AAD@W[@WBoBS,21,5,5.6727141546,0.6727141546,1.1345428309,5.79026448,Solved
L?AAD@Oi?sBgHg,20,5,5.6727141544,0.6727141544,1.1345428309,5.76817712,Solved
L?AAD?sXAoBOec,21,5,5.6727141541,0.6727141541,1.1345428308,5.77126776,Solved
L?AA@BOTCcD_RO,19,5,5.6727141535,0.6727141535,1.1345428307,5.77573388,Solved
L?AA@BOT@S@W]?,19,5,5.6727141529,0.6727141529,1.1345428306,5.74121330,Solved
L?AA@BOT@S@Wy?,19,5,5.6727141528,0.6727141528,1.1345428306,5.78083499,Solved
L?AAD@Oi?sF_Eo,20,5,5.6727141525,0.6727141525,1.1345428305,5.74802503,Solved
L?AAD?sXAoBOeC,20,5,5.6727141524,0.6727141524,1.1345428305,5.75871604,Solved
L?AAD@OJ@cJGi_,20,5,5.6727141523,0.6727141523,1.1345428305,5.80411306,Solved
L?AAD?cU?s]?Fo,21,5,5.6727141506,0.6727141506,1.1345428301,5.76242728,Solved
L?AAD?sXAoBOcc,20,5,5.6727141506,0.6727141506,1.1345428301,5.80651014,Solved
L?AAD@W[?sD_BS,20,5,5.6727141504,0.6727141504,1.1345428301,5.78622185,Solved
L?AAD@Oi@WAoUO,19,5,5.6727141495,0.6727141495,1.1345428299,5.77299202,Solved
L?AAD@Oi@cHg\?,20,5,5.6727141494,0.6727141494,1.1345428299,5.77364225,Solved
L?AAD@Oi?sF_UO,20,5,5.6727141492,0.6727141492,1.1345428298,5.78641936,Solved
L?AAD?sXAoROeC,21,5,5.6727141490,0.6727141490,1.1345428298,5.75952567,Solved
L?AA@BOT@SPWy?,20,5,5.6727141489,0.6727141489,1.1345428298,5.75726240,Solved
L?AAD@Oi@WJGM_,20,5,5.6727141489,0.6727141489,1.1345428298,5.78120660,Solved
L?AA@AWT@SJGeo,21,5,5.6727038022,0.6727038022,1.1345407604,5.80752683,Solved
L?ABA_gaOwV?SK,21,5,5.6727020697,0.6727020697,1.1345404139,5.75082332,Solved
L?AAD?sX?sN?cc,21,5,5.6727020613,0.6727020613,1.1345404123,5.81104536,Solved
L?AAD?sX?sN?ec,22,5,5.6727009299,0.6727009299,1.1345401860,5.77914096,Solved
L?AA@BOm?{@wN_,23,5,5.6726885853,0.6726885853,1.1345377171,5.77820250,Solved
L?AA@BOm@s@wN_,23,5,5.6726885816,0.6726885816,1.1345377163,5.78374286,Solved
L?AA@AWTDSJGeo,22,5,5.6726885806,0.6726885806,1.1345377161,5.81159274,Solved
L?AA@BOm?]FoN_,24,5,5.6726885801,0.6726885801,1.1345377160,5.74105997,Solved
L?AA@BOm@w@wN_,23,5,5.6726885799,0.6726885799,1.1345377160,5.76674672,Solved
L?AAD@Oi@sJGN?,21,5,5.6726825262,0.6726825262,1.1345365052,5.78677986,Solved
L?AA@BOTDOEoqO,20,5,5.6726810967,0.6726810967,1.1345362193,5.75609040,Solved
L?AAD@W[?{F_BS,22,5,5.6726753991,0.6726753991,1.1345350798,5.81098631,Solved
L?AA@AWT@SJGas,21,5,5.6726502901,0.6726502901,1.1345300580,5.77514454,Solved
L?AAD?W\DSIg}?,23,5,5.6726444670,0.6726444670,1.1345288934,5.78773585,Solved
L?AA@AWT@S@Y}?,21,5,5.6726433635,0.6726433635,1.1345286727,5.74405382,Solved
L?AAD@oR?sTOXA,21,5,5.6726378651,0.6726378651,1.1345275730,5.75133499,Solved
L?ABA_gaQ`f_m?,22,5,5.6726201557,0.6726201557,1.1345240311,5.75067132,Solved
L?AA@AWT@SPYuO,22,5,5.6726122081,0.6726122081,1.1345224416,5.74391398,Solved
L?AA@AWTDSJGas,22,5,5.6726122076,0.6726122076,1.1345224415,5.77605042,Solved
L?AAD@OJ@sJGHh,22,5,5.6726122066,0.6726122066,1.1345224413,5.74847734,Solved
L?AADb_B_tN?Z?,23,5,5.6725872647,0.6725872647,1.1345174529,5.76744107,Solved
L?AAD?oFEo@kN_,22,5,5.6725780864,0.6725780864,1.1345156173,5.74683494,Solved
L?AADbGHf_FODg,23,5,5.6725442890,0.6725442890,1.1345088578,5.78661076,Solved
L?AA@AWT@SpWuO,22,5,5.6725438010,0.6725438010,1.1345087602,5.75380486,Solved
L?AA@AOTDoXGeo,21,5,5.6725407715,0.6725407715,1.1345081543,5.74755732,Solved
L?AAD@W[?sPQV?,21,5,5.6725400768,0.6725400768,1.1345080154,5.76617478,Solved
L?AA@AWT@sPW^?,22,5,5.6725308434,0.6725308434,1.1345061687,5.77444178,Solved
L?AAD@Oi@gHHk_,20,5,5.6725282240,0.6725282240,1.1345056448,5.74193549,Solved
L?AA@AWT@sXG]?,21,5,5.6725264059,0.6725264059,1.1345052812,5.76207392,Solved
L?AA@AOTBoFOuO,21,5,5.6725264029,0.6725264029,1.1345052806,5.74646969,Solved
L?ABAaIF@JZ?\?,23,5,5.6725192718,0.6725192718,1.1345038544,5.77229817,Solved
L?AAD@oR?sM_kc,22,5,5.6725184318,0.6725184318,1.1345036864,5.75765941,Solved
L?AAD@Oi?sM_HI,20,5,5.6725154212,0.6725154212,1.1345030842,5.75299736,Solved
L?AAD?sXAoROcc,21,5,5.6725141885,0.6725141885,1.1345028377,5.80493897,Solved
L?ABAaIF@JM_uA,24,5,5.6725050935,0.6725050935,1.1345010187,5.77013625,Solved
L?AEBBW]@wAwFo,26,5,5.6725050931,0.6725050931,1.1345010186,5.77355412,Solved
L?AEBBW]?{F_Fo,26,5,5.6725050928,0.6725050928,1.1345010186,5.75254583,Solved
L?AEBBW]?yF_Fo,26,5,5.6725050918,0.6725050918,1.1345010184,5.74797931,Solved
L?AAD`KNBWQSN_,25,5,5.6725050917,0.6725050917,1.1345010183,5.79118931,Solved
L?AE@`H]FOAs^?,25,5,5.6725050907,0.6725050907,1.1345010181,5.78390026,Solved
L?AAD?sXAoROec,22,5,5.6725045153,0.6725045153,1.1345009031,5.76818145,Solved
L?AADAoFBWFORW,23,5,5.6724937271,0.6724937271,1.1344987454,5.78433777,Solved
L?AAD@Oi?sM_Fo,21,5,5.6724695350,0.6724695350,1.1344939070,5.75193905,Solved
L?AAD@Oi@cM_RQ,21,5,5.6724695337,0.6724695337,1.1344939067,5.74833436,Solved
L?AAD@Oi?sJGN_,21,5,5.6724695311,0.6724695311,1.1344939062,5.76910102,Solved
L?AAD@Oi?sBW^?,21,5,5.6724695306,0.6724695306,1.1344939061,5.74687281,Solved
L?AAD@OJDcN?Jg,22,5,5.6724690595,0.6724690595,1.1344938119,5.74171200,Solved
L?AADBOX?sV?As,21,5,5.6724640455,0.6724640455,1.1344928091,5.80312010,Solved
L?AAD@oRFO@wFO,22,5,5.6724638419,0.6724638419,1.1344927684,5.81746814,Solved
L?AAD?oyCsAwFo,23,5,5.6724638003,0.6724638003,1.1344927601,5.74675179,Solved
L?AB?qQU@I[G{?,22,5,5.6724588690,0.6724588690,1.1344917738,5.75500147,Solved
L?AAD?wX?kBI\?,21,5,5.6724549662,0.6724549662,1.1344909932,5.75427387,Solved
L?AAD@oREo@wFO,22,5,5.6724527743,0.6724527743,1.1344905549,5.79164969,Solved
L?AA@AWT@SPY}?,22,5,5.6724501790,0.6724501790,1.1344900358,5.74500994,Solved
L?AAD@W[?{FOBs,23,5,5.6724492312,0.6724492312,1.1344898462,5.79818841,Solved
L?AA@BOTCcD_FO,19,5,5.6724476540,0.6724476540,1.1344895308,5.76281260,Solved
L?AADaoJAoHgN_,23,5,5.6724452422,0.6724452422,1.1344890484,5.74641781,Solved
L?AAD?cuF_BSEw,23,5,5.6724369461,0.6724369461,1.1344873892,5.75770710,Solved
L?AAD?sXBoROec,23,5,5.6724358700,0.6724358700,1.1344871740,5.77305740,Solved
L?AAD@Oi@sJGN_,22,5,5.6724242673,0.6724242673,1.1344848535,5.74792886,Solved
L?AAD@Oi@gAwAy,21,5,5.6724209529,0.6724209529,1.1344841906,5.75381284,Solved
L?AA@BOTDOBgm_,21,5,5.6724209514,0.6724209514,1.1344841903,5.74073443,Solved
L?AAD@Oi@sM_Ax,22,5,5.6724191773,0.6724191773,1.1344838355,5.74803251,Solved
L?AAD?WLEOvODq,23,5,5.6724159673,0.6724159673,1.1344831935,5.74280990,Solved
L?AADBOL?k\?A],22,5,5.6724126498,0.6724126498,1.1344825300,5.75538712,Solved
L?AAD@Oi?sHgAw,20,5,5.6724048960,0.6724048960,1.1344809792,5.74035151,Solved
L?AAD@OJ@cJGm?,20,5,5.6724032166,0.6724032166,1.1344806433,5.77171577,Solved
L?AAD@W[@W@iN_,22,5,5.6724031734,0.6724031734,1.1344806347,5.76282349,Solved
L?AAF@cM?sAw}?,23,5,5.6724022913,0.6724022913,1.1344804583,5.77123956,Solved
L?AAD@oi`s@[\@,24,5,5.6724014907,0.6724014907,1.1344802981,5.74031398,Solved
L?AAD@W[@K@YL_,21,5,5.6724007761,0.6724007761,1.1344801552,5.74011147,Solved
L?AAD@Oi@g@LDs,21,5,5.6723975596,0.6723975596,1.1344795119,5.74924677,Solved
L?AAD@Oi@gEoAZ,21,5,5.6723975561,0.6723975561,1.1344795112,5.74073381,Solved
L?ABA_gaOwIEJP,22,5,5.6723975545,0.6723975545,1.1344795109,5.75225149,Solved
L?AAD@W[?Yf_N_,23,5,5.6723893616,0.6723893616,1.1344778723,5.74560114,Solved
L?AAD@oi`s@wFo,24,5,5.6723868844,0.6723868844,1.1344773769,5.74511738,Solved
L?AAD@OiBWJGCs,21,5,5.6723812226,0.6723812226,1.1344762445,5.77559504,Solved
L?AAD@OyBgBgDo,22,5,5.6723801759,0.6723801759,1.1344760352,5.78451028,Solved
L?ABA_gaQ`v?V?,22,5,5.6723619681,0.6723619681,1.1344723936,5.74469104,Solved
L?AAD?sX@sQQZ@,23,5,5.6723589987,0.6723589987,1.1344717997,5.74023905,Solved
L?AAD@OJ@sZ?Hh,22,5,5.6723589975,0.6723589975,1.1344717995,5.76014637,Solved
L?AAD?wLAY@wka,23,5,5.6723552213,0.6723552213,1.1344710443,5.75377984,Solved
L?AA@BOT@cPWqQ,21,5,5.6723437940,0.6723437940,1.1344687588,5.74386203,Solved
L?AAD@Oi@WBGk_,19,5,5.6723313645,0.6723313645,1.1344662729,5.75294422,Solved
L?AAD@OI@gBwDs,21,5,5.6723312986,0.6723312986,1.1344662597,5.75873462,Solved
L?AAD@oRDcV?VO,23,5,5.6723250455,0.6723250455,1.1344650091,5.79455943,Solved
L?AA@BOT@SRGeo,21,5,5.6723225741,0.6723225741,1.1344645148,5.74700154,Solved
L?AAD?wXCcBgN_,22,5,5.6723169094,0.6723169094,1.1344633819,5.74047228,Solved
L?AAD@OJ@sJGm?,21,5,5.6723100632,0.6723100632,1.1344620126,5.74232706,Solved
L?AAD?wLEOIgac,21,5,5.6723059026,0.6723059026,1.1344611805,5.77420466,Solved
L?AAD?oFFOIgFo,22,5,5.6722842832,0.6722842832,1.1344568566,5.75197406,Solved
L?AAD?oyCs@wFo,23,5,5.6722772549,0.6722772549,1.1344554510,5.74235636,Solved
L?AEAGoIEPEou?,21,5,5.6722712920,0.6722712920,1.1344542584,5.74132386,Solved
L?AE@bGY@g@wF_,22,5,5.6722712319,0.6722712319,1.1344542464,5.75977065,Solved
L?AA@BOT@TBgFo,22,5,5.6722677997,0.6722677997,1.1344535599,5.74241852,Solved
L?AAD@Oi@cHH^?,21,5,5.6722575467,0.6722575467,1.1344515093,5.75409034,Solved
L?AAD?wT@[HgIc,22,5,5.6722527527,0.6722527527,1.1344505505,5.79751417,Solved
L?AA@AWT@wXGas,22,5,5.6722460688,0.6722460688,1.1344492138,5.75513863,Solved
L?AAD@OJ?sL_ig,21,5,5.6722366088,0.6722366088,1.1344473218,5.75244441,Solved
L?AAD@OJ@cJGm_,21,5,5.6722366053,0.6722366053,1.1344473211,5.78339243,Solved
L?AAD@OJ?s\?Jg,21,5,5.6722366034,0.6722366034,1.1344473207,5.74894258,Solved
L?AAD@OJ@sJGm_,22,5,5.6722364596,0.6722364596,1.1344472919,5.75584643,Solved
L?ABA_gaV_QSTK,23,5,5.6722312621,0.6722312621,1.1344462524,5.74266307,Solved
L?AAD?cUDcBgm?,21,5,5.6722121844,0.6722121844,1.1344424369,5.74020784,Solved
L?AA@BOTCcD_VO,20,5,5.6722121834,0.6722121834,1.1344424367,5.74791973,Solved
L?AA@BOJGuQWFo,23,5,5.6722108083,0.6722108083,1.1344421617,5.74504211,Solved
L?ABA_gaOh}?^?,23,5,5.6722097740,0.6722097740,1.1344419548,5.75594654,Solved
L?AAD?wTCSj_N_,23,5,5.6722029632,0.6722029632,1.1344405926,5.80612087,Solved
L?AA@BOmDcIgVO,23,5,5.6722001976,0.6722001976,1.1344400395,5.74505617,Solved
L?AA@BOmDcJ_VO,23,5,5.6722001941,0.6722001941,1.1344400388,5.74174237,Solved
L?AAD@OJ@sHgk`,22,5,5.6721969698,0.6721969698,1.1344393940,5.76239732,Solved
L?AAD?wTAwFoic,24,5,5.6721950631,0.6721950631,1.1344390126,5.81144489,Solved
L?AA@BOTCcL_BY,21,5,5.6721812010,0.6721812010,1.1344362402,5.74167569,Solved
L?AAD@OJ@s\?Jg,22,5,5.6721738232,0.6721738232,1.1344347646,5.74327096,Solved
L?AAD@OJ@sL_ig,22,5,5.6721738227,0.6721738227,1.1344347645,5.75017054,Solved
L?AAD@Oi@gBgDc,20,5,5.6721730257,0.6721730257,1.1344346051,5.75322958,Solved
L?ABA_gaQ`v?^?,23,5,5.6721677576,0.6721677576,1.1344335515,5.75333424,Solved
L?AAD?cUDcHgm?,21,5,5.6721534812,0.6721534812,1.1344306962,5.81378675,Solved
L?AAD?cUDcHg}?,22,5,5.6721531331,0.6721531331,1.1344306266,5.74950157,Solved
L?AAD?oEBg@{RW,22,5,5.6721527919,0.6721527919,1.1344305584,5.75257200,Solved
L?AAD?oFFOBwVO,23,5,5.6721527900,0.6721527900,1.1344305580,5.74275580,Solved
L?AAD?oy?yJ_Fo,23,5,5.6721527873,0.6721527873,1.1344305575,5.76895070,Solved
L?AA@AWTBoBgic,22,5,5.6721463816,0.6721463816,1.1344292763,5.76228876,Solved
L?AA@BOm?{@we_,22,5,5.6721368304,0.6721368304,1.1344273661,5.80840525,Solved
L?AAD?sX?sRA^?,22,5,5.6721330224,0.6721330224,1.1344266045,5.75103150,Solved
L?AEB?We@kJ_Hk,23,5,5.6721272598,0.6721272598,1.1344254520,5.75412300,Solved
L?AE@b_FFO@wJ_,23,5,5.6721272579,0.6721272579,1.1344254516,5.76910235,Solved
L?AAD@Oi@WJGk_,20,5,5.6721232163,0.6721232163,1.1344246433,5.77202356,Solved
L?AA@BOm?{@wm_,23,5,5.6721186232,0.6721186232,1.1344237246,5.77425211,Solved
L?AAD?cUDcV?RQ,22,5,5.6721170135,0.6721170135,1.1344234027,5.78012320,Solved
L?AAD@Oy@wBoDs,23,5,5.6721146274,0.6721146274,1.1344229255,5.76823726,Solved
L?AA@BOmAqFOJg,23,5,5.6721129974,0.6721129974,1.1344225995,5.76071789,Solved
L?AA@BWN@kXGm?,23,5,5.6721095936,0.6721095936,1.1344219187,5.81421498,Solved
L?AA@BWN@kXG}?,24,5,5.6721081671,0.6721081671,1.1344216334,5.77691926,Solved
L?AAD@OJDo@[k_,21,5,5.6720999209,0.6720999209,1.1344199842,5.75109670,Solved
L?AADAoFBo@wM_,22,5,5.6720649678,0.6720649678,1.1344129936,5.84086125,Solved
L?AADAoFFO@wVO,23,5,5.6720544811,0.6720544811,1.1344108962,5.76831505,Solved
L?AAD?oNAwBoRW,23,5,5.6719772962,0.6719772962,1.1343954592,5.75864561,Solved
L?AAD?cuDcHKeg,23,5,5.6719712553,0.6719712553,1.1343942511,5.76721460,Solved
L?AAD?wTCs@wF_,22,5,5.6719585470,0.6719585470,1.1343917094,5.74833412,Solved
L?AAD@OZBgTCAy,23,5,5.6719550947,0.6719550947,1.1343910189,5.75507642,Solved
L?AAD?sXDSAw^?,23,5,5.6719445838,0.6719445838,1.1343889168,5.74385976,Solved
L?AAD?wXCc@wEs,22,5,5.6719443916,0.6719443916,1.1343888783,5.75950726,Solved
L?AAD?sXCcJGQW,21,5,5.6719440895,0.6719440895,1.1343888179,5.74438951,Solved
L?AAD?sXCsBWL_,22,5,5.6719431356,0.6719431356,1.1343886271,5.74570232,Solved
L?AAF@cM?sZ?Ew,23,5,5.6719378704,0.6719378704,1.1343875741,5.74299632,Solved
L?AAD@oRBgFOkc,23,5,5.6719250631,0.6719250631,1.1343850126,5.75585362,Solved
L?AAD?oNBWXCL`,23,5,5.6719248208,0.6719248208,1.1343849642,5.74088831,Solved
L?AAD?oy?{Awi_,22,5,5.6719157323,0.6719157323,1.1343831465,5.81346838,Solved
L?AAD?oNBoBoBw,23,5,5.6719066259,0.6719066259,1.1343813252,5.80432756,Solved
L?AAD?W\DSIgL_,22,5,5.6719065878,0.6719065878,1.1343813176,5.78297074,Solved
L?AAD?oFEoJGBw,22,5,5.6719020842,0.6719020842,1.1343804168,5.76718355,Solved
L?AAD@Oy@[FOJg,23,5,5.6718940347,0.6718940347,1.1343788069,5.76280492,Solved
L?AAD?cUDc^?RQ,23,5,5.6718879791,0.6718879791,1.1343775958,5.74247264,Solved
L?AA@BOTDOEoaS,20,5,5.6718553259,0.6718553259,1.1343710652,5.75958449,Solved
L?AA@AOTEoDcDo,20,5,5.6718512487,0.6718512487,1.1343702497,5.74905223,Solved
L?AAD?W\DSIgN_,23,5,5.6718463352,0.6718463352,1.1343692670,5.79314142,Solved
L?AAD@oI_i@w}?,22,5,5.6718275434,0.6718275434,1.1343655087,5.74963275,Solved
L?AADAoFBoHgi_,22,5,5.6718082118,0.6718082118,1.1343616424,5.83413813,Solved
L?AADAoFBoHgm_,23,5,5.6718079275,0.6718079275,1.1343615855,5.82845028,Solved
L?AADAoFFOFOFo,23,5,5.6718006061,0.6718006061,1.1343601212,5.77862572,Solved
L?AAD?oNBo@sN_,23,5,5.6717928368,0.6717928368,1.1343585674,5.75201603,Solved
L?ABA_gaQ`f_JQ,23,5,5.6717928313,0.6717928313,1.1343585663,5.75551888,Solved
L?AAD@W[@WUOBT,22,5,5.6717923511,0.6717923511,1.1343584702,5.77055722,Solved
L?AAD@Oi@g@Xe_,20,5,5.6717856273,0.6717856273,1.1343571255,5.74401539,Solved
L?AADbGHf_FOLg,24,5,5.6717840871,0.6717840871,1.1343568174,5.76926239,Solved
L?AADb_B_tFO}?,24,5,5.6717829108,0.6717829108,1.1343565822,5.82289441,Solved
L?AAD@OyDSJGDs,23,5,5.6717648158,0.6717648158,1.1343529632,5.74362205,Solved
L?ABA_gaPYN_SM,24,5,5.6717568800,0.6717568800,1.1343513760,5.74375775,Solved
L?AAD?wT?]UOF_,22,5,5.6717449265,0.6717449265,1.1343489853,5.78797894,Solved
L?AAD@Oi@WBGm_,20,5,5.6717369410,0.6717369410,1.1343473882,5.76191767,Solved
L?AAD@OJDo@[m_,22,5,5.6717369399,0.6717369399,1.1343473880,5.74409434,Solved
L?AAD@Oi@WJGm_,21,5,5.6717369381,0.6717369381,1.1343473876,5.75400369,Solved
L?AAD@OJEoAwFo,22,5,5.6717369377,0.6717369377,1.1343473875,5.74902628,Solved
L?AAD@W[?k@Y\@,22,5,5.6717254355,0.6717254355,1.1343450871,5.74723981,Solved
L?AA@AOTBoFOeo,21,5,5.6717254345,0.6717254345,1.1343450869,5.74736918,Solved
L?AA@BOTFOTOas,22,5,5.6717253668,0.6717253668,1.1343450734,5.74003174,Solved
L?AA@BOT@SUOA{,21,5,5.6717154171,0.6717154171,1.1343430834,5.77140220,Solved
L?AADAoFBo@wi_,22,5,5.6717127143,0.6717127143,1.1343425429,5.77193690,Solved
L?AADAoFBo@wm_,23,5,5.6717117184,0.6717117184,1.1343423437,5.77672342,Solved
L?AAD@Oi@WBGca,19,5,5.6716968907,0.6716968907,1.1343393781,5.75587578,Solved
L?AAD@oI_wHgk`,22,5,5.6716917634,0.6716917634,1.1343383527,5.75685646,Solved
L?AADBOX?sV?A{,22,5,5.6716861593,0.6716861593,1.1343372319,5.77715997,Solved
L?AA@BOTDSUOA{,22,5,5.6716805610,0.6716805610,1.1343361122,5.75742122,Solved
L?AAD?sX?sQQ^?,22,5,5.6716790852,0.6716790852,1.1343358170,5.80381554,Solved
L?ABA_gaRGrO}?,23,5,5.6716771669,0.6716771669,1.1343354334,5.74430344,Solved
L?AAD@oR@sV?VO,23,5,5.6716643154,0.6716643154,1.1343328631,5.74708125,Solved
L?AA@BOT@THgBw,22,5,5.6716522754,0.6716522754,1.1343304551,5.76211187,Solved
L?AADb_m@sBoAw,24,5,5.6716496191,0.6716496191,1.1343299238,5.82562047,Solved
L?AAD?wTAqZ?ic,23,5,5.6716474612,0.6716474612,1.1343294922,5.77876973,Solved
L?AAD@OJ@cHH}?,21,5,5.6716373095,0.6716373095,1.1343274619,5.78007623,Solved
L?AAD@oI_yIgm_,23,5,5.6716331699,0.6716331699,1.1343266340,5.75054136,Solved
L?AA@BOJKUQWBw,23,5,5.6716289168,0.6716289168,1.1343257834,5.76402599,Solved
L?AAD?sXCSRQ^?,23,5,5.6716287501,0.6716287501,1.1343257500,5.76359430,Solved
L?AAF@cE_mM_yA,24,5,5.6716088952,0.6716088952,1.1343217790,5.74013428,Solved
L?AAD@Oi@WJGca,20,5,5.6716014263,0.6716014263,1.1343202853,5.75379114,Solved
L?AAD?sXCSAYy?,21,5,5.6716003482,0.6716003482,1.1343200696,5.74930353,Solved
L?AAD@OJBo@kN_,22,5,5.6715838456,0.6715838456,1.1343167691,5.78453107,Solved
L?AAD@Oy?\DoN_,23,5,5.6715685414,0.6715685414,1.1343137083,5.76272333,Solved
L?AAD?wXAiAwiB,23,5,5.6715685413,0.6715685413,1.1343137083,5.74778330,Solved
L?AA@agUBgEoaR,23,5,5.6715685392,0.6715685392,1.1343137078,5.74225478,Solved
L?AAD?wTAY@wkB,23,5,5.6715685365,0.6715685365,1.1343137073,5.76175193,Solved
L?AAD@OIBgBwDs,22,5,5.6715685359,0.6715685359,1.1343137072,5.74118168,Solved
L?AAD?sXBoBWCs,22,5,5.6715579946,0.6715579946,1.1343115989,5.79857737,Solved
L?AAD@OJFOJGCs,21,5,5.6715468508,0.6715468508,1.1343093702,5.76554919,Solved
L?AA@BOT@TL_Bw,22,5,5.6715466899,0.6715466899,1.1343093380,5.74440786,Solved
L?AAD?wX?kBQ^?,22,5,5.6715449979,0.6715449979,1.1343089996,5.74346565,Solved
L?AAD?oE?WXCHd,19,5,5.6715319648,0.6715319648,1.1343063930,5.78506460,Solved
L?AAD?oEAWAXqH,20,5,5.6715319607,0.6715319607,1.1343063921,5.76168911,Solved
L?AAD?cUDcHgm_,22,5,5.6715231870,0.6715231870,1.1343046374,5.76580206,Solved
L?AAD?cuF_@[Ew,23,5,5.6715231851,0.6715231851,1.1343046370,5.76596927,Solved
L?AA@AWT@SPWVO,21,5,5.6715176372,0.6715176372,1.1343035274,5.75476704,Solved
L?AAD?oy?{Awm_,23,5,5.6715158240,0.6715158240,1.1343031648,5.80276349,Solved
L?AADAoFBo@wN_,23,5,5.6715137729,0.6715137729,1.1343027546,5.82412602,Solved
L?AAD?cuF_BKEw,23,5,5.6715017804,0.6715017804,1.1343003561,5.74869532,Solved
L?AAD?cUDoIgm_,22,5,5.6715017779,0.6715017779,1.1343003556,5.75316012,Solved
L?AAD?cuF_A[Ew,23,5,5.6715017735,0.6715017735,1.1343003547,5.74323567,Solved
L?AAD?cUDcIgm_,22,5,5.6715017732,0.6715017732,1.1343003546,5.74939791,Solved
L?AADAoZBg@[RW,24,5,5.6715013391,0.6715013391,1.1343002678,5.74583280,Solved
L?AAD?wT?{@wm_,23,5,5.6714938816,0.6714938816,1.1342987763,5.75984617,Solved
L?AA@AWT@SJgeo,22,5,5.6714894360,0.6714894360,1.1342978872,5.74849246,Solved
L?AADb_M?{@{m_,25,5,5.6714881849,0.6714881849,1.1342976370,5.82826333,Solved
L?AAD@Oi@gBgCs,20,5,5.6714862275,0.6714862275,1.1342972455,5.75503769,Solved
L?AAD?oEBW@{RW,22,5,5.6714793132,0.6714793132,1.1342958626,5.74915047,Solved
L?AADAoFBoHgN_,23,5,5.6714740971,0.6714740971,1.1342948194,5.78489903,Solved
L?AAD?oEBwHkN_,23,5,5.6714641773,0.6714641773,1.1342928355,5.74515322,Solved
L?ABA_gaRgV?Dk,23,5,5.6714599461,0.6714599461,1.1342919892,5.75359324,Solved
L?AAD?sXCcrO^?,23,5,5.6714546316,0.6714546316,1.1342909263,5.79153482,Solved
L?AAD?W{DcM_BU,23,5,5.6714479253,0.6714479253,1.1342895851,5.74146512,Solved
L?AA@agU?lJ_qQ,23,5,5.6714345166,0.6714345166,1.1342869033,5.74391689,Solved
L?AA@aHMAWUOy?,21,5,5.6714135189,0.6714135189,1.1342827038,5.74662077,Solved
L?AA@bGyBWAsN_,24,5,5.6713941983,0.6713941983,1.1342788397,5.81074230,Solved
L?AA@AOTEoEoRW,21,5,5.6713743521,0.6713743521,1.1342748704,5.75410519,Solved
L?AADAw]@sJ_VO,25,5,5.6713588594,0.6713588594,1.1342717719,5.75099319,Solved
L?AAD@oi`sAwFo,24,5,5.6713466864,0.6713466864,1.1342693373,5.74545898,Solved
L?AAD?wLEOAwVO,22,5,5.6713359159,0.6713359159,1.1342671832,5.74624685,Solved
L?AAD?sXDcROA{,23,5,5.6713352519,0.6713352519,1.1342670504,5.77668726,Solved
L?AA@BOTDOAwqO,20,5,5.6713294743,0.6713294743,1.1342658949,5.75144478,Solved
L?AA@BOTCcF_RO,20,5,5.6713268171,0.6713268171,1.1342653634,5.75263792,Solved
L?AA@BOTDOAwuO,21,5,5.6713247290,0.6713247290,1.1342649458,5.74185949,Solved
L?AAD@Oi@wJGe_,21,5,5.6713247277,0.6713247277,1.1342649455,5.75822937,Solved
L?AEAGoIEoHccT,22,5,5.6713127844,0.6713127844,1.1342625569,5.78149494,Solved
L?ABA_wk?[J_gQ,22,5,5.6713043311,0.6713043311,1.1342608662,5.78586281,Solved
L?AE@`gJF_BoBo,23,5,5.6712910088,0.6712910088,1.1342582018,5.79128021,Solved
L?AAD@OJFOJGJg,22,5,5.6712770869,0.6712770869,1.1342554174,5.75390123,Solved
L?AAD?oeBGXCVO,21,5,5.6712573361,0.6712573361,1.1342514672,5.75216349,Solved
L?AAD@OiAw@sk_,21,5,5.6712573299,0.6712573299,1.1342514660,5.74588623,Solved
L?AAD@OICcM_Jg,20,5,5.6712573289,0.6712573289,1.1342514658,5.74173505,Solved
L?AA@AODEoHcIc,19,5,5.6712573289,0.6712573289,1.1342514658,5.75943413,Solved
L?AAD@OI@cJGBw,20,5,5.6712573288,0.6712573288,1.1342514658,5.75688851,Solved
L?AAD?WLFOHgXG,21,5,5.6712573288,0.6712573288,1.1342514658,5.78141702,Solved
L?AA@BOTDOBgA[,20,5,5.6712573285,0.6712573285,1.1342514657,5.78847827,Solved
L?AA@AOTFOTOJg,21,5,5.6712573285,0.6712573285,1.1342514657,5.78825389,Solved
L?AAD?oeBGBgqG,20,5,5.6712573284,0.6712573284,1.1342514657,5.75150802,Solved
L?AA@BOTCc@oiC,19,5,5.6712573283,0.6712573283,1.1342514657,5.78727282,Solved
L?AA@BOTCcDoiC,20,5,5.6712573282,0.6712573282,1.1342514656,5.78779964,Solved
L?AA@AODFOFoIk,21,5,5.6712573281,0.6712573281,1.1342514656,5.75948493,Solved
L?AAD?oeBGBgag,20,5,5.6712573274,0.6712573274,1.1342514655,5.75031174,Solved
L?AA@BOTDOHgA{,21,5,5.6712573274,0.6712573274,1.1342514655,5.74624277,Solved
L?AAD@OICsM_Jg,21,5,5.6712573270,0.6712573270,1.1342514654,5.74543455,Solved
L?AA@AODEoDoYK,20,5,5.6712573266,0.6712573266,1.1342514653,5.76259298,Solved
L?ABA_wk?[J_gR,23,5,5.6712559279,0.6712559279,1.1342511856,5.77714592,Solved
L?AE@`gJF_BoBq,24,5,5.6712555558,0.6712555558,1.1342511112,5.77904521,Solved
L?AA@BOT@TL_m_,22,5,5.6712555253,0.6712555253,1.1342511051,5.78581312,Solved
L?AAD?wLAQz?TO,22,5,5.6712555231,0.6712555231,1.1342511046,5.80612886,Solved
L?AA@AWT@S|?N_,22,5,5.6712555227,0.6712555227,1.1342511045,5.79099193,Solved
L?AA@BOmDc@[uO,23,5,5.6712555216,0.6712555216,1.1342511043,5.78061727,Solved
L?AA@AOTEoTOJg,21,5,5.6712555208,0.6712555208,1.1342511042,5.78162000,Solved
L?AA@BOTCsDoiC,21,5,5.6712555199,0.6712555199,1.1342511040,5.79892877,Solved
L?AAD?oeBGBgaI,20,5,5.6712555198,0.6712555198,1.1342511040,5.78862353,Solved
L?AAD?WLFOBgXG,21,5,5.6712555198,0.6712555198,1.1342511040,5.79290554,Solved
L?AAD?oeBGBgai,21,5,5.6712555195,0.6712555195,1.1342511039,5.75385845,Solved
L?AA@AOTBoTQJg,22,5,5.6712555183,0.6712555183,1.1342511037,5.78543558,Solved
L?AA@BOT?s@siC,20,5,5.6712555182,0.6712555182,1.1342511036,5.79616400,Solved
L?AA@AOTCsDSZG,21,5,5.6712555180,0.6712555180,1.1342511036,5.78275640,Solved
L?AAD@oIaoBWDS,21,5,5.6712555161,0.6712555161,1.1342511032,5.74693665,Solved
L?AA@AOTCsL_Ik,21,5,5.6712555158,0.6712555158,1.1342511032,5.79414514,Solved
L?AAD@oIao@[DS,21,5,5.6712555157,0.6712555157,1.1342511031,5.74552576,Solved
L?AA@AOTBoVOJg,22,5,5.6712555156,0.6712555156,1.1342511031,5.77911555,Solved
L?AAD?wXCcBIZA,22,5,5.6712555154,0.6712555154,1.1342511031,5.74193960,Solved
L?ABAaGRFOCkBo,22,5,5.6712555154,0.6712555154,1.1342511031,5.76919367,Solved
L?AAD?wXCcAw{?,21,5,5.6712555153,0.6712555153,1.1342511031,5.80124594,Solved
L?AAD?WLFOKcVO,22,5,5.6712555152,0.6712555152,1.1342511030,5.78005103,Solved
L?AA@BOJLcTO^?,23,5,5.6712555151,0.6712555151,1.1342511030,5.78642015,Solved
L?AAD?oeEPM_RW,22,5,5.6712555145,0.6712555145,1.1342511029,5.78573503,Solved
L?AAD?oeEPM_VO,22,5,5.6712555145,0.6712555145,1.1342511029,5.76433158,Solved
L?AA@AOTCsL_Jg,21,5,5.6712555135,0.6712555135,1.1342511027,5.78599904,Solved
L?AA@AOTDS^?Jg,22,5,5.6712555133,0.6712555133,1.1342511027,5.78117271,Solved
L?AAD?oeEPHg^?,22,5,5.6712555131,0.6712555131,1.1342511026,5.78780261,Solved
L?AA@AOTCsN?Jg,21,5,5.6712555130,0.6712555130,1.1342511026,5.78586972,Solved
L?AAD?wTCsHgu?,22,5,5.6712548171,0.6712548171,1.1342509634,5.74785392,Solved
L?AAD@OiAw@sm_,22,5,5.6712523384,0.6712523384,1.1342504677,5.74999882,Solved
L?AAD@c\DcAwA],24,5,5.6712523380,0.6712523380,1.1342504676,5.76937220,Solved
L?AA@AOTAwROJg,21,5,5.6712523368,0.6712523368,1.1342504674,5.77011631,Solved
L?AA@BOT?s@sic,21,5,5.6712523354,0.6712523354,1.1342504671,5.77765689,Solved
L?AAD?wLEOhgKb,23,5,5.6712523349,0.6712523349,1.1342504670,5.74300079,Solved
L?AA@BOJKsJ_m_,23,5,5.6712523349,0.6712523349,1.1342504670,5.75191553,Solved
L?AA@AWT@Sbo}?,22,5,5.6712523347,0.6712523347,1.1342504669,5.78382439,Solved
L?AA@BOJHsRO^?,23,5,5.6712523347,0.6712523347,1.1342504669,5.78285538,Solved
L?AAD@Oi@sJGCs,21,5,5.6712523347,0.6712523347,1.1342504669,5.80850976,Solved
L?AAD@OI@sJGDs,21,5,5.6712523347,0.6712523347,1.1342504669,5.76998127,Solved
L?AAD@OyAYDsJg,24,5,5.6712523346,0.6712523346,1.1342504669,5.75553493,Solved
L?AA@BOT?sDsic,22,5,5.6712523339,0.6712523339,1.1342504668,5.77966381,Solved
L?AA@BOJHsJ_m_,23,5,5.6712523339,0.6712523339,1.1342504668,5.78179786,Solved
L?AAD?oy@sHgN_,23,5,5.6712523337,0.6712523337,1.1342504667,5.74741864,Solved
L?AAD@OyBgCsDs,23,5,5.6712523335,0.6712523335,1.1342504667,5.80397461,Solved
L?AAD@Oy@LAwk_,22,5,5.6712523334,0.6712523334,1.1342504667,5.77235110,Solved
L?AAD@oIao@[TS,22,5,5.6712523333,0.6712523333,1.1342504667,5.75076188,Solved
L?AA@AOTBwVOJg,23,5,5.6712523332,0.6712523332,1.1342504666,5.76982232,Solved
L?AA@BOTDSEoJg,22,5,5.6712523332,0.6712523332,1.1342504666,5.80846829,Solved
L?AA@BOTCc@oic,20,5,5.6712523329,0.6712523329,1.1342504666,5.79418831,Solved
L?AA@aHRV_F_XG,23,5,5.6712523325,0.6712523325,1.1342504665,5.78050554,Solved
L?AADbGR@SCsgc,22,5,5.6712523325,0.6712523325,1.1342504665,5.79011243,Solved
L?AAD@OiCsJGDs,22,5,5.6712523322,0.6712523322,1.1342504664,5.75877699,Solved
L?AAD?oeBgBgai,22,5,5.6712523322,0.6712523322,1.1342504664,5.75305139,Solved
L?AAD?WLBH^?VO,23,5,5.6712523321,0.6712523321,1.1342504664,5.77253744,Solved
L?AAD@OyDcCsDs,23,5,5.6712523321,0.6712523321,1.1342504664,5.76791648,Solved
L?AAD@OZDS@wZ?,22,5,5.6712523320,0.6712523320,1.1342504664,5.75523815,Solved
L?AA@BOTCcDoac,20,5,5.6712523318,0.6712523318,1.1342504664,5.78860486,Solved
L?AAD@oR?\UOy?,22,5,5.6712523318,0.6712523318,1.1342504664,5.74132438,Solved
L?AA@AWT@Sz?N_,22,5,5.6712523317,0.6712523317,1.1342504663,5.79547651,Solved
L?AAD@oIao@[SS,21,5,5.6712523314,0.6712523314,1.1342504663,5.79231712,Solved
L?AAD@c\DcAw^?,24,5,5.6712523309,0.6712523309,1.1342504662,5.77803076,Solved
L?AAD@OIDcM_Jg,21,5,5.6712523307,0.6712523307,1.1342504661,5.75606572,Solved
L?AAD@W[?Uigi`,23,5,5.6712523305,0.6712523305,1.1342504661,5.74458186,Solved
L?AAD?WLDoBgXG,21,5,5.6712523303,0.6712523303,1.1342504661,5.80027597,Solved
L?AAD@oRDcAw\?,22,5,5.6712523303,0.6712523303,1.1342504661,5.80074565,Solved
L?AA@BOJLoIgVO,23,5,5.6712523301,0.6712523301,1.1342504660,5.78438495,Solved
L?AAD?oy@kHgN_,23,5,5.6712523299,0.6712523299,1.1342504660,5.74539423,Solved
L?ABAaGBdQKcZ?,22,5,5.6712523299,0.6712523299,1.1342504660,5.77422316,Solved
L?AAD@OIDcM_Ds,21,5,5.6712523297,0.6712523297,1.1342504659,5.80865958,Solved
L?AA@BOJLoHgVO,23,5,5.6712523297,0.6712523297,1.1342504659,5.78588526,Solved
L?AAD@OI@sJGBw,21,5,5.6712523295,0.6712523295,1.1342504659,5.76535602,Solved
L?AA@BOJKsVO^?,24,5,5.6712523294,0.6712523294,1.1342504659,5.74289577,Solved
L?ABAaIeAh@wV?,23,5,5.6712523294,0.6712523294,1.1342504659,5.80332981,Solved
L?AAD@OyDcM_Ds,23,5,5.6712523293,0.6712523293,1.1342504659,5.79409076,Solved
L?AAD?oy@[@sRW,23,5,5.6712523291,0.6712523291,1.1342504658,5.77256044,Solved
L?AAD@c\DcAwAN,24,5,5.6712523290,0.6712523290,1.1342504658,5.76578446,Solved
L?AA@BOTEoTOJg,22,5,5.6712523289,0.6712523289,1.1342504658,5.78441959,Solved
L?AAD@OyAYDSJg,23,5,5.6712523288,0.6712523288,1.1342504658,5.79238683,Solved
L?AA@BOTCcDoic,21,5,5.6712523288,0.6712523288,1.1342504658,5.79924341,Solved
L?AA@BOTCsDoic,22,5,5.6712523288,0.6712523288,1.1342504658,5.79111272,Solved
L?AAD?wLAQig}?,23,5,5.6712523288,0.6712523288,1.1342504658,5.79847490,Solved
L?AAD@OiBgCsm_,22,5,5.6712523287,0.6712523287,1.1342504657,5.76651507,Solved
L?AA@BOTDS^?Jg,23,5,5.6712523287,0.6712523287,1.1342504657,5.78830969,Solved
L?AA@aHRRH]?^?,24,5,5.6712523286,0.6712523286,1.1342504657,5.77138576,Solved
L?AA@BOJKsTO^?,23,5,5.6712523286,0.6712523286,1.1342504657,5.77932763,Solved
L?AAD@OJDcM_Jg,22,5,5.6712523285,0.6712523285,1.1342504657,5.74824306,Solved
L?AA@BOTBoDsic,23,5,5.6712523285,0.6712523285,1.1342504657,5.78426885,Solved
L?AA@AOTCsN_Jg,22,5,5.6712523284,0.6712523284,1.1342504657,5.77802030,Solved
L?AAD@c\DcAwN_,24,5,5.6712523283,0.6712523283,1.1342504657,5.78078308,Solved
L?AAD?WLBHV?VO,22,5,5.6712523281,0.6712523281,1.1342504656,5.78015628,Solved
L?AAD?wT?mM_m_,23,5,5.6712523280,0.6712523280,1.1342504656,5.75831308,Solved
L?AAD@OZBWTSBw,24,5,5.6712523280,0.6712523280,1.1342504656,5.76134515,Solved
L?AA@BOT@TRO^?,22,5,5.6712523280,0.6712523280,1.1342504656,5.79097680,Solved
L?AA@BOTDSDsN_,23,5,5.6712523279,0.6712523279,1.1342504656,5.78315831,Solved
L?AA@BOJLoJgVO,24,5,5.6712523279,0.6712523279,1.1342504656,5.74658330,Solved
L?AAD@Oi@sJGDs,22,5,5.6712523279,0.6712523279,1.1342504656,5.75177935,Solved
L?ABAaGBfODgXG,22,5,5.6712523278,0.6712523278,1.1342504656,5.76844687,Solved
L?AAD@OyAYCsJg,23,5,5.6712523277,0.6712523277,1.1342504655,5.79432484,Solved
L?AA@AOTCs@s^?,21,5,5.6712523276,0.6712523276,1.1342504655,5.78066906,Solved
L?AAD@OyAYDoJg,23,5,5.6712523275,0.6712523275,1.1342504655,5.76230464,Solved
L?AAD?wXBgBIae,23,5,5.6712523274,0.6712523274,1.1342504655,5.74360555,Solved
L?AA@BOTFOTOJg,22,5,5.6712523274,0.6712523274,1.1342504655,5.80749688,Solved
L?AAD@OiBgCsDs,22,5,5.6712523274,0.6712523274,1.1342504655,5.81796808,Solved
L?AA@BOT@TN_m_,23,5,5.6712523274,0.6712523274,1.1342504655,5.78631421,Solved
L?AA@AOTAwVOJg,22,5,5.6712523273,0.6712523273,1.1342504655,5.77684338,Solved
L?AAD@OIBgCsm_,21,5,5.6712523273,0.6712523273,1.1342504655,5.77203489,Solved
L?AA@BOJKsUO^?,23,5,5.6712523273,0.6712523273,1.1342504655,5.78231348,Solved
L?AA@aomBgXGRW,24,5,5.6712523272,0.6712523272,1.1342504654,5.74797081,Solved
L?AAD?W\BHV?VO,23,5,5.6712523271,0.6712523271,1.1342504654,5.79489232,Solved
L?AAD@OZBWTOBw,23,5,5.6712523270,0.6712523270,1.1342504654,5.76481359,Solved
L?AAD@OIBgCsDs,21,5,5.6712523270,0.6712523270,1.1342504654,5.80689473,Solved
L?AAD?wLEOjGHb,23,5,5.6712523270,0.6712523270,1.1342504654,5.74197024,Solved
L?AAD?oy@wHcCt,23,5,5.6712523268,0.6712523268,1.1342504654,5.74502592,Solved
L?AA@AWT@S~?N_,23,5,5.6712523266,0.6712523266,1.1342504653,5.77495844,Solved
L?AAD@OZDcAw\?,22,5,5.6712523265,0.6712523265,1.1342504653,5.81374972,Solved
L?AA@aHRV_F_\G,24,5,5.6712523265,0.6712523265,1.1342504653,5.74242196,Solved
L?AAD@c\DcAwRQ,24,5,5.6712523265,0.6712523265,1.1342504653,5.77861896,Solved
L?AA@BOT@sDsic,23,5,5.6712523265,0.6712523265,1.1342504653,5.77809927,Solved
L?AAD@c\DcAweg,24,5,5.6712523261,0.6712523261,1.1342504652,5.77439968,Solved
L?AEB@cN?uN_Ew,26,5,5.6712455564,0.6712455564,1.1342491113,5.76094421,Solved
L?ABA_gaQ`f_u?,22,5,5.6712426828,0.6712426828,1.1342485366,5.74137395,Solved
L?AA@AWT@Sn?as,22,5,5.6712426769,0.6712426769,1.1342485354,5.75892980,Solved
L?AAD@oR?s@[^?,22,5,5.6712332607,0.6712332607,1.1342466521,5.78430849,Solved
L?AAD?wXCcH`Es,22,5,5.6712316145,0.6712316145,1.1342463229,5.74094034,Solved
L?AAD?oNBWHcm_,23,5,5.6712315505,0.6712315505,1.1342463101,5.76869907,Solved
L?AAD?W\@[]?Bp,23,5,5.6712215379,0.6712215379,1.1342443076,5.75150046,Solved
L?AAD?w\@[Igi`,24,5,5.6712212911,0.6712212911,1.1342442582,5.76734008,Solved
L?AE@`gJEQ^?La,25,5,5.6712211840,0.6712211840,1.1342442368,5.76809279,Solved
L?AE@b_FFO@wM_,23,5,5.6712173244,0.6712173244,1.1342434649,5.76139733,Solved
L?AAD@Oi@wJGk_,21,5,5.6712058743,0.6712058743,1.1342411749,5.76326851,Solved
L?AAD?oyBgJGDs,23,5,5.6712048488,0.6712048488,1.1342409698,5.74255707,Solved
L?AAD@Oy?\FOHg,22,5,5.6712009065,0.6712009065,1.1342401813,5.75042798,Solved
L?AAD@OICcrOXB,21,5,5.6711814788,0.6711814788,1.1342362958,5.75892861,Solved
L?AAD@Oi@gBgDs,21,5,5.6711812499,0.6711812499,1.1342362500,5.76560833,Solved
L?AAD@oRFOAwVO,23,5,5.6711803938,0.6711803938,1.1342360788,5.76464868,Solved
L?AAD@oi`sBoFo,24,5,5.6711798166,0.6711798166,1.1342359633,5.75475546,Solved
L?AADb_BboFOFg,24,5,5.6711471270,0.6711471270,1.1342294254,5.84406536,Solved
L?AA@aHMBgTO}?,23,5,5.6711460748,0.6711460748,1.1342292150,5.74124422,Solved
L?AAD@Oy@sCsJg,23,5,5.6711348280,0.6711348280,1.1342269656,5.74879642,Solved
L?AAD@Oy?\FOJg,23,5,5.6711348273,0.6711348273,1.1342269655,5.74628815,Solved
L?AAD@Oi@wJGm_,22,5,5.6711348272,0.6711348272,1.1342269654,5.75953112,Solved
L?AA@BOm?]Dom_,23,5,5.6711348265,0.6711348265,1.1342269653,5.75228732,Solved
L?ABCeWUBON_H[,25,5,5.6711324183,0.6711324183,1.1342264837,5.82533560,Solved
L?ABAaGBf?ecDg,22,5,5.6711318046,0.6711318046,1.1342263609,5.75258020,Solved
L?AA@AWT@SjGas,22,5,5.6711248016,0.6711248016,1.1342249603,5.76493622,Solved
L?AADAoFFO@wm_,23,5,5.6711247986,0.6711247986,1.1342249597,5.76142080,Solved
L?ABA_gaOwIE}?,22,5,5.6711247947,0.6711247947,1.1342249589,5.74419100,Solved
L?ABA_gaQHqSJP,23,5,5.6711120290,0.6711120290,1.1342224058,5.78395226,Solved
L?AA@BOJHsRGm?,22,5,5.6710969992,0.6710969992,1.1342193998,5.75659319,Solved
L?AA@AOTDoBWuO,21,5,5.6710933456,0.6710933456,1.1342186691,5.77031948,Solved
L?AAD?oy?]J_TO,22,5,5.6710462045,0.6710462045,1.1342092409,5.75387127,Solved
L?AA@AWTDSJg^?,23,5,5.6710311068,0.6710311068,1.1342062214,5.74421816,Solved
L?ABAaGR@oROPJ,22,5,5.6710311065,0.6710311065,1.1342062213,5.75632362,Solved
L?AADb_B_lFO}?,24,5,5.6710307944,0.6710307944,1.1342061589,5.85348869,Solved
L?AAD@Oy@sEoDs,23,5,5.6710172514,0.6710172514,1.1342034503,5.75558747,Solved
L?ABA_gaQ`f_}?,23,5,5.6710172502,0.6710172502,1.1342034500,5.75001607,Solved
L?AAD@OJEoFoHi,23,5,5.6710172502,0.6710172502,1.1342034500,5.74182757,Solved
L?AAD?wT?Um_N_,23,5,5.6710172497,0.6710172497,1.1342034499,5.74265525,Solved
L?AEB?o]@wAwBw,24,5,5.6710094509,0.6710094509,1.1342018902,5.77201634,Solved
L?AEAGoIEoEoqH,22,5,5.6710022209,0.6710022209,1.1342004442,5.74179636,Solved
L?AAD?sX?sN?Es,22,5,5.6709898715,0.6709898715,1.1341979743,5.76164399,Solved
L?AAD?wTF_TQVO,24,5,5.6709872904,0.6709872904,1.1341974581,5.75515203,Solved
L?ABAaGBf?ecDi,23,5,5.6709777443,0.6709777443,1.1341955489,5.74849343,Solved
L?AA@BOmCqDoN_,23,5,5.6709777425,0.6709777425,1.1341955485,5.75844358,Solved
L?AAD?sXBoBWEs,23,5,5.6709629760,0.6709629760,1.1341925952,5.76048770,Solved
L?AA@BOm?{DouO,23,5,5.6709371471,0.6709371471,1.1341874294,5.74695894,Solved
L?ABAaGBf?bo^?,23,5,5.6709290439,0.6709290439,1.1341858088,5.74975722,Solved
L?AB?qQU@IL_F_,22,5,5.6709221623,0.6709221623,1.1341844325,5.75121108,Solved
L?AEAGw{F_DoBe,25,5,5.6709161719,0.6709161719,1.1341832344,5.74432056,Solved
L?AAD@W[?Ybo^?,23,5,5.6709161716,0.6709161716,1.1341832343,5.77682568,Solved
L?ABA_wkAW@qgR,23,5,5.6709092527,0.6709092527,1.1341818505,5.80118328,Solved
L?AAD?oFDoJgBw,23,5,5.6709015367,0.6709015367,1.1341803073,5.74248173,Solved
L?AEB?c{@[QKFo,24,5,5.6708937635,0.6708937635,1.1341787527,5.74069632,Solved
L?AAD?wTDOeo^?,23,5,5.6708913352,0.6708913352,1.1341782670,5.75261264,Solved
L?AA@AOTBoBWm_,21,5,5.6708894389,0.6708894389,1.1341778878,5.75885903,Solved
L?ABA_gaOwV?ON,22,5,5.6708894352,0.6708894352,1.1341778870,5.75053396,Solved
L?AAD?wT?uUOFo,23,5,5.6708883143,0.6708883143,1.1341776629,5.74339725,Solved
L?AAD?wT?]UODo,22,5,5.6708883073,0.6708883073,1.1341776615,5.74305193,Solved
L?AAD?wT?]UOFo,23,5,5.6708883066,0.6708883066,1.1341776613,5.74272028,Solved
L?AAD?oNAXBoBw,23,5,5.6708883051,0.6708883051,1.1341776610,5.74046670,Solved
L?AADAoFBoBWVO,23,5,5.6708883047,0.6708883047,1.1341776609,5.76459699,Solved
L?AAF@cM?s^?Ew,24,5,5.6708647153,0.6708647153,1.1341729431,5.75587955,Solved
L?AAD?oZBgXCDp,23,5,5.6708593240,0.6708593240,1.1341718648,5.74853257,Solved
L?AAD?oy?]J_VO,23,5,5.6708332142,0.6708332142,1.1341666428,5.74230160,Solved
L?AE@bGY@g@wN_,23,5,5.6708315919,0.6708315919,1.1341663184,5.74426290,Solved
L?AADBOX?sF_ac,21,5,5.6708247788,0.6708247788,1.1341649558,5.75221406,Solved
L?AA@BOTFOPWic,22,5,5.6708104868,0.6708104868,1.1341620974,5.75878610,Solved
L?AAD@Oi@g@wFo,21,5,5.6707831480,0.6707831480,1.1341566296,5.75316881,Solved
L?AAD@Oi@WBGN_,20,5,5.6707831470,0.6707831470,1.1341566294,5.77200454,Solved
L?AAD@Oi@gBgFo,21,5,5.6707831470,0.6707831470,1.1341566294,5.75111688,Solved
L?AB?poq?wCigQ,22,5,5.6707727558,0.6707727558,1.1341545512,5.74240071,Solved
L?AAD?oeBG@wai,21,5,5.6707681663,0.6707681663,1.1341536333,5.74075228,Solved
L?`@Cb_HQc@oEk,22,5,5.6707568370,0.6707568370,1.1341513674,5.80322329,Solved
L?AA@BOTFORGDq,22,5,5.6707487116,0.6707487116,1.1341497423,5.74995632,Solved
L?AAD?wXCcIgy?,21,5,5.6707290484,0.6707290484,1.1341458097,5.75115550,Solved
L?AAD?oeBGBWN_,21,5,5.6707155940,0.6707155940,1.1341431188,5.75371281,Solved
L?AAD@oR?s@[\@,22,5,5.6706953753,0.6706953753,1.1341390751,5.76161218,Solved
L?AAD@oM`kIgi`,24,5,5.6706799193,0.6706799193,1.1341359839,5.74374242,Solved
L?AAD?wTCs\?VO,23,5,5.6706424271,0.6706424271,1.1341284854,5.74556064,Solved
L?AAD@oR?sF_Bg,21,5,5.6706279685,0.6706279685,1.1341255937,5.76126934,Solved
L?AA@BOmCqFOJg,23,5,5.6706270166,0.6706270166,1.1341254033,5.77035582,Solved
L?AAD?oy?yBom_,23,5,5.6706232619,0.6706232619,1.1341246524,5.74911868,Solved
L?AAD@Oi@gBgk_,20,5,5.6706132990,0.6706132990,1.1341226598,5.77023226,Solved
L?AB?poq?wSHag,22,5,5.6706099512,0.6706099512,1.1341219902,5.74146103,Solved
L?AA@AOTBoFOas,21,5,5.6706096713,0.6706096713,1.1341219343,5.75168980,Solved
L?AAD@oIaW@[SS,21,5,5.6706018389,0.6706018389,1.1341203678,5.75596955,Solved
L?ABAaGBf?as\G,23,5,5.6705863104,0.6705863104,1.1341172621,5.74089522,Solved
L?AAD`KNBWQSm_,25,5,5.6705824355,0.6705824355,1.1341164871,5.86006545,Solved
L?AAD?oeBG@TVO,21,5,5.6705758471,0.6705758471,1.1341151694,5.74819020,Solved
L?AAD@W[?]Bom_,23,5,5.6705617343,0.6705617343,1.1341123469,5.75462755,Solved
L?AAD?wT?]]?Do,22,5,5.6705441897,0.6705441897,1.1341088379,5.79105288,Solved
L?AAD?wTAY@w}?,23,5,5.6705202715,0.6705202715,1.1341040543,5.75177130,Solved
L?AAD@oIaW@[TS,22,5,5.6705186525,0.6705186525,1.1341037305,5.75517998,Solved
L?AAD@Oy@LAwUO,22,5,5.6705169783,0.6705169783,1.1341033957,5.74338310,Solved
L?AA@BOm?{F_Fo,23,5,5.6705091457,0.6705091457,1.1341018291,5.75263920,Solved
L?AA@AWTDSPW^?,22,5,5.6705015964,0.6705015964,1.1341003193,5.76179751,Solved
L?AAD@oUOyV?Fo,24,5,5.6704838140,0.6704838140,1.1340967628,5.74193803,Solved
L?AAD?sX?sRAy?,21,5,5.6704715889,0.6704715889,1.1340943178,5.75938459,Solved
L?AAD@oI_\L_}?,23,5,5.6704559060,0.6704559060,1.1340911812,5.76386872,Solved
L?`@Cb_D_\HIl@,24,5,5.6704499082,0.6704499082,1.1340899816,5.81686497,Solved
L?AAD@oedc@wFo,24,5,5.6704400611,0.6704400611,1.1340880122,5.75386295,Solved
L?AA@AW\@sEoaT,23,5,5.6704319577,0.6704319577,1.1340863915,5.76059913,Solved
L?AADBOL?]J_VO,23,5,5.6704286913,0.6704286913,1.1340857383,5.75100776,Solved
L?ABA_gaToF_ON,23,5,5.6704285263,0.6704285263,1.1340857053,5.74222910,Solved
L?AAD?oV@kIgm_,23,5,5.6704280697,0.6704280697,1.1340856139,5.75651303,Solved
L?ABAaGBd_rOG\,23,5,5.6704256800,0.6704256800,1.1340851360,5.75917765,Solved
L?AAD@oI_yJ_}?,23,5,5.6704250521,0.6704250521,1.1340850104,5.74181107,Solved
L?AA@qoRD_fo^?,25,5,5.6704250507,0.6704250507,1.1340850101,5.74367172,Solved
L?AAD@oM_{Awm_,24,5,5.6704250485,0.6704250485,1.1340850097,5.76742324,Solved
L?AAD@oM_{VOFo,25,5,5.6704250478,0.6704250478,1.1340850096,5.74178127,Solved
L?AA@qoRD_do^?,24,5,5.6704250473,0.6704250473,1.1340850095,5.75134607,Solved
L?AAD@oe_{Awm_,24,5,5.6704250468,0.6704250468,1.1340850094,5.74502853,Solved
L?AA@qoR?\N_kE,25,5,5.6704175041,0.6704175041,1.1340835008,5.74165017,Solved
L?AA@BOTDO@gDq,20,5,5.6704007489,0.6704007489,1.1340801498,5.74416318,Solved
L?AA@AOTBoXGm_,21,5,5.6703932331,0.6703932331,1.1340786466,5.74151156,Solved
L?AA@_geEQQSHe,22,5,5.6703894312,0.6703894312,1.1340778862,5.74326007,Solved
L?AAD?oZBoHcBw,23,5,5.6703766807,0.6703766807,1.1340753361,5.75942601,Solved
L?AA@AWTDSRWVO,23,5,5.6703760971,0.6703760971,1.1340752194,5.75412229,Solved
L?AA@BOTDOBgDq,21,5,5.6703735817,0.6703735817,1.1340747163,5.75808873,Solved
L?AAD@Oi@gBORO,19,5,5.6703537204,0.6703537204,1.1340707441,5.78599695,Solved
L?AAD?cUDcV?VO,22,5,5.6703412971,0.6703412971,1.1340682594,5.74561355,Solved
L?AAD@W[@KUOaE,21,5,5.6703388626,0.6703388626,1.1340677725,5.75135707,Solved
L?AA@AWTBoXGm_,22,5,5.6703361874,0.6703361874,1.1340672375,5.75060845,Solved
L?AA@AW\@sEoeo,23,5,5.6703294381,0.6703294381,1.1340658876,5.74162181,Solved
L?AAD?sX?sN_ec,23,5,5.6702950873,0.6702950873,1.1340590175,5.75717579,Solved
L?AAD?oy?mVOFo,24,5,5.6702937759,0.6702937759,1.1340587552,5.74481293,Solved
L?AAD?sX?sQQy?,21,5,5.6702904171,0.6702904171,1.1340580834,5.78624806,Solved
L?AAD?sX?s\?ec,22,5,5.6702809731,0.6702809731,1.1340561946,5.76249123,Solved
L?AADAoFBoFoBw,24,5,5.6702799769,0.6702799769,1.1340559954,5.77915918,Solved
L?AAD?sXCsN_ec,24,5,5.6702478908,0.6702478908,1.1340495782,5.75182331,Solved
L?AADBOLBoBgHg,22,5,5.6702455290,0.6702455290,1.1340491058,5.76136366,Solved
L?ABA_gaQWIccI,21,5,5.6702193136,0.6702193136,1.1340438627,5.75359481,Solved
L?AAD?wT?{@w{@,23,5,5.6701812911,0.6701812911,1.1340362582,5.79631953,Solved
L?AAD@Oi@gBOVO,20,5,5.6701740421,0.6701740421,1.1340348084,5.79422108,Solved
L?AAD@W{AYFON?,23,5,5.6701726281,0.6701726281,1.1340345256,5.74530704,Solved
L?AAD?wT?]]?Fo,23,5,5.6701493338,0.6701493338,1.1340298668,5.80563219,Solved
L?AA@BOTDO@WDq,20,5,5.6701384904,0.6701384904,1.1340276981,5.75087632,Solved
L?AAD@oI_ZBoka,23,5,5.6700981313,0.6700981313,1.1340196263,5.75063119,Solved
L?AE@aoQVOBoDc,23,5,5.6700837275,0.6700837275,1.1340167455,5.75314116,Solved
L?AADbGR@kF_Gk,23,5,5.6700834332,0.6700834332,1.1340166866,5.75123129,Solved
L?AADAoFBWIgM_,22,5,5.6700421222,0.6700421222,1.1340084244,5.79356677,Solved
L?AADAoFBoAwN_,23,5,5.6700421211,0.6700421211,1.1340084242,5.80029632,Solved
L?AA@BOm?{DoBw,23,5,5.6700159546,0.6700159546,1.1340031909,5.75470363,Solved
L?AAD?wT@Sbg}?,23,5,5.6699806275,0.6699806275,1.1339961255,5.75700012,Solved
L?AAD@oR?sV?Bw,22,5,5.6699538678,0.6699538678,1.1339907736,5.75582340,Solved
L?AAD?oZBo@[RW,23,5,5.6699535425,0.6699535425,1.1339907085,5.75962806,Solved
L?AAD?oy?{Bwm_,24,5,5.6699535400,0.6699535400,1.1339907080,5.74280582,Solved
L?AADb_M?[Hg^?,23,5,5.6699069361,0.6699069361,1.1339813872,5.74055861,Solved
L?AAD@OJ@cZ?BQ,20,5,5.6698886370,0.6698886370,1.1339777274,5.75746096,Solved
L?AAD@oRFOBgFo,23,5,5.6698395926,0.6698395926,1.1339679185,5.77998122,Solved
L?AAD@oI_\Awm_,23,5,5.6698203244,0.6698203244,1.1339640649,5.74832132,Solved
L?AE@`gFEQJ_Di,24,5,5.6697846283,0.6697846283,1.1339569257,5.75316556,Solved
L?AAF@cEf_F_Fo,24,5,5.6696685833,0.6696685833,1.1339337167,5.76445027,Solved
L?AAD?wXF_@wN_,23,5,5.6696589591,0.6696589591,1.1339317918,5.75391332,Solved
L?AE@aoQQWDoL_,22,5,5.6696500314,0.6696500314,1.1339300063,5.75887251,Solved
L?AA@BOTFOQWuO,22,5,5.6696280648,0.6696280648,1.1339256130,5.74088844,Solved
L?AE@`gFEQEo{?,23,5,5.6696157741,0.6696157741,1.1339231548,5.77086628,Solved
L?AAD@Oi@wCsVO,22,5,5.6695982739,0.6695982739,1.1339196548,5.75828241,Solved
L?AAD@oIawHgm_,23,5,5.6695915869,0.6695915869,1.1339183174,5.80061014,Solved
L?AB?qQUAWKkgU,24,5,5.6695834841,0.6695834841,1.1339166968,5.79301225,Solved
L?AA@BOT@SPWk_,20,5,5.6695774395,0.6695774395,1.1339154879,5.75549740,Solved
L?AE@`gFF_XGL`,24,5,5.6695630037,0.6695630037,1.1339126007,5.76403612,Solved
L?AAD@OJDcHgu?,21,5,5.6695569816,0.6695569816,1.1339113963,5.76868236,Solved
L?AAD@OJ@cZ?RQ,21,5,5.6695181366,0.6695181366,1.1339036273,5.77634306,Solved
L?AADbGHfOFOLg,24,5,5.6695126540,0.6695126540,1.1339025308,5.83674307,Solved
L?AAD@Oi@g@\Ds,22,5,5.6694955178,0.6694955178,1.1338991036,5.74231256,Solved
L?AAD?wT?yTQ}?,24,5,5.6694837995,0.6694837995,1.1338967599,5.75329194,Solved
L?AA@BOm@wEouO,23,5,5.6694772816,0.6694772816,1.1338954563,5.76138444,Solved
L?AAD@oRBoAwAw,22,5,5.6694706761,0.6694706761,1.1338941352,5.77690250,Solved
L?AA@aHMBGBoBo,21,5,5.6694692296,0.6694692296,1.1338938459,5.75239313,Solved
L?AA@BOm@[EouO,23,5,5.6694657704,0.6694657704,1.1338931541,5.74155630,Solved
L?AA@aHMBHBoBo,22,5,5.6694650769,0.6694650769,1.1338930154,5.75000160,Solved
L?AAD@W[?YCsFo,22,5,5.6694484350,0.6694484350,1.1338896870,5.74666967,Solved
L?AA@BOm@[ZGN_,24,5,5.6694358121,0.6694358121,1.1338871624,5.74284510,Solved
L?AADAoFBoJGAw,22,5,5.6694057972,0.6694057972,1.1338811594,5.81112716,Solved
L?AAD?wTEoHgm_,23,5,5.6694011156,0.6694011156,1.1338802231,5.75036636,Solved
L?AAD@Oi@WJGN_,21,5,5.6693991050,0.6693991050,1.1338798210,5.75608911,Solved
L?AAD?wXCcM_Fo,22,5,5.6693981642,0.6693981642,1.1338796328,5.75547435,Solved
L?AAD@oR?sF_Bw,22,5,5.6693941886,0.6693941886,1.1338788377,5.77518139,Solved
L?AAD@oR@sF_kc,23,5,5.6693929413,0.6693929413,1.1338785883,5.77135422,Solved
L?AAD@W{BWAwFO,23,5,5.6693918798,0.6693918798,1.1338783760,5.79357996,Solved
L?AAD?oFBoHKm_,22,5,5.6693644494,0.6693644494,1.1338728899,5.75869563,Solved
L?AAD?wTFOHgic,23,5,5.6693639844,0.6693639844,1.1338727969,5.75590476,Solved
L?AAD?wXF_QQEs,23,5,5.6693494246,0.6693494246,1.1338698849,5.75720495,Solved
L?AAD@oIag@[}?,22,5,5.6693353185,0.6693353185,1.1338670637,5.74378172,Solved
L?AA@BOmCUFOJg,23,5,5.6693162424,0.6693162424,1.1338632485,5.75122769,Solved
L?AAD@oRFOBgkc,23,5,5.6693128406,0.6693128406,1.1338625681,5.74411098,Solved
L?AAD?sXDoBWcc,22,5,5.6692749122,0.6692749122,1.1338549824,5.74825257,Solved
L?AAD@Oi@sAw^?,22,5,5.6692403446,0.6692403446,1.1338480689,5.75905755,Solved
L?AAD@Oi@gBOBW,19,5,5.6692391828,0.6692391828,1.1338478366,5.74860501,Solved
L?AAD@oR?VBo^?,23,5,5.6692315313,0.6692315313,1.1338463063,5.77261728,Solved
L?AAD@OI@{JgJg,23,5,5.6692303138,0.6692303138,1.1338460628,5.74907080,Solved
L?AAD@OJEoUORP,22,5,5.6692182250,0.6692182250,1.1338436450,5.76565997,Solved
L?AAD?wXCcBoEs,22,5,5.6691596600,0.6691596600,1.1338319320,5.74819720,Solved
L?AAD?w\DSIg}?,24,5,5.6691526211,0.6691526211,1.1338305242,5.79112747,Solved
L?AAD?oyAYJ_Bw,23,5,5.6691516689,0.6691516689,1.1338303338,5.74208728,Solved
L?AAD?wX?eboec,23,5,5.6691300745,0.6691300745,1.1338260149,5.75698800,Solved
L?AADAoFBWFOBw,23,5,5.6691198020,0.6691198020,1.1338239604,5.74647241,Solved
L?AEB?c{AwBoBs,24,5,5.6691114697,0.6691114697,1.1338222939,5.78765865,Solved
L?AAD@W[?wPQe_,21,5,5.6691089742,0.6691089742,1.1338217948,5.75093783,Solved
L?AADBOL?k\?Fo,22,5,5.6690888052,0.6690888052,1.1338177610,5.75643155,Solved
L?AA@BOm?y@wuO,23,5,5.6690591807,0.6690591807,1.1338118361,5.74788062,Solved
L?AAD?wX?kBWYA,21,5,5.6690476379,0.6690476379,1.1338095276,5.77877519,Solved
L?AAD?oFBWTORW,22,5,5.6690453131,0.6690453131,1.1338090626,5.75082186,Solved
L?AAD?oy@wBoBw,23,5,5.6690409298,0.6690409298,1.1338081860,5.75917273,Solved
L?AAD@oRDoVOVO,24,5,5.6690398144,0.6690398144,1.1338079629,5.74633767,Solved
L?AAD@oIaWROUO,21,5,5.6690383825,0.6690383825,1.1338076765,5.76826456,Solved
L?AB?qQ]EoCkZG,25,5,5.6690205481,0.6690205481,1.1338041096,5.84695329,Solved
L?AAD@Oi?wDcFo,21,5,5.6690167092,0.6690167092,1.1338033418,5.75716379,Solved
L?AAD@OI@WBWDs,20,5,5.6689623686,0.6689623686,1.1337924737,5.78231530,Solved
L?AA@AOTBoPYm_,22,5,5.6689444982,0.6689444982,1.1337888996,5.74015306,Solved
L?AAD?oeEPBWBw,22,5,5.6689376020,0.6689376020,1.1337875204,5.75437471,Solved
L?AA@BOmDcHguO,23,5,5.6689263223,0.6689263223,1.1337852645,5.74812089,Solved
L?AA@AWT@SjGeo,22,5,5.6689254785,0.6689254785,1.1337850957,5.78833166,Solved
L?AADBWVAiTO}?,25,5,5.6688959998,0.6688959998,1.1337792000,5.75806243,Solved
L?AAD?oFEo@sN_,22,5,5.6688827990,0.6688827990,1.1337765598,5.75293506,Solved
L?AAD@OJ@cJ_ag,20,5,5.6688694962,0.6688694962,1.1337738992,5.80285199,Solved
L?AAD@OJ@cJ_ig,21,5,5.6688503115,0.6688503115,1.1337700623,5.79998020,Solved
L?AAD@OJ@cJGIg,20,5,5.6688214790,0.6688214790,1.1337642958,5.77297018,Solved
L?AAD?W\DS^?TQ,24,5,5.6688115288,0.6688115288,1.1337623058,5.77765583,Solved
L?AAD?wTAqUO}?,23,5,5.6688101734,0.6688101734,1.1337620347,5.77105046,Solved
L?AA@b_J`w@[\@,24,5,5.6688085800,0.6688085800,1.1337617160,5.76349003,Solved
L?AADAoFFO@wN_,23,5,5.6688028868,0.6688028868,1.1337605774,5.81325663,Solved
L?AAD@OyBgDoDs,23,5,5.6687376196,0.6687376196,1.1337475239,5.74518870,Solved
L?`@Cb_HQc@oU_,21,5,5.6687325584,0.6687325584,1.1337465117,5.74042812,Solved
L?AAD@OZDcFOVO,23,5,5.6687242412,0.6687242412,1.1337448482,5.78307033,Solved
L?AAD?wLEOawi_,22,5,5.6687103155,0.6687103155,1.1337420631,5.78545858,Solved
L?AAD@OICcBWDs,20,5,5.6687010464,0.6687010464,1.1337402093,5.75545776,Solved
L?AA@BOT@TBoVO,22,5,5.6686985209,0.6686985209,1.1337397042,5.75869161,Solved
L?AAD?wXCchg}?,23,5,5.6686914909,0.6686914909,1.1337382982,5.75034184,Solved
L?AAD@oIaWROVO,22,5,5.6686755300,0.6686755300,1.1337351060,5.78087826,Solved
L?AA@BOJG{RGeo,23,5,5.6686676427,0.6686676427,1.1337335285,5.74465040,Solved
L?AA@BOJG{QWeo,23,5,5.6686676376,0.6686676376,1.1337335275,5.74453681,Solved
L?AA@BOJGuBoeo,23,5,5.6686676367,0.6686676367,1.1337335273,5.74769250,Solved
L?AADAoFBoFoRW,24,5,5.6686634639,0.6686634639,1.1337326928,5.74359870,Solved
L?AA@BOT@SROVO,21,5,5.6686625110,0.6686625110,1.1337325022,5.74136195,Solved
L?AAD@oR?VL_Fo,23,5,5.6686562899,0.6686562899,1.1337312580,5.74185229,Solved
L?AAD@OJ@cRODo,20,5,5.6686400677,0.6686400677,1.1337280135,5.75384291,Solved
L?AAD@OICsHgN_,21,5,5.6686232725,0.6686232725,1.1337246545,5.75838936,Solved
L?ABA_gaQH}?ea,23,5,5.6685870095,0.6685870095,1.1337174019,5.74070202,Solved
L?AAD?sX?sZ?eC,21,5,5.6685866316,0.6685866316,1.1337173263,5.74081720,Solved
L?AAD@W[?[TOFo,22,5,5.6685778019,0.6685778019,1.1337155604,5.74648805,Solved
L?AE@bGY?wEoBo,22,5,5.6685777989,0.6685777989,1.1337155598,5.74800065,Solved
L?AA@aHMBGHgHg,21,5,5.6685723781,0.6685723781,1.1337144756,5.76724755,Solved
L?AA@BOm?uAweo,23,5,5.6685721340,0.6685721340,1.1337144268,5.74424763,Solved
L?AAD@Oi@gBgm_,21,5,5.6685661088,0.6685661088,1.1337132218,5.76725099,Solved
L?AAD?oFEoJgBw,23,5,5.6685638017,0.6685638017,1.1337127603,5.74882463,Solved
L?AA@ao]BWHgBw,24,5,5.6685453935,0.6685453935,1.1337090787,5.74824217,Solved
L?ABA_gaOd`w{@,23,5,5.6685393414,0.6685393414,1.1337078683,5.78910793,Solved
L?AA@BOm@wFOBw,23,5,5.6685210588,0.6685210588,1.1337042118,5.75130269,Solved
L?AA@AWT@sN?as,22,5,5.6685210558,0.6685210558,1.1337042112,5.79829227,Solved
L?AAD@OiCsM_Ax,22,5,5.6685083096,0.6685083096,1.1337016619,5.74754988,Solved
L?AAD@OZBoUOBX,23,5,5.6685062355,0.6685062355,1.1337012471,5.75005415,Solved
L?AAD?wX?evOyA,24,5,5.6684959284,0.6684959284,1.1336991857,5.74029589,Solved
L?AAD?sXDcBWak,23,5,5.6684929813,0.6684929813,1.1336985963,5.74554245,Solved
L?AAD@W[?sD_Hg,20,5,5.6684759395,0.6684759395,1.1336951879,5.74195451,Solved
L?AAD?oFBoRORW,22,5,5.6684677846,0.6684677846,1.1336935569,5.75680406,Solved
L?AAD@oR?VN?Fo,23,5,5.6684209984,0.6684209984,1.1336841997,5.78301630,Solved
L?AAD@oI_iBW}?,22,5,5.6684035325,0.6684035325,1.1336807065,5.76650733,Solved
L?AA@b_JbgAsAy,24,5,5.6684027855,0.6684027855,1.1336805571,5.74075205,Solved
L?ABA_gaOk}?\?,22,5,5.6683946528,0.6683946528,1.1336789306,5.77126014,Solved
L?AAD@OyDSJGFo,23,5,5.6683939268,0.6683939268,1.1336787854,5.74540851,Solved
L?AAD?cUDoEoQX,22,5,5.6683936669,0.6683936669,1.1336787334,5.75813001,Solved
L?AAD?wT@S|?VO,23,5,5.6683896337,0.6683896337,1.1336779267,5.76453703,Solved
L?AAD?oEEPEoRW,21,5,5.6683884433,0.6683884433,1.1336776887,5.74048988,Solved
L?AAD@Oi?sK`Ax,21,5,5.6683791882,0.6683791882,1.1336758376,5.76394182,Solved
L?AB?qQU@WCkF_,22,5,5.6683727669,0.6683727669,1.1336745534,5.76933522,Solved
L?AAD@oREoUOVO,23,5,5.6683568905,0.6683568905,1.1336713781,5.77174292,Solved
L?AAD@Oi?sJG^?,21,5,5.6683553974,0.6683553974,1.1336710795,5.75925830,Solved
L?AA@BOTDoPWm_,22,5,5.6683553941,0.6683553941,1.1336710788,5.74264307,Solved
L?ABA_gaOhn?JO,22,5,5.6683518911,0.6683518911,1.1336703782,5.74546617,Solved
L?AAD?oFBoVORW,23,5,5.6683472810,0.6683472810,1.1336694562,5.75725105,Solved
L?AA@b_Djg^?aU,25,5,5.6683123195,0.6683123195,1.1336624639,5.74158536,Solved
L?AAD@OyBgAwFo,23,5,5.6682856752,0.6682856752,1.1336571350,5.74371048,Solved
L?AAD@W[?Yn_ka,24,5,5.6682815656,0.6682815656,1.1336563131,5.75050242,Solved
L?AEB?o]BgAwaJ,24,5,5.6682688519,0.6682688519,1.1336537704,5.75668531,Solved
L?AAD@OJ@cZ?Ig,20,5,5.6682394105,0.6682394105,1.1336478821,5.75085744,Solved
L?AAD?wTFOTQVO,24,5,5.6682368420,0.6682368420,1.1336473684,5.76193381,Solved
L?AAD?sX?sZ?cc,21,5,5.6682346375,0.6682346375,1.1336469275,5.77675351,Solved
L?AAD@oIag@wy?,21,5,5.6682107750,0.6682107750,1.1336421550,5.76003834,Solved
L?AA@b_ZBgAsqP,24,5,5.6682078084,0.6682078084,1.1336415617,5.75242053,Solved
L?AEB?WeBgCsJ_,22,5,5.6681620775,0.6681620775,1.1336324155,5.75028257,Solved
L?AAD@OJ@cN?ig,21,5,5.6681545617,0.6681545617,1.1336309123,5.74495349,Solved
L?AAD@OJCsM_ah,22,5,5.6680856461,0.6680856461,1.1336171292,5.74001494,Solved
L?AAD@oIaWROTC,21,5,5.6680778525,0.6680778525,1.1336155705,5.77788107,Solved
L?AAD@Oi@gHge_,20,5,5.6680596797,0.6680596797,1.1336119359,5.77093278,Solved
L?AAD?wXCsAwAs,22,5,5.6680528997,0.6680528997,1.1336105799,5.74376021,Solved
L?AAD@WLdcHg]?,23,5,5.6680365320,0.6680365320,1.1336073064,5.75768696,Solved
L?AAD@W[@WQPBT,22,5,5.6680263042,0.6680263042,1.1336052608,5.77520932,Solved
L?AAD@OJBo@kFo,22,5,5.6680263030,0.6680263030,1.1336052606,5.76710070,Solved
L?AE@b_FFO@wL_,23,5,5.6680028965,0.6680028965,1.1336005793,5.74446295,Solved
L?AB?qQU@W\?HK,22,5,5.6679959903,0.6679959903,1.1335991981,5.80269714,Solved
L?AA@AWTBoPYm_,23,5,5.6679904070,0.6679904070,1.1335980814,5.78441283,Solved
L?AA@BOm@s@{N_,24,5,5.6679904066,0.6679904066,1.1335980813,5.74887207,Solved
L?AA@BOm?{@{N_,24,5,5.6679904047,0.6679904047,1.1335980809,5.74558755,Solved
L?AA@BOm?{F_Bw,23,5,5.6679904041,0.6679904041,1.1335980808,5.78851894,Solved
L?AA@BOm@[@{N_,24,5,5.6679904035,0.6679904035,1.1335980807,5.74270103,Solved
L?`@Cb_HQcBOFG,21,5,5.6679844468,0.6679844468,1.1335968894,5.79454281,Solved
L?AAD?wTDSHgL_,22,5,5.6679832187,0.6679832187,1.1335966437,5.80553652,Solved
L?AAD@oUO]Z?VO,24,5,5.6679637660,0.6679637660,1.1335927532,5.74317955,Solved
L?AAD@OyAwAwN_,23,5,5.6679491236,0.6679491236,1.1335898247,5.76103962,Solved
L?ABA_gaOl]?XC,22,5,5.6679421780,0.6679421780,1.1335884356,5.75498542,Solved
L?ABA_gaQH}?^?,23,5,5.6678991628,0.6678991628,1.1335798326,5.75669319,Solved
L?AA@BOmCUM_m_,23,5,5.6678768462,0.6678768462,1.1335753692,5.74311797,Solved
L?AAD?wT@SjG}?,23,5,5.6678651102,0.6678651102,1.1335730220,5.76025594,Solved
L?AAD@Oi@gROVO,21,5,5.6678469017,0.6678469017,1.1335693803,5.75825029,Solved
L?AAD@OiBWCsVO,22,5,5.6678452974,0.6678452974,1.1335690595,5.75202593,Solved
L?AAD?sXCcBIN_,22,5,5.6677887007,0.6677887007,1.1335577401,5.74932111,Solved
L?AAD?wXBgBIDo,22,5,5.6677854268,0.6677854268,1.1335570854,5.76226512,Solved
L?AADAoFEo@sN_,23,5,5.6677768980,0.6677768980,1.1335553796,5.78111370,Solved
L?AAD@Oi@cBg\?,20,5,5.6677537066,0.6677537066,1.1335507413,5.76694503,Solved
L?AAD?wTAqTQ}?,24,5,5.6677531998,0.6677531998,1.1335506400,5.75669479,Solved
L?AADbGX?sL_ac,22,5,5.6677489076,0.6677489076,1.1335497815,5.77381944,Solved
L?AAD@OyBWBoDs,23,5,5.6677342181,0.6677342181,1.1335468436,5.74338171,Solved
L?ABAaGR?sEcG[,21,5,5.6677254028,0.6677254028,1.1335450806,5.76147461,Solved
L?AAD@OICsBgN_,21,5,5.6676762971,0.6676762971,1.1335352594,5.76227465,Solved
L?AAD@Oi?wEoFo,21,5,5.6676762953,0.6676762953,1.1335352591,5.76430586,Solved
L?AAD?wTDSEoVO,23,5,5.6676660303,0.6676660303,1.1335332061,5.80247912,Solved
L?AAD?wT?{\?VO,23,5,5.6676611889,0.6676611889,1.1335322378,5.75241632,Solved
L?AAD?wX?erO}?,23,5,5.6676365114,0.6676365114,1.1335273023,5.75090589,Solved
L?AA@BOmDcBoBw,23,5,5.6676335650,0.6676335650,1.1335267130,5.74211863,Solved
L?AAD@W[@WBoHg,21,5,5.6676178394,0.6676178394,1.1335235679,5.74853369,Solved
L?AADBOX@cJ_BI,21,5,5.6675875219,0.6675875219,1.1335175044,5.74338192,Solved
L?AADAoFEo@{VO,24,5,5.6675710665,0.6675710665,1.1335142133,5.77330011,Solved
L?AAD@Oi@wJGCs,21,5,5.6675453691,0.6675453691,1.1335090738,5.76187986,Solved
L?AAD?oeBWAwTO,21,5,5.6675387760,0.6675387760,1.1335077552,5.74424097,Solved
L?AAD@W[?sDoHg,21,5,5.6675339195,0.6675339195,1.1335067839,5.75000139,Solved
L?AAD@OJ@cZ?Jg,21,5,5.6675323552,0.6675323552,1.1335064710,5.76331811,Solved
L?AAD@Oi@gHgm_,21,5,5.6675320203,0.6675320203,1.1335064041,5.77325790,Solved
L?AEAGoIEPDoCV,22,5,5.6675189383,0.6675189383,1.1335037877,5.74159760,Solved
L?AAD@OICsJgN_,22,5,5.6675144535,0.6675144535,1.1335028907,5.74663305,Solved
L?AAD@oR?sTOTP,22,5,5.6675144505,0.6675144505,1.1335028901,5.74905674,Solved
L?AAD@Oi@gVOVO,22,5,5.6675043942,0.6675043942,1.1335008788,5.75109116,Solved
L?AAD@Oi@cM_VO,21,5,5.6674834285,0.6674834285,1.1334966857,5.75369035,Solved
L?AA@BOTFOBgDq,22,5,5.6674699380,0.6674699380,1.1334939876,5.74404879,Solved
L?AAD@oREoTOTP,23,5,5.6674629618,0.6674629618,1.1334925924,5.74984124,Solved
L?AAD?wT@Sbo^?,23,5,5.6674544811,0.6674544811,1.1334908962,5.74459866,Solved
L?AAD?wX?e~?ec,24,5,5.6674530768,0.6674530768,1.1334906154,5.74166711,Solved
L?AAD@W[CShgBs,23,5,5.6674445843,0.6674445843,1.1334889169,5.74490539,Solved
L?AA@BOTFOTOA{,22,5,5.6674431129,0.6674431129,1.1334886226,5.74107843,Solved
L?AAD@oI_i^?Fo,23,5,5.6674200962,0.6674200962,1.1334840192,5.75256925,Solved
L?ABAaIM@JZ?\?,23,5,5.6674045391,0.6674045391,1.1334809078,5.79637802,Solved
L?AAD@oIaoBoHa,21,5,5.6673804273,0.6673804273,1.1334760855,5.74424724,Solved
L?AA@BOmDcJ_RQ,23,5,5.6673491715,0.6673491715,1.1334698343,5.77781854,Solved
L?AAD@OyBWCsVO,23,5,5.6673487821,0.6673487821,1.1334697564,5.74578728,Solved
L?AE@`gNF_@wF_,24,5,5.6673471622,0.6673471622,1.1334694324,5.80921895,Solved
L?AAD?wTDcHgL_,22,5,5.6673179648,0.6673179648,1.1334635930,5.83125910,Solved
L?AA@BOT@SQWaS,20,5,5.6673084624,0.6673084624,1.1334616925,5.75762892,Solved
L?AAD?wXCcHHN_,22,5,5.6672941365,0.6672941365,1.1334588273,5.74546234,Solved
L?AAF@cEdoB[}?,25,5,5.6672747301,0.6672747301,1.1334549460,5.74138781,Solved
L?AA@BOT@SQWas,21,5,5.6672460157,0.6672460157,1.1334492031,5.76418180,Solved
L?AAD@oIawROTC,22,5,5.6672456439,0.6672456439,1.1334491288,5.80122355,Solved
L?AE@b_FFO@wN_,24,5,5.6672009654,0.6672009654,1.1334401931,5.75740891,Solved
L?AE@aoRBoDoBw,24,5,5.6672009648,0.6672009648,1.1334401930,5.76153235,Solved
L?AE@aoR?]N?J_,23,5,5.6672009641,0.6672009641,1.1334401928,5.77518188,Solved
L?AEB?We@kN_Hk,24,5,5.6672009633,0.6672009633,1.1334401927,5.74466381,Solved
L?ABBAO]AwBoBw,24,5,5.6672009610,0.6672009610,1.1334401922,5.76718265,Solved
L?AEB?We@LEo^?,23,5,5.6672009603,0.6672009603,1.1334401921,5.76311400,Solved
L?AE@`gNF_BoBq,25,5,5.6671757165,0.6671757165,1.1334351433,5.80186991,Solved
L?AAD?oZBo@km_,23,5,5.6671556487,0.6671556487,1.1334311297,5.74251554,Solved
L?AAD@OZBgTOJg,23,5,5.6671304897,0.6671304897,1.1334260979,5.74706079,Solved
L?`@Cb_HQS@wUC,22,5,5.6671281898,0.6671281898,1.1334256380,5.75173943,Solved
L?AADb_B_xFO}?,24,5,5.6671097218,0.6671097218,1.1334219444,5.82916607,Solved
L?AAD@OI@kBgm_,21,5,5.6671075710,0.6671075710,1.1334215142,5.75178859,Solved
L?AAD@oR?\N?Fo,23,5,5.6671071497,0.6671071497,1.1334214299,5.77671322,Solved
L?AAD@oREoBgkc,23,5,5.6670987709,0.6670987709,1.1334197542,5.74926482,Solved
L?AAD?wTDSJGN_,23,5,5.6670974512,0.6670974512,1.1334194902,5.80804261,Solved
L?ABAaGR?sKcgE,21,5,5.6670741150,0.6670741150,1.1334148230,5.75494025,Solved
L?AAD@oR?s\?VO,22,5,5.6670333738,0.6670333738,1.1334066748,5.74689309,Solved
L?`@Cb_HQcBOBg,21,5,5.6670193986,0.6670193986,1.1334038797,5.83347566,Solved
L?AAD@oUO]J_}?,24,5,5.6670091979,0.6670091979,1.1334018396,5.74071585,Solved
L?AAD@oRDoBgBg,22,5,5.6670004487,0.6670004487,1.1334000897,5.76416892,Solved
L?AE@`HX@oAsRO,22,5,5.6669913422,0.6669913422,1.1333982684,5.77459928,Solved
L?AAD@oRBoAwBw,23,5,5.6669852762,0.6669852762,1.1333970552,5.76293307,Solved
L?AAD@oI_wJGm_,22,5,5.6669714802,0.6669714802,1.1333942960,5.75492398,Solved
L?AADAoFBWIgm_,23,5,5.6669712344,0.6669712344,1.1333942469,5.78972128,Solved
L?AAD?sXDc@[ec,23,5,5.6669656963,0.6669656963,1.1333931393,5.76235648,Solved
L?AAD?w\DSZ?TQ,24,5,5.6669408811,0.6669408811,1.1333881762,5.78403953,Solved
L?AAD?sXDSBQ^?,23,5,5.6669393702,0.6669393702,1.1333878740,5.75196493,Solved
L?AAD@oRDoBgBw,23,5,5.6669393656,0.6669393656,1.1333878731,5.76893998,Solved
L?AEB?s]Do@wF_,24,5,5.6669130761,0.6669130761,1.1333826152,5.80126444,Solved
L?AAD@Oi@gBOBw,20,5,5.6669124839,0.6669124839,1.1333824968,5.77146154,Solved
L?AAD?wT@[TOVO,23,5,5.6668774445,0.6668774445,1.1333754889,5.81831076,Solved
L?AAD?wTDSHgN_,23,5,5.6668400789,0.6668400789,1.1333680158,5.82203837,Solved
L?AB?qQU@IL_m?,22,5,5.6668282550,0.6668282550,1.1333656510,5.83572784,Solved
L?AAD@oR?\V?VO,23,5,5.6668179644,0.6668179644,1.1333635929,5.75451968,Solved
L?AAD@oRDo@{VO,24,5,5.6668177586,0.6668177586,1.1333635517,5.74712082,Solved
L?AAF@cE_mV?Z?,23,5,5.6668152159,0.6668152159,1.1333630432,5.75456870,Solved
L?AAD`omDS@[\@,25,5,5.6668139243,0.6668139243,1.1333627849,5.74499253,Solved
L?AA@BOmCUM_eo,23,5,5.6667801730,0.6667801730,1.1333560346,5.74753144,Solved
L?AAD@oR?VM_Fo,23,5,5.6667333843,0.6667333843,1.1333466769,5.80663425,Solved
L?AAD?oyBWIgi`,23,5,5.6666797530,0.6666797530,1.1333359506,5.74744684,Solved
L?AADAoFBoJGBw,23,5,5.6666345185,0.6666345185,1.1333269037,5.81463988,Solved
L?AAD?oyCsBoDs,23,5,5.6666287286,0.6666287286,1.1333257457,5.77866534,Solved
L?AADBOX?sL_ac,21,5,5.6666256802,0.6666256802,1.1333251360,5.74511302,Solved
L?AB?qQU@I\?Z?,22,5,5.6666185966,0.6666185966,1.1333237193,5.83369395,Solved
L?AADAoFBo@{VO,24,5,5.6666104238,0.6666104238,1.1333220848,5.80811526,Solved
L?AAD@oRFOAwBo,22,5,5.6666026338,0.6666026338,1.1333205268,5.76951103,Solved
L?AAD@oRFOAwFo,23,5,5.6665923313,0.6665923313,1.1333184663,5.78674749,Solved
L?ABAaIFBHSIEb,24,5,5.6665508252,0.6665508252,1.1333101650,5.76022428,Solved
L?AAD?oyBg@wFo,23,5,5.6665468465,0.6665468465,1.1333093693,5.74188380,Solved
L?AAD?oyBgBoFo,23,5,5.6665468454,0.6665468454,1.1333093691,5.74256903,Solved
L?ABA_gaQWQDTK,22,5,5.6665305694,0.6665305694,1.1333061139,5.76688413,Solved
L?AAD@oIaWFOTS,22,5,5.6664772014,0.6664772014,1.1332954403,5.77734533,Solved
L?AAD?WLFOBgk_,21,5,5.6664716853,0.6664716853,1.1332943371,5.74871081,Solved
L?AB?qQUAXV?PX,24,5,5.6664540772,0.6664540772,1.1332908154,5.78137760,Solved
L?AAD?w\Ai^?ia,25,5,5.6664386413,0.6664386413,1.1332877283,5.78856227,Solved
L?AAD?wX?eigFo,23,5,5.6664329789,0.6664329789,1.1332865958,5.75121155,Solved
L?AAD@Oi?wDsFo,22,5,5.6664173524,0.6664173524,1.1332834705,5.76836044,Solved
L?AAD@oR?sM_Bg,21,5,5.6663983390,0.6663983390,1.1332796678,5.78807246,Solved
L?AAF@cMCsBoCw,23,5,5.6663736409,0.6663736409,1.1332747282,5.74294288,Solved
L?AAD?sX@sQQFo,23,5,5.6663672063,0.6663672063,1.1332734413,5.74727907,Solved
L?AAD@oRDSBgy?,22,5,5.6663659910,0.6663659910,1.1332731982,5.76705290,Solved
L?AEB?c{Aw@wN_,24,5,5.6663384744,0.6663384744,1.1332676949,5.80638169,Solved
L?AAD?wTCsHg{?,22,5,5.6663362748,0.6663362748,1.1332672550,5.76302744,Solved
L?AAD?oeAWJGCq,20,5,5.6663297537,0.6663297537,1.1332659507,5.74488045,Solved
L?AAD?wT?m]?RO,22,5,5.6663229404,0.6663229404,1.1332645881,5.77680011,Solved
L?AADb_B`sBs}?,25,5,5.6663094657,0.6663094657,1.1332618931,5.83331354,Solved
L?AAD?wT?uN?As,22,5,5.6662804354,0.6662804354,1.1332560871,5.74428890,Solved
L?AB?qQU@IL_}?,23,5,5.6662400328,0.6662400328,1.1332480066,5.82853219,Solved
L?AAD?oeAWPSTP,21,5,5.6662382704,0.6662382704,1.1332476541,5.74607553,Solved
L?AAD@OJCcn?BY,22,5,5.6662277916,0.6662277916,1.1332455583,5.77749108,Solved
L?AB?qQU@WCky?,22,5,5.6662184912,0.6662184912,1.1332436982,5.83396048,Solved
L?AAD@oR?s@s^?,22,5,5.6662123541,0.6662123541,1.1332424708,5.75050976,Solved
L?AADbGH`wEouC,24,5,5.6662065607,0.6662065607,1.1332413121,5.82784023,Solved
L?AA@BOT@TQWas,22,5,5.6661900367,0.6661900367,1.1332380073,5.75417393,Solved
L?AAD?w\FOIgad,24,5,5.6661820708,0.6661820708,1.1332364142,5.77934847,Solved
L?AAD@oR?\Bo^?,23,5,5.6661682431,0.6661682431,1.1332336486,5.74007076,Solved
L?ABA_gaQWQPTK,22,5,5.6661612469,0.6661612469,1.1332322494,5.77527715,Solved
L?ABA_gaQWIcci,22,5,5.6661441846,0.6661441846,1.1332288369,5.75806424,Solved
L?AAD?wT?]TOJ_,22,5,5.6661418898,0.6661418898,1.1332283780,5.74688105,Solved
L?AAD@oIaWVOVO,23,5,5.6661348732,0.6661348732,1.1332269746,5.77873854,Solved
L?AAD@Oi@gAwRO,20,5,5.6661185443,0.6661185443,1.1332237089,5.75211446,Solved
L?AA@aHMAWCsu@,22,5,5.6661040047,0.6661040047,1.1332208009,5.76958692,Solved
L?AA@BOT@SUOas,21,5,5.6661032860,0.6661032860,1.1332206572,5.74549782,Solved
L?AA@BOT@TL_A{,22,5,5.6660978630,0.6660978630,1.1332195726,5.74303265,Solved
L?AAD@oR?sM_Bw,22,5,5.6660916275,0.6660916275,1.1332183255,5.79910205,Solved
L?AAD?wTCsHg}?,23,5,5.6660752466,0.6660752466,1.1332150493,5.74321140,Solved
L?AADb_B_tF_\?,23,5,5.6660613855,0.6660613855,1.1332122771,5.80846807,Solved
L?AAD@oI_iJGm_,22,5,5.6660602980,0.6660602980,1.1332120596,5.76988229,Solved
L?AA@BOT@TXGas,22,5,5.6660313430,0.6660313430,1.1332062686,5.75610785,Solved
L?AAD@W[@KBoBS,21,5,5.6660284471,0.6660284471,1.1332056894,5.74760333,Solved
L?AAD@oR?s@[XA,21,5,5.6659792704,0.6659792704,1.1331958541,5.74367805,Solved
L?AAD?wT?{]?RO,22,5,5.6659785791,0.6659785791,1.1331957158,5.77023652,Solved
L?AA@aHMBGQPN_,22,5,5.6659609620,0.6659609620,1.1331921924,5.76860845,Solved
L?AAD@oI_wZ?Fo,22,5,5.6659530721,0.6659530721,1.1331906144,5.75825717,Solved
L?AAD@W[@K@iN_,22,5,5.6659510851,0.6659510851,1.1331902170,5.74060432,Solved
L?AAD@oIawROVO,23,5,5.6659499581,0.6659499581,1.1331899916,5.75509401,Solved
L?AAD@Oi@wJGDs,22,5,5.6659230156,0.6659230156,1.1331846031,5.74201765,Solved
L?AAD@W[?YboN_,23,5,5.6659063876,0.6659063876,1.1331812775,5.74419888,Solved
L?AAD@oiawBgy?,23,5,5.6658948816,0.6658948816,1.1331789763,5.75437239,Solved
L?AE@b_FAYN?FG,23,5,5.6658882870,0.6658882870,1.1331776574,5.74079840,Solved
L?AAD?oyAwIgm_,23,5,5.6658857520,0.6658857520,1.1331771504,5.76485413,Solved
L?AAD?oZBoHKBw,23,5,5.6658857502,0.6658857502,1.1331771500,5.74410364,Solved
L?AAD?wTAYAw}?,23,5,5.6658857497,0.6658857497,1.1331771499,5.74223859,Solved
L?AA@BOJLcTOBw,23,5,5.6658857495,0.6658857495,1.1331771499,5.74025526,Solved
L?AAD@oI_iHgm_,22,5,5.6658815750,0.6658815750,1.1331763150,5.74495081,Solved
L?AAD?wT?]]?L_,22,5,5.6658400013,0.6658400013,1.1331680003,5.74401205,Solved
L?AA@AOTBoBWuO,21,5,5.6658330304,0.6658330304,1.1331666061,5.74843068,Solved
L?AADBOL?]N?FO,22,5,5.6658128483,0.6658128483,1.1331625697,5.82648560,Solved
L?ABA_gaOdm_}?,23,5,5.6658116218,0.6658116218,1.1331623244,5.75069279,Solved
L?AADbGLFOBoLG,23,5,5.6657966407,0.6657966407,1.1331593281,5.75199142,Solved
L?AAD?wLAi@wia,23,5,5.6657937496,0.6657937496,1.1331587499,5.74040186,Solved
L?AAD?cuDcHKm_,23,5,5.6657914633,0.6657914633,1.1331582927,5.75285046,Solved
L?AEB?WMBHEoeQ,23,5,5.6657730483,0.6657730483,1.1331546097,5.75254665,Solved
L?AAD@W[@WBWBS,21,5,5.6657263244,0.6657263244,1.1331452649,5.76721825,Solved
L?AAD@W[@W@iFo,22,5,5.6657258600,0.6657258600,1.1331451720,5.76319727,Solved
L?AAD?wT?{\?Dp,23,5,5.6657230402,0.6657230402,1.1331446080,5.77472623,Solved
L?AA@BOm@s@wJg,23,5,5.6657076477,0.6657076477,1.1331415295,5.76631753,Solved
L?AAD@oRDSBg}?,23,5,5.6657076472,0.6657076472,1.1331415294,5.74127888,Solved
L?AAD?wTCSbWXB,23,5,5.6656975171,0.6656975171,1.1331395034,5.74130188,Solved
L?AAF@cM?sBw}?,24,5,5.6656911385,0.6656911385,1.1331382277,5.74464133,Solved
L?AAD?oZBo@sRW,23,5,5.6656726140,0.6656726140,1.1331345228,5.74738248,Solved
L?AAD?wT?UrO{A,23,5,5.6656726093,0.6656726093,1.1331345219,5.75023076,Solved
L?ABAaGBe_boGZ,23,5,5.6656335442,0.6656335442,1.1331267088,5.76167897,Solved
L?AAD@oI_iROVO,22,5,5.6656330309,0.6656330309,1.1331266062,5.74053416,Solved
L?`@Cb_HOsJOBo,22,5,5.6656330256,0.6656330256,1.1331266051,5.74608407,Solved
L?AAD@oIaYROVO,23,5,5.6656330254,0.6656330254,1.1331266051,5.74910835,Solved
L?AAD@oIeoBWBo,22,5,5.6656330244,0.6656330244,1.1331266049,5.77037030,Solved
L?AAD@oIaiROVO,23,5,5.6656330239,0.6656330239,1.1331266048,5.75004913,Solved
L?AE@`gFEQN?Di,24,5,5.6656318076,0.6656318076,1.1331263615,5.80454980,Solved
L?AAD?WLEOfOHi,22,5,5.6656188155,0.6656188155,1.1331237631,5.75530711,Solved
L?AAD?wTDSJgN_,24,5,5.6655937772,0.6655937772,1.1331187554,5.81541140,Solved
L?AAD@oR?VBo\A,23,5,5.6655931338,0.6655931338,1.1331186268,5.74403000,Solved
L?AAD?wTDcHgN_,23,5,5.6655885493,0.6655885493,1.1331177099,5.83286833,Solved
L?AAD@oR@s@w}?,23,5,5.6655754747,0.6655754747,1.1331150949,5.74360477,Solved
L?AAD@W[@[BgBs,23,5,5.6655754739,0.6655754739,1.1331150948,5.74115220,Solved
L?ABA_gaQHv?^?,23,5,5.6655320201,0.6655320201,1.1331064040,5.82464537,Solved
L?AAD@W[BWBWBS,22,5,5.6655297449,0.6655297449,1.1331059490,5.74902105,Solved
L?ABA_ge@IrO^?,23,5,5.6655170162,0.6655170162,1.1331034032,5.74559628,Solved
L?AB?qQU@WCkm?,22,5,5.6654991766,0.6654991766,1.1330998353,5.83242089,Solved
L?AAD@oRFOBwFo,24,5,5.6654959834,0.6654959834,1.1330991967,5.75159150,Solved
L?AAD@oRFOBWFo,23,5,5.6654959834,0.6654959834,1.1330991967,5.75070677,Solved
L?AAD@oRFOBoFo,23,5,5.6654959823,0.6654959823,1.1330991965,5.78160490,Solved
L?AAD@oRFO@wFo,23,5,5.6654959819,0.6654959819,1.1330991964,5.76845110,Solved
L?AAD@OJ@cN?Bw,21,5,5.6654916218,0.6654916218,1.1330983244,5.78076819,Solved
L?AAD@oR?VEoZ?,22,5,5.6654905027,0.6654905027,1.1330981005,5.74140020,Solved
L?AAD@W[?Yl_Fo,23,5,5.6654792658,0.6654792658,1.1330958532,5.75514999,Solved
L?AAD?w\F_@wRO,23,5,5.6654552093,0.6654552093,1.1330910419,5.77170444,Solved
L?AAD?oEEPHkLa,22,5,5.6654273361,0.6654273361,1.1330854672,5.74227937,Solved
L?AAD@oRBgBoBw,23,5,5.6654266672,0.6654266672,1.1330853334,5.79641648,Solved
L?AAD@Oi@gAWVO,20,5,5.6654047246,0.6654047246,1.1330809449,5.76053386,Solved
L?AAD?sX@sBWA{,23,5,5.6653833553,0.6653833553,1.1330766711,5.74636817,Solved
L?AA@ao]DSPW\@,24,5,5.6653689300,0.6653689300,1.1330737860,5.75958551,Solved
L?ABA_geBgROHT,23,5,5.6653622099,0.6653622099,1.1330724420,5.74109102,Solved
L?AAD?wX?k@Y^?,22,5,5.6653552765,0.6653552765,1.1330710553,5.75019452,Solved
L?AA@BOTDOAwaS,20,5,5.6653504052,0.6653504052,1.1330700810,5.74109904,Solved
L?AAD?wX?ebo^?,23,5,5.6653435019,0.6653435019,1.1330687004,5.76443630,Solved
L?AAD@OJDoJGcc,21,5,5.6653385953,0.6653385953,1.1330677191,5.74492125,Solved
L?ABA_gaQhL_ch,23,5,5.6653224304,0.6653224304,1.1330644861,5.78113927,Solved
L?AAD?WLBGPOQS,19,5,5.6652868554,0.6652868554,1.1330573711,5.74236000,Solved
L?AAD@Oi@gAwVO,21,5,5.6652855867,0.6652855867,1.1330571173,5.76651936,Solved
L?AAD@oRBgROkc,23,5,5.6652710706,0.6652710706,1.1330542141,5.74000978,Solved
L?AAD?wX?ej_Fo,23,5,5.6652259349,0.6652259349,1.1330451870,5.76602157,Solved
L?AAD@Oi@cJG^?,21,5,5.6652163844,0.6652163844,1.1330432769,5.76503756,Solved
L?AAD@oIeoIg^?,23,5,5.6652128911,0.6652128911,1.1330425782,5.75201932,Solved
L?AAD@oI_iZ?^?,22,5,5.6652128905,0.6652128905,1.1330425781,5.74976747,Solved
L?AAD@Oi@sJG^?,22,5,5.6652119507,0.6652119507,1.1330423901,5.76462205,Solved
L?AAD?wXCcz?RQ,23,5,5.6652090496,0.6652090496,1.1330418099,5.74373090,Solved
L?AA@qoRDCm_N_,24,5,5.6651852845,0.6651852845,1.1330370569,5.75346648,Solved
L?AAD?wTCSl_N_,23,5,5.6651852826,0.6651852826,1.1330370565,5.74295637,Solved
L?AA@qoRDCbo\?,23,5,5.6651852822,0.6651852822,1.1330370564,5.76331416,Solved
L?AA@ao]BW@wRW,24,5,5.6651705092,0.6651705092,1.1330341018,5.74261233,Solved
L?AB?qQU@WKgy?,22,5,5.6651336113,0.6651336113,1.1330267223,5.77080016,Solved
L?ABA_gaQHqSmA,23,5,5.6651247175,0.6651247175,1.1330249435,5.74382304,Solved
L?ABA_gaOhZ?V?,21,5,5.6651230864,0.6651230864,1.1330246173,5.77566477,Solved
L?AAD@Oi?sM_VO,21,5,5.6651212131,0.6651212131,1.1330242426,5.76571216,Solved
L?AAD@OiDcJGZ?,21,5,5.6651181070,0.6651181070,1.1330236214,5.74798208,Solved
L?AAD@OJBoAwBw,22,5,5.6650982596,0.6650982596,1.1330196519,5.76587934,Solved
L?AAD?wX?en_Fo,24,5,5.6650875426,0.6650875426,1.1330175085,5.76108453,Solved
L?AAD@oI_ZRON_,23,5,5.6650840905,0.6650840905,1.1330168181,5.74631265,Solved
L?AB?rOX?\[GN?,23,5,5.6650840900,0.6650840900,1.1330168180,5.75132753,Solved
L?AADBOL?]N?N_,23,5,5.6650833450,0.6650833450,1.1330166690,5.78674949,Solved
L?AAD@oIawJGm_,23,5,5.6650537575,0.6650537575,1.1330107515,5.74913158,Solved
L?AAD@Oi@g@wDs,21,5,5.6649973252,0.6649973252,1.1329994650,5.74063386,Solved
L?AAD@OiCsM_VO,22,5,5.6649745161,0.6649745161,1.1329949032,5.74844335,Solved
L?AAD@oR?s@[XB,22,5,5.6649711807,0.6649711807,1.1329942361,5.74340169,Solved
L?AEAGoIDoHcL_,21,5,5.6649300626,0.6649300626,1.1329860125,5.74926184,Solved
L?ABA_gaOhv?N?,22,5,5.6648656367,0.6648656367,1.1329731273,5.78358734,Solved
L?AE@aoQVOAq\?,23,5,5.6648653857,0.6648653857,1.1329730771,5.77476516,Solved
L?AAD?wXCc@YFo,22,5,5.6648547531,0.6648547531,1.1329709506,5.74912927,Solved
L?AADAoFDoHgAw,22,5,5.6648490471,0.6648490471,1.1329698094,5.76767056,Solved
L?AAD@W[?wPQm_,22,5,5.6648304362,0.6648304362,1.1329660872,5.74187505,Solved
L?AAD?wXBgROFo,23,5,5.6648033063,0.6648033063,1.1329606613,5.74043659,Solved
L?AAD@oR?s@{^?,23,5,5.6647976364,0.6647976364,1.1329595273,5.76705804,Solved
L?AAD@oI_\Bo}?,23,5,5.6647696360,0.6647696360,1.1329539272,5.79454471,Solved
L?AADb_B_tRO}?,24,5,5.6647464624,0.6647464624,1.1329492925,5.79885311,Solved
L?AAD@OJBoPSk_,21,5,5.6647251848,0.6647251848,1.1329450370,5.75640608,Solved
L?AAD@OJDcN?ig,22,5,5.6647091486,0.6647091486,1.1329418297,5.74591285,Solved
L?AAD@OJEoUOJg,22,5,5.6646816023,0.6646816023,1.1329363205,5.74188548,Solved
L?AE@b_F?]N?RO,23,5,5.6646759968,0.6646759968,1.1329351994,5.75923992,Solved
L?AAD@Oi@sHg\?,21,5,5.6646684575,0.6646684575,1.1329336915,5.76683992,Solved
L?ABAaIeAhCi{?,23,5,5.6646642047,0.6646642047,1.1329328409,5.76996226,Solved
L?AAD@oRCT@wTO,22,5,5.6646613827,0.6646613827,1.1329322765,5.74749061,Solved
L?AAD@OiBWJGDs,22,5,5.6646613807,0.6646613807,1.1329322761,5.75821743,Solved
L?AAD?oNBoAwBw,23,5,5.6646436699,0.6646436699,1.1329287340,5.75363278,Solved
L?AAD?oeEP@wDq,22,5,5.6645915930,0.6645915930,1.1329183186,5.74132240,Solved
L?AEB?o]@w@[Eo,23,5,5.6645708774,0.6645708774,1.1329141755,5.79405866,Solved
L?AB?qQU@WCk}?,23,5,5.6645684778,0.6645684778,1.1329136956,5.83293401,Solved
L?AA@BOT@c@WIk,20,5,5.6645644970,0.6645644970,1.1329128994,5.75667288,Solved
L?AAD?wXCc~?RQ,24,5,5.6645560464,0.6645560464,1.1329112093,5.74025822,Solved
L?AAD@W[?uF_BS,22,5,5.6645491220,0.6645491220,1.1329098244,5.78504585,Solved
L?AAD?wX?erOFo,23,5,5.6645427806,0.6645427806,1.1329085561,5.74727390,Solved
L?AAD@Oi@gBoBw,21,5,5.6645034865,0.6645034865,1.1329006973,5.77026358,Solved
L?AADBOL?{N?Hg,22,5,5.6644779996,0.6644779996,1.1328955999,5.79359915,Solved
L?AEB?WVF_DoBo,23,5,5.6644712458,0.6644712458,1.1328942492,5.81009250,Solved
L?AAD?wX?kBgyA,22,5,5.6644329740,0.6644329740,1.1328865948,5.77094888,Solved
L?AAD?oeEPBoDq,22,5,5.6644315198,0.6644315198,1.1328863040,5.74995816,Solved
L?AAD@Oi@sM_VO,22,5,5.6644132880,0.6644132880,1.1328826576,5.75163051,Solved
L?AA@qoR@[J_Kc,23,5,5.6644124687,0.6644124687,1.1328824937,5.76519151,Solved
L?AAD@o\?]Bo}?,24,5,5.6644056614,0.6644056614,1.1328811323,5.75846168,Solved
L?AAD@W[?YbW^?,23,5,5.6643886674,0.6643886674,1.1328777335,5.76765899,Solved
L?AADBoyAwBgFo,25,5,5.6643827983,0.6643827983,1.1328765597,5.75998245,Solved
L?AA@BOmDcIguO,23,5,5.6643815094,0.6643815094,1.1328763019,5.74664595,Solved
L?AAD?wTAY]?m_,23,5,5.6643815069,0.6643815069,1.1328763014,5.75881738,Solved
L?AA@BOm?u@wuO,23,5,5.6643815061,0.6643815061,1.1328763012,5.75016770,Solved
L?AAD?oZBoHkBw,24,5,5.6643815059,0.6643815059,1.1328763012,5.74307113,Solved
L?AAD?oNBWAwqH,23,5,5.6643593226,0.6643593226,1.1328718645,5.74401189,Solved
L?AAD@Oi@g@[VO,21,5,5.6643567021,0.6643567021,1.1328713404,5.74600693,Solved
L?AA@BOTDOFODq,21,5,5.6643566978,0.6643566978,1.1328713396,5.74417482,Solved
L?AAD@OiBg@[VO,22,5,5.6643563716,0.6643563716,1.1328712743,5.74797017,Solved
L?AE@bGY?wEoRO,22,5,5.6643463599,0.6643463599,1.1328692720,5.74936290,Solved
L?AAD@OiBgCsAy,22,5,5.6643207339,0.6643207339,1.1328641468,5.74386499,Solved
L?ABA_gaQWIeci,23,5,5.6643120102,0.6643120102,1.1328624020,5.76171767,Solved
L?AAD?wT@[UOFO,22,5,5.6642803235,0.6642803235,1.1328560647,5.79813315,Solved
L?AAD@OyBgFOai,23,5,5.6642683931,0.6642683931,1.1328536786,5.74912714,Solved
L?ABAaGR?sV?XI,22,5,5.6642518665,0.6642518665,1.1328503733,5.74272445,Solved
L?AAD@oREoBoFo,23,5,5.6642518662,0.6642518662,1.1328503732,5.74334264,Solved
L?AAD@oREo@wFo,23,5,5.6642518660,0.6642518660,1.1328503732,5.74286514,Solved
L?AAD@oREoAwBo,22,5,5.6642518656,0.6642518656,1.1328503731,5.75212698,Solved
L?AAD@oREoAwFo,23,5,5.6642518631,0.6642518631,1.1328503726,5.74675747,Solved
L?AAD@oRBg@wkc,23,5,5.6642308681,0.6642308681,1.1328461736,5.74406442,Solved
L?AAD@Oi@g@\VO,22,5,5.6642060612,0.6642060612,1.1328412122,5.74513344,Solved
L?AA@BOTDOAxm_,22,5,5.6642055037,0.6642055037,1.1328411007,5.74009332,Solved
L?AAD?oV?{M_RW,23,5,5.6642007806,0.6642007806,1.1328401561,5.74491952,Solved
L?AAD@OiBgDsAy,23,5,5.6641978439,0.6641978439,1.1328395688,5.74282076,Solved
L?AA@BOm@wEoqP,23,5,5.6641882405,0.6641882405,1.1328376481,5.76638086,Solved
L?AAD?sXCoAYN_,22,5,5.6641825041,0.6641825041,1.1328365008,5.74477452,Solved
L?AA@qoR?\UOJ_,23,5,5.6641726070,0.6641726070,1.1328345214,5.76412906,Solved
L?AAD?sXCcbWN_,23,5,5.6641621221,0.6641621221,1.1328324244,5.74525894,Solved
L?AAD?oy?]Bo^?,23,5,5.6641550303,0.6641550303,1.1328310061,5.79841229,Solved
L?AAD@oRDS^?TQ,24,5,5.6641445848,0.6641445848,1.1328289170,5.76068554,Solved
L?ABAaGR@oAsiO,21,5,5.6641390295,0.6641390295,1.1328278059,5.77346353,Solved
L?AADaoJAoHgm_,23,5,5.6641378546,0.6641378546,1.1328275709,5.77059438,Solved
L?AA@_geBgXGHc,21,5,5.6641319949,0.6641319949,1.1328263990,5.76435292,Solved
L?AAD@oRBoBWBw,23,5,5.6640852459,0.6640852459,1.1328170492,5.77683437,Solved
L?AAD@oRBo@{Fo,24,5,5.6640594349,0.6640594349,1.1328118870,5.77917797,Solved
L?AAD?wTDc^?RQ,24,5,5.6640493062,0.6640493062,1.1328098612,5.79485417,Solved
L?ABA_gaRWIeci,24,5,5.6640049651,0.6640049651,1.1328009930,5.77730210,Solved
L?AAD?oy?{VODs,24,5,5.6639996045,0.6639996045,1.1327999209,5.78057425,Solved
L?AAD@oIao@[N_,22,5,5.6639905560,0.6639905560,1.1327981112,5.76434242,Solved
L?AA@AOTDoZGeo,22,5,5.6639826360,0.6639826360,1.1327965272,5.75566991,Solved
L?AAD?oE@WKaCr,20,5,5.6639826320,0.6639826320,1.1327965264,5.78470984,Solved
L?AAD?oEBWKaCr,21,5,5.6639826305,0.6639826305,1.1327965261,5.76602883,Solved
L?AA@AOT?kN?IM,20,5,5.6639826292,0.6639826292,1.1327965258,5.77636600,Solved
L?AAD?cUDcIgJ_,21,5,5.6639773041,0.6639773041,1.1327954608,5.75416529,Solved
L?ABA_gaOhV?^?,22,5,5.6639567649,0.6639567649,1.1327913530,5.78678388,Solved
L?AADBOL?kHI}?,22,5,5.6639545224,0.6639545224,1.1327909045,5.74230267,Solved
L?AA@b_NBg@wN_,24,5,5.6639510367,0.6639510367,1.1327902073,5.76533784,Solved
L?ABA_gaOhv?^?,23,5,5.6639458223,0.6639458223,1.1327891645,5.79000663,Solved
L?AAD@W[?Yf_Fo,23,5,5.6638877448,0.6638877448,1.1327775490,5.78163587,Solved
L?AEB?o]@w@[Fo,24,5,5.6638826184,0.6638826184,1.1327765237,5.81067250,Solved
L?ABAaGR?sKcgU,22,5,5.6638787987,0.6638787987,1.1327757597,5.76016663,Solved
L?AAD@oRBgBokc,23,5,5.6636882004,0.6636882004,1.1327376401,5.74545280,Solved
L?AADBOL?k\?QU,22,5,5.6635952328,0.6635952328,1.1327190466,5.74681247,Solved
L?AA@BOT@cTOqQ,21,5,5.6635561440,0.6635561440,1.1327112288,5.74279225,Solved
L?AAD?wTCSbo^?,23,5,5.6635335835,0.6635335835,1.1327067167,5.75488525,Solved
L?AA@AOTEoFOeo,21,5,5.6635168188,0.6635168188,1.1327033638,5.75519133,Solved
L?AA@BOTDOAXeo,21,5,5.6635107869,0.6635107869,1.1327021574,5.75212733,Solved
L?AAD?sX?sz?k_,22,5,5.6634400930,0.6634400930,1.1326880186,5.76674650,Solved
L?AAD?w\FOBWFO,23,5,5.6634160481,0.6634160481,1.1326832096,5.76472814,Solved
L?AADBOL?]N?Do,22,5,5.6634119910,0.6634119910,1.1326823982,5.77881625,Solved
L?AAD@oRBgBWAy,23,5,5.6633688458,0.6633688458,1.1326737692,5.75236293,Solved
L?AB?qQU@I\?\?,22,5,5.6633471186,0.6633471186,1.1326694237,5.79394538,Solved
L?ABA_gaOl]?\?,22,5,5.6633359371,0.6633359371,1.1326671874,5.78167617,Solved
L?AA@AWT@sEoqP,22,5,5.6633266434,0.6633266434,1.1326653287,5.74473062,Solved
L?AAD?W\DcHgy?,22,5,5.6632001124,0.6632001124,1.1326400225,5.75814664,Solved
L?AA@aHMBWZ?L_,22,5,5.6631691533,0.6631691533,1.1326338307,5.75865982,Solved
L?`@Cb_HOsYOFG,22,5,5.6631409914,0.6631409914,1.1326281983,5.79151725,Solved
L?AA@BOT@cPWic,21,5,5.6631262238,0.6631262238,1.1326252448,5.74874984,Solved
L?AA@agUAYUOZ?,22,5,5.6631182715,0.6631182715,1.1326236543,5.78139438,Solved
L?AAD?oNBoAwqH,23,5,5.6631104914,0.6631104914,1.1326220983,5.74804923,Solved
L?AADBOL?]N?Fo,23,5,5.6631009445,0.6631009445,1.1326201889,5.78924997,Solved
L?AAD@OiDcJG^?,22,5,5.6630995890,0.6630995890,1.1326199178,5.74054848,Solved
L?AAD?wTCSz?VO,23,5,5.6630976749,0.6630976749,1.1326195350,5.74656538,Solved
L?AADAoFEo@kN_,23,5,5.6630345250,0.6630345250,1.1326069050,5.74716424,Solved
L?AAD?wTCShg}?,23,5,5.6630132654,0.6630132654,1.1326026531,5.74849713,Solved
L?AA@agUBWUORP,23,5,5.6630132382,0.6630132382,1.1326026476,5.77591034,Solved
L?AAD?wTCSjg}?,24,5,5.6630131796,0.6630131796,1.1326026359,5.74612094,Solved
L?AA@agU@kXGN?,22,5,5.6629747971,0.6629747971,1.1325949594,5.79074475,Solved
L?AAD?wT@S`wRO,22,5,5.6629187098,0.6629187098,1.1325837420,5.74579082,Solved
L?AAD?wT?u\?RO,22,5,5.6628906461,0.6628906461,1.1325781292,5.74802544,Solved
L?AB?qQU@W\?XW,23,5,5.6628702101,0.6628702101,1.1325740420,5.77398414,Solved
L?AB?qQUBW\?XW,24,5,5.6628702099,0.6628702099,1.1325740420,5.77673151,Solved
L?AA@b_NAwBoBw,24,5,5.6628702086,0.6628702086,1.1325740417,5.76724839,Solved
L?AA@agqUoEoM_,23,5,5.6628167204,0.6628167204,1.1325633441,5.79161582,Solved
L?AA@agU@wEoqP,23,5,5.6627969060,0.6627969060,1.1325593812,5.77674531,Solved
L?AA@AWT@sYGJ`,22,5,5.6627913126,0.6627913126,1.1325582625,5.75581038,Solved
L?AAD@oi`sIg^?,24,5,5.6627396082,0.6627396082,1.1325479216,5.80905609,Solved
L?AAD@OZBo@kcd,23,5,5.6627352516,0.6627352516,1.1325470503,5.75920461,Solved
L?AADBOL?k@YIg,21,5,5.6627273918,0.6627273918,1.1325454784,5.75221284,Solved
L?AA@b_Jbg@wN_,24,5,5.6627114724,0.6627114724,1.1325422945,5.74641495,Solved
L?AAD@Oy?\Dom_,23,5,5.6627114689,0.6627114689,1.1325422938,5.77679948,Solved
L?AA@_geBGeoaq,22,5,5.6627101146,0.6627101146,1.1325420229,5.75907713,Solved
L?AAD?oNBg@sFo,23,5,5.6627090058,0.6627090058,1.1325418012,5.77957333,Solved
L?ABAaIeBoM_H[,24,5,5.6626914733,0.6626914733,1.1325382947,5.83604456,Solved
L?ABAaGRFOEcDg,22,5,5.6626738637,0.6626738637,1.1325347727,5.75987644,Solved
L?AAD@oIag@w}?,22,5,5.6626300152,0.6626300152,1.1325260030,5.75772456,Solved
L?AA@qoR@[J_kc,24,5,5.6626254355,0.6626254355,1.1325250871,5.78267630,Solved
L?ABA_gaV_M_Dk,23,5,5.6626194800,0.6626194800,1.1325238960,5.77112046,Solved
L?AAD@oI_wJgm_,23,5,5.6626149231,0.6626149231,1.1325229846,5.76526532,Solved
L?AAD@OJ@cRORO,20,5,5.6626116797,0.6626116797,1.1325223359,5.79297690,Solved
L?AAD@Oi@WAoEo,19,5,5.6626116791,0.6626116791,1.1325223358,5.77912711,Solved
L?AAD@OJBo@sL_,21,5,5.6626116777,0.6626116777,1.1325223355,5.79577697,Solved
L?AAD?sXAoROag,21,5,5.6626063034,0.6626063034,1.1325212607,5.79896566,Solved
L?AA@BOJHsROuO,23,5,5.6626014866,0.6626014866,1.1325202973,5.74263521,Solved
L?AADBOL?]FOm?,22,5,5.6625886664,0.6625886664,1.1325177333,5.78440405,Solved
L?AAD?wX?mBgyA,23,5,5.6625715926,0.6625715926,1.1325143185,5.77533695,Solved
L?AAD?oy?{Aw^?,23,5,5.6625616760,0.6625616760,1.1325123352,5.81878923,Solved
L?AB?qQU@W]?HK,22,5,5.6625376253,0.6625376253,1.1325075251,5.79242142,Solved
L?AAD?cUDcIgN_,22,5,5.6625373524,0.6625373524,1.1325074705,5.76100832,Solved
L?AAD?oeBGHKai,21,5,5.6625345701,0.6625345701,1.1325069140,5.75808428,Solved
L?AAD@oI_\Z?N_,23,5,5.6625299827,0.6625299827,1.1325059965,5.79678207,Solved
L?AADBOL?]N?RO,22,5,5.6625274181,0.6625274181,1.1325054836,5.74662731,Solved
L?AE@`gFEQEou?,23,5,5.6625242822,0.6625242822,1.1325048564,5.80306366,Solved
L?AE@`gFF_DoBq,24,5,5.6625228249,0.6625228249,1.1325045650,5.79008901,Solved
L?AADbGX?sL_eC,22,5,5.6625197766,0.6625197766,1.1325039553,5.74917732,Solved
L?AADbGX?sM_ad,23,5,5.6624781809,0.6624781809,1.1324956362,5.74175994,Solved
L?AE@`HX@oAsm?,22,5,5.6624781784,0.6624781784,1.1324956357,5.74143482,Solved
L?AAD?sXCcJGN_,22,5,5.6624735535,0.6624735535,1.1324947107,5.75274052,Solved
L?AAD@oIag@X}?,22,5,5.6624695624,0.6624695624,1.1324939125,5.74828634,Solved
L?ABA_gaR_qSJO,22,5,5.6624642079,0.6624642079,1.1324928416,5.78806070,Solved
L?AAD@oIawVOVO,24,5,5.6624595084,0.6624595084,1.1324919017,5.76160138,Solved
L?AE@`gN@kXGu?,24,5,5.6624502514,0.6624502514,1.1324900503,5.81212978,Solved
L?AAD@oUO]Z?Fo,24,5,5.6624291414,0.6624291414,1.1324858283,5.74995153,Solved
L?AAD?oZBoHcm_,23,5,5.6624291361,0.6624291361,1.1324858272,5.75977001,Solved
L?AAD?oNAXJ_m_,23,5,5.6624291352,0.6624291352,1.1324858270,5.76807913,Solved
L?AEB?WVEoCsL_,23,5,5.6624287855,0.6624287855,1.1324857571,5.77255995,Solved
L?AE@`gN@kZ?qQ,25,5,5.6624280521,0.6624280521,1.1324856104,5.80176443,Solved
L?AEB?WVEoEoHi,24,5,5.6624277400,0.6624277400,1.1324855480,5.75563958,Solved
L?AAD`KNBWROkG,24,5,5.6624150073,0.6624150073,1.1324830015,5.77753161,Solved
L?AAD@W[?Ym_Fo,23,5,5.6623593694,0.6623593694,1.1324718739,5.78073147,Solved
L?AAD@W[?Ybw^?,24,5,5.6623585751,0.6623585751,1.1324717150,5.75717075,Solved
L?AADb_B_xJ_}?,24,5,5.6623577248,0.6623577248,1.1324715450,5.77424587,Solved
L?AAD`KNBWUCm_,25,5,5.6623577234,0.6623577234,1.1324715447,5.76955010,Solved
L?AAD?sXCcFoEs,23,5,5.6623549937,0.6623549937,1.1324709987,5.75279233,Solved
L?AAD@oi`wIgN_,24,5,5.6623456790,0.6623456790,1.1324691358,5.75816664,Solved
L?AAD?wT?]]?N_,23,5,5.6623456760,0.6623456760,1.1324691352,5.76810695,Solved
L?AAD@oi`sIgN_,24,5,5.6623456756,0.6623456756,1.1324691351,5.74982182,Solved
L?AE@`oL`wXG}?,25,5,5.6623421413,0.6623421413,1.1324684283,5.74792810,Solved
L?ABAaGRFOAs\G,23,5,5.6623356484,0.6623356484,1.1324671297,5.75235785,Solved
L?AA@agUAYUON?,22,5,5.6623213442,0.6623213442,1.1324642688,5.76655442,Solved
L?AAD@W[?k@Y^?,22,5,5.6623213360,0.6623213360,1.1324642672,5.80478950,Solved
L?ABA_gaQHv?sG,22,5,5.6622993297,0.6622993297,1.1324598659,5.75624615,Solved
L?AAD?oy@wAwVO,23,5,5.6622936416,0.6622936416,1.1324587283,5.75068239,Solved
L?AAD?oeBGBoHc,20,5,5.6622847517,0.6622847517,1.1324569503,5.74189388,Solved
L?AAD?oZ@kBgQY,23,5,5.6622704861,0.6622704861,1.1324540972,5.74437218,Solved
L?AAD@oRDSROVO,23,5,5.6622299639,0.6622299639,1.1324459928,5.75090480,Solved
L?`@Cb_HQcBO@w,21,5,5.6622236173,0.6622236173,1.1324447235,5.79607778,Solved
L?AAD?W\DcHg}?,23,5,5.6622198271,0.6622198271,1.1324439654,5.76196906,Solved
L?AAD@oR?VBg}?,23,5,5.6622058037,0.6622058037,1.1324411607,5.75064479,Solved
L?AA@b_Z@wAsqP,24,5,5.6621948933,0.6621948933,1.1324389787,5.76361533,Solved
L?AAD@W[?k@q^?,22,5,5.6621932478,0.6621932478,1.1324386496,5.79230026,Solved
L?AA@agU?lXG\?,22,5,5.6621897398,0.6621897398,1.1324379480,5.79588536,Solved
L?ABAaGRBWSICj,23,5,5.6621876071,0.6621876071,1.1324375214,5.76232070,Solved
L?AAD?oy@wJgDs,24,5,5.6621721858,0.6621721858,1.1324344372,5.74704777,Solved
L?AAD?wTAYEoka,23,5,5.6621450332,0.6621450332,1.1324290066,5.77043176,Solved
L?AAD@oRFOAYkc,23,5,5.6621234243,0.6621234243,1.1324246849,5.74635347,Solved
L?`@Cb_HOsBcsc,23,5,5.6621082026,0.6621082026,1.1324216405,5.80721123,Solved
L?ABAaGB`oF_PI,21,5,5.6620987650,0.6620987650,1.1324197530,5.74382013,Solved
L?AAD?w\@kIgi`,24,5,5.6620813434,0.6620813434,1.1324162687,5.75409361,Solved
L?AAD?wTFOHgFo,23,5,5.6620687951,0.6620687951,1.1324137590,5.74064294,Solved
L?AAD@oiaw^?TS,25,5,5.6620442552,0.6620442552,1.1324088510,5.77112309,Solved
L?AAD@OyBgFODs,23,5,5.6620237365,0.6620237365,1.1324047473,5.74911035,Solved
L?AAD@OI@kHgm_,21,5,5.6620218512,0.6620218512,1.1324043702,5.75658344,Solved
L?AA@agUBgFOaq,23,5,5.6619816685,0.6619816685,1.1323963337,5.75911503,Solved
L?AAD@W[?kN_Bs,23,5,5.6619816675,0.6619816675,1.1323963335,5.79188261,Solved
L?AADBOLBoDoBw,23,5,5.6619763003,0.6619763003,1.1323952601,5.79440337,Solved
L?AAD?sX?sQQ}?,22,5,5.6619717295,0.6619717295,1.1323943459,5.76528009,Solved
L?AAD@W[?Yl_cb,23,5,5.6619646974,0.6619646974,1.1323929395,5.76020927,Solved
L?AA@BOm?{VOBw,24,5,5.6619246339,0.6619246339,1.1323849268,5.74133732,Solved
L?AAD@OI@kVOVO,22,5,5.6619202944,0.6619202944,1.1323840589,5.74293937,Solved
L?AAD?oZ?{Awy@,23,5,5.6619130879,0.6619130879,1.1323826176,5.75908921,Solved
L?AAD?wTAYEo{?,22,5,5.6618672963,0.6618672963,1.1323734593,5.74017439,Solved
L?AAD@OyCsM_ah,23,5,5.6618586755,0.6618586755,1.1323717351,5.74745389,Solved
L?AE@`DY@o@wKg,22,5,5.6618496899,0.6618496899,1.1323699380,5.74855993,Solved
L?AAD@OICsBWDs,21,5,5.6618381593,0.6618381593,1.1323676319,5.77288786,Solved
L?AAD@oi`wIgu?,23,5,5.6618004536,0.6618004536,1.1323600907,5.74675019,Solved
L?AAD?wT@[JGk_,22,5,5.6617976832,0.6617976832,1.1323595366,5.79207387,Solved
L?AAD?wT?u\?VO,23,5,5.6617745213,0.6617745213,1.1323549043,5.75060015,Solved
L?AEB?o]BgAwqH,24,5,5.6617680442,0.6617680442,1.1323536088,5.77192117,Solved
L?AAD?wT?{TQ^?,24,5,5.6617611696,0.6617611696,1.1323522339,5.75533803,Solved
L?AAD?sXDoPSN_,23,5,5.6617604983,0.6617604983,1.1323520997,5.74160567,Solved
L?ABA_gaOwV?PL,22,5,5.6617464677,0.6617464677,1.1323492935,5.80236942,Solved
L?AAD?wTCsBoVO,23,5,5.6617464675,0.6617464675,1.1323492935,5.77311921,Solved
L?AAD?oyAwAwFo,23,5,5.6617447250,0.6617447250,1.1323489450,5.78262952,Solved
L?AAD@oIawBoBg,22,5,5.6617250334,0.6617250334,1.1323450067,5.74498704,Solved
L?ABAaQ]F_@kZG,25,5,5.6616952126,0.6616952126,1.1323390425,5.78363543,Solved
L?ABA_gaQHf_mA,23,5,5.6616393278,0.6616393278,1.1323278656,5.80276442,Solved
L?ABAaGRFOEcDi,23,5,5.6616393275,0.6616393275,1.1323278655,5.74950662,Solved
L?AA@awZDcHg^?,25,5,5.6616393256,0.6616393256,1.1323278651,5.75113166,Solved
L?AA@awZDcHgV?,24,5,5.6616393251,0.6616393251,1.1323278650,5.75306127,Solved
L?AA@aw]BgPWm_,25,5,5.6616393235,0.6616393235,1.1323278647,5.75239848,Solved
L?AA@agUAYUO^?,23,5,5.6616393231,0.6616393231,1.1323278646,5.76170274,Solved
L?AADBWVBoBoFo,25,5,5.6616393225,0.6616393225,1.1323278645,5.74775554,Solved
L?AA@BWN@k^?qQ,25,5,5.6616372000,0.6616372000,1.1323274400,5.74744476,Solved
L?AAD@oRDcTOVO,23,5,5.6615607711,0.6615607711,1.1323121542,5.74906486,Solved
L?AE@b_F?VM_M_,23,5,5.6615575154,0.6615575154,1.1323115031,5.83224809,Solved
L?AAD@oR@sROVO,23,5,5.6615520542,0.6615520542,1.1323104108,5.74751653,Solved
L?AAD@oRDcROVO,23,5,5.6615510136,0.6615510136,1.1323102027,5.74376183,Solved
L?AAD@oi`sJ_VO,24,5,5.6615485698,0.6615485698,1.1323097140,5.77403995,Solved
L?ABBb_e?[J_Eg,23,5,5.6615485678,0.6615485678,1.1323097136,5.76303102,Solved
L?AAD?wT?{@w}?,23,5,5.6615485671,0.6615485671,1.1323097134,5.77980144,Solved
L?AAD@oI_yHgm_,23,5,5.6615485643,0.6615485643,1.1323097129,5.75293990,Solved
L?ABAaIFB`SIBb,24,5,5.6615485634,0.6615485634,1.1323097127,5.74552035,Solved
L?AAD@oIaYJgm_,24,5,5.6615485627,0.6615485627,1.1323097125,5.76084313,Solved
L?AAD@oi`sIgVO,24,5,5.6615485625,0.6615485625,1.1323097125,5.77668084,Solved
L?AAD@oRDcVOVO,24,5,5.6615485612,0.6615485612,1.1323097122,5.75233054,Solved
L?AAD@oRDSVOVO,24,5,5.6615485611,0.6615485611,1.1323097122,5.76077432,Solved
L?AAD?wT?]^?Fo,24,5,5.6615485609,0.6615485609,1.1323097122,5.74397322,Solved
L?AAD@oi`sJGVO,24,5,5.6615485609,0.6615485609,1.1323097122,5.74932177,Solved
L?AAD@oi`sHgVO,24,5,5.6615485605,0.6615485605,1.1323097121,5.76901118,Solved
L?AA@qoR@[]?Bh,24,5,5.6615485603,0.6615485603,1.1323097121,5.74659968,Solved
L?AAD@oIaiJgm_,24,5,5.6615485603,0.6615485603,1.1323097121,5.75737859,Solved
L?AAD@oI_yJGm_,23,5,5.6615485602,0.6615485602,1.1323097120,5.74038916,Solved
L?AAD@oR@sTOVO,23,5,5.6615485602,0.6615485602,1.1323097120,5.78970708,Solved
L?AAD@oI_iVOVO,23,5,5.6615485598,0.6615485598,1.1323097120,5.74438678,Solved
L?AE@b_FDo@wL_,23,5,5.6615485597,0.6615485597,1.1323097119,5.77604277,Solved
L?AAD@oR@sVOVO,24,5,5.6615485593,0.6615485593,1.1323097119,5.75063701,Solved
L?AAD@oi`sBgVO,24,5,5.6615485592,0.6615485592,1.1323097118,5.74342996,Solved
L?AAD@W[?kCsV?,21,5,5.6614875863,0.6614875863,1.1322975173,5.76839894,Solved
L?AAD@Oy?{N_Ds,24,5,5.6614840561,0.6614840561,1.1322968112,5.74601104,Solved
L?AAD?wT@S`wVO,23,5,5.6614696630,0.6614696630,1.1322939326,5.75820617,Solved
L?AAD?W{DSIg^?,23,5,5.6614513709,0.6614513709,1.1322902742,5.75992348,Solved
L?ABA_ge@Ij_ea,23,5,5.6614284520,0.6614284520,1.1322856904,5.75976931,Solved
L?AAD?WLEOrOHi,22,5,5.6614284514,0.6614284514,1.1322856903,5.75860291,Solved
L?AAD?wLAi@w{@,23,5,5.6614100879,0.6614100879,1.1322820176,5.74078852,Solved
L?ABA_gaOkm_}?,23,5,5.6613841247,0.6613841247,1.1322768249,5.77926629,Solved
L?AA@BOTDcQWBJ,22,5,5.6613810779,0.6613810779,1.1322762156,5.75976432,Solved
L?AA@BOTDcQWAN,22,5,5.6613810751,0.6613810751,1.1322762150,5.74691007,Solved
L?AA@BOTDcQWN_,22,5,5.6613810734,0.6613810734,1.1322762147,5.74666070,Solved
L?AA@AODEoLcRW,21,5,5.6613810729,0.6613810729,1.1322762146,5.74724619,Solved
L?AAD@OICcEoDs,20,5,5.6613810717,0.6613810717,1.1322762143,5.77562405,Solved
L?AAD@OI@kQQDs,21,5,5.6613810716,0.6613810716,1.1322762143,5.75542462,Solved
L?AAD@OIBWCsN_,21,5,5.6613810715,0.6613810715,1.1322762143,5.74999892,Solved
L?AA@AOT?kV?IM,20,5,5.6613810711,0.6613810711,1.1322762142,5.76170487,Solved
L?AA@AODFODsZG,21,5,5.6613810709,0.6613810709,1.1322762142,5.75528839,Solved
L?AA@BOTDSAwL_,21,5,5.6613810708,0.6613810708,1.1322762142,5.74563321,Solved
L?AA@AOTEoDcRW,21,5,5.6613810707,0.6613810707,1.1322762141,5.77278590,Solved
L?AA@BOTDcQWRB,22,5,5.6613810707,0.6613810707,1.1322762141,5.75020732,Solved
L?AA@BOTDcQWRQ,22,5,5.6613810704,0.6613810704,1.1322762141,5.77109857,Solved
L?AAD@OI@cBWDs,20,5,5.6613810702,0.6613810702,1.1322762140,5.75792002,Solved
L?AAD@OICcAwL_,19,5,5.6613810702,0.6613810702,1.1322762140,5.78920761,Solved
L?AA@BOTDcQWA],22,5,5.6613810700,0.6613810700,1.1322762140,5.75185890,Solved
L?AA@BOTDcQWIk,22,5,5.6613810695,0.6613810695,1.1322762139,5.75731156,Solved
L?AA@BOTDOEoDq,21,5,5.6613810691,0.6613810691,1.1322762138,5.78219074,Solved
L?AAD@OI@cBWCs,19,5,5.6613810691,0.6613810691,1.1322762138,5.77620774,Solved
L?AA@BOTDcQW^?,22,5,5.6613810687,0.6613810687,1.1322762137,5.74743541,Solved
L?AA@BOT@SQWk_,20,5,5.6613810686,0.6613810686,1.1322762137,5.78818685,Solved
L?AA@AOTEoDcBW,20,5,5.6613810682,0.6613810682,1.1322762136,5.79663602,Solved
L?AA@BOTDcQW}?,22,5,5.6613810677,0.6613810677,1.1322762135,5.75363223,Solved
L?AA@AODEoDce_,19,5,5.6613810673,0.6613810673,1.1322762135,5.75866848,Solved
L?AA@AODEoLCm_,20,5,5.6613810672,0.6613810672,1.1322762134,5.76093480,Solved
L?AA@BOT@TQWk_,21,5,5.6613810672,0.6613810672,1.1322762134,5.78291754,Solved
L?AAD@Oi@cBWCs,20,5,5.6613810670,0.6613810670,1.1322762134,5.77077650,Solved
L?AA@AOTFO@kJG,20,5,5.6613810670,0.6613810670,1.1322762134,5.76575105,Solved
L?AA@BOTDcQWBY,22,5,5.6613810668,0.6613810668,1.1322762134,5.76872440,Solved
L?AA@AOTFO@kZG,21,5,5.6613810667,0.6613810667,1.1322762133,5.75648319,Solved
L?AA@AODEoDSm_,20,5,5.6613810667,0.6613810667,1.1322762133,5.76266361,Solved
L?AA@BOTDcQWJg,22,5,5.6613810666,0.6613810666,1.1322762133,5.74457561,Solved
L?AA@BOTFOAwL_,21,5,5.6613810665,0.6613810665,1.1322762133,5.77756623,Solved
L?AA@BOTDcQWm_,22,5,5.6613810664,0.6613810664,1.1322762133,5.77218325,Solved
L?AA@BOTDcQWic,22,5,5.6613810661,0.6613810661,1.1322762132,5.75786714,Solved
L?AA@AODEoDcm_,20,5,5.6613810661,0.6613810661,1.1322762132,5.75496296,Solved
L?AA@AOTFODcRW,21,5,5.6613810661,0.6613810661,1.1322762132,5.76467639,Solved
L?AAD@OiDcBWCs,21,5,5.6613810660,0.6613810660,1.1322762132,5.77762549,Solved
L?AA@BOmBgEoqP,23,5,5.6613603014,0.6613603014,1.1322720603,5.74864972,Solved
L?AB?qQU@I\?JG,22,5,5.6613548391,0.6613548391,1.1322709678,5.80901102,Solved
L?AAD@oi`wZ?TS,24,5,5.6613491797,0.6613491797,1.1322698359,5.74273597,Solved
L?AB?qQU@WKgm?,22,5,5.6613439326,0.6613439326,1.1322687865,5.79117716,Solved
L?`@Cb_HQcBOBw,22,5,5.6613331771,0.6613331771,1.1322666354,5.81012817,Solved
L?AE@`gJAo@wcL,23,5,5.6613326379,0.6613326379,1.1322665276,5.79953733,Solved
L?ABA_gaQgqSJP,23,5,5.6613247540,0.6613247540,1.1322649508,5.78323221,Solved
L?AAD?wXCcboEs,23,5,5.6613232489,0.6613232489,1.1322646498,5.74812583,Solved
L?ABAaIeBWM_G[,23,5,5.6613073107,0.6613073107,1.1322614621,5.79322591,Solved
L?AB?qQU@WKg}?,23,5,5.6612889508,0.6612889508,1.1322577902,5.77459905,Solved
L?AAD?W\DSFoTQ,24,5,5.6612828212,0.6612828212,1.1322565642,5.74266364,Solved
L?AADBOL?k@YN_,22,5,5.6612805748,0.6612805748,1.1322561150,5.77433869,Solved
L?AAD?wXCcigy?,22,5,5.6612802964,0.6612802964,1.1322560593,5.74144691,Solved
L?AAD@OJ@cZ?VO,21,5,5.6612741135,0.6612741135,1.1322548227,5.74919579,Solved
L?AB?qQUBWKg}?,24,5,5.6612550322,0.6612550322,1.1322510064,5.78424318,Solved
L?`@Cb_HQcBoEg,22,5,5.6612158049,0.6612158049,1.1322431610,5.75230637,Solved
L?AB?qQU@I\?ZG,23,5,5.6612041361,0.6612041361,1.1322408272,5.81448558,Solved
L?ABA_ge@In_ea,24,5,5.6611998266,0.6611998266,1.1322399653,5.74796536,Solved
L?AAD?WLEOvOHi,23,5,5.6611998229,0.6611998229,1.1322399646,5.75430713,Solved
L?AAD@OJ@cH`ig,21,5,5.6611850837,0.6611850837,1.1322370167,5.74266095,Solved
L?ABAaIeBWM_H[,24,5,5.6611843079,0.6611843079,1.1322368616,5.77443442,Solved
L?AAD?w\AiFoia,25,5,5.6611759610,0.6611759610,1.1322351922,5.76001637,Solved
L?AA@AWT@SJ_as,21,5,5.6611532751,0.6611532751,1.1322306550,5.74791726,Solved
L?AB?poqFABoN?,23,5,5.6611134421,0.6611134421,1.1322226884,5.74292585,Solved
L?AAD?oZBgBoBw,23,5,5.6610396027,0.6610396027,1.1322079205,5.74834837,Solved
L?ABAaGRCsCkN?,22,5,5.6610254357,0.6610254357,1.1322050871,5.77777858,Solved
L?AAD?wX?sIgy?,21,5,5.6610235120,0.6610235120,1.1322047024,5.75068138,Solved
L?`@Cb_HOsYOBg,22,5,5.6610216681,0.6610216681,1.1322043336,5.81544626,Solved
L?AA@AWTDSJ_as,22,5,5.6610106217,0.6610106217,1.1322021243,5.75071307,Solved
L?AAD?W{?]N_VO,24,5,5.6609509294,0.6609509294,1.1321901859,5.75997596,Solved
L?AAD?wXF_BWec,23,5,5.6609182691,0.6609182691,1.1321836538,5.74518627,Solved
L?AAD?wX?k@w}?,22,5,5.6609141664,0.6609141664,1.1321828333,5.75277447,Solved
L?AADAoFDoHgBw,23,5,5.6608929707,0.6608929707,1.1321785941,5.76746192,Solved
L?AAD@OyAqAw^?,23,5,5.6608773644,0.6608773644,1.1321754729,5.74094115,Solved
L?AAD?sXAoBOak,21,5,5.6608677351,0.6608677351,1.1321735470,5.76185615,Solved
L?AAD?sXAoBOAk,20,5,5.6608677350,0.6608677350,1.1321735470,5.76255874,Solved
L?AAD?w\FOBgF_,23,5,5.6608605146,0.6608605146,1.1321721029,5.76658502,Solved
L?AAD@oR?VROkc,23,5,5.6607854973,0.6607854973,1.1321570995,5.74622785,Solved
L?AEB?o]@wBgBw,24,5,5.6607661675,0.6607661675,1.1321532335,5.80544522,Solved
L?AA@aHMBGBoeA,21,5,5.6607606944,0.6607606944,1.1321521389,5.76244358,Solved
L?AA@agUAYN_ka,24,5,5.6607588715,0.6607588715,1.1321517743,5.75463516,Solved
L?AADBOLAYN?Bw,23,5,5.6607432875,0.6607432875,1.1321486575,5.74787338,Solved
L?AAD?sX@s@Yec,23,5,5.6607415995,0.6607415995,1.1321483199,5.75498341,Solved
L?ABA_gaQwV?PL,23,5,5.6607315544,0.6607315544,1.1321463109,5.78655430,Solved
L?AA@bGyBWDoDk,24,5,5.6607315463,0.6607315463,1.1321463093,5.74881099,Solved
L?ABAaIMBWV?PL,24,5,5.6607315461,0.6607315461,1.1321463092,5.75751800,Solved
L?ABA_gaQHn_mA,24,5,5.6607313029,0.6607313029,1.1321462606,5.79255538,Solved
L?AA@awZDcJ_RQ,25,5,5.6607313018,0.6607313018,1.1321462604,5.74507891,Solved
L?AEB?c{AwDoFo,24,5,5.6607248339,0.6607248339,1.1321449668,5.75456536,Solved
L?ABAaIM@JZ?\G,24,5,5.6607139084,0.6607139084,1.1321427817,5.76765186,Solved
L?AAD?oZBg@[Fo,23,5,5.6606435904,0.6606435904,1.1321287181,5.76151571,Solved
L?AA@qoZF_Hck`,25,5,5.6606398590,0.6606398590,1.1321279718,5.77688077,Solved
L?AB?qQU@IDc}?,23,5,5.6606075489,0.6606075489,1.1321215098,5.80365454,Solved
L?AAD?sXBoAYFo,23,5,5.6605867503,0.6605867503,1.1321173501,5.78517617,Solved
L?AAD@WLdcHg\?,23,5,5.6605570483,0.6605570483,1.1321114097,5.77685986,Solved
L?AE@bGY@kF_RO,23,5,5.6605083636,0.6605083636,1.1321016727,5.76059305,Solved
L?ABA_gaOl]?LC,22,5,5.6604774253,0.6604774253,1.1320954851,5.77292083,Solved
L?ABA_gaOl]?\C,23,5,5.6604643676,0.6604643676,1.1320928735,5.76823982,Solved
L?ABAaIeB`CiBq,24,5,5.6604372472,0.6604372472,1.1320874494,5.75820920,Solved
L?AEB?o]@w@sFo,24,5,5.6604246847,0.6604246847,1.1320849369,5.77615240,Solved
L?AEB`oJ?]Z?L_,24,5,5.6603951925,0.6603951925,1.1320790385,5.75423459,Solved
L?AEB?o]AwAwBw,24,5,5.6603951923,0.6603951923,1.1320790385,5.76129085,Solved
L?AB?qQUAwSIXW,24,5,5.6603951898,0.6603951898,1.1320790380,5.74065041,Solved
L?AAD?sXAoROAk,21,5,5.6603925837,0.6603925837,1.1320785167,5.76406404,Solved
L?AEB?WeBHFO\?,22,5,5.6603851626,0.6603851626,1.1320770325,5.75416067,Solved
L?AADb_M?{J_Bw,24,5,5.6603460418,0.6603460418,1.1320692084,5.79961342,Solved
L?AAD?oNBgBWBw,23,5,5.6602827460,0.6602827460,1.1320565492,5.77506417,Solved
L?AE@bGyAwBoDg,24,5,5.6602678121,0.6602678121,1.1320535624,5.82266406,Solved
L?AAD?oy?]J_Fo,23,5,5.6602589610,0.6602589610,1.1320517922,5.77312384,Solved
L?AAD?oy?{J_Fo,23,5,5.6602589603,0.6602589603,1.1320517921,5.77348491,Solved
L?AAD@c\@s@[Fo,24,5,5.6602441616,0.6602441616,1.1320488323,5.75429617,Solved
L?AB?qQU@ILc}?,24,5,5.6602173629,0.6602173629,1.1320434726,5.80548397,Solved
L?AAD@OJ@cROVO,21,5,5.6602142924,0.6602142924,1.1320428585,5.78424368,Solved
L?AA@agU?lM_qQ,23,5,5.6601883771,0.6601883771,1.1320376754,5.79825731,Solved
L?AA@b_DnOBo^?,24,5,5.6601474982,0.6601474982,1.1320294996,5.83936623,Solved
L?AE@aoQVOAq^?,24,5,5.6601460197,0.6601460197,1.1320292039,5.74003027,Solved
L?AA@aHMBGR@N_,22,5,5.6601427021,0.6601427021,1.1320285404,5.76353899,Solved
L?AA@b_NBg@wFg,24,5,5.6601350930,0.6601350930,1.1320270186,5.80302309,Solved
L?AAD@W{AYEo^?,24,5,5.6601222667,0.6601222667,1.1320244533,5.74270713,Solved
L?AAD?sXDSQQ^?,23,5,5.6601070158,0.6601070158,1.1320214032,5.77812654,Solved
L?AAD@Oi?sHgL_,20,5,5.6600615062,0.6600615062,1.1320123012,5.76616415,Solved
L?AAD?sXBoBQFo,23,5,5.6600541096,0.6600541096,1.1320108219,5.74481813,Solved
L?AAD@oIaoFoBw,23,5,5.6600450636,0.6600450636,1.1320090127,5.77507877,Solved
L?AADBOL?k@]N_,23,5,5.6600385144,0.6600385144,1.1320077029,5.76222422,Solved
L?AAD?sX?sN?ak,22,5,5.6599975683,0.6599975683,1.1319995137,5.76716608,Solved
L?AAD?sX?sZ?Ak,21,5,5.6599791418,0.6599791418,1.1319958284,5.74604288,Solved
L?AADb_M?k@{^?,24,5,5.6599651341,0.6599651341,1.1319930268,5.76691613,Solved
L?AEB?s]?mFoyA,26,5,5.6599545175,0.6599545175,1.1319909035,5.82276288,Solved
L?AAD?wT@[UORP,23,5,5.6599508418,0.6599508418,1.1319901684,5.75899399,Solved
L?AADb_M?{@{^?,25,5,5.6599494877,0.6599494877,1.1319898975,5.79236742,Solved
L?AAD?w\FOAwFo,24,5,5.6599414820,0.6599414820,1.1319882964,5.79316883,Solved
L?AEB?c{AwFOBs,24,5,5.6599203167,0.6599203167,1.1319840633,5.79239200,Solved
L?AAD?W{DSL_TQ,23,5,5.6599119450,0.6599119450,1.1319823890,5.74764726,Solved
L?AA@b_Z@w@wFg,24,5,5.6598983287,0.6598983287,1.1319796657,5.74386816,Solved
L?AB?poq@IrON?,23,5,5.6598983252,0.6598983252,1.1319796650,5.74980169,Solved
L?ABAagF?{Z?gU,24,5,5.6598983251,0.6598983251,1.1319796650,5.76511501,Solved
L?AA@aHMBGBoea,22,5,5.6598757177,0.6598757177,1.1319751435,5.78850133,Solved
L?AE@`gFBgXGDg,23,5,5.6598693887,0.6598693887,1.1319738777,5.76861188,Solved
L?AAD?w\FOBwFo,25,5,5.6598645667,0.6598645667,1.1319729133,5.74834681,Solved
L?AAD?w\FOBgFo,24,5,5.6598645665,0.6598645665,1.1319729133,5.76432417,Solved
L?AAD?wT@[UOVO,23,5,5.6598645662,0.6598645662,1.1319729132,5.79834394,Solved
L?AAD?w\FO@wFo,24,5,5.6598645656,0.6598645656,1.1319729131,5.77878728,Solved
L?ABAaQHToL_u?,23,5,5.6598645624,0.6598645624,1.1319729125,5.77091241,Solved
L?AAD?w\FOBWFo,24,5,5.6598645616,0.6598645616,1.1319729123,5.74749341,Solved
L?AAD?w\FO@wFO,23,5,5.6598645615,0.6598645615,1.1319729123,5.80143257,Solved
L?AA@aHMBWZ?Lg,23,5,5.6598645613,0.6598645613,1.1319729123,5.75086856,Solved
L?AAD?w\FOBoFo,24,5,5.6598645606,0.6598645606,1.1319729121,5.77719631,Solved
L?AE@aoQQWCqu@,23,5,5.6598542987,0.6598542987,1.1319708597,5.75111343,Solved
L?AAD@OZ@wFOig,23,5,5.6598413517,0.6598413517,1.1319682703,5.77136083,Solved
L?AAD@OJ@sROVO,22,5,5.6598413512,0.6598413512,1.1319682702,5.75873251,Solved
L?AE@`gFEQEom?,23,5,5.6597926175,0.6597926175,1.1319585235,5.78858090,Solved
L?AE@`gFEQEo}?,24,5,5.6597892151,0.6597892151,1.1319578430,5.78867395,Solved
L?AAD?sX?sZ?ag,21,5,5.6597854371,0.6597854371,1.1319570874,5.77895209,Solved
L?AAD@OyAYTSBw,24,5,5.6597817023,0.6597817023,1.1319563405,5.76983468,Solved
L?AAD@OyDSHgBw,23,5,5.6597817004,0.6597817004,1.1319563401,5.77230193,Solved
L?ABA_Yef@TG}?,25,5,5.6597816969,0.6597816969,1.1319563394,5.74102070,Solved
L?AA@age@gHgaQ,21,5,5.6597816965,0.6597816965,1.1319563393,5.75771430,Solved
L?AA@BOTCsDUN_,23,5,5.6597816963,0.6597816963,1.1319563393,5.75596870,Solved
L?AA@BOT@TvON_,24,5,5.6597816958,0.6597816958,1.1319563392,5.74898877,Solved
L?AA@BOTCsBoIk,22,5,5.6597816952,0.6597816952,1.1319563390,5.75711710,Solved
L?AA@age@gHgqQ,22,5,5.6597816952,0.6597816952,1.1319563390,5.77253563,Solved
L?AAD@oREoBgBg,22,5,5.6597323766,0.6597323766,1.1319464753,5.77670371,Solved
L?AAD?sX?sZ?ak,22,5,5.6597254931,0.6597254931,1.1319450986,5.75679609,Solved
L?AEB?WVF_@wN_,24,5,5.6597073943,0.6597073943,1.1319414789,5.79746472,Solved
L?AAD@oREo@sVO,23,5,5.6596923468,0.6596923468,1.1319384694,5.74973425,Solved
L?AE@bGy?lM_N_,25,5,5.6596858593,0.6596858593,1.1319371719,5.80156613,Solved
L?AADAoFFODoDq,23,5,5.6596697957,0.6596697957,1.1319339591,5.76974106,Solved
L?AAD@oUOmJgyA,25,5,5.6596675424,0.6596675424,1.1319335085,5.74161436,Solved
L?AA@aHMBHBoea,23,5,5.6596529674,0.6596529674,1.1319305935,5.78543067,Solved
L?AADbGH`sF_UC,23,5,5.6596462381,0.6596462381,1.1319292476,5.78678795,Solved
L?AAD?wT@[JGIc,22,5,5.6595795647,0.6595795647,1.1319159129,5.79832021,Solved
L?AE@bGyBWAsN_,25,5,5.6595597517,0.6595597517,1.1319119503,5.82821505,Solved
L?AAD@oREoBgBw,23,5,5.6594925716,0.6594925716,1.1318985143,5.78224103,Solved
L?AA@AWT@S|?VO,22,5,5.6594737153,0.6594737153,1.1318947431,5.74700377,Solved
L?AAD?sXBoPSm_,23,5,5.6594665703,0.6594665703,1.1318933141,5.79648386,Solved
L?AE@`gFEQV?La,24,5,5.6594660615,0.6594660615,1.1318932123,5.77487377,Solved
L?AE@`HX@oZ?Dg,22,5,5.6594552997,0.6594552997,1.1318910599,5.78935286,Solved
L?AAD`omDS@[TB,25,5,5.6594356533,0.6594356533,1.1318871307,5.80184248,Solved
L?AE@`gFEQ^?La,25,5,5.6594322663,0.6594322663,1.1318864533,5.78163299,Solved
L?AADAwVAi^?ia,26,5,5.6594289345,0.6594289345,1.1318857869,5.76456957,Solved
L?AADBWkaw^?RS,26,5,5.6594289310,0.6594289310,1.1318857862,5.75125829,Solved
L?AEB?s]F_@wFo,25,5,5.6594073475,0.6594073475,1.1318814695,5.81654876,Solved
L?AA@AWTFOHgic,22,5,5.6594070342,0.6594070342,1.1318814068,5.74025693,Solved
L?AADb_]@[BoBo,24,5,5.6594040530,0.6594040530,1.1318808106,5.80439998,Solved
L?AAD?sXAoROak,22,5,5.6593942044,0.6593942044,1.1318788409,5.76514779,Solved
L?AAD?wTFOJgFo,24,5,5.6593660247,0.6593660247,1.1318732049,5.74414486,Solved
L?AAD@OJ@cRORA,20,5,5.6593456941,0.6593456941,1.1318691388,5.76963874,Solved
L?AEB?s]Do@wEo,24,5,5.6593360145,0.6593360145,1.1318672029,5.75346586,Solved
L?AA@qoR@cl_N_,24,5,5.6593207659,0.6593207659,1.1318641532,5.76462800,Solved
L?AA@b_J`wJ_Bw,24,5,5.6593204245,0.6593204245,1.1318640849,5.74277255,Solved
L?AE@`gU?lXG^?,24,5,5.6593204216,0.6593204216,1.1318640843,5.74555350,Solved
L?AE@`HX@oZ?Lg,23,5,5.6592907118,0.6592907118,1.1318581424,5.77631773,Solved
L?ABAaIMEoMcHY,25,5,5.6592741199,0.6592741199,1.1318548240,5.76570429,Solved
L?AAD@cHdoJGsC,22,5,5.6592429341,0.6592429341,1.1318485868,5.74145033,Solved
L?AE@_wXF_@wF_,23,5,5.6592150367,0.6592150367,1.1318430073,5.78326602,Solved
L?AAD@W[@WEoBc,21,5,5.6591923640,0.6591923640,1.1318384728,5.78422552,Solved
L?AEB?s]Do@wFO,24,5,5.6591740014,0.6591740014,1.1318348003,5.78597949,Solved
L?AADbGH`wN?Lg,24,5,5.6591276219,0.6591276219,1.1318255244,5.78509597,Solved
L?AADAoFFOFoDq,24,5,5.6591244327,0.6591244327,1.1318248865,5.77786970,Solved
L?AEB?s]Do@wDo,24,5,5.6591043885,0.6591043885,1.1318208777,5.75713674,Solved
L?AEB?s]Do@wFo,25,5,5.6591043696,0.6591043696,1.1318208739,5.76281288,Solved
L?AB?poq?wCiag,22,5,5.6590924873,0.6590924873,1.1318184975,5.74383784,Solved
L?AADBOX@K@We_,20,5,5.6590116967,0.6590116967,1.1318023393,5.74372387,Solved
L?AAD?s]F_@wN_,24,5,5.6589962796,0.6589962796,1.1317992559,5.78367717,Solved
L?AAD@oREo@{VO,24,5,5.6589579242,0.6589579242,1.1317915848,5.74193024,Solved
L?ABA_gaPg}?Dk,23,5,5.6589371217,0.6589371217,1.1317874243,5.77320600,Solved
L?AE@`gNF_@wN_,25,5,5.6589065386,0.6589065386,1.1317813077,5.76095921,Solved
L?AE@`gN@kXG}?,25,5,5.6589065377,0.6589065377,1.1317813075,5.79040415,Solved
L?AA@r_{AwBsFg,26,5,5.6589018153,0.6589018153,1.1317803631,5.74345290,Solved
L?AA@qoZ@kHck`,25,5,5.6589018104,0.6589018104,1.1317803621,5.74853960,Solved
L?AA@r_{AwBoFg,25,5,5.6589018099,0.6589018099,1.1317803620,5.79602621,Solved
L?AAD@oUTc^?RQ,25,5,5.6588999938,0.6588999938,1.1317799988,5.75588382,Solved
L?AEB?s]DoBoFo,25,5,5.6588675254,0.6588675254,1.1317735051,5.74841202,Solved
L?AAD?sXBoROak,23,5,5.6588527357,0.6588527357,1.1317705471,5.76605009,Solved
L?AE@`gJBo@wcL,24,5,5.6588479316,0.6588479316,1.1317695863,5.80897097,Solved
L?AADBWNBoBgFo,25,5,5.6588476347,0.6588476347,1.1317695269,5.74844319,Solved
L?AAD?sXEoROak,23,5,5.6588476330,0.6588476330,1.1317695266,5.74840890,Solved
L?AAD@oI_iRO^?,22,5,5.6588399372,0.6588399372,1.1317679874,5.77845890,Solved
L?AA@aHMBGFoea,23,5,5.6588378066,0.6588378066,1.1317675613,5.78000350,Solved
L?AEBAw]@wBoFo,26,5,5.6588087004,0.6588087004,1.1317617401,5.76883649,Solved
L?AAD?W\FOJgDq,24,5,5.6588034208,0.6588034208,1.1317606842,5.75165555,Solved
L?AAD`kMdcJ_RO,25,5,5.6588029870,0.6588029870,1.1317605974,5.78128824,Solved
L?AADb_B_tF_}?,24,5,5.6588029853,0.6588029853,1.1317605971,5.81842804,Solved
L?AADb_]@[@wN_,25,5,5.6588029836,0.6588029836,1.1317605967,5.78950698,Solved
L?AEBAw]@wAwFo,26,5,5.6588029831,0.6588029831,1.1317605966,5.77332545,Solved
L?AADb_]@s@wN_,25,5,5.6588029829,0.6588029829,1.1317605966,5.78013741,Solved
L?AEBAw]@wBgFo,26,5,5.6588029814,0.6588029814,1.1317605963,5.75383599,Solved
L?AE@_wXEoXGL`,24,5,5.6588029811,0.6588029811,1.1317605962,5.78089713,Solved
L?ABAaQHRoZ?ZG,24,5,5.6588029811,0.6588029811,1.1317605962,5.82339162,Solved
L?AADb_]@w@wN_,25,5,5.6588029809,0.6588029809,1.1317605962,5.79493044,Solved
L?AA@BOm?yFOBw,23,5,5.6587679219,0.6587679219,1.1317535844,5.74022169,Solved
L?AAD@OJ?sM_Hg,20,5,5.6587449271,0.6587449271,1.1317489854,5.76895841,Solved
L?AEB?WMBHEoaR,23,5,5.6587292156,0.6587292156,1.1317458431,5.74885843,Solved
L?AAD?oeAg@oRG,19,5,5.6587212978,0.6587212978,1.1317442596,5.74453682,Solved
L?AADb_B_xN?Z?,23,5,5.6587141704,0.6587141704,1.1317428341,5.77972746,Solved
L?AEB?WMBgCsaR,23,5,5.6587086629,0.6587086629,1.1317417326,5.78113111,Solved
L?AAD?oeBGBgN_,21,5,5.6587045627,0.6587045627,1.1317409125,5.74351669,Solved
L?AAD?sX@sBQ^?,23,5,5.6586929423,0.6586929423,1.1317385885,5.74210364,Solved
L?AAD@W[?s@oac,20,5,5.6586824130,0.6586824130,1.1317364826,5.75258305,Solved
L?AA@aHMBHFoea,24,5,5.6586058462,0.6586058462,1.1317211692,5.78241616,Solved
L?AEB?s]F_AwFo,25,5,5.6586006979,0.6586006979,1.1317201396,5.79444752,Solved
L?AAD?wT@[Bgic,23,5,5.6585374091,0.6585374091,1.1317074818,5.80852594,Solved
L?AAD?oeBGFoFo,22,5,5.6585290495,0.6585290495,1.1317058099,5.74280459,Solved
L?AE@`gNEQ^?La,26,5,5.6585174232,0.6585174232,1.1317034846,5.78275918,Solved
L?AE@`gN?]Fo{A,26,5,5.6585174231,0.6585174231,1.1317034846,5.75621535,Solved
L?AEB?WeBHEoZ?,22,5,5.6585081315,0.6585081315,1.1317016263,5.74133037,Solved
L?AAD?wTCSbgN_,23,5,5.6585073035,0.6585073035,1.1317014607,5.78737026,Solved
L?AAD@oedcBgBw,24,5,5.6584370684,0.6584370684,1.1316874137,5.74082852,Solved
L?AADBOL?u@w^?,23,5,5.6584320359,0.6584320359,1.1316864072,5.75774591,Solved
L?AADBOL?{@w}?,23,5,5.6582835362,0.6582835362,1.1316567072,5.79236741,Solved
L?AA@AWTBoHgic,22,5,5.6582691469,0.6582691469,1.1316538294,5.74793908,Solved
L?AAD`KN@kSSV@,25,5,5.6582649722,0.6582649722,1.1316529944,5.77944791,Solved
L?AADbGHfOAsN_,24,5,5.6582417397,0.6582417397,1.1316483479,5.80276124,Solved
L?AEB?WeBHM_N_,23,5,5.6582032007,0.6582032007,1.1316406401,5.74144569,Solved
L?AAFBOm?]FOFo,25,5,5.6581826396,0.6581826396,1.1316365279,5.80735221,Solved
L?AAD?wX?{Aw}?,23,5,5.6581750312,0.6581750312,1.1316350062,5.75041343,Solved
L?AAD@OI?{M_Jg,21,5,5.6581412555,0.6581412555,1.1316282511,5.77845265,Solved
L?AA@AWTFOTQVO,23,5,5.6581287116,0.6581287116,1.1316257423,5.74345465,Solved
L?AAD?wT@SdoVO,23,5,5.6581269051,0.6581269051,1.1316253810,5.80100513,Solved
L?AAD@Oi?sEoFo,21,5,5.6580974085,0.6580974085,1.1316194817,5.75191844,Solved
L?AAD?oFBWHKm_,22,5,5.6580905463,0.6580905463,1.1316181093,5.75143454,Solved
L?AAD?wT?{Hgm_,23,5,5.6580704911,0.6580704911,1.1316140982,5.79073949,Solved
L?AADb_]@wBoBw,25,5,5.6580432753,0.6580432753,1.1316086551,5.82953565,Solved
L?AAD?oFEoDoBw,22,5,5.6579642891,0.6579642891,1.1315928578,5.75866803,Solved
L?AAD?w\FOBoDq,24,5,5.6579497923,0.6579497923,1.1315899585,5.78151328,Solved
L?AAD?oFBWVORW,23,5,5.6579314829,0.6579314829,1.1315862966,5.74588622,Solved
L?AAD?oZ?{J_Bw,23,5,5.6579060989,0.6579060989,1.1315812198,5.75293178,Solved
L?`@Cb_Ddg?{QF,24,5,5.6578546626,0.6578546626,1.1315709325,5.76527498,Solved
L?`@Cb_HQcBOAM,21,5,5.6578387506,0.6578387506,1.1315677501,5.75591719,Solved
L?AAD?oV?{M_Bw,23,5,5.6577976416,0.6577976416,1.1315595283,5.79402276,Solved
L?AAD?oZBoBoBw,23,5,5.6577970121,0.6577970121,1.1315594024,5.75321793,Solved
L?AADbGHhwN?Lg,25,5,5.6577958290,0.6577958290,1.1315591658,5.74930824,Solved
L?AEB?WVF_DoBq,24,5,5.6577734010,0.6577734010,1.1315546802,5.78407904,Solved
L?AAD@oIaiROZ?,22,5,5.6577353636,0.6577353636,1.1315470727,5.77551815,Solved
L?`@Cb_HQc@oDg,21,5,5.6577340280,0.6577340280,1.1315468056,5.76775663,Solved
L?AAD?oyBWAwN_,23,5,5.6576796100,0.6576796100,1.1315359220,5.77363360,Solved
L?AADbGHhw^?Lg,26,5,5.6576424459,0.6576424459,1.1315284892,5.74498193,Solved
L?ABCeWU@WL_OY,23,5,5.6576231272,0.6576231272,1.1315246254,5.74315124,Solved
L?AEF@oV?]Bo}?,26,5,5.6576194711,0.6576194711,1.1315238942,5.84169739,Solved
L?AAD@oMbg@[Fo,24,5,5.6576165829,0.6576165829,1.1315233166,5.75050917,Solved
L?AA@b_ZBgBoBw,24,5,5.6576028379,0.6576028379,1.1315205676,5.75908880,Solved
L?AAD?oNBW@[Fo,23,5,5.6575845201,0.6575845201,1.1315169040,5.74754486,Solved
L?ABAaIe@wJ_H[,24,5,5.6575656164,0.6575656164,1.1315131233,5.77711311,Solved
L?`@Cb_D_xDIob,24,5,5.6575586030,0.6575586030,1.1315117206,5.75474052,Solved
L?AA@b_NDcBoBw,24,5,5.6575379199,0.6575379199,1.1315075840,5.75473650,Solved
L?AA@r_{BWBoFG,24,5,5.6575171407,0.6575171407,1.1315034281,5.77264588,Solved
L?AA@AODEoTOZG,20,5,5.6574951757,0.6574951757,1.1314990351,5.75332966,Solved
L?AA@AODFOVOJg,21,5,5.6574951742,0.6574951742,1.1314990348,5.74144254,Solved
L?AA@AOTFO@kaS,20,5,5.6574951730,0.6574951730,1.1314990346,5.76357939,Solved
L?AAD@OI@cBWQQ,19,5,5.6574951729,0.6574951729,1.1314990346,5.76987160,Solved
L?AAD@OICcEoXA,19,5,5.6574951720,0.6574951720,1.1314990344,5.76036404,Solved
L?AA@AODEoDSZG,20,5,5.6574951715,0.6574951715,1.1314990343,5.74242731,Solved
L?AAD@Oi@cBWQQ,20,5,5.6574951714,0.6574951714,1.1314990343,5.76732681,Solved
L?AE@`HKiYL_N_,25,5,5.6574805497,0.6574805497,1.1314961099,5.77970556,Solved
L?AE@`HB`[M_KK,23,5,5.6574641227,0.6574641227,1.1314928245,5.74913957,Solved
L?AAD@OI?{N_Jg,22,5,5.6574352782,0.6574352782,1.1314870556,5.76714208,Solved
L?AADbGH`sBoeC,23,5,5.6574129057,0.6574129057,1.1314825811,5.76845324,Solved
L?AAD?wT?]TOVO,23,5,5.6573901174,0.6573901174,1.1314780235,5.74168193,Solved
L?AADbGH`sBouC,24,5,5.6573395309,0.6573395309,1.1314679062,5.78910855,Solved
L?AB?poq?kj_gR,24,5,5.6572972172,0.6572972172,1.1314594434,5.79312385,Solved
L?AB?qQU@WKk}?,24,5,5.6572877075,0.6572877075,1.1314575415,5.77894234,Solved
L?AAD?wT@SboVO,23,5,5.6572710768,0.6572710768,1.1314542154,5.80361555,Solved
L?AE@`gF?l[A^?,24,5,5.6572163999,0.6572163999,1.1314432800,5.79184849,Solved
L?AB?rOLBO@soT,23,5,5.6571949466,0.6571949466,1.1314389893,5.79122249,Solved
L?AAFBOm?mFOFo,25,5,5.6571924613,0.6571924613,1.1314384923,5.77881135,Solved
L?AA@_geBGpWN_,22,5,5.6571847800,0.6571847800,1.1314369560,5.74529444,Solved
L?AAD?W{DSN_TQ,24,5,5.6571787017,0.6571787017,1.1314357403,5.74661335,Solved
L?AA@AWT@Sn?VO,22,5,5.6571658387,0.6571658387,1.1314331677,5.74539331,Solved
L?AAD@oRDSF_cc,22,5,5.6570460020,0.6570460020,1.1314092004,5.74997664,Solved
L?AEAGoI@oXCDc,20,5,5.6570421319,0.6570421319,1.1314084264,5.76953924,Solved
L?AEAGoIEPAq^?,22,5,5.6570421295,0.6570421295,1.1314084259,5.77458896,Solved
L?AB?poq@Il_cb,24,5,5.6570094879,0.6570094879,1.1314018976,5.78648290,Solved
L?AAD@OJDo@kag,21,5,5.6569253654,0.6569253654,1.1313850731,5.75923110,Solved
L?AA@AOTDS^?ZG,22,5,5.6569253642,0.6569253642,1.1313850728,5.77695105,Solved
L?AAD?oeBG@kaI,20,5,5.6569253620,0.6569253620,1.1313850724,5.78781981,Solved
L?AAD?wXCcIg{?,21,5,5.6569253619,0.6569253619,1.1313850724,5.79023438,Solved
L?AAD?oeBG@kai,21,5,5.6569253609,0.6569253609,1.1313850722,5.76376510,Solved
L?AAD@oR?sZ?Bw,22,5,5.6569253607,0.6569253607,1.1313850721,5.74423980,Solved
L?AA@BOTDoEoJg,22,5,5.6569253605,0.6569253605,1.1313850721,5.80460923,Solved
L?AA@BOTCcF_ic,21,5,5.6569253603,0.6569253603,1.1313850721,5.79389574,Solved
L?AA@AOTBoVOIk,22,5,5.6569253601,0.6569253601,1.1313850720,5.78328396,Solved
L?AA@AWT@[L_ic,22,5,5.6569253586,0.6569253586,1.1313850717,5.79556800,Solved
L?AA@AOTEoTOZG,21,5,5.6569253582,0.6569253582,1.1313850716,5.78816591,Solved
L?AAD@OJEoTCVO,22,5,5.6569253577,0.6569253577,1.1313850715,5.80193174,Solved
L?AA@AOT?{N?ic,21,5,5.6569253566,0.6569253566,1.1313850713,5.78211542,Solved
L?AAD@oR?s@s}?,22,5,5.6569253565,0.6569253565,1.1313850713,5.74491949,Solved
L?AA@AOTCsN?Ik,21,5,5.6569253559,0.6569253559,1.1313850712,5.79136538,Solved
L?AAD@W[CSbWk_,22,5,5.6569253559,0.6569253559,1.1313850712,5.76049067,Solved
L?AAD@oR?sZ?Bg,21,5,5.6569253558,0.6569253558,1.1313850712,5.75777921,Solved
L?AADBOLBWIgk_,22,5,5.6569253558,0.6569253558,1.1313850712,5.76968343,Solved
L?AAD@OyCsJGig,23,5,5.6569253555,0.6569253555,1.1313850711,5.76519763,Solved
L?AA@AOTBoTQN_,22,5,5.6569253551,0.6569253551,1.1313850710,5.76556998,Solved
L?AA@AOTEoDSZG,21,5,5.6569253550,0.6569253550,1.1313850710,5.78270340,Solved
L?AADBOL@[Igk_,22,5,5.6569253549,0.6569253549,1.1313850710,5.80515520,Solved
L?AA@_geBGboaq,22,5,5.6569025913,0.6569025913,1.1313805183,5.74917682,Solved
L?AAD@Oy?{Awm_,23,5,5.6568724577,0.6568724577,1.1313744915,5.76032151,Solved
L?AA@AWTBoJgic,23,5,5.6568551409,0.6568551409,1.1313710282,5.75227014,Solved
L?AAD?oNBWHKm_,23,5,5.6567840970,0.6567840970,1.1313568194,5.74164824,Solved
L?AAD@OyDSCs^?,23,5,5.6567479319,0.6567479319,1.1313495864,5.74420586,Solved
L?AAD?oNBWRORW,23,5,5.6567335658,0.6567335658,1.1313467132,5.74316179,Solved
L?AAD@oR?VAw^?,23,5,5.6567074466,0.6567074466,1.1313414893,5.74847152,Solved
L?AAD?W{DsFoBs,25,5,5.6566717856,0.6566717856,1.1313343571,5.74852247,Solved
L?AAD?wX?k]?ec,22,5,5.6566454328,0.6566454328,1.1313290866,5.75372371,Solved
L?AAD?wLEOIgk_,21,5,5.6566418726,0.6566418726,1.1313283745,5.75276005,Solved
L?ABA_gaOwIcm?,21,5,5.6566213231,0.6566213231,1.1313242646,5.75702885,Solved
L?AAD?wT?Um_ic,23,5,5.6566155586,0.6566155586,1.1313231117,5.75002944,Solved
L?AAD@OyDSBoDs,23,5,5.6566089046,0.6566089046,1.1313217809,5.74883329,Solved
L?AAD@OyDS@s^?,23,5,5.6565798525,0.6565798525,1.1313159705,5.74223084,Solved
L?AAD@oI_\Hgm_,23,5,5.6565562945,0.6565562945,1.1313112589,5.74197960,Solved
L?AAD?oZBoHcCt,23,5,5.6565465238,0.6565465238,1.1313093048,5.74541402,Solved
L?ABAaIMAhTGy?,23,5,5.6564719225,0.6564719225,1.1312943845,5.76281549,Solved
L?AAD?wT?]TON_,23,5,5.6564509943,0.6564509943,1.1312901989,5.74351715,Solved
L?AAD?sX@sQQEs,23,5,5.6564485292,0.6564485292,1.1312897058,5.74524078,Solved
L?AB?qQU@I\?wO,22,5,5.6563418248,0.6563418248,1.1312683650,5.75965631,Solved
L?ABA_gaOwV?TK,22,5,5.6563364767,0.6563364767,1.1312672953,5.76834420,Solved
L?AAD@W[?[BoSQ,21,5,5.6563319722,0.6563319722,1.1312663944,5.75125509,Solved
L?AAD?wLEOaw^?,23,5,5.6563274366,0.6563274366,1.1312654873,5.76002923,Solved
L?AB?poq?kf_oR,24,5,5.6563240499,0.6563240499,1.1312648100,5.79586270,Solved
L?AADAoFDoJgBw,24,5,5.6562646932,0.6562646932,1.1312529386,5.74171004,Solved
L?ABAaGBdAmCDg,22,5,5.6562390275,0.6562390275,1.1312478055,5.78080257,Solved
L?AAD?oNEoBoBw,23,5,5.6562312835,0.6562312835,1.1312462567,5.75694489,Solved
L?AAD?oZBoRORW,23,5,5.6562312818,0.6562312818,1.1312462564,5.74194746,Solved
L?AAD?wT@Sm_At,23,5,5.6562007610,0.6562007610,1.1312401522,5.75026362,Solved
L?ABAaIU@gCk{?,22,5,5.6561673926,0.6561673926,1.1312334785,5.74883849,Solved
L?AA@r_{BWBcFg,25,5,5.6561382170,0.6561382170,1.1312276434,5.77513918,Solved
L?ABAaGBf?cke_,22,5,5.6561350947,0.6561350947,1.1312270189,5.78476039,Solved
L?AADAwV@sIgZ?,24,5,5.6561296195,0.6561296195,1.1312259239,5.74891205,Solved
L?AAD?wLAwAwqD,23,5,5.6560865116,0.6560865116,1.1312173023,5.75484574,Solved
L?`@Cb_HQoBO?y,21,5,5.6560825519,0.6560825519,1.1312165104,5.76635785,Solved
L?AAD@Oi?sEoVO,21,5,5.6560764846,0.6560764846,1.1312152969,5.77583418,Solved
L?AAD@W{BWBWFO,23,5,5.6560648506,0.6560648506,1.1312129701,5.75466932,Solved
L?AA@BOm?{M_Jg,23,5,5.6560582046,0.6560582046,1.1312116409,5.79088128,Solved
L?AA@AWTBoBoic,22,5,5.6560582041,0.6560582041,1.1312116408,5.80337550,Solved
L?AA@AWTBoTQN_,23,5,5.6560582020,0.6560582020,1.1312116404,5.78856226,Solved
L?AA@AWT@[N_ic,23,5,5.6560582002,0.6560582002,1.1312116400,5.79762593,Solved
L?AA@BOTCoFoJg,22,5,5.6560581992,0.6560581992,1.1312116398,5.81150029,Solved
L?AA@BOTDoFoJg,23,5,5.6560581992,0.6560581992,1.1312116398,5.79669910,Solved
L?AAD?wLAQ}?VO,23,5,5.6560581982,0.6560581982,1.1312116396,5.80647476,Solved
L?AAD@W[?UfOFO,22,5,5.6560581980,0.6560581980,1.1312116396,5.75343230,Solved
L?AA@bGyBgFOLg,24,5,5.6560581976,0.6560581976,1.1312116395,5.74043703,Solved
L?AA@BOTCsF_ic,22,5,5.6560581974,0.6560581974,1.1312116395,5.80978080,Solved
L?AAD@W[@sBgBs,23,5,5.6560581973,0.6560581973,1.1312116395,5.75667634,Solved
L?AAD?sXDo@Yec,23,5,5.6560581973,0.6560581973,1.1312116395,5.76535140,Solved
L?AAD?wTDOm_At,23,5,5.6560581968,0.6560581968,1.1312116394,5.77534987,Solved
L?AA@AWT?{]?Bp,22,5,5.6560581951,0.6560581951,1.1312116390,5.75894799,Solved
L?AAD?oy@wHKVO,23,5,5.6560581947,0.6560581947,1.1312116389,5.80856991,Solved
L?AAD?wLAQ|?Db,23,5,5.6560581944,0.6560581944,1.1312116389,5.75454744,Solved
L?ABA_gaQHn?ea,23,5,5.6560581939,0.6560581939,1.1312116388,5.75597191,Solved
L?AAF@cE_mV?L_,23,5,5.6560581939,0.6560581939,1.1312116388,5.74406921,Solved
L?AAD?oFBg@kai,22,5,5.6560581930,0.6560581930,1.1312116386,5.77671686,Solved
L?AAD?oy@wIgRW,23,5,5.6560581929,0.6560581929,1.1312116386,5.79504236,Solved
L?AA@AWT@[J_ic,22,5,5.6560581927,0.6560581927,1.1312116385,5.81286327,Solved
L?AAD@W[@WEoBs,22,5,5.6560551041,0.6560551041,1.1312110208,5.77265073,Solved
L?AEB?c{?]N_N_,25,5,5.6560082804,0.6560082804,1.1312016561,5.78316701,Solved
L?AE@`gJFO@wN_,24,5,5.6559989169,0.6559989169,1.1311997834,5.75539513,Solved
L?AAD@OJ@kN?Bw,22,5,5.6559950412,0.6559950412,1.1311990082,5.78833029,Solved
L?AAD@OZBgPSJg,23,5,5.6559751561,0.6559751561,1.1311950312,5.74119208,Solved
L?AAD@wMawROVO,25,5,5.6559502472,0.6559502472,1.1311900494,5.75167223,Solved
L?AAD@OJ@sAwk_,21,5,5.6559469655,0.6559469655,1.1311893931,5.74285116,Solved
L?AAD@Oi?sJGBw,21,5,5.6559371706,0.6559371706,1.1311874341,5.74667867,Solved
L?AAD@Oi@kFOVO,22,5,5.6559332078,0.6559332078,1.1311866416,5.74982940,Solved
L?ABAaIU@IEc{?,22,5,5.6559193419,0.6559193419,1.1311838684,5.74112075,Solved
L?AA@BOm@w@wFo,23,5,5.6559193412,0.6559193412,1.1311838682,5.75229670,Solved
L?ABAaGBdAas[K,23,5,5.6559148269,0.6559148269,1.1311829654,5.78536317,Solved
L?AAD@W[?wPQF_,21,5,5.6558948377,0.6558948377,1.1311789675,5.74086335,Solved
L?AAFBOm@[FOJg,25,5,5.6558753821,0.6558753821,1.1311750764,5.80041982,Solved
L?AAD@OJBo@kig,22,5,5.6558639285,0.6558639285,1.1311727857,5.74956752,Solved
L?AADbGX?sL_ec,23,5,5.6558420656,0.6558420656,1.1311684131,5.76053293,Solved
L?ABAaIe@wN?H[,24,5,5.6558319717,0.6558319717,1.1311663943,5.77240706,Solved
L?ABAaIeBoN_H[,25,5,5.6558185802,0.6558185802,1.1311637160,5.77383152,Solved
L?AAD?sX?suOA{,23,5,5.6557985857,0.6557985857,1.1311597171,5.77677124,Solved
L?ABAagF?lTG]?,23,5,5.6557961605,0.6557961605,1.1311592321,5.76529543,Solved
L?AADb_u?{FOFg,25,5,5.6557859987,0.6557859987,1.1311571997,5.79607059,Solved
L?AAD?wTDObgN_,23,5,5.6557712523,0.6557712523,1.1311542505,5.78631389,Solved
L?ABA_gaOkz?\C,23,5,5.6557687334,0.6557687334,1.1311537467,5.74866377,Solved
L?AAD?sX?sPS}?,22,5,5.6557564893,0.6557564893,1.1311512979,5.78590152,Solved
L?AAD@oIaiRO^?,23,5,5.6557399690,0.6557399690,1.1311479938,5.78938708,Solved
L?AEB?s]?mN_qI,26,5,5.6557238403,0.6557238403,1.1311447681,5.76842260,Solved
L?AAFBOm?yFOFo,25,5,5.6557098928,0.6557098928,1.1311419786,5.74816413,Solved
L?AAFBOm@sBwFo,26,5,5.6557098872,0.6557098872,1.1311419774,5.74208867,Solved
L?AAFBOm?uFOFo,25,5,5.6557098868,0.6557098868,1.1311419774,5.76681101,Solved
L?AAD?sX?sPU}?,23,5,5.6556919707,0.6556919707,1.1311383941,5.75082734,Solved
L?AA@AOTCsLCIk,21,5,5.6556902542,0.6556902542,1.1311380508,5.76227712,Solved
L?AADBOX?{Eocc,22,5,5.6556902538,0.6556902538,1.1311380508,5.77024319,Solved
L?AAD?oeEPL_RW,22,5,5.6556902517,0.6556902517,1.1311380503,5.76735156,Solved
L?AADBOX?sEocc,21,5,5.6556902514,0.6556902514,1.1311380503,5.76934390,Solved
L?AA@AOTFOTQJg,22,5,5.6556902514,0.6556902514,1.1311380503,5.75665166,Solved
L?AA@AOT?{\?ic,21,5,5.6556902513,0.6556902513,1.1311380503,5.74866682,Solved
L?AA@AOTDoDcaS,20,5,5.6556902487,0.6556902487,1.1311380497,5.75348368,Solved
L?AADBOX@sEocc,22,5,5.6556902483,0.6556902483,1.1311380497,5.76457179,Solved
L?`@Cb_HQcAsl?,22,5,5.6556902477,0.6556902477,1.1311380495,5.77525765,Solved
L?AADBOXBWAwce,23,5,5.6556902469,0.6556902469,1.1311380494,5.76538280,Solved
L?AA@AOTDo@kaS,20,5,5.6556902463,0.6556902463,1.1311380493,5.75099654,Solved
L?AA@AODEoFoYK,21,5,5.6556902462,0.6556902462,1.1311380492,5.74825588,Solved
L?AAD?oeBW@kqG,21,5,5.6556902459,0.6556902459,1.1311380492,5.76797331,Solved
L?AAD@c\DcA[N_,24,5,5.6556874871,0.6556874871,1.1311374974,5.76324172,Solved
L?AA@BOmDcJ_Jg,23,5,5.6556874865,0.6556874865,1.1311374973,5.78262543,Solved
L?AAD@c\DcA[VO,24,5,5.6556874861,0.6556874861,1.1311374972,5.77985224,Solved
L?AA@AWTFOTQN_,23,5,5.6556874845,0.6556874845,1.1311374969,5.76604211,Solved
L?AAD?oeEP@kLa,22,5,5.6556874844,0.6556874844,1.1311374969,5.74636656,Solved
L?AA@BOJKsM_N_,23,5,5.6556874844,0.6556874844,1.1311374969,5.76598496,Solved
L?AAD@oicsJGAw,23,5,5.6556874839,0.6556874839,1.1311374968,5.77509946,Solved
L?AA@BOTBoVOJg,23,5,5.6556874836,0.6556874836,1.1311374967,5.76558074,Solved
L?AAD@c\DcA[y@,24,5,5.6556874834,0.6556874834,1.1311374967,5.75529524,Solved
L?AAD@c\DcA[ak,24,5,5.6556874834,0.6556874834,1.1311374967,5.76712764,Solved
L?AA@AOTBwTQJg,23,5,5.6556874832,0.6556874832,1.1311374966,5.76078896,Solved
L?AAD@c\DcA[Z@,24,5,5.6556874832,0.6556874832,1.1311374966,5.75829742,Solved
L?AAD@c\DcA[m_,24,5,5.6556874832,0.6556874832,1.1311374966,5.78465642,Solved
L?AA@AOTCsN_Ik,22,5,5.6556874827,0.6556874827,1.1311374965,5.77031277,Solved
L?AA@AOTAwROIk,21,5,5.6556874821,0.6556874821,1.1311374964,5.75531158,Solved
L?AA@AOTAwVOIk,22,5,5.6556874820,0.6556874820,1.1311374964,5.76009098,Solved
L?AAD@c\DcBWCw,23,5,5.6556874817,0.6556874817,1.1311374963,5.78177972,Solved
L?AAD@oIeoBWSS,22,5,5.6556874817,0.6556874817,1.1311374963,5.77099769,Solved
L?AAD?wLAQz?VO,23,5,5.6556874816,0.6556874816,1.1311374963,5.78614817,Solved
L?AA@BOJG{M_m_,23,5,5.6556874816,0.6556874816,1.1311374963,5.75994558,Solved
L?AAD?oyBWPSBw,23,5,5.6556874805,0.6556874805,1.1311374961,5.76459882,Solved
L?AAD@c\DcA[A{,24,5,5.6556874804,0.6556874804,1.1311374961,5.74568081,Solved
L?AAD@c\DcA[RB,24,5,5.6556874799,0.6556874799,1.1311374960,5.76673867,Solved
L?AAD@c\DcA[A],24,5,5.6556874799,0.6556874799,1.1311374960,5.75485728,Solved
L?AAD@OyAqBWig,23,5,5.6556874797,0.6556874797,1.1311374959,5.77614132,Solved
L?ABA_giRoQSe_,23,5,5.6556874796,0.6556874796,1.1311374959,5.76642265,Solved
L?AAD@c\DcA[^?,24,5,5.6556874793,0.6556874793,1.1311374959,5.77175123,Solved
L?AAD@c\DcA[Fo,24,5,5.6556874791,0.6556874791,1.1311374958,5.76700709,Solved
L?AAD@OyAqDoHi,23,5,5.6556874787,0.6556874787,1.1311374957,5.74358931,Solved
L?AAD?oy@[HKBw,23,5,5.6556874785,0.6556874785,1.1311374957,5.77632732,Solved
L?AAD?wLEoBgQS,22,5,5.6556874784,0.6556874784,1.1311374957,5.79116296,Solved
L?AAD@oIaoBWSS,21,5,5.6556874782,0.6556874782,1.1311374956,5.77489311,Solved
L?AA@AWT?{\?ic,22,5,5.6556874781,0.6556874781,1.1311374956,5.77813385,Solved
L?AAD@c\DcA[}?,24,5,5.6556874777,0.6556874777,1.1311374955,5.74975231,Solved
L?AE@b_JboBoBw,25,5,5.6556813728,0.6556813728,1.1311362746,5.78404217,Solved
L?AAD?W\DcHgN_,23,5,5.6556812006,0.6556812006,1.1311362401,5.77573759,Solved
L?AA@BOm@sDsuO,24,5,5.6556695901,0.6556695901,1.1311339180,5.75226377,Solved
L?ABBb_e?[J_Dg,23,5,5.6556669379,0.6556669379,1.1311333876,5.78007749,Solved
L?AE@b_F?ZFO\?,23,5,5.6556669053,0.6556669053,1.1311333811,5.79873079,Solved
L?ABAaGBcsCkSK,22,5,5.6556523696,0.6556523696,1.1311304739,5.78203620,Solved
L?AAD?oy?yJ_Bw,23,5,5.6556338816,0.6556338816,1.1311267763,5.76138654,Solved
L?AAD@W{BW@wFo,24,5,5.6556249977,0.6556249977,1.1311249995,5.78659477,Solved
L?AAD@W{BWAwFo,24,5,5.6556249944,0.6556249944,1.1311249989,5.77202685,Solved
L?AAD@W{BWBgFo,24,5,5.6556249940,0.6556249940,1.1311249988,5.75540415,Solved
L?AE@b_F?]M_M_,23,5,5.6556249936,0.6556249936,1.1311249987,5.80258204,Solved
L?AAD@W{BWBoFo,24,5,5.6556249928,0.6556249928,1.1311249986,5.77154394,Solved
L?AAD@OJ?sM_Jg,21,5,5.6555616577,0.6555616577,1.1311123315,5.74482427,Solved
L?ABBb_e?[J_Fg,24,5,5.6555580481,0.6555580481,1.1311116096,5.77896110,Solved
L?AEBAoNAwBWBo,24,5,5.6555484816,0.6555484816,1.1311096963,5.74928524,Solved
L?AA@b_JbgBoBw,24,5,5.6555351114,0.6555351114,1.1311070223,5.74888769,Solved
L?AAD?oNAwVORW,24,5,5.6555321269,0.6555321269,1.1311064254,5.75453469,Solved
L?ABA_gaOk~?\C,24,5,5.6555261573,0.6555261573,1.1311052315,5.74694739,Solved
L?AAD?wLEOn_Dq,24,5,5.6555260323,0.6555260323,1.1311052065,5.75302197,Solved
L?AAF@cE_mF_}?,24,5,5.6555094302,0.6555094302,1.1311018860,5.75067244,Solved
L?AAD@wMawJgm_,26,5,5.6554929918,0.6554929918,1.1310985984,5.75552934,Solved
L?AE@b_Jbo@wN_,25,5,5.6554929914,0.6554929914,1.1310985983,5.77614694,Solved
L?AAD@OJ@cBgag,20,5,5.6554857244,0.6554857244,1.1310971449,5.76754899,Solved
L?AA@b_ZAwBoBw,24,5,5.6554636041,0.6554636041,1.1310927208,5.76289185,Solved
L?AAD@W[@WAwAs,21,5,5.6554630174,0.6554630174,1.1310926035,5.78234731,Solved
L?ABAaGR?sEcGY,21,5,5.6554605739,0.6554605739,1.1310921148,5.78183291,Solved
L?AAD@WLdSFOVO,24,5,5.6554312679,0.6554312679,1.1310862536,5.74284956,Solved
L?AAD@OZBgPSm_,23,5,5.6554189400,0.6554189400,1.1310837880,5.75290105,Solved
L?AADb_J`sAsy@,25,5,5.6554150003,0.6554150003,1.1310830001,5.75418549,Solved
L?AADAw]BgHgk`,25,5,5.6554149992,0.6554149992,1.1310829998,5.76769473,Solved
L?AADb_u?lFOFg,25,5,5.6554149988,0.6554149988,1.1310829998,5.78591766,Solved
L?AADbGHg{FOuC,25,5,5.6554149973,0.6554149973,1.1310829995,5.75738018,Solved
L?AADb_u?tFOFg,25,5,5.6554149967,0.6554149967,1.1310829993,5.76539111,Solved
L?ABAaIeAwN_H[,25,5,5.6554141420,0.6554141420,1.1310828284,5.78160341,Solved
L?AAD@OJ@cAwm_,21,5,5.6554125529,0.6554125529,1.1310825106,5.76622221,Solved
L?AAD?wT@Shg}?,23,5,5.6553983304,0.6553983304,1.1310796661,5.74627964,Solved
L?AAD?wTEoHgic,23,5,5.6553899469,0.6553899469,1.1310779894,5.74541791,Solved
L?`@Cb_HOsJOBg,22,5,5.6553874245,0.6553874245,1.1310774849,5.76105128,Solved
L?AADb_B_tF_^?,24,5,5.6553868159,0.6553868159,1.1310773632,5.76999056,Solved
L?AADb_B_tM_^?,24,5,5.6553868145,0.6553868145,1.1310773629,5.75855897,Solved
L?AADb_B_tJ_^?,24,5,5.6553868130,0.6553868130,1.1310773626,5.76583814,Solved
L?AADb_B_tN?^?,24,5,5.6553868111,0.6553868111,1.1310773622,5.77545510,Solved
L?AA@r_{BWBoBk,25,5,5.6553752169,0.6553752169,1.1310750434,5.78582006,Solved
L?AAD?wTAYTQ}?,24,5,5.6553739972,0.6553739972,1.1310747994,5.74047404,Solved
L?AADbGL?[\?Hg,22,5,5.6553689409,0.6553689409,1.1310737882,5.79021794,Solved
L?AADbGL?[N?Hg,22,5,5.6553362693,0.6553362693,1.1310672539,5.77592488,Solved
L?AAD?wT@Sz?VO,23,5,5.6553254028,0.6553254028,1.1310650806,5.76382859,Solved
L?AADb_B_lN?J_,23,5,5.6553184824,0.6553184824,1.1310636965,5.78656543,Solved
L?AADBOLBoBgBw,23,5,5.6553070212,0.6553070212,1.1310614042,5.80189847,Solved
L?AE@b_FDo@wJ_,23,5,5.6553070207,0.6553070207,1.1310614041,5.80571931,Solved
L?AE@`gJ?lXG\?,23,5,5.6552887859,0.6552887859,1.1310577572,5.80795181,Solved
L?AAD?wTEoTQVO,24,5,5.6552884716,0.6552884716,1.1310576943,5.75256056,Solved
L?AAD?wT@Sjg}?,24,5,5.6552702728,0.6552702728,1.1310540546,5.74292744,Solved
L?AAD@OI?{RODs,21,5,5.6552618317,0.6552618317,1.1310523663,5.75371503,Solved
L?AAD?wTDSjg}?,25,5,5.6552275792,0.6552275792,1.1310455158,5.74387884,Solved
L?AEB?c{AwFoBs,25,5,5.6552057460,0.6552057460,1.1310411492,5.78741519,Solved
L?AAD?oy@[RODs,23,5,5.6552002412,0.6552002412,1.1310400482,5.75886367,Solved
L?AEB`gFF_@wL_,24,5,5.6551449252,0.6551449252,1.1310289850,5.79619745,Solved
L?AAD?wT@ShgN_,23,5,5.6550631111,0.6550631111,1.1310126222,5.77661694,Solved
L?AADBOX@KBOIg,20,5,5.6550553071,0.6550553071,1.1310110614,5.74037361,Solved
L?AE@`gJBgXGDh,24,5,5.6550198211,0.6550198211,1.1310039642,5.81546059,Solved
L?AAD?wT@kBgic,23,5,5.6550122732,0.6550122732,1.1310024546,5.78492704,Solved
L?AAD?wT?yFoic,24,5,5.6550084932,0.6550084932,1.1310016986,5.80396603,Solved
L?AADBWkbWN?RS,25,5,5.6550024188,0.6550024188,1.1310004838,5.76334509,Solved
L?ABAaIeBgN_H[,25,5,5.6550002942,0.6550002942,1.1310000588,5.78007351,Solved
L?ABAaIe@wL_H[,24,5,5.6549883729,0.6549883729,1.1309976746,5.77282590,Solved
L?ABAaIeBWCm^?,25,5,5.6549876048,0.6549876048,1.1309975210,5.77735868,Solved
L?ABAaIe@Jn_^?,26,5,5.6549876038,0.6549876038,1.1309975208,5.75972009,Solved
L?ABAaIe@wCm^?,25,5,5.6549876035,0.6549876035,1.1309975207,5.75452829,Solved
L?ABAaGR?sEcGU,21,5,5.6549712996,0.6549712996,1.1309942599,5.77148221,Solved
L?`@Cb_HOsJO@w,22,5,5.6549584104,0.6549584104,1.1309916821,5.75679964,Solved
L?AADBOLBWBgAw,22,5,5.6549558447,0.6549558447,1.1309911689,5.77693257,Solved
L?ABAaGR?sEcG],22,5,5.6549546180,0.6549546180,1.1309909236,5.77280174,Solved
L?AE@b_F@[J_Bw,24,5,5.6549503795,0.6549503795,1.1309900759,5.75665617,Solved
L?`@Cb_HOsJOBw,23,5,5.6549503739,0.6549503739,1.1309900748,5.75828638,Solved
L?AE@`gF?lXG^?,24,5,5.6548727630,0.6548727630,1.1309745526,5.76899591,Solved
L?AAD@OyBgDcai,23,5,5.6548715312,0.6548715312,1.1309743062,5.74452163,Solved
L?AAF@[N@k\?Dp,26,5,5.6548544331,0.6548544331,1.1309708866,5.74697992,Solved
L?AAD`cieoM_ah,25,5,5.6548544318,0.6548544318,1.1309708864,5.76364615,Solved
L?AEB?s]?]^?Fo,26,5,5.6548544310,0.6548544310,1.1309708862,5.76783991,Solved
L?AA@qoZF_BoBi,25,5,5.6548544304,0.6548544304,1.1309708861,5.75159604,Solved
L?AAF?UZ@w]?Bp,25,5,5.6548544302,0.6548544302,1.1309708860,5.74388713,Solved
L?AEBAw{@k@wN_,26,5,5.6548544295,0.6548544295,1.1309708859,5.74847866,Solved
L?AA@ro{BWBoBk,26,5,5.6548544293,0.6548544293,1.1309708859,5.75259159,Solved
L?AA@qoZDcHcF_,24,5,5.6548544292,0.6548544292,1.1309708858,5.78265276,Solved
L?AA@r_{BWBoFg,25,5,5.6548544291,0.6548544291,1.1309708858,5.79036512,Solved
L?AE@`gJ?lXG^?,24,5,5.6547623184,0.6547623184,1.1309524637,5.80342498,Solved
L?ABAaIU@gCky?,22,5,5.6547564188,0.6547564188,1.1309512838,5.75189107,Solved
L?AA@BOJLc\?Ct,23,5,5.6547546625,0.6547546625,1.1309509325,5.74551192,Solved
L?AADbGH`hZ?m_,24,5,5.6547365448,0.6547365448,1.1309473090,5.79633964,Solved
L?AA@BOTDcTQJg,23,5,5.6547362311,0.6547362311,1.1309472462,5.78413523,Solved
L?AAD@OyBgDoai,23,5,5.6547362301,0.6547362301,1.1309472460,5.74197479,Solved
L?AA@AOTEoBoic,21,5,5.6547362290,0.6547362290,1.1309472458,5.77733138,Solved
L?AA@AOTEoDUZG,22,5,5.6547362290,0.6547362290,1.1309472458,5.77109321,Solved
L?AA@AOTFoLcic,23,5,5.6547362282,0.6547362282,1.1309472456,5.77037701,Solved
L?AA@AOTEoTQZG,22,5,5.6547362274,0.6547362274,1.1309472455,5.78386224,Solved
L?AA@BOTFOTQJg,23,5,5.6547362271,0.6547362271,1.1309472454,5.77623556,Solved
L?AAD?sXDoQQEs,23,5,5.6547362271,0.6547362271,1.1309472454,5.74214742,Solved
L?AAD?sXDoHKVO,23,5,5.6547362256,0.6547362256,1.1309472451,5.75208207,Solved
L?AA@BOTCsEoJg,22,5,5.6547362255,0.6547362255,1.1309472451,5.80094468,Solved
L?AA@BOTCcTQN_,22,5,5.6547362255,0.6547362255,1.1309472451,5.77079109,Solved
L?AAD@cM`kIgCw,23,5,5.6547362254,0.6547362254,1.1309472451,5.78879837,Solved
L?AA@BOTDcTQN_,23,5,5.6547362252,0.6547362252,1.1309472450,5.78145444,Solved
L?AAD@OyAq@[Ds,23,5,5.6547362252,0.6547362252,1.1309472450,5.74907816,Solved
L?AAD?wXF_QQN_,23,5,5.6547362247,0.6547362247,1.1309472449,5.75676956,Solved
L?AA@AOTEoHcic,21,5,5.6547362246,0.6547362246,1.1309472449,5.76454599,Solved
L?AA@AOTEoTQN_,22,5,5.6547362246,0.6547362246,1.1309472449,5.76549508,Solved
L?AA@AOT?{TQ}?,22,5,5.6547362243,0.6547362243,1.1309472449,5.75880096,Solved
L?AA@AOTFoTQN_,23,5,5.6547362239,0.6547362239,1.1309472448,5.74317938,Solved
L?AAD?wXCcig{?,22,5,5.6547362238,0.6547362238,1.1309472448,5.79218928,Solved
L?AAD?wX?eeoTO,22,5,5.6547362235,0.6547362235,1.1309472447,5.80334385,Solved
L?ABAaIMAhTG{?,23,5,5.6547320765,0.6547320765,1.1309464153,5.76034600,Solved
L?AE@`gF_]]?N_,25,5,5.6547052455,0.6547052455,1.1309410491,5.74585310,Solved
L?ABAaIU@IM_}?,23,5,5.6546600978,0.6546600978,1.1309320196,5.74959508,Solved
L?ABAaIU@IV?\?,22,5,5.6546600964,0.6546600964,1.1309320193,5.74887369,Solved
L?AADBOL?]N?JG,22,5,5.6546550923,0.6546550923,1.1309310185,5.77674124,Solved
L?ABAaIMAhTG}?,24,5,5.6546519654,0.6546519654,1.1309303931,5.75515442,Solved
L?AA@AWT@SPI^?,21,5,5.6546301576,0.6546301576,1.1309260315,5.75679586,Solved
L?ABA_gaOhZ?^?,22,5,5.6546164044,0.6546164044,1.1309232809,5.76665832,Solved
L?AAD@OJ@sM_Jg,22,5,5.6546060413,0.6546060413,1.1309212083,5.75558168,Solved
L?AA@b_DloM_N_,24,5,5.6545852922,0.6545852922,1.1309170584,5.76022949,Solved
L?AAD@WLdSIg]?,23,5,5.6545012606,0.6545012606,1.1309002521,5.74243241,Solved
L?ABA_gaOh^?^?,23,5,5.6544947025,0.6544947025,1.1308989405,5.77439332,Solved
L?AAD@W[?kDoBc,21,5,5.6544808057,0.6544808057,1.1308961611,5.75186641,Solved
L?AA@AOTFOPWm_,21,5,5.6544711400,0.6544711400,1.1308942280,5.74917805,Solved
L?ABAaIU@gV?HW,22,5,5.6544330040,0.6544330040,1.1308866008,5.75298570,Solved
L?ABAaIU@gCk}?,23,5,5.6543822118,0.6543822118,1.1308764424,5.75732855,Solved
L?AADBoy@sBoFo,25,5,5.6543645427,0.6543645427,1.1308729085,5.76653433,Solved
L?`@Cb_HQS@sEc,22,5,5.6543616393,0.6543616393,1.1308723279,5.74351396,Solved
L?AAD@Oy?\BoN_,23,5,5.6543616379,0.6543616379,1.1308723276,5.74741037,Solved
L?AAD@OJDo@[N_,22,5,5.6543616354,0.6543616354,1.1308723271,5.78118348,Solved
L?AAD@Oy?\F_N_,23,5,5.6543616347,0.6543616347,1.1308723269,5.74912099,Solved
L?AAD@Oy?\FON_,23,5,5.6543616332,0.6543616332,1.1308723266,5.75316995,Solved
L?`@Cb_DbO`ks`,24,5,5.6543614103,0.6543614103,1.1308722821,5.75726033,Solved
L?AAD`om@[BoAw,24,5,5.6543439946,0.6543439946,1.1308687989,5.74152115,Solved
L?AA@b_ZDoHgcd,24,5,5.6543344219,0.6543344219,1.1308668844,5.77905316,Solved
L?ABAaIU@I}?LG,23,5,5.6543311043,0.6543311043,1.1308662209,5.74422150,Solved
L?AAD@W[?Uaw^?,23,5,5.6543256023,0.6543256023,1.1308651205,5.79218569,Solved
L?AE@b_FDo@wM_,23,5,5.6543255964,0.6543255964,1.1308651193,5.80872052,Solved
L?AAD?w\F_@wDo,23,5,5.6542822603,0.6542822603,1.1308564521,5.78650946,Solved
L?ABA_gaOhz?^?,23,5,5.6542684038,0.6542684038,1.1308536808,5.77665265,Solved
L?AAF?emEoBoDo,24,5,5.6542363489,0.6542363489,1.1308472698,5.74988850,Solved
L?AAD@oM_]^?Fo,25,5,5.6542363462,0.6542363462,1.1308472692,5.77476264,Solved
L?AADBoyAwBoFo,25,5,5.6542363436,0.6542363436,1.1308472687,5.75666700,Solved
L?ABAaIuF_Ck\G,25,5,5.6542363434,0.6542363434,1.1308472687,5.74781987,Solved
L?AAFBOm@[BoAw,24,5,5.6542363433,0.6542363433,1.1308472687,5.75266146,Solved
L?AE@pcuEoEoHe,26,5,5.6542363419,0.6542363419,1.1308472684,5.74584260,Solved
L?AADBoyAwAwFo,25,5,5.6542363418,0.6542363418,1.1308472684,5.75269235,Solved
L?AADBoy@sBWFo,25,5,5.6542363410,0.6542363410,1.1308472682,5.74291458,Solved
L?AE@b_FDo@wN_,24,5,5.6542363410,0.6542363410,1.1308472682,5.79146187,Solved
L?AE@bGyBgBoDk,25,5,5.6542363405,0.6542363405,1.1308472681,5.75242319,Solved
L?AADBoy@sAwFo,25,5,5.6542363402,0.6542363402,1.1308472680,5.75147755,Solved
L?AAD@OJCsUOVO,22,5,5.6542276881,0.6542276881,1.1308455376,5.75566590,Solved
L?ABA_gaOh~?^?,24,5,5.6542240925,0.6542240925,1.1308448185,5.77390196,Solved
L?AAD@W[?k@qN_,22,5,5.6541651021,0.6541651021,1.1308330204,5.74890360,Solved
L?AAD@W[@WAwBs,22,5,5.6541398104,0.6541398104,1.1308279621,5.77704851,Solved
L?AAD@W[?mF_Bs,23,5,5.6540937475,0.6540937475,1.1308187495,5.79568716,Solved
L?AADb_BboDoFg,24,5,5.6540937467,0.6540937467,1.1308187493,5.78013701,Solved
L?ABBBouCsBWBw,26,5,5.6540814925,0.6540814925,1.1308162985,5.77313852,Solved
L?AAD@OJBoTCBw,22,5,5.6539941640,0.6539941640,1.1307988328,5.75061630,Solved
L?AA@qoZF_Hccd,25,5,5.6539761387,0.6539761387,1.1307952277,5.80394976,Solved
L?AADBOLBoDoDo,22,5,5.6539719540,0.6539719540,1.1307943908,5.77541751,Solved
L?AE@b_FAw@wN_,24,5,5.6539589524,0.6539589524,1.1307917905,5.74776008,Solved
L?AE@b_F?]FOV?,23,5,5.6539589512,0.6539589512,1.1307917902,5.74085864,Solved
L?ABA_gaQwV?TK,23,5,5.6539295911,0.6539295911,1.1307859182,5.76760094,Solved
L?AAF?UZ@w\CN_,26,5,5.6539290634,0.6539290634,1.1307858127,5.75761085,Solved
L?ABAaIUBoTGG[,23,5,5.6538751144,0.6538751144,1.1307750229,5.78717483,Solved
L?AA@BOTCsBoJg,22,5,5.6538751096,0.6538751096,1.1307750219,5.77166303,Solved
L?AAD@W[?UjGm_,23,5,5.6538751091,0.6538751091,1.1307750218,5.78234529,Solved
L?AADb_B_lM_k_,23,5,5.6538751072,0.6538751072,1.1307750214,5.77116523,Solved
L?AA@BOT@\VON_,24,5,5.6538751060,0.6538751060,1.1307750212,5.75671120,Solved
L?AA@BOTCsTQN_,23,5,5.6538751053,0.6538751053,1.1307750211,5.76428157,Solved
L?AA@AWTEoTQN_,23,5,5.6538751040,0.6538751040,1.1307750208,5.77220666,Solved
L?AAD@W[?UfOUO,22,5,5.6538751034,0.6538751034,1.1307750207,5.77834874,Solved
L?AAD?wLAQ~?VO,24,5,5.6538751033,0.6538751033,1.1307750207,5.77031996,Solved
L?AA@aHRPw\?\G,24,5,5.6538751029,0.6538751029,1.1307750206,5.75812706,Solved
L?AA@aomBWXGRW,24,5,5.6538751023,0.6538751023,1.1307750205,5.77355318,Solved
L?AA@BOTCsDsN_,23,5,5.6538751017,0.6538751017,1.1307750203,5.77057971,Solved
L?AAD?wLAQv?VO,23,5,5.6538751013,0.6538751013,1.1307750203,5.78886344,Solved
L?AA@AWT?{Z?ic,22,5,5.6538751012,0.6538751012,1.1307750202,5.77670616,Solved
L?AA@AWTDSfo}?,24,5,5.6538751009,0.6538751009,1.1307750202,5.75470018,Solved
L?AA@AWT?{^?ic,23,5,5.6538751002,0.6538751002,1.1307750200,5.76436838,Solved
L?AE@b_FDo@kJ_,23,5,5.6538697717,0.6538697717,1.1307739543,5.78458277,Solved
L?AADBOX@c@oRO,20,5,5.6538221173,0.6538221173,1.1307644235,5.74078058,Solved
L?AAD@oe_]Bo}?,24,5,5.6538190678,0.6538190678,1.1307638136,5.76413421,Solved
L?AADBOL@[Aw}?,23,5,5.6538136032,0.6538136032,1.1307627206,5.74445668,Solved
L?AE@`gVFOAsM_,24,5,5.6538081044,0.6538081044,1.1307616209,5.75774194,Solved
L?AADb_B_lJ_}?,24,5,5.6538052395,0.6538052395,1.1307610479,5.76963814,Solved
L?AE@bGY?km_N_,24,5,5.6538052363,0.6538052363,1.1307610473,5.78981934,Solved
L?AEB`oJ?]Z?M_,24,5,5.6538052356,0.6538052356,1.1307610471,5.77455859,Solved
L?AAFBOm?mEoN_,25,5,5.6538052335,0.6538052335,1.1307610467,5.74767298,Solved
L?AEBAw{@[@wN_,26,5,5.6538016760,0.6538016760,1.1307603352,5.78218125,Solved
L?AEB_NL`wN?{G,27,5,5.6538016749,0.6538016749,1.1307603350,5.75783157,Solved
L?AAD?wXCcM_Es,22,5,5.6537425613,0.6537425613,1.1307485123,5.74182014,Solved
L?AEB?WVF_EoBq,24,5,5.6537308286,0.6537308286,1.1307461657,5.76990417,Solved
L?AAD?oyBWAwFo,23,5,5.6536496220,0.6536496220,1.1307299244,5.77301453,Solved
L?AAD?W{?]N_N_,24,5,5.6536194348,0.6536194348,1.1307238870,5.77376462,Solved
L?AEB?WVF_FoBq,25,5,5.6536051502,0.6536051502,1.1307210300,5.77166725,Solved
L?AEB?c{AwAwN_,24,5,5.6535719481,0.6535719481,1.1307143896,5.74755990,Solved
L?AAD@W[CsBWBS,22,5,5.6535478259,0.6535478259,1.1307095652,5.75450487,Solved
L?AE@`gJ?lN_qQ,25,5,5.6535477238,0.6535477238,1.1307095448,5.80321413,Solved
L?AAD@OICsAwN_,21,5,5.6534996130,0.6534996130,1.1306999226,5.75101007,Solved
L?AAD?oy?mBw^?,24,5,5.6534988174,0.6534988174,1.1306997635,5.77348020,Solved
L?AAD?WLFOBgi_,21,5,5.6534902149,0.6534902149,1.1306980430,5.76052685,Solved
L?AADBOX@KROIg,21,5,5.6534316045,0.6534316045,1.1306863209,5.76268072,Solved
L?AAD@wLbgAwy@,25,5,5.6533676747,0.6533676747,1.1306735349,5.74413421,Solved
L?AE@`gFf_FoBq,26,5,5.6533392557,0.6533392557,1.1306678511,5.74347116,Solved
L?AAD?oy?{J_Ds,23,5,5.6532536714,0.6532536714,1.1306507343,5.76010083,Solved
L?`@Cb_HQS@sUC,22,5,5.6532206207,0.6532206207,1.1306441241,5.76300953,Solved
L?AAD?oy?{N_Ds,24,5,5.6531922578,0.6531922578,1.1306384516,5.75682856,Solved
L?AA@b_DnON_Fg,25,5,5.6531905402,0.6531905402,1.1306381080,5.76683412,Solved
L?AAF@cE_mUO\?,23,5,5.6531701121,0.6531701121,1.1306340224,5.79062573,Solved
L?AAD?sXDoBIVO,23,5,5.6531701116,0.6531701116,1.1306340223,5.76532234,Solved
L?AA@BOTCsTQJg,23,5,5.6531701114,0.6531701114,1.1306340223,5.75872164,Solved
L?AA@AOTEoTQJg,22,5,5.6531701103,0.6531701103,1.1306340221,5.75560283,Solved
L?AA@aHRRHJ_}?,24,5,5.6531701101,0.6531701101,1.1306340220,5.75925052,Solved
L?AA@AOTFoTQJg,23,5,5.6531701098,0.6531701098,1.1306340220,5.75180760,Solved
L?AA@BOTFoTQN_,24,5,5.6531701097,0.6531701097,1.1306340219,5.74737960,Solved
L?AA@BOTEoFoic,23,5,5.6531701092,0.6531701092,1.1306340218,5.75150739,Solved
L?ABA_YyBoPWgW,24,5,5.6531701087,0.6531701087,1.1306340217,5.78349767,Solved
L?AA@BOTCsN_Jg,23,5,5.6531701086,0.6531701086,1.1306340217,5.75922685,Solved
L?AA@BOTFOBoic,22,5,5.6531701084,0.6531701084,1.1306340217,5.76339349,Solved
L?AA@AOTCsDUZG,22,5,5.6531701082,0.6531701082,1.1306340216,5.75759008,Solved
L?AA@aHRRHV?^?,24,5,5.6531701076,0.6531701076,1.1306340215,5.76488670,Solved
L?AAD?oeEPF_RW,22,5,5.6531701075,0.6531701075,1.1306340215,5.78105164,Solved
L?AAD@cedcIgCw,23,5,5.6531701074,0.6531701074,1.1306340215,5.77305996,Solved
L?AA@BOT@\TQm_,24,5,5.6531701063,0.6531701063,1.1306340213,5.74826777,Solved
L?AAD?oe@w@kqG,21,5,5.6531701062,0.6531701062,1.1306340212,5.78983767,Solved
L?AAD?oeEPHk^?,23,5,5.6531701060,0.6531701060,1.1306340212,5.76277417,Solved
L?AAD?oeEP@k^?,22,5,5.6531701058,0.6531701058,1.1306340212,5.76510575,Solved
L?AA@aHRToL_\G,24,5,5.6531701056,0.6531701056,1.1306340211,5.77156741,Solved
L?AA@AOTEo@sic,21,5,5.6531701056,0.6531701056,1.1306340211,5.75923421,Solved
L?AA@aom@wXGRW,24,5,5.6531701053,0.6531701053,1.1306340211,5.74794148,Solved
L?AA@aHRRHF_}?,24,5,5.6531701052,0.6531701052,1.1306340210,5.75928060,Solved
L?AA@b_ZDSHgBw,24,5,5.6531701050,0.6531701050,1.1306340210,5.74041751,Solved
L?AA@BOTFoDsic,24,5,5.6531701047,0.6531701047,1.1306340209,5.75489209,Solved
L?AA@BOTFOTQN_,23,5,5.6531701047,0.6531701047,1.1306340209,5.75334263,Solved
L?AA@BOT@cPWIk,21,5,5.6530732344,0.6530732344,1.1306146469,5.74063898,Solved
L?AAD?w\F_@wFo,24,5,5.6530723798,0.6530723798,1.1306144760,5.80698038,Solved
L?AE@b_F@sJ_Aw,23,5,5.6530712623,0.6530712623,1.1306142525,5.75892998,Solved
L?AEB`oJ?]Z?F_,24,5,5.6530705674,0.6530705674,1.1306141135,5.78336081,Solved
L?AE@b_F?ZFOm?,23,5,5.6530557309,0.6530557309,1.1306111462,5.79497066,Solved
L?AAD@WLdcHg^?,24,5,5.6530317990,0.6530317990,1.1306063598,5.76066054,Solved
L?AB?rOXAw@swP,24,5,5.6530100071,0.6530100071,1.1306020014,5.74692992,Solved
L?AAD@W{Aw@wN_,24,5,5.6530048853,0.6530048853,1.1306009771,5.74000643,Solved
L?AADBWVAiTOm_,25,5,5.6529759835,0.6529759835,1.1305951967,5.76063511,Solved
L?AAD@oUOy@s}?,24,5,5.6529476406,0.6529476406,1.1305895281,5.75545340,Solved
L?AADb_B_tJ_u?,23,5,5.6529217321,0.6529217321,1.1305843464,5.77107161,Solved
L?AEB?o]@wBWBw,24,5,5.6529139002,0.6529139002,1.1305827800,5.78510475,Solved
L?AB?rO\BoCkad,25,5,5.6529050292,0.6529050292,1.1305810058,5.80811708,Solved
L?AB?qQ]EoLcHY,26,5,5.6528880418,0.6528880418,1.1305776084,5.81777027,Solved
L?ABAb_LDQ@YDi,24,5,5.6528874418,0.6528874418,1.1305774884,5.74755599,Solved
L?AE@bGyAwFODk,25,5,5.6528869814,0.6528869814,1.1305773963,5.74014852,Solved
L?AE@b_FDo@kN_,24,5,5.6528869787,0.6528869787,1.1305773957,5.77860718,Solved
L?AE@`gVFOFODi,25,5,5.6528869768,0.6528869768,1.1305773954,5.74638904,Solved
L?AAD@oUOy^?Bw,25,5,5.6528588869,0.6528588869,1.1305717774,5.74322513,Solved
L?ABAaGRFOCkcc,22,5,5.6528528113,0.6528528113,1.1305705623,5.77998431,Solved
L?ABA_gaPYJ_PK,22,5,5.6528290406,0.6528290406,1.1305658081,5.74758264,Solved
L?AAD?oeAw@kEo,21,5,5.6527973865,0.6527973865,1.1305594773,5.74248273,Solved
L?ABA_gaPYGe^?,23,5,5.6527557121,0.6527557121,1.1305511424,5.75148590,Solved
L?AE@bgu@wEoqP,26,5,5.6527067323,0.6527067323,1.1305413465,5.75705336,Solved
L?AAD@Oi@wDoFo,22,5,5.6526562175,0.6526562175,1.1305312435,5.74921624,Solved
L?AA@b_Z@w@[Fg,24,5,5.6526339642,0.6526339642,1.1305267928,5.75475732,Solved
L?AEB`oJ?]Z?N_,25,5,5.6526116683,0.6526116683,1.1305223337,5.77479182,Solved
L?AB?rOL?\WI\?,23,5,5.6526107656,0.6526107656,1.1305221531,5.80138933,Solved
L?ABAaGR?sV?gU,22,5,5.6525941675,0.6525941675,1.1305188335,5.74336695,Solved
L?AA@AWTBoBgas,22,5,5.6525232793,0.6525232793,1.1305046559,5.74144477,Solved
L?AAD?wT?uHg{?,22,5,5.6524745250,0.6524745250,1.1304949050,5.76558271,Solved
L?AA@BOm?uDoM_,22,5,5.6524483574,0.6524483574,1.1304896715,5.77976692,Solved
L?AA@b_NBg@{Fg,25,5,5.6524374032,0.6524374032,1.1304874806,5.78247859,Solved
L?AADb_]AwBoBw,25,5,5.6524039178,0.6524039178,1.1304807836,5.80002703,Solved
L?AAD@OZBgFOig,23,5,5.6523816463,0.6523816463,1.1304763293,5.75533717,Solved
L?ABAaGBe_asIR,23,5,5.6523797316,0.6523797316,1.1304759463,5.74328276,Solved
L?AE@b_FFOFOBw,24,5,5.6523584122,0.6523584122,1.1304716824,5.74534600,Solved
L?AADBOX@KROJg,22,5,5.6523472574,0.6523472574,1.1304694515,5.74144407,Solved
L?AA@bGyAwAsN_,24,5,5.6523147244,0.6523147244,1.1304629449,5.79386162,Solved
L?AAD?wTDOj_Fo,23,5,5.6522344930,0.6522344930,1.1304468986,5.74482374,Solved
L?AEB?o]@w@kFo,24,5,5.6522186113,0.6522186113,1.1304437223,5.79054696,Solved
L?AEB?o]@w@{Fo,25,5,5.6522180704,0.6522180704,1.1304436141,5.78546062,Solved
L?AE@b_F?VJ_L_,23,5,5.6521410968,0.6521410968,1.1304282194,5.75442169,Solved
L?AE@b_F?VJ_N_,24,5,5.6521410948,0.6521410948,1.1304282190,5.75926241,Solved
L?AAD@W[BWAwBs,23,5,5.6521297920,0.6521297920,1.1304259584,5.76702336,Solved
L?`@Cb_@olU_QR,24,5,5.6521167788,0.6521167788,1.1304233558,5.75347668,Solved
L?AADb_B_tJ_}?,24,5,5.6521167773,0.6521167773,1.1304233555,5.74930795,Solved
L?AEB?o]Aw@sFo,24,5,5.6521167770,0.6521167770,1.1304233554,5.76628573,Solved
L?AAD?wT?{Hgk`,23,5,5.6520775113,0.6520775113,1.1304155023,5.77862019,Solved
L?AE@b_FDo@{N_,25,5,5.6520497022,0.6520497022,1.1304099404,5.78011255,Solved
L?AAD@W[?m@y^?,24,5,5.6520497007,0.6520497007,1.1304099401,5.77205202,Solved
L?AADb_B`[Bs}?,25,5,5.6520496992,0.6520496992,1.1304099398,5.76341868,Solved
L?AADb_B_tDo}?,24,5,5.6520496987,0.6520496987,1.1304099397,5.76003099,Solved
L?AEB?oM_mN_yA,25,5,5.6520496973,0.6520496973,1.1304099395,5.76542957,Solved
L?ABAaIuF_EcH[,25,5,5.6520496973,0.6520496973,1.1304099395,5.74699737,Solved
L?AE@bGY@sN_Dk,25,5,5.6520496961,0.6520496961,1.1304099392,5.78074832,Solved
L?AE@`K]F_@wJ_,24,5,5.6520496955,0.6520496955,1.1304099391,5.78007715,Solved
L?AADb_BawBs}?,25,5,5.6520496955,0.6520496955,1.1304099391,5.76226266,Solved
L?AADb_B_xDo}?,24,5,5.6520496950,0.6520496950,1.1304099390,5.76494853,Solved
L?AE@`K]F_DoBq,25,5,5.6520496949,0.6520496949,1.1304099390,5.76646070,Solved
L?AADb_m?lFOBw,25,5,5.6520496947,0.6520496947,1.1304099389,5.79951589,Solved
L?AAD@Oi?wVODs,22,5,5.6520440677,0.6520440677,1.1304088135,5.75107895,Solved
L?AAD@oicsIg^?,24,5,5.6520006371,0.6520006371,1.1304001274,5.77435010,Solved
L?AADbGH_{DouC,24,5,5.6519795932,0.6519795932,1.1303959186,5.77996918,Solved
L?AAD?wTDcFoRQ,24,5,5.6519413096,0.6519413096,1.1303882619,5.77114389,Solved
L?ABA_gaOwGeu?,21,5,5.6517811708,0.6517811708,1.1303562342,5.77113411,Solved
L?AAD?sXAoPUm_,23,5,5.6517185769,0.6517185769,1.1303437154,5.75499915,Solved
L?AAD?sXBoPUm_,24,5,5.6517183636,0.6517183636,1.1303436727,5.75551275,Solved
L?AADAoFBWBWM_,22,5,5.6517090805,0.6517090805,1.1303418161,5.74041673,Solved
L?AADAoFBWFOFo,23,5,5.6517056916,0.6517056916,1.1303411383,5.74277423,Solved
L?`@Cb_HQcB_Bg,21,5,5.6516969771,0.6516969771,1.1303393954,5.74378823,Solved
L?AAD?sXCoAYFo,22,5,5.6516056534,0.6516056534,1.1303211307,5.74165252,Solved
L?AAD?oFEo@ke_,21,5,5.6515942779,0.6515942779,1.1303188556,5.74726060,Solved
L?AEAGoIDoHcCs,21,5,5.6515383494,0.6515383494,1.1303076699,5.77572910,Solved
L?ABAaGRCsCk^?,23,5,5.6515381972,0.6515381972,1.1303076394,5.79153719,Solved
L?AEBBWm?{F_Fo,26,5,5.6515354019,0.6515354019,1.1303070804,5.75092136,Solved
L?`@Cb_LAQboDg,23,5,5.6515173870,0.6515173870,1.1303034774,5.75514512,Solved
L?AA@BOm?uFOJg,23,5,5.6514817623,0.6514817623,1.1302963525,5.74826082,Solved
L?AAD?oy@[Awm_,23,5,5.6513979715,0.6513979715,1.1302795943,5.75995371,Solved
L?AADbGLFOBoHg,23,5,5.6513815318,0.6513815318,1.1302763064,5.80670999,Solved
L?AAD?wLEOrODq,23,5,5.6513442119,0.6513442119,1.1302688424,5.76027593,Solved
L?`@Cb_FAEf_@w,23,5,5.6513418377,0.6513418377,1.1302683675,5.77003198,Solved
L?`@Cb_FAEf_Bg,23,5,5.6513410533,0.6513410533,1.1302682107,5.76214188,Solved
L?AAD?wLEOawm_,23,5,5.6513241895,0.6513241895,1.1302648379,5.77197092,Solved
L?AE@b_J`wJ_Bw,25,5,5.6513035547,0.6513035547,1.1302607109,5.76310915,Solved
L?AADb_u@[BoDg,24,5,5.6513035547,0.6513035547,1.1302607109,5.78801723,Solved
L?`@Cb_FAEf_Bw,24,5,5.6513035514,0.6513035514,1.1302607103,5.76654308,Solved
L?`@Cb_LAE`wFI,24,5,5.6513035486,0.6513035486,1.1302607097,5.80004612,Solved
L?AEBAw{@s@wN_,26,5,5.6512974434,0.6512974434,1.1302594887,5.78761554,Solved
L?AEBAw{@w@wN_,26,5,5.6512974433,0.6512974433,1.1302594887,5.79546567,Solved
L?AADbGL@[N?Dg,23,5,5.6512895830,0.6512895830,1.1302579166,5.78340844,Solved
L?AAD?wLEOvODq,24,5,5.6512761730,0.6512761730,1.1302552346,5.75903941,Solved
L?AADb_]@[BoDg,24,5,5.6512117663,0.6512117663,1.1302423533,5.80421755,Solved
L?AAD@oRCsF_Kc,22,5,5.6511866176,0.6511866176,1.1302373235,5.75065932,Solved
L?AAD@oRFOBgBg,22,5,5.6510082390,0.6510082390,1.1302016478,5.74465418,Solved
L?AAD?w\EoIgad,24,5,5.6510072920,0.6510072920,1.1302014584,5.75129975,Solved
L?AAD@OJ@cH`m_,21,5,5.6509850793,0.6509850793,1.1301970159,5.77238214,Solved
L?AAD@oRFOBgBw,23,5,5.6509770088,0.6509770088,1.1301954018,5.75103748,Solved
L?AAD?oy?yBo^?,23,5,5.6509764898,0.6509764898,1.1301952980,5.75895170,Solved
L?ABBb_u?\BoN?,25,5,5.6509394697,0.6509394697,1.1301878939,5.80190154,Solved
L?AADb_]BgBoBw,25,5,5.6509394680,0.6509394680,1.1301878936,5.75870451,Solved
L?AEF@oV?]V?Fo,26,5,5.6509394680,0.6509394680,1.1301878936,5.78710231,Solved
L?AEBBoBpw^?Fo,27,5,5.6509394677,0.6509394677,1.1301878935,5.77722266,Solved
L?AEBAw{@w@wFo,26,5,5.6509394669,0.6509394669,1.1301878934,5.81354082,Solved
L?ABCfOuBWF_H[,26,5,5.6509394665,0.6509394665,1.1301878933,5.75823158,Solved
L?AE@ro{BWBoBk,27,5,5.6509394642,0.6509394642,1.1301878928,5.75988533,Solved
L?ABBb_u?\F_Fg,26,5,5.6509394637,0.6509394637,1.1301878927,5.76033373,Solved
L?AEF@oV?yV?Fo,26,5,5.6509394636,0.6509394636,1.1301878927,5.77932769,Solved
L?AEBbom@[@wN_,27,5,5.6509394627,0.6509394627,1.1301878925,5.76632120,Solved
L?AADb_]?{@{^?,26,5,5.6509394626,0.6509394626,1.1301878925,5.76590711,Solved
L?AEB@[{?uF_Bo,25,5,5.6509394626,0.6509394626,1.1301878925,5.76948372,Solved
L?AEBbom@s@wN_,27,5,5.6509394622,0.6509394622,1.1301878924,5.75221633,Solved
L?ABAaQu@wL_H[,25,5,5.6509394620,0.6509394620,1.1301878924,5.78175758,Solved
L?AAD?wXF_Boec,23,5,5.6509068882,0.6509068882,1.1301813776,5.74148227,Solved
L?AAD@oRDoUQVO,24,5,5.6508816605,0.6508816605,1.1301763321,5.74767837,Solved
L?AAD?wT?u]?VO,23,5,5.6508490076,0.6508490076,1.1301698015,5.75270379,Solved
L?AAD@oR?\F_Fo,23,5,5.6508465000,0.6508465000,1.1301693000,5.74723311,Solved
L?AEAGoIF_HcCt,22,5,5.6508464981,0.6508464981,1.1301692996,5.78709533,Solved
L?AA@r_{AwBoBk,25,5,5.6508382213,0.6508382213,1.1301676443,5.80171398,Solved
L?AADBOL?kTOBw,22,5,5.6508345359,0.6508345359,1.1301669072,5.74595749,Solved
L?AAD@oREoEQVO,23,5,5.6508056595,0.6508056595,1.1301611319,5.75727046,Solved
L?AAD@oREoUQVO,24,5,5.6507984136,0.6507984136,1.1301596827,5.74150863,Solved
L?AAD?oZAi^?ia,24,5,5.6507469049,0.6507469049,1.1301493810,5.75058861,Solved
L?AAD@Oi@gVODs,22,5,5.6507075964,0.6507075964,1.1301415193,5.74125490,Solved
L?AAD?w\Ai^?ae,25,5,5.6506785378,0.6506785378,1.1301357076,5.75409321,Solved
L?AAD?oeAWDoBo,20,5,5.6506537438,0.6506537438,1.1301307488,5.76624914,Solved
L?AADAoFFOFOBw,23,5,5.6506153863,0.6506153863,1.1301230773,5.74611725,Solved
L?AA@BOm@sDoeo,23,5,5.6506133779,0.6506133779,1.1301226756,5.75852578,Solved
L?ABA_gaOwGe}?,22,5,5.6505968840,0.6505968840,1.1301193768,5.78270631,Solved
L?AA@r_Ff_N_Bi,26,5,5.6504664454,0.6504664454,1.1300932891,5.79925439,Solved
L?AA@AWT@SPY^?,22,5,5.6504619455,0.6504619455,1.1300923891,5.74659333,Solved
L?ABAaGR?sF_HQ,21,5,5.6504564043,0.6504564043,1.1300912809,5.75947269,Solved
L?AAD@W[?kDoBs,22,5,5.6504552993,0.6504552993,1.1300910599,5.74772605,Solved
L?AAD@oi`sAwN_,24,5,5.6504386702,0.6504386702,1.1300877340,5.74336463,Solved
L?AADAoFEoFOBw,23,5,5.6504134962,0.6504134962,1.1300826992,5.75883177,Solved
L?AAD@oi`wIg}?,24,5,5.6504059257,0.6504059257,1.1300811851,5.74963069,Solved
L?ABA_gaQhV?N?,22,5,5.6502843363,0.6502843363,1.1300568673,5.75831415,Solved
L?AAD@W[@WBoBc,21,5,5.6502815520,0.6502815520,1.1300563104,5.81927732,Solved
L?AAD@OJ@sZ?Jg,22,5,5.6502815514,0.6502815514,1.1300563103,5.77902909,Solved
L?AAD@Oi@WHgM_,20,5,5.6502815501,0.6502815501,1.1300563100,5.78634014,Solved
L?AAD@Oi?sBg^?,21,5,5.6502815488,0.6502815488,1.1300563098,5.77251349,Solved
L?AAD@Oi?{F_FO,21,5,5.6502815488,0.6502815488,1.1300563098,5.78596393,Solved
L?AAD@Oi@wAwFo,22,5,5.6502815488,0.6502815488,1.1300563098,5.77652602,Solved
L?AAD@OJ@cHgm_,21,5,5.6502815487,0.6502815487,1.1300563097,5.80404566,Solved
L?AAD@Oi@WBOVO,20,5,5.6502815486,0.6502815486,1.1300563097,5.79793819,Solved
L?AE@b_F?VM_L_,23,5,5.6502815486,0.6502815486,1.1300563097,5.83872059,Solved
L?AAD@Oi?sBgN_,21,5,5.6502815481,0.6502815481,1.1300563096,5.80163377,Solved
L?AAD@OJDo@kk_,21,5,5.6502815466,0.6502815466,1.1300563093,5.76738838,Solved
L?AAD@OJ@sHgm_,22,5,5.6502815464,0.6502815464,1.1300563093,5.77997145,Solved
L?AAD@Oi@WAoFo,20,5,5.6502815457,0.6502815457,1.1300563091,5.80028113,Solved
L?AAD@Oi?{F_Fo,22,5,5.6502815456,0.6502815456,1.1300563091,5.78653866,Solved
L?AAD@OJ@cHgm?,20,5,5.6502815455,0.6502815455,1.1300563091,5.81213238,Solved
L?AAD@Oi@WAoFO,19,5,5.6502815454,0.6502815454,1.1300563091,5.80514908,Solved
L?AAD@W[?sD_Bc,20,5,5.6502815452,0.6502815452,1.1300563090,5.81380141,Solved
L?AAD@OJ@sV?Bw,22,5,5.6502815452,0.6502815452,1.1300563090,5.82090774,Solved
L?AAD@Oi?sF_VO,21,5,5.6502815449,0.6502815449,1.1300563090,5.80455633,Solved
L?AE@b_F?VM_J_,23,5,5.6502815448,0.6502815448,1.1300563090,5.84581039,Solved
L?AADbGH`sF_sC,23,5,5.6502815448,0.6502815448,1.1300563090,5.81219207,Solved
L?AAD@Oi@WAoVO,20,5,5.6502815444,0.6502815444,1.1300563089,5.77733955,Solved
L?AADb_B`wN?Dg,23,5,5.6502815441,0.6502815441,1.1300563088,5.85891259,Solved
L?AAD@OJ@sJ_ig,22,5,5.6502815440,0.6502815440,1.1300563088,5.82574764,Solved
L?AAD@W[?Um_Fo,23,5,5.6502815440,0.6502815440,1.1300563088,5.82656194,Solved
L?AAD?s]F_@wDo,23,5,5.6502815439,0.6502815439,1.1300563088,5.79314276,Solved
L?AAD@Oy@wBoFo,23,5,5.6502815438,0.6502815438,1.1300563088,5.78120417,Solved
L?AAD@Oi@cBgN_,21,5,5.6502815438,0.6502815438,1.1300563088,5.76139830,Solved
L?AAD@Oi@WAoRO,19,5,5.6502815438,0.6502815438,1.1300563088,5.74964218,Solved
L?AAD@Oi@wFOVO,22,5,5.6502815436,0.6502815436,1.1300563087,5.80641716,Solved
L?AAD@OJ@cBgi_,20,5,5.6502815436,0.6502815436,1.1300563087,5.80925091,Solved
L?AAD?cUCsM_ah,22,5,5.6502815436,0.6502815436,1.1300563087,5.75601825,Solved
L?AADb_B_xN?N?,23,5,5.6502815434,0.6502815434,1.1300563087,5.84782414,Solved
L?AAD@OJDoHgk_,21,5,5.6502815432,0.6502815432,1.1300563086,5.81627984,Solved
L?AAD@W[?{F_Bs,23,5,5.6502815431,0.6502815431,1.1300563086,5.83873658,Solved
L?AAD@Oi?sF_Fo,21,5,5.6502815430,0.6502815430,1.1300563086,5.77227489,Solved
L?AAD@Oi@WBoFO,20,5,5.6502815429,0.6502815429,1.1300563086,5.81273345,Solved
L?AAD@OJDcHgm_,22,5,5.6502815424,0.6502815424,1.1300563085,5.77294015,Solved
L?AAD@Oi@cHg^?,21,5,5.6502815424,0.6502815424,1.1300563085,5.79443165,Solved
L?AAD@Oi@WBOFO,19,5,5.6502815423,0.6502815423,1.1300563085,5.80720369,Solved
L?AAD@OJ@cV?Bw,21,5,5.6502815420,0.6502815420,1.1300563084,5.80517536,Solved
L?AAD@Oi@W@gk_,19,5,5.6502815420,0.6502815420,1.1300563084,5.78553181,Solved
L?AAD@W[?sD_Bs,21,5,5.6502815417,0.6502815417,1.1300563083,5.81388302,Solved
L?AAD@Oi@WBORO,19,5,5.6502815415,0.6502815415,1.1300563083,5.77616652,Solved
L?AAD@OJ?sV?Bw,21,5,5.6502815414,0.6502815414,1.1300563083,5.81965289,Solved
L?AAD@W[@WBoBs,22,5,5.6502815413,0.6502815413,1.1300563083,5.82554473,Solved
L?AAD@Oy?yF_Do,22,5,5.6502815412,0.6502815412,1.1300563082,5.81917530,Solved
L?`@Cb_HOs@sSc,22,5,5.6502815412,0.6502815412,1.1300563082,5.84659228,Solved
L?AAD@Oi@WBoFo,21,5,5.6502815407,0.6502815407,1.1300563081,5.77091516,Solved
L?AAD@OiDcHg^?,22,5,5.6502815407,0.6502815407,1.1300563081,5.79432456,Solved
L?AAD?cU?s]?Bp,21,5,5.6502815406,0.6502815406,1.1300563081,5.75557762,Solved
L?AAD@Oi@wAwFO,21,5,5.6502815406,0.6502815406,1.1300563081,5.80943721,Solved
L?AAD@Oi@WBOFo,20,5,5.6502815405,0.6502815405,1.1300563081,5.76907687,Solved
L?AEAGoI@oXCDd,21,5,5.6502815405,0.6502815405,1.1300563081,5.77692769,Solved
L?AAD@OJ?s\?Fo,21,5,5.6502815404,0.6502815404,1.1300563081,5.77563632,Solved
L?AAD@OiBWHgk_,21,5,5.6502815403,0.6502815403,1.1300563081,5.77656743,Solved
L?AAD@W{Bg@wFO,23,5,5.6502815403,0.6502815403,1.1300563081,5.83951882,Solved
L?AAD@OJBo@sN_,22,5,5.6502815402,0.6502815402,1.1300563080,5.81427427,Solved
L?AAD@Oi@WHgk_,20,5,5.6502815402,0.6502815402,1.1300563080,5.78787023,Solved
L?AAD@Oi@wHgk_,21,5,5.6502815401,0.6502815401,1.1300563080,5.80461350,Solved
L?AAD@Oi@WBgM_,20,5,5.6502815401,0.6502815401,1.1300563080,5.80596583,Solved
L?AAD@Oy@wAwFo,23,5,5.6502814838,0.6502814838,1.1300562968,5.78084506,Solved
L?AADBOL?{N?Bw,23,5,5.6502810430,0.6502810430,1.1300562086,5.80449386,Solved
L?AAFBOm@[BoBo,24,5,5.6502802936,0.6502802936,1.1300560587,5.83100979,Solved
L?AADb_B`wN?Fg,24,5,5.6502787697,0.6502787697,1.1300557539,5.85266977,Solved
L?AE@b_F?VM_N_,24,5,5.6502751572,0.6502751572,1.1300550314,5.84841693,Solved
L?AEB`gFF_@wJ_,24,5,5.6502747076,0.6502747076,1.1300549415,5.82425254,Solved
L?AAD?s]F_@wFo,24,5,5.6502678040,0.6502678040,1.1300535608,5.81587704,Solved
L?AADbGH`sEouC,24,5,5.6502643108,0.6502643108,1.1300528622,5.84536445,Solved
L?ABA_gaQhV?^?,23,5,5.6502568861,0.6502568861,1.1300513772,5.75967006,Solved
L?AADb_m@sBoBw,25,5,5.6502528796,0.6502528796,1.1300505759,5.85408955,Solved
L?AAFBOm?]FON_,25,5,5.6502387888,0.6502387888,1.1300477578,5.82408234,Solved
L?AAD@oRBgBWBw,23,5,5.6502188257,0.6502188257,1.1300437651,5.79035060,Solved
L?AAFBOm@[FOBw,25,5,5.6502074860,0.6502074860,1.1300414972,5.83064503,Solved
L?AADb_]@w@sN_,25,5,5.6502026682,0.6502026682,1.1300405336,5.81360703,Solved
L?AAD?cuF_BSAy,23,5,5.6501669420,0.6501669420,1.1300333884,5.75584228,Solved
L?AAD@OJ@cVOVO,22,5,5.6501606882,0.6501606882,1.1300321376,5.78887901,Solved
L?AAD@Oi@WHgca,20,5,5.6501606861,0.6501606861,1.1300321372,5.77465533,Solved
L?AAD@Oi@W@ge_,19,5,5.6501606855,0.6501606855,1.1300321371,5.77388829,Solved
L?AAD@OJ@cBgm_,21,5,5.6501606836,0.6501606836,1.1300321367,5.78158809,Solved
L?AAD@OJ?sV?Fo,21,5,5.6501606819,0.6501606819,1.1300321364,5.75327021,Solved
L?AAD@OJ?sV?VO,21,5,5.6501606814,0.6501606814,1.1300321363,5.75274129,Solved
L?AAD@OJ?s^?Fo,22,5,5.6501606794,0.6501606794,1.1300321359,5.76397272,Solved
L?AAD@OJ@cBgm?,20,5,5.6501606791,0.6501606791,1.1300321358,5.78540836,Solved
L?AAD@OJ@cV?VO,21,5,5.6501606787,0.6501606787,1.1300321357,5.78241606,Solved
L?AAD@OJ?sV?FO,20,5,5.6501606778,0.6501606778,1.1300321356,5.76123790,Solved
L?AAD@W[?s@YXA,21,5,5.6501606775,0.6501606775,1.1300321355,5.75556408,Solved
L?AAD?wTCSeo^?,23,5,5.6501524149,0.6501524149,1.1300304830,5.74607048,Solved
L?AAD@OJ@sBgm?,21,5,5.6501373442,0.6501373442,1.1300274688,5.75392810,Solved
L?AAD@OJ@sBgm_,22,5,5.6501373437,0.6501373437,1.1300274687,5.76354354,Solved
L?AAD@OJ@sV?VO,22,5,5.6501349668,0.6501349668,1.1300269934,5.75126518,Solved
L?AAD@OJ@cHgy?,20,5,5.6501345371,0.6501345371,1.1300269074,5.74641822,Solved
L?AAD@OJ@cHg}?,21,5,5.6501249601,0.6501249601,1.1300249920,5.76845715,Solved
L?`D@POdF_HQ@Z,24,5,5.6501133246,0.6501133246,1.1300226649,5.75973880,Solved
L?AAD@OJFOHgcc,21,5,5.6500964756,0.6500964756,1.1300192951,5.76378448,Solved
L?AAD@OJ@sN?ig,22,5,5.6500872966,0.6500872966,1.1300174593,5.76072369,Solved
L?AAD@Oi@WBgN_,21,5,5.6500872966,0.6500872966,1.1300174593,5.78595390,Solved
L?AAD@OJ@sN?Jg,22,5,5.6500872960,0.6500872960,1.1300174592,5.76323163,Solved
L?AAD@Oi@W@gm_,20,5,5.6500872955,0.6500872955,1.1300174591,5.77123230,Solved
L?AAD@W[?s@Y^?,22,5,5.6500872955,0.6500872955,1.1300174591,5.80836105,Solved
L?AAD@OJBoDSN_,22,5,5.6500872943,0.6500872943,1.1300174589,5.76833956,Solved
L?AAD@Oi@wHgm_,22,5,5.6500872943,0.6500872943,1.1300174589,5.79324120,Solved
L?AAD@OJDo@km_,22,5,5.6500872941,0.6500872941,1.1300174588,5.76209184,Solved
L?AAD@OJBoDSm_,22,5,5.6500872939,0.6500872939,1.1300174588,5.75312889,Solved
L?AAD@Oy?]F_Fo,23,5,5.6500872938,0.6500872938,1.1300174588,5.77626393,Solved
L?AAD@Oy?yF_Fo,23,5,5.6500872933,0.6500872933,1.1300174587,5.75467594,Solved
L?AAD@OJDoHgm_,22,5,5.6500872932,0.6500872932,1.1300174586,5.76248654,Solved
L?AAD@OJDoUORP,22,5,5.6500872927,0.6500872927,1.1300174585,5.78665925,Solved
L?AAD@Oi@wBgN_,22,5,5.6500872925,0.6500872925,1.1300174585,5.76820250,Solved
L?AAD@Oi@WHgm_,21,5,5.6500872923,0.6500872923,1.1300174585,5.77421850,Solved
L?AAD@OJFO@kCf,22,5,5.6500872922,0.6500872922,1.1300174584,5.76948226,Solved
L?AAD@Oi@WBgFo,21,5,5.6500872921,0.6500872921,1.1300174584,5.76373772,Solved
L?AAD@OiDcL_RQ,22,5,5.6500872913,0.6500872913,1.1300174583,5.75888436,Solved
L?AAD@Oi@w@wN_,22,5,5.6500872913,0.6500872913,1.1300174583,5.77474370,Solved
L?AAD@Oi@wBwFo,23,5,5.6500872910,0.6500872910,1.1300174582,5.74245048,Solved
L?AADbGL@sN?Lg,24,5,5.6500872902,0.6500872902,1.1300174580,5.74703048,Solved
L?AEAGoIDoHccT,22,5,5.6500688097,0.6500688097,1.1300137619,5.77256296,Solved
L?AAD@OJ@c@h}?,21,5,5.6500688083,0.6500688083,1.1300137617,5.76567307,Solved
L?AAD@OJDo@wL_,21,5,5.6500635438,0.6500635438,1.1300127088,5.78824305,Solved
L?AADbGL@sEs}?,25,5,5.6500602917,0.6500602917,1.1300120583,5.75075377,Solved
L?AAD@OJDo@wN_,22,5,5.6500560724,0.6500560724,1.1300112145,5.80420613,Solved
L?AAD?wTAY]?Fo,23,5,5.6500539757,0.6500539757,1.1300107951,5.75658223,Solved
L?AEB?w\BgBWAu,25,5,5.6500459296,0.6500459296,1.1300091859,5.75898770,Solved
L?AAD@OJ@sJgm_,23,5,5.6500293750,0.6500293750,1.1300058750,5.76377495,Solved
L?`D@POdDgIWAN,24,5,5.6500261951,0.6500261951,1.1300052390,5.74427786,Solved
L?AAD@oR@sTOTP,23,5,5.6500204679,0.6500204679,1.1300040936,5.75454124,Solved
L?AADb_B_xN?\?,23,5,5.6499907316,0.6499907316,1.1299981463,5.79030520,Solved
L?ABAaGB_{]?gU,23,5,5.6499854382,0.6499854382,1.1299970876,5.74087231,Solved
L?AAD@OJCc|?RQ,22,5,5.6499854361,0.6499854361,1.1299970872,5.74782548,Solved
L?AAD@OJ@c\?RQ,21,5,5.6499823258,0.6499823258,1.1299964652,5.76088365,Solved
L?AADb_]@w@sFg,25,5,5.6499796400,0.6499796400,1.1299959280,5.82458584,Solved
L?ABAaGR?sF_HY,22,5,5.6499792873,0.6499792873,1.1299958575,5.77194689,Solved
L?AADb_]@wAsFg,25,5,5.6499684806,0.6499684806,1.1299936961,5.80356079,Solved
L?AADb_]@wBsFg,26,5,5.6499684742,0.6499684742,1.1299936948,5.76124259,Solved
L?AAD@OJ@cHh}?,22,5,5.6499605430,0.6499605430,1.1299921086,5.77292697,Solved
L?AADb_B_xN?^?,24,5,5.6499577625,0.6499577625,1.1299915525,5.79057918,Solved
L?AADbGH`sN?Lg,24,5,5.6499530360,0.6499530360,1.1299906072,5.78793981,Solved
L?AEB`gFF_DoBq,25,5,5.6499530318,0.6499530318,1.1299906064,5.80202550,Solved
L?AEB_kuEoEoHe,26,5,5.6499530314,0.6499530314,1.1299906063,5.77287638,Solved
L?AADAoFBWJGi_,22,5,5.6499137884,0.6499137884,1.1299827577,5.74260256,Solved
L?AA@AOT@sPW}?,21,5,5.6499132691,0.6499132691,1.1299826538,5.75560105,Solved
L?AAD@W[@KFOBc,21,5,5.6499118886,0.6499118886,1.1299823777,5.78068441,Solved
L?AEB?s]F_@wN_,25,5,5.6499084505,0.6499084505,1.1299816901,5.81514417,Solved
L?AAD@OJDoDSVO,22,5,5.6499020460,0.6499020460,1.1299804092,5.74156113,Solved
L?`@Cb_HOs@soc,22,5,5.6498846889,0.6498846889,1.1299769378,5.80875122,Solved
L?AADbGH`sF_eC,23,5,5.6498794042,0.6498794042,1.1299758808,5.77659377,Solved
L?AAD@W[CSm_m_,23,5,5.6498607952,0.6498607952,1.1299721590,5.75967231,Solved
L?AA@qoJAXEoce,24,5,5.6498554367,0.6498554367,1.1299710873,5.79991031,Solved
L?AAD?wXBgBwEs,24,5,5.6497927639,0.6497927639,1.1299585528,5.75870658,Solved
L?AADbGL?[\?Kg,22,5,5.6497912144,0.6497912144,1.1299582429,5.74259056,Solved
L?`@Cb_HOs@ssc,23,5,5.6497892188,0.6497892188,1.1299578438,5.82358756,Solved
L?AADbGH`sF_uC,24,5,5.6497877912,0.6497877912,1.1299575582,5.79501347,Solved
L?`@Cb_L?sGYF_,22,5,5.6497731592,0.6497731592,1.1299546318,5.74701845,Solved
L?AEFBo]@wBoFo,27,5,5.6497730491,0.6497730491,1.1299546098,5.84327597,Solved
L?AADagUAYUO^?,24,5,5.6497718605,0.6497718605,1.1299543721,5.77443805,Solved
L?AAD@W[@KBoBc,21,5,5.6497652282,0.6497652282,1.1299530456,5.74633542,Solved
L?AAD@W[?Ubo^?,23,5,5.6497559832,0.6497559832,1.1299511966,5.81967509,Solved
L?AEB`gFF_@wM_,24,5,5.6497421077,0.6497421077,1.1299484215,5.80858366,Solved
L?AEB`gFF_@wN_,25,5,5.6497418004,0.6497418004,1.1299483601,5.81093857,Solved
L?AAD@Oi@wEoVO,22,5,5.6497360822,0.6497360822,1.1299472164,5.74509180,Solved
L?AEAGoIEPN_De,23,5,5.6497001418,0.6497001418,1.1299400284,5.78268815,Solved
L?AAD?oyBWBoFo,23,5,5.6496949121,0.6496949121,1.1299389824,5.76354120,Solved
L?AAD?oyBW@wFo,23,5,5.6496949080,0.6496949080,1.1299389816,5.75211991,Solved
L?AAD?oyBWBgFo,23,5,5.6496949068,0.6496949068,1.1299389814,5.75748095,Solved
L?AAD?oZBo@[Fo,23,5,5.6495840733,0.6495840733,1.1299168147,5.75018674,Solved
L?AAD?oy?{Bw^?,24,5,5.6495840704,0.6495840704,1.1299168141,5.75871197,Solved
L?AAD?oy?]Bw^?,24,5,5.6495840693,0.6495840693,1.1299168139,5.75654107,Solved
L?AAD?oNBo@[Fo,23,5,5.6495840686,0.6495840686,1.1299168137,5.79106862,Solved
L?AAD?oy?uBo^?,23,5,5.6495840683,0.6495840683,1.1299168137,5.75425299,Solved
L?AAD?oy?yBw^?,24,5,5.6495840668,0.6495840668,1.1299168134,5.74285578,Solved
L?AAD@Oi?sHgN_,21,5,5.6495559958,0.6495559958,1.1299111992,5.77863473,Solved
L?AAD@Oi@cHgN_,21,5,5.6495559942,0.6495559942,1.1299111988,5.74534147,Solved
L?AAD@Oi@sHgN_,22,5,5.6495508759,0.6495508759,1.1299101752,5.75787315,Solved
L?AAD@oRCsF_cc,22,5,5.6495354848,0.6495354848,1.1299070970,5.76725118,Solved
L?AAD?cUCsEoqH,22,5,5.6495162871,0.6495162871,1.1299032574,5.74696969,Solved
L?AAD@OJCsV?Bw,22,5,5.6495162850,0.6495162850,1.1299032570,5.75016637,Solved
L?AAD@Oi@WROVO,21,5,5.6495162845,0.6495162845,1.1299032569,5.76054206,Solved
L?AA@qoZF_HcBi,25,5,5.6495076917,0.6495076917,1.1299015383,5.75564269,Solved
L?ABAaGBe_tGDh,23,5,5.6494772913,0.6494772913,1.1298954583,5.77623932,Solved
L?AAFBOm?]EoN_,25,5,5.6494610045,0.6494610045,1.1298922009,5.77554864,Solved
L?AAFBOm?]FoN_,26,5,5.6494610014,0.6494610014,1.1298922003,5.77549080,Solved
L?AADb_B_lF_}?,24,5,5.6494610009,0.6494610009,1.1298922002,5.84727926,Solved
L?AAFBOm?]F_N_,25,5,5.6494610008,0.6494610008,1.1298922002,5.81621220,Solved
L?AAD?wT?m\?N_,23,5,5.6494600002,0.6494600002,1.1298920000,5.75772994,Solved
L?AADb_B_tN?i_,23,5,5.6494591262,0.6494591262,1.1298918252,5.75046052,Solved
L?AAD@oR?VF_Fo,23,5,5.6494567183,0.6494567183,1.1298913437,5.76569205,Solved
L?AE@`HX@oAs{?,22,5,5.6494538995,0.6494538995,1.1298907799,5.74373459,Solved
L?AAD?oyCsAwN_,23,5,5.6494427677,0.6494427677,1.1298885535,5.76511972,Solved
L?AE@_wXCQeou?,23,5,5.6494414643,0.6494414643,1.1298882929,5.75911275,Solved
L?AADbGH`sZAN_,25,5,5.6494386000,0.6494386000,1.1298877200,5.79592585,Solved
L?AAD@Oi?sBgJg,21,5,5.6494377423,0.6494377423,1.1298875485,5.76827345,Solved
L?AAD@Oi?sF_Bw,21,5,5.6494348447,0.6494348447,1.1298869689,5.78800844,Solved
L?AAD@W[?Uf_N_,23,5,5.6494322655,0.6494322655,1.1298864531,5.76164992,Solved
L?ABCeWUAWN_H[,25,5,5.6494268361,0.6494268361,1.1298853672,5.83418240,Solved
L?AAD@W[@WFOBs,22,5,5.6494229579,0.6494229579,1.1298845916,5.78245733,Solved
L?AADAoFFOEoFo,23,5,5.6494172034,0.6494172034,1.1298834407,5.74846482,Solved
L?AAD@oIaw@w}?,23,5,5.6494134866,0.6494134866,1.1298826973,5.74337394,Solved
L?AAD@Oi@WBgk_,20,5,5.6494010765,0.6494010765,1.1298802153,5.77450781,Solved
L?AAD@W[?s@YHI,21,5,5.6494005115,0.6494005115,1.1298801023,5.74366358,Solved
L?AAFAw]@wBoFo,26,5,5.6493998245,0.6493998245,1.1298799649,5.77098092,Solved
L?AADb_]@s@sN_,25,5,5.6493998204,0.6493998204,1.1298799641,5.80629358,Solved
L?AAD@OJCsBgm?,21,5,5.6493992288,0.6493992288,1.1298798458,5.74265043,Solved
L?AAD@OJDo@wk_,21,5,5.6493974391,0.6493974391,1.1298794878,5.75884611,Solved
L?AAD@Oi@WBgm_,21,5,5.6493883308,0.6493883308,1.1298776662,5.77240442,Solved
L?AAD@OJDo@wm_,22,5,5.6493883306,0.6493883306,1.1298776661,5.75719444,Solved
L?AAD@OJDoAwFo,22,5,5.6493883294,0.6493883294,1.1298776659,5.75979833,Solved
L?AAD@OJDoBgm_,22,5,5.6493883278,0.6493883278,1.1298776656,5.74390984,Solved
L?AAD@Oi@wBge_,21,5,5.6493883277,0.6493883277,1.1298776655,5.78822649,Solved
L?AADAoFFOBWN_,23,5,5.6493804806,0.6493804806,1.1298760961,5.75040942,Solved
L?AAD@OJDoHgcc,21,5,5.6493794702,0.6493794702,1.1298758940,5.77294136,Solved
L?AAD@OJ@sJ_Jg,22,5,5.6493780743,0.6493780743,1.1298756149,5.75356390,Solved
L?AAD@OJCchg}?,22,5,5.6493728152,0.6493728152,1.1298745630,5.76769112,Solved
L?AADbGX@gBOcc,21,5,5.6493722888,0.6493722888,1.1298744578,5.77028492,Solved
L?ABCeWU@WN_H[,25,5,5.6493711225,0.6493711225,1.1298742245,5.81183601,Solved
L?ABCeWUBWN_H[,26,5,5.6493699181,0.6493699181,1.1298739836,5.81663141,Solved
L?AADAw]BgIgi`,25,5,5.6493558673,0.6493558673,1.1298711735,5.81978166,Solved
L?AADb_B_lN?\?,23,5,5.6493472523,0.6493472523,1.1298694505,5.77524493,Solved
L?AA@BOm@sDoFo,23,5,5.6493465251,0.6493465251,1.1298693050,5.75497714,Solved
L?AAD@W[@[BoBc,22,5,5.6493419271,0.6493419271,1.1298683854,5.76968166,Solved
L?AAD@W[?sDoBc,21,5,5.6493419261,0.6493419261,1.1298683852,5.80012681,Solved
L?AAD@oi`wIgm_,24,5,5.6493356940,0.6493356940,1.1298671388,5.78472937,Solved
L?`@Cb_HQoJOBw,23,5,5.6493162835,0.6493162835,1.1298632567,5.74945055,Solved
L?`@Cb_HQcJOBw,23,5,5.6493162830,0.6493162830,1.1298632566,5.74874776,Solved
L?ABAagFAhTGm?,23,5,5.6492934389,0.6492934389,1.1298586878,5.74992399,Solved
L?AAD@Oi?sN_Fo,22,5,5.6492869695,0.6492869695,1.1298573939,5.74171900,Solved
L?AAD@Oi@cFoVO,22,5,5.6492869680,0.6492869680,1.1298573936,5.74688297,Solved
L?AAD@Oi?sJgN_,22,5,5.6492869665,0.6492869665,1.1298573933,5.78156465,Solved
L?AAD@Oi@cHh^?,22,5,5.6492848396,0.6492848396,1.1298569679,5.76496785,Solved
L?AAD@W[?s@q^?,22,5,5.6492843031,0.6492843031,1.1298568606,5.79024804,Solved
L?ABAaQuBoCkZG,25,5,5.6492816862,0.6492816862,1.1298563372,5.82587687,Solved
L?AAD@W[@WFoBs,23,5,5.6492812693,0.6492812693,1.1298562539,5.78836702,Solved
L?AE@_wXCQ|?Db,24,5,5.6492809786,0.6492809786,1.1298561957,5.75924949,Solved
L?AAD@W[@KBoBs,22,5,5.6492808415,0.6492808415,1.1298561683,5.74336208,Solved
L?ABAaIM@JZ?Z?,23,5,5.6492645067,0.6492645067,1.1298529013,5.76831944,Solved
L?AADbGH_{F_eC,23,5,5.6492624812,0.6492624812,1.1298524962,5.76473409,Solved
L?AADbGX@gBOeC,21,5,5.6492617582,0.6492617582,1.1298523516,5.74310094,Solved
L?AEB_NJ`wN?{G,27,5,5.6492480398,0.6492480398,1.1298496080,5.82192377,Solved
L?AEFBo]@k@wN_,27,5,5.6492480343,0.6492480343,1.1298496069,5.79038800,Solved
L?AEBBo\@wBoBw,26,5,5.6492480307,0.6492480307,1.1298496061,5.84153230,Solved
L?AAD@OiBW@kcb,22,5,5.6492344925,0.6492344925,1.1298468985,5.75126817,Solved
L?AAD@OJBo@sm_,22,5,5.6492344909,0.6492344909,1.1298468982,5.77153325,Solved
L?AAD@OJ@sJ_Bw,22,5,5.6492344897,0.6492344897,1.1298468979,5.74161585,Solved
L?ABAaIF@JM_ea,24,5,5.6492341279,0.6492341279,1.1298468256,5.74810698,Solved
L?AAD@OJCsV?VO,22,5,5.6492336013,0.6492336013,1.1298467203,5.74092549,Solved
L?AAD@OiCsF_VO,22,5,5.6492336007,0.6492336007,1.1298467201,5.78403195,Solved
L?AAD@OiDcF_RQ,22,5,5.6492335985,0.6492335985,1.1298467197,5.76456109,Solved
L?AAD@W[?Ubo\A,23,5,5.6492335981,0.6492335981,1.1298467196,5.75771783,Solved
L?AAD@OZBoFOig,23,5,5.6492335972,0.6492335972,1.1298467194,5.74128701,Solved
L?AAD@W[@gFoBs,23,5,5.6492335090,0.6492335090,1.1298467018,5.74926206,Solved
L?AAD@Oi@wBgm_,22,5,5.6491765016,0.6491765016,1.1298353003,5.78425500,Solved
L?AAD@Oi@wBgk_,21,5,5.6491764930,0.6491764930,1.1298352986,5.78790801,Solved
L?AAD`om@[BoBo,24,5,5.6491697264,0.6491697264,1.1298339453,5.77052403,Solved
L?AAD`om@[@wN_,25,5,5.6491697223,0.6491697223,1.1298339445,5.76156699,Solved
L?AAD@W[?{EoBs,23,5,5.6491611408,0.6491611408,1.1298322282,5.74957649,Solved
L?AE@bGyBWBoDk,25,5,5.6491583237,0.6491583237,1.1298316647,5.77341516,Solved
L?AADb_m?]BoN_,25,5,5.6491583165,0.6491583165,1.1298316633,5.79951839,Solved
L?AADb_B_xF_}?,24,5,5.6491583160,0.6491583160,1.1298316632,5.82631037,Solved
L?AAD@oR?VBW^?,23,5,5.6491265027,0.6491265027,1.1298253005,5.76262957,Solved
L?AAD@oi`sJ_TS,24,5,5.6491251650,0.6491251650,1.1298250330,5.78740092,Solved
L?AAD@Oi@WBoRO,20,5,5.6491155780,0.6491155780,1.1298231156,5.75676782,Solved
L?AAD@OJDcHgy?,21,5,5.6491096389,0.6491096389,1.1298219278,5.75461313,Solved
L?ABA_gaRgZ?Dk,23,5,5.6490987547,0.6490987547,1.1298197509,5.75312383,Solved
L?AA@qoRDCbo^?,24,5,5.6490750973,0.6490750973,1.1298150195,5.77008478,Solved
L?ABAagF?{N?gU,24,5,5.6490028046,0.6490028046,1.1298005609,5.76068141,Solved
L?AAD?cUDcFoRQ,23,5,5.6489913370,0.6489913370,1.1297982674,5.74018511,Solved
L?AE@b_FEo@wL_,23,5,5.6489828995,0.6489828995,1.1297965799,5.74363590,Solved
L?AAD@Oi?{FoFo,23,5,5.6489795963,0.6489795963,1.1297959193,5.75620001,Solved
L?AAD@Oi?wFoFo,22,5,5.6489795950,0.6489795950,1.1297959190,5.78390606,Solved
L?AAD@OiBWHgcb,22,5,5.6489795925,0.6489795925,1.1297959185,5.75873695,Solved
L?AAD@OI@wBwDs,22,5,5.6489795923,0.6489795923,1.1297959185,5.76182924,Solved
L?AAD@Oi?sFoFo,22,5,5.6489795914,0.6489795914,1.1297959183,5.77103994,Solved
L?AAD@OI@WBwDs,21,5,5.6489795911,0.6489795911,1.1297959182,5.77958738,Solved
L?ABA_gaOlM_}?,23,5,5.6489717340,0.6489717340,1.1297943468,5.76495315,Solved
L?AAD@W[@KFOBs,22,5,5.6489650991,0.6489650991,1.1297930198,5.74896612,Solved
L?AAD@Oi?sL_VO,21,5,5.6489438774,0.6489438774,1.1297887755,5.75730782,Solved
L?`@Cb_HQc@oFG,21,5,5.6489421375,0.6489421375,1.1297884275,5.74493135,Solved
L?AAD@Oi?sHg^?,21,5,5.6489370120,0.6489370120,1.1297874024,5.77041568,Solved
L?AAD@OiCsHg^?,22,5,5.6489342913,0.6489342913,1.1297868583,5.77057865,Solved
L?AAD@oR?VN_Fo,24,5,5.6489264560,0.6489264560,1.1297852912,5.75992534,Solved
L?AAD@Oi@WHgN_,21,5,5.6489253764,0.6489253764,1.1297850753,5.74560047,Solved
L?AAD@OJFOUORP,22,5,5.6489253560,0.6489253560,1.1297850712,5.75750877,Solved
L?AE@`HX@oAs}?,23,5,5.6489057843,0.6489057843,1.1297811569,5.76459922,Solved
L?AAD@OZBoBoBw,23,5,5.6488975528,0.6488975528,1.1297795106,5.76132033,Solved
L?AADAoFEoDoFo,23,5,5.6488756971,0.6488756971,1.1297751394,5.74167079,Solved
L?ABAaGBdAbo}?,23,5,5.6488714111,0.6488714111,1.1297742822,5.74602722,Solved
L?AAD@OJBo@[N_,22,5,5.6488635369,0.6488635369,1.1297727074,5.80110044,Solved
L?ABA_gaRgAu}?,24,5,5.6488630902,0.6488630902,1.1297726180,5.75759347,Solved
L?AADb_B_xM_^?,24,5,5.6488122697,0.6488122697,1.1297624539,5.76412934,Solved
L?AAD@OJBoPSm_,22,5,5.6487582860,0.6487582860,1.1297516572,5.75338483,Solved
L?AAD@OZBoPSm_,23,5,5.6487395978,0.6487395978,1.1297479196,5.74075755,Solved
L?AAD@Oi@wFOBw,22,5,5.6487382218,0.6487382218,1.1297476444,5.75597532,Solved
L?AAD@W[@gVOae,23,5,5.6487283284,0.6487283284,1.1297456657,5.74117305,Solved
L?ABAagF?lZ?GV,24,5,5.6487186676,0.6487186676,1.1297437335,5.74099621,Solved
L?`D@bOFBo@s_V,25,5,5.6487078200,0.6487078200,1.1297415640,5.74931531,Solved
L?AAD?wTCsDoFO,22,5,5.6487045289,0.6487045289,1.1297409058,5.75246468,Solved
L?AAD@Oy?]BoN_,23,5,5.6487033556,0.6487033556,1.1297406711,5.77484511,Solved
L?`@Cb_HQcBOFg,22,5,5.6486628722,0.6486628722,1.1297325744,5.75798102,Solved
L?ABA_gaQhJ_}?,23,5,5.6486628689,0.6486628689,1.1297325738,5.74003401,Solved
L?AAD@OIBWBwDs,22,5,5.6486473682,0.6486473682,1.1297294736,5.74692363,Solved
L?AAD@OJ@sJGJg,22,5,5.6486473675,0.6486473675,1.1297294735,5.74806842,Solved
L?AAD@Oi@sFoVO,23,5,5.6486191712,0.6486191712,1.1297238342,5.75641097,Solved
L?ABAaGBd_iciP,23,5,5.6486067841,0.6486067841,1.1297213568,5.74277159,Solved
L?AAD@W[@wFoBs,24,5,5.6486007203,0.6486007203,1.1297201441,5.76307538,Solved
L?AA@r_{BgBcBk,25,5,5.6485923698,0.6485923698,1.1297184740,5.79097248,Solved
L?AAD@Oi?{F_VO,22,5,5.6485579180,0.6485579180,1.1297115836,5.75994627,Solved
L?AEB?WMBHM_aR,23,5,5.6485579156,0.6485579156,1.1297115831,5.76149275,Solved
L?AEB?WMBHM_Ar,23,5,5.6485579131,0.6485579131,1.1297115826,5.76598740,Solved
L?AAD@Oi@WBoVO,21,5,5.6485579122,0.6485579122,1.1297115824,5.77925706,Solved
L?AAD@Oi?sN_VO,22,5,5.6485579122,0.6485579122,1.1297115824,5.76706357,Solved
L?`@Cb_HOsAss_,22,5,5.6485120385,0.6485120385,1.1297024077,5.74516363,Solved
L?AAD?wTBgTQAu,24,5,5.6485036114,0.6485036114,1.1297007223,5.74084383,Solved
L?AADb_B_xJ_^?,24,5,5.6484979846,0.6484979846,1.1296995969,5.77091047,Solved
L?AADb_B_xF_^?,24,5,5.6484979819,0.6484979819,1.1296995964,5.76559590,Solved
L?AAD@W[?k@YN_,22,5,5.6484932508,0.6484932508,1.1296986502,5.74978844,Solved
L?AAD@OiCsL_VO,22,5,5.6484913148,0.6484913148,1.1296982630,5.74633811,Solved
L?AAD@OJDcHg}?,22,5,5.6484851604,0.6484851604,1.1296970321,5.78616553,Solved
L?AAD?wTCs@w{?,22,5,5.6484727543,0.6484727543,1.1296945509,5.74155760,Solved
L?AB?rOLBOROHX,23,5,5.6484507284,0.6484507284,1.1296901457,5.74885786,Solved
L?AADAoFBoVORW,24,5,5.6484362843,0.6484362843,1.1296872569,5.75423394,Solved
L?ABA_gaOw^?TK,23,5,5.6484307638,0.6484307638,1.1296861528,5.74013553,Solved
L?`@Cb_L?sHIFG,22,5,5.6484162084,0.6484162084,1.1296832417,5.76616191,Solved
L?AAD?wT@SeoVO,23,5,5.6484115715,0.6484115715,1.1296823143,5.77695913,Solved
L?AAD@OiCsBg^?,22,5,5.6483999423,0.6483999423,1.1296799885,5.76644226,Solved
L?AAD@OJCcv?RQ,22,5,5.6483999421,0.6483999421,1.1296799884,5.76755193,Solved
L?ABAaGBdAn?Fa,23,5,5.6483999414,0.6483999414,1.1296799883,5.74473181,Solved
L?AADbGL?[\?Dh,23,5,5.6483942768,0.6483942768,1.1296788554,5.75405833,Solved
L?AAD@W[?sDoAs,21,5,5.6483866917,0.6483866917,1.1296773383,5.76871705,Solved
L?`@Cb_HQc@oFg,22,5,5.6483535859,0.6483535859,1.1296707172,5.74698231,Solved
L?AAD@OJBo@[Fo,22,5,5.6483531858,0.6483531858,1.1296706372,5.78502316,Solved
L?AAD@W[@[BoAs,22,5,5.6483531809,0.6483531809,1.1296706362,5.75915481,Solved
L?ABAaGBdAmCDi,23,5,5.6483131539,0.6483131539,1.1296626308,5.78156828,Solved
L?AAD?w\?]Z?FO,23,5,5.6483070936,0.6483070936,1.1296614187,5.75270746,Solved
L?AAD@W[@[BoBs,23,5,5.6483047627,0.6483047627,1.1296609525,5.75838530,Solved
L?AAD@W[?sDoBs,22,5,5.6483047605,0.6483047605,1.1296609521,5.78487596,Solved
L?AADAoZBgIgi`,24,5,5.6482992297,0.6482992297,1.1296598459,5.74220259,Solved
L?AADb_]BgBcFg,25,5,5.6482716249,0.6482716249,1.1296543250,5.74402698,Solved
L?AAD@OJ@sN?Bw,22,5,5.6482572730,0.6482572730,1.1296514546,5.80606881,Solved
L?AAD@OiDcF_VO,22,5,5.6482572729,0.6482572729,1.1296514546,5.78176843,Solved
L?AAD@OJDoUOBw,22,5,5.6482572729,0.6482572729,1.1296514546,5.75729779,Solved
L?AADAoFBWJGM_,22,5,5.6482470179,0.6482470179,1.1296494036,5.74791113,Solved
L?AAD@OJBoFoBw,23,5,5.6482468649,0.6482468649,1.1296493730,5.79837411,Solved
L?AAD@OJ@sJgJg,23,5,5.6482407896,0.6482407896,1.1296481579,5.74038186,Solved
L?AAD@Oi?{EoVO,22,5,5.6482272394,0.6482272394,1.1296454479,5.74113587,Solved
L?AAD@OiCsJg^?,23,5,5.6482262289,0.6482262289,1.1296452458,5.74840397,Solved
L?AAD?wTCSfo^?,24,5,5.6482262277,0.6482262277,1.1296452455,5.74790660,Solved
L?AADAoFBoBWN_,23,5,5.6482035771,0.6482035771,1.1296407154,5.75621426,Solved
L?AAD@OJCsZ?Jg,22,5,5.6481953461,0.6481953461,1.1296390692,5.74799935,Solved
L?AA@AWT@SZGeo,22,5,5.6481789193,0.6481789193,1.1296357839,5.74729295,Solved
L?AA@AWT@SBWuO,21,5,5.6481789177,0.6481789177,1.1296357835,5.74442076,Solved
L?AA@BOT@cDU}?,22,5,5.6481781765,0.6481781765,1.1296356353,5.76230692,Solved
L?AA@AOT?kN_iE,21,5,5.6481781720,0.6481781720,1.1296356344,5.75573233,Solved
L?AA@BOJKeEok_,22,5,5.6481781708,0.6481781708,1.1296356342,5.77225685,Solved
L?AAD@OJEoVOJg,23,5,5.6481565701,0.6481565701,1.1296313140,5.74344705,Solved
L?AAD@OJCsJ_ig,22,5,5.6481424353,0.6481424353,1.1296284871,5.77794223,Solved
L?AADb_BawF_Fg,24,5,5.6481420229,0.6481420229,1.1296284046,5.76992761,Solved
L?AAD`KN@[QSZ@,25,5,5.6481420161,0.6481420161,1.1296284032,5.74887214,Solved
L?AAD@OJBoBwBw,23,5,5.6481420157,0.6481420157,1.1296284031,5.76666094,Solved
L?AE@_wXCQz?Hb,24,5,5.6481420143,0.6481420143,1.1296284029,5.76491737,Solved
L?AE@`HX@oZ?Hh,23,5,5.6481420134,0.6481420134,1.1296284027,5.74158256,Solved
L?AE@_wXEoXGHb,24,5,5.6481420131,0.6481420131,1.1296284026,5.74936073,Solved
L?`@Cb_LAQboBg,23,5,5.6481386384,0.6481386384,1.1296277277,5.76739491,Solved
L?AE@bGyAwAsN_,25,5,5.6481064651,0.6481064651,1.1296212930,5.81285282,Solved
L?AA@b_Z@wBSBw,24,5,5.6480715213,0.6480715213,1.1296143043,5.74184703,Solved
L?AADb_B_lN?^?,24,5,5.6480603775,0.6480603775,1.1296120755,5.79217390,Solved
L?AADbGH_{EouC,24,5,5.6480573795,0.6480573795,1.1296114759,5.77652326,Solved
L?AAD@oR?\BW^?,23,5,5.6480432656,0.6480432656,1.1296086531,5.74104939,Solved
L?AAD@oIaYRO^?,23,5,5.6480306500,0.6480306500,1.1296061300,5.74183381,Solved
L?AEB?WMBgRGHh,23,5,5.6480259157,0.6480259157,1.1296051831,5.74848995,Solved
L?AAD@Oi@sHgZ?,21,5,5.6480070608,0.6480070608,1.1296014122,5.75323784,Solved
L?AA@b_Jbg@w^?,24,5,5.6480050651,0.6480050651,1.1296010130,5.74022519,Solved
L?AADb_B_lROyA,24,5,5.6479877855,0.6479877855,1.1295975571,5.74689398,Solved
L?AAD?oeAWBoBw,21,5,5.6479783485,0.6479783485,1.1295956697,5.74650684,Solved
L?AADBOL@[@w}?,23,5,5.6479579414,0.6479579414,1.1295915883,5.76730936,Solved
L?AADbGHfOBoKg,23,5,5.6479490219,0.6479490219,1.1295898044,5.75997346,Solved
L?AB?qQUAXKg}?,24,5,5.6479477513,0.6479477513,1.1295895503,5.74181934,Solved
L?AAD?W\BHN?ae,23,5,5.6479239013,0.6479239013,1.1295847803,5.75803298,Solved
L?AE@_wXCQz?La,24,5,5.6479127875,0.6479127875,1.1295825575,5.75281176,Solved
L?AADbGH_{F_uC,24,5,5.6479004168,0.6479004168,1.1295800834,5.77962775,Solved
L?AAD@OJDoUOVO,22,5,5.6478929469,0.6478929469,1.1295785894,5.78310164,Solved
L?AADbGH_{FouC,25,5,5.6478904245,0.6478904245,1.1295780849,5.75484545,Solved
L?AAD@Oi@sHg^?,22,5,5.6478588389,0.6478588389,1.1295717678,5.77714115,Solved
L?AAD@Oy?yBo^?,23,5,5.6478588371,0.6478588371,1.1295717674,5.75426716,Solved
L?AAD@OyBWAwFo,23,5,5.6478368332,0.6478368332,1.1295673666,5.76161740,Solved
L?AADb_BboBs^?,25,5,5.6478245968,0.6478245968,1.1295649194,5.78258282,Solved
L?AAD?oy@kBg^?,23,5,5.6478018691,0.6478018691,1.1295603738,5.74176574,Solved
L?AAD?oy@[Aw^?,23,5,5.6477999758,0.6477999758,1.1295599952,5.76839035,Solved
L?AE@b_F?]Eo}?,24,5,5.6477937760,0.6477937760,1.1295587552,5.74810020,Solved
L?AAD@Oi@WVOVO,22,5,5.6477673226,0.6477673226,1.1295534645,5.76128544,Solved
L?AAD@W[?Ubw\A,24,5,5.6477673182,0.6477673182,1.1295534636,5.75132399,Solved
L?AAD@OiDcN_RQ,23,5,5.6477673166,0.6477673166,1.1295534633,5.74888305,Solved
L?AAD@W[CSvO\A,24,5,5.6477673165,0.6477673165,1.1295534633,5.74583304,Solved
L?AAD@OJDoVOBw,23,5,5.6477673163,0.6477673163,1.1295534633,5.75761247,Solved
L?AAD@Oi@wVOVO,23,5,5.6477673146,0.6477673146,1.1295534629,5.77394853,Solved
L?AAD@W[?sN_Bs,23,5,5.6477673146,0.6477673146,1.1295534629,5.79364200,Solved
L?AAD@OJDcVOVO,23,5,5.6477673145,0.6477673145,1.1295534629,5.76039412,Solved
L?AAD@OJCc~?RQ,23,5,5.6477670376,0.6477670376,1.1295534075,5.75786814,Solved
L?ABAaGB_{^?gU,24,5,5.6477670367,0.6477670367,1.1295534073,5.74835529,Solved
L?AB?rOL@JN?ea,24,5,5.6477545406,0.6477545406,1.1295509081,5.74063414,Solved
L?AEB?w\BgBwAu,26,5,5.6477505147,0.6477505147,1.1295501029,5.74139288,Solved
L?`@Cb_HOsYOFg,23,5,5.6477202621,0.6477202621,1.1295440524,5.76304466,Solved
L?AAD@W[?UboN_,23,5,5.6477126838,0.6477126838,1.1295425368,5.76222881,Solved
L?AAD@W[?UdoN_,23,5,5.6477126826,0.6477126826,1.1295425365,5.74790937,Solved
L?AAD@W[?s@YN_,22,5,5.6477126816,0.6477126816,1.1295425363,5.77325597,Solved
L?AAD?wTCsHgN_,23,5,5.6477100267,0.6477100267,1.1295420053,5.76987576,Solved
L?ABA_gaToF_TK,23,5,5.6477019570,0.6477019570,1.1295403914,5.75513308,Solved
L?AE@b_F?ZDo^?,24,5,5.6476910900,0.6476910900,1.1295382180,5.76124336,Solved
L?ABA_gaToN_TK,24,5,5.6476506799,0.6476506799,1.1295301360,5.75268229,Solved
L?AAD?oyCsFoDs,24,5,5.6476436875,0.6476436875,1.1295287375,5.75326354,Solved
L?ABAaGR@oAsiP,22,5,5.6476436226,0.6476436226,1.1295287245,5.77921787,Solved
L?AAD@Oy?uBo^?,23,5,5.6476330418,0.6476330418,1.1295266084,5.74624760,Solved
L?AA@agRUoJ_gd,24,5,5.6476158561,0.6476158561,1.1295231712,5.76745530,Solved
L?ABAaQ]BgCku@,25,5,5.6475830688,0.6475830688,1.1295166138,5.76208503,Solved
L?AAD@W{Bg@wFo,24,5,5.6475788309,0.6475788309,1.1295157662,5.79869565,Solved
L?AB?poq?wCie`,23,5,5.6475670610,0.6475670610,1.1295134122,5.74691074,Solved
L?AAD@Oi@WFoVO,22,5,5.6475414448,0.6475414448,1.1295082890,5.76527013,Solved
L?`@Cb_HQo@wEg,22,5,5.6475385360,0.6475385360,1.1295077072,5.74232982,Solved
L?AAD@W[BWBoBs,23,5,5.6475242933,0.6475242933,1.1295048587,5.79795064,Solved
L?AAD@OiBWHgm_,22,5,5.6474730251,0.6474730251,1.1294946050,5.74854383,Solved
L?AAD@OyBWBoFo,23,5,5.6474730238,0.6474730238,1.1294946048,5.75327893,Solved
L?AAD@OyBW@wFo,23,5,5.6474730229,0.6474730229,1.1294946046,5.74095203,Solved
L?AAD@OyBWBgFo,23,5,5.6474730219,0.6474730219,1.1294946044,5.74109268,Solved
L?AADbGLFOBoDi,24,5,5.6474700949,0.6474700949,1.1294940190,5.77353567,Solved
L?AAD@W{BgAwFo,24,5,5.6474700909,0.6474700909,1.1294940182,5.76144299,Solved
L?AE@_wXF_@wN_,24,5,5.6474700907,0.6474700907,1.1294940181,5.74248443,Solved
L?AAD@OyBWAwVO,23,5,5.6474700898,0.6474700898,1.1294940180,5.76534059,Solved
L?AAD@W{BgBgFo,24,5,5.6474700895,0.6474700895,1.1294940179,5.76192404,Solved
L?AEB?o]Bg@[Fo,24,5,5.6474459206,0.6474459206,1.1294891841,5.77155743,Solved
L?AADbGHeofoN_,26,5,5.6474378782,0.6474378782,1.1294875756,5.75745641,Solved
L?AADbGH`wZAN_,25,5,5.6474378754,0.6474378754,1.1294875751,5.78777384,Solved
L?AADbGH`[FouC,25,5,5.6474378750,0.6474378750,1.1294875750,5.78891378,Solved
L?AADbGH`kFouC,25,5,5.6474378742,0.6474378742,1.1294875748,5.78172425,Solved
L?AAD@W[BgBoBs,23,5,5.6474311726,0.6474311726,1.1294862345,5.81526795,Solved
L?AE@b_F@[M_Bw,24,5,5.6474238922,0.6474238922,1.1294847784,5.81500006,Solved
L?AAD?wTDcBgN_,23,5,5.6474233364,0.6474233364,1.1294846673,5.80399671,Solved
L?AAD@OJDc^?RQ,23,5,5.6473992186,0.6473992186,1.1294798437,5.77665029,Solved
L?AE@b_J_{M_Ax,25,5,5.6473859553,0.6473859553,1.1294771911,5.78106874,Solved
L?ABAaGBcs]AG],24,5,5.6473745263,0.6473745263,1.1294749053,5.78004445,Solved
L?AADbGHhwFOuC,25,5,5.6473725787,0.6473725787,1.1294745157,5.76204574,Solved
L?AAD@W[?{@y^?,24,5,5.6473568653,0.6473568653,1.1294713731,5.81126206,Solved
L?AADb_B`w^?Fg,25,5,5.6473478124,0.6473478124,1.1294695625,5.82981636,Solved
L?AAD@oIai^?^?,24,5,5.6473417813,0.6473417813,1.1294683563,5.74898607,Solved
L?AAD@Oi@wFoVO,23,5,5.6473417809,0.6473417809,1.1294683562,5.74744027,Solved
L?ABCdW]EoCkZO,26,5,5.6473402026,0.6473402026,1.1294680405,5.79952687,Solved
L?ABCeWYBHZ?^?,25,5,5.6472842874,0.6472842874,1.1294568575,5.78916279,Solved
L?AAD@W[@[EoBs,23,5,5.6472597692,0.6472597692,1.1294519538,5.74469503,Solved
L?AAD?wTCsBgN_,23,5,5.6472527454,0.6472527454,1.1294505491,5.76449362,Solved
L?AAD?oNAXBoVO,23,5,5.6472527442,0.6472527442,1.1294505488,5.74946555,Solved
L?AADbGL?[\?Lg,23,5,5.6472501999,0.6472501999,1.1294500400,5.76133628,Solved
L?AE@`H]FOEo^?,25,5,5.6472464289,0.6472464289,1.1294492858,5.74586333,Solved
L?AAD@Oi?{FoVO,23,5,5.6472464285,0.6472464285,1.1294492857,5.75337806,Solved
L?AAD`KNBWESN_,25,5,5.6472464282,0.6472464282,1.1294492856,5.74294926,Solved
L?AAD@Oi?{F_Bw,22,5,5.6472464274,0.6472464274,1.1294492855,5.78496803,Solved
L?AAD?wT@SjGN_,23,5,5.6472031365,0.6472031365,1.1294406273,5.78041116,Solved
L?ABAaIF?{McG],25,5,5.6471866304,0.6471866304,1.1294373261,5.76050174,Solved
L?AAD?cuCsM_ah,23,5,5.6471814205,0.6471814205,1.1294362841,5.74067823,Solved
L?AE@bGy?lN_N_,26,5,5.6471676624,0.6471676624,1.1294335325,5.81635165,Solved
L?AAD?s]@sHgk`,24,5,5.6471364663,0.6471364663,1.1294272933,5.74236401,Solved
L?AADbGHjoFOLg,25,5,5.6471364659,0.6471364659,1.1294272932,5.75367761,Solved
L?ABAagF?{^?gU,25,5,5.6470738482,0.6470738482,1.1294147696,5.74225556,Solved
L?`@Cb_HQcBoFG,22,5,5.6470649897,0.6470649897,1.1294129979,5.74151881,Solved
L?ABA_gaPgas}?,23,5,5.6470456158,0.6470456158,1.1294091232,5.74315420,Solved
L?AE@b_F?ZM_N_,24,5,5.6470401793,0.6470401793,1.1294080359,5.80527444,Solved
L?AA@qoJAXQQ}?,24,5,5.6470338975,0.6470338975,1.1294067795,5.79299403,Solved
L?AAD@Oy?mN_Fo,24,5,5.6470333828,0.6470333828,1.1294066766,5.76241241,Solved
L?AAD?wT@SjgN_,24,5,5.6470139286,0.6470139286,1.1294027857,5.78082280,Solved
L?AADb_m?]Bom_,25,5,5.6470127082,0.6470127082,1.1294025416,5.77555541,Solved
L?AE@b_FBWFOBW,23,5,5.6470003280,0.6470003280,1.1294000656,5.74822931,Solved
L?AE@b_F?ZL_N_,24,5,5.6470003211,0.6470003211,1.1294000642,5.74810701,Solved
L?AADb_]@sAsFg,25,5,5.6470001481,0.6470001481,1.1294000296,5.79792346,Solved
L?AADb_]@s@sFg,25,5,5.6470001452,0.6470001452,1.1294000290,5.81406708,Solved
L?AAD?s]@sIgi`,24,5,5.6470001447,0.6470001447,1.1294000289,5.78705172,Solved
L?AAD@W[?s@yN_,23,5,5.6469985947,0.6469985947,1.1293997189,5.77714446,Solved
L?`@Cb_HQcB_Dg,21,5,5.6469879115,0.6469879115,1.1293975823,5.75137735,Solved
L?AAD@W[@sFoBs,24,5,5.6469661512,0.6469661512,1.1293932302,5.74320601,Solved
L?AAD@W[?{@yN_,24,5,5.6469661511,0.6469661511,1.1293932302,5.75296794,Solved
L?AAD@W[@[FoBs,24,5,5.6469661467,0.6469661467,1.1293932293,5.75135807,Solved
L?AAD@W[@[FOBs,23,5,5.6469661464,0.6469661464,1.1293932293,5.78228844,Solved
L?AB?qQU@W\?HS,22,5,5.6469226954,0.6469226954,1.1293845391,5.76718060,Solved
L?AE@aoXBo@wRG,23,5,5.6469225398,0.6469225398,1.1293845080,5.76561098,Solved
L?AB?poq@IrOZ?,23,5,5.6469205341,0.6469205341,1.1293841068,5.76715023,Solved
L?AE@_w\FOXGL`,25,5,5.6469068216,0.6469068216,1.1293813643,5.78080198,Solved
L?AB?rOLBO@swO,22,5,5.6468949099,0.6468949099,1.1293789820,5.74251533,Solved
L?AADBOL?uL_Do,22,5,5.6468931213,0.6468931213,1.1293786243,5.74075402,Solved
L?AADbGLFOCsm_,24,5,5.6468553255,0.6468553255,1.1293710651,5.78138278,Solved
L?AE@b_F?VFo\A,25,5,5.6468550559,0.6468550559,1.1293710112,5.80667575,Solved
L?AE@b_FEo@wM_,23,5,5.6468518485,0.6468518485,1.1293703697,5.76005971,Solved
L?AE@`gUBW@wcJ,24,5,5.6468450897,0.6468450897,1.1293690179,5.75546235,Solved
L?AAD?W\BH^?ae,24,5,5.6468363725,0.6468363725,1.1293672745,5.75096649,Solved
L?AB?rOXFAF_Bi,24,5,5.6468311823,0.6468311823,1.1293662365,5.75261910,Solved
L?ABAaGBf?rOHX,23,5,5.6468260953,0.6468260953,1.1293652191,5.78419870,Solved
L?AAD@W{BgBgAu,24,5,5.6468231872,0.6468231872,1.1293646374,5.76263124,Solved
L?AE@_wXCQ|?La,24,5,5.6468224819,0.6468224819,1.1293644964,5.74278991,Solved
L?AADbGL@LVOuA,25,5,5.6468215949,0.6468215949,1.1293643190,5.75869396,Solved
L?AE@b_F?ZEo^?,24,5,5.6468177613,0.6468177613,1.1293635523,5.74532861,Solved
L?AE@`H]FOCs^?,25,5,5.6468177550,0.6468177550,1.1293635510,5.75976287,Solved
L?AE@b_F?ZFO^?,24,5,5.6468177538,0.6468177538,1.1293635508,5.75466426,Solved
L?AAD`KNBWSSN_,25,5,5.6468177533,0.6468177533,1.1293635507,5.76043870,Solved
L?AEBBW]?{AwN_,26,5,5.6468177526,0.6468177526,1.1293635505,5.74888199,Solved
L?AE@`gVBoAsqP,25,5,5.6468177525,0.6468177525,1.1293635505,5.75196598,Solved
L?AAD?s]?mFoyA,25,5,5.6468111015,0.6468111015,1.1293622203,5.78010399,Solved
L?AAD@cebg^?ai,25,5,5.6468056669,0.6468056669,1.1293611334,5.75168600,Solved
L?AAD@OyBWUORP,23,5,5.6467673633,0.6467673633,1.1293534727,5.74196971,Solved
L?AB?rOL?\[G]?,23,5,5.6467649910,0.6467649910,1.1293529982,5.76247088,Solved
L?ABAaIFBHSIF`,24,5,5.6467478079,0.6467478079,1.1293495616,5.76436938,Solved
L?ABAb_L?VN_Fg,25,5,5.6467461590,0.6467461590,1.1293492318,5.77019675,Solved
L?AAD`c\Cs^?ak,26,5,5.6467217962,0.6467217962,1.1293443592,5.78594900,Solved
L?AADb_m@s@{N_,26,5,5.6467168966,0.6467168966,1.1293433793,5.78212318,Solved
L?AADAw]AiN_ia,26,5,5.6467168919,0.6467168919,1.1293433784,5.77268211,Solved
L?AB?poq?kf_wO,23,5,5.6467076313,0.6467076313,1.1293415263,5.76149654,Solved
L?AB?poq?wCiah,23,5,5.6466886978,0.6466886978,1.1293377396,5.74872579,Solved
L?AEB`gFF_FoBq,26,5,5.6466881294,0.6466881294,1.1293376259,5.79377824,Solved
L?AAD?wTCsDoVO,23,5,5.6466554658,0.6466554658,1.1293310932,5.75193378,Solved
L?AE@`gFBgXGDh,24,5,5.6466515946,0.6466515946,1.1293303189,5.77122108,Solved
L?AE@`gU?lN_qQ,25,5,5.6466398153,0.6466398153,1.1293279631,5.74188824,Solved
L?AAD?oeBG@wRO,20,5,5.6466108792,0.6466108792,1.1293221758,5.74157174,Solved
L?ABAaGR@wROHX,23,5,5.6465589964,0.6465589964,1.1293117993,5.79254683,Solved
L?AEF@oV?{@{^?,27,5,5.6465501786,0.6465501786,1.1293100357,5.80090766,Solved
L?AAD@OiBWAyVO,23,5,5.6465470096,0.6465470096,1.1293094019,5.76112092,Solved
L?AADBOL?]J_Fo,23,5,5.6465023729,0.6465023729,1.1293004746,5.77367262,Solved
L?AA@r_{BWBcBk,25,5,5.6464994656,0.6464994656,1.1292998931,5.77470879,Solved
L?AADBOLBoFoBw,24,5,5.6464886649,0.6464886649,1.1292977330,5.75686146,Solved
L?AAD?WLFOIgk_,21,5,5.6464684225,0.6464684225,1.1292936845,5.74651526,Solved
L?`@Cb_HQcBoBg,22,5,5.6464372426,0.6464372426,1.1292874485,5.75537464,Solved
L?AAD@OZBo@[Fo,23,5,5.6464224798,0.6464224798,1.1292844960,5.74214249,Solved
L?AE@`gFBWXGCj,24,5,5.6464085252,0.6464085252,1.1292817050,5.77589001,Solved
L?AA@b_J`w@w^?,24,5,5.6464085207,0.6464085207,1.1292817041,5.76642165,Solved
L?AA@r_{BgBcFg,25,5,5.6463981899,0.6463981899,1.1292796380,5.77962196,Solved
L?ABA_gaPgz?Dk,23,5,5.6463933450,0.6463933450,1.1292786690,5.74659735,Solved
L?ABAaIM@JL_ea,24,5,5.6463863177,0.6463863177,1.1292772635,5.74524921,Solved
L?ABA_geAwAsgR,23,5,5.6463857914,0.6463857914,1.1292771583,5.75240224,Solved
L?`@Cb_HQo@wQc,22,5,5.6463743390,0.6463743390,1.1292748678,5.76396215,Solved
L?AAD?oNBo@sFo,23,5,5.6463667585,0.6463667585,1.1292733517,5.77176604,Solved
L?ABAaIM@JL_uA,24,5,5.6463404397,0.6463404397,1.1292680879,5.75017677,Solved
L?ABA_gaPg~?Dk,24,5,5.6463382857,0.6463382857,1.1292676571,5.74264829,Solved
L?AADAoFEoDoBw,23,5,5.6463298478,0.6463298478,1.1292659696,5.74831501,Solved
L?ABCeWyBWKk}?,27,5,5.6463130334,0.6463130334,1.1292626067,5.76718552,Solved
L?AEB?s]?]Fo{A,26,5,5.6463130299,0.6463130299,1.1292626060,5.79586967,Solved
L?AAD@Oy?]Bo^?,23,5,5.6463100154,0.6463100154,1.1292620031,5.79302682,Solved
L?AAD@Oy?]N_Fo,24,5,5.6463100145,0.6463100145,1.1292620029,5.74673730,Solved
L?AAD@Oy?{Bw^?,24,5,5.6463100113,0.6463100113,1.1292620023,5.75249415,Solved
L?ABA_gaOl^?\C,24,5,5.6463044725,0.6463044725,1.1292608945,5.74311182,Solved
L?AA@bGyAwBoDk,24,5,5.6462992035,0.6462992035,1.1292598407,5.75316802,Solved
L?AAD@W[?s@wac,21,5,5.6462338506,0.6462338506,1.1292467701,5.74607533,Solved
L?AEB_kuEoFoHe,27,5,5.6462322082,0.6462322082,1.1292464416,5.76556153,Solved
L?AEB@wDpwFoyC,27,5,5.6462010890,0.6462010890,1.1292402178,5.80372756,Solved
L?AA@b_VBg@wFg,24,5,5.6461729304,0.6461729304,1.1292345861,5.79128301,Solved
L?AADbGHfOBoLg,24,5,5.6461251941,0.6461251941,1.1292250388,5.77334795,Solved
L?AAD@oebg^?ai,25,5,5.6461229670,0.6461229670,1.1292245934,5.74620672,Solved
L?AB?qQUBI\?JG,23,5,5.6461100535,0.6461100535,1.1292220107,5.75371949,Solved
L?AB?qQUBI\?ZG,24,5,5.6461100516,0.6461100516,1.1292220103,5.76079304,Solved
L?ABA_gaOwV?Dc,21,5,5.6460578121,0.6460578121,1.1292115624,5.74654232,Solved
L?AB?qQU@Il_y?,23,5,5.6460337328,0.6460337328,1.1292067466,5.77724724,Solved
L?AB?qQU@I|?ZG,24,5,5.6460299766,0.6460299766,1.1292059953,5.76521035,Solved
L?AAD@W[@LEoQR,23,5,5.6459662028,0.6459662028,1.1291932406,5.74031243,Solved
L?AA@agU?lXG^?,23,5,5.6459338032,0.6459338032,1.1291867606,5.74746695,Solved
L?AE@b_FEo@wJ_,23,5,5.6459281332,0.6459281332,1.1291856266,5.76869258,Solved
L?AADbGL@LFouA,25,5,5.6459007272,0.6459007272,1.1291801454,5.76683819,Solved
L?AA@r_{BgAsFg,25,5,5.6459005894,0.6459005894,1.1291801179,5.77242974,Solved
L?ABCeWYBg^?XW,26,5,5.6459005888,0.6459005888,1.1291801178,5.75829395,Solved
L?AADbGHhsFouC,26,5,5.6459005885,0.6459005885,1.1291801177,5.76388912,Solved
L?AA@r_{BgBSFg,25,5,5.6459005854,0.6459005854,1.1291801171,5.75851586,Solved
L?AADbGHhwFouC,26,5,5.6459005845,0.6459005845,1.1291801169,5.75027364,Solved
L?ABAagF?{N_wE,25,5,5.6459005843,0.6459005843,1.1291801169,5.74118015,Solved
L?AEB?o]Aw@[Fo,24,5,5.6459005835,0.6459005835,1.1291801167,5.79551349,Solved
L?AADb_J`wAsy@,25,5,5.6459005834,0.6459005834,1.1291801167,5.74005992,Solved
L?AAD@o\?uJgA{,25,5,5.6459005830,0.6459005830,1.1291801166,5.74224244,Solved
L?`@Cb_HUcBoDg,23,5,5.6458920859,0.6458920859,1.1291784172,5.75437212,Solved
L?AAD?sX@sZ?ak,23,5,5.6458920844,0.6458920844,1.1291784169,5.75264817,Solved
L?`@Cb_LAQ`wDi,24,5,5.6458789159,0.6458789159,1.1291757832,5.75122699,Solved
L?AA@b_ZBg@wFg,24,5,5.6458146287,0.6458146287,1.1291629257,5.74948739,Solved
L?AAD?WLBHEoae,22,5,5.6458100812,0.6458100812,1.1291620162,5.74953670,Solved
L?AAD?sXBo@[Fo,23,5,5.6457744350,0.6457744350,1.1291548870,5.74740472,Solved
L?AAFBOm?mBom_,25,5,5.6457305408,0.6457305408,1.1291461082,5.76773891,Solved
L?AE@b_FEo@wN_,24,5,5.6457299204,0.6457299204,1.1291459841,5.75588706,Solved
L?AE@`gVBWAsqP,25,5,5.6456665105,0.6456665105,1.1291333021,5.76488463,Solved
L?AEB?oM_{@k}?,24,5,5.6456641920,0.6456641920,1.1291328384,5.75477243,Solved
L?ABA_ge@IyC^?,23,5,5.6455710438,0.6455710438,1.1291142088,5.74028411,Solved
L?AB?poq@IrO^?,24,5,5.6455641915,0.6455641915,1.1291128383,5.75223524,Solved
L?AB?rOL?\[GV?,23,5,5.6455550250,0.6455550250,1.1291110050,5.76577829,Solved
L?AADbGHdSAsy@,24,5,5.6454817198,0.6454817198,1.1290963440,5.74424818,Solved
L?AADBoy?{AwN_,25,5,5.6454780369,0.6454780369,1.1290956074,5.76833646,Solved
L?AAD?sX?sPS^?,22,5,5.6454192244,0.6454192244,1.1290838449,5.75249630,Solved
L?AA@qoJAXFoce,25,5,5.6454131227,0.6454131227,1.1290826245,5.79038075,Solved
L?ABA_gaQHf_}?,23,5,5.6453701604,0.6453701604,1.1290740321,5.79131701,Solved
L?AEB?oM_{^?Bw,25,5,5.6453603510,0.6453603510,1.1290720702,5.75117002,Solved
L?AB?rOL?\[GZ?,23,5,5.6452896890,0.6452896890,1.1290579378,5.75639312,Solved
L?AA@qoZDcHc}?,25,5,5.6452599802,0.6452599802,1.1290519960,5.77332345,Solved
L?AE@`gFEQN_Di,25,5,5.6452596926,0.6452596926,1.1290519385,5.77340868,Solved
L?AADAoFFOJGBw,23,5,5.6452152500,0.6452152500,1.1290430500,5.74038838,Solved
L?AA@AWT@sPY^?,23,5,5.6451874633,0.6451874633,1.1290374927,5.74277480,Solved
L?AADAoFBWVORW,24,5,5.6451874583,0.6451874583,1.1290374917,5.74265499,Solved
L?AB?rOL?\[G^?,24,5,5.6451830868,0.6451830868,1.1290366174,5.76245568,Solved
L?AA@b_ZAw@wFg,24,5,5.6451641964,0.6451641964,1.1290328393,5.74921433,Solved
L?`@Cb_F?]F_Ot,24,5,5.6451641942,0.6451641942,1.1290328388,5.76829060,Solved
L?`@Cb_LAE`wNA,24,5,5.6451641938,0.6451641938,1.1290328388,5.75512580,Solved
L?`@Cb_HQo@wUc,23,5,5.6451641932,0.6451641932,1.1290328386,5.75007035,Solved
L?ABCfOU@WN_H[,25,5,5.6451530713,0.6451530713,1.1290306143,5.79217611,Solved
L?AADb_J`w@w^?,25,5,5.6451481952,0.6451481952,1.1290296390,5.76886819,Solved
L?AEBBWm?mFOFo,26,5,5.6451481894,0.6451481894,1.1290296379,5.74568798,Solved
L?AB?qQuFOKgZG,25,5,5.6451481886,0.6451481886,1.1290296377,5.76973092,Solved
L?AEBBWm?{FOFo,26,5,5.6451481877,0.6451481877,1.1290296375,5.74014100,Solved
L?AADb_]@[@w^?,25,5,5.6451481864,0.6451481864,1.1290296373,5.77382732,Solved
L?ABAaQHUoL_}?,24,5,5.6451144448,0.6451144448,1.1290228890,5.78247818,Solved
L?AE@b_F?]M_N_,24,5,5.6451139920,0.6451139920,1.1290227984,5.80690410,Solved
L?AB?qQU@I\?N?,22,5,5.6450960060,0.6450960060,1.1290192012,5.74418570,Solved
L?ABCdWmDoHgPU,26,5,5.6450676982,0.6450676982,1.1290135396,5.74714664,Solved
L?AADb_J`s@wm_,25,5,5.6450676968,0.6450676968,1.1290135394,5.77061025,Solved
L?ABAaGRBWROG\,23,5,5.6449803948,0.6449803948,1.1289960790,5.77519833,Solved
L?AADb_B_tTO}?,24,5,5.6449803932,0.6449803932,1.1289960786,5.74098662,Solved
L?`@Cb_F?VF_od,24,5,5.6449803930,0.6449803930,1.1289960786,5.75310665,Solved
L?AADbGHhs^?Lg,26,5,5.6448707090,0.6448707090,1.1289741418,5.76023079,Solved
L?AAD?sX@sPS^?,23,5,5.6448567312,0.6448567312,1.1289713462,5.74422418,Solved
L?AA@AWT@sPW}?,22,5,5.6446526773,0.6446526773,1.1289305355,5.74750278,Solved
L?AE@b_ZBgBcBw,25,5,5.6444664330,0.6444664330,1.1288932866,5.77173830,Solved
L?AE@`gVEQF_Di,25,5,5.6444586523,0.6444586523,1.1288917305,5.77724948,Solved
L?AAD@W[?[CsRO,21,5,5.6443056068,0.6443056068,1.1288611214,5.74751794,Solved
L?AADBOL?]FO}?,23,5,5.6442846458,0.6442846458,1.1288569292,5.74168399,Solved
L?AAD@OJ@cBg}?,21,5,5.6441741140,0.6441741140,1.1288348228,5.74246613,Solved
L?AAD@OJ@cBgiG,20,5,5.6441675911,0.6441675911,1.1288335182,5.76604713,Solved
L?AE@`HJ`kZ?]?,24,5,5.6441642834,0.6441642834,1.1288328567,5.74013222,Solved
L?AAD@OJDo@kL_,21,5,5.6441610831,0.6441610831,1.1288322166,5.77263897,Solved
L?ABAaGR?sMCG],22,5,5.6441501480,0.6441501480,1.1288300296,5.77252050,Solved
L?AAD@W[@WBWAs,21,5,5.6440952745,0.6440952745,1.1288190549,5.78569823,Solved
L?AAD@OJDo@kN_,22,5,5.6440951252,0.6440951252,1.1288190250,5.77982251,Solved
L?`@Cb_HOsAsSc,22,5,5.6440951249,0.6440951249,1.1288190250,5.75634829,Solved
L?AAD@Oy?]F_N_,23,5,5.6440951240,0.6440951240,1.1288190248,5.76271620,Solved
L?AAD@Oy?]DoN_,23,5,5.6440951237,0.6440951237,1.1288190247,5.74028762,Solved
L?AAD@Oy?]FON_,23,5,5.6440951230,0.6440951230,1.1288190246,5.75596729,Solved
L?`@Cb_HOsAsoc,22,5,5.6440939792,0.6440939792,1.1288187958,5.75474603,Solved
L?`@Cb_HOsAssc,23,5,5.6440939658,0.6440939658,1.1288187932,5.76190225,Solved
L?AEB?o]Aw@kFO,23,5,5.6440939596,0.6440939596,1.1288187919,5.80041752,Solved
L?AE@b_F?VL_J_,23,5,5.6440939592,0.6440939592,1.1288187918,5.77365796,Solved
L?AAD@Oi@wHgCs,21,5,5.6440287230,0.6440287230,1.1288057446,5.76294057,Solved
L?AAD@W[?Uf_Eo,22,5,5.6440235487,0.6440235487,1.1288047097,5.80133664,Solved
L?AAD@W[?sPQXA,21,5,5.6440210058,0.6440210058,1.1288042012,5.78605045,Solved
L?AAD@OZDoAwFo,23,5,5.6440058913,0.6440058913,1.1288011783,5.74955050,Solved
L?AAD@OZDoBoFo,23,5,5.6440058887,0.6440058887,1.1288011777,5.74248948,Solved
L?AAD@Oi@wHgDs,22,5,5.6440058860,0.6440058860,1.1288011772,5.75187039,Solved
L?AAD@W[?UbW^?,23,5,5.6440055710,0.6440055710,1.1288011142,5.79360159,Solved
L?AADb_B_lN?L_,23,5,5.6440055692,0.6440055692,1.1288011138,5.78332422,Solved
L?AADbGHboBoDg,23,5,5.6439843627,0.6439843627,1.1287968725,5.74720620,Solved
L?AADBoy@wBoFo,25,5,5.6439801530,0.6439801530,1.1287960306,5.77893262,Solved
L?AAD@OJ@cBgig,21,5,5.6439770525,0.6439770525,1.1287954105,5.77655822,Solved
L?AAD@OJ@sBgig,22,5,5.6439591371,0.6439591371,1.1287918274,5.80482906,Solved
L?AEB_NJbo]?N_,27,5,5.6439393159,0.6439393159,1.1287878632,5.77794568,Solved
L?AAFBoy@wBoFo,26,5,5.6439393093,0.6439393093,1.1287878619,5.79180133,Solved
L?AE@`gVFOBoDg,24,5,5.6439165741,0.6439165741,1.1287833148,5.79369553,Solved
L?AE@`gVFOBoDi,25,5,5.6439131573,0.6439131573,1.1287826315,5.77832397,Solved
L?AADBoy@wAwFo,25,5,5.6439131572,0.6439131572,1.1287826314,5.76551829,Solved
L?AAFBOm@[BoBW,24,5,5.6439131554,0.6439131554,1.1287826311,5.76588216,Solved
L?AADBoy@wBgFo,25,5,5.6439131544,0.6439131544,1.1287826309,5.75859092,Solved
L?AEB?oM_uM_Ax,24,5,5.6439131527,0.6439131527,1.1287826305,5.78095716,Solved
L?`@Cb_L?sHIFg,23,5,5.6439109835,0.6439109835,1.1287821967,5.75408088,Solved
L?AE@`gF?lN_wE,25,5,5.6438815466,0.6438815466,1.1287763093,5.79878208,Solved
L?AAD@OiDcL_VO,22,5,5.6438644345,0.6438644345,1.1287728869,5.75743516,Solved
L?AAD@Oi@sL_VO,22,5,5.6438537321,0.6438537321,1.1287707464,5.75564275,Solved
L?AADb_]@kBoBw,25,5,5.6438532431,0.6438532431,1.1287706486,5.75993701,Solved
L?AAD@OZ@sJgm_,24,5,5.6438529867,0.6438529867,1.1287705973,5.74259930,Solved
L?AAD@OZDSFOVO,23,5,5.6438529846,0.6438529846,1.1287705969,5.77818694,Solved
L?AAD@OJ@kV?Bw,22,5,5.6438528928,0.6438528928,1.1287705786,5.77748060,Solved
L?AAD@OJDoFoBw,23,5,5.6438382659,0.6438382659,1.1287676532,5.78640331,Solved
L?AAD@W[?Uf_Fo,23,5,5.6438128654,0.6438128654,1.1287625731,5.81865158,Solved
L?ABAaGR?sN_HY,23,5,5.6438082730,0.6438082730,1.1287616546,5.77674126,Solved
L?AAD`om@[BoBw,25,5,5.6438044460,0.6438044460,1.1287608892,5.75999469,Solved
L?AAD@W[?Ul_Fo,23,5,5.6437609443,0.6437609443,1.1287521889,5.78933155,Solved
L?AAD@W[?Un_Fo,24,5,5.6437560247,0.6437560247,1.1287512049,5.81088945,Solved
L?AEB?o]BgBgBw,24,5,5.6437560230,0.6437560230,1.1287512046,5.76173478,Solved
L?AEF@oV?u^?Fo,27,5,5.6437017304,0.6437017304,1.1287403461,5.74562193,Solved
L?AADb_B_tN?m_,24,5,5.6436843556,0.6436843556,1.1287368711,5.75809282,Solved
L?`@Cb_LAQboFG,23,5,5.6436787532,0.6436787532,1.1287357506,5.74980718,Solved
L?AAD@OJFOHgCf,22,5,5.6436565522,0.6436565522,1.1287313104,5.75475531,Solved
L?`@Cb_HOs@sUc,23,5,5.6435536492,0.6435536492,1.1287107298,5.76582659,Solved
L?AADb_u?lF_Fg,25,5,5.6435146433,0.6435146433,1.1287029287,5.77481687,Solved
L?AEB?o]?y@{^?,25,5,5.6435146386,0.6435146386,1.1287029277,5.76118829,Solved
L?`@Cb_HOsBssc,24,5,5.6435146376,0.6435146376,1.1287029275,5.76799574,Solved
L?AAFBOm?yF_Fo,25,5,5.6435146374,0.6435146374,1.1287029275,5.74178779,Solved
L?AEB?o]AwBgBw,24,5,5.6435146370,0.6435146370,1.1287029274,5.80167863,Solved
L?AAFBOm?mF_Fo,25,5,5.6435146356,0.6435146356,1.1287029271,5.76037872,Solved
L?AAFBOm?]F_Fo,25,5,5.6435146350,0.6435146350,1.1287029270,5.78599382,Solved
L?AAD@W{BWBoBs,24,5,5.6435146346,0.6435146346,1.1287029269,5.76815593,Solved
L?AADb_B_lN?N_,24,5,5.6434874577,0.6434874577,1.1286974915,5.81094032,Solved
L?AADb_B_lFo}?,25,5,5.6434872103,0.6434872103,1.1286974421,5.79737188,Solved
L?AAFBOm@wDoBw,25,5,5.6434841292,0.6434841292,1.1286968258,5.81405319,Solved
L?AAFBOm@s@{N_,26,5,5.6434768718,0.6434768718,1.1286953744,5.78913838,Solved
L?AADb_]@[BoBw,25,5,5.6434738222,0.6434738222,1.1286947644,5.77087472,Solved
L?AADb_m?{FoBw,26,5,5.6434738181,0.6434738181,1.1286947636,5.79884305,Solved
L?AAFBOm@[FoBw,26,5,5.6434738178,0.6434738178,1.1286947636,5.77334640,Solved
L?AAFBOm@[@{m_,26,5,5.6434738170,0.6434738170,1.1286947634,5.75112195,Solved
L?AEB_ku@[N_sI,27,5,5.6434738152,0.6434738152,1.1286947630,5.76226255,Solved
L?AADBoZBgBgBw,25,5,5.6434738148,0.6434738148,1.1286947630,5.76073413,Solved
L?AADb_]@sBoBw,25,5,5.6434738148,0.6434738148,1.1286947630,5.80859853,Solved
L?AE@bGY?{N_Dk,25,5,5.6434738146,0.6434738146,1.1286947629,5.80986129,Solved
L?AAFBOm@wFoBw,26,5,5.6434738142,0.6434738142,1.1286947628,5.77485763,Solved
L?AE@bGY?kl_N_,24,5,5.6434738139,0.6434738139,1.1286947628,5.82168378,Solved
L?AEB?w\?]Fo{A,26,5,5.6434738137,0.6434738137,1.1286947627,5.78708031,Solved
L?AAFBOm@[EoBw,25,5,5.6434738136,0.6434738136,1.1286947627,5.76540519,Solved
L?AAD`LmBWN_kg,27,5,5.6434738135,0.6434738135,1.1286947627,5.75390269,Solved
L?AAD@wMbgIgi`,25,5,5.6434738133,0.6434738133,1.1286947627,5.77672009,Solved
L?AE@`gFfON_Di,26,5,5.6434738128,0.6434738128,1.1286947626,5.78166624,Solved
L?AADb_]?{FoBw,26,5,5.6434738126,0.6434738126,1.1286947625,5.77424660,Solved
L?AAD_{ZBWROce,26,5,5.6434738125,0.6434738125,1.1286947625,5.76410605,Solved
L?AAD`KNBWROci,25,5,5.6434738124,0.6434738124,1.1286947625,5.80038380,Solved
L?AE@bGYBWFoDk,25,5,5.6434738122,0.6434738122,1.1286947624,5.81388485,Solved
L?AADb_m@kBoBw,25,5,5.6434738120,0.6434738120,1.1286947624,5.78414643,Solved
L?AAFBOm@[BoBw,25,5,5.6434738118,0.6434738118,1.1286947624,5.77754348,Solved
L?AE@bGy?{N_Dk,26,5,5.6434738118,0.6434738118,1.1286947624,5.77225798,Solved
L?AAD@wMaiN_ia,26,5,5.6434738114,0.6434738114,1.1286947623,5.74235027,Solved
L?AB?rOX?\F_oR,24,5,5.6434239341,0.6434239341,1.1286847868,5.75057512,Solved
L?`@Cb_L?sGYBg,22,5,5.6431486813,0.6431486813,1.1286297363,5.75873058,Solved
L?AAD@oRCsF_kc,23,5,5.6431082699,0.6431082699,1.1286216540,5.75283716,Solved
L?AAD?WLF_IgAf,22,5,5.6430952166,0.6430952166,1.1286190433,5.75237935,Solved
L?AAD@OI@sAyFo,22,5,5.6430952163,0.6430952163,1.1286190433,5.75914582,Solved
L?AAD@Oy?mEok_,22,5,5.6430952128,0.6430952128,1.1286190426,5.81142079,Solved
L?AAD@OiBW@kVO,22,5,5.6430952127,0.6430952127,1.1286190425,5.80698096,Solved
L?AAD@OZDcAwL_,22,5,5.6430952123,0.6430952123,1.1286190425,5.80264703,Solved
L?AAD@Oi@WBgBw,21,5,5.6430952122,0.6430952122,1.1286190424,5.77530749,Solved
L?AAD@Oi@WBgBW,20,5,5.6430952117,0.6430952117,1.1286190423,5.82564357,Solved
L?AAD@Oi@sBWCs,21,5,5.6430952116,0.6430952116,1.1286190423,5.82213467,Solved
L?AAD@OJ@kM_Jg,22,5,5.6430952112,0.6430952112,1.1286190422,5.74474561,Solved
L?AAD@OI@kM_Jg,21,5,5.6430952109,0.6430952109,1.1286190422,5.76255804,Solved
L?AAD@Oi@sBWDs,22,5,5.6430952104,0.6430952104,1.1286190421,5.77197663,Solved
L?AADAoFBgBgN_,23,5,5.6430952104,0.6430952104,1.1286190421,5.75649751,Solved
L?AAD@OiCsBWDs,22,5,5.6430952099,0.6430952099,1.1286190420,5.78745271,Solved
L?AAD?W{AiM_Af,23,5,5.6430952096,0.6430952096,1.1286190419,5.76351089,Solved
L?AAD@OI@sBWDs,21,5,5.6430952093,0.6430952093,1.1286190419,5.77825290,Solved
L?AAD@OJBgCsN_,22,5,5.6430952093,0.6430952093,1.1286190419,5.78227703,Solved
L?AAD@OIBgCsN_,21,5,5.6430952091,0.6430952091,1.1286190418,5.78975625,Solved
L?AAD@OyDcEoDs,23,5,5.6430952090,0.6430952090,1.1286190418,5.79720371,Solved
L?AAD@OJDcAwL_,21,5,5.6430952089,0.6430952089,1.1286190418,5.80305622,Solved
L?AAD@Oi@wHgJG,21,5,5.6430952088,0.6430952088,1.1286190418,5.81690663,Solved
L?AAD@OI@sAYFo,21,5,5.6430952088,0.6430952088,1.1286190418,5.75237557,Solved
L?AAD@OI@kUODs,21,5,5.6430952080,0.6430952080,1.1286190416,5.81704802,Solved
L?AADAoF@wJgFo,24,5,5.6430952075,0.6430952075,1.1286190415,5.74369825,Solved
L?AAD@OJFO@kVO,22,5,5.6430952075,0.6430952075,1.1286190415,5.81280606,Solved
L?AAD@OiCsBoDs,22,5,5.6430952071,0.6430952071,1.1286190414,5.77089504,Solved
L?AAD@OiDcEoDs,22,5,5.6430952071,0.6430952071,1.1286190414,5.81175654,Solved
L?AAD@Oi@WHgBw,21,5,5.6430952062,0.6430952062,1.1286190412,5.83449523,Solved
L?AA@b_ZDcHg}?,24,5,5.6429871166,0.6429871166,1.1285974233,5.74159820,Solved
L?ABAaGRFOQQHX,23,5,5.6428950182,0.6428950182,1.1285790036,5.78542544,Solved
L?AA@b_ZDoHgk`,24,5,5.6428771716,0.6428771716,1.1285754343,5.74427213,Solved
L?AAD@oRCsN_kc,24,5,5.6428194617,0.6428194617,1.1285638923,5.74791031,Solved
L?AAD@OZBgDSm_,23,5,5.6427899812,0.6427899812,1.1285579962,5.74278732,Solved
L?AA@aHMBGBom_,22,5,5.6427486723,0.6427486723,1.1285497345,5.74714936,Solved
L?AAD@OI?{VODs,22,5,5.6425094687,0.6425094687,1.1285018937,5.74363682,Solved
L?AAD@oI_w@k}?,22,5,5.6425049002,0.6425049002,1.1285009800,5.74592809,Solved
L?AAD?wT?Uhg{A,23,5,5.6424525133,0.6424525133,1.1284905027,5.75789074,Solved
L?ABA_geAwIcgR,23,5,5.6422974109,0.6422974109,1.1284594822,5.75280349,Solved
L?AAD@OJFO@kcc,21,5,5.6421912460,0.6421912460,1.1284382492,5.77514741,Solved
L?AAD@Oi@cBg^?,21,5,5.6421813937,0.6421813937,1.1284362787,5.78315882,Solved
L?AAD@Oi@wAwVO,22,5,5.6421650907,0.6421650907,1.1284330181,5.77635572,Solved
L?AADBOL?k@YJg,22,5,5.6421111324,0.6421111324,1.1284222265,5.75082024,Solved
L?ABCdWmDoLgPU,27,5,5.6420923283,0.6420923283,1.1284184657,5.74876308,Solved
L?AAD@OiCsAwN_,22,5,5.6420813054,0.6420813054,1.1284162611,5.74367523,Solved
L?AADb_B_lN?m_,24,5,5.6419553105,0.6419553105,1.1283910621,5.77795842,Solved
L?AAD@OJCc|?BY,22,5,5.6418412583,0.6418412583,1.1283682517,5.77011740,Solved
L?AAD@OyBW@kcb,23,5,5.6415350489,0.6415350489,1.1283070098,5.75014006,Solved
L?AAD@OyAYUO^?,23,5,5.6415234514,0.6415234514,1.1283046903,5.74594934,Solved
L?AAD@OyDcF_RQ,23,5,5.6414030522,0.6414030522,1.1282806104,5.75739485,Solved
L?AAD@oi`[ROBw,24,5,5.6413494372,0.6413494372,1.1282698874,5.74487371,Solved
L?AAD?wT@[Bgm_,23,5,5.6413457190,0.6413457190,1.1282691438,5.75354320,Solved
L?AEAGoIDoHcCt,22,5,5.6411888856,0.6411888856,1.1282377771,5.78883823,Solved
L?ABAaGRBoAsiP,23,5,5.6411875730,0.6411875730,1.1282375146,5.78686538,Solved
L?ABAaGRCsN_HY,24,5,5.6411859318,0.6411859318,1.1282371864,5.78625338,Solved
L?AE@`gZBo@wcL,25,5,5.6411825102,0.6411825102,1.1282365020,5.76225264,Solved
L?`@Cb_F?\GYl@,24,5,5.6411816152,0.6411816152,1.1282363230,5.81559977,Solved
L?AE@`gZEQF_Di,25,5,5.6411815276,0.6411815276,1.1282363055,5.82025091,Solved
L?AE@`gNEQN_Di,26,5,5.6411815260,0.6411815260,1.1282363052,5.77966469,Solved
L?ABAagF?lN?gU,24,5,5.6411705337,0.6411705337,1.1282341067,5.83038306,Solved
L?ABAaQuBoDcH[,25,5,5.6411679446,0.6411679446,1.1282335889,5.81683466,Solved
L?ABAagNDQJ_Di,25,5,5.6411671931,0.6411671931,1.1282334386,5.74715746,Solved
L?AEB@[{?{@y^?,27,5,5.6411603875,0.6411603875,1.1282320775,5.78314468,Solved
L?AEF@oV?{Bw}?,27,5,5.6411603867,0.6411603867,1.1282320773,5.78794080,Solved
L?ABAaQuBoLcH[,26,5,5.6411603860,0.6411603860,1.1282320772,5.80670157,Solved
L?AA@b_NDc@wDg,23,5,5.6411062638,0.6411062638,1.1282212528,5.75345555,Solved
L?AADAwV@sIg^?,25,5,5.6409319556,0.6409319556,1.1281863911,5.76911385,Solved
L?AADb_MCs@{N_,25,5,5.6409002707,0.6409002707,1.1281800541,5.75465365,Solved
L?AAD?wT@[Hgm_,23,5,5.6407761194,0.6407761194,1.1281552239,5.77291802,Solved
L?AAD@OiDcBg^?,22,5,5.6407731468,0.6407731468,1.1281546294,5.77409486,Solved
L?AAD@Oi@wAyVO,23,5,5.6407696222,0.6407696222,1.1281539244,5.75372961,Solved
L?AB?qQU@W\?H[,23,5,5.6407048345,0.6407048345,1.1281409669,5.77595782,Solved
L?AADAoFFODoFo,23,5,5.6406787480,0.6406787480,1.1281357496,5.75533232,Solved
L?AAD@Oi@cN_VO,22,5,5.6406549064,0.6406549064,1.1281309813,5.76838561,Solved
L?AB?qQUBW\?H[,24,5,5.6406451867,0.6406451867,1.1281290373,5.78097162,Solved
L?`@Cb_HQcJQBw,24,5,5.6405604621,0.6405604621,1.1281120924,5.74665568,Solved
L?ABAaGB_{]?G],23,5,5.6405464948,0.6405464948,1.1281092990,5.76073657,Solved
L?`@Cb_HOsYOAw,22,5,5.6405243845,0.6405243845,1.1281048769,5.79971141,Solved
L?`@Cb_F?\GYN@,24,5,5.6405240650,0.6405240650,1.1281048130,5.76278727,Solved
L?ABAaQuBoDcJW,25,5,5.6405214361,0.6405214361,1.1281042872,5.77804520,Solved
L?`@Cb_F?NF_Ot,24,5,5.6404967715,0.6404967715,1.1280993543,5.77666052,Solved
L?ABAaQuBWCk}?,25,5,5.6404887264,0.6404887264,1.1280977453,5.78772419,Solved
L?`@Cb_FAE`{NA,25,5,5.6404651412,0.6404651412,1.1280930282,5.77258246,Solved
L?`@Cb_L?sGYDg,22,5,5.6404380505,0.6404380505,1.1280876101,5.76777918,Solved
L?AADbGX?sM_cc,22,5,5.6404070474,0.6404070474,1.1280814095,5.77731910,Solved
L?ABAagFAhSIu?,23,5,5.6403926799,0.6403926799,1.1280785360,5.75237632,Solved
L?AB?qQ]EoKg^?,25,5,5.6403908545,0.6403908545,1.1280781709,5.75245412,Solved
L?AAD?oNBoBWBw,23,5,5.6403697737,0.6403697737,1.1280739547,5.76671483,Solved
L?ABAagFAhSI}?,24,5,5.6403527847,0.6403527847,1.1280705569,5.75146327,Solved
L?`@Cb_LAEboDg,23,5,5.6403451575,0.6403451575,1.1280690315,5.75190564,Solved
L?AA@b_N?]Bo}?,24,5,5.6403152339,0.6403152339,1.1280630468,5.77953614,Solved
L?AE@b_F?]FO}?,24,5,5.6402865121,0.6402865121,1.1280573024,5.77533869,Solved
L?AE@b_F?]^?N_,25,5,5.6402750203,0.6402750203,1.1280550041,5.76999542,Solved
L?AEF@cL?sN_Ew,25,5,5.6402739456,0.6402739456,1.1280547891,5.77053285,Solved
L?AE@`gZEQF_Cm,25,5,5.6402698202,0.6402698202,1.1280539640,5.78066009,Solved
L?AEBBo\@w@wN_,26,5,5.6402697148,0.6402697148,1.1280539430,5.78895388,Solved
L?AEBbo\@w@wN_,27,5,5.6402697141,0.6402697141,1.1280539428,5.74768656,Solved
L?AE@bGYBW@wcF,24,5,5.6402688856,0.6402688856,1.1280537771,5.74040927,Solved
L?AAD@OiAwCsN_,22,5,5.6402650307,0.6402650307,1.1280530061,5.74643119,Solved
L?AAF?UZBoBoyG,25,5,5.6402642034,0.6402642034,1.1280528407,5.78715364,Solved
L?AAD@WLdoHgN?,23,5,5.6402456649,0.6402456649,1.1280491330,5.74131711,Solved
L?AAD?oZ?{Aw}?,23,5,5.6402441389,0.6402441389,1.1280488278,5.78079875,Solved
L?AAD?oZ?mBw}?,24,5,5.6402441370,0.6402441370,1.1280488274,5.74047603,Solved
L?ABA_ge@Ij_ci,23,5,5.6402360492,0.6402360492,1.1280472098,5.76972146,Solved
L?AA@agU@kXGN_,23,5,5.6402360461,0.6402360461,1.1280472092,5.74239695,Solved
L?AA@agqUoEoN_,24,5,5.6402360459,0.6402360459,1.1280472092,5.74375899,Solved
L?AB?poqAwCiah,24,5,5.6402360456,0.6402360456,1.1280472091,5.77155769,Solved
L?AE@aoX@[@{^?,25,5,5.6402360454,0.6402360454,1.1280472091,5.75487358,Solved
L?AEFBo]@sBoFo,27,5,5.6402348706,0.6402348706,1.1280469741,5.80978339,Solved
L?ABAaQ]BgCke`,25,5,5.6401993783,0.6401993783,1.1280398757,5.75570527,Solved
L?AEBAw{@sBoFo,26,5,5.6401467163,0.6401467163,1.1280293433,5.78262118,Solved
L?AADBOL?]FO^?,23,5,5.6401385871,0.6401385871,1.1280277174,5.74769871,Solved
L?AADBOL?{N_Fo,24,5,5.6400822248,0.6400822248,1.1280164450,5.75115320,Solved
L?AB?qQU@I\?^?,23,5,5.6400822228,0.6400822228,1.1280164446,5.76118204,Solved
L?AADBOL?{Aw^?,23,5,5.6400822195,0.6400822195,1.1280164439,5.77484492,Solved
L?ABA_ge@Ij_sI,23,5,5.6400822185,0.6400822185,1.1280164437,5.74839237,Solved
L?AADBOL?yBw^?,24,5,5.6400822183,0.6400822183,1.1280164437,5.74427000,Solved
L?AB?rOLBO@swP,23,5,5.6400822174,0.6400822174,1.1280164435,5.75310922,Solved
L?AAD@WLdSHgJ_,23,5,5.6400802152,0.6400802152,1.1280160430,5.74322630,Solved
L?`@Cb_LAEboBg,23,5,5.6400619144,0.6400619144,1.1280123829,5.77518923,Solved
L?`@Cb_LAEf_Bw,24,5,5.6400613980,0.6400613980,1.1280122796,5.75514424,Solved
L?ABAaQHRoZ?JW,24,5,5.6400201238,0.6400201238,1.1280040248,5.76683944,Solved
L?AADbGLFOBoKg,23,5,5.6399844142,0.6399844142,1.1279968828,5.75620746,Solved
L?AEB?oMbg@kDo,23,5,5.6399747838,0.6399747838,1.1279949568,5.75992634,Solved
L?AEBBo\@w@{N_,27,5,5.6399743743,0.6399743743,1.1279948749,5.78731080,Solved
L?AADAoFFOFoFo,24,5,5.6399229526,0.6399229526,1.1279845905,5.75970279,Solved
L?AAD@OiDcN_VO,23,5,5.6399229443,0.6399229443,1.1279845889,5.75833232,Solved
L?AADAoFBWFOVO,23,5,5.6399163678,0.6399163678,1.1279832736,5.75138357,Solved
L?AA@agU?lF_qQ,23,5,5.6399122672,0.6399122672,1.1279824534,5.78520139,Solved
L?AAD?sX@sPS}?,23,5,5.6398943927,0.6398943927,1.1279788785,5.77873932,Solved
L?AADbGH`hN?m_,24,5,5.6398943916,0.6398943916,1.1279788783,5.74574312,Solved
L?AAD?oyAwAwN_,23,5,5.6398943874,0.6398943874,1.1279788775,5.77774829,Solved
L?AAD@Oy@wAwVO,23,5,5.6398649129,0.6398649129,1.1279729826,5.76536830,Solved
L?AAD?W\DcIgy?,22,5,5.6398604576,0.6398604576,1.1279720915,5.74598463,Solved
L?`@Cb_LAEboEg,23,5,5.6398564457,0.6398564457,1.1279712891,5.76453407,Solved
L?AAD@oM`k@s}?,24,5,5.6398286045,0.6398286045,1.1279657209,5.74523317,Solved
L?`@Cb_L?sGYFg,23,5,5.6398286032,0.6398286032,1.1279657206,5.75896019,Solved
L?ABAaIFB`SIF`,24,5,5.6398039683,0.6398039683,1.1279607937,5.75711766,Solved
L?AADbGX?sM_ec,23,5,5.6398039674,0.6398039674,1.1279607935,5.75247871,Solved
L?ABAagVDQN_Di,26,5,5.6397855833,0.6397855833,1.1279571167,5.74519946,Solved
L?`@Cb_F?NF_od,24,5,5.6397604136,0.6397604136,1.1279520827,5.75395225,Solved
L?ABE_k{EoDgch,26,5,5.6397499630,0.6397499630,1.1279499926,5.74197990,Solved
L?AEB?o]BgBWBw,24,5,5.6397451298,0.6397451298,1.1279490260,5.74024223,Solved
L?AEBAoNAw@wFo,25,5,5.6397347119,0.6397347119,1.1279469424,5.76461759,Solved
L?AE@b_FBW@wM_,23,5,5.6397247688,0.6397247688,1.1279449538,5.75185674,Solved
L?AADbGHjoEoe_,24,5,5.6397091899,0.6397091899,1.1279418380,5.77176154,Solved
L?ABAaQ]F_@kJW,25,5,5.6396577492,0.6396577492,1.1279315498,5.77159368,Solved
L?AEB?o]AwBWBw,24,5,5.6396567347,0.6396567347,1.1279313469,5.77581664,Solved
L?ABAaQuBoCkJW,25,5,5.6396567340,0.6396567340,1.1279313468,5.77295500,Solved
L?ABAr_D_{TA\?,24,5,5.6396567330,0.6396567330,1.1279313466,5.76233734,Solved
L?AAD?sX@sPU}?,24,5,5.6396567327,0.6396567327,1.1279313465,5.74107172,Solved
L?ABA_YeawL_H[,25,5,5.6396567309,0.6396567309,1.1279313462,5.76916588,Solved
L?AA@b_Z?{^?Fg,25,5,5.6396567297,0.6396567297,1.1279313459,5.74777060,Solved
L?ABAaQuBoDgJW,25,5,5.6396567297,0.6396567297,1.1279313459,5.74384627,Solved
L?ABAb_L?tN_Bw,25,5,5.6396567295,0.6396567295,1.1279313459,5.75613984,Solved
L?`@Cb_HQoJQBw,24,5,5.6396567292,0.6396567292,1.1279313458,5.75020995,Solved
L?AEB?o]?uN_Bw,25,5,5.6396567283,0.6396567283,1.1279313457,5.74120252,Solved
L?AAD@oI_wZ?Bw,22,5,5.6396503793,0.6396503793,1.1279300759,5.74856894,Solved
L?AAD@W[@WBWBs,22,5,5.6395913516,0.6395913516,1.1279182703,5.78561024,Solved
L?AE@b_FBWFOAw,23,5,5.6395122544,0.6395122544,1.1279024509,5.76719862,Solved
L?AAD@W[CSrOXB,23,5,5.6394912169,0.6394912169,1.1278982434,5.77128387,Solved
L?AAD@Oi@sN_VO,23,5,5.6394912148,0.6394912148,1.1278982430,5.76363275,Solved
L?`@Cb_HOsBcod,23,5,5.6394610979,0.6394610979,1.1278922196,5.74148424,Solved
L?AAD?sXCcz?m_,23,5,5.6394375986,0.6394375986,1.1278875197,5.74444043,Solved
L?AADbGHdSN?Lg,24,5,5.6394282321,0.6394282321,1.1278856464,5.74767753,Solved
L?ABAaIe@wKe}?,25,5,5.6393907111,0.6393907111,1.1278781422,5.76525045,Solved
L?AE@b_FBW@wN_,24,5,5.6393747913,0.6393747913,1.1278749583,5.75387152,Solved
L?AAD@WLdcIgN_,24,5,5.6393747874,0.6393747874,1.1278749575,5.74413838,Solved
L?AADBOX@KAWm_,21,5,5.6392526683,0.6392526683,1.1278505337,5.75618186,Solved
L?AADBOX@KAWJg,21,5,5.6392526671,0.6392526671,1.1278505334,5.76189533,Solved
L?AADBOX@KAWAw,20,5,5.6392526642,0.6392526642,1.1278505328,5.77180327,Solved
L?AADBOX@KAWZ?,20,5,5.6392526638,0.6392526638,1.1278505328,5.77323029,Solved
L?AADBOX@KAWe_,20,5,5.6392526623,0.6392526623,1.1278505325,5.77622796,Solved
L?AADBOX@KAWN?,20,5,5.6392526622,0.6392526622,1.1278505324,5.76896641,Solved
L?AADBOX@KAW]?,20,5,5.6392526611,0.6392526611,1.1278505322,5.77929619,Solved
L?AAD?oE?wXCHc,19,5,5.6392526611,0.6392526611,1.1278505322,5.77852862,Solved
L?AADBOX@KAWIH,20,5,5.6392526607,0.6392526607,1.1278505321,5.75618003,Solved
L?AADBOX@KAWIg,20,5,5.6392526604,0.6392526604,1.1278505321,5.75978906,Solved
L?AADBOX@KAWV?,20,5,5.6392526602,0.6392526602,1.1278505320,5.77944601,Solved
L?AADBOX@KAWm?,20,5,5.6392526592,0.6392526592,1.1278505318,5.77949770,Solved
L?AAD?oFAoXCHa,20,5,5.6392526590,0.6392526590,1.1278505318,5.75062007,Solved
L?AADBOX@KAW}?,21,5,5.6392526586,0.6392526586,1.1278505317,5.77381110,Solved
L?AADBOX@KAWJH,21,5,5.6392526586,0.6392526586,1.1278505317,5.75593984,Solved
L?AADBOX@KAWBW,20,5,5.6392526585,0.6392526585,1.1278505317,5.75659021,Solved
L?AADBOX@KAWu?,20,5,5.6392526584,0.6392526584,1.1278505317,5.79738164,Solved
L?AADBOX@KAW^?,21,5,5.6392526582,0.6392526582,1.1278505316,5.76673483,Solved
L?AADBOX@KAWBg,20,5,5.6392526582,0.6392526582,1.1278505316,5.76502770,Solved
L?AADBOX@KAWBw,21,5,5.6392526581,0.6392526581,1.1278505316,5.76103387,Solved
L?AADBOX@KAWJG,20,5,5.6392526580,0.6392526580,1.1278505316,5.75742170,Solved
L?AADBOX@KAWy?,20,5,5.6392526578,0.6392526578,1.1278505316,5.77065681,Solved
L?AA@AOT?k\?Ig,19,5,5.6392526574,0.6392526574,1.1278505315,5.77718847,Solved
L?AADb_B_xN?m_,24,5,5.6392443730,0.6392443730,1.1278488746,5.75305302,Solved
L?AAD?wTAYEom_,23,5,5.6392289913,0.6392289913,1.1278457983,5.76824502,Solved
L?AAD?wTAYFom_,24,5,5.6392289900,0.6392289900,1.1278457980,5.76832702,Solved
L?ABAaQHVOL_}?,24,5,5.6392208284,0.6392208284,1.1278441657,5.75598970,Solved
L?AEBAoN?yBo^?,25,5,5.6392208253,0.6392208253,1.1278441651,5.74361243,Solved
L?AAD?wT@[JGm_,23,5,5.6392208231,0.6392208231,1.1278441646,5.74859953,Solved
L?ABAaQHRo\?ZG,24,5,5.6392208224,0.6392208224,1.1278441645,5.75417465,Solved
L?ABAaQHRoZ?^?,24,5,5.6392208207,0.6392208207,1.1278441641,5.76937847,Solved
L?`@Cb_L?sGYFH,23,5,5.6392208205,0.6392208205,1.1278441641,5.74044847,Solved
L?AB?rOTDOBogT,23,5,5.6392208204,0.6392208204,1.1278441641,5.75092034,Solved
L?AB?rOLDOBooT,23,5,5.6392208203,0.6392208203,1.1278441641,5.75146265,Solved
L?ABAaQHUoM_^?,24,5,5.6392208197,0.6392208197,1.1278441639,5.74177250,Solved
L?AEB?WU@gKcAq,21,5,5.6391957845,0.6391957845,1.1278391569,5.75964742,Solved
L?AE@b_FBWFOBw,24,5,5.6391657879,0.6391657879,1.1278331576,5.75336662,Solved
L?AAD?oeAWBWBw,21,5,5.6391459784,0.6391459784,1.1278291957,5.74142905,Solved
L?`@Cb_D_xDIs`,24,5,5.6390850418,0.6390850418,1.1278170084,5.76471189,Solved
L?AADb_BboBsm_,25,5,5.6389056751,0.6389056751,1.1277811350,5.75665253,Solved
L?`@Cb_FDgGYBW,23,5,5.6388891908,0.6388891908,1.1277778382,5.80514040,Solved
L?AADb_u?lDoL_,24,5,5.6388798180,0.6388798180,1.1277759636,5.77463611,Solved
L?AB?towQwF_Bg,25,5,5.6388561228,0.6388561228,1.1277712246,5.74851737,Solved
L?AE@`gVFOAsJ_,24,5,5.6388561215,0.6388561215,1.1277712243,5.76690162,Solved
L?AE@bGyAwDoDk,25,5,5.6388561196,0.6388561196,1.1277712239,5.74321392,Solved
L?AAD@W[?uF_Bs,23,5,5.6388411417,0.6388411417,1.1277682283,5.80108880,Solved
L?AA@AOT@sDS}?,21,5,5.6386809808,0.6386809808,1.1277361962,5.78663387,Solved
L?AAD@Oi?wCsBw,21,5,5.6386809799,0.6386809799,1.1277361960,5.75158440,Solved
L?AEB?WU@gKcAr,22,5,5.6386809762,0.6386809762,1.1277361952,5.76967413,Solved
L?AAD?oFAoCpqH,21,5,5.6386809757,0.6386809757,1.1277361951,5.76232451,Solved
L?AAD@oI_iROL_,21,5,5.6386809750,0.6386809750,1.1277361950,5.76259467,Solved
L?ABAaGBaoM_gE,21,5,5.6386809737,0.6386809737,1.1277361947,5.74586162,Solved
L?AA@AOTDoDoZG,21,5,5.6386809732,0.6386809732,1.1277361946,5.76963834,Solved
L?AAD?oeBGJGRW,21,5,5.6386809732,0.6386809732,1.1277361946,5.79851840,Solved
L?AAD?oE?wXCHd,20,5,5.6386809728,0.6386809728,1.1277361946,5.78725894,Solved
L?AAD@W[@KUOUO,21,5,5.6386809722,0.6386809722,1.1277361944,5.74371196,Solved
L?AA@BOTDODoDa,20,5,5.6386809720,0.6386809720,1.1277361944,5.80947069,Solved
L?AB?qQUAXSIXW,24,5,5.6386103362,0.6386103362,1.1277220672,5.76376497,Solved
L?AE@`gVF_@wJ_,24,5,5.6385670682,0.6385670682,1.1277134136,5.78179097,Solved
L?AAD?s]DcHgm_,24,5,5.6385395120,0.6385395120,1.1277079024,5.74687057,Solved
L?AAD?w\FOAwN_,24,5,5.6385240813,0.6385240813,1.1277048163,5.75390071,Solved
L?AE@b_F?]FO^?,24,5,5.6384916078,0.6384916078,1.1276983216,5.75503480,Solved
L?AADb_u@[BoBo,24,5,5.6384642011,0.6384642011,1.1276928402,5.74780107,Solved
L?AADbGH`hZ?N_,24,5,5.6384326244,0.6384326244,1.1276865249,5.77656170,Solved
L?AE@b_J_]M_^?,25,5,5.6383919150,0.6383919150,1.1276783830,5.76730366,Solved
L?AE@`gZEQDoCm,25,5,5.6383919147,0.6383919147,1.1276783829,5.75492526,Solved
L?AE@b_Jbo@w^?,25,5,5.6383919114,0.6383919114,1.1276783823,5.78310956,Solved
L?AE@b_F@sN_Bw,25,5,5.6382571023,0.6382571023,1.1276514205,5.75419376,Solved
L?AADb_BboEoEg,23,5,5.6382450504,0.6382450504,1.1276490101,5.77958675,Solved
L?ABAr_D_{TAN?,24,5,5.6382172561,0.6382172561,1.1276434512,5.79035823,Solved
L?AAD?oyBWIgCu,23,5,5.6381782743,0.6381782743,1.1276356549,5.74779027,Solved
L?AADb_B_xN?L_,23,5,5.6381453612,0.6381453612,1.1276290722,5.77989365,Solved
L?ABAr_D_xL_yC,25,5,5.6381354926,0.6381354926,1.1276270985,5.78062584,Solved
L?AAD?wT@[VOVO,24,5,5.6380959621,0.6380959621,1.1276191924,5.75173860,Solved
L?AAD?wT?uJ_As,22,5,5.6380697000,0.6380697000,1.1276139400,5.74715034,Solved
L?AA@b_ZBgBsBw,25,5,5.6379789865,0.6379789865,1.1275957973,5.74272230,Solved
L?AADb_u?lEoN_,25,5,5.6379546700,0.6379546700,1.1275909340,5.77570048,Solved
L?`D@bON@w?{oU,26,5,5.6379546680,0.6379546680,1.1275909336,5.74124157,Solved
L?AADb_u?lDoN_,25,5,5.6379546663,0.6379546663,1.1275909333,5.75508034,Solved
L?AADBOL@sJ_Hg,22,5,5.6379546256,0.6379546256,1.1275909251,5.74649152,Solved
L?AE@`gJBgXGCl,24,5,5.6379538244,0.6379538244,1.1275907649,5.75771207,Solved
L?AADb_m?]Dom_,25,5,5.6379425930,0.6379425930,1.1275885186,5.74879826,Solved
L?AEB?s]DoAwN_,25,5,5.6379425893,0.6379425893,1.1275885179,5.76489995,Solved
L?ABAage?lJ_gR,24,5,5.6379425884,0.6379425884,1.1275885177,5.75341361,Solved
L?AAD?oNBoBwBw,24,5,5.6379425884,0.6379425884,1.1275885177,5.76526105,Solved
L?AE@b_J_]M_N_,25,5,5.6379425880,0.6379425880,1.1275885176,5.75330496,Solved
L?AEBAw]@wAwN_,26,5,5.6379425878,0.6379425878,1.1275885176,5.74858272,Solved
L?ABAaQ]AwCku@,25,5,5.6379425877,0.6379425877,1.1275885175,5.74899405,Solved
L?AFF@oV?{N_Bw,28,5,5.6379414330,0.6379414330,1.1275882866,5.76255448,Solved
L?AAD@oiai^?^?,25,5,5.6379055429,0.6379055429,1.1275811086,5.74181699,Solved
L?AADAw]BgIgm_,25,5,5.6379055400,0.6379055400,1.1275811080,5.75081724,Solved
L?AADAo\Ai^?ia,25,5,5.6378989390,0.6378989390,1.1275797878,5.75126988,Solved
L?AA@aHRRWMcCm,25,5,5.6378796121,0.6378796121,1.1275759224,5.74160231,Solved
L?AADBOX?kTOHg,21,5,5.6378331473,0.6378331473,1.1275666295,5.75127104,Solved
L?AA@AOTFODoZG,21,5,5.6378331430,0.6378331430,1.1275666286,5.74093221,Solved
L?AADBOX?kN?Hg,21,5,5.6378331418,0.6378331418,1.1275666284,5.75150651,Solved
L?AADBOX?kV?TO,21,5,5.6378331415,0.6378331415,1.1275666283,5.75146659,Solved
L?AADBOX?kFOTO,21,5,5.6378331409,0.6378331409,1.1275666282,5.74453316,Solved
L?AADbGHjoEoN_,25,5,5.6378295942,0.6378295942,1.1275659188,5.76091017,Solved
L?ABAaGBe_boG\,23,5,5.6378295919,0.6378295919,1.1275659184,5.77592642,Solved
L?AAD@W[@W@yFo,23,5,5.6378295891,0.6378295891,1.1275659178,5.78031532,Solved
L?AAD?s]@sIgm_,24,5,5.6378295887,0.6378295887,1.1275659177,5.76409196,Solved
L?AAD?s]DcIgm_,24,5,5.6378295881,0.6378295881,1.1275659176,5.74530055,Solved
L?AE@`HX@oAsy@,23,5,5.6378295872,0.6378295872,1.1275659174,5.75561315,Solved
L?ABAaIF@JZ?Z?,23,5,5.6377754471,0.6377754471,1.1275550894,5.75305909,Solved
L?AADb_BboEoFg,24,5,5.6377287128,0.6377287128,1.1275457426,5.78459708,Solved
L?AAD@oI_w^?Bw,23,5,5.6377236479,0.6377236479,1.1275447296,5.75333599,Solved
L?ABAr_D_{TA^?,25,5,5.6376707110,0.6376707110,1.1275341422,5.78341131,Solved
L?AADBOX?sEoHg,21,5,5.6376528494,0.6376528494,1.1275305699,5.75566444,Solved
L?AA@AOTAwEoic,21,5,5.6376528479,0.6376528479,1.1275305696,5.75459169,Solved
L?AA@AOTCsLC}?,21,5,5.6376528442,0.6376528442,1.1275305688,5.75362206,Solved
L?AA@AOTCsLCu?,20,5,5.6376528440,0.6376528440,1.1275305688,5.74993787,Solved
L?AA@AOT@kN_ic,22,5,5.6376528429,0.6376528429,1.1275305686,5.74120681,Solved
L?AA@AOTFOLcJg,22,5,5.6376528428,0.6376528428,1.1275305686,5.74572635,Solved
L?AA@AOTEoLCm_,21,5,5.6376528427,0.6376528427,1.1275305685,5.74820160,Solved
L?AA@BOT@c^?Jg,22,5,5.6376528426,0.6376528426,1.1275305685,5.75725653,Solved
L?AA@BOJLSHgy?,22,5,5.6376528421,0.6376528421,1.1275305684,5.76796757,Solved
L?`D@bOF?VF_oT,25,5,5.6376434467,0.6376434467,1.1275286893,5.77709808,Solved
L?AE@bGY?kj_N_,24,5,5.6376434436,0.6376434436,1.1275286887,5.79795982,Solved
L?AE@b_FEQEoZ?,23,5,5.6376008105,0.6376008105,1.1275201621,5.76014170,Solved
L?ABAagF?lL_wE,24,5,5.6375863053,0.6375863053,1.1275172611,5.74900025,Solved
L?AEBAoNAw@wN_,25,5,5.6375863038,0.6375863038,1.1275172608,5.75209135,Solved
L?AB?qQUFOLcXW,25,5,5.6375862999,0.6375862999,1.1275172600,5.75660581,Solved
L?AAD@wMbgIgm_,25,5,5.6375862991,0.6375862991,1.1275172598,5.75614070,Solved
L?AAD?s]F_AwN_,24,5,5.6375862988,0.6375862988,1.1275172598,5.77774208,Solved
L?AE@b_F?]Eo^?,24,5,5.6375862986,0.6375862986,1.1275172597,5.74452422,Solved
L?AB?poqAwCie`,24,5,5.6375862978,0.6375862978,1.1275172596,5.75233352,Solved
L?`@Cb_FDgBs?},25,5,5.6375684944,0.6375684944,1.1275136989,5.74733560,Solved
L?AE@b_FBWEoBw,24,5,5.6375582754,0.6375582754,1.1275116551,5.74358614,Solved
L?AAD@W[BWBWBs,23,5,5.6375570703,0.6375570703,1.1275114141,5.77247624,Solved
L?AEB?o]Aw@kFo,24,5,5.6375503614,0.6375503614,1.1275100723,5.77865001,Solved
L?AE@b_F?VL_N_,24,5,5.6375503607,0.6375503607,1.1275100721,5.77338737,Solved
L?AEB?o]Bg@kFo,24,5,5.6375503603,0.6375503603,1.1275100721,5.74163966,Solved
L?AADb_]@[J_Bw,25,5,5.6375283923,0.6375283923,1.1275056785,5.74156917,Solved
L?AADAoFAgFoFo,23,5,5.6374834149,0.6374834149,1.1274966830,5.77652460,Solved
L?AA@BOT@TFO}?,22,5,5.6374834109,0.6374834109,1.1274966822,5.81615911,Solved
L?AADAoFAwEoFo,23,5,5.6374834095,0.6374834095,1.1274966819,5.75417996,Solved
L?AAD@Oi?wDcBw,21,5,5.6374834094,0.6374834094,1.1274966819,5.77537896,Solved
L?AAD@Oi?wDsBw,22,5,5.6374834080,0.6374834080,1.1274966816,5.77426948,Solved
L?AAD@Oi?wDcBW,20,5,5.6374834077,0.6374834077,1.1274966815,5.81957978,Solved
L?AAD@OiAwDcBW,21,5,5.6374834061,0.6374834061,1.1274966812,5.83329196,Solved
L?AAD?WL@oKcAt,21,5,5.6374834053,0.6374834053,1.1274966811,5.79609157,Solved
L?AAD?wTDoAwN_,23,5,5.6374834041,0.6374834041,1.1274966808,5.74948129,Solved
L?AAF@cE_u]?M_,23,5,5.6374834041,0.6374834041,1.1274966808,5.75209213,Solved
L?AAD@W[?uN_Bs,24,5,5.6372797505,0.6372797505,1.1274559501,5.78340879,Solved
L?AAD@o\?uN_Bw,25,5,5.6372797499,0.6372797499,1.1274559500,5.76340452,Solved
L?AADbGHjoEom_,25,5,5.6372251459,0.6372251459,1.1274450292,5.76918478,Solved
L?AADbGLFOBoLg,24,5,5.6371715176,0.6371715176,1.1274343035,5.77446287,Solved
L?AADb_B_tEo}?,24,5,5.6371303998,0.6371303998,1.1274260800,5.76311547,Solved
L?AE@b_JboJ_Bw,25,5,5.6371301750,0.6371301750,1.1274260350,5.77433430,Solved
L?AB?rOL?\J_gR,24,5,5.6371071979,0.6371071979,1.1274214396,5.74225880,Solved
L?ABAaQHTo\?ZG,24,5,5.6371071922,0.6371071922,1.1274214384,5.75494407,Solved
L?AE@`gF_]J_wE,25,5,5.6371071908,0.6371071908,1.1274214382,5.75193118,Solved
L?AA@agRUoL_cd,24,5,5.6371071904,0.6371071904,1.1274214381,5.76337894,Solved
L?AADb_u?]DoN_,25,5,5.6370727294,0.6370727294,1.1274145459,5.75343745,Solved
L?AE@`gVF_@wF_,24,5,5.6370727280,0.6370727280,1.1274145456,5.78558237,Solved
L?AADb_u?]F_N_,25,5,5.6370727280,0.6370727280,1.1274145456,5.74301348,Solved
L?ABAr_DdOf_FG,24,5,5.6370727275,0.6370727275,1.1274145455,5.78647006,Solved
L?AADb_u?]BoN_,25,5,5.6370727238,0.6370727238,1.1274145448,5.74695392,Solved
L?AADb_B_xEo}?,24,5,5.6370727236,0.6370727236,1.1274145447,5.76827275,Solved
L?AADb_m?]FOFg,25,5,5.6370276248,0.6370276248,1.1274055250,5.82215220,Solved
L?AE@b_Jbo@{^?,26,5,5.6370276244,0.6370276244,1.1274055249,5.77095232,Solved
L?AADb_B`kBs}?,25,5,5.6370276240,0.6370276240,1.1274055248,5.76968199,Solved
L?AEBAw{@sAwFo,26,5,5.6370276239,0.6370276239,1.1274055248,5.78079891,Solved
L?AE@b_Z?{Bs}?,26,5,5.6370276228,0.6370276228,1.1274055246,5.77421764,Solved
L?AE@`gVF_BoBq,25,5,5.6370276222,0.6370276222,1.1274055244,5.77492505,Solved
L?AEF@oV?uF_Bw,26,5,5.6370276214,0.6370276214,1.1274055243,5.74515928,Solved
L?AEB@[{Do@wFo,26,5,5.6370276212,0.6370276212,1.1274055242,5.75392343,Solved
L?AADb_m?]Bsm_,26,5,5.6370276206,0.6370276206,1.1274055241,5.75535494,Solved
L?AE@bGY@[N_Dk,25,5,5.6370276198,0.6370276198,1.1274055240,5.78999888,Solved
L?AB?towQwF_Bk,26,5,5.6370276190,0.6370276190,1.1274055238,5.74519103,Solved
L?AEBAw{@sBWFo,26,5,5.6370276184,0.6370276184,1.1274055237,5.76532411,Solved
L?AE@`gVFOAsN_,25,5,5.6370276184,0.6370276184,1.1274055237,5.77700531,Solved
L?AEB?oMbgBwAy,25,5,5.6370276183,0.6370276183,1.1274055237,5.77982068,Solved
L?AEBAw{@sBwFo,27,5,5.6370276181,0.6370276181,1.1274055236,5.74358060,Solved
L?AEF@oV?uF_Bg,25,5,5.6370276178,0.6370276178,1.1274055236,5.75311547,Solved
L?AE@bGyAwFoDk,26,5,5.6370276171,0.6370276171,1.1274055234,5.75045768,Solved
L?AADb_u?lBom_,25,5,5.6368994147,0.6368994147,1.1273798829,5.76089560,Solved
L?AEBBW]@wAwJ_,25,5,5.6368714848,0.6368714848,1.1273742970,5.74455501,Solved
L?AB?poq?kj_wQ,24,5,5.6367408831,0.6367408831,1.1273481766,5.74883024,Solved
L?AA@agqUoFOHe,24,5,5.6367408809,0.6367408809,1.1273481762,5.77311070,Solved
L?AA@ao]DSPWTB,24,5,5.6366216508,0.6366216508,1.1273243302,5.78069457,Solved
L?AE@b_F?VN_N_,25,5,5.6366216507,0.6366216507,1.1273243301,5.77478904,Solved
L?AE@_w\FOXGDb,25,5,5.6366216469,0.6366216469,1.1273243294,5.76617142,Solved
L?AEB@[Dpw\?Fo,26,5,5.6365782357,0.6365782357,1.1273156471,5.76713486,Solved
L?AE@b_F?ZDo}?,24,5,5.6365770265,0.6365770265,1.1273154053,5.74202515,Solved
L?AA@AOTDo@keO,20,5,5.6365129983,0.6365129983,1.1273025997,5.76408150,Solved
L?AAD?cUDcIgDo,21,5,5.6365129959,0.6365129959,1.1273025992,5.75848349,Solved
L?AA@AOTDoRGZG,21,5,5.6365129955,0.6365129955,1.1273025991,5.74782074,Solved
L?AAD?cUDcIg{?,21,5,5.6365129945,0.6365129945,1.1273025989,5.75942803,Solved
L?AAD?cEF_Igk_,20,5,5.6365129942,0.6365129942,1.1273025988,5.76348876,Solved
L?AA@AOTDo@kuO,21,5,5.6365129932,0.6365129932,1.1273025986,5.74388003,Solved
L?AAD?oyBW@[QW,22,5,5.6365129928,0.6365129928,1.1273025986,5.74654157,Solved
L?AA@AOTDoDcuO,21,5,5.6365129918,0.6365129918,1.1273025984,5.76080202,Solved
L?AADbGHfOAs^?,24,5,5.6364452958,0.6364452958,1.1272890592,5.74923190,Solved
L?ABAagFAh^?gU,25,5,5.6364414651,0.6364414651,1.1272882930,5.76383306,Solved
L?AB?rOLDoKgad,24,5,5.6364411158,0.6364411158,1.1272882232,5.77269059,Solved
L?AE@b_J_{M_Bw,25,5,5.6364075749,0.6364075749,1.1272815150,5.75898605,Solved
L?AAD@W[BW@yFo,24,5,5.6364069030,0.6364069030,1.1272813806,5.77863294,Solved
L?AADb_u@[BoFg,25,5,5.6364069012,0.6364069012,1.1272813802,5.74305120,Solved
L?AAFBOm@[BoFO,24,5,5.6364069011,0.6364069011,1.1272813802,5.74401289,Solved
L?ABAaQuBgCk^?,25,5,5.6364069006,0.6364069006,1.1272813801,5.74408348,Solved
L?ABAaQuAwCk^?,25,5,5.6364069005,0.6364069005,1.1272813801,5.76306746,Solved
L?ABAaQuBoCk^?,25,5,5.6364068998,0.6364068998,1.1272813800,5.76791190,Solved
L?AADb_B_xZ?N_,24,5,5.6364068993,0.6364068993,1.1272813799,5.77160189,Solved
L?`@Cb_F?tGYl@,24,5,5.6364068979,0.6364068979,1.1272813796,5.76708163,Solved
L?AE@bg]@kXH^?,27,5,5.6363616859,0.6363616859,1.1272723372,5.74590607,Solved
L?AEFBo]@kBoBw,27,5,5.6363055482,0.6363055482,1.1272611096,5.76689966,Solved
L?AB?poq@In_ea,25,5,5.6361019508,0.6361019508,1.1272203902,5.75430323,Solved
L?AB?rO\Aw@swP,25,5,5.6360329496,0.6360329496,1.1272065899,5.76641934,Solved
L?AADAw]BgIgab,25,5,5.6360013749,0.6360013749,1.1272002750,5.78045305,Solved
L?AADbGHhkVO}?,26,5,5.6360011516,0.6360011516,1.1272002303,5.75060958,Solved
L?AB?rO\BoCke`,25,5,5.6360011338,0.6360011338,1.1272002268,5.76478057,Solved
L?AEBBo\@wAwFo,26,5,5.6360011332,0.6360011332,1.1272002266,5.76083606,Solved
L?AEBAw{@wAwN_,26,5,5.6360011323,0.6360011323,1.1272002265,5.76057269,Solved
L?AEB?o]Aw@{Fo,25,5,5.6360011312,0.6360011312,1.1272002262,5.78136919,Solved
L?AEBBWm@wAwN_,26,5,5.6360011297,0.6360011297,1.1272002259,5.74048540,Solved
L?ABAaQ]@wCku@,25,5,5.6360011296,0.6360011296,1.1272002259,5.75484238,Solved
L?AEBAw{@[BoFo,26,5,5.6360011294,0.6360011294,1.1272002259,5.74081785,Solved
L?AB?qQ]EoLcXW,26,5,5.6360011293,0.6360011293,1.1272002259,5.75710249,Solved
L?AB?rOL?\N_wQ,25,5,5.6360011288,0.6360011288,1.1272002258,5.76620575,Solved
L?AEB?o]BgBwBw,25,5,5.6360011287,0.6360011287,1.1272002257,5.74048447,Solved
L?AEBBo\@wBoFo,26,5,5.6360011286,0.6360011286,1.1272002257,5.76874682,Solved
L?ABBb_u?\Bo^?,26,5,5.6360011283,0.6360011283,1.1272002257,5.75158083,Solved
L?AEB?w\?]^?Fo,26,5,5.6360011277,0.6360011277,1.1272002255,5.74120411,Solved
L?AB?rO\CsL_HY,25,5,5.6360011271,0.6360011271,1.1272002254,5.74122932,Solved
L?AEB?s]F_AwN_,25,5,5.6360011267,0.6360011267,1.1272002253,5.78636206,Solved
L?ABAaQuBo@kZG,25,5,5.6360011266,0.6360011266,1.1272002253,5.74992648,Solved
L?AA@b_VBgBsBw,25,5,5.6360011260,0.6360011260,1.1272002252,5.77903200,Solved
L?AEBAw{@sAwN_,26,5,5.6360011256,0.6360011256,1.1272002251,5.75061973,Solved
L?AEB?o]BwBwBw,26,5,5.6360011252,0.6360011252,1.1272002250,5.74091828,Solved
L?AEBAw{?yBoJ_,25,5,5.6360011251,0.6360011251,1.1272002250,5.74672327,Solved
L?AB?qQuFOLcXW,26,5,5.6360011248,0.6360011248,1.1272002250,5.76127494,Solved
L?AB?roVFOBogT,26,5,5.6360011246,0.6360011246,1.1272002249,5.74549680,Solved
L?AAD@o\@kBWBw,24,5,5.6358365426,0.6358365426,1.1271673085,5.74563979,Solved
L?AE@`gFEQEoRO,23,5,5.6355690065,0.6355690065,1.1271138013,5.74656988,Solved
L?AE@_wXF_@wRO,23,5,5.6354623290,0.6354623290,1.1270924658,5.74365829,Solved
L?AAD?wT?u]?Bp,23,5,5.6352574412,0.6352574412,1.1270514882,5.74206476,Solved
L?AAD@Oi@w@wRO,21,5,5.6351382886,0.6351382886,1.1270276577,5.75478086,Solved
L?AADb_B_tN?N_,24,5,5.6346894158,0.6346894158,1.1269378832,5.78987511,Solved
L?AB?qQU@Il_{?,23,5,5.6346127790,0.6346127790,1.1269225558,5.74749888,Solved
L?AEFBo]?{FoBw,28,5,5.6345890544,0.6345890544,1.1269178109,5.77212830,Solved
L?AEB_NJ`w]?^?,27,5,5.6345890510,0.6345890510,1.1269178102,5.76541290,Solved
L?AE@`gN@kXGRO,24,5,5.6345162065,0.6345162065,1.1269032413,5.74709341,Solved
L?AAD@Oi@w@wVO,22,5,5.6344158429,0.6344158429,1.1268831686,5.75044838,Solved
L?AB?qQU@WCi}?,23,5,5.6343174227,0.6343174227,1.1268634845,5.74588007,Solved
L?AA@aHmFOAsN_,24,5,5.6342455247,0.6342455247,1.1268491049,5.75043005,Solved
L?AEBAw{@wBoBs,26,5,5.6341877727,0.6341877727,1.1268375545,5.79979276,Solved
L?AE@`gNF_@wRO,24,5,5.6341586406,0.6341586406,1.1268317281,5.74066964,Solved
L?AAD`KNBWROkg,25,5,5.6341228817,0.6341228817,1.1268245763,5.79798856,Solved
L?AADb_B_tFo}?,25,5,5.6340264809,0.6340264809,1.1268052962,5.77183175,Solved
L?AAD@Oi@WJGBw,21,5,5.6339742107,0.6339742107,1.1267948421,5.74651684,Solved
L?AB?qQU@W]?H[,23,5,5.6337532705,0.6337532705,1.1267506541,5.74783482,Solved
L?AB?qQuFOLcH[,26,5,5.6336749359,0.6336749359,1.1267349872,5.77324793,Solved
L?AB?qQU@Il_}?,24,5,5.6336060022,0.6336060022,1.1267212004,5.75462099,Solved
L?AE@b_FEoDoBw,24,5,5.6336012101,0.6336012101,1.1267202420,5.74290126,Solved
L?AE@b_FEoFOBw,24,5,5.6334204504,0.6334204504,1.1266840901,5.74372663,Solved
L?AAD@W[?kCs^?,22,5,5.6333043014,0.6333043014,1.1266608603,5.74410405,Solved
L?AB?poq@IpS^?,24,5,5.6332139577,0.6332139577,1.1266427915,5.74104931,Solved
L?AE@bGY?ln_N_,26,5,5.6330642223,0.6330642223,1.1266128445,5.79278570,Solved
L?AEB`gBp[N_{C,27,5,5.6330642216,0.6330642216,1.1266128443,5.77539705,Solved
L?AEF@oV?\F_N_,26,5,5.6330642206,0.6330642206,1.1266128441,5.74092612,Solved
L?AEB@[Dpw\?N_,26,5,5.6330642203,0.6330642203,1.1266128441,5.74461432,Solved
L?AE@`gF_]]?^?,25,5,5.6330642199,0.6330642199,1.1266128440,5.75282793,Solved
L?AEBBo\@sBoBw,26,5,5.6330642194,0.6330642194,1.1266128439,5.78218117,Solved
L?AEBBo\@[@{^?,27,5,5.6330642194,0.6330642194,1.1266128439,5.76534741,Solved
L?AEF@oV?\F_M_,25,5,5.6330642192,0.6330642192,1.1266128438,5.75135400,Solved
L?AAD@W[Bg@yFo,24,5,5.6330642189,0.6330642189,1.1266128438,5.80091551,Solved
L?AADb_BboBsN_,25,5,5.6330642184,0.6330642184,1.1266128437,5.78370522,Solved
L?AE@bGY?kn_N_,25,5,5.6330642183,0.6330642183,1.1266128437,5.79532897,Solved
L?AEF@oV?\F_Fo,26,5,5.6330642183,0.6330642183,1.1266128437,5.74677296,Solved
L?ABAaQuAwDcH[,25,5,5.6330642181,0.6330642181,1.1266128436,5.76836666,Solved
L?AEB_NJ`wV?{G,27,5,5.6330642181,0.6330642181,1.1266128436,5.76013938,Solved
L?AADb_]@[BoFg,25,5,5.6330642179,0.6330642179,1.1266128436,5.74816686,Solved
L?AEBBoBpwN_N_,27,5,5.6330642177,0.6330642177,1.1266128435,5.75116349,Solved
L?AEB_NJbWN?{G,27,5,5.6330642176,0.6330642176,1.1266128435,5.78204313,Solved
L?ABAaQuAwCkZG,25,5,5.6330642174,0.6330642174,1.1266128435,5.76863153,Solved
L?AADbGHg{FO}?,25,5,5.6330642171,0.6330642171,1.1266128434,5.74441216,Solved
L?AAD`LmBW^?ci,27,5,5.6330642171,0.6330642171,1.1266128434,5.74810008,Solved
L?AEB_NJbo]?^?,27,5,5.6330642170,0.6330642170,1.1266128434,5.75252350,Solved
L?AEB_NJbgN_sK,28,5,5.6330642170,0.6330642170,1.1266128434,5.74033266,Solved
L?AEB_NJbg]?N_,27,5,5.6330642169,0.6330642169,1.1266128434,5.74631101,Solved
L?AADbGHg{N?N?,24,5,5.6330642163,0.6330642163,1.1266128433,5.75258990,Solved
L?AEB_mFbg]?Bp,27,5,5.6330642161,0.6330642161,1.1266128432,5.74615407,Solved
L?AADb_B_x\?N_,24,5,5.6330642161,0.6330642161,1.1266128432,5.79348473,Solved
L?AADb_]@wAsN_,25,5,5.6330642160,0.6330642160,1.1266128432,5.78285817,Solved
L?AEFBo]@kBoFo,27,5,5.6330642157,0.6330642157,1.1266128431,5.76506294,Solved
L?AAD@W[@w@yFo,24,5,5.6330642155,0.6330642155,1.1266128431,5.79691104,Solved
L?AEB_NJ`w]?u?,26,5,5.6330642154,0.6330642154,1.1266128431,5.77297919,Solved
L?AADbGHjoFON_,25,5,5.6330642153,0.6330642153,1.1266128431,5.75232053,Solved
L?AEB_NJboN_sK,28,5,5.6330642152,0.6330642152,1.1266128430,5.74184970,Solved
L?AADb_]@sAsN_,25,5,5.6330642150,0.6330642150,1.1266128430,5.77962854,Solved
L?AADb_J_{^?Fg,26,5,5.6330642149,0.6330642149,1.1266128430,5.75282497,Solved
L?AEF@oV@[@{^?,27,5,5.6330642148,0.6330642148,1.1266128430,5.74455663,Solved
L?AADbGHhwN?N_,25,5,5.6330642147,0.6330642147,1.1266128429,5.75235382,Solved
L?AEFBo\@kBoBw,27,5,5.6330642147,0.6330642147,1.1266128429,5.76486346,Solved
L?AEBBo\@[@w^?,26,5,5.6330642146,0.6330642146,1.1266128429,5.76740801,Solved
L?AADbGHg{N?M_,24,5,5.6330642146,0.6330642146,1.1266128429,5.75201159,Solved
L?AADb_B_x^?N_,25,5,5.6330642145,0.6330642145,1.1266128429,5.77891038,Solved
L?AAD@W[@gBwBs,23,5,5.6330642145,0.6330642145,1.1266128429,5.80509587,Solved
L?AEBAw{?{FoBs,27,5,5.6330642144,0.6330642144,1.1266128429,5.74423100,Solved
L?AEB@[{?yN_Bs,27,5,5.6330642143,0.6330642143,1.1266128429,5.74121788,Solved
L?AEB@[Dpw\?M_,25,5,5.6330642143,0.6330642143,1.1266128429,5.75182723,Solved
L?AAD@W[?]n_Fo,25,5,5.6330642142,0.6330642142,1.1266128428,5.78137660,Solved
L?AEB_NJawN?{G,27,5,5.6330642142,0.6330642142,1.1266128428,5.75165986,Solved
L?AEBAw{@sBoBs,26,5,5.6330642140,0.6330642140,1.1266128428,5.79099995,Solved
L?ABAagF?lZ?gU,24,5,5.6330642140,0.6330642140,1.1266128428,5.78107120,Solved
L?AE@`gF_]]?\?,24,5,5.6330642140,0.6330642140,1.1266128428,5.75531262,Solved
L?AADb_B_xN?N_,24,5,5.6330642139,0.6330642139,1.1266128428,5.79048393,Solved
L?AEBBo\@kFoBw,27,5,5.6330642138,0.6330642138,1.1266128428,5.75079267,Solved
L?AEB@[{@wFoBs,27,5,5.6330642137,0.6330642137,1.1266128427,5.74561147,Solved
L?AEB_NJ`wN?sK,27,5,5.6330642137,0.6330642137,1.1266128427,5.80150721,Solved
L?AADb_B_|^?N_,26,5,5.6330642136,0.6330642136,1.1266128427,5.77637725,Solved
L?AE@bGyBwFoDk,27,5,5.6330642136,0.6330642136,1.1266128427,5.74879851,Solved
L?AEB`gBp[N_sE,27,5,5.6330642131,0.6330642131,1.1266128426,5.76759551,Solved
L?AEBBo\?{FoBw,27,5,5.6330642131,0.6330642131,1.1266128426,5.77437969,Solved
L?AE@`H]FOAsN_,25,5,5.6329302595,0.6329302595,1.1265860519,5.77017779,Solved
L?AB?qQU@Ilc}?,25,5,5.6328576871,0.6328576871,1.1265715374,5.74310906,Solved
L?AA@b_J`wZ?Bw,24,5,5.6328576836,0.6328576836,1.1265715367,5.74415951,Solved
L?AE@b_F?ZFO}?,24,5,5.6328119608,0.6328119608,1.1265623922,5.74603326,Solved
L?AE@b_F?Z^?N_,25,5,5.6326654927,0.6326654927,1.1265330985,5.74088035,Solved
L?AEB`gFF_AsN_,25,5,5.6325799997,0.6325799997,1.1265159999,5.74626748,Solved
L?AB?qQU@WCm}?,24,5,5.6325267745,0.6325267745,1.1265053549,5.74586299,Solved
L?AB?qQUBWCm}?,25,5,5.6323945421,0.6323945421,1.1264789084,5.75127287,Solved
L?AE@b_F@[^?Bw,25,5,5.6323945400,0.6323945400,1.1264789080,5.74494179,Solved
L?ABAaIeBgCm}?,25,5,5.6310124033,0.6310124033,1.1262024807,5.75251007,Solved
L?AAD@oIaoBWBg,21,5,5.6309755124,0.6309755124,1.1261951025,5.74190117,Solved
L?AA@b_N?{^?Bw,25,5,5.6309657275,0.6309657275,1.1261931455,5.76297243,Solved
L?AE@b_F@s@{}?,25,5,5.6309212545,0.6309212545,1.1261842509,5.74955271,Solved
L?ABA_ge@In_ci,24,5,5.6308334165,0.6308334165,1.1261666833,5.74896064,Solved
L?AE@b_J`w@{}?,26,5,5.6308334138,0.6308334138,1.1261666828,5.74661752,Solved
L?AA@b_J`w@{}?,25,5,5.6308334134,0.6308334134,1.1261666827,5.74862770,Solved
L?AA@BOTCc^?IM,22,5,5.6304149387,0.6304149387,1.1260829877,5.76042545,Solved
L?AAD@oIawAwy?,22,5,5.6298683673,0.6298683673,1.1259736735,5.74332198,Solved
L?AA@BOTCcF_IM,21,5,5.6296709106,0.6296709106,1.1259341821,5.74548711,Solved
L?AA@BOJKUHgqO,22,5,5.6296709075,0.6296709075,1.1259341815,5.75949601,Solved
L?AA@BOT@TUO}?,22,5,5.6296709073,0.6296709073,1.1259341815,5.75275427,Solved
L?AAD@OJEo@kVO,22,5,5.6296709067,0.6296709067,1.1259341813,5.75334050,Solved
L?AA@BOJHkAwcs,23,5,5.6296709036,0.6296709036,1.1259341807,5.74936489,Solved
L?AA@b_DmoDo^?,24,5,5.6292078544,0.6292078544,1.1258415709,5.75494600,Solved
L?AB?qQU@I|?wO,23,5,5.6285228724,0.6285228724,1.1257045745,5.74175947,Solved
L?AAD@OZBgDcai,23,5,5.6277575567,0.6277575567,1.1255515113,5.74477357,Solved
L?AB?qQU@I}?wO,23,5,5.6275370950,0.6275370950,1.1255074190,5.74336118,Solved
L?AAD?oy@sIg^?,23,5,5.6274070589,0.6274070589,1.1254814118,5.74352961,Solved
L?AEB?WVF_CsL_,23,5,5.6273072759,0.6273072759,1.1254614552,5.74950497,Solved
L?AEB?WeBgDoBo,22,5,5.6270293755,0.6270293755,1.1254058751,5.74213814,Solved
L?AEB?WUBHEoDo,22,5,5.6268275587,0.6268275587,1.1253655117,5.74450640,Solved
L?AAD@W[CsBWBs,23,5,5.6268181383,0.6268181383,1.1253636277,5.74284973,Solved
L?AE@b_FFO@kRO,23,5,5.6263734880,0.6263734880,1.1252746976,5.74570684,Solved
L?AAD@Oi@wAwm_,22,5,5.6250502422,0.6250502422,1.1250100484,5.74061940,Solved
L?AAD?sX@sQQ}?,23,5,5.6249043991,0.6249043991,1.1249808798,5.75034219,Solved
L?AADBOX@cFOCs,21,5,5.6247816076,0.6247816076,1.1249563215,5.74621104,Solved
L?AADBOX@c@oTO,20,5,5.6247816058,0.6247816058,1.1249563212,5.75650656,Solved
L?AAD@Oi@gJGJG,20,5,5.6247816039,0.6247816039,1.1249563208,5.77227233,Solved
L?AA@AOTFODSm_,21,5,5.6247816033,0.6247816033,1.1249563207,5.74110467,Solved
L?AADBOX@KBODo,20,5,5.6247816025,0.6247816025,1.1249563205,5.76783391,Solved
L?AADBOX@cIgm?,21,5,5.6247816021,0.6247816021,1.1249563204,5.74046798,Solved
L?AADBOX@cF_TO,21,5,5.6247816018,0.6247816018,1.1249563204,5.74113832,Solved
L?AADBOX@cIgi_,21,5,5.6247816018,0.6247816018,1.1249563204,5.74804316,Solved
L?AADBOX@K@Wy?,20,5,5.6247816014,0.6247816014,1.1249563203,5.74799807,Solved
L?AADBOX@KBOCs,20,5,5.6247816012,0.6247816012,1.1249563202,5.76503251,Solved
L?AADBOX@cIgBw,22,5,5.6247816008,0.6247816008,1.1249563202,5.74468709,Solved
L?AADBOX@cBgTO,21,5,5.6247816001,0.6247816001,1.1249563200,5.75158148,Solved
L?AADBOX@KROCs,21,5,5.6247815998,0.6247815998,1.1249563200,5.75038737,Solved
L?AADBOX@cDoTO,21,5,5.6247815997,0.6247815997,1.1249563199,5.74557050,Solved
L?AA@AWT@cDoRA,20,5,5.6247815993,0.6247815993,1.1249563199,5.74873580,Solved
L?AA@BOT@cTOBI,20,5,5.6247815993,0.6247815993,1.1249563199,5.74356111,Solved
L?AADBOX@cBoTO,21,5,5.6247815983,0.6247815983,1.1249563197,5.74864147,Solved
L?AA@AWT@cDoaE,20,5,5.6247815982,0.6247815982,1.1249563196,5.75141494,Solved
L?AADBOX@cIgm_,22,5,5.6247815982,0.6247815982,1.1249563196,5.74278295,Solved
L?AADBOX@KBWDo,21,5,5.6247815981,0.6247815981,1.1249563196,5.74949379,Solved
L?AADBOX@cIgAU,21,5,5.6247815976,0.6247815976,1.1249563195,5.74120280,Solved
L?AAD@OiBW@[Hg,21,5,5.6247815974,0.6247815974,1.1249563195,5.75755512,Solved
L?AAD?oeBGHcVO,21,5,5.6247815972,0.6247815972,1.1249563194,5.75336075,Solved
L?AE@aoQQWDoHc,22,5,5.6247154934,0.6247154934,1.1249430987,5.74437887,Solved
L?AAD?wTDOboVO,23,5,5.6241949707,0.6241949707,1.1248389941,5.74130959,Solved
L?AAD@Oi@wFOFo,22,5,5.6241905086,0.6241905086,1.1248381017,5.74929483,Solved
L?AAD@Oi@gBgBW,20,5,5.6236820928,0.6236820928,1.1247364186,5.79245522,Solved
L?AA@AOTDoDsZG,22,5,5.6236820907,0.6236820907,1.1247364181,5.75384730,Solved
L?AAD?oeBG@kVO,21,5,5.6236820893,0.6236820893,1.1247364179,5.77849133,Solved
L?AA@AOTEoDSe_,20,5,5.6236820891,0.6236820891,1.1247364178,5.76630779,Solved
L?AAD@OiBW@[Jg,22,5,5.6236820887,0.6236820887,1.1247364177,5.77621596,Solved
L?AA@AOTDSDsZG,22,5,5.6236820879,0.6236820879,1.1247364176,5.76281247,Solved
L?AAD@OyBg@kVO,23,5,5.6236820873,0.6236820873,1.1247364175,5.75859646,Solved
L?AA@BOTFOFOIk,22,5,5.6236820871,0.6236820871,1.1247364174,5.76206967,Solved
L?AA@AWT@Seo^?,22,5,5.6236820870,0.6236820870,1.1247364174,5.76747017,Solved
L?AA@AOTEoDSm_,21,5,5.6236820869,0.6236820869,1.1247364174,5.76269386,Solved
L?AAD?oFEoXCHb,22,5,5.6236820868,0.6236820868,1.1247364174,5.74258879,Solved
L?AA@BOT@TEo}?,22,5,5.6236820865,0.6236820865,1.1247364173,5.77601697,Solved
L?AAD@Oi@w@[JG,21,5,5.6236820859,0.6236820859,1.1247364172,5.74029097,Solved
L?AAD@OyAqDc^?,23,5,5.6236820850,0.6236820850,1.1247364170,5.77332942,Solved
L?AAD?wXCcAwTO,21,5,5.6236820832,0.6236820832,1.1247364166,5.78682241,Solved
L?AA@AOTCsDS}?,21,5,5.6236820831,0.6236820831,1.1247364166,5.77016858,Solved
L?AA@AOTEoDcm_,21,5,5.6236820830,0.6236820830,1.1247364166,5.77037061,Solved
L?AA@BOTDOBoDa,20,5,5.6236820830,0.6236820830,1.1247364166,5.75984293,Solved
L?AA@BOTCcL_Ik,21,5,5.6236820830,0.6236820830,1.1247364166,5.77615366,Solved
L?AA@BOTFOEoIk,22,5,5.6236820829,0.6236820829,1.1247364166,5.76861072,Solved
L?AAD@Oi@g@kVO,21,5,5.6236820827,0.6236820827,1.1247364165,5.78571667,Solved
L?AAD?WLEOkc^?,22,5,5.6236820823,0.6236820823,1.1247364165,5.74206903,Solved
L?AAD?oeBGBgRW,21,5,5.6236820821,0.6236820821,1.1247364164,5.77658834,Solved
L?AA@AOTCsDc}?,21,5,5.6236820818,0.6236820818,1.1247364164,5.76472205,Solved
L?AAD?oeBGHkVO,22,5,5.6236820817,0.6236820817,1.1247364163,5.77069445,Solved
L?AAD?oZBgXCCt,23,5,5.6224308493,0.6224308493,1.1244861699,5.74574690,Solved
L?AAD@Oy?VFOIg,22,5,5.6213796800,0.6213796800,1.1242759360,5.75453101,Solved
L?AE@b_FDoHgBW,23,5,5.6207194556,0.6207194556,1.1241438911,5.74045109,Solved
L?AAD@cHcoA[sC,21,5,5.6203611323,0.6203611323,1.1240722265,5.76453235,Solved
L?AAD@cHf_BWDo,22,5,5.6203611303,0.6203611303,1.1240722261,5.74180204,Solved
L?AADBOX?sUOTO,21,5,5.6203611303,0.6203611303,1.1240722261,5.75083507,Solved
L?AADBOX?wUOTO,21,5,5.6203611275,0.6203611275,1.1240722255,5.75276883,Solved
L?AADBOX?sUOCs,21,5,5.6203611233,0.6203611233,1.1240722247,5.74495010,Solved
L?AAD?oeEPF_Hc,21,5,5.6202400656,0.6202400656,1.1240480131,5.74091865,Solved
L?AAD@Oi@sFoFo,23,5,5.6189376780,0.6189376780,1.1237875356,5.74910605,Solved
L?AA@BOTFOEoJg,22,5,5.6186864833,0.6186864833,1.1237372967,5.76308636,Solved
L?AAD?wX?kIg{?,21,5,5.6186864822,0.6186864822,1.1237372964,5.76616368,Solved
L?AA@AOTEoFOIk,21,5,5.6186864818,0.6186864818,1.1237372964,5.75698991,Solved
L?AAD@Oi@gDcVO,21,5,5.6186864815,0.6186864815,1.1237372963,5.77585462,Solved
L?AAD@W[@KUOSQ,21,5,5.6186864805,0.6186864805,1.1237372961,5.77467954,Solved
L?AA@AOT@s^?Ik,22,5,5.6186864795,0.6186864795,1.1237372959,5.74889166,Solved
L?AA@AWT@cH`N_,21,5,5.6186864794,0.6186864794,1.1237372959,5.77179520,Solved
L?AA@AOTEoFOZG,21,5,5.6186864786,0.6186864786,1.1237372957,5.74649777,Solved
L?AAD@OyAq@k^?,23,5,5.6186864777,0.6186864777,1.1237372955,5.74576034,Solved
L?AA@BOTCcL_ic,21,5,5.6186864775,0.6186864775,1.1237372955,5.77071096,Solved
L?AA@BOT@T\?m_,22,5,5.6186864772,0.6186864772,1.1237372954,5.75137939,Solved
L?AAD@W[@KAwk_,21,5,5.6186864771,0.6186864771,1.1237372954,5.78391130,Solved
L?AAD@OiBWCsBw,22,5,5.6186864749,0.6186864749,1.1237372950,5.76337029,Solved
L?AA@AWT@Sl_N_,22,5,5.6186864742,0.6186864742,1.1237372948,5.74929319,Solved
L?AA@AOTEoDoZG,21,5,5.6186864740,0.6186864740,1.1237372948,5.74105507,Solved
L?AA@AOTEoDcN_,21,5,5.6186864738,0.6186864738,1.1237372948,5.74255814,Solved
L?AAD?wTCSboVO,23,5,5.6183425722,0.6183425722,1.1236685144,5.74278778,Solved
L?AAD?wT?{JGic,23,5,5.6179349676,0.6179349676,1.1235869935,5.74596831,Solved
L?AAD?wT?{TQVO,24,5,5.6174426467,0.6174426467,1.1234885293,5.76201543,Solved
L?AAD@oI_ZBo}?,23,5,5.6170232302,0.6170232302,1.1234046460,5.74193159,Solved
L?AAD@oIawROTS,23,5,5.6170015129,0.6170015129,1.1234003026,5.74667119,Solved
L?AAD@Oi@sAyFo,23,5,5.6169154689,0.6169154689,1.1233830938,5.74623919,Solved
L?AAD@oIawVOTS,24,5,5.6167735158,0.6167735158,1.1233547032,5.74932331,Solved
L?AADBOX@cAwy?,21,5,5.6167406820,0.6167406820,1.1233481364,5.74493014,Solved
L?AADBOX@cAwVO,22,5,5.6167406795,0.6167406795,1.1233481359,5.74250213,Solved
L?AADBOX@cAwN_,22,5,5.6167406779,0.6167406779,1.1233481356,5.75190532,Solved
L?AADBOX@cAwJ_,21,5,5.6167406778,0.6167406778,1.1233481356,5.75304128,Solved
L?AADBOX@cAwM_,21,5,5.6167406778,0.6167406778,1.1233481356,5.77000842,Solved
L?AADBOX@cAwV?,21,5,5.6167406771,0.6167406771,1.1233481354,5.76396408,Solved
L?AADBOX@cAwi_,21,5,5.6167406748,0.6167406748,1.1233481350,5.74936613,Solved
L?AA@AOTFOFOJg,21,5,5.6167406746,0.6167406746,1.1233481349,5.74067384,Solved
L?AADBOX@cAwFo,22,5,5.6167406744,0.6167406744,1.1233481349,5.75041261,Solved
L?AA@AOTCsLCJ_,20,5,5.6167406744,0.6167406744,1.1233481349,5.75590841,Solved
L?AADBOX@cAwac,21,5,5.6167406743,0.6167406743,1.1233481349,5.75347265,Solved
L?AADBOX@cAwN?,21,5,5.6167406743,0.6167406743,1.1233481349,5.76275737,Solved
L?AADBOX@cAwe_,21,5,5.6167406738,0.6167406738,1.1233481348,5.75353366,Solved
L?AADBOX@cAwec,22,5,5.6167406736,0.6167406736,1.1233481347,5.74867505,Solved
L?AAD?oEEPCqFO,20,5,5.6167406730,0.6167406730,1.1233481346,5.75737609,Solved
L?AADBOX@cAwm?,21,5,5.6167406729,0.6167406729,1.1233481346,5.75203104,Solved
L?AAD?oeBGHcEQ,20,5,5.6167406728,0.6167406728,1.1233481346,5.76659826,Solved
L?AADBOX@cAw]?,21,5,5.6167406717,0.6167406717,1.1233481343,5.75754825,Solved
L?AADBOX@cAw^?,22,5,5.6167406716,0.6167406716,1.1233481343,5.74861474,Solved
L?AADBOX@cAwRO,21,5,5.6167406714,0.6167406714,1.1233481343,5.75706182,Solved
L?AADBOX@cAwZ?,21,5,5.6167406712,0.6167406712,1.1233481342,5.76347914,Solved
L?AADBOX@c@oDo,20,5,5.6167406707,0.6167406707,1.1233481341,5.77537395,Solved
L?AADBOX@cBoDo,21,5,5.6167406707,0.6167406707,1.1233481341,5.76421537,Solved
L?AADBOX@cAwm_,22,5,5.6167406702,0.6167406702,1.1233481340,5.74951404,Solved
L?AADBOX@cBgDo,21,5,5.6167406702,0.6167406702,1.1233481340,5.76103399,Solved
L?AA@AWT@cDoqA,20,5,5.6167406696,0.6167406696,1.1233481339,5.76578591,Solved
L?AA@AOT?{\?Ig,20,5,5.6167406694,0.6167406694,1.1233481339,5.74566701,Solved
L?AAD@oicsJ_TS,24,5,5.6164634639,0.6164634639,1.1232926928,5.74061649,Solved
L?AAD@Oi?{VODs,23,5,5.6162706718,0.6162706718,1.1232541344,5.75281923,Solved
L?AAD@Oy@sBoBw,23,5,5.6162106463,0.6162106463,1.1232421293,5.74423352,Solved
L?AAD@WLdoHgk_,23,5,5.6162066709,0.6162066709,1.1232413342,5.74109648,Solved
L?ABAaGBe_bogT,23,5,5.6160703137,0.6160703137,1.1232140627,5.74132487,Solved
L?AAD@W{CsBWBs,24,5,5.6160318041,0.6160318041,1.1232063608,5.74054840,Solved
L?AE@aoR?\V?J_,23,5,5.6153065702,0.6153065702,1.1230613140,5.74448731,Solved
L?AAD@Oi@wBgJg,22,5,5.6153065665,0.6153065665,1.1230613133,5.74910694,Solved
L?AAD@Oi@w@kJG,21,5,5.6153065660,0.6153065660,1.1230613132,5.77993166,Solved
L?AA@BOJHsZ?^?,23,5,5.6153065660,0.6153065660,1.1230613132,5.76528024,Solved
L?AAD@Oi@w@kVO,22,5,5.6153065655,0.6153065655,1.1230613131,5.79976541,Solved
L?AAD?WLBHF_ae,22,5,5.6153065651,0.6153065651,1.1230613130,5.75632545,Solved
L?AA@BOT@T^?m_,23,5,5.6153065647,0.6153065647,1.1230613129,5.76862395,Solved
L?AADAo\@kIgaF,24,5,5.6153065647,0.6153065647,1.1230613129,5.76146838,Solved
L?AADAoFBgIgN_,23,5,5.6153065645,0.6153065645,1.1230613129,5.75608700,Solved
L?AAD@Oi@w@kJg,22,5,5.6153065642,0.6153065642,1.1230613128,5.74590568,Solved
L?AA@BOT@TRO}?,22,5,5.6153065641,0.6153065641,1.1230613128,5.78060012,Solved
L?AA@BOJHsJ_}?,23,5,5.6153065636,0.6153065636,1.1230613127,5.76289145,Solved
L?AA@AWT@Sj_N_,22,5,5.6153065634,0.6153065634,1.1230613127,5.78972350,Solved
L?AA@BOJKsF_}?,23,5,5.6153065633,0.6153065633,1.1230613127,5.76823080,Solved
L?AA@BOJMoF_m_,23,5,5.6153065626,0.6153065626,1.1230613125,5.76753206,Solved
L?AA@BOJMoUO^?,23,5,5.6153065624,0.6153065624,1.1230613125,5.77581514,Solved
L?AA@BOT@TZ?m_,22,5,5.6153065622,0.6153065622,1.1230613124,5.78290352,Solved
L?AA@AWT@Sbo^?,22,5,5.6153065621,0.6153065621,1.1230613124,5.77099847,Solved
L?AA@BOT@sDU}?,23,5,5.6153065620,0.6153065620,1.1230613124,5.77876877,Solved
L?AADAo\@kIgAl,24,5,5.6153065617,0.6153065617,1.1230613123,5.77464479,Solved
L?AAD@oRDcAwL_,22,5,5.6153065616,0.6153065616,1.1230613123,5.79724363,Solved
L?AA@BOJLoHg^?,23,5,5.6153065615,0.6153065615,1.1230613123,5.77844737,Solved
L?AA@BOmAYF_JG,22,5,5.6153065613,0.6153065613,1.1230613123,5.78665622,Solved
L?AAD@OyBW@kJg,23,5,5.6153065613,0.6153065613,1.1230613123,5.77589315,Solved
L?AADAo\@kIg^?,24,5,5.6153065612,0.6153065612,1.1230613122,5.76472540,Solved
L?AAD?W{DcBg^?,23,5,5.6153065612,0.6153065612,1.1230613122,5.74235271,Solved
L?AAD@Oy?ZF_VO,23,5,5.6153065612,0.6153065612,1.1230613122,5.77542593,Solved
L?AAD@Oi@wDsBw,23,5,5.6153065611,0.6153065611,1.1230613122,5.74566974,Solved
L?AADAo\@kIgi`,24,5,5.6153065610,0.6153065610,1.1230613122,5.76682267,Solved
L?AADAoFBgAwN_,23,5,5.6153065608,0.6153065608,1.1230613122,5.74298370,Solved
L?AADAo\@kIgN_,24,5,5.6153065605,0.6153065605,1.1230613121,5.77509674,Solved
L?AA@BOT?sDU}?,22,5,5.6153065602,0.6153065602,1.1230613120,5.77666945,Solved
L?AADAo\@kHKTO,23,5,5.6153065601,0.6153065601,1.1230613120,5.78744880,Solved
L?AAD@oR@kAwkc,23,5,5.6153065598,0.6153065598,1.1230613120,5.79686194,Solved
L?AAD@Oi@wDcVO,22,5,5.6153065592,0.6153065592,1.1230613118,5.79392911,Solved
L?AADAo\@kIgFo,24,5,5.6153065591,0.6153065591,1.1230613118,5.76401677,Solved
L?AADAo\@kIgVO,24,5,5.6153065590,0.6153065590,1.1230613118,5.75105278,Solved
L?AAD@OiBWDsBw,23,5,5.6153065589,0.6153065589,1.1230613118,5.78176090,Solved
L?AAD@Oy@XBg^?,23,5,5.6153065588,0.6153065588,1.1230613118,5.78697879,Solved
L?AA@AWT@Sn_N_,23,5,5.6153065588,0.6153065588,1.1230613118,5.76368980,Solved
L?AAD@OiBWHgJg,22,5,5.6153065588,0.6153065588,1.1230613118,5.79266180,Solved
L?AAD?oyBW@sRW,23,5,5.6153065586,0.6153065586,1.1230613117,5.77236336,Solved
L?AAD@Oi@wDcBw,22,5,5.6153065585,0.6153065585,1.1230613117,5.75051888,Solved
L?AADAo\@kIgQY,24,5,5.6153065584,0.6153065584,1.1230613117,5.77698090,Solved
L?AADAo\@kIgm_,24,5,5.6153065581,0.6153065581,1.1230613116,5.74569431,Solved
L?AADAo\@kIgA],24,5,5.6153065580,0.6153065580,1.1230613116,5.74997014,Solved
L?AAD@Oy?ZF_JG,22,5,5.6153065577,0.6153065577,1.1230613115,5.78081933,Solved
L?AADAo\@kIgAN,24,5,5.6153065577,0.6153065577,1.1230613115,5.75718006,Solved
L?AAD@Oy@XF_VO,23,5,5.6153065576,0.6153065576,1.1230613115,5.78451486,Solved
L?AAD?wLAQjGHb,23,5,5.6153065576,0.6153065576,1.1230613115,5.74245494,Solved
L?AAD@OyDS@kJg,23,5,5.6153065575,0.6153065575,1.1230613115,5.78015903,Solved
L?AAD@Oi@wBgJG,21,5,5.6153065573,0.6153065573,1.1230613115,5.79970703,Solved
L?AADAo\@kIg}?,24,5,5.6153065573,0.6153065573,1.1230613115,5.76393338,Solved
L?AA@AWT@kJ_aU,22,5,5.6153065572,0.6153065572,1.1230613114,5.74231265,Solved
L?AADAo\@kIgad,24,5,5.6153065571,0.6153065571,1.1230613114,5.75613685,Solved
L?AAD@OyBW@kig,23,5,5.6153065569,0.6153065569,1.1230613114,5.78570822,Solved
L?AA@BOm@w@wJG,22,5,5.6152167890,0.6152167890,1.1230433578,5.74395219,Solved
L?AEB?WVF_CsJ_,23,5,5.6151782135,0.6151782135,1.1230356427,5.74770354,Solved
L?AAD?sX@sBQA{,23,5,5.6147715761,0.6147715761,1.1229543152,5.74168289,Solved
L?AAD?wXF_AwTO,22,5,5.6147410296,0.6147410296,1.1229482059,5.77234835,Solved
L?AA@BOTCcTQ^?,22,5,5.6147410290,0.6147410290,1.1229482058,5.74903107,Solved
L?AA@BOTDcTQ^?,23,5,5.6147410289,0.6147410289,1.1229482058,5.74680293,Solved
L?AA@AOTEo@sZG,21,5,5.6147410282,0.6147410282,1.1229482056,5.75397691,Solved
L?AAD@OyAqDSm_,23,5,5.6147410281,0.6147410281,1.1229482056,5.74836427,Solved
L?AAD?wXCcigDo,22,5,5.6147410259,0.6147410259,1.1229482052,5.76884297,Solved
L?AAD@OyAqFOig,23,5,5.6147410249,0.6147410249,1.1229482050,5.75236748,Solved
L?AA@AOTEoHcm_,21,5,5.6147410247,0.6147410247,1.1229482049,5.74287892,Solved
L?AAD?oyBWHKBw,23,5,5.6147410247,0.6147410247,1.1229482049,5.75842077,Solved
L?AAD@Oy?]Csig,23,5,5.6147410241,0.6147410241,1.1229482048,5.75239410,Solved
L?AA@AOTEoVOIk,22,5,5.6147410239,0.6147410239,1.1229482048,5.74490914,Solved
L?AA@AOTCs^?Ik,22,5,5.6147410227,0.6147410227,1.1229482045,5.74324578,Solved
L?AAD@OyDSCsBw,23,5,5.6147410216,0.6147410216,1.1229482043,5.75873438,Solved
L?AA@b_Z@[XGBW,23,5,5.6147410206,0.6147410206,1.1229482041,5.74813903,Solved
L?AAD?wT@[JGic,23,5,5.6142224950,0.6142224950,1.1228444990,5.74295608,Solved
L?AEB?c{AwPKuG,24,5,5.6140194645,0.6140194645,1.1228038929,5.74961806,Solved
L?AEB?c{@[Bw^?,25,5,5.6140100060,0.6140100060,1.1228020012,5.74647297,Solved
L?AADBOL?mL_k_,22,5,5.6138529802,0.6138529802,1.1227705960,5.75011357,Solved
L?AADBOL@[Awk_,22,5,5.6138529773,0.6138529773,1.1227705955,5.74993465,Solved
L?AA@AOTBoDUN_,22,5,5.6138529760,0.6138529760,1.1227705952,5.75449809,Solved
L?AA@AOT?{N?Ik,21,5,5.6138529753,0.6138529753,1.1227705951,5.76203041,Solved
L?AAD?oyBWJGRW,23,5,5.6138529735,0.6138529735,1.1227705947,5.75191489,Solved
L?AAD@OJEo@kiG,21,5,5.6138529733,0.6138529733,1.1227705947,5.79830992,Solved
L?AAD?wT@[Jgic,24,5,5.6136995531,0.6136995531,1.1227399106,5.74940597,Solved
L?AAD@oM_{@{}?,25,5,5.6129982482,0.6129982482,1.1225996496,5.76043522,Solved
L?AAD?w\?]Bw{A,25,5,5.6126820896,0.6126820896,1.1225364179,5.74272642,Solved
L?AA@AOTAwFoic,22,5,5.6126556903,0.6126556903,1.1225311381,5.76986890,Solved
L?AAD?oyBW@[RW,23,5,5.6126556886,0.6126556886,1.1225311377,5.77043337,Solved
L?AAD@OJFOTOBw,22,5,5.6126556885,0.6126556885,1.1225311377,5.78167435,Solved
L?AAD?oyBWPSRW,23,5,5.6126556879,0.6126556879,1.1225311376,5.77218876,Solved
L?AAD?oyBWBgRW,23,5,5.6126556872,0.6126556872,1.1225311374,5.77825714,Solved
L?AAD@OJDo@kVO,22,5,5.6126556838,0.6126556838,1.1225311368,5.79147142,Solved
L?AAD@OJDo@kig,22,5,5.6126556838,0.6126556838,1.1225311368,5.74673879,Solved
L?AAD@Oy@X@wRO,22,5,5.6126556831,0.6126556831,1.1225311366,5.78152539,Solved
L?AAD@OJFOTSBw,23,5,5.6126556829,0.6126556829,1.1225311366,5.76772667,Solved
L?AA@BOJLoJ_N_,23,5,5.6126556823,0.6126556823,1.1225311365,5.74840167,Solved
L?AA@BOJMoEo^?,23,5,5.6126556819,0.6126556819,1.1225311364,5.75410596,Solved
L?AA@BOJLoXG^?,23,5,5.6126556816,0.6126556816,1.1225311363,5.74698167,Solved
L?AAD@OJFOHgig,22,5,5.6126556816,0.6126556816,1.1225311363,5.79528899,Solved
L?AAD@OJFOTOVO,22,5,5.6126556812,0.6126556812,1.1225311362,5.74308783,Solved
L?AA@AOTBwTQN_,23,5,5.6126556811,0.6126556811,1.1225311362,5.75003386,Solved
L?AAD?oyBW@kVO,23,5,5.6126556810,0.6126556810,1.1225311362,5.77018874,Solved
L?AAD@Oy@X@wig,23,5,5.6126556804,0.6126556804,1.1225311361,5.76105447,Solved
L?AA@BOTBoDUm_,23,5,5.6126556801,0.6126556801,1.1225311360,5.76651235,Solved
L?AAD@W[CSfOEo,22,5,5.6126556801,0.6126556801,1.1225311360,5.77255788,Solved
L?AAD@OyDSDcBw,23,5,5.6126556797,0.6126556797,1.1225311359,5.75131338,Solved
L?AAD@OJDo@kiG,21,5,5.6126556796,0.6126556796,1.1225311359,5.77931008,Solved
L?AAD@W[CSbWm_,23,5,5.6126556794,0.6126556794,1.1225311359,5.76010950,Solved
L?AA@BOJG{V?^?,23,5,5.6126556793,0.6126556793,1.1225311359,5.74810776,Solved
L?AAD@OyAYDcig,23,5,5.6126556792,0.6126556792,1.1225311358,5.77502106,Solved
L?AA@AOT?{N_ic,22,5,5.6126556785,0.6126556785,1.1225311357,5.76445353,Solved
L?AAD@Oy?]F_RO,22,5,5.6126315889,0.6126315889,1.1225263178,5.74650171,Solved
L?ABArOBd_bo^?,25,5,5.6114833823,0.6114833823,1.1222966765,5.75649230,Solved
L?AEBAw{@[BgBo,25,5,5.6111725056,0.6111725056,1.1222345011,5.74344325,Solved
L?AAF?UZ@wBWyG,25,5,5.6109796857,0.6109796857,1.1221959371,5.76214823,Solved
L?AAF?UZ@w\CFo,26,5,5.6108522908,0.6108522908,1.1221704582,5.74708212,Solved
L?ABE`KMF_BoBo,24,5,5.6108309439,0.6108309439,1.1221661888,5.74640423,Solved
L?AEBAoN?{^?Bw,26,5,5.6107271343,0.6107271343,1.1221454269,5.76631084,Solved
L?AAD?wTDSfoVO,25,5,5.6102859310,0.6102859310,1.1220571862,5.74044096,Solved
L?AAD@Oi@WJgBw,22,5,5.6101548563,0.6101548563,1.1220309713,5.74717224,Solved
L?ABCfOU@W^?H[,25,5,5.6097608655,0.6097608655,1.1219521731,5.74047832,Solved
L?AADb_u@wBoBw,25,5,5.6094826614,0.6094826614,1.1218965323,5.76211248,Solved
L?AEB@wDpwBwyC,27,5,5.6093791359,0.6093791359,1.1218758272,5.76146602,Solved
L?AAD@OJDoAwVO,22,5,5.6093337756,0.6093337756,1.1218667551,5.74120402,Solved
L?`@`b_F?\WI]?,24,5,5.6089817278,0.6089817278,1.1217963456,5.74599408,Solved
L?AA@_geAYYC^?,22,5,5.6089172230,0.6089172230,1.1217834446,5.74952975,Solved
L?AA@AOT?{TOZG,21,5,5.6089172229,0.6089172229,1.1217834446,5.74722101,Solved
L?AAD?oyBgJGRW,23,5,5.6089172202,0.6089172202,1.1217834440,5.74827763,Solved
L?AADBOLBWJGA[,22,5,5.6089172193,0.6089172193,1.1217834439,5.75298747,Solved
L?AAD?oeBGBHRW,21,5,5.6089172191,0.6089172191,1.1217834438,5.77449486,Solved
L?`@Cb_HQS@woc,22,5,5.6089172189,0.6089172189,1.1217834438,5.75641676,Solved
L?AA@AWT@kL_ic,22,5,5.6089172181,0.6089172181,1.1217834436,5.74867702,Solved
L?AA@_geAYYCN?,21,5,5.6089172176,0.6089172176,1.1217834435,5.74956711,Solved
L?AAD?wXCcIgL_,21,5,5.6089172160,0.6089172160,1.1217834432,5.78455275,Solved
L?`@Cb_HQcQo@w,22,5,5.6089172150,0.6089172150,1.1217834430,5.75796411,Solved
L?AAD?oyAXJG^?,23,5,5.6089172144,0.6089172144,1.1217834429,5.74420346,Solved
L?AAD?oeBWJGRW,22,5,5.6089172143,0.6089172143,1.1217834429,5.76368985,Solved
L?AAD?oeBWHKVO,22,5,5.6089172143,0.6089172143,1.1217834429,5.75990350,Solved
L?AA@AOTEoDSN_,21,5,5.6089172141,0.6089172141,1.1217834428,5.75233919,Solved
L?AA@BOTFOFOJg,22,5,5.6089172141,0.6089172141,1.1217834428,5.76267814,Solved
L?AA@AOT@s^?Jg,22,5,5.6088443024,0.6088443024,1.1217688605,5.75517614,Solved
L?AAD@oIaoBWBW,21,5,5.6088443023,0.6088443023,1.1217688605,5.74487745,Solved
L?AAD?oeEPIg^?,22,5,5.6088443005,0.6088443005,1.1217688601,5.77103507,Solved
L?AAD?oEEPBgHe,21,5,5.6088442995,0.6088442995,1.1217688599,5.76200727,Solved
L?AAD?wX?kUOTO,21,5,5.6088442979,0.6088442979,1.1217688596,5.79260509,Solved
L?ABAaGBaoKcgE,21,5,5.6088442979,0.6088442979,1.1217688596,5.74266814,Solved
L?AAD?oeBgJGRW,22,5,5.6088442979,0.6088442979,1.1217688596,5.77795361,Solved
L?AA@AWT@cX@N_,21,5,5.6088442969,0.6088442969,1.1217688594,5.79183682,Solved
L?AA@BOmCeDSuO,23,5,5.6088442968,0.6088442968,1.1217688594,5.75473592,Solved
L?AAD?oyBgHcVO,23,5,5.6088442963,0.6088442963,1.1217688593,5.76697078,Solved
L?AA@AOTEoFOJg,21,5,5.6088442951,0.6088442951,1.1217688590,5.77678809,Solved
L?AA@BOT@T\?N_,22,5,5.6088442947,0.6088442947,1.1217688589,5.78194500,Solved
L?AA@BOJLc\?N_,23,5,5.6088442946,0.6088442946,1.1217688589,5.75256238,Solved
L?AA@AOTCsDoZG,21,5,5.6088442943,0.6088442943,1.1217688589,5.77181018,Solved
L?AEBAw{?y@w^?,26,5,5.6073159995,0.6073159995,1.1214631999,5.75785228,Solved
L?`D@PODF_@sOs,22,5,5.6069978625,0.6069978625,1.1213995725,5.74810079,Solved
L?`D@POdF_?{Qc,23,5,5.6069410494,0.6069410494,1.1213882099,5.75335064,Solved
L?AAD@OJ@sZ?Bw,22,5,5.6067074208,0.6067074208,1.1213414842,5.74266968,Solved
L?AAD@OJ@sHgig,22,5,5.6061014166,0.6061014166,1.1212202833,5.74254864,Solved
L?AADBOLBoBwBw,24,5,5.6060035051,0.6060035051,1.1212007010,5.74365519,Solved
L?AAD@OJ@sJGig,22,5,5.6058122616,0.6058122616,1.1211624523,5.74333012,Solved
L?`D@POdDgIWIL,24,5,5.6056876845,0.6056876845,1.1211375369,5.74380941,Solved
L?AAFBOm?yFOBw,25,5,5.6056673542,0.6056673542,1.1211334708,5.74670964,Solved
L?AAD@Oy@wBoBw,23,5,5.6056159606,0.6056159606,1.1211231921,5.74637233,Solved
L?AADBoy?{Aw^?,25,5,5.6055558204,0.6055558204,1.1211111641,5.75295354,Solved
L?AADBoy?yAw^?,25,5,5.6055303820,0.6055303820,1.1211060764,5.74433760,Solved
L?AE@aoRFOBoBg,23,5,5.6054872251,0.6054872251,1.1210974450,5.74416210,Solved
L?`@Cb_HOsYOBw,23,5,5.6052609199,0.6052609199,1.1210521840,5.74209589,Solved
L?AA@_geAYQSN?,21,5,5.6052535001,0.6052535001,1.1210507000,5.75190005,Solved
L?AEB`gF?]Z?N_,25,5,5.6049406045,0.6049406045,1.1209881209,5.74442756,Solved
L?AA@AWT@kN_ic,23,5,5.6048816257,0.6048816257,1.1209763251,5.77049249,Solved
L?AAD@OyBWDSBw,23,5,5.6048816244,0.6048816244,1.1209763249,5.78313036,Solved
L?AAD?oeBgBgRW,22,5,5.6048816230,0.6048816230,1.1209763246,5.77921169,Solved
L?AAD?oy@wHcVO,23,5,5.6048816213,0.6048816213,1.1209763243,5.77560135,Solved
L?AAD@W[@sBWBS,22,5,5.6048816211,0.6048816211,1.1209763242,5.75242195,Solved
L?AAD?wXBgRAAu,23,5,5.6048816208,0.6048816208,1.1209763242,5.74306937,Solved
L?AA@BOT?s^?Jg,22,5,5.6048816207,0.6048816207,1.1209763241,5.77394034,Solved
L?AAD?oyBg@kVO,23,5,5.6048816203,0.6048816203,1.1209763241,5.78458055,Solved
L?AAD@oIaoBWBw,22,5,5.6048816193,0.6048816193,1.1209763239,5.74698275,Solved
L?AAD@oR@kUOTO,22,5,5.6048816192,0.6048816192,1.1209763238,5.79084397,Solved
L?AA@BOJKsN?N_,23,5,5.6048816191,0.6048816191,1.1209763238,5.76979134,Solved
L?AAD?oyBgBgRW,23,5,5.6048816189,0.6048816189,1.1209763238,5.78271988,Solved
L?AAD?oeBg@kVO,22,5,5.6048816184,0.6048816184,1.1209763237,5.78676225,Solved
L?AA@BOT@TZ?N_,22,5,5.6048816183,0.6048816183,1.1209763237,5.78371850,Solved
L?AAD?oNAXIg}?,23,5,5.6048816182,0.6048816182,1.1209763236,5.76566396,Solved
L?AAD?W\BHV?Au,23,5,5.6048816180,0.6048816180,1.1209763236,5.74406394,Solved
L?AAD@W[DSBWAs,22,5,5.6048816178,0.6048816178,1.1209763236,5.79897531,Solved
L?AAD@oIeoBWAw,22,5,5.6048816177,0.6048816177,1.1209763235,5.78055783,Solved
L?AA@BOJMoUON_,23,5,5.6048816174,0.6048816174,1.1209763235,5.76275008,Solved
L?AA@BOJG{UO}?,23,5,5.6048816174,0.6048816174,1.1209763235,5.76086860,Solved
L?AAD?WLEObgHi,22,5,5.6048816170,0.6048816170,1.1209763234,5.76186441,Solved
L?AA@BOJG{N?m_,23,5,5.6048816166,0.6048816166,1.1209763233,5.75952367,Solved
L?AAD?sXDoBQA{,23,5,5.6048816164,0.6048816164,1.1209763233,5.74030816,Solved
L?AA@BOT@TBo}?,22,5,5.6048816164,0.6048816164,1.1209763233,5.78175257,Solved
L?AAD@oIaoBWAw,21,5,5.6048816162,0.6048816162,1.1209763232,5.78612477,Solved
L?AAD?oeBgJgRW,23,5,5.6048816161,0.6048816161,1.1209763232,5.76471051,Solved
L?AA@AWT@kJ_ic,22,5,5.6048816158,0.6048816158,1.1209763232,5.78504679,Solved
L?AAD?oy@[HcBw,23,5,5.6048816158,0.6048816158,1.1209763232,5.77867837,Solved
L?AAD?oy?yHc^?,23,5,5.6048816155,0.6048816155,1.1209763231,5.78032245,Solved
L?AA@BOT@s^?Jg,23,5,5.6048816153,0.6048816153,1.1209763231,5.77619283,Solved
L?AA@BOT?s@s}?,21,5,5.6048816152,0.6048816152,1.1209763230,5.77809454,Solved
L?AA@BOT@T^?N_,23,5,5.6048816152,0.6048816152,1.1209763230,5.77544000,Solved
L?AA@BOmBWBoJg,23,5,5.6048816151,0.6048816151,1.1209763230,5.76638348,Solved
L?AAFBOm?]FOJg,25,5,5.6048806000,0.6048806000,1.1209761200,5.76885940,Solved
L?AADb_B_x\?^?,24,5,5.6048290097,0.6048290097,1.1209658019,5.74035065,Solved
L?AADb_]@w@wFg,25,5,5.6047990414,0.6047990414,1.1209598083,5.77918123,Solved
L?ABE`KMEoDgch,25,5,5.6047990413,0.6047990413,1.1209598083,5.75357611,Solved
L?ABAagF?lSI}?,24,5,5.6047160958,0.6047160958,1.1209432192,5.74311030,Solved
L?AAFBOm@[FOFo,25,5,5.6047033381,0.6047033381,1.1209406676,5.74442440,Solved
L?AEBBo\@wBWBw,26,5,5.6046079385,0.6046079385,1.1209215877,5.74856153,Solved
L?AADb_u?{FOBw,25,5,5.6046079380,0.6046079380,1.1209215876,5.75948475,Solved
L?AEFBo]@k@w^?,27,5,5.6046079302,0.6046079302,1.1209215860,5.75057214,Solved
L?ABArO{@wDcBk,26,5,5.6046079300,0.6046079300,1.1209215860,5.74294900,Solved
L?AE@`gF?lXGm?,23,5,5.6045314163,0.6045314163,1.1209062833,5.74186990,Solved
L?AADbGH`sZALg,25,5,5.6037626268,0.6037626268,1.1207525254,5.75627067,Solved
L?ABAagF?l^?gU,25,5,5.6037626243,0.6037626243,1.1207525249,5.74402676,Solved
L?AADb_]@sBsN_,26,5,5.6037626214,0.6037626214,1.1207525243,5.74254680,Solved
L?AAD@OJ@sJgig,23,5,5.6037626205,0.6037626205,1.1207525241,5.75436454,Solved
L?AADBOM`[^?Bw,25,5,5.6037626197,0.6037626197,1.1207525239,5.75214475,Solved
L?AEBBo\@wBwBw,27,5,5.6037626192,0.6037626192,1.1207525238,5.74228265,Solved
L?`@Cb_HOs@{sc,24,5,5.6037626188,0.6037626188,1.1207525238,5.74148581,Solved
L?AAD@OJ?s^?Bw,22,5,5.6037626187,0.6037626187,1.1207525237,5.76057604,Solved
L?ABCeWU@W^?H[,25,5,5.6037626183,0.6037626183,1.1207525237,5.74663225,Solved
L?ABCeWUBWCm}?,26,5,5.6037626183,0.6037626183,1.1207525237,5.75069036,Solved
L?AEF@oN?{^?Bw,27,5,5.6037626177,0.6037626177,1.1207525235,5.77132465,Solved
L?AADb_]@wBsN_,26,5,5.6037626170,0.6037626170,1.1207525234,5.74773033,Solved
L?AEB?oMbo@kDo,23,5,5.6035365840,0.6035365840,1.1207073168,5.74863081,Solved
L?AAD?wT@SbWUO,22,5,5.6031789368,0.6031789368,1.1206357874,5.76743411,Solved
L?AAD?oyBW@wRW,23,5,5.6030376945,0.6030376945,1.1206075389,5.77533832,Solved
L?AAD@Oy?]Doig,23,5,5.6030376909,0.6030376909,1.1206075382,5.78079977,Solved
L?AA@BOTCs^?Ik,23,5,5.6030376896,0.6030376896,1.1206075379,5.75764576,Solved
L?AA@BOJG{Z?^?,23,5,5.6030376889,0.6030376889,1.1206075378,5.76250398,Solved
L?AAD?oyBW@wRO,22,5,5.6030376886,0.6030376886,1.1206075377,5.78186128,Solved
L?AA@BOmCqDc^?,23,5,5.6030376871,0.6030376871,1.1206075374,5.74783876,Solved
L?AAD@Oy@[TSBw,24,5,5.6030376869,0.6030376869,1.1206075374,5.75672919,Solved
L?AAD?oyBWHkBw,24,5,5.6030376861,0.6030376861,1.1206075372,5.74828169,Solved
L?AAD@OyDS@wJg,23,5,5.6030376856,0.6030376856,1.1206075371,5.78161245,Solved
L?AA@BOTFoDUm_,24,5,5.6030376851,0.6030376851,1.1206075370,5.75402157,Solved
L?AAD@OyDSDsBw,24,5,5.6030376847,0.6030376847,1.1206075369,5.75258174,Solved
L?AAD?oyBWHgBw,23,5,5.6030376836,0.6030376836,1.1206075367,5.77818780,Solved
L?AAD@Oy?]TSJg,24,5,5.6030376826,0.6030376826,1.1206075365,5.75495103,Solved
L?AA@BOTEoVOIk,23,5,5.6030376823,0.6030376823,1.1206075365,5.75664678,Solved
L?AAD@OyDSDoBw,23,5,5.6030376821,0.6030376821,1.1206075364,5.78035159,Solved
L?AAD@Oy?]Doi_,22,5,5.6030376818,0.6030376818,1.1206075364,5.79811189,Solved
L?AAD@oi`[HgBw,24,5,5.6030376816,0.6030376816,1.1206075363,5.76299644,Solved
L?AAD?wT@SbWVO,23,5,5.6029675095,0.6029675095,1.1205935019,5.75428738,Solved
L?AADb_B_tM_L_,23,5,5.6015464537,0.6015464537,1.1203092907,5.75963247,Solved
L?AA@BOJKsM_}?,23,5,5.6006767518,0.6006767518,1.1201353504,5.74057698,Solved
L?AA@BOTCcN_Ik,22,5,5.6006767505,0.6006767505,1.1201353501,5.74282445,Solved
L?AAD@OyBW@[ig,23,5,5.6006767470,0.6006767470,1.1201353494,5.74575268,Solved
L?AAD@Oy@TBWm_,23,5,5.6006767459,0.6006767459,1.1201353492,5.74807214,Solved
L?AAD@Oy?uFOig,23,5,5.6006767459,0.6006767459,1.1201353492,5.75681938,Solved
L?AAD@oURgBoBw,24,5,5.5995789199,0.5995789199,1.1199157840,5.74753845,Solved
L?ABA_gaOkj_u?,22,5,5.5973158484,0.5973158484,1.1194631697,5.75202267,Solved
L?AA@b_Z@[As}?,24,5,5.5966575411,0.5966575411,1.1193315082,5.74721324,Solved
L?ABA_gaOkj_}?,23,5,5.5958244925,0.5958244925,1.1191648985,5.74887935,Solved
L?AEB?oMbg@kFo,24,5,5.5954659474,0.5954659474,1.1190931895,5.75190851,Solved
L?AE@`gZEQAsJ_,24,5,5.5951677907,0.5951677907,1.1190335581,5.76610807,Solved
L?AAD?oeBWHcVO,22,5,5.5945694650,0.5945694650,1.1189138930,5.76883469,Solved
L?AADBOX@sAwL_,22,5,5.5945694622,0.5945694622,1.1189138924,5.76398978,Solved
L?AAD?oeBWIgRW,22,5,5.5945694619,0.5945694619,1.1189138924,5.76453119,Solved
L?AADBOX@kAw}?,23,5,5.5945694618,0.5945694618,1.1189138924,5.74053869,Solved
L?AADBOX?sEoDo,21,5,5.5945694611,0.5945694611,1.1189138922,5.77782029,Solved
L?AA@BOTFODsN_,23,5,5.5944860731,0.5944860731,1.1188972146,5.75202325,Solved
L?AA@AOTEoFoJg,22,5,5.5944860717,0.5944860717,1.1188972143,5.74090790,Solved
L?AA@BOJMoTON_,23,5,5.5944860706,0.5944860706,1.1188972141,5.74931560,Solved
L?AA@BOTFOBoJg,22,5,5.5944860703,0.5944860703,1.1188972141,5.76006379,Solved
L?AAD@OyBWCsBw,23,5,5.5944860698,0.5944860698,1.1188972140,5.75146808,Solved
L?AA@AOTCsBoZG,21,5,5.5944860698,0.5944860698,1.1188972140,5.74612693,Solved
L?AAD?oeAqF_RW,22,5,5.5944860686,0.5944860686,1.1188972137,5.77837946,Solved
L?AAD?oNAqZ?RW,23,5,5.5944860681,0.5944860681,1.1188972136,5.76038966,Solved
L?AA@AOTEo@sN_,21,5,5.5944860678,0.5944860678,1.1188972136,5.74896682,Solved
L?AA@AOTEoBoJg,21,5,5.5944860676,0.5944860676,1.1188972135,5.74603480,Solved
L?AADBOX@wBgA[,22,5,5.5944860676,0.5944860676,1.1188972135,5.77408433,Solved
L?AAD?oNEoIgRW,23,5,5.5944860673,0.5944860673,1.1188972135,5.75440826,Solved
L?AA@BOJKs\?N_,23,5,5.5944860667,0.5944860667,1.1188972133,5.74967762,Solved
L?AAD?oeAqHk^?,23,5,5.5944860666,0.5944860666,1.1188972133,5.75249173,Solved
L?AAD?oeAq@k^?,22,5,5.5944860665,0.5944860665,1.1188972133,5.77847642,Solved
L?AA@BOJG{TO}?,23,5,5.5944860659,0.5944860659,1.1188972132,5.74240808,Solved
L?AAD?oe@w@kUO,21,5,5.5944860655,0.5944860655,1.1188972131,5.79756755,Solved
L?AA@BOTFoDsN_,24,5,5.5943863474,0.5943863474,1.1188772695,5.75256808,Solved
L?AAD@oiboBWAw,23,5,5.5943863455,0.5943863455,1.1188772691,5.79130878,Solved
L?AA@BOTCsTQ^?,23,5,5.5943863448,0.5943863448,1.1188772690,5.76238706,Solved
L?AAF@cEf_EoDo,23,5,5.5943863439,0.5943863439,1.1188772688,5.80206975,Solved
L?AA@BOTEoFoJg,23,5,5.5943863393,0.5943863393,1.1188772679,5.76633348,Solved
L?AAD?oNAiHk}?,24,5,5.5943863370,0.5943863370,1.1188772674,5.76152167,Solved
L?AAD?oy@wJGRW,23,5,5.5938624208,0.5938624208,1.1187724842,5.77555938,Solved
L?`@Cb_HQS@soc,22,5,5.5938624196,0.5938624196,1.1187724839,5.78581588,Solved
L?AADBOLBWBgA[,22,5,5.5938624184,0.5938624184,1.1187724837,5.77962561,Solved
L?AA@_geAYF_ci,22,5,5.5938624180,0.5938624180,1.1187724836,5.74445541,Solved
L?AA@AWT?{L_ic,22,5,5.5938624160,0.5938624160,1.1187724832,5.76859518,Solved
L?`@Cb_LAEqo@w,23,5,5.5938624157,0.5938624157,1.1187724831,5.74646096,Solved
L?AA@AWTBWTQN_,23,5,5.5938624142,0.5938624142,1.1187724828,5.75188327,Solved
L?AA@AWT?{J_ic,22,5,5.5931201703,0.5931201703,1.1186240341,5.78069175,Solved
L?AA@BOm?{N_Jg,24,5,5.5931201681,0.5931201681,1.1186240336,5.74596399,Solved
L?AE@aoR?\\?J_,23,5,5.5931201672,0.5931201672,1.1186240334,5.75267722,Solved
L?AAD`c\@kQSN_,25,5,5.5931201663,0.5931201663,1.1186240333,5.74465078,Solved
L?AAD`c\@kQS}?,25,5,5.5931201663,0.5931201663,1.1186240333,5.74571291,Solved
L?AAD?oy@wJgRW,24,5,5.5931201661,0.5931201661,1.1186240332,5.76213047,Solved
L?AAD?oy@w@kVO,23,5,5.5931201638,0.5931201638,1.1186240328,5.80404919,Solved
L?AAD@W[?UfOEo,22,5,5.5931201632,0.5931201632,1.1186240326,5.80069171,Solved
L?AAD?oy@wBgRW,23,5,5.5931201630,0.5931201630,1.1186240326,5.79708533,Solved
L?AADbGHbgEouC,24,5,5.5931201627,0.5931201627,1.1186240325,5.75391072,Solved
L?AAD?oy?yHk^?,24,5,5.5931201627,0.5931201627,1.1186240325,5.76274685,Solved
L?AA@AWT?{N_ic,23,5,5.5931201623,0.5931201623,1.1186240325,5.76772074,Solved
L?AAD@W[?UbWm_,23,5,5.5931201621,0.5931201621,1.1186240324,5.78658153,Solved
L?AAD`c\@kQSeg,25,5,5.5931201619,0.5931201619,1.1186240324,5.76583855,Solved
L?AA@AWTDSfo^?,24,5,5.5931201611,0.5931201611,1.1186240322,5.74571388,Solved
L?AAD@W[@sBWBs,23,5,5.5931201610,0.5931201610,1.1186240322,5.75592851,Solved
L?AA@AWTAwFoic,23,5,5.5931201603,0.5931201603,1.1186240321,5.77640376,Solved
L?AAD`c\@kQSRP,25,5,5.5931201597,0.5931201597,1.1186240319,5.75832578,Solved
L?`@Cb_LAQqo@w,23,5,5.5910762956,0.5910762956,1.1182152591,5.75007924,Solved
L?AAD@OZDSDoBw,23,5,5.5907482936,0.5907482936,1.1181496587,5.76837027,Solved
L?AAD@OZDS@wJg,23,5,5.5907482929,0.5907482929,1.1181496586,5.76448563,Solved
L?AA@BOJKsJ_u?,22,5,5.5907482873,0.5907482873,1.1181496575,5.74783002,Solved
L?AAD@OZDSDsBw,24,5,5.5907482870,0.5907482870,1.1181496574,5.75602487,Solved
L?AA@BOJKsJ_}?,23,5,5.5907482859,0.5907482859,1.1181496572,5.74230557,Solved
L?AAD@OZ@[TSBw,24,5,5.5907482854,0.5907482854,1.1181496571,5.76191455,Solved
L?AAD@OZDS@wJ_,22,5,5.5907482833,0.5907482833,1.1181496567,5.77675479,Solved
L?AEB?oMbo@kFo,24,5,5.5898728047,0.5898728047,1.1179745609,5.75857341,Solved
L?AAD?W\DSHgN_,23,5,5.5891238898,0.5891238898,1.1178247780,5.74453142,Solved
L?AA@bGyAwCsN_,24,5,5.5886620031,0.5886620031,1.1177324006,5.76419771,Solved
L?AEB`KkDoDoBc,24,5,5.5881184845,0.5881184845,1.1176236969,5.74931249,Solved
L?AAF?UZFOFOFo,25,5,5.5866644196,0.5866644196,1.1173328839,5.75301708,Solved
L?AEB?oM_uM_Bw,24,5,5.5844600481,0.5844600481,1.1168920096,5.74184489,Solved
L?AEB?oMbgBgBw,24,5,5.5832852850,0.5832852850,1.1166570570,5.74858322,Solved
L?AAD?oNAXZ?VO,23,5,5.5808271532,0.5808271532,1.1161654306,5.77199507,Solved
L?AADBO\?mEoN_,24,5,5.5808271523,0.5808271523,1.1161654305,5.75248659,Solved
L?AA@BOJMoEom_,23,5,5.5808271521,0.5808271521,1.1161654304,5.75500470,Solved
L?AAD?oeBW@kVO,22,5,5.5808271513,0.5808271513,1.1161654303,5.77895566,Solved
L?AAD?oNAXJG}?,23,5,5.5808271512,0.5808271512,1.1161654302,5.76705793,Solved
L?AAD?oeBWBgRW,22,5,5.5808271502,0.5808271502,1.1161654300,5.78306664,Solved
L?AAD?oeBWHkVO,23,5,5.5808271496,0.5808271496,1.1161654299,5.77131934,Solved
L?AAD?oeBWBgBW,21,5,5.5808271487,0.5808271487,1.1161654297,5.78683771,Solved
L?AAD@OyBW@[Jg,23,5,5.5808271482,0.5808271482,1.1161654296,5.76924054,Solved
L?AA@BOJKsEo}?,23,5,5.5808271481,0.5808271481,1.1161654296,5.75245872,Solved
L?AADBO\?mEo^?,24,5,5.5808271480,0.5808271480,1.1161654296,5.75208231,Solved
L?AE@b_FEo@wRO,23,5,5.5807037769,0.5807037769,1.1161407554,5.74427129,Solved
L?AE@bGyAwBoLg,25,5,5.5799719919,0.5799719919,1.1159943984,5.74849549,Solved
L?AEB?WVF_AwN_,24,5,5.5789011856,0.5789011856,1.1157802371,5.75428401,Solved
L?AA@b_Z@[XGBw,24,5,5.5789011855,0.5789011855,1.1157802371,5.74408522,Solved
L?AEB?oMboBgBw,24,5,5.5789011832,0.5789011832,1.1157802366,5.75638417,Solved
L?AAD?oNAq^?RW,24,5,5.5789011826,0.5789011826,1.1157802365,5.76484234,Solved
L?AA@bGyBWBoLg,24,5,5.5789011825,0.5789011825,1.1157802365,5.74399589,Solved
L?AAD@OyBWDsBw,24,5,5.5786406110,0.5786406110,1.1157281222,5.75314237,Solved
L?AAD?oN?yZ?RW,23,5,5.5786406108,0.5786406108,1.1157281222,5.77818107,Solved
L?AAD@OyBWDoBw,23,5,5.5786406107,0.5786406107,1.1157281221,5.78794424,Solved
L?AA@BOJMoVON_,24,5,5.5786406107,0.5786406107,1.1157281221,5.74461278,Solved
L?AAD?oZ@[Hgm_,23,5,5.5786406081,0.5786406081,1.1157281216,5.74040496,Solved
L?AA@BOJG{^?m_,24,5,5.5786406073,0.5786406073,1.1157281215,5.74104803,Solved
L?AAD?w\DcIgN_,24,5,5.5786406068,0.5786406068,1.1157281214,5.74385952,Solved
L?AAD?oeAyN_RW,24,5,5.5786406067,0.5786406067,1.1157281213,5.76594578,Solved
L?AA@BOJKs^?N_,24,5,5.5786406061,0.5786406061,1.1157281212,5.74696844,Solved
L?AAD?oNAX^?VO,24,5,5.5786406060,0.5786406060,1.1157281212,5.76741155,Solved
L?AAD@OyBW@wJg,23,5,5.5786406056,0.5786406056,1.1157281211,5.77926314,Solved
L?AAD?oe@w@kVO,22,5,5.5786406055,0.5786406055,1.1157281211,5.78966408,Solved
L?AA@BOJG{RO}?,23,5,5.5786406051,0.5786406051,1.1157281210,5.76908996,Solved
L?AAD?oe?yN_RW,23,5,5.5786406047,0.5786406047,1.1157281209,5.77854610,Solved
L?AAD@OZDSDoVO,23,5,5.5786406046,0.5786406046,1.1157281209,5.74353193,Solved
L?AA@BOJG{Z?m_,23,5,5.5786406045,0.5786406045,1.1157281209,5.77480361,Solved
L?AAD?oe?yF_RW,22,5,5.5786406042,0.5786406042,1.1157281208,5.78594081,Solved
L?AAD?oy@[@w^?,23,5,5.5786406036,0.5786406036,1.1157281207,5.74217286,Solved
L?AAD@Oy?]DoZ?,22,5,5.5786406035,0.5786406035,1.1157281207,5.79636160,Solved
L?AAD?oNEoJgRW,24,5,5.5786406034,0.5786406034,1.1157281207,5.76894498,Solved
L?AAD?oe@wJgRW,23,5,5.5786406029,0.5786406029,1.1157281206,5.77271059,Solved
L?AAD@oUOuPS}?,24,5,5.5786406029,0.5786406029,1.1157281206,5.74183152,Solved
L?AE@bG{BWAsN_,25,5,5.5786238772,0.5786238772,1.1157247754,5.74328442,Solved
L?AE@bGyAwFOLg,25,5,5.5784481394,0.5784481394,1.1156896279,5.74304927,Solved
L?AEB?oM_uXCu?,23,5,5.5784467515,0.5784467515,1.1156893503,5.74063626,Solved
L?AAF?UZFOBWN_,25,5,5.5784322638,0.5784322638,1.1156864528,5.75312297,Solved
L?AEB?oMbo@[Fo,24,5,5.5752285645,0.5752285645,1.1150457129,5.76510643,Solved
L?AE@bGyBWEcN_,25,5,5.5752285602,0.5752285602,1.1150457120,5.74521689,Solved
L?AAD?oNFoJgRW,25,5,5.5752285581,0.5752285581,1.1150457116,5.75672938,Solved
L?AAD?oN?y^?RW,24,5,5.5752285563,0.5752285563,1.1150457113,5.78666025,Solved
L?AADagmAYL_Cj,25,5,5.5752285559,0.5752285559,1.1150457112,5.74822740,Solved
L?AE@bGyBWESN_,25,5,5.5752285555,0.5752285555,1.1150457111,5.76020181,Solved
L?AE@bGy@LM_N_,25,5,5.5752285551,0.5752285551,1.1150457110,5.76804216,Solved
L?AE@bGyAwDoHg,24,5,5.5750899903,0.5750899903,1.1150179981,5.79192226,Solved
L?AE@bGyAwCsN_,25,5,5.5748830267,0.5748830267,1.1149766053,5.78327349,Solved
L?AE@bGyBWBoLg,25,5,5.5748658516,0.5748658516,1.1149731703,5.77153099,Solved
L?AE@bGy?{N_Lg,26,5,5.5745142425,0.5745142425,1.1149028485,5.74926461,Solved
L?AAFBOm?]F_Jg,25,5,5.5744569832,0.5744569832,1.1148913966,5.74051525,Solved
L?AEBAw{@wBgBs,26,5,5.5740579629,0.5740579629,1.1148115926,5.76119615,Solved
L?AEF@oV?]Do}?,26,5,5.5740311773,0.5740311773,1.1148062355,5.76656806,Solved
L?AE@bGyAwDoLg,25,5,5.5734090510,0.5734090510,1.1146818102,5.75630655,Solved
L?AE@bGyAwEsN_,26,5,5.5734048665,0.5734048665,1.1146809733,5.74770095,Solved
L?AEB?oM_uXC]?,23,5,5.5677850658,0.5677850658,1.1135570132,5.74348055,Solved
L?AAD@oibWHgBw,24,5,5.5677850627,0.5677850627,1.1135570125,5.74715150,Solved
L?AAD@oibW@wRO,23,5,5.5677850604,0.5677850604,1.1135570121,5.74449051,Solved
L?AEBAw{@sBWBs,26,5,5.5676944695,0.5676944695,1.1135388939,5.76409258,Solved
L?AADb_m?]BSN_,25,5,5.5664920775,0.5664920775,1.1132984155,5.74674699,Solved
L?AADb_]@s@wFg,25,5,5.5662716175,0.5662716175,1.1132543235,5.74897998,Solved
L?AEF@oV?]V?N_,26,5,5.5627628646,0.5627628646,1.1125525729,5.74173504,Solved
