g6,edges,alpha,theta,gap,ratio,theta_ub,status
L?`DE`gl@YJODg,26,4,5.1817366256,1.1817366256,1.2954341564,5.19428728,Solved
L?AAD?oFAgDOAw,19,5,5.8544795024,0.8544795024,1.1708959005,5.86730804,Solved
L?AA@AWs@g@WF_,19,5,5.8496682850,0.8496682850,1.1699336570,5.86531011,Solved
L?AAD?Ws@c@oRO,19,5,5.8395595805,0.8395595805,1.1679119161,5.85278610,Solved
L?AAD?oeAg@WFO,19,5,5.8374077482,0.8374077482,1.1674815496,5.85275599,Solved
L?AAD?oFAgDOBg,19,5,5.8370411807,0.8370411807,1.1674082361,5.85389701,Solved
L?AADAoMAa@oFO,20,5,5.8362028125,0.8362028125,1.1672405625,5.86496356,Solved
L?AADAoYAWBOBo,20,5,5.8346106800,0.8346106800,1.1669221360,5.85615625,Solved
L?AAD?oFAgDOBw,20,5,5.8324053885,0.8324053885,1.1664810777,5.85112145,Solved
L?AAD?Ws@SIgBc,20,5,5.8320087201,0.8320087201,1.1664017440,5.84951007,Solved
L?AAD?Ws@SJ_Bc,20,5,5.8307290194,0.8307290194,1.1661458039,5.85641407,Solved
L?AAD?oFAgPOBg,19,5,5.8270071851,0.8270071851,1.1654014370,5.84639720,Solved
L?AA@agwAgBODc,20,5,5.8267167108,0.8267167108,1.1653433422,5.84322847,Solved
L?AAD?w[?UB_i_,20,5,5.8247089382,0.8247089382,1.1649417876,5.83633228,Solved
L?AADAoFAgDOBg,20,5,5.8241721589,0.8241721589,1.1648344318,5.84182052,Solved
L?AADBOQPoD_Hg,20,5,5.8226332394,0.8226332394,1.1645266479,5.83628730,Solved
L?AAD?oeAg@SFO,19,5,5.8220535131,0.8220535131,1.1644107026,5.83780692,Solved
L?AAD?sXCSBODo,20,5,5.8205835433,0.8205835433,1.1641167087,5.83921421,Solved
L?AAD?w[AgPOBo,20,5,5.8197113836,0.8197113836,1.1639422767,5.83411769,Solved
L?AAD?W[@S@qSQ,20,5,5.8194448400,0.8194448400,1.1638889680,5.83469022,Solved
L?AA@?Ws?[M_ao,19,5,5.8190780506,0.8190780506,1.1638156101,5.84265794,Solved
L?AAD?w[Ag@oIa,20,5,5.8186259583,0.8186259583,1.1637251917,5.84672326,Solved
L?AAD?oFAgPOBw,20,5,5.8181325306,0.8181325306,1.1636265061,5.83410070,Solved
L?AAD?Ws@S@qTQ,21,5,5.8177912565,0.8177912565,1.1635582513,5.83484948,Solved
L?AAD?Ws?kDOTO,19,5,5.8167586720,0.8167586720,1.1633517344,5.83185044,Solved
L?AAD?WLBGPOBo,19,5,5.8165971814,0.8165971814,1.1633194363,5.82799584,Solved
L?AADAoYAWBGCs,20,5,5.8162593078,0.8162593078,1.1632518616,5.84275931,Solved
L?AAD?W[AWUOBo,20,5,5.8161635275,0.8161635275,1.1632327055,5.82995431,Solved
L?AAD?Ws@SHgBc,20,5,5.8159285396,0.8159285396,1.1631857079,5.83067074,Solved
L?AADb_R@oBOBg,21,5,5.8147162520,0.8147162520,1.1629432504,5.84466599,Solved
L?AAD?Ws?[Hgk_,20,5,5.8145092894,0.8145092894,1.1629018579,5.84053899,Solved
L?AA@agw?sAq\?,21,5,5.8139761094,0.8139761094,1.1627952219,5.83420301,Solved
L?AAD?w[AgPOEo,20,5,5.8139023739,0.8139023739,1.1627804748,5.83301136,Solved
L?AAD?oFAgTOAw,20,5,5.8131559259,0.8131559259,1.1626311852,5.82360131,Solved
L?AAD?oeAg@[FO,20,5,5.8126793232,0.8126793232,1.1625358646,5.82816041,Solved
L?AAD?Ws?[Igi_,20,5,5.8124980653,0.8124980653,1.1624996131,5.83627213,Solved
L?AAD?w[?w@wi_,21,5,5.8124286303,0.8124286303,1.1624857261,5.83584670,Solved
L?AAD?sX?sUOAs,21,5,5.8123318423,0.8123318423,1.1624663685,5.83891345,Solved
L?AADBOF@SIgm?,21,5,5.8115646517,0.8115646517,1.1623129303,5.83308366,Solved
L?AAD?w[Ag@oia,21,5,5.8113863003,0.8113863003,1.1622772601,5.83536639,Solved
L?AA@_gsAgPOBc,19,5,5.8112219017,0.8112219017,1.1622443803,5.82172443,Solved
L?AAD?Ws@c@oTO,19,5,5.8103118003,0.8103118003,1.1620623601,5.83169410,Solved
L?AAD?W[?kH_c`,19,5,5.8102506879,0.8102506879,1.1620501376,5.82838439,Solved
L?AADAoYAWBGCq,20,5,5.8098720439,0.8098720439,1.1619744088,5.83536495,Solved
L?AA@agw?sAoao,20,5,5.8095811554,0.8095811554,1.1619162311,5.82240277,Solved
L?AAD?WLBGPOFo,20,5,5.8093477832,0.8093477832,1.1618695566,5.82590593,Solved
L?AAD?Ws@c@oVO,20,5,5.8090341095,0.8090341095,1.1618068219,5.83504851,Solved
L?AAD?W[@SJ_As,20,5,5.8087890228,0.8087890228,1.1617578046,5.83272013,Solved
L?AAD?Ws@S@qVO,21,5,5.8086418082,0.8086418082,1.1617283616,5.82482077,Solved
L?AAD?W[AWUOAs,20,5,5.8082593045,0.8082593045,1.1616518609,5.82202820,Solved
L?AA@agw?sAqao,21,5,5.8074724307,0.8074724307,1.1614944861,5.82338176,Solved
L?AADBOQPoD_Hc,20,5,5.8072828377,0.8072828377,1.1614565675,5.82469236,Solved
L?AAD?Ws?[FOVO,21,5,5.8070760448,0.8070760448,1.1614152090,5.82661865,Solved
L?AA@AOU?[L_eo,20,5,5.8064445254,0.8064445254,1.1612889051,5.82329502,Solved
L?AAD@OM?wTOBw,21,5,5.8057416611,0.8057416611,1.1611483322,5.82909232,Solved
L?AA@AWT@SF_sQ,21,5,5.8057381058,0.8057381058,1.1611476212,5.83317160,Solved
L?AA@_gaQ`Com?,19,5,5.8051321417,0.8051321417,1.1610264283,5.82378314,Solved
L?AAD@oT?s@[k_,21,5,5.8051066866,0.8051066866,1.1610213373,5.82535929,Solved
L?AAD?W[@SIgBc,20,5,5.8049145486,0.8049145486,1.1609829097,5.81736983,Solved
L?AAD?W[@SJ_Bc,20,5,5.8043803144,0.8043803144,1.1608760629,5.82984660,Solved
L?AA@agwAg@oaa,20,5,5.8041281718,0.8041281718,1.1608256344,5.82198580,Solved
L?AAD@oIagBgAw,21,5,5.8041196600,0.8041196600,1.1608239320,5.83616945,Solved
L?AEB?cEF_@weO,21,5,5.8040807777,0.8040807777,1.1608161555,5.82759511,Solved
L?AEB?oDFOBoA[,21,5,5.8038048392,0.8038048392,1.1607609678,5.81891790,Solved
L?AA@_gsAWUOBc,20,5,5.8036416985,0.8036416985,1.1607283397,5.81715665,Solved
L?AAD?W[AWFOAs,20,5,5.8033559072,0.8033559072,1.1606711814,5.82694691,Solved
L?AAD?sXCoBODo,20,5,5.8032633635,0.8032633635,1.1606526727,5.82585234,Solved
L?AAD?sXCcBWFO,21,5,5.8019380295,0.8019380295,1.1603876059,5.82019697,Solved
L?AAD@oIagF_Bg,21,5,5.8012662568,0.8012662568,1.1602532514,5.83251571,Solved
L?AAD?Ws?kDOT@,19,5,5.8002232322,0.8002232322,1.1600446464,5.81761710,Solved
L?AAD?oFAgTOAY,20,5,5.8001642250,0.8001642250,1.1600328450,5.82029496,Solved
L?AAD@oIaW@s]?,21,5,5.8000731819,0.8000731819,1.1600146364,5.82421282,Solved
L?AAD?W[AWFOBc,20,5,5.7995907625,0.7995907625,1.1599181525,5.81925313,Solved
L?AAD?oq?wHgLc,21,5,5.7995229739,0.7995229739,1.1599045948,5.82400953,Solved
L?AAD?oq?wAqRW,21,5,5.7995068885,0.7995068885,1.1599013777,5.82092082,Solved
L?AAD?oFEoHgL_,21,5,5.7988570980,0.7988570980,1.1597714196,5.81378869,Solved
L?AAD?wX?wQODo,20,5,5.7981389936,0.7981389936,1.1596277987,5.81022711,Solved
L?AAD?w[CS@wTA,21,5,5.7981327670,0.7981327670,1.1596265534,5.81321806,Solved
L?AADAoY?wHcCs,21,5,5.7980078752,0.7980078752,1.1596015750,5.82532006,Solved
L?AAD?W[?kH_k`,20,5,5.7979164819,0.7979164819,1.1595832964,5.81797423,Solved
L?AA@_gsAW@qca,20,5,5.7976095348,0.7976095348,1.1595219070,5.81434075,Solved
L?AA@aHw?sV?Dk,22,5,5.7974906907,0.7974906907,1.1594981381,5.82062795,Solved
L?AA@?Ws?kL_co,19,5,5.7971904339,0.7971904339,1.1594380868,5.82118897,Solved
L?AEB?cEF_@wcW,21,5,5.7971040253,0.7971040253,1.1594208051,5.82622337,Solved
L?AAD?Ws@SBoTA,20,5,5.7969408839,0.7969408839,1.1593881768,5.82240851,Solved
L?AAD?W[AWUOBc,20,5,5.7967416178,0.7967416178,1.1593483236,5.81298693,Solved
L?AA@_gsAW@qga,20,5,5.7964456497,0.7964456497,1.1592891299,5.81567115,Solved
L?AA@_gsAgPOJc,20,5,5.7959190865,0.7959190865,1.1591838173,5.80910685,Solved
L?AAD@oI_wIgBg,21,5,5.7958724673,0.7958724673,1.1591744935,5.81603032,Solved
L?AAD?sX?sUOFO,21,5,5.7950950110,0.7950950110,1.1590190022,5.82001238,Solved
L?AAD?Ws?kDOTP,20,5,5.7948800654,0.7948800654,1.1589760131,5.81540917,Solved
L?AA@bGXCcF?Hg,20,5,5.7946535321,0.7946535321,1.1589307064,5.81869732,Solved
L?AADBOF@SV?TQ,22,5,5.7938724818,0.7938724818,1.1587744964,5.81821751,Solved
L?AAD?Ws@WCqVO,21,5,5.7938127375,0.7938127375,1.1587625475,5.81466240,Solved
L?AA@_gaOhJ?Ge,19,5,5.7936393857,0.7936393857,1.1587278771,5.82242879,Solved
L?AAD?w[AgPOFo,21,5,5.7935392652,0.7935392652,1.1587078530,5.81009812,Solved
L?AADb_R?sN?Bg,22,5,5.7934296328,0.7934296328,1.1586859266,5.82256205,Solved
L?AAD?wLEOJGHa,21,5,5.7933506342,0.7933506342,1.1586701268,5.81348072,Solved
L?AA@agXCSAow@,20,5,5.7933417612,0.7933417612,1.1586683522,5.80981050,Solved
L?AAD?W[@SJ_Bs,21,5,5.7931677103,0.7931677103,1.1586335421,5.81801774,Solved
L?AADAoY?wAwRG,21,5,5.7930217623,0.7930217623,1.1586043525,5.80848142,Solved
L?AAD?oFAgTOAy,21,5,5.7928859097,0.7928859097,1.1585771819,5.81002773,Solved
L?AAD?sXCo@WFO,20,5,5.7927549031,0.7927549031,1.1585509806,5.80791583,Solved
L?AA@bGRDOAogc,20,5,5.7926475536,0.7926475536,1.1585295107,5.81588651,Solved
L?AAD?Ws?kHgk_,20,5,5.7925030690,0.7925030690,1.1585006138,5.82057783,Solved
L?AAD?wLEOIgHa,21,5,5.7923420075,0.7923420075,1.1584684015,5.80498152,Solved
L?AAD@oI_w@sSS,21,5,5.7922820736,0.7922820736,1.1584564147,5.81181178,Solved
L?AAD?w[?UJ_i_,21,5,5.7922242046,0.7922242046,1.1584448409,5.80718506,Solved
L?AA@bGRDCF?Dg,20,5,5.7922237150,0.7922237150,1.1584447430,5.80908669,Solved
L?AA@_gaRGROCk,20,5,5.7922078101,0.7922078101,1.1584415620,5.80861943,Solved
L?AAD?Ws@SBoTQ,21,5,5.7920715264,0.7920715264,1.1584143053,5.81900855,Solved
L?AA@bGRDOAocc,20,5,5.7918652073,0.7918652073,1.1583730415,5.80806434,Solved
L?AAF@ck?wBOcg,21,5,5.7917375947,0.7917375947,1.1583475189,5.82011345,Solved
L?AAD@oT?sTODo,21,5,5.7916518469,0.7916518469,1.1583303694,5.81580340,Solved
L?AA@_gsAWUOHc,20,5,5.7914670229,0.7914670229,1.1582934046,5.81910035,Solved
L?AA@?Ws?[M_eo,20,5,5.7912596407,0.7912596407,1.1582519281,5.81884158,Solved
L?AAD?W[AWFOBs,21,5,5.7908715791,0.7908715791,1.1581743158,5.81282458,Solved
L?AA@_gaRGR@Ck,20,5,5.7908352854,0.7908352854,1.1581670571,5.81697308,Solved
L?AAD@oIaW@[]?,21,5,5.7905220149,0.7905220149,1.1581044030,5.81482098,Solved
L?AAD@oIagF_Bw,22,5,5.7902632340,0.7902632340,1.1580526468,5.81344142,Solved
L?AA@agX?kBQwA,21,5,5.7901292307,0.7901292307,1.1580258461,5.80106759,Solved
L?AEB?WU@HEoCq,21,5,5.7890294888,0.7890294888,1.1578058978,5.81809232,Solved
L?AA@agw?w@oao,20,5,5.7890060000,0.7890060000,1.1578012000,5.80257271,Solved
L?AAD?w[Ag@wIa,21,5,5.7889309778,0.7889309778,1.1577861956,5.81167815,Solved
L?AA@agLE_@oac,20,5,5.7889117554,0.7889117554,1.1577823511,5.80403830,Solved
L?AAD?W[@SJGBc,20,5,5.7888835480,0.7888835480,1.1577767096,5.82029076,Solved
L?AAD?W[AW@qca,20,5,5.7888555135,0.7888555135,1.1577711027,5.80877621,Solved
L?AAD?W[AW@Yka,21,5,5.7888069145,0.7888069145,1.1577613829,5.81266759,Solved
L?AAD?sXCSAYM_,21,5,5.7886753233,0.7886753233,1.1577350647,5.80877186,Solved
L?AAD?Ws?{Hgk_,21,5,5.7886600680,0.7886600680,1.1577320136,5.81589355,Solved
L?AADb_M?s@oRO,21,5,5.7883768586,0.7883768586,1.1576753717,5.80777433,Solved
L?AAD?oUAWFOBw,21,5,5.7883008341,0.7883008341,1.1576601668,5.80709090,Solved
L?AAD?sX?sTODo,21,5,5.7883001044,0.7883001044,1.1576600209,5.81526431,Solved
L?AA@_wwAgPODc,20,5,5.7882587016,0.7882587016,1.1576517403,5.81709288,Solved
L?AA@bGX?sEoac,21,5,5.7880948965,0.7880948965,1.1576189793,5.81045576,Solved
L?AAD?oFBoAwRW,22,5,5.7877707495,0.7877707495,1.1575541499,5.80717331,Solved
L?AAD?w[CSIgEo,21,5,5.7872762984,0.7872762984,1.1574552597,5.80417253,Solved
L?AA@aHiAoIaGi,21,5,5.7870792111,0.7870792111,1.1574158422,5.81466054,Solved
L?AAD?W[@S@qTA,20,5,5.7869599750,0.7869599750,1.1573919950,5.80650666,Solved
L?AAD?Ws?[Hgm_,21,5,5.7865191730,0.7865191730,1.1573038346,5.81390113,Solved
L?AAD?W[AWUOBs,21,5,5.7862189688,0.7862189688,1.1572437938,5.80175577,Solved
L?AAD?W[?uTOTO,21,5,5.7859235815,0.7859235815,1.1571847163,5.81199611,Solved
L?AA@bGXCcF?Lg,21,5,5.7855320840,0.7855320840,1.1571064168,5.80641411,Solved
L?AA@agqAgEoga,21,5,5.7855036672,0.7855036672,1.1571007334,5.81089280,Solved
L?AA@agX?kUOqA,21,5,5.7854851435,0.7854851435,1.1570970287,5.81368845,Solved
L?AAD?Ws?[TOVO,21,5,5.7852520245,0.7852520245,1.1570504049,5.81135674,Solved
L?AAD?W[AWROBc,20,5,5.7849192078,0.7849192078,1.1569838416,5.81041780,Solved
L?AA@_gsAWUOJc,21,5,5.7847886916,0.7847886916,1.1569577383,5.80884796,Solved
L?AA@AOq@g@WF_,18,5,5.7847109159,0.7847109159,1.1569421832,5.82101030,Solved
L?AA@BOq@g@WF_,19,5,5.7847109153,0.7847109153,1.1569421831,5.81560644,Solved
L?AA@aHM@WY?Bo,20,5,5.7846658997,0.7846658997,1.1569331799,5.80411050,Solved
L?AA@_gsAWCqga,20,5,5.7844691710,0.7844691710,1.1568938342,5.80264638,Solved
L?AEB?W[@w@weO,22,5,5.7844665750,0.7844665750,1.1568933150,5.80677698,Solved
L?AAD?sX?sTOCs,21,5,5.7843103382,0.7843103382,1.1568620676,5.81126923,Solved
L?AA@_gaRGAUea,21,5,5.7842645229,0.7842645229,1.1568529046,5.80872285,Solved
L?AA@AOU@g@WF_,18,5,5.7842597726,0.7842597726,1.1568519545,5.81109337,Solved
L?AAD?WkBG@WRO,19,5,5.7842417818,0.7842417818,1.1568483564,5.84249647,Solved
L?ABAaIeB_D_Bo,21,5,5.7841427312,0.7841427312,1.1568285462,5.80117841,Solved
L?AAD?Ws?[Igk_,20,5,5.7841362284,0.7841362284,1.1568272457,5.81244873,Solved
L?AAD?oq?UBOHE,19,5,5.7841110745,0.7841110745,1.1568222149,5.82379978,Solved
L?AAD@oIao@oSS,20,5,5.7840795689,0.7840795689,1.1568159138,5.81913992,Solved
L?AAD@OIAWQOAo,17,5,5.7840292528,0.7840292528,1.1568058506,5.80070686,Solved
L?AA@BOi?[AWe_,19,5,5.7838788792,0.7838788792,1.1567757758,5.82471141,Solved
L?AADAoMAg@WFO,20,5,5.7838788179,0.7838788179,1.1567757636,5.86417153,Solved
L?AAD?oeAg@SQO,18,5,5.7838115622,0.7838115622,1.1567623124,5.82778067,Solved
L?AA@?Ws?[N_eo,21,5,5.7837324412,0.7837324412,1.1567464882,5.80178569,Solved
L?AAD?W[AWUOFo,21,5,5.7836428333,0.7836428333,1.1567285667,5.80231418,Solved
L?AA@BOi?e@se_,20,5,5.7836302752,0.7836302752,1.1567260550,5.84223865,Solved
L?AEB?We@gBoHK,21,5,5.7835273849,0.7835273849,1.1567054770,5.82019121,Solved
L?AADAoFAgDOAo,19,5,5.7834082826,0.7834082826,1.1566816565,5.84028519,Solved
L?AA@AWs@g@WI_,18,5,5.7834082821,0.7834082821,1.1566816564,5.82129160,Solved
L?AAD@OI@cH_Bg,18,5,5.7832649476,0.7832649476,1.1566529895,5.81744284,Solved
L?AAD?WLB_POBo,19,5,5.7832649438,0.7832649438,1.1566529888,5.83362197,Solved
L?AA@AWU@g@WF_,19,5,5.7832074826,0.7832074826,1.1566414965,5.81634223,Solved
L?AA@AWT@SRGN?,20,5,5.7832074804,0.7832074804,1.1566414961,5.81987927,Solved
L?AAD?W[AwFOBs,22,5,5.7831707936,0.7831707936,1.1566341587,5.80284789,Solved
L?AAF@ck?sAoeG,21,5,5.7829556290,0.7829556290,1.1565911258,5.80344718,Solved
L?`@?b_YCgBc?u,21,5,5.7829299649,0.7829299649,1.1565859930,5.81340092,Solved
L?AA@b_HagTOaa,21,5,5.7828758757,0.7828758757,1.1565751751,5.80558691,Solved
L?AA@agXE_BOHa,20,5,5.7826011971,0.7826011971,1.1565202394,5.80347137,Solved
L?AAD?wX?wQOAo,19,5,5.7824568036,0.7824568036,1.1564913607,5.82215713,Solved
L?AA@bGX?sAsac,21,5,5.7823397613,0.7823397613,1.1564679523,5.80135888,Solved
L?AAD?Ws?[UOVO,21,5,5.7822921119,0.7822921119,1.1564584224,5.81093333,Solved
L?AA@?Ws@gPOBo,18,5,5.7822506751,0.7822506751,1.1564501350,5.81154780,Solved
L?AAD?oeAg@SRO,19,5,5.7822491058,0.7822491058,1.1564498212,5.82525115,Solved
L?AADb_Y?wAoRO,21,5,5.7822420347,0.7822420347,1.1564484069,5.80020883,Solved
L?AAD?Ws?[Igm_,21,5,5.7821761057,0.7821761057,1.1564352211,5.80895723,Solved
L?AADb_R?s@scc,22,5,5.7821365966,0.7821365966,1.1564273193,5.81091822,Solved
L?AAD?oqAaCoN?,19,5,5.7818846044,0.7818846044,1.1563769209,5.83736150,Solved
L?AAD?Ws?eD_HE,19,5,5.7818531509,0.7818531509,1.1563706302,5.80977846,Solved
L?AAD?oX?sHgAs,20,5,5.7817877100,0.7817877100,1.1563575420,5.83664926,Solved
L?AAD?W[@SHgBc,20,5,5.7816561813,0.7816561813,1.1563312363,5.80255018,Solved
L?AAD?Ws@WHgHk,21,5,5.7813240251,0.7813240251,1.1562648050,5.80657725,Solved
L?AA@bGRDOAokc,21,5,5.7812084135,0.7812084135,1.1562416827,5.80245817,Solved
L?AA@?Ws@WTOTO,19,5,5.7810374359,0.7810374359,1.1562074872,5.81676288,Solved
L?AAD@oIag@[M_,21,5,5.7809878221,0.7809878221,1.1561975644,5.81813177,Solved
L?AAD?W[?[UORO,20,5,5.7809289914,0.7809289914,1.1561857983,5.82605407,Solved
L?AAD?W[AWROBs,21,5,5.7809252838,0.7809252838,1.1561850568,5.80373711,Solved
L?AADBOQPoCoN?,20,5,5.7808745323,0.7808745323,1.1561749065,5.81369897,Solved
L?AAD@OIAWQODo,18,5,5.7807991408,0.7807991408,1.1561598282,5.80527521,Solved
L?AAD@OM@gPOBo,19,5,5.7807961312,0.7807961312,1.1561592262,5.81379036,Solved
L?AEB?cEF_@weW,22,5,5.7807864823,0.7807864823,1.1561572965,5.80607755,Solved
L?AEB?W[@W@wcQ,21,5,5.7807833836,0.7807833836,1.1561566767,5.80028294,Solved
L?AA@_gs?kH_c`,19,5,5.7807232400,0.7807232400,1.1561446480,5.80381435,Solved
L?AAD?oX?kROAs,20,5,5.7804807581,0.7804807581,1.1560961516,5.85192205,Solved
L?AA@AWs@gDOao,19,5,5.7800962911,0.7800962911,1.1560192582,5.82265164,Solved
L?AA@AWs@g@WM_,19,5,5.7800768316,0.7800768316,1.1560153663,5.83078776,Solved
L?AAD@OICcB_Do,18,5,5.7800265476,0.7800265476,1.1560053095,5.80131535,Solved
L?AADAoFAgDOBo,20,5,5.7798396000,0.7798396000,1.1559679200,5.84564978,Solved
L?AA@aHw@gBOm?,20,5,5.7798203973,0.7798203973,1.1559640795,5.80722823,Solved
L?AADBOF@cHgF_,21,5,5.7798169826,0.7798169826,1.1559633965,5.80611589,Solved
L?AADBOF@SJ_Bg,21,5,5.7797740921,0.7797740921,1.1559548184,5.82525977,Solved
L?AA@ag[?k@YM_,21,5,5.7797740918,0.7797740918,1.1559548184,5.82363330,Solved
L?AA@aHiAgN?Gi,21,5,5.7797099731,0.7797099731,1.1559419946,5.80245816,Solved
L?AA@AOFAgDOao,18,5,5.7796843553,0.7796843553,1.1559368711,5.80185566,Solved
L?AA@_gsAWTOBc,20,5,5.7796810173,0.7796810173,1.1559362035,5.80801429,Solved
L?AA@AWs@g@WFO,19,5,5.7796473123,0.7796473123,1.1559294625,5.82335387,Solved
L?AA@AWs@g@WJ_,19,5,5.7796407548,0.7796407548,1.1559281510,5.82215985,Solved
L?AAD?WHM_DOAs,19,5,5.7796043359,0.7796043359,1.1559208672,5.81985041,Solved
L?AAD?wLAg@Wi_,20,5,5.7792521389,0.7792521389,1.1558504278,5.83239709,Solved
L?AA@bGX@oQQL_,21,5,5.7792042065,0.7792042065,1.1558408413,5.80998363,Solved
L?AA@BOT@oDOBW,19,5,5.7790299827,0.7790299827,1.1558059965,5.82536979,Solved
L?AA@?Ws@gPWBo,19,5,5.7789609715,0.7789609715,1.1557921943,5.81508819,Solved
L?AADBOQPoD_J_,20,5,5.7789609714,0.7789609714,1.1557921943,5.81925632,Solved
L?AA@AWs@g@WDo,19,5,5.7789213657,0.7789213657,1.1557842731,5.81566939,Solved
L?AAD@OIAWUOBg,19,5,5.7789020623,0.7789020623,1.1557804125,5.81842586,Solved
L?AAD?sX?sV?Cs,21,5,5.7788588803,0.7788588803,1.1557717761,5.82007999,Solved
L?AADAoYAWBOEo,20,5,5.7787784571,0.7787784571,1.1557556914,5.81936453,Solved
L?AAD?Ws@SIgJ_,20,5,5.7786656882,0.7786656882,1.1557331376,5.81997134,Solved
L?AA@AWs@gDODP,19,5,5.7785826628,0.7785826628,1.1557165326,5.80991427,Solved
L?AA@AOUAWDOeo,19,5,5.7785765913,0.7785765913,1.1557153183,5.80441331,Solved
L?AA@AWs@g@WFo,20,5,5.7785597107,0.7785597107,1.1557119421,5.81964294,Solved
L?AA@AOFAgDOeo,19,5,5.7785442424,0.7785442424,1.1557088485,5.80607704,Solved
L?AA@AWs@g@WN_,20,5,5.7785337600,0.7785337600,1.1557067520,5.81584727,Solved
L?AAD?sXCSBOBo,20,5,5.7782873032,0.7782873032,1.1556574606,5.80855586,Solved
L?AA@AWs@gDOTP,20,5,5.7782419427,0.7782419427,1.1556483885,5.82112130,Solved
L?AAD?oq?UBORO,19,5,5.7781898987,0.7781898987,1.1556379797,5.80698720,Solved
L?AEB?cEDoAwaW,21,5,5.7781255665,0.7781255665,1.1556251133,5.80539191,Solved
L?AAD?sXCoBOFO,20,5,5.7780283378,0.7780283378,1.1556056676,5.80113463,Solved
L?AA@AWs@gDOaq,20,5,5.7780106819,0.7780106819,1.1556021364,5.83436907,Solved
L?AAD?sXCSBOFo,21,5,5.7779408208,0.7779408208,1.1555881642,5.81283272,Solved
L?AADAoFAgDOBw,21,5,5.7777004108,0.7777004108,1.1555400822,5.81527913,Solved
L?AAD?sXCSAYm?,21,5,5.7767719931,0.7767719931,1.1553543986,5.80271856,Solved
L?AAD@OXCoBgAs,20,5,5.7766681048,0.7766681048,1.1553336210,5.82810761,Solved
L?AAD?WHM_@Wi_,19,5,5.7766361427,0.7766361427,1.1553272285,5.80852660,Solved
L?AAD?oq?UBORW,20,5,5.7764598883,0.7764598883,1.1552919777,5.81598158,Solved
L?AAD?sX?sROFO,21,5,5.7764162973,0.7764162973,1.1552832595,5.80640240,Solved
L?AA@?Ws@WUORO,19,5,5.7758178283,0.7758178283,1.1551635657,5.80534862,Solved
L?AA@?Ws@WUORP,20,5,5.7756942431,0.7756942431,1.1551388486,5.81782581,Solved
L?AAD?sXCoBOBo,20,5,5.7756772253,0.7756772253,1.1551354451,5.80475141,Solved
L?AA@?Ws@WQWBo,19,5,5.7752697143,0.7752697143,1.1550539429,5.81574164,Solved
L?AADAoYAWBGEo,20,5,5.7752697133,0.7752697133,1.1550539427,5.81650056,Solved
L?AAD?W[?[TOTO,20,5,5.7752626822,0.7752626822,1.1550525364,5.81804214,Solved
L?AA@?Ws@gPOBS,18,5,5.7750865669,0.7750865669,1.1550173134,5.80076966,Solved
L?AA@?Ws@gPOBs,19,5,5.7750859893,0.7750859893,1.1550171979,5.80975903,Solved
L?AA@?Ws@WTOTP,20,5,5.7750853706,0.7750853706,1.1550170741,5.82593256,Solved
L?AAD?WkBG@WJ_,19,5,5.7750615925,0.7750615925,1.1550123185,5.81458079,Solved
L?AAD?oeAg@SUO,19,5,5.7750025145,0.7750025145,1.1550005029,5.81240417,Solved
L?AAD?WHM_IgAs,20,5,5.7749964565,0.7749964565,1.1549992913,5.82821786,Solved
L?AAD?oeAg@SVO,20,5,5.7749654129,0.7749654129,1.1549930826,5.81199329,Solved
L?AAD?oT?k\?QQ,20,5,5.7749542788,0.7749542788,1.1549908558,5.83875739,Solved
L?AA@aHw@W@o\?,20,5,5.7749237919,0.7749237919,1.1549847584,5.81469271,Solved
L?AAD?Ws@c@WHg,19,5,5.7749083659,0.7749083659,1.1549816732,5.83222265,Solved
L?AAD?Ws@c@WHk,20,5,5.7748992064,0.7748992064,1.1549798413,5.84031317,Solved
L?AA@BOR@oUOBg,20,5,5.7748885430,0.7748885430,1.1549777086,5.88353682,Solved
L?AAD?sXCcAwYA,21,5,5.7748885421,0.7748885421,1.1549777084,5.87931129,Solved
L?AAD?sXCcAwEc,21,5,5.7748885420,0.7748885420,1.1549777084,5.86917895,Solved
L?AA@_gsAgTOHc,20,5,5.7748885415,0.7748885415,1.1549777083,5.81817150,Solved
L?AA@bGRDCF?Hg,20,5,5.7748885412,0.7748885412,1.1549777082,5.80633997,Solved
L?AAD?sX?sRODo,21,5,5.7748885412,0.7748885412,1.1549777082,5.81833260,Solved
L?AAD?sXCc@[Do,21,5,5.7748885409,0.7748885409,1.1549777082,5.86900532,Solved
L?AAD?sXCcAw}?,22,5,5.7748885409,0.7748885409,1.1549777082,5.85733015,Solved
L?AAD?sXCcAwm?,21,5,5.7748885407,0.7748885407,1.1549777081,5.87879497,Solved
L?AA@?WsBWUOJc,21,5,5.7748885407,0.7748885407,1.1549777081,5.86171971,Solved
L?AA@AOT@wTOJg,21,5,5.7748885406,0.7748885406,1.1549777081,5.87113231,Solved
L?AAD?oT?k\?ic,21,5,5.7748885406,0.7748885406,1.1549777081,5.83039290,Solved
L?AAD?Ws@KF_VO,21,5,5.7748885404,0.7748885404,1.1549777081,5.80579835,Solved
L?AA@aHwBGAsca,21,5,5.7748885403,0.7748885403,1.1549777081,5.86628562,Solved
L?AA@AOU@TL_m_,21,5,5.7748885402,0.7748885402,1.1549777080,5.86276879,Solved
L?AAD?Ws@gCoTO,19,5,5.7748885400,0.7748885400,1.1549777080,5.86758432,Solved
L?AA@AW[DcXGas,22,5,5.7748885399,0.7748885399,1.1549777080,5.87678481,Solved
L?AA@AWs@gDoaa,20,5,5.7748885397,0.7748885397,1.1549777079,5.87610503,Solved
L?AAD?oDFOJGQ[,21,5,5.7748885394,0.7748885394,1.1549777079,5.87762359,Solved
L?AA@AOq?sDoZG,20,5,5.7748885393,0.7748885393,1.1549777079,5.87145092,Solved
L?AA@AOFFOEoZG,21,5,5.7748885393,0.7748885393,1.1549777079,5.84739012,Solved
L?AAD?Ws@gHgHK,20,5,5.7748885392,0.7748885392,1.1549777078,5.86274136,Solved
L?AA@BOi?wDoTC,20,5,5.7748885391,0.7748885391,1.1549777078,5.86998055,Solved
L?AADAoYAWBGCu,21,5,5.7748885390,0.7748885390,1.1549777078,5.82616717,Solved
L?AA@AWs@g@oaq,20,5,5.7748885389,0.7748885389,1.1549777078,5.82920529,Solved
L?AAD?oTBoXCRW,22,5,5.7748885388,0.7748885388,1.1549777078,5.87610031,Solved
L?AAD?Ws?[TOTP,21,5,5.7748885385,0.7748885385,1.1549777077,5.82579238,Solved
L?AAD?Ws@SBoVO,21,5,5.7748885383,0.7748885383,1.1549777077,5.81843559,Solved
L?AA@BOR@oUOJg,21,5,5.7748885383,0.7748885383,1.1549777077,5.88534135,Solved
L?AAD?WLBGRODo,20,5,5.7748885383,0.7748885383,1.1549777077,5.81863044,Solved
L?AA@aHwBGAoca,20,5,5.7748885382,0.7748885382,1.1549777076,5.85709395,Solved
L?AAD?oeAgHgaI,20,5,5.7748885381,0.7748885381,1.1549777076,5.87225883,Solved
L?AAD?wX?wQOBo,20,5,5.7748885380,0.7748885380,1.1549777076,5.80435441,Solved
L?AAD?oX?k@wRW,21,5,5.7748885379,0.7748885379,1.1549777076,5.84365080,Solved
L?AA@BORCcF?Jg,20,5,5.7748885375,0.7748885375,1.1549777075,5.88174218,Solved
L?AAD?sXCcRODo,21,5,5.7748885375,0.7748885375,1.1549777075,5.87364206,Solved
L?AAD?WsAYKc^?,22,5,5.7748885372,0.7748885372,1.1549777074,5.84758247,Solved
L?AA@bGR@oUOHg,21,5,5.7748885371,0.7748885371,1.1549777074,5.80291438,Solved
L?AA@AWs@g@oaa,19,5,5.7748885370,0.7748885370,1.1549777074,5.86801996,Solved
L?AAD?W[?[TOTP,21,5,5.7748885370,0.7748885370,1.1549777074,5.80174289,Solved
L?AA@?WsAWUOBc,19,5,5.7748885370,0.7748885370,1.1549777074,5.86323305,Solved
L?AA@BORCcF?Bg,19,5,5.7748885370,0.7748885370,1.1549777074,5.87728947,Solved
L?AA@AWs?kDOT@,19,5,5.7748885368,0.7748885368,1.1549777074,5.85724018,Solved
L?AAD@OM?wPSBW,20,5,5.7748885368,0.7748885368,1.1549777074,5.82951394,Solved
L?AAD?WkAQL_HI,20,5,5.7748885368,0.7748885368,1.1549777074,5.87637015,Solved
L?AAD?WHM_Hg^?,21,5,5.7748885367,0.7748885367,1.1549777073,5.86609704,Solved
L?AA@BOi?kFOTC,20,5,5.7748885367,0.7748885367,1.1549777073,5.87191844,Solved
L?AAD?W[?[UORP,21,5,5.7748885367,0.7748885367,1.1549777073,5.81019809,Solved
L?AA@aHw@W@oXG,20,5,5.7748885366,0.7748885366,1.1549777073,5.86050783,Solved
L?AAD?w[CSBWDQ,21,5,5.7748885366,0.7748885366,1.1549777073,5.80578030,Solved
L?AA@aHw@oIcRO,21,5,5.7748885364,0.7748885364,1.1549777073,5.85656763,Solved
L?AAD?sXCcBWDo,21,5,5.7748885363,0.7748885363,1.1549777073,5.86427203,Solved
L?AAD?oT?kDQA{,21,5,5.7748885361,0.7748885361,1.1549777072,5.84350762,Solved
L?AAD@OXCTDcBw,22,5,5.7748885360,0.7748885360,1.1549777072,5.86700839,Solved
L?AA@AOUAWTOJg,20,5,5.7748885360,0.7748885360,1.1549777072,5.87257793,Solved
L?AAD?W[AwROFo,22,5,5.7748885357,0.7748885357,1.1549777071,5.80222664,Solved
L?AAD?WkAQKc^?,21,5,5.7748885356,0.7748885356,1.1549777071,5.86493944,Solved
L?AAD?sXCcBIDo,21,5,5.7748885356,0.7748885356,1.1549777071,5.85951706,Solved
L?AA@?WsBWUOBc,20,5,5.7748885356,0.7748885356,1.1549777071,5.85258383,Solved
L?AAD?sXCcBWF_,21,5,5.7748885356,0.7748885356,1.1549777071,5.81359753,Solved
L?AA@AOyAwIgZG,22,5,5.7748885356,0.7748885356,1.1549777071,5.85282658,Solved
L?AAD?W[@SIgAs,20,5,5.7748885356,0.7748885356,1.1549777071,5.82337416,Solved
L?AA@AOUDSL_Jg,21,5,5.7748885354,0.7748885354,1.1549777071,5.86662277,Solved
L?AA@AOq?wEoZG,20,5,5.7748885352,0.7748885352,1.1549777070,5.85189490,Solved
L?AA@?WsAWUOJc,20,5,5.7748885352,0.7748885352,1.1549777070,5.87327811,Solved
L?AAD?sXCcFODo,21,5,5.7748885352,0.7748885352,1.1549777070,5.86262512,Solved
L?AAD?WLBGROFo,21,5,5.7748885351,0.7748885351,1.1549777070,5.80663686,Solved
L?AAD?Ws@gCoVO,20,5,5.7748885350,0.7748885350,1.1549777070,5.82895997,Solved
L?AA@aHwAgF?BS,20,5,5.7748885349,0.7748885349,1.1549777070,5.86425643,Solved
L?AADBOQPoD_Hk,21,5,5.7748885348,0.7748885348,1.1549777070,5.81429278,Solved
L?AA@AOq@wEoZG,21,5,5.7748885348,0.7748885348,1.1549777070,5.86355102,Solved
L?AAD?W[@SIgBs,21,5,5.7748885347,0.7748885347,1.1549777069,5.80321027,Solved
L?AAD?Ws?[UORP,21,5,5.7748885347,0.7748885347,1.1549777069,5.82953835,Solved
L?AADAoYAWBGCU,20,5,5.7748885347,0.7748885347,1.1549777069,5.87353263,Solved
L?AAD?Ws@KF_TO,20,5,5.7748885346,0.7748885346,1.1549777069,5.80991596,Solved
L?AA@AOFAgTOJg,20,5,5.7748885344,0.7748885344,1.1549777069,5.86826575,Solved
L?AAD?sXCcJGDo,21,5,5.7748885344,0.7748885344,1.1549777069,5.84115556,Solved
L?AAD?sXCcAwEs,22,5,5.7748885344,0.7748885344,1.1549777069,5.86420350,Solved
L?AAD?sXCcN?Do,21,5,5.7748885343,0.7748885343,1.1549777069,5.86513066,Solved
L?AAD@OM?wPSBw,21,5,5.7748885342,0.7748885342,1.1549777068,5.81613619,Solved
L?AA@_gsAgTOJc,21,5,5.7748885342,0.7748885342,1.1549777068,5.80735827,Solved
L?AAD?sXCcAwi_,21,5,5.7748885342,0.7748885342,1.1549777068,5.85902055,Solved
L?AA@AOFAgPOJg,19,5,5.7748885342,0.7748885342,1.1549777068,5.86498161,Solved
L?AA@?Ws?[M_ap,20,5,5.7748885340,0.7748885340,1.1549777068,5.83503280,Solved
L?AAD?sXCcAwm_,22,5,5.7748885339,0.7748885339,1.1549777068,5.86960262,Solved
L?AA@agLAWUOqC,21,5,5.7748885339,0.7748885339,1.1549777068,5.80374444,Solved
L?AA@_gaRGZ?CM,20,5,5.7748885339,0.7748885339,1.1549777068,5.84402495,Solved
L?AA@AWs?kDOTP,20,5,5.7748885338,0.7748885338,1.1549777068,5.82001897,Solved
L?AAD?Ws?{FOVO,22,5,5.7748885337,0.7748885337,1.1549777067,5.80817343,Solved
L?AA@AOy@[FOZG,22,5,5.7748885336,0.7748885336,1.1549777067,5.86099298,Solved
L?AA@BOT@oTOJg,21,5,5.7748885336,0.7748885336,1.1549777067,5.88120991,Solved
L?AADBOQPoD_HK,20,5,5.7748885334,0.7748885334,1.1549777067,5.87030781,Solved
L?AAD?sXCcAwac,21,5,5.7748885332,0.7748885332,1.1549777066,5.87702377,Solved
L?AAD?sXCcAwec,22,5,5.7748885331,0.7748885331,1.1549777066,5.87588537,Solved
L?AAD?Ws@SI`As,20,5,5.7748031725,0.7748031725,1.1549606345,5.83033702,Solved
L?AAD?WkBG@WL_,19,5,5.7747634886,0.7747634886,1.1549526977,5.80799216,Solved
L?AADAoYAWBOAw,20,5,5.7746737265,0.7746737265,1.1549347453,5.81472724,Solved
L?AA@bGw?YAoN?,20,5,5.7743975851,0.7743975851,1.1548795170,5.80403734,Solved
L?AAD?Ws@gDOTO,19,5,5.7743168140,0.7743168140,1.1548633628,5.80008100,Solved
L?AA@AOU?kD_Eo,18,5,5.7742063787,0.7742063787,1.1548412757,5.80883337,Solved
L?AA@AWs@W@WK_,18,5,5.7738974058,0.7738974058,1.1547794812,5.80713704,Solved
L?AAD@OI@g@oCs,18,5,5.7736797730,0.7736797730,1.1547359546,5.82038111,Solved
L?AAD@OJDoHgHg,21,5,5.7735998364,0.7735998364,1.1547199673,5.80087152,Solved
L?AAD@OI@g@oDc,18,5,5.7735615511,0.7735615511,1.1547123102,5.80659965,Solved
L?AAD@OI@g@oDs,19,5,5.7735272453,0.7735272453,1.1547054491,5.83136761,Solved
L?AAD?WkBG@WN_,20,5,5.7734343283,0.7734343283,1.1546868657,5.82183701,Solved
L?AEB?WU@HM_Aq,21,5,5.7733571691,0.7733571691,1.1546714338,5.84616473,Solved
L?AA@?WsBWQWBc,20,5,5.7733375563,0.7733375563,1.1546675113,5.81294996,Solved
L?AA@AOU@S@gN?,18,5,5.7730481585,0.7730481585,1.1546096317,5.82381665,Solved
L?AADAoYAWBOBg,20,5,5.7729552084,0.7729552084,1.1545910417,5.82247705,Solved
L?AADbGR@oEOHg,21,5,5.7727578826,0.7727578826,1.1545515765,5.81503800,Solved
L?AADAoYAWBOBw,21,5,5.7727412571,0.7727412571,1.1545482514,5.81965897,Solved
L?AA@ag[?wPOBs,21,5,5.7727412512,0.7727412512,1.1545482502,5.80379423,Solved
L?AAD?W[AYUOAs,21,5,5.7723349600,0.7723349600,1.1544669920,5.81056968,Solved
L?AAD@Oi@g@WJ_,19,5,5.7717725042,0.7717725042,1.1543545008,5.81145589,Solved
L?AA@_gaRGROCM,20,5,5.7716358338,0.7716358338,1.1543271668,5.80247697,Solved
L?AAD?oU?k@wQI,20,5,5.7716202048,0.7716202048,1.1543240410,5.81017273,Solved
L?AAD?W[DSIgAs,21,5,5.7716137294,0.7716137294,1.1543227459,5.80680424,Solved
L?AAD?sYCcAiRA,21,5,5.7715730922,0.7715730922,1.1543146184,5.81512987,Solved
L?AA@AWs@W@WM_,19,5,5.7715727613,0.7715727613,1.1543145523,5.83601469,Solved
L?AAD?oeAgHgAi,20,5,5.7715553880,0.7715553880,1.1543110776,5.81733036,Solved
L?AA@agX?[BOwA,20,5,5.7711664541,0.7711664541,1.1542332908,5.80635832,Solved
L?AA@BOTDOAWe_,19,5,5.7710161898,0.7710161898,1.1542032380,5.81585812,Solved
L?AA@bGw?YBOCi,20,5,5.7709857522,0.7709857522,1.1541971504,5.81283153,Solved
L?AA@AWs@c@WJ_,19,5,5.7708459031,0.7708459031,1.1541691806,5.82509338,Solved
L?AAD?Ws@S@wTA,20,5,5.7704557604,0.7704557604,1.1540911521,5.80335811,Solved
L?AADAoX?w@WeC,20,5,5.7703557899,0.7703557899,1.1540711580,5.81230553,Solved
L?AAD@oI_wIgAw,21,5,5.7703268061,0.7703268061,1.1540653612,5.81347141,Solved
L?AA@bGX@oROHg,21,5,5.7703015847,0.7703015847,1.1540603169,5.80169794,Solved
L?AAD?oq?UI`RO,20,5,5.7700900711,0.7700900711,1.1540180142,5.80913546,Solved
L?AADAoX?w@Wec,21,5,5.7699984674,0.7699984674,1.1539996935,5.81083565,Solved
L?AAD@oI_wIgBw,22,5,5.7697397246,0.7697397246,1.1539479449,5.80202206,Solved
L?AAD?Ws@SIgAs,20,5,5.7696316439,0.7696316439,1.1539263288,5.81678854,Solved
L?AAD?Ws?UKcTO,20,5,5.7696106599,0.7696106599,1.1539221320,5.81162910,Solved
L?AAD@OICcB_Bo,18,5,5.7695925427,0.7695925427,1.1539185085,5.80152965,Solved
L?AAD@OI?wDoCs,19,5,5.7694513213,0.7694513213,1.1538902643,5.82934879,Solved
L?AAD?oT?kZ?ic,21,5,5.7694209130,0.7694209130,1.1538841826,5.80999289,Solved
L?AEB?WU@HF_Cq,21,5,5.7693917600,0.7693917600,1.1538783520,5.80843905,Solved
L?AAD?Ws@SIgBs,21,5,5.7693909481,0.7693909481,1.1538781896,5.80724126,Solved
L?AAD?Ws@S@wTQ,21,5,5.7693909474,0.7693909474,1.1538781895,5.80868513,Solved
L?AA@AWs@g@gF_,19,5,5.7693646848,0.7693646848,1.1538729370,5.81262949,Solved
L?AA@AWT@SYGN_,21,5,5.7693497331,0.7693497331,1.1538699466,5.80227442,Solved
L?AAD?wXCcBWN?,21,5,5.7691980474,0.7691980474,1.1538396095,5.80089898,Solved
L?AAD?Ws@SI`Bs,21,5,5.7690506942,0.7690506942,1.1538101388,5.80147301,Solved
L?AAD?oEAg@waI,19,5,5.7689682728,0.7689682728,1.1537936546,5.80216243,Solved
L?AAD@OI?wDoDs,20,5,5.7689278314,0.7689278314,1.1537855663,5.83051987,Solved
L?AA@aHiB_@oN?,20,5,5.7688841906,0.7688841906,1.1537768381,5.81162126,Solved
L?AADb_K_sH_Bg,21,5,5.7688138520,0.7688138520,1.1537627704,5.82855605,Solved
L?AAD?oEAg@wag,19,5,5.7687958591,0.7687958591,1.1537591718,5.80832657,Solved
L?AADAoXAWBGCs,20,5,5.7686985937,0.7686985937,1.1537397187,5.82742215,Solved
L?AAD?oEAg@wai,20,5,5.7686581813,0.7686581813,1.1537316363,5.81701980,Solved
L?AA@AOq@WBODo,18,5,5.7686483099,0.7686483099,1.1537296620,5.81748010,Solved
L?AAD?w[CS@wN?,21,5,5.7685816727,0.7685816727,1.1537163345,5.81549810,Solved
L?AAD@oIaoB_Aw,20,5,5.7682654817,0.7682654817,1.1536530963,5.81805394,Solved
L?AA@AWs@W@WD_,18,5,5.7682434769,0.7682434769,1.1536486954,5.80477989,Solved
L?AA@_gaRGQODc,19,5,5.7682197648,0.7682197648,1.1536439530,5.81141797,Solved
L?AAD?sXCSBWN?,21,5,5.7680344874,0.7680344874,1.1536068975,5.80331303,Solved
L?AAD?sXCcBWN?,21,5,5.7680344858,0.7680344858,1.1536068972,5.81336003,Solved
L?AAD?oq?UAqi_,20,5,5.7679799464,0.7679799464,1.1535959893,5.81991560,Solved
L?AA@BOi?kFOTS,21,5,5.7678763150,0.7678763150,1.1535752630,5.81201595,Solved
L?AAD?Ws@S@YTQ,21,5,5.7678572389,0.7678572389,1.1535714478,5.82083395,Solved
L?AAD?oq?kHgM_,20,5,5.7675193694,0.7675193694,1.1535038739,5.80579646,Solved
L?AAD?sX?sTOAs,21,5,5.7672434151,0.7672434151,1.1534486830,5.80784174,Solved
L?AAD@oI_wJ_Aw,21,5,5.7671923408,0.7671923408,1.1534384682,5.80537157,Solved
L?AEB?WU@HM_Eq,22,5,5.7671386240,0.7671386240,1.1534277248,5.80896073,Solved
L?AAD?oFAgPODo,19,5,5.7669451944,0.7669451944,1.1533890389,5.81996900,Solved
L?AAD?oFAgPOEo,19,5,5.7668428966,0.7668428966,1.1533685793,5.83816618,Solved
L?AAD?oqAgFODc,20,5,5.7667675219,0.7667675219,1.1533535044,5.80944987,Solved
L?AAD?oT?kN?ic,21,5,5.7666990111,0.7666990111,1.1533398022,5.82080081,Solved
L?AAD?oFAgPOFo,20,5,5.7665795836,0.7665795836,1.1533159167,5.83467240,Solved
L?AA@agwAWBOBc,20,5,5.7665049783,0.7665049783,1.1533009957,5.80741385,Solved
L?AADAoU?[FORG,21,5,5.7664257866,0.7664257866,1.1532851573,5.81324355,Solved
L?AAD?sXCc@YFo,22,5,5.7662816401,0.7662816401,1.1532563280,5.80232431,Solved
L?AAD?oU?[FORW,21,5,5.7661468551,0.7661468551,1.1532293710,5.81707598,Solved
L?AA@agqAgFODc,21,5,5.7659713817,0.7659713817,1.1531942763,5.82429326,Solved
L?AAD?sX?sPQFo,22,5,5.7659713785,0.7659713785,1.1531942757,5.80782218,Solved
L?AAD?Ws@S@yTQ,22,5,5.7659071143,0.7659071143,1.1531814229,5.80052005,Solved
L?AADAoX?sEoAs,21,5,5.7657788722,0.7657788722,1.1531557744,5.82063402,Solved
L?AAF@cM?sV?Do,22,5,5.7655533308,0.7655533308,1.1531106662,5.80782269,Solved
L?AADAoU?[FORW,22,5,5.7655533302,0.7655533302,1.1531106660,5.81195529,Solved
L?AA@AWs@g@oco,19,5,5.7654575613,0.7654575613,1.1530915123,5.80425032,Solved
L?AAD?oq?wBoRO,20,5,5.7654435766,0.7654435766,1.1530887153,5.80827441,Solved
L?AA@?Ws@gPWBs,20,5,5.7654002755,0.7654002755,1.1530800551,5.80121008,Solved
L?AAD?WHM_@WV?,19,5,5.7653817256,0.7653817256,1.1530763451,5.80571151,Solved
L?AAD?Ws@cHgAs,20,5,5.7652129896,0.7652129896,1.1530425979,5.80935111,Solved
L?AAD?oeAgHgag,20,5,5.7652028461,0.7652028461,1.1530405692,5.80341523,Solved
L?AAD?Ws@c@wRQ,21,5,5.7651898568,0.7651898568,1.1530379714,5.80925341,Solved
L?AAD?Ws@cHgBs,21,5,5.7651898545,0.7651898545,1.1530379709,5.80337798,Solved
L?AADbGR@cCsm?,22,5,5.7650329302,0.7650329302,1.1530065860,5.80119698,Solved
L?AAD@OI@cB_Dc,18,5,5.7647600223,0.7647600223,1.1529520045,5.80071389,Solved
L?AAD?oq?k@kM_,20,5,5.7647242476,0.7647242476,1.1529448495,5.81712883,Solved
L?AAD?WLB_@oaE,19,5,5.7646911460,0.7646911460,1.1529382292,5.80346568,Solved
L?AAD@OI@cH_Aw,18,5,5.7646270121,0.7646270121,1.1529254024,5.80711269,Solved
L?AAD?WLB_PODo,19,5,5.7646264463,0.7646264463,1.1529252893,5.82118029,Solved
L?AA@AOU@WBWF_,19,5,5.7646118570,0.7646118570,1.1529223714,5.82525774,Solved
L?AAD@OI?wUOBW,19,5,5.7646092370,0.7646092370,1.1529218474,5.82255713,Solved
L?AAD?WHM_J_As,20,5,5.7645864786,0.7645864786,1.1529172957,5.80680018,Solved
L?AA@BORCcE_qO,19,5,5.7645064216,0.7645064216,1.1529012843,5.81301931,Solved
L?AA@BOi?[AgV?,19,5,5.7644384886,0.7644384886,1.1528876977,5.81840488,Solved
L?AAD?Ws?eH_HE,19,5,5.7643654944,0.7643654944,1.1528730989,5.81778553,Solved
L?AAD?Ws@WDoRO,20,5,5.7643164112,0.7643164112,1.1528632822,5.80283689,Solved
L?AAD?Ws?[DoRO,20,5,5.7643086381,0.7643086381,1.1528617276,5.80462949,Solved
L?AAD?oEAgDoBw,20,5,5.7642573876,0.7642573876,1.1528514775,5.80690011,Solved
L?AA@AOU@g@oRO,18,5,5.7642360161,0.7642360161,1.1528472032,5.80333119,Solved
L?AA@aHi@gH_k_,20,5,5.7641334883,0.7641334883,1.1528266977,5.80678704,Solved
L?AA@AOU@WAwF_,19,5,5.7641088733,0.7641088733,1.1528217747,5.81546553,Solved
L?AAD@oX?w@We_,20,5,5.7640268161,0.7640268161,1.1528053632,5.80196516,Solved
L?AAD?Ws@c@oHg,19,5,5.7639164422,0.7639164422,1.1527832884,5.80504371,Solved
L?AAD?Ws@c@oHk,20,5,5.7638069656,0.7638069656,1.1527613931,5.81369528,Solved
L?AAD?sXCo@WF_,20,5,5.7637774444,0.7637774444,1.1527554889,5.80388913,Solved
L?AADBOF@SIgN?,21,5,5.7637374742,0.7637374742,1.1527474948,5.80638013,Solved
L?AADBOY@K@gUO,20,5,5.7635006093,0.7635006093,1.1527001219,5.80592339,Solved
L?AAD@W[?[UORO,21,5,5.7633871285,0.7633871285,1.1526774257,5.81188913,Solved
L?AAD?Ws@SM_Bc,20,5,5.7633767977,0.7633767977,1.1526753595,5.81004982,Solved
L?AA@AWs@W@WF_,19,5,5.7632312242,0.7632312242,1.1526462448,5.83504878,Solved
L?AADAoX?kROAs,21,5,5.7630791092,0.7630791092,1.1526158218,5.81609374,Solved
L?AAD?oEAg@sN_,20,5,5.7630734802,0.7630734802,1.1526146960,5.80668437,Solved
L?AA@agX?kQQ]?,21,5,5.7630234616,0.7630234616,1.1526046923,5.81968726,Solved
L?AAD?Ws@S@q^?,21,5,5.7627503350,0.7627503350,1.1525500670,5.80606819,Solved
L?AAD@OM?wTOEo,20,5,5.7626530525,0.7626530525,1.1525306105,5.82260150,Solved
L?AAD?oEAgFoBw,21,5,5.7625658603,0.7625658603,1.1525131721,5.80265959,Solved
L?AAD?w[CS@w\?,21,5,5.7624916167,0.7624916167,1.1524983233,5.80526619,Solved
L?AADAoMAg@oQO,19,5,5.7618610592,0.7618610592,1.1523722118,5.81690701,Solved
L?AAD?WX@cHgCs,20,5,5.7617827036,0.7617827036,1.1523565407,5.80153045,Solved
L?AAD?w[CSBW\?,21,5,5.7616512631,0.7616512631,1.1523302526,5.80293222,Solved
L?AAD@OM?wTODo,20,5,5.7616383835,0.7616383835,1.1523276767,5.84964917,Solved
L?AAD@OM?wTOFo,21,5,5.7615721419,0.7615721419,1.1523144284,5.83350363,Solved
L?AADAoX?s@YJ_,21,5,5.7614963059,0.7614963059,1.1522992612,5.80289693,Solved
L?AA@_gaQWCoca,19,5,5.7614316214,0.7614316214,1.1522863243,5.81099300,Solved
L?AA@AWs@SF_TQ,21,5,5.7613818357,0.7613818357,1.1522763671,5.80536431,Solved
L?AAD?Ws@gCoAT,19,5,5.7613653020,0.7613653020,1.1522730604,5.81278332,Solved
L?AA@AOU@g@oao,18,5,5.7612980880,0.7612980880,1.1522596176,5.80805627,Solved
L?AAD@OIAWUOCs,19,5,5.7609191829,0.7609191829,1.1521838366,5.81009337,Solved
L?AAD@Oi@g@oDc,19,5,5.7609155109,0.7609155109,1.1521831022,5.81213014,Solved
L?AAD?oq?UBODE,19,5,5.7609130912,0.7609130912,1.1521826182,5.81030920,Solved
L?AA@BOTDO@WeO,19,5,5.7608482459,0.7608482459,1.1521696492,5.80248888,Solved
L?AAD?WkBG@WTO,19,5,5.7608332787,0.7608332787,1.1521666557,5.81860564,Solved
L?AADAoX?s@YN_,22,5,5.7608071887,0.7608071887,1.1521614377,5.80709720,Solved
L?AAD@oIao@oTC,20,5,5.7608001361,0.7608001361,1.1521600272,5.80079231,Solved
L?AAD?oeAg@WF_,19,5,5.7607687971,0.7607687971,1.1521537594,5.81500827,Solved
L?AA@agwAgBOAq,20,5,5.7607327711,0.7607327711,1.1521465542,5.80955065,Solved
L?AAD@Oi@gBODo,19,5,5.7607162576,0.7607162576,1.1521432515,5.82488591,Solved
L?AAD?Ws@cD_BQ,19,5,5.7606873412,0.7606873412,1.1521374682,5.81167599,Solved
L?AAD?oq?UAoe_,19,5,5.7606175602,0.7606175602,1.1521235120,5.80548097,Solved
L?AAD?oX?sJ_As,20,5,5.7606146905,0.7606146905,1.1521229381,5.83362530,Solved
L?AA@_gaRGAom?,19,5,5.7605532064,0.7605532064,1.1521106413,5.80989930,Solved
L?AAD@oIaoB_Bg,20,5,5.7605446610,0.7605446610,1.1521089322,5.83387411,Solved
L?AAD@OM?wTCEo,20,5,5.7604362542,0.7604362542,1.1520872508,5.80721499,Solved
L?AAD?WHJ_@WV?,19,5,5.7603111996,0.7603111996,1.1520622399,5.81272588,Solved
L?AAD?oq?UAqe_,20,5,5.7602480297,0.7602480297,1.1520496059,5.82462526,Solved
L?AA@aHiB_AoM_,20,5,5.7602224240,0.7602224240,1.1520444848,5.81776316,Solved
L?AA@AOU@SL_DQ,19,5,5.7601809737,0.7601809737,1.1520361947,5.80628104,Solved
L?AAD?oq?wHgCs,20,5,5.7601722840,0.7601722840,1.1520344568,5.82142850,Solved
L?AA@AWT@cHGN?,19,5,5.7601380236,0.7601380236,1.1520276047,5.81599648,Solved
L?AA@_gaRGV?Dc,20,5,5.7601364052,0.7601364052,1.1520272810,5.81058513,Solved
L?AAD?Ws?[FOHK,20,5,5.7600668927,0.7600668927,1.1520133785,5.81788317,Solved
L?AA@BOT@SV?aS,20,5,5.7600173741,0.7600173741,1.1520034748,5.81346854,Solved
L?AAD?oeAgPSUO,20,5,5.7600037316,0.7600037316,1.1520007463,5.80917931,Solved
L?AAD?Wk?YK_L_,19,5,5.7599828500,0.7599828500,1.1519965700,5.81386485,Solved
L?AAD?oq@s@kDc,21,5,5.7599750463,0.7599750463,1.1519950093,5.80728482,Solved
L?AA@aHiAgN?Kg,21,5,5.7598056992,0.7598056992,1.1519611398,5.80605658,Solved
L?AAD?oeAg@oDo,19,5,5.7597994877,0.7597994877,1.1519598975,5.80042578,Solved
L?AAD?Wk?YK_N_,20,5,5.7596973760,0.7596973760,1.1519394752,5.82709241,Solved
L?AAD?oU?k@wQQ,20,5,5.7594400552,0.7594400552,1.1518880110,5.81556969,Solved
L?AAD?Ws@SF_DQ,20,5,5.7594214880,0.7594214880,1.1518842976,5.81420903,Solved
L?AAD@oI_wJ_Bg,21,5,5.7594074158,0.7594074158,1.1518814832,5.80574396,Solved
L?AAD@oIagFOBg,21,5,5.7594074152,0.7594074152,1.1518814830,5.80340741,Solved
L?AA@agYAgFOCk,21,5,5.7594074132,0.7594074132,1.1518814826,5.80396636,Solved
L?AA@BORDOBGCq,19,5,5.7593725195,0.7593725195,1.1518745039,5.81258726,Solved
L?AADBOY@K@gN?,20,5,5.7593529924,0.7593529924,1.1518705985,5.81058803,Solved
L?AAD?Ws?[FOHk,21,5,5.7593493692,0.7593493692,1.1518698738,5.81499471,Solved
L?AA@?Ws@gPOTP,19,5,5.7593002801,0.7593002801,1.1518600560,5.80174940,Solved
L?AAD?oeAg@oFO,19,5,5.7592979726,0.7592979726,1.1518595945,5.80998844,Solved
L?AAD?oU?k@k\?,20,5,5.7592950053,0.7592950053,1.1518590011,5.82393094,Solved
L?AA@AOU@WTOTO,19,5,5.7592895847,0.7592895847,1.1518579169,5.81880712,Solved
L?AA@_gaRGAoe_,19,5,5.7592254363,0.7592254363,1.1518450873,5.80111880,Solved
L?AA@AWs@S@wEo,20,5,5.7591010768,0.7591010768,1.1518202154,5.84398173,Solved
L?AA@BOL?UBoco,20,5,5.7590842386,0.7590842386,1.1518168477,5.80368527,Solved
L?AADAoMAg@oRO,20,5,5.7590548481,0.7590548481,1.1518109696,5.84488566,Solved
L?AADAoMAa@oEo,20,5,5.7589327825,0.7589327825,1.1517865565,5.81966801,Solved
L?AAD?oeAg@WUO,19,5,5.7587459032,0.7587459032,1.1517491806,5.80289109,Solved
L?AAD?oFAgPSm_,21,5,5.7586475369,0.7586475369,1.1517295074,5.80152750,Solved
L?AADAoMAa@oFo,21,5,5.7586400555,0.7586400555,1.1517280111,5.82311373,Solved
L?AAD@OI@cB_Ds,19,5,5.7586030919,0.7586030919,1.1517206184,5.80475949,Solved
L?AAD?oeAg@WVO,20,5,5.7585760736,0.7585760736,1.1517152147,5.80678331,Solved
L?AA@aHw@oBOXG,20,5,5.7585360469,0.7585360469,1.1517072094,5.81321000,Solved
L?AAD@OM@g@oai,20,5,5.7585151863,0.7585151863,1.1517030373,5.81757275,Solved
L?AAD?WLB_@oae,20,5,5.7585007526,0.7585007526,1.1517001505,5.80765184,Solved
L?AAD?Ws?[IgIc,20,5,5.7584824678,0.7584824678,1.1516964936,5.82923324,Solved
L?AA@BOL?UBoeo,21,5,5.7583160718,0.7583160718,1.1516632144,5.80413534,Solved
L?AA@BOi?[AgM_,19,5,5.7581548885,0.7581548885,1.1516309777,5.82494851,Solved
L?AAD?oFAgTODo,20,5,5.7581174431,0.7581174431,1.1516234886,5.82441201,Solved
L?AAD?oFAgTOFo,21,5,5.7581035842,0.7581035842,1.1516207168,5.82654735,Solved
L?AADAoYAWBOCs,20,5,5.7580311117,0.7580311117,1.1516062223,5.81033780,Solved
L?AAD@OIAWUOJg,20,5,5.7578834277,0.7578834277,1.1515766855,5.80476236,Solved
L?AAD?Ws?[DoVO,21,5,5.7578831775,0.7578831775,1.1515766355,5.80235917,Solved
L?AADAoU?[DoRO,21,5,5.7578163029,0.7578163029,1.1515632606,5.80332543,Solved
L?AADAoY?s@wZ?,21,5,5.7577779118,0.7577779118,1.1515555824,5.80224466,Solved
L?AAD?WLB_POFo,20,5,5.7576941062,0.7576941062,1.1515388212,5.80894646,Solved
L?AAD?oU?k@kN?,20,5,5.7574879916,0.7574879916,1.1514975983,5.82835815,Solved
L?AAD?oeAgJGai,21,5,5.7574783074,0.7574783074,1.1514956615,5.80969737,Solved
L?AAD?Ws@SDoVO,21,5,5.7573446925,0.7573446925,1.1514689385,5.80067968,Solved
L?AA@AWs@c@oRO,19,5,5.7572532039,0.7572532039,1.1514506408,5.80524323,Solved
L?AAD?Ws@c@gHg,19,5,5.7570855437,0.7570855437,1.1514171087,5.80301833,Solved
L?AAD?Ws@c@gHk,20,5,5.7570849043,0.7570849043,1.1514169809,5.81104429,Solved
L?AA@?Ws@gUORP,20,5,5.7568098971,0.7568098971,1.1513619794,5.80406240,Solved
L?AA@AOU?[L_Fo,20,5,5.7567030429,0.7567030429,1.1513406086,5.81272740,Solved
L?AAD?WkBG@WRC,19,5,5.7566964642,0.7566964642,1.1513392928,5.82397011,Solved
L?AAD?oq?kHgFO,20,5,5.7566561182,0.7566561182,1.1513312236,5.82622333,Solved
L?AAD?W[@S@q^?,21,5,5.7566503985,0.7566503985,1.1513300797,5.80127406,Solved
L?AA@AOU?[TOTO,19,5,5.7566020250,0.7566020250,1.1513204050,5.80577166,Solved
L?AAD@oTDSAw]?,22,5,5.7565663445,0.7565663445,1.1513132689,5.80241573,Solved
L?AAD?W[?kTOTO,20,5,5.7565635635,0.7565635635,1.1513127127,5.81221196,Solved
L?AAD?oU?kHK\?,20,5,5.7565344076,0.7565344076,1.1513068815,5.81275817,Solved
L?AA@AWs@gDOAs,19,5,5.7564754815,0.7564754815,1.1512950963,5.81481981,Solved
L?AA@AOU@S@gN_,19,5,5.7564501298,0.7564501298,1.1512900260,5.80096550,Solved
L?AAD?oXCsAwN?,21,5,5.7564251185,0.7564251185,1.1512850237,5.81198644,Solved
L?AA@_gaQWCoTK,20,5,5.7563168885,0.7563168885,1.1512633777,5.81263197,Solved
L?AAD@Oi@gAWM_,19,5,5.7562420027,0.7562420027,1.1512484005,5.80757396,Solved
L?AA@AWs@gDOAU,19,5,5.7560798437,0.7560798437,1.1512159687,5.81116472,Solved
L?AA@AWs@c@WF_,19,5,5.7560710328,0.7560710328,1.1512142066,5.81703858,Solved
L?AAD?oq?wAwRO,20,5,5.7560369896,0.7560369896,1.1512073979,5.82164165,Solved
L?AAD?Ws@SIgHc,20,5,5.7560284906,0.7560284906,1.1512056981,5.80244216,Solved
L?AAD?w[?UB_k_,20,5,5.7559803947,0.7559803947,1.1511960789,5.82168134,Solved
L?AA@AOTFOAwe_,20,5,5.7559724125,0.7559724125,1.1511944825,5.81262863,Solved
L?AAD?Ws?eH_k`,20,5,5.7559025848,0.7559025848,1.1511805170,5.81245753,Solved
L?AAD?oeAgHgai,21,5,5.7558111992,0.7558111992,1.1511622398,5.80172650,Solved
L?AA@BOi?wBoTO,20,5,5.7557505842,0.7557505842,1.1511501168,5.80516122,Solved
L?AA@AWT@cHG]?,19,5,5.7557301980,0.7557301980,1.1511460396,5.81870314,Solved
L?AAD?WsDc@wRQ,22,5,5.7557177434,0.7557177434,1.1511435487,5.80543278,Solved
L?AAD?oFAo@[M_,20,5,5.7556662395,0.7556662395,1.1511332479,5.80807426,Solved
L?AAD?WkBG@WUO,19,5,5.7555308019,0.7555308019,1.1511061604,5.80152516,Solved
L?AAD?w[?UB_m_,21,5,5.7554925759,0.7554925759,1.1510985152,5.81863894,Solved
L?AA@bGw@gBOAe,20,5,5.7554682418,0.7554682418,1.1510936484,5.80555236,Solved
L?AA@aHiB_BODg,20,5,5.7554149355,0.7554149355,1.1510829871,5.82391127,Solved
L?AADAoYAWAoFO,20,5,5.7553261893,0.7553261893,1.1510652379,5.82730402,Solved
L?AA@AWs@c@oao,19,5,5.7552126226,0.7552126226,1.1510425245,5.80661184,Solved
L?AA@AOU@SL_TQ,20,5,5.7551522747,0.7551522747,1.1510304549,5.82207000,Solved
L?AA@AWs?[FOao,20,5,5.7551374209,0.7551374209,1.1510274842,5.81991972,Solved
L?AA@agwAWBODc,20,5,5.7551206722,0.7551206722,1.1510241344,5.81203188,Solved
L?AA@AWT@cHGao,19,5,5.7550912750,0.7550912750,1.1510182550,5.80104841,Solved
L?AAD@OX@oBOAw,19,5,5.7549058041,0.7549058041,1.1509811608,5.81989743,Solved
L?AA@aHi@oI_Hg,20,5,5.7548992249,0.7548992249,1.1509798450,5.81947742,Solved
L?AAD?oqAgEoRO,20,5,5.7548623184,0.7548623184,1.1509724637,5.80216136,Solved
L?AA@BOT@S@We?,18,5,5.7547830634,0.7547830634,1.1509566127,5.80200626,Solved
L?AADAoMAW@oSO,19,5,5.7547830593,0.7547830593,1.1509566119,5.81000837,Solved
L?AA@BOT@oDOAw,19,5,5.7547830574,0.7547830574,1.1509566115,5.80491913,Solved
L?AA@BOTCoDOas,20,5,5.7547830563,0.7547830563,1.1509566113,5.80878123,Solved
L?AAD?oT?kPQyA,21,5,5.7546969601,0.7546969601,1.1509393920,5.80166258,Solved
L?AAD?We@gIgHc,20,5,5.7546860575,0.7546860575,1.1509372115,5.81351662,Solved
L?AA@_gaOhJ?Gf,20,5,5.7546860539,0.7546860539,1.1509372108,5.81409820,Solved
L?AA@AOYCUDSuO,21,5,5.7546860538,0.7546860538,1.1509372108,5.84352748,Solved
L?AA@?WsAWTOJc,20,5,5.7546860530,0.7546860530,1.1509372106,5.86204878,Solved
L?AA@BODbgQWAy,22,5,5.7546860529,0.7546860529,1.1509372106,5.85781864,Solved
L?AA@b_HagZ?ga,21,5,5.7546860522,0.7546860522,1.1509372104,5.85762743,Solved
L?AA@BOi?kIgk_,20,5,5.7546860522,0.7546860522,1.1509372104,5.86381704,Solved
L?AA@b_HagROga,21,5,5.7546860512,0.7546860512,1.1509372102,5.83867937,Solved
L?AA@aHwAgD_BS,20,5,5.7546860510,0.7546860510,1.1509372102,5.84857775,Solved
L?AA@b_HagXGga,21,5,5.7546860509,0.7546860509,1.1509372102,5.84031849,Solved
L?AA@_gaRGYCm?,20,5,5.7546860507,0.7546860507,1.1509372101,5.82362758,Solved
L?AA@?Oq@[J_ig,20,5,5.7546860506,0.7546860506,1.1509372101,5.84497355,Solved
L?AA@BODbgQWBg,21,5,5.7546860503,0.7546860503,1.1509372101,5.86416830,Solved
L?AA@_gwAYPWBs,22,5,5.7546860502,0.7546860502,1.1509372100,5.81888443,Solved
L?AA@?WsBWTOJc,21,5,5.7546860498,0.7546860498,1.1509372100,5.85577089,Solved
L?AA@AOY?UTORW,20,5,5.7546860497,0.7546860497,1.1509372099,5.85605958,Solved
L?AA@BODbgQWA],22,5,5.7546860496,0.7546860496,1.1509372099,5.82649758,Solved
L?AA@BODbWUOTO,21,5,5.7546860493,0.7546860493,1.1509372099,5.80858525,Solved
L?AA@BOi?kUOTS,21,5,5.7546860491,0.7546860491,1.1509372098,5.86819852,Solved
L?AA@_gaRGYC}?,21,5,5.7546860491,0.7546860491,1.1509372098,5.84179916,Solved
L?AA@?Oq@[N_ig,21,5,5.7546860491,0.7546860491,1.1509372098,5.83877886,Solved
L?AA@AOq?wEaRW,20,5,5.7546860490,0.7546860490,1.1509372098,5.85112631,Solved
L?AA@AOqDS@sRW,21,5,5.7546860488,0.7546860488,1.1509372098,5.85004368,Solved
L?AA@?WsBgUOJc,21,5,5.7546860485,0.7546860485,1.1509372097,5.84714608,Solved
L?AA@_gaOhJ?GF,19,5,5.7546860481,0.7546860481,1.1509372096,5.84366269,Solved
L?AA@?Ws?{M_eo,21,5,5.7546860477,0.7546860477,1.1509372095,5.80730969,Solved
L?AAD?W[@SHgAs,20,5,5.7546860476,0.7546860476,1.1509372095,5.80331231,Solved
L?AAD?oeAgHcaI,20,5,5.7546860476,0.7546860476,1.1509372095,5.85938937,Solved
L?AA@BOR@oTOJg,21,5,5.7546860475,0.7546860475,1.1509372095,5.85831299,Solved
L?AA@?Oq?[N_eo,20,5,5.7546860473,0.7546860473,1.1509372095,5.82527643,Solved
L?AAD?Ws?eTOTP,21,5,5.7546860470,0.7546860470,1.1509372094,5.81175426,Solved
L?AA@?WsAWTOBc,19,5,5.7546860469,0.7546860469,1.1509372094,5.84827566,Solved
L?AA@_gaRGBPCm,21,5,5.7546860469,0.7546860469,1.1509372094,5.80317084,Solved
L?AA@BODbgQWJg,22,5,5.7546860466,0.7546860466,1.1509372093,5.84113854,Solved
L?AA@BORCSF?Bg,19,5,5.7546860466,0.7546860466,1.1509372093,5.85064768,Solved
L?AA@?Ws?kH_k`,19,5,5.7546860464,0.7546860464,1.1509372093,5.85562802,Solved
L?AA@BODfOIgk_,21,5,5.7546860464,0.7546860464,1.1509372093,5.84125150,Solved
L?AA@BODbgQWAN,22,5,5.7546860463,0.7546860463,1.1509372093,5.83777469,Solved
L?AA@?OyAwROFo,21,5,5.7546860462,0.7546860462,1.1509372092,5.83968939,Solved
L?AAD?oDEoHcqK,21,5,5.7546860462,0.7546860462,1.1509372092,5.86863391,Solved
L?AA@?Oq?[L_eo,19,5,5.7546860462,0.7546860462,1.1509372092,5.83198591,Solved
L?`@?b_JAoOg?N,20,5,5.7546860461,0.7546860461,1.1509372092,5.83812866,Solved
L?AA@BODbWQW\?,21,5,5.7546860460,0.7546860460,1.1509372092,5.85934375,Solved
L?AAD?oTBWXCRW,22,5,5.7546860460,0.7546860460,1.1509372092,5.84990217,Solved
L?AA@AW[DSXGas,22,5,5.7546860459,0.7546860459,1.1509372092,5.85717245,Solved
L?AA@AWs@gDaaa,20,5,5.7546860457,0.7546860457,1.1509372091,5.85333640,Solved
L?AA@BORCSF?Jg,20,5,5.7546860456,0.7546860456,1.1509372091,5.84993503,Solved
L?AA@BORCSDoqO,20,5,5.7546860456,0.7546860456,1.1509372091,5.84240488,Solved
L?AA@?Ws?kL_cp,20,5,5.7546860456,0.7546860456,1.1509372091,5.81478464,Solved
L?AA@BODbgQWaq,22,5,5.7546860455,0.7546860455,1.1509372091,5.86364948,Solved
L?AA@AOq?wDcDs,20,5,5.7546860454,0.7546860454,1.1509372091,5.80616546,Solved
L?AAD?oEAgDoAi,19,5,5.7546775951,0.7546775951,1.1509355190,5.80983215,Solved
L?AAD@oX?wBOcc,20,5,5.7546205574,0.7546205574,1.1509241115,5.82545610,Solved
L?AA@agwAg@oDc,20,5,5.7546158091,0.7546158091,1.1509231618,5.80254337,Solved
L?AADAoYAWBOFO,20,5,5.7545924546,0.7545924546,1.1509184909,5.82009914,Solved
L?AADAoMAa@oVO,21,5,5.7545071675,0.7545071675,1.1509014335,5.81120116,Solved
L?AA@aHw@oBOBs,21,5,5.7544265730,0.7544265730,1.1508853146,5.80899478,Solved
L?AA@_gaRGQSm?,20,5,5.7542735088,0.7542735088,1.1508547018,5.80440715,Solved
L?AAD?oq?[Hcm_,21,5,5.7542732426,0.7542732426,1.1508546485,5.80738074,Solved
L?AAD?sX?sRADo,21,5,5.7542540894,0.7542540894,1.1508508179,5.80184680,Solved
L?AAD?oq?wHgDs,21,5,5.7541979286,0.7541979286,1.1508395857,5.82093667,Solved
L?AAD?oq?kJGFO,20,5,5.7541399877,0.7541399877,1.1508279975,5.82914051,Solved
L?AAD?oEAgBoai,20,5,5.7540467515,0.7540467515,1.1508093503,5.81231928,Solved
L?AAD?oq?kJ_TO,20,5,5.7540428525,0.7540428525,1.1508085705,5.81346202,Solved
L?AA@AOq@WBODs,19,5,5.7539300772,0.7539300772,1.1507860154,5.80454240,Solved
L?AA@AOq@WBoeo,20,5,5.7538934419,0.7538934419,1.1507786884,5.80560338,Solved
L?AADAoYAWBODo,20,5,5.7538893865,0.7538893865,1.1507778773,5.80878279,Solved
L?AAD?oTDSAwAs,21,5,5.7538138137,0.7538138137,1.1507627627,5.81100033,Solved
L?AA@agw?sJ_Dc,21,5,5.7537839262,0.7537839262,1.1507567852,5.80646553,Solved
L?AA@?Ws@WROBs,20,5,5.7537781912,0.7537781912,1.1507556382,5.80182390,Solved
L?AAD?w[?[Igi_,21,5,5.7537051488,0.7537051488,1.1507410298,5.80932401,Solved
L?AAD?W[@S@YTQ,21,5,5.7536642002,0.7536642002,1.1507328400,5.80500207,Solved
L?AA@_gaRGV?CM,20,5,5.7536641977,0.7536641977,1.1507328395,5.84295400,Solved
L?AAD?WsDS@YTQ,22,5,5.7536641972,0.7536641972,1.1507328394,5.81760821,Solved
L?AAD?W[?Uhgk`,22,5,5.7536641971,0.7536641971,1.1507328394,5.80590031,Solved
L?AA@AOu@wEoZG,22,5,5.7536641966,0.7536641966,1.1507328393,5.84043979,Solved
L?AA@_gaRGV?Cm,21,5,5.7536641963,0.7536641963,1.1507328393,5.80308045,Solved
L?AAD?oDDoJGQ[,21,5,5.7536641952,0.7536641952,1.1507328390,5.84925088,Solved
L?AAD?oTEPV?RW,22,5,5.7536641951,0.7536641951,1.1507328390,5.83670173,Solved
L?AAD?oT?kTQyA,22,5,5.7536641947,0.7536641947,1.1507328389,5.80700743,Solved
L?AA@BOJLoTO^?,23,5,5.7536641947,0.7536641947,1.1507328389,5.83664163,Solved
L?AA@BOR@oDskc,22,5,5.7536641942,0.7536641942,1.1507328388,5.85448157,Solved
L?AEB?cEF_AweO,21,5,5.7536641942,0.7536641942,1.1507328388,5.80213584,Solved
L?AA@BOR@o@skc,21,5,5.7536641941,0.7536641941,1.1507328388,5.85099812,Solved
L?AAD?sXDcAwRQ,23,5,5.7536641940,0.7536641940,1.1507328388,5.84476618,Solved
L?AAD?sXAoUODo,21,5,5.7536641938,0.7536641938,1.1507328388,5.84253604,Solved
L?AA@BORBoDSm_,22,5,5.7536641937,0.7536641937,1.1507328387,5.84012856,Solved
L?AADBOJ@LHgy?,22,5,5.7536641934,0.7536641934,1.1507328387,5.85721306,Solved
L?AA@AOTCsF_Jg,21,5,5.7536641931,0.7536641931,1.1507328386,5.84647069,Solved
L?AAD?W[@S@YSQ,20,5,5.7536641931,0.7536641931,1.1507328386,5.85057179,Solved
L?AA@BOT@oDsic,22,5,5.7536641931,0.7536641931,1.1507328386,5.84577723,Solved
L?AAD?sXDcAwec,23,5,5.7536641930,0.7536641930,1.1507328386,5.84572825,Solved
L?AAD@OJBgTCBW,21,5,5.7536641927,0.7536641927,1.1507328385,5.86632673,Solved
L?AAD?oDEoJgqK,22,5,5.7536641926,0.7536641926,1.1507328385,5.84885303,Solved
L?AA@?WsAW@qka,20,5,5.7536641925,0.7536641925,1.1507328385,5.83391169,Solved
L?AA@AOFAgVOJg,21,5,5.7536641925,0.7536641925,1.1507328385,5.83587328,Solved
L?AAD?oeAgBgai,21,5,5.7536641924,0.7536641924,1.1507328385,5.80305431,Solved
L?AA@?Ws?[m_ap,21,5,5.7536641922,0.7536641922,1.1507328384,5.81146504,Solved
L?AA@agX?kQQwA,21,5,5.7536641922,0.7536641922,1.1507328384,5.85264835,Solved
L?AAD?sXDcJGDo,22,5,5.7536641919,0.7536641919,1.1507328384,5.82438952,Solved
L?AAD?sX?sUOFo,22,5,5.7536641914,0.7536641914,1.1507328383,5.80259849,Solved
L?AAD?WsDc@YRQ,22,5,5.7536641914,0.7536641914,1.1507328383,5.80972658,Solved
L?AAD?W[?Uigi`,22,5,5.7536641913,0.7536641913,1.1507328383,5.80371949,Solved
L?AA@AOT@wVOJg,22,5,5.7536641909,0.7536641909,1.1507328382,5.84199358,Solved
L?AAD?sXDcAwN_,23,5,5.7536641907,0.7536641907,1.1507328381,5.82695470,Solved
L?AA@aHJAYTOHg,22,5,5.7536641906,0.7536641906,1.1507328381,5.84046766,Solved
L?AAD?sXDcAw^?,23,5,5.7536641905,0.7536641905,1.1507328381,5.83570329,Solved
L?AA@AOFBgVOJg,22,5,5.7536641902,0.7536641902,1.1507328380,5.82750243,Solved
L?AAD?sX?sUODo,21,5,5.7536641902,0.7536641902,1.1507328380,5.85442589,Solved
L?AAD?sX?suODo,22,5,5.7536641901,0.7536641901,1.1507328380,5.85079876,Solved
L?AA@bGX?kQQwA,21,5,5.7536641900,0.7536641900,1.1507328380,5.84628512,Solved
L?AAD?WLF_CsTO,21,5,5.7536641900,0.7536641900,1.1507328380,5.84180404,Solved
L?AAD?oeAgBgaI,20,5,5.7536641900,0.7536641900,1.1507328380,5.84928638,Solved
L?AAD?sXDcBWDo,22,5,5.7536641898,0.7536641898,1.1507328380,5.84583989,Solved
L?AAD@OX@XTOBw,22,5,5.7536641897,0.7536641897,1.1507328379,5.83899680,Solved
L?AA@BOR@o@scc,20,5,5.7536641896,0.7536641896,1.1507328379,5.84628496,Solved
L?AA@AOFBgROJg,21,5,5.7536641896,0.7536641896,1.1507328379,5.82955086,Solved
L?AA@aHwAYIc^?,23,5,5.7536641895,0.7536641895,1.1507328379,5.82051260,Solved
L?AA@AWs@WtO^?,22,5,5.7536641894,0.7536641894,1.1507328379,5.84065347,Solved
L?AA@?WsAWDqka,21,5,5.7536641894,0.7536641894,1.1507328379,5.84596362,Solved
L?AA@aHX?kQQwA,21,5,5.7536641892,0.7536641892,1.1507328378,5.83421913,Solved
L?AADBOY@K@gEQ,20,5,5.7534750545,0.7534750545,1.1506950109,5.80038859,Solved
L?AADBOY@K@gUQ,21,5,5.7534482810,0.7534482810,1.1506896562,5.80877313,Solved
L?AAD?oq?UBOHD,19,5,5.7533940110,0.7533940110,1.1506788022,5.80462125,Solved
L?AA@?Ws@WQWFo,20,5,5.7533726163,0.7533726163,1.1506745233,5.80008644,Solved
L?AAD@OXCoBgac,20,5,5.7533496513,0.7533496513,1.1506699303,5.80278603,Solved
L?AA@agw?sAq^?,22,5,5.7533314524,0.7533314524,1.1506662905,5.80625079,Solved
L?AAD?WHJ_@WUO,19,5,5.7532560454,0.7532560454,1.1506512091,5.80481439,Solved
L?AAD?Ws?[J_Ic,20,5,5.7532393179,0.7532393179,1.1506478636,5.82635942,Solved
L?AADAoYAWBOFo,21,5,5.7532343939,0.7532343939,1.1506468788,5.80067866,Solved
L?AAD?oq?kJGTO,20,5,5.7532204198,0.7532204198,1.1506440840,5.80554825,Solved
L?AAD?Ws@KJ_Bc,20,5,5.7531554552,0.7531554552,1.1506310910,5.81724505,Solved
L?AAD?oT?kN?QY,21,5,5.7531514901,0.7531514901,1.1506302980,5.80426645,Solved
L?AAD?oT?kTAA{,21,5,5.7531174543,0.7531174543,1.1506234909,5.81025051,Solved
L?AA@AWs@g@oFO,19,5,5.7530559861,0.7530559861,1.1506111972,5.81179546,Solved
L?AAD?oq?UBOHF,20,5,5.7530123505,0.7530123505,1.1506024701,5.80747825,Solved
L?AAD@OM@gPODo,19,5,5.7529669552,0.7529669552,1.1505933910,5.80809022,Solved
L?AAD?WkBG@WVO,20,5,5.7529648284,0.7529648284,1.1505929657,5.81341745,Solved
L?AADb_R?sFOBg,22,5,5.7529635726,0.7529635726,1.1505927145,5.80570802,Solved
L?AAD?WkBG@wN_,21,5,5.7529629767,0.7529629767,1.1505925953,5.80716342,Solved
L?AAD?oFAo@we_,20,5,5.7529443952,0.7529443952,1.1505888790,5.80843529,Solved
L?AAD?Ws@SDoDQ,20,5,5.7528869553,0.7528869553,1.1505773911,5.81087825,Solved
L?AAD?w[Ag@oac,20,5,5.7528082635,0.7528082635,1.1505616527,5.82380161,Solved
L?AAD?oT?k\?QY,21,5,5.7527714892,0.7527714892,1.1505542978,5.80967115,Solved
L?AAD?Ws@SJ_As,20,5,5.7527683815,0.7527683815,1.1505536763,5.80986773,Solved
L?AAD?Ws@SJ_Bs,21,5,5.7527440884,0.7527440884,1.1505488177,5.80911128,Solved
L?AAD@Oi@WBGBo,19,5,5.7526806232,0.7526806232,1.1505361246,5.81330204,Solved
L?AAD?Ws@SIgEo,20,5,5.7526570894,0.7526570894,1.1505314179,5.80306752,Solved
L?AA@AWs?kDOEo,19,5,5.7526058300,0.7526058300,1.1505211660,5.80083783,Solved
L?AAD?Ws@c@WV?,19,5,5.7526052738,0.7526052738,1.1505210548,5.81555841,Solved
L?AAD?w[?[Bgi_,21,5,5.7525371430,0.7525371430,1.1505074286,5.80988984,Solved
L?AA@AW[?UEoM_,20,5,5.7525310638,0.7525310638,1.1505062128,5.81406004,Solved
L?AAD?Ws?UJ_XI,21,5,5.7524929693,0.7524929693,1.1504985939,5.80225803,Solved
L?AAD?WHJ_JGAs,20,5,5.7524460482,0.7524460482,1.1504892096,5.81177616,Solved
L?AAD@oIagAwm?,21,5,5.7524338944,0.7524338944,1.1504867789,5.80796059,Solved
L?AADAoY?eH`TO,21,5,5.7524208662,0.7524208662,1.1504841732,5.80640355,Solved
L?AAD?oqJoJ_RW,23,5,5.7524190362,0.7524190362,1.1504838072,5.84715076,Solved
L?AAD@oT@[UODo,22,5,5.7524190359,0.7524190359,1.1504838072,5.82781866,Solved
L?AAD@oKagHgBw,22,5,5.7524190358,0.7524190358,1.1504838072,5.81066827,Solved
L?AAD?WkAYKc^?,22,5,5.7524190351,0.7524190351,1.1504838070,5.85004329,Solved
L?AA@AWsDSM_Jc,22,5,5.7524190344,0.7524190344,1.1504838069,5.83931147,Solved
L?AADb_R@S@wgc,22,5,5.7524190344,0.7524190344,1.1504838069,5.84179102,Solved
L?AA@BOmDSM_Jg,23,5,5.7524190343,0.7524190343,1.1504838069,5.84588080,Solved
L?AA@aHM@WY?BP,20,5,5.7524190342,0.7524190342,1.1504838068,5.84867374,Solved
L?AAD@oTFOBgA[,22,5,5.7524190341,0.7524190341,1.1504838068,5.84923191,Solved
L?ABAaIeB_TGG[,22,5,5.7524190340,0.7524190340,1.1504838068,5.85774718,Solved
L?AA@BOR?sUOBg,20,5,5.7524190337,0.7524190337,1.1504838067,5.84606304,Solved
L?AA@aHw@oIcBS,21,5,5.7524190336,0.7524190336,1.1504838067,5.83799673,Solved
L?AAD?oTBoAwm_,22,5,5.7524190331,0.7524190331,1.1504838066,5.81177509,Solved
L?AAD?oDFOJgQ[,22,5,5.7524190331,0.7524190331,1.1504838066,5.84981384,Solved
L?AA@AOUAWVOJg,21,5,5.7524190331,0.7524190331,1.1504838066,5.84611636,Solved
L?AAD@oKag@wRS,22,5,5.7524190331,0.7524190331,1.1504838066,5.80861207,Solved
L?AA@AWT@[]?ic,22,5,5.7524190329,0.7524190329,1.1504838066,5.83566855,Solved
L?AA@AOu@[FOZG,22,5,5.7524190328,0.7524190328,1.1504838066,5.84215703,Solved
L?AAD@oIagBgBw,22,5,5.7524190327,0.7524190327,1.1504838065,5.80633726,Solved
L?AA@_wwEQJ_BS,22,5,5.7524190326,0.7524190326,1.1504838065,5.84104768,Solved
L?AA@BOZ@sUOJg,23,5,5.7524190326,0.7524190326,1.1504838065,5.83839781,Solved
L?AAD@oTDcAwAN,23,5,5.7524190325,0.7524190325,1.1504838065,5.83320433,Solved
L?AAD?w[?UIgi`,22,5,5.7524190324,0.7524190324,1.1504838065,5.80352091,Solved
L?AADAoYAWBgCu,22,5,5.7524190323,0.7524190323,1.1504838065,5.81157756,Solved
L?AADBOMDSJGAw,22,5,5.7524190323,0.7524190323,1.1504838065,5.84396619,Solved
L?AAD@oTDcAwBw,23,5,5.7524190323,0.7524190323,1.1504838065,5.84758287,Solved
L?AADAoYAX@wi_,22,5,5.7524190322,0.7524190322,1.1504838064,5.84876751,Solved
L?AAD?WkAQF_HI,20,5,5.7524190321,0.7524190321,1.1504838064,5.84785169,Solved
L?AAD?oDDoHgqK,21,5,5.7524190320,0.7524190320,1.1504838064,5.85324455,Solved
L?AA@AOUBWROJg,21,5,5.7524190320,0.7524190320,1.1504838064,5.84709303,Solved
L?AA@BOTDoDoic,22,5,5.7524190319,0.7524190319,1.1504838064,5.85212412,Solved
L?AAD@OM?wTCBw,21,5,5.7524190319,0.7524190319,1.1504838064,5.81462367,Solved
L?AAD?WXN_Hg^?,23,5,5.7524190319,0.7524190319,1.1504838064,5.83086618,Solved
L?AAF@ck?sBocg,22,5,5.7524190318,0.7524190318,1.1504838064,5.80153725,Solved
L?AA@BOR@sUOJg,22,5,5.7524190317,0.7524190317,1.1504838063,5.84833170,Solved
L?AA@AOUBWDsm_,22,5,5.7524190317,0.7524190317,1.1504838063,5.83504514,Solved
L?AA@AWT@S}?N_,22,5,5.7524190315,0.7524190315,1.1504838063,5.82721261,Solved
L?AAD?Wk?YKcN?,20,5,5.7524190315,0.7524190315,1.1504838063,5.86151541,Solved
L?AAD@oTDcAwZ?,22,5,5.7524190314,0.7524190314,1.1504838063,5.83803380,Solved
L?AA@BOR?sUOJg,21,5,5.7524190312,0.7524190312,1.1504838062,5.84231981,Solved
L?AA@BOT@TF_m_,22,5,5.7524190312,0.7524190312,1.1504838062,5.84879493,Solved
L?AAD?oTFOHKDb,22,5,5.7524190311,0.7524190311,1.1504838062,5.82001369,Solved
L?AAD?w[CSBWSQ,21,5,5.7524190310,0.7524190310,1.1504838062,5.85694132,Solved
L?AADAoMAWBgCq,21,5,5.7524190310,0.7524190310,1.1504838062,5.81785478,Solved
L?AA@AWs@SI`N_,21,5,5.7524190309,0.7524190309,1.1504838062,5.84844538,Solved
L?AAD?oFAgT@Ay,21,5,5.7524190308,0.7524190308,1.1504838062,5.80818906,Solved
L?AA@agX?[PWwA,21,5,5.7524190307,0.7524190307,1.1504838061,5.83354021,Solved
L?AAD?Ws@Hhg^?,22,5,5.7524190307,0.7524190307,1.1504838061,5.84203984,Solved
L?AAD?WkAQF_Hi,21,5,5.7524190307,0.7524190307,1.1504838061,5.81228027,Solved
L?AA@AWs@SBoTQ,21,5,5.7524190307,0.7524190307,1.1504838061,5.80301787,Solved
L?AA@AOUAWROJg,20,5,5.7524190306,0.7524190306,1.1504838061,5.84046070,Solved
L?AA@aHw?wN?BS,21,5,5.7524190306,0.7524190306,1.1504838061,5.85754763,Solved
L?AA@agTCQn?RO,22,5,5.7524190305,0.7524190305,1.1504838061,5.85729970,Solved
L?AA@BOTDoTOJg,22,5,5.7524190304,0.7524190304,1.1504838061,5.85318698,Solved
L?AA@BOTDoDoac,21,5,5.7524190303,0.7524190303,1.1504838061,5.85423893,Solved
L?AAD?oFBoXCRW,22,5,5.7524190303,0.7524190303,1.1504838061,5.85338656,Solved
L?AAD@oTDSAwk_,22,5,5.7524190303,0.7524190303,1.1504838061,5.84963549,Solved
L?AAD?WHN_Hg^?,22,5,5.7524190302,0.7524190302,1.1504838060,5.84135720,Solved
L?AA@_wiAgHgaQ,21,5,5.7524190301,0.7524190301,1.1504838060,5.86296129,Solved
L?AA@BOTCoDoic,21,5,5.7524190298,0.7524190298,1.1504838060,5.85198612,Solved
L?AA@AWT@[]?ac,21,5,5.7524190298,0.7524190298,1.1504838060,5.83543447,Solved
L?AA@BOTCoDoac,20,5,5.7524190297,0.7524190297,1.1504838059,5.84219723,Solved
L?AAD@oTDcAwak,23,5,5.7524190297,0.7524190297,1.1504838059,5.84879882,Solved
L?AAD?WkAQCd^?,21,5,5.7524190297,0.7524190297,1.1504838059,5.84976489,Solved
L?AAD@oTDSAwm?,22,5,5.7524190297,0.7524190297,1.1504838059,5.80156049,Solved
L?AA@bGRDOEogc,21,5,5.7524190296,0.7524190296,1.1504838059,5.80287510,Solved
L?AA@BORBoUOJg,22,5,5.7524190295,0.7524190295,1.1504838059,5.85157396,Solved
L?AAF@ck?sAocg,21,5,5.7524190293,0.7524190293,1.1504838059,5.85439601,Solved
L?AADAoYAWBgCU,21,5,5.7524190293,0.7524190293,1.1504838059,5.85698501,Solved
L?AAD?Wk?YKc^?,21,5,5.7524190291,0.7524190291,1.1504838058,5.86368423,Solved
L?AA@aHw@oJ_BS,21,5,5.7524190291,0.7524190291,1.1504838058,5.84249093,Solved
L?AA@BOTCo@oic,20,5,5.7524190290,0.7524190290,1.1504838058,5.84845807,Solved
L?AA@AOUBW@sm_,21,5,5.7524190288,0.7524190288,1.1504838058,5.83516216,Solved
L?AAD?cuF_HKVO,23,5,5.7524190288,0.7524190288,1.1504838058,5.84212099,Solved
L?AADAoY?wAYRH,22,5,5.7524190288,0.7524190288,1.1504838058,5.80973455,Solved
L?AAD?cuBgHKVO,23,5,5.7524190287,0.7524190287,1.1504838057,5.83673309,Solved
L?AAD@oIagAwk_,21,5,5.7524190287,0.7524190287,1.1504838057,5.84655121,Solved
L?AA@BOmDS@[uO,23,5,5.7524190287,0.7524190287,1.1504838057,5.83035916,Solved
L?AA@BORCcFOJg,21,5,5.7524190287,0.7524190287,1.1504838057,5.85463655,Solved
L?AA@_gaRGQOL_,19,5,5.7523774562,0.7523774562,1.1504754912,5.80255977,Solved
L?AA@_gaRGQOLc,20,5,5.7523773007,0.7523773007,1.1504754601,5.80426617,Solved
L?AAD?oq?kBgVO,21,5,5.7523772994,0.7523772994,1.1504754599,5.80352183,Solved
L?AAD?WkBG@WRS,20,5,5.7523772993,0.7523772993,1.1504754599,5.81291681,Solved
L?AA@AWs@WBWF_,20,5,5.7523772990,0.7523772990,1.1504754598,5.82386730,Solved
L?AAD@OJ@o@wi_,20,5,5.7523672493,0.7523672493,1.1504734499,5.81123577,Solved
L?AAD?oU?kM_QI,20,5,5.7523360604,0.7523360604,1.1504672121,5.81853693,Solved
L?AA@AWT@SYG]?,20,5,5.7523008023,0.7523008023,1.1504601605,5.81578544,Solved
L?AAD@OM?[JGHg,20,5,5.7521318339,0.7521318339,1.1504263668,5.83951550,Solved
L?AAD?Ws@gCoAU,19,5,5.7521311489,0.7521311489,1.1504262298,5.81067722,Solved
L?AAD?oq?wIgDc,20,5,5.7521213272,0.7521213272,1.1504242654,5.80667737,Solved
L?AAD?Ws@SJ_Hc,20,5,5.7520932497,0.7520932497,1.1504186499,5.81480770,Solved
L?AAD@oIaoB_Bw,21,5,5.7520878424,0.7520878424,1.1504175685,5.82015479,Solved
L?AAD?oFAo@sM_,20,5,5.7519556531,0.7519556531,1.1503911306,5.80294928,Solved
L?AA@AWU@gPWF_,20,5,5.7519550534,0.7519550534,1.1503910107,5.80788236,Solved
L?AAD?WHJ_JGAe,20,5,5.7519226489,0.7519226489,1.1503845298,5.80475255,Solved
L?AAD?w[Ag@oaE,20,5,5.7519199205,0.7519199205,1.1503839841,5.80194375,Solved
L?AAD?wLAg@WiA,20,5,5.7519178102,0.7519178102,1.1503835620,5.81470575,Solved
L?AAD?oX?sF_Bw,21,5,5.7519092007,0.7519092007,1.1503818401,5.80213705,Solved
L?AA@AWs?[F_co,20,5,5.7518897511,0.7518897511,1.1503779502,5.80308122,Solved
L?AAD?oq?UAqm_,21,5,5.7518335297,0.7518335297,1.1503667059,5.81362550,Solved
L?AAD?oT?kPQBw,21,5,5.7517351143,0.7517351143,1.1503470229,5.80947166,Solved
L?AA@aHwAgB_Bs,21,5,5.7517338157,0.7517338157,1.1503467631,5.80144603,Solved
L?AA@AWs@gDOAu,20,5,5.7517281743,0.7517281743,1.1503456349,5.80556276,Solved
L?AAD@OM?[J_ig,21,5,5.7517251919,0.7517251919,1.1503450384,5.83103324,Solved
L?AAD?WkAQDoBo,20,5,5.7516779223,0.7516779223,1.1503355845,5.81623381,Solved
L?AADAoX?s@wJ_,21,5,5.7516368222,0.7516368222,1.1503273644,5.80297074,Solved
L?AAD?oU?k@wQY,21,5,5.7516065228,0.7516065228,1.1503213046,5.80454926,Solved
L?AADAoLAa@oFO,20,5,5.7516034044,0.7516034044,1.1503206809,5.81698383,Solved
L?AA@AOU@WTOTP,20,5,5.7515969900,0.7515969900,1.1503193980,5.82143957,Solved
L?AAD?oU?kTOTO,20,5,5.7515341597,0.7515341597,1.1503068319,5.81600750,Solved
L?AA@AOU@wEoQX,21,5,5.7514837263,0.7514837263,1.1502967453,5.81124224,Solved
L?AADAoX?sBgN?,21,5,5.7514539003,0.7514539003,1.1502907801,5.80308490,Solved
L?AADBOQPgF?Hc,20,5,5.7514522377,0.7514522377,1.1502904475,5.80538297,Solved
L?AAD@OXCoTOHa,20,5,5.7513594614,0.7513594614,1.1502718923,5.80620661,Solved
L?AADAoFAgDOAq,20,5,5.7513531850,0.7513531850,1.1502706370,5.81134776,Solved
L?AAD?w[Ag@oae,21,5,5.7513396891,0.7513396891,1.1502679378,5.81476873,Solved
L?AAD?oq?wAqVO,21,5,5.7513246721,0.7513246721,1.1502649344,5.81616491,Solved
L?AAD?WHM_@Wk_,19,5,5.7512885299,0.7512885299,1.1502577060,5.80599274,Solved
L?AADAoY?sHgEo,21,5,5.7512851740,0.7512851740,1.1502570348,5.80093138,Solved
L?AAD?WHM_HgAs,20,5,5.7512529113,0.7512529113,1.1502505823,5.81079738,Solved
L?AA@AOU@SHgZ?,19,5,5.7512175586,0.7512175586,1.1502435117,5.80725980,Solved
L?AAD@OI?wFODs,20,5,5.7512173400,0.7512173400,1.1502434680,5.82374966,Solved
L?AAD@oIag@[L_,21,5,5.7511918553,0.7511918553,1.1502383711,5.80069550,Solved
L?AAD?Ws@SJ_JC,20,5,5.7511606488,0.7511606488,1.1502321298,5.80117425,Solved
L?AA@AWs@g@oeo,20,5,5.7511468370,0.7511468370,1.1502293674,5.81856252,Solved
L?AAD?WHJ_JGcc,20,5,5.7511466743,0.7511466743,1.1502293349,5.80351363,Solved
L?AAD?Ws@S@wVO,21,5,5.7511230674,0.7511230674,1.1502246135,5.80089721,Solved
L?AA@AWs@cPW\@,21,5,5.7511192793,0.7511192793,1.1502238559,5.80741044,Solved
L?AAD?Ws@cD_RO,19,5,5.7510603138,0.7510603138,1.1502120628,5.80529247,Solved
L?AA@agwAgBOFC,20,5,5.7510485011,0.7510485011,1.1502097002,5.80070077,Solved
L?AA@BOT@oDOuO,20,5,5.7510415947,0.7510415947,1.1502083189,5.80214543,Solved
L?AA@BOT@oDOUO,19,5,5.7510415926,0.7510415926,1.1502083185,5.80180552,Solved
L?AAD?oq?wHcCs,20,5,5.7509388951,0.7509388951,1.1501877790,5.81555150,Solved
L?AAD?oq?wHcDs,21,5,5.7509385914,0.7509385914,1.1501877183,5.80172157,Solved
L?AAD?oFAo@wm_,21,5,5.7509383705,0.7509383705,1.1501876741,5.81381819,Solved
L?AAD?oq?wJGHc,20,5,5.7508150298,0.7508150298,1.1501630060,5.81925556,Solved
L?AA@aoX?k\?QI,21,5,5.7507532174,0.7507532174,1.1501506435,5.80374934,Solved
L?AAD?oeAg@wFO,20,5,5.7507518560,0.7507518560,1.1501503712,5.80747724,Solved
L?AA@agLE_@WJ_,20,5,5.7506949942,0.7506949942,1.1501389988,5.81013013,Solved
L?AA@AWs@cDoAs,20,5,5.7506927752,0.7506927752,1.1501385550,5.80771132,Solved
L?AAD?w[?kTOTO,21,5,5.7506462967,0.7506462967,1.1501292593,5.81433881,Solved
L?AAD?wLAgPODo,20,5,5.7506376045,0.7506376045,1.1501275209,5.80813412,Solved
L?AA@agwAgBOFc,21,5,5.7505890858,0.7505890858,1.1501178172,5.80039942,Solved
L?AAD?oT?kPQ}?,21,5,5.7505611412,0.7505611412,1.1501122282,5.80205232,Solved
L?AAD?wLAQZ?Ha,21,5,5.7505224420,0.7505224420,1.1501044884,5.81254685,Solved
L?AAD?oT?kDQ}?,21,5,5.7504879471,0.7504879471,1.1500975894,5.81615501,Solved
L?AADAoMAg@oFO,20,5,5.7504786000,0.7504786000,1.1500957200,5.84900629,Solved
L?AAD?Ws@SJ_Jc,21,5,5.7504781767,0.7504781767,1.1500956353,5.80637732,Solved
L?AADAoY?[Hcm_,22,5,5.7504614796,0.7504614796,1.1500922959,5.82323507,Solved
L?AAD?w[?w@we_,21,5,5.7504400852,0.7504400852,1.1500880170,5.82471181,Solved
L?AAD?oT?k^?ic,22,5,5.7504230060,0.7504230060,1.1500846012,5.81766695,Solved
L?AAD@Oi@cHHDc,20,5,5.7503917830,0.7503917830,1.1500783566,5.80237592,Solved
L?AAD@Oi@gAwM_,20,5,5.7503861935,0.7503861935,1.1500772387,5.83139484,Solved
L?AA@agX?kBowA,21,5,5.7503615161,0.7503615161,1.1500723032,5.81236017,Solved
L?AA@AOT@wTOeO,20,5,5.7503430642,0.7503430642,1.1500686128,5.80391782,Solved
L?AAD@oT?s\?Do,21,5,5.7502888693,0.7502888693,1.1500577739,5.82691170,Solved
L?AAD?wX?wQOAs,20,5,5.7502063194,0.7502063194,1.1500412639,5.80294437,Solved
L?AAD?w[CSI`N_,22,5,5.7502002952,0.7502002952,1.1500400590,5.82201373,Solved
L?AADAoM?wHGDo,20,5,5.7501588460,0.7501588460,1.1500317692,5.84422502,Solved
L?AAD?WkAQEoBc,20,5,5.7501306588,0.7501306588,1.1500261318,5.80537817,Solved
L?AAD@OM@KDoUQ,21,5,5.7500928016,0.7500928016,1.1500185603,5.80858686,Solved
L?AAD@OM?[J_JG,20,5,5.7500094641,0.7500094641,1.1500018928,5.80098862,Solved
L?AAD@W[@KEoQQ,21,5,5.7499730391,0.7499730391,1.1499946078,5.82121085,Solved
L?AAD?w[?w@wk_,21,5,5.7499193164,0.7499193164,1.1499838633,5.83606370,Solved
L?AAD?Ws@WIgIc,20,5,5.7498304129,0.7498304129,1.1499660826,5.80496498,Solved
L?AAD?w[?w@wm_,22,5,5.7498056025,0.7498056025,1.1499611205,5.82152200,Solved
L?AEB?WU@HEoAq,21,5,5.7497677225,0.7497677225,1.1499535445,5.80270901,Solved
L?AAD?oT@s@kN?,21,5,5.7497561650,0.7497561650,1.1499512330,5.81891473,Solved
L?AAD?Ws@SBWTQ,21,5,5.7497518353,0.7497518353,1.1499503671,5.80787992,Solved
L?AAD?oDFOJGM_,20,5,5.7497112004,0.7497112004,1.1499422401,5.80380181,Solved
L?AAD?oU?kHKN?,20,5,5.7496946369,0.7496946369,1.1499389274,5.83225203,Solved
L?AAD?oX?sF_A{,21,5,5.7496732549,0.7496732549,1.1499346510,5.82210207,Solved
L?AAD?Ws?[DQTP,21,5,5.7496234894,0.7496234894,1.1499246979,5.81732803,Solved
L?AA@agYAgEoaa,21,5,5.7494697505,0.7494697505,1.1498939501,5.80865421,Solved
L?AAD?WkBGHgEq,21,5,5.7494600996,0.7494600996,1.1498920199,5.80191719,Solved
L?AAD?Ws?UDQHM,21,5,5.7493693335,0.7493693335,1.1498738667,5.80476588,Solved
L?AAD?W[@S@qSR,21,5,5.7493252294,0.7493252294,1.1498650459,5.81619761,Solved
L?AAD@oIagBgm?,21,5,5.7492525170,0.7492525170,1.1498505034,5.80929464,Solved
L?AA@BOi?s@sco,20,5,5.7491498508,0.7491498508,1.1498299702,5.81660625,Solved
L?AA@AWT@cXG]?,20,5,5.7491446004,0.7491446004,1.1498289201,5.81338758,Solved
L?AA@AWT@SL_cQ,20,5,5.7491362860,0.7491362860,1.1498272572,5.80237648,Solved
L?AA@agLAQJ_ga,21,5,5.7491353921,0.7491353921,1.1498270784,5.80808914,Solved
L?AA@AWs?[fOao,21,5,5.7489589713,0.7489589713,1.1497917943,5.81537215,Solved
L?AAD@OL@LZ?iG,21,5,5.7488222690,0.7488222690,1.1497644538,5.80323280,Solved
L?AA@AWs@c@WJc,20,5,5.7487834103,0.7487834103,1.1497566821,5.82240479,Solved
L?AAD?WkAQ@qN_,21,5,5.7487755033,0.7487755033,1.1497551007,5.80101675,Solved
L?AA@AW[?UeoM_,21,5,5.7486729601,0.7486729601,1.1497345920,5.81278863,Solved
L?AADAoX?s@wL_,21,5,5.7486422272,0.7486422272,1.1497284454,5.80895442,Solved
L?AAD?oTFOEoac,21,5,5.7486257286,0.7486257286,1.1497251457,5.80486553,Solved
L?AA@BOi?eIgRA,20,5,5.7486122547,0.7486122547,1.1497224509,5.80172673,Solved
L?AAD?W[?UtOTB,22,5,5.7485480957,0.7485480957,1.1497096191,5.81250133,Solved
L?AADBOY@SB_Bg,20,5,5.7485106704,0.7485106704,1.1497021341,5.81492176,Solved
L?AAD?oT?kN?RW,21,5,5.7482000218,0.7482000218,1.1496400044,5.80258581,Solved
L?AADAoM?wHgDo,21,5,5.7481400585,0.7481400585,1.1496280117,5.84422098,Solved
L?AAD?Ws@SIgN_,21,5,5.7480847092,0.7480847092,1.1496169418,5.80070873,Solved
L?AAD?oX?kROyA,21,5,5.7480739009,0.7480739009,1.1496147802,5.80631330,Solved
L?AADAoX?s@wN_,22,5,5.7480407419,0.7480407419,1.1496081484,5.80598087,Solved
L?AA@BORDOIgCu,21,5,5.7480339021,0.7480339021,1.1496067804,5.80112100,Solved
L?AA@AWs@W@WN_,20,5,5.7480301096,0.7480301096,1.1496060219,5.80601160,Solved
L?AA@AWs@SBoFo,21,5,5.7480301096,0.7480301096,1.1496060219,5.80426888,Solved
L?AAD@Oi@gBoDo,20,5,5.7480301082,0.7480301082,1.1496060216,5.81642728,Solved
L?AA@AWs@SBWFo,21,5,5.7480301069,0.7480301069,1.1496060214,5.80178695,Solved
L?AA@AWs@SBoEo,20,5,5.7480301054,0.7480301054,1.1496060211,5.80365764,Solved
L?AADBOF@SN?Bg,21,5,5.7480213172,0.7480213172,1.1496042634,5.84892951,Solved
L?AADAoX?wAWe_,20,5,5.7480065262,0.7480065262,1.1496013052,5.80236837,Solved
L?AAD?sX?sPQy?,21,5,5.7479716713,0.7479716713,1.1495943343,5.80865439,Solved
L?AAD?oT?kPQFo,21,5,5.7478827677,0.7478827677,1.1495765535,5.81239729,Solved
L?AAD?oqAgEoia,21,5,5.7478241194,0.7478241194,1.1495648239,5.80230198,Solved
L?AADAoMAWBWFO,21,5,5.7477901778,0.7477901778,1.1495580356,5.82754111,Solved
L?AAD@oIao@[RO,21,5,5.7473773415,0.7473773415,1.1494754683,5.80012117,Solved
L?AAD?oq?ZL_LC,21,5,5.7473773407,0.7473773407,1.1494754681,5.86226735,Solved
L?AA@b_TCUEogc,22,5,5.7473773405,0.7473773405,1.1494754681,5.82706356,Solved
L?AA@BOT@oDsm_,22,5,5.7473773403,0.7473773403,1.1494754681,5.84985458,Solved
L?AA@BORBoDSkc,22,5,5.7473773403,0.7473773403,1.1494754681,5.84733349,Solved
L?AA@AOq?wAqZG,20,5,5.7473773400,0.7473773400,1.1494754680,5.84255206,Solved
L?AA@BORDoTOJg,22,5,5.7473773392,0.7473773392,1.1494754678,5.84979513,Solved
L?AAD?oeAg@LVO,21,5,5.7473773391,0.7473773391,1.1494754678,5.86244187,Solved
L?AAD?oDDoHcqK,21,5,5.7473773386,0.7473773386,1.1494754677,5.85927131,Solved
L?AA@AOqCsDoZG,21,5,5.7473773385,0.7473773385,1.1494754677,5.84943831,Solved
L?AA@BOi@XHguO,22,5,5.7473773384,0.7473773384,1.1494754677,5.83439839,Solved
L?AA@agX?kQQ{?,21,5,5.7473773384,0.7473773384,1.1494754677,5.85025035,Solved
L?AA@agLAWXAga,21,5,5.7473773381,0.7473773381,1.1494754676,5.80973760,Solved
L?AA@BOTDoEoic,22,5,5.7473773379,0.7473773379,1.1494754676,5.85320313,Solved
L?AA@agX?l]?cc,22,5,5.7473773379,0.7473773379,1.1494754676,5.83883560,Solved
L?AAD?sX?sUOEs,22,5,5.7473773379,0.7473773379,1.1494754676,5.80349182,Solved
L?AA@b_TEQF_BW,22,5,5.7473773379,0.7473773379,1.1494754676,5.83723069,Solved
L?AAD?WsDSBoTQ,22,5,5.7473773378,0.7473773378,1.1494754676,5.80165001,Solved
L?AAD?sXDcAYEs,23,5,5.7473773376,0.7473773376,1.1494754675,5.84659827,Solved
L?AAD?sXDcAYQJ,23,5,5.7473773376,0.7473773376,1.1494754675,5.83949959,Solved
L?AAD?oqDS@sRW,22,5,5.7473773372,0.7473773372,1.1494754674,5.84567552,Solved
L?AA@agRDC`wqO,22,5,5.7473773372,0.7473773372,1.1494754674,5.81250522,Solved
L?AA@AOFAgTPJg,21,5,5.7473773371,0.7473773371,1.1494754674,5.83819745,Solved
L?AAD@oRCT@wy?,22,5,5.7473773370,0.7473773370,1.1494754674,5.84207472,Solved
L?AA@_gaRGV?cI,20,5,5.7473773369,0.7473773369,1.1494754674,5.84202010,Solved
L?AA@BOTCcF_Jg,21,5,5.7473773369,0.7473773369,1.1494754674,5.84830106,Solved
L?AAD@OX@XTOA{,22,5,5.7473773368,0.7473773368,1.1494754674,5.84132891,Solved
L?AAD?sXDcBWCs,22,5,5.7473773365,0.7473773365,1.1494754673,5.85776597,Solved
L?AAD?sXCSAYk_,21,5,5.7473773364,0.7473773364,1.1494754673,5.85254636,Solved
L?AAD?Ws@Hm_VO,22,5,5.7473773364,0.7473773364,1.1494754673,5.85632535,Solved
L?AAD?sX?sUOCs,21,5,5.7473773363,0.7473773363,1.1494754673,5.85980352,Solved
L?AA@_gwBgQSDk,22,5,5.7473773363,0.7473773363,1.1494754673,5.83399991,Solved
L?AAD?sYCcAwXA,21,5,5.7473773362,0.7473773362,1.1494754672,5.86179416,Solved
L?AAD?sXDcJGCs,22,5,5.7473773359,0.7473773359,1.1494754672,5.82630306,Solved
L?AADBOY@gIgHg,21,5,5.7473773359,0.7473773359,1.1494754672,5.82583500,Solved
L?AA@_gaRGQD}?,21,5,5.7473773359,0.7473773359,1.1494754672,5.84274223,Solved
L?AAD?oq?[Hgi_,20,5,5.7473773358,0.7473773358,1.1494754672,5.85418670,Solved
L?AA@AWsDSL_Jc,22,5,5.7473773356,0.7473773356,1.1494754671,5.84826006,Solved
L?AAD?oTEPV?VO,22,5,5.7473773355,0.7473773355,1.1494754671,5.83429061,Solved
L?AA@AW[@sYGas,22,5,5.7473773355,0.7473773355,1.1494754671,5.86100052,Solved
L?AA@AOT@wTQJg,22,5,5.7473773353,0.7473773353,1.1494754671,5.83993430,Solved
L?AA@BOR@T\?TQ,22,5,5.7473773352,0.7473773352,1.1494754670,5.81046885,Solved
L?AA@BORBoTOJg,22,5,5.7473773351,0.7473773351,1.1494754670,5.84836042,Solved
L?AAD?sY?UTORO,21,5,5.7473773351,0.7473773351,1.1494754670,5.82911485,Solved
L?AA@AOUAXDSm_,21,5,5.7473773351,0.7473773351,1.1494754670,5.85399911,Solved
L?AAD?oq@wHgHc,21,5,5.7473773351,0.7473773351,1.1494754670,5.80194461,Solved
L?AA@BOi?w@sTC,20,5,5.7473773349,0.7473773349,1.1494754670,5.84399531,Solved
L?AAD?W[@SJGAs,20,5,5.7473773348,0.7473773348,1.1494754670,5.85234039,Solved
L?AA@AOuDSL_Jg,22,5,5.7473773348,0.7473773348,1.1494754670,5.83733249,Solved
L?AA@?WsAWROJc,20,5,5.7473773347,0.7473773347,1.1494754669,5.85095107,Solved
L?AAD?oeAg@kaI,20,5,5.7473773345,0.7473773345,1.1494754669,5.84229972,Solved
L?AAD?W[@SJGBs,21,5,5.7473773345,0.7473773345,1.1494754669,5.80799537,Solved
L?AAD?oeAg@kai,21,5,5.7473773344,0.7473773344,1.1494754669,5.80603437,Solved
L?AAD?oq@gl_RW,22,5,5.7473773344,0.7473773344,1.1494754669,5.85223287,Solved
L?AA@AOq?wHcLc,20,5,5.7473773343,0.7473773343,1.1494754669,5.83399881,Solved
L?AAD?oDEoJgQ[,22,5,5.7473773343,0.7473773343,1.1494754669,5.84863367,Solved
L?AAD?Ws@gBgHK,20,5,5.7473773342,0.7473773342,1.1494754668,5.85526306,Solved
L?AAD?WsAiBWia,22,5,5.7473773342,0.7473773342,1.1494754668,5.81222916,Solved
L?AA@aHiAWKckA,21,5,5.7473773342,0.7473773342,1.1494754668,5.86155241,Solved
L?AA@BOR@oROJg,21,5,5.7473773341,0.7473773341,1.1494754668,5.85063223,Solved
L?AA@BOT@TUON_,22,5,5.7473773341,0.7473773341,1.1494754668,5.84724066,Solved
L?AAD?WsDcBoVO,22,5,5.7473773341,0.7473773341,1.1494754668,5.80261404,Solved
L?AAD?oZBgXCRW,23,5,5.7473773341,0.7473773341,1.1494754668,5.84166049,Solved
L?AAD?oq?[TORW,21,5,5.7473773340,0.7473773340,1.1494754668,5.85745625,Solved
L?AA@aHwAhL_BS,22,5,5.7473773340,0.7473773340,1.1494754668,5.84596293,Solved
L?AA@AW[?UuOuO,22,5,5.7473773340,0.7473773340,1.1494754668,5.85310145,Solved
L?AA@_gaRGV?ci,21,5,5.7473773339,0.7473773339,1.1494754668,5.80645711,Solved
L?AAD?sXDcAYVO,23,5,5.7473773339,0.7473773339,1.1494754668,5.83074564,Solved
L?AA@BOR@oDsm_,22,5,5.7473773338,0.7473773338,1.1494754668,5.84761591,Solved
L?AA@aHX?k]?cc,21,5,5.7473773337,0.7473773337,1.1494754667,5.83774052,Solved
L?AA@AOuBPFOJg,22,5,5.7473773337,0.7473773337,1.1494754667,5.83555309,Solved
L?AAD?sXDcAYRB,23,5,5.7473773337,0.7473773337,1.1494754667,5.84932166,Solved
L?AA@AOTCsF_Ik,21,5,5.7473773337,0.7473773337,1.1494754667,5.84537058,Solved
L?AA@AWT@k]?ic,22,5,5.7473773337,0.7473773337,1.1494754667,5.84203819,Solved
L?AA@aHw@WIcBS,21,5,5.7473773336,0.7473773336,1.1494754667,5.83872179,Solved
L?AADBOY?sAYIg,21,5,5.7473773335,0.7473773335,1.1494754667,5.83504389,Solved
L?AA@b_TDcDoDg,22,5,5.7473773334,0.7473773334,1.1494754667,5.83246086,Solved
L?AAD@OJFOJGHh,22,5,5.7473773333,0.7473773333,1.1494754667,5.81324354,Solved
L?AA@AOq@wEqZG,22,5,5.7473773332,0.7473773332,1.1494754666,5.83409024,Solved
L?AAD?oTEPF_RW,22,5,5.7473773332,0.7473773332,1.1494754666,5.83948870,Solved
L?AAD?oUCTHKm_,22,5,5.7473773332,0.7473773332,1.1494754666,5.83822535,Solved
L?AA@_gaQ`V?He,21,5,5.7473773332,0.7473773332,1.1494754666,5.80727852,Solved
L?AA@bGX?lQQ{?,22,5,5.7473773331,0.7473773331,1.1494754666,5.86128072,Solved
L?AA@?Ws?[m_m_,21,5,5.7473773330,0.7473773330,1.1494754666,5.83256818,Solved
L?AADBOL@sIgHg,22,5,5.7473773330,0.7473773330,1.1494754666,5.83490649,Solved
L?AA@?Ws?{M_ap,21,5,5.7473773329,0.7473773329,1.1494754666,5.80934365,Solved
L?AA@BOi?w@sTS,21,5,5.7473773329,0.7473773329,1.1494754666,5.80465530,Solved
L?AA@BOT@sUOJg,22,5,5.7473773329,0.7473773329,1.1494754666,5.85452500,Solved
L?AA@?WsAW@qm_,20,5,5.7473773328,0.7473773328,1.1494754666,5.83128805,Solved
L?AAD?sXCcbWDo,22,5,5.7473773328,0.7473773328,1.1494754666,5.84864049,Solved
L?AA@?WsBWROJc,21,5,5.7473773328,0.7473773328,1.1494754666,5.85777181,Solved
L?AAD?sX@sQQDo,22,5,5.7473773327,0.7473773327,1.1494754665,5.84452727,Solved
L?AA@aHwBHUODk,23,5,5.7473773327,0.7473773327,1.1494754665,5.84648070,Solved
L?AAD?sXDcAYA],23,5,5.7473773327,0.7473773327,1.1494754665,5.83477643,Solved
L?AA@?WsBWDqm_,22,5,5.7473773327,0.7473773327,1.1494754665,5.83759707,Solved
L?AA@?WsAwUOJc,21,5,5.7473773327,0.7473773327,1.1494754665,5.85090013,Solved
L?AA@AOU@TLcm_,22,5,5.7473773327,0.7473773327,1.1494754665,5.83995357,Solved
L?AAD?oqKs@[}?,23,5,5.7473773327,0.7473773327,1.1494754665,5.82247930,Solved
L?AA@_gaRGR@Cm,21,5,5.7473773326,0.7473773326,1.1494754665,5.80661740,Solved
L?AA@bGX?kQQ{?,21,5,5.7473773326,0.7473773326,1.1494754665,5.85880545,Solved
L?AA@BOi?wDcTS,21,5,5.7473773326,0.7473773326,1.1494754665,5.84402219,Solved
L?AAD?oeAgBgAy,21,5,5.7473773325,0.7473773325,1.1494754665,5.80028745,Solved
L?AA@BOmDSL_Jg,23,5,5.7473773325,0.7473773325,1.1494754665,5.84236656,Solved
L?AA@AOq@wHcLc,21,5,5.7473773324,0.7473773324,1.1494754665,5.84341554,Solved
L?AAD?sXDcAYy@,23,5,5.7473773324,0.7473773324,1.1494754665,5.83824449,Solved
L?AAD?sXDcAYA{,23,5,5.7473773324,0.7473773324,1.1494754665,5.82434287,Solved
L?AAD?sXDcAYak,23,5,5.7473773323,0.7473773323,1.1494754665,5.84303531,Solved
L?AA@aHwAhUODk,23,5,5.7473773323,0.7473773323,1.1494754665,5.83597084,Solved
L?AA@AOU@TROZG,21,5,5.7473773323,0.7473773323,1.1494754665,5.85179247,Solved
L?AA@_gaQ`V?HE,20,5,5.7473773321,0.7473773321,1.1494754664,5.85350204,Solved
L?AAD?WsCsHgBs,22,5,5.7473773321,0.7473773321,1.1494754664,5.85884614,Solved
L?AA@AW[@sXGas,22,5,5.7473773321,0.7473773321,1.1494754664,5.85231755,Solved
L?AAD?sXDcAYZ@,23,5,5.7473773320,0.7473773320,1.1494754664,5.84127024,Solved
L?AAD@OM?yTCAw,21,5,5.7473773320,0.7473773320,1.1494754664,5.80816001,Solved
L?AA@agwCUHgBs,23,5,5.7473773320,0.7473773320,1.1494754664,5.81494005,Solved
L?AAD@OXDSCs}?,22,5,5.7473773319,0.7473773319,1.1494754664,5.80923255,Solved
L?AAD?oTEo@kaK,21,5,5.7473773319,0.7473773319,1.1494754664,5.85316393,Solved
L?AA@bGX?kUOwA,21,5,5.7473773318,0.7473773318,1.1494754664,5.84210810,Solved
L?AA@agwAWPWBs,22,5,5.7473773318,0.7473773318,1.1494754664,5.83048935,Solved
L?AA@BOi@XJ_TS,22,5,5.7473773318,0.7473773318,1.1494754664,5.84536818,Solved
L?AA@AOq?wEqZG,21,5,5.7473773318,0.7473773318,1.1494754664,5.82828519,Solved
L?AA@?WsAWDqm_,21,5,5.7473773317,0.7473773317,1.1494754663,5.84633947,Solved
L?AAD?sX?sQQFo,22,5,5.7473773317,0.7473773317,1.1494754663,5.80375581,Solved
L?AA@aHwAYIc}?,23,5,5.7473773317,0.7473773317,1.1494754663,5.83733992,Solved
L?AAD?WsDcBWRQ,22,5,5.7473773316,0.7473773316,1.1494754663,5.80805561,Solved
L?AAD?sXCoAYk_,21,5,5.7473773316,0.7473773316,1.1494754663,5.84417339,Solved
L?AAD?oDDoJGqK,21,5,5.7473773316,0.7473773316,1.1494754663,5.84605062,Solved
L?AAD?Ws@gIgHk,21,5,5.7473773315,0.7473773315,1.1494754663,5.85018864,Solved
L?AAD?sXDcAYec,23,5,5.7473773315,0.7473773315,1.1494754663,5.84288570,Solved
L?AAD?Ws@gBgHk,21,5,5.7473773315,0.7473773315,1.1494754663,5.80669240,Solved
L?AA@aHwAgF_BS,21,5,5.7473773314,0.7473773314,1.1494754663,5.84768285,Solved
L?AAD?sXDcAYFo,23,5,5.7473773314,0.7473773314,1.1494754663,5.85301663,Solved
L?AA@BOR@o@sm_,21,5,5.7473773313,0.7473773313,1.1494754663,5.84940474,Solved
L?AA@?WsBgVOJc,22,5,5.7473773313,0.7473773313,1.1494754663,5.83630764,Solved
L?AA@BOi?kROTS,21,5,5.7473773313,0.7473773313,1.1494754663,5.80063848,Solved
L?AAD@oT?sPSDo,21,5,5.7472085859,0.7472085859,1.1494417172,5.80192248,Solved
L?AAD?sYCcAiZA,22,5,5.7468816288,0.7468816288,1.1493763258,5.80068948,Solved
L?AAD?Wk@WHgBc,20,5,5.7467351609,0.7467351609,1.1493470322,5.80577273,Solved
L?AA@BOi?[BWe_,20,5,5.7466349600,0.7466349600,1.1493269920,5.80244494,Solved
L?AAD?oqAaB_L_,19,5,5.7465581999,0.7465581999,1.1493116400,5.80790002,Solved
L?AAD?oq?wEoTO,20,5,5.7465581993,0.7465581993,1.1493116399,5.80206041,Solved
L?AADBOQPoD_Bg,20,5,5.7465449403,0.7465449403,1.1493089881,5.81234654,Solved
L?AAD?oq?wEoVO,21,5,5.7465328985,0.7465328985,1.1493065797,5.80626333,Solved
L?AAD@OM@gTCDo,20,5,5.7465049245,0.7465049245,1.1493009849,5.81776053,Solved
L?AAD@OI?wUOFo,20,5,5.7464044195,0.7464044195,1.1492808839,5.80457897,Solved
L?AA@AW[?UJ_FO,20,5,5.7463380803,0.7463380803,1.1492676161,5.83509327,Solved
L?AA@_gaQgV?Hc,20,5,5.7463191677,0.7463191677,1.1492638335,5.80014974,Solved
L?AAD@OI?wDcDs,20,5,5.7462936955,0.7462936955,1.1492587391,5.80623618,Solved
L?AAD?W[@S@Y^?,21,5,5.7462046318,0.7462046318,1.1492409264,5.80071331,Solved
L?AAD?oFBo@kL_,21,5,5.7461992654,0.7461992654,1.1492398531,5.82259852,Solved
L?AAD?oq?yJ_Dc,21,5,5.7461736525,0.7461736525,1.1492347305,5.81020025,Solved
L?AAD?oq?khgTO,21,5,5.7461736514,0.7461736514,1.1492347303,5.80392196,Solved
L?AAD?oU?kHD^?,21,5,5.7461736463,0.7461736463,1.1492347293,5.80624216,Solved
L?AAD?WkAQCpBs,21,5,5.7461736463,0.7461736463,1.1492347293,5.80327274,Solved
L?AAD?Ws@[J_Bc,21,5,5.7461376461,0.7461376461,1.1492275292,5.81375534,Solved
L?AADAoX?w@WL_,20,5,5.7461270009,0.7461270009,1.1492254002,5.80236065,Solved
L?AAD?oTDSBgBo,21,5,5.7456807934,0.7456807934,1.1491361587,5.80323431,Solved
L?AAD?wLAg@Wia,21,5,5.7456377820,0.7456377820,1.1491275564,5.80345844,Solved
L?AA@AWT@SJGN?,20,5,5.7455510732,0.7455510732,1.1491102146,5.80042633,Solved
L?AAD@OI?sM_Aw,19,5,5.7453295398,0.7453295398,1.1490659080,5.81226607,Solved
L?AAD?WkBGHgAs,20,5,5.7452932649,0.7452932649,1.1490586530,5.81767315,Solved
L?AAD@OM@KJ_JG,20,5,5.7452265200,0.7452265200,1.1490453040,5.80187858,Solved
L?AAD@OM@KJ_Ig,20,5,5.7451866521,0.7451866521,1.1490373304,5.82658206,Solved
L?AAD@OM?[J_Jg,21,5,5.7451599228,0.7451599228,1.1490319846,5.82130125,Solved
L?AAD?WkBGHgAe,20,5,5.7451452284,0.7451452284,1.1490290457,5.81666523,Solved
L?AAD@OM@w@kk_,21,5,5.7451354825,0.7451354825,1.1490270965,5.80029568,Solved
L?AAD@OM@[J_Jg,22,5,5.7450990496,0.7450990496,1.1490198099,5.80784396,Solved
L?AAD@OM@KJ_Jg,21,5,5.7450990466,0.7450990466,1.1490198093,5.81244622,Solved
L?AAD?WHJ_JGAu,21,5,5.7450990448,0.7450990448,1.1490198090,5.80302307,Solved
L?AAD?WkAYF_Bc,21,5,5.7450990445,0.7450990445,1.1490198089,5.81457729,Solved
L?AAD?WkBGHgAu,21,5,5.7450990444,0.7450990444,1.1490198089,5.81362990,Solved
L?AADAoMAg@wFO,21,5,5.7450990443,0.7450990443,1.1490198089,5.84002709,Solved
L?AAD@Oi?wDoDs,21,5,5.7450990442,0.7450990442,1.1490198088,5.80662837,Solved
L?AAD?oU@[@kN?,21,5,5.7450990441,0.7450990441,1.1490198088,5.80311974,Solved
L?AAD@OXCoTOHi,21,5,5.7449444289,0.7449444289,1.1489888858,5.80922729,Solved
L?AAD@oI_wM_Bg,21,5,5.7448797886,0.7448797886,1.1489759577,5.81459844,Solved
L?AADAoX?wBORG,20,5,5.7447028827,0.7447028827,1.1489405765,5.80616983,Solved
L?AEB?W[@W@qcQ,21,5,5.7446965979,0.7446965979,1.1489393196,5.81547306,Solved
L?AAD?oU?kM_QY,21,5,5.7445240135,0.7445240135,1.1489048027,5.80491861,Solved
L?AA@AWs@[FOAs,21,5,5.7444734369,0.7444734369,1.1488946874,5.81896171,Solved
L?AAD@OM?wPSEo,20,5,5.7444157269,0.7444157269,1.1488831454,5.80059474,Solved
L?AAD@OM@KHgk_,20,5,5.7442382991,0.7442382991,1.1488476598,5.80273945,Solved
L?AA@AOY@SJ_TQ,20,5,5.7441825949,0.7441825949,1.1488365190,5.80173557,Solved
L?AA@AWs@g@oFo,20,5,5.7440844773,0.7440844773,1.1488168955,5.80399429,Solved
L?AAD@OI@g@Wm_,19,5,5.7440291240,0.7440291240,1.1488058248,5.80279299,Solved
L?AAD?W[?[M_ac,20,5,5.7440275750,0.7440275750,1.1488055150,5.80218678,Solved
L?AAD?w[CS@wF_,21,5,5.7439254585,0.7439254585,1.1487850917,5.82432785,Solved
L?AA@BOT@oTOaS,20,5,5.7437485246,0.7437485246,1.1487497049,5.80199104,Solved
L?AA@AWT@SN?sQ,21,5,5.7436919210,0.7436919210,1.1487383842,5.80905352,Solved
L?AAD?oT?k\?VO,21,5,5.7436062811,0.7436062811,1.1487212562,5.80049500,Solved
L?AADb_R?wEODg,21,5,5.7435434811,0.7435434811,1.1487086962,5.80607390,Solved
L?AAD@oIagF_Ay,22,5,5.7434108663,0.7434108663,1.1486821733,5.80138870,Solved
L?AAD?oEAWEoBw,20,5,5.7434017201,0.7434017201,1.1486803440,5.80270590,Solved
L?AADAoMAWBoBo,21,5,5.7433469940,0.7433469940,1.1486693988,5.85716626,Solved
L?AAD?oFAoTODo,20,5,5.7433124172,0.7433124172,1.1486624834,5.80819469,Solved
L?AAD@OM?wUOFo,21,5,5.7432786337,0.7432786337,1.1486557267,5.81238589,Solved
L?AAD?w[?[DoSQ,21,5,5.7432449269,0.7432449269,1.1486489854,5.81914749,Solved
L?AEB?cEF_EoAZ,22,5,5.7432449256,0.7432449256,1.1486489851,5.80052210,Solved
L?AAD?oFAoAwm_,21,5,5.7432449256,0.7432449256,1.1486489851,5.80410318,Solved
L?AA@bGk?UCsi_,21,5,5.7431300569,0.7431300569,1.1486260114,5.80420910,Solved
L?AAD?oFFOAwRO,21,5,5.7428748669,0.7428748669,1.1485749734,5.80920659,Solved
L?AA@AOU@WBoeo,20,5,5.7427940913,0.7427940913,1.1485588183,5.81143856,Solved
L?AA@AWs?[F_eo,21,5,5.7427656306,0.7427656306,1.1485531261,5.80566246,Solved
L?AA@_gaQgZ?Hc,20,5,5.7427214037,0.7427214037,1.1485442807,5.81698673,Solved
L?AAD@OM?wTCFo,21,5,5.7426810754,0.7426810754,1.1485362151,5.82250785,Solved
L?AAD?wU?kTOTO,21,5,5.7426404787,0.7426404787,1.1485280957,5.83333649,Solved
L?AAD?Ws@c@WTO,19,5,5.7425690055,0.7425690055,1.1485138011,5.80584355,Solved
L?AAD?oFAgT@Fo,21,5,5.7424875133,0.7424875133,1.1484975027,5.80363033,Solved
L?AAF@Sa_wF?gg,21,5,5.7424102501,0.7424102501,1.1484820500,5.81168280,Solved
L?AAD?oU?kIgm_,21,5,5.7423629314,0.7423629314,1.1484725863,5.81450570,Solved
L?AA@AWs@SBWBs,21,5,5.7422344401,0.7422344401,1.1484468880,5.83295814,Solved
L?AA@AWT@wYGJ`,22,5,5.7422244868,0.7422244868,1.1484448974,5.80307196,Solved
L?AAD@Oi@gAwN_,21,5,5.7417626961,0.7417626961,1.1483525392,5.80617366,Solved
L?AAD?WkAQF_Bs,21,5,5.7417626959,0.7417626959,1.1483525392,5.80222371,Solved
L?AA@BOR@cN?qQ,21,5,5.7417626938,0.7417626938,1.1483525388,5.80206043,Solved
L?AAD?oU?k@k^?,21,5,5.7417626937,0.7417626937,1.1483525387,5.80188544,Solved
L?AAD?Ws@c@WVO,20,5,5.7416556117,0.7416556117,1.1483311223,5.80383777,Solved
L?AA@AWs@[FOao,21,5,5.7415947404,0.7415947404,1.1483189481,5.81179246,Solved
L?AA@?Ws@g@Wm_,19,5,5.7415937531,0.7415937531,1.1483187506,5.81133010,Solved
L?AADBOF@SM_Bg,21,5,5.7415783278,0.7415783278,1.1483156656,5.80734858,Solved
L?AAD@OI?wCsDs,20,5,5.7415571443,0.7415571443,1.1483114289,5.80116248,Solved
L?AA@qoX?[BowA,22,5,5.7413825669,0.7413825669,1.1482765134,5.82629443,Solved
L?AAD?oU@kHKN?,21,5,5.7413676672,0.7413676672,1.1482735334,5.82877624,Solved
L?AAD?oU?kF_RW,21,5,5.7413262703,0.7413262703,1.1482652541,5.80601671,Solved
L?AADb_M?s@s^?,23,5,5.7412659889,0.7412659889,1.1482531978,5.81898420,Solved
L?AAD?Ws?[DQVO,21,5,5.7410644358,0.7410644358,1.1482128872,5.80162707,Solved
L?AA@agwAgBODg,20,5,5.7410503957,0.7410503957,1.1482100791,5.80043192,Solved
L?AAD?wX?sIgCs,21,5,5.7409881865,0.7409881865,1.1481976373,5.80172598,Solved
L?AAD@oDdSIgM_,22,5,5.7407980586,0.7407980586,1.1481596117,5.80363652,Solved
L?AA@BOR@o@sUO,20,5,5.7404775972,0.7404775972,1.1480955194,5.80337313,Solved
L?AAD?W[@S@i^?,21,5,5.7403695404,0.7403695404,1.1480739081,5.80058349,Solved
L?AAD?w[?UBoi_,21,5,5.7401563692,0.7401563692,1.1480312738,5.80162019,Solved
L?AADAoY?eJ_TO,21,5,5.7401370342,0.7401370342,1.1480274068,5.80274216,Solved
L?AAD?w[?UI`i`,22,5,5.7400666384,0.7400666384,1.1480133277,5.81650379,Solved
L?AA@AOU@wEoRW,21,5,5.7398857511,0.7398857511,1.1479771502,5.80141776,Solved
L?AEB?cEF_DoAy,22,5,5.7395482220,0.7395482220,1.1479096444,5.81294742,Solved
L?AADAoYAWBOCq,20,5,5.7394949573,0.7394949573,1.1478989915,5.80351036,Solved
L?AAD?oq?UCqe_,20,5,5.7394817691,0.7394817691,1.1478963538,5.81591240,Solved
L?AAD@oX?kROac,21,5,5.7393892207,0.7393892207,1.1478778441,5.80102334,Solved
L?AAD?oqAaCoM_,19,5,5.7393683517,0.7393683517,1.1478736703,5.82112968,Solved
L?AA@AWFB_@WM_,19,5,5.7393625245,0.7393625245,1.1478725049,5.80291450,Solved
L?AA@AW[?UJ_UO,20,5,5.7393625219,0.7393625219,1.1478725044,5.80427386,Solved
L?AAD@OM?wPSDo,20,5,5.7392886950,0.7392886950,1.1478577390,5.81708788,Solved
L?AADBOY@WBOBo,20,5,5.7392636803,0.7392636803,1.1478527361,5.82769606,Solved
L?AA@agwAgBoDc,21,5,5.7392156007,0.7392156007,1.1478431201,5.80960509,Solved
L?AAD?Ws?[J_Hc,20,5,5.7391312804,0.7391312804,1.1478262561,5.82728823,Solved
L?AA@AWs?wDOBS,19,5,5.7390901750,0.7390901750,1.1478180350,5.81165390,Solved
L?AA@?Ws@WQWm_,20,5,5.7390382647,0.7390382647,1.1478076529,5.81137704,Solved
L?AA@aHw@oBOHH,20,5,5.7389579845,0.7389579845,1.1477915969,5.80447828,Solved
L?AA@AWT@c]?aS,20,5,5.7389496752,0.7389496752,1.1477899350,5.80361307,Solved
L?AAD?Ws@SCqDQ,20,5,5.7389277620,0.7389277620,1.1477855524,5.81052882,Solved
L?AAD?w[?YBoKa,21,5,5.7387088078,0.7387088078,1.1477417616,5.81041827,Solved
L?AAD@oIagAwAw,21,5,5.7386469958,0.7386469958,1.1477293992,5.80020131,Solved
L?AAD@OI?wUOBw,20,5,5.7386237060,0.7386237060,1.1477247412,5.80128338,Solved
L?AAD?WU@c@oHk,20,5,5.7386188501,0.7386188501,1.1477237700,5.80849016,Solved
L?AAD?oq?kF_TO,20,5,5.7384988164,0.7384988164,1.1476997633,5.81045367,Solved
L?AADAoY?wAwRO,21,5,5.7384515838,0.7384515838,1.1476903168,5.80837557,Solved
L?AAD@oKagBwBw,23,5,5.7384101058,0.7384101058,1.1476820212,5.80154705,Solved
L?AAD@OJ@o@ki_,20,5,5.7383322128,0.7383322128,1.1476664426,5.82375810,Solved
L?AADbGX@cAsy?,22,5,5.7382628597,0.7382628597,1.1476525719,5.80225195,Solved
L?AAD?oT?kV?aM,21,5,5.7382256373,0.7382256373,1.1476451275,5.80142887,Solved
L?AAD?w[?UtOTB,23,5,5.7380969843,0.7380969843,1.1476193969,5.80915178,Solved
L?AAD?oT?kTA^?,21,5,5.7380514811,0.7380514811,1.1476102962,5.80917965,Solved
L?AAD?wX?sAwy?,21,5,5.7379590341,0.7379590341,1.1475918068,5.81264592,Solved
L?AAD?oFBo@wm_,22,5,5.7378137120,0.7378137120,1.1475627424,5.80360821,Solved
L?AAD?oX?k@wQY,21,5,5.7378107856,0.7378107856,1.1475621571,5.80404784,Solved
L?AAD?oX?kBWac,20,5,5.7375363021,0.7375363021,1.1475072604,5.83548440,Solved
L?AA@AOFBOAwN_,20,5,5.7374632234,0.7374632234,1.1474926447,5.80737561,Solved
L?AAD@Oi@WBODo,19,5,5.7373634383,0.7373634383,1.1474726877,5.81927648,Solved
L?AA@aHi@oI_Dg,20,5,5.7373634358,0.7373634358,1.1474726872,5.83216743,Solved
L?AADAoLAWBOBo,20,5,5.7373634324,0.7373634324,1.1474726865,5.81250065,Solved
L?AADBOQPoB_Bg,20,5,5.7373457493,0.7373457493,1.1474691499,5.81147199,Solved
L?AAD?w[?URO\?,21,5,5.7373245151,0.7373245151,1.1474649030,5.80529082,Solved
L?AADAoX?w@WN_,21,5,5.7373245111,0.7373245111,1.1474649022,5.80295361,Solved
L?AAD@OM?[JGHh,21,5,5.7373245102,0.7373245102,1.1474649020,5.80345097,Solved
L?AAD?w[?UBgk_,21,5,5.7373126852,0.7373126852,1.1474625370,5.80935181,Solved
L?AAD?w[?YBoi_,21,5,5.7372106595,0.7372106595,1.1474421319,5.81751027,Solved
L?AAD@OM?wPSFo,21,5,5.7370888047,0.7370888047,1.1474177609,5.80769595,Solved
L?AAD@oT?sUOA{,22,5,5.7370550163,0.7370550163,1.1474110033,5.80234712,Solved
L?AA@_wiAg@oaq,21,5,5.7368292460,0.7368292460,1.1473658492,5.80257521,Solved
L?AAD@OXCcBgAs,20,5,5.7367713141,0.7367713141,1.1473542628,5.80141027,Solved
L?AA@agYAgPPCk,21,5,5.7367330548,0.7367330548,1.1473466110,5.80878421,Solved
L?AAD?oTDSAwN?,21,5,5.7367244019,0.7367244019,1.1473448804,5.82065479,Solved
L?AAD?wX?sM_Cs,21,5,5.7366055411,0.7366055411,1.1473211082,5.82139381,Solved
L?AA@aHw?sAqk_,21,5,5.7365289670,0.7365289670,1.1473057934,5.80268389,Solved
L?AADAoU?[F_RO,21,5,5.7363830336,0.7363830336,1.1472766067,5.81811608,Solved
L?AA@AW[@sEoas,22,5,5.7362864786,0.7362864786,1.1472572957,5.80230209,Solved
L?AAD?Ws@K@wk_,20,5,5.7360577962,0.7360577962,1.1472115592,5.80892526,Solved
L?AAD?oFFOIgM_,21,5,5.7360447673,0.7360447673,1.1472089535,5.80441749,Solved
L?AAD?sXCc@YM_,21,5,5.7359802442,0.7359802442,1.1471960488,5.80164682,Solved
L?AA@BOT@o@Wi_,19,5,5.7358739353,0.7358739353,1.1471747871,5.80122053,Solved
L?AADAoX?w@WRO,20,5,5.7357855397,0.7357855397,1.1471571079,5.81236037,Solved
L?AAD?wFF_HgM_,22,5,5.7357292274,0.7357292274,1.1471458455,5.80471817,Solved
L?AA@aHw?sV?HI,21,5,5.7356920687,0.7356920687,1.1471384137,5.80212204,Solved
L?AAD?Ws@SBWHK,20,5,5.7355227532,0.7355227532,1.1471045506,5.80786936,Solved
L?AA@aHi@oI_L_,20,5,5.7354793324,0.7354793324,1.1470958665,5.81590421,Solved
L?AAD@Oi?sEoDo,20,5,5.7352516695,0.7352516695,1.1470503339,5.81923555,Solved
L?AAD@oR?sN?Aw,21,5,5.7351827718,0.7351827718,1.1470365544,5.81077576,Solved
L?AAD@oI_wIgy?,21,5,5.7351537452,0.7351537452,1.1470307490,5.81267408,Solved
L?AAD@oI_wN?Bg,21,5,5.7348940228,0.7348940228,1.1469788046,5.82928500,Solved
L?AAD?oT?kDQBw,21,5,5.7348641140,0.7348641140,1.1469728228,5.80170146,Solved
L?AAD@OM@KJGk_,20,5,5.7348466953,0.7348466953,1.1469693391,5.80374957,Solved
L?AAD@oTDSBgm?,22,5,5.7348235669,0.7348235669,1.1469647134,5.81364000,Solved
L?AA@AWs?[F_FO,20,5,5.7348146592,0.7348146592,1.1469629318,5.81568497,Solved
L?AAD?Wk@WHgBo,20,5,5.7346323713,0.7346323713,1.1469264743,5.81613820,Solved
L?AAD@oIag@[RO,21,5,5.7345918672,0.7345918672,1.1469183734,5.81587242,Solved
L?AA@bGXBW@was,23,5,5.7343377137,0.7343377137,1.1468675427,5.81501452,Solved
L?AA@BOTCcFoJg,22,5,5.7343377119,0.7343377119,1.1468675424,5.82424539,Solved
L?AA@?Ws?[n_m_,22,5,5.7343377118,0.7343377118,1.1468675424,5.81053396,Solved
L?AA@?WsAwDqm_,22,5,5.7343377117,0.7343377117,1.1468675423,5.82605746,Solved
L?AAD?cmBgIKuG,23,5,5.7343377114,0.7343377114,1.1468675423,5.83124621,Solved
L?AA@BOR?\TO}?,22,5,5.7343377112,0.7343377112,1.1468675422,5.82979986,Solved
L?AA@aHX@k]?cc,22,5,5.7343377111,0.7343377111,1.1468675422,5.82139460,Solved
L?AA@AW[?UfOuO,22,5,5.7343377102,0.7343377102,1.1468675420,5.83466833,Solved
L?AA@bGX?[PQZ?,21,5,5.7343377092,0.7343377092,1.1468675418,5.83834553,Solved
L?AA@BOBjgUON_,23,5,5.7343377092,0.7343377092,1.1468675418,5.81840429,Solved
L?AA@?WsAwROJc,21,5,5.7343377089,0.7343377089,1.1468675418,5.83302466,Solved
L?AA@BOREoTOJg,22,5,5.7343377089,0.7343377089,1.1468675418,5.83599720,Solved
L?AA@BORDS^?Jg,23,5,5.7343377088,0.7343377088,1.1468675418,5.82081412,Solved
L?AA@BOuBWTOJg,23,5,5.7343377087,0.7343377087,1.1468675417,5.82147351,Solved
L?AA@bGXCc}?Lg,23,5,5.7343377086,0.7343377086,1.1468675417,5.84542854,Solved
L?AA@AW[@sJGas,22,5,5.7343377082,0.7343377082,1.1468675416,5.83568191,Solved
L?AA@BORCS@s}?,21,5,5.7343377077,0.7343377077,1.1468675415,5.82545634,Solved
L?AA@b_DjgUO}?,24,5,5.7343377077,0.7343377077,1.1468675415,5.80516789,Solved
L?AA@AW[?UvOuO,23,5,5.7343377076,0.7343377076,1.1468675415,5.82768024,Solved
L?AAD?WsCs@yVO,23,5,5.7343377076,0.7343377076,1.1468675415,5.82999724,Solved
L?AA@b_DjgUOAy,24,5,5.7343377075,0.7343377075,1.1468675415,5.81519159,Solved
L?AA@b_DjgUOAZ,24,5,5.7343377072,0.7343377072,1.1468675414,5.81580225,Solved
L?AA@b_DjgUO^?,24,5,5.7343377071,0.7343377071,1.1468675414,5.81882149,Solved
L?AA@BOFbgUOJg,23,5,5.7343377069,0.7343377069,1.1468675414,5.81482099,Solved
L?AA@BOTCsEoic,22,5,5.7343377069,0.7343377069,1.1468675414,5.82985429,Solved
L?AA@BOTDcDsN_,23,5,5.7343377067,0.7343377067,1.1468675413,5.82004268,Solved
L?AA@b_DiYUO\?,23,5,5.7343377063,0.7343377063,1.1468675413,5.81639988,Solved
L?AA@?Ws@[n_m_,23,5,5.7343377058,0.7343377058,1.1468675412,5.81167935,Solved
L?AA@AW[@sPYuO,23,5,5.7343377057,0.7343377057,1.1468675411,5.82859635,Solved
L?AA@aHw?kuO\G,23,5,5.7343377056,0.7343377056,1.1468675411,5.81985643,Solved
L?AAD?W[?UjGm_,22,5,5.7343377055,0.7343377055,1.1468675411,5.84339188,Solved
L?AA@b_DjgUOFg,24,5,5.7343377055,0.7343377055,1.1468675411,5.81319877,Solved
L?AA@BORCS^?Jg,22,5,5.7343377052,0.7343377052,1.1468675410,5.81891290,Solved
L?AA@b_DiYM_ka,24,5,5.7343377050,0.7343377050,1.1468675410,5.81259304,Solved
L?AA@bGXCceo{?,22,5,5.7343377050,0.7343377050,1.1468675410,5.84291511,Solved
L?AAD?W[@sJGAs,21,5,5.7343377047,0.7343377047,1.1468675409,5.83395652,Solved
L?AA@?Ws?[j_m_,21,5,5.7343377046,0.7343377046,1.1468675409,5.82688886,Solved
L?AA@bGHbgUOsC,22,5,5.7343377046,0.7343377046,1.1468675409,5.82169168,Solved
L?AA@AW[@sEoaT,22,5,5.7343004677,0.7343004677,1.1468600935,5.80001840,Solved
L?AADb_R@oBOBo,21,5,5.7342420108,0.7342420108,1.1468484022,5.80493514,Solved
L?AA@aHi@oI_Lg,21,5,5.7340085586,0.7340085586,1.1468017117,5.80605988,Solved
L?AAD@WHdcHgN?,22,5,5.7339610680,0.7339610680,1.1467922136,5.80569761,Solved
L?AAD?Ws@SAhJc,21,5,5.7339088126,0.7339088126,1.1467817625,5.80053634,Solved
L?AADAoMAW@oFO,20,5,5.7338999657,0.7338999657,1.1467799931,5.83655151,Solved
L?AADAoMAW@oVO,21,5,5.7338999638,0.7338999638,1.1467799928,5.81809519,Solved
L?AADAoMAWBoFO,21,5,5.7338934945,0.7338934945,1.1467786989,5.83082490,Solved
L?AADAoMAWBgFo,22,5,5.7338934925,0.7338934925,1.1467786985,5.81180858,Solved
L?AADAoMAWBoFo,22,5,5.7338934871,0.7338934871,1.1467786974,5.80368876,Solved
L?AADAoMAg@oVO,21,5,5.7338934856,0.7338934856,1.1467786971,5.81264146,Solved
L?AB?oYs@WCioI,22,5,5.7337514647,0.7337514647,1.1467502929,5.80056971,Solved
L?AAD?oX?kJGBW,20,5,5.7336486247,0.7336486247,1.1467297249,5.81283327,Solved
L?AADAoYAWBGBo,20,5,5.7336206692,0.7336206692,1.1467241338,5.81234273,Solved
L?AAD?w[?w@im_,22,5,5.7333019835,0.7333019835,1.1466603967,5.81618039,Solved
L?AAD?w[?UROFO,21,5,5.7332921578,0.7332921578,1.1466584316,5.80965107,Solved
L?AADBOF@cHg]?,21,5,5.7328495878,0.7328495878,1.1465699176,5.81641063,Solved
L?AAD@oR?sN?Bw,22,5,5.7327319156,0.7327319156,1.1465463831,5.80346953,Solved
L?AAD?oT@kHKBo,21,5,5.7326724976,0.7326724976,1.1465344995,5.81439408,Solved
L?AA@aHw?kFOm?,21,5,5.7325872209,0.7325872209,1.1465174442,5.80689083,Solved
L?AEB?cEDoEoaX,22,5,5.7325517989,0.7325517989,1.1465103598,5.80163489,Solved
L?AADb_R@oBOFG,21,5,5.7325088265,0.7325088265,1.1465017653,5.80067547,Solved
L?AAD?WkAQEoFo,21,5,5.7320762279,0.7320762279,1.1464152456,5.81120495,Solved
L?AAD@OM?wUOBw,21,5,5.7319062855,0.7319062855,1.1463812571,5.81869165,Solved
L?AAD?oU?kHHFo,21,5,5.7318554732,0.7318554732,1.1463710946,5.80506379,Solved
L?AAD?Wk?YM_L_,20,5,5.7317789846,0.7317789846,1.1463557969,5.81282100,Solved
L?AAD?w[?UBgm_,22,5,5.7317485708,0.7317485708,1.1463497142,5.80042387,Solved
L?AADAoX?wAWM_,20,5,5.7316104265,0.7316104265,1.1463220853,5.80543641,Solved
L?AA@AWT@SF_as,21,5,5.7315139524,0.7315139524,1.1463027905,5.80300465,Solved
L?AADBOJ@LJGRO,22,5,5.7314966854,0.7314966854,1.1462993371,5.80276617,Solved
L?AA@aHYBHROm?,22,5,5.7314616911,0.7314616911,1.1462923382,5.80455506,Solved
L?AE@b_K_w@g]?,21,5,5.7314395238,0.7314395238,1.1462879048,5.80079438,Solved
L?AAD?oqAaF_L_,20,5,5.7313314123,0.7313314123,1.1462662825,5.80933123,Solved
L?AAD?wFF_@wi_,22,5,5.7313178205,0.7313178205,1.1462635641,5.81386541,Solved
L?AA@?Ws@[M_As,20,5,5.7313118211,0.7313118211,1.1462623642,5.80204001,Solved
L?AAD?oX?kHgA{,21,5,5.7312649254,0.7312649254,1.1462529851,5.80664090,Solved
L?AAD?Ws@cCsAs,20,5,5.7310659616,0.7310659616,1.1462131923,5.80154018,Solved
L?AAD@Oi?sAwN_,21,5,5.7309981697,0.7309981697,1.1461996339,5.82778774,Solved
L?AAD?w[?]Boi_,22,5,5.7309127769,0.7309127769,1.1461825554,5.81239003,Solved
L?AAD@oX?sF_cc,21,5,5.7308581466,0.7308581466,1.1461716293,5.81326345,Solved
L?AADBOF@SV?Bw,22,5,5.7308277822,0.7308277822,1.1461655564,5.83524570,Solved
L?AAD?WkAYF_Bo,21,5,5.7306776901,0.7306776901,1.1461355380,5.82681413,Solved
L?AAD?oTDoDoDo,21,5,5.7305452228,0.7305452228,1.1461090446,5.80700517,Solved
L?AAD?Ws?[J_Jc,21,5,5.7305331016,0.7305331016,1.1461066203,5.80153942,Solved
L?AAD?w[CSBWXA,21,5,5.7305269960,0.7305269960,1.1461053992,5.80318379,Solved
L?AA@AWs@g@Wm_,20,5,5.7304492250,0.7304492250,1.1460898450,5.80163302,Solved
L?AA@AWs@W@WFO,19,5,5.7304325054,0.7304325054,1.1460865011,5.80448318,Solved
L?AAD?WkBGIgAe,20,5,5.7303746144,0.7303746144,1.1460749229,5.81036885,Solved
L?AAD@OM?[M_ig,21,5,5.7301694675,0.7301694675,1.1460338935,5.81859177,Solved
L?AAD@OJ@cZ?Hg,20,5,5.7301288512,0.7301288512,1.1460257702,5.80344960,Solved
L?AAD?s[?sAwy?,21,5,5.7301246292,0.7301246292,1.1460249258,5.82722148,Solved
L?AA@agXCcN?Dg,21,5,5.7301208956,0.7301208956,1.1460241791,5.80563983,Solved
L?AAD@oI_wM_Bw,22,5,5.7301072933,0.7301072933,1.1460214587,5.80296978,Solved
L?AAD?oFBo@kM_,21,5,5.7300894510,0.7300894510,1.1460178902,5.82877728,Solved
L?AAD@OJEoCsk_,21,5,5.7300624635,0.7300624635,1.1460124927,5.80004423,Solved
L?AADAoYAW@oFO,20,5,5.7300570483,0.7300570483,1.1460114097,5.80496465,Solved
L?AAD?W[?]F_k_,21,5,5.7300188770,0.7300188770,1.1460037754,5.80296835,Solved
L?AADAoY?eBoM_,21,5,5.7299348166,0.7299348166,1.1459869633,5.81490990,Solved
L?AAD?oqAgBgDo,20,5,5.7298601054,0.7298601054,1.1459720211,5.80357971,Solved
L?AAD?WkAW@qN_,21,5,5.7298318502,0.7298318502,1.1459663700,5.80214804,Solved
L?AAD@OI?{FODs,21,5,5.7298304302,0.7298304302,1.1459660860,5.82089133,Solved
L?AADAoYAWBgBo,21,5,5.7298096612,0.7298096612,1.1459619322,5.81798777,Solved
L?AAD@OM@KJGIg,20,5,5.7296304654,0.7296304654,1.1459260931,5.80385126,Solved
L?AA@AWs@W@wFO,20,5,5.7292797154,0.7292797154,1.1458559431,5.81253582,Solved
L?AAD@oI_wIgm?,21,5,5.7292742038,0.7292742038,1.1458548408,5.84136927,Solved
L?AAD@OJ@c@hL_,20,5,5.7292613173,0.7292613173,1.1458522635,5.80330667,Solved
L?AAD@OM?[M_Hg,20,5,5.7291898794,0.7291898794,1.1458379759,5.81741272,Solved
L?AA@BORDOIgJg,21,5,5.7291515225,0.7291515225,1.1458303045,5.80198367,Solved
L?AAD@oK_w@k\?,21,5,5.7290930139,0.7290930139,1.1458186028,5.81837014,Solved
L?AA@?Ws@gPWm_,20,5,5.7289743574,0.7289743574,1.1457948715,5.80392926,Solved
L?AADBOF@cHH]?,21,5,5.7288426027,0.7288426027,1.1457685205,5.80809668,Solved
L?AA@aHw?lFOm?,22,5,5.7288033048,0.7288033048,1.1457606610,5.80447499,Solved
L?AA@aHw@W@o]?,20,5,5.7285804313,0.7285804313,1.1457160863,5.80630586,Solved
L?AADBOF@cHgm?,21,5,5.7285368973,0.7285368973,1.1457073795,5.80785994,Solved
L?AAD@OM?wVOBw,22,5,5.7285331499,0.7285331499,1.1457066300,5.80423344,Solved
L?AADBOM?[J_RO,21,5,5.7284528438,0.7284528438,1.1456905688,5.80951402,Solved
L?AAD?w[?sBWXA,21,5,5.7281600557,0.7281600557,1.1456320111,5.81065421,Solved
L?AA@AW[@[YGN?,21,5,5.7280513020,0.7280513020,1.1456102604,5.80907268,Solved
L?AAD?w[?[Awi_,21,5,5.7279885378,0.7279885378,1.1455977076,5.80326007,Solved
L?AA@_wwAg@WFc,21,5,5.7277363154,0.7277363154,1.1455472631,5.81317142,Solved
L?AAD?Ws@c@g^?,20,5,5.7277293482,0.7277293482,1.1455458696,5.81532933,Solved
L?AAD?Wk?YM_N_,21,5,5.7277156694,0.7277156694,1.1455431339,5.81540854,Solved
L?AAD@oIagBgAq,21,5,5.7276644573,0.7276644573,1.1455328915,5.80368766,Solved
L?AADAoFBoHgL_,22,5,5.7275683518,0.7275683518,1.1455136704,5.80554907,Solved
L?AADAoMAg@oDo,20,5,5.7275201721,0.7275201721,1.1455040344,5.82019050,Solved
L?AAD?wT?]]?FO,22,5,5.7274653733,0.7274653733,1.1454930747,5.85286904,Solved
L?AAD?WkAW@wN_,21,5,5.7274561732,0.7274561732,1.1454912346,5.82189970,Solved
L?AAD?Ws@SI`At,21,5,5.7273528578,0.7273528578,1.1454705716,5.80509422,Solved
L?AAD@OM?[JGJg,21,5,5.7273491600,0.7273491600,1.1454698320,5.80848493,Solved
L?AAD@W[?wDoBc,21,5,5.7273405789,0.7273405789,1.1454681158,5.80896344,Solved
L?AAD@OM@KJGJg,21,5,5.7273405754,0.7273405754,1.1454681151,5.80020778,Solved
L?AAD?oq?kF_VO,21,5,5.7273362361,0.7273362361,1.1454672472,5.80057138,Solved
L?AAD@OX?sPSN?,20,5,5.7272182549,0.7272182549,1.1454436510,5.81400511,Solved
L?AAD@oIagAwy?,21,5,5.7270950503,0.7270950503,1.1454190101,5.80911468,Solved
L?AAD?wFF_TOBq,23,5,5.7270140762,0.7270140762,1.1454028152,5.80498901,Solved
L?AAD?wFF_Bgi_,22,5,5.7269133860,0.7269133860,1.1453826772,5.81161326,Solved
L?AAD@oI_wBgm?,21,5,5.7268858512,0.7268858512,1.1453771702,5.80609463,Solved
L?AAD@Oi?wFOBw,21,5,5.7267254786,0.7267254786,1.1453450957,5.80292144,Solved
L?AAD?sXCcFOFO,21,5,5.7266277070,0.7266277070,1.1453255414,5.80481921,Solved
L?AA@AWsDSBWBs,22,5,5.7264824999,0.7264824999,1.1452965000,5.80035850,Solved
L?AA@BOi?mBWeO,21,5,5.7264350908,0.7264350908,1.1452870182,5.80267688,Solved
L?AADbGX@WBOcc,21,5,5.7263583130,0.7263583130,1.1452716626,5.80281668,Solved
L?AAD?w[?YROEo,21,5,5.7263234504,0.7263234504,1.1452646901,5.80723752,Solved
L?AB?qQTDOGk]?,22,5,5.7263081621,0.7263081621,1.1452616324,5.81550688,Solved
L?AA@BOJCsN?cs,22,5,5.7261965095,0.7261965095,1.1452393019,5.80009399,Solved
L?AAD@Oi@WBgBo,20,5,5.7260652159,0.7260652159,1.1452130432,5.82287882,Solved
L?AAD@Oi@g@oFO,19,5,5.7259795552,0.7259795552,1.1451959110,5.81466523,Solved
L?AA@AWs?wDoEo,20,5,5.7258773953,0.7258773953,1.1451754791,5.80359447,Solved
L?AAD@Oi?wDoBo,20,5,5.7257822430,0.7257822430,1.1451564486,5.83780368,Solved
L?AEB?c{@kQKqI,24,5,5.7256881443,0.7256881443,1.1451376289,5.80237660,Solved
L?`@C`oY?ZQaN?,23,5,5.7256881424,0.7256881424,1.1451376285,5.83942644,Solved
L?AA@AWsDSJ_Jc,22,5,5.7256881402,0.7256881402,1.1451376280,5.82565486,Solved
L?AEB?WHN_AwcS,22,5,5.7256881401,0.7256881401,1.1451376280,5.81782299,Solved
L?AAD?oFEP^?RW,23,5,5.7256881400,0.7256881400,1.1451376280,5.82565012,Solved
L?AA@agTCQhg^?,23,5,5.7256881392,0.7256881392,1.1451376278,5.81964808,Solved
L?AA@AWTF_TQN_,23,5,5.7256881392,0.7256881392,1.1451376278,5.80350182,Solved
L?AAD?oFEPV?RW,22,5,5.7256881386,0.7256881386,1.1451376277,5.83056145,Solved
L?AA@BOR?s@skc,21,5,5.7256881386,0.7256881386,1.1451376277,5.81379107,Solved
L?AAD?omEPJ_RW,23,5,5.7256881386,0.7256881386,1.1451376277,5.81811550,Solved
L?AA@BOTDoTQJg,23,5,5.7256881385,0.7256881385,1.1451376277,5.81444398,Solved
L?AA@agX?[PQwA,21,5,5.7256881384,0.7256881384,1.1451376277,5.82762047,Solved
L?AAD?oDFoHkqK,23,5,5.7256881384,0.7256881384,1.1451376277,5.81989588,Solved
L?AA@aHJBHYA}?,23,5,5.7256881381,0.7256881381,1.1451376276,5.80585182,Solved
L?AAD?cmBgHKVO,23,5,5.7256881378,0.7256881378,1.1451376276,5.81005079,Solved
L?AEB?c{@kQKA],24,5,5.7256881377,0.7256881377,1.1451376275,5.80658393,Solved
L?AAD?oDDoJgqK,22,5,5.7256881376,0.7256881376,1.1451376275,5.82308114,Solved
L?AA@aHXHwZ?RO,23,5,5.7256881375,0.7256881375,1.1451376275,5.80372600,Solved
L?AA@BORBoDskc,23,5,5.7256881374,0.7256881374,1.1451376275,5.82351426,Solved
L?AA@BOR?\N?m_,22,5,5.7256881374,0.7256881374,1.1451376275,5.81828645,Solved
L?`@C`W[DH@iN?,23,5,5.7256881371,0.7256881371,1.1451376274,5.81561576,Solved
L?AEB?c{@kQK}?,24,5,5.7256881370,0.7256881370,1.1451376274,5.81371568,Solved
L?AA@BOR@sDskc,23,5,5.7256881370,0.7256881370,1.1451376274,5.81496098,Solved
L?AADAoY?ihc^?,23,5,5.7256881369,0.7256881369,1.1451376274,5.82851225,Solved
L?AA@BOR?\FOkc,22,5,5.7256881369,0.7256881369,1.1451376274,5.81989792,Solved
L?AAD?oDDoJgQ[,22,5,5.7256881367,0.7256881367,1.1451376273,5.81581692,Solved
L?AA@agR@[XGgc,22,5,5.7256881367,0.7256881367,1.1451376273,5.80991037,Solved
L?AA@BOTDoTQN_,23,5,5.7256881366,0.7256881366,1.1451376273,5.81402864,Solved
L?AA@BOR?\N?kc,22,5,5.7256881366,0.7256881366,1.1451376273,5.82180072,Solved
L?AAD?oDDoBgqK,21,5,5.7256881364,0.7256881364,1.1451376273,5.80914485,Solved
L?AAD?cmBgXCVO,23,5,5.7256881364,0.7256881364,1.1451376273,5.81099623,Solved
L?AAF@ck@sAwcg,23,5,5.7256881362,0.7256881362,1.1451376272,5.81610383,Solved
L?AA@BOR?sDskc,22,5,5.7256881361,0.7256881361,1.1451376272,5.81088948,Solved
L?AAD?oTDo@kaK,21,5,5.7256881359,0.7256881359,1.1451376272,5.81604107,Solved
L?AADBOUQYROBw,24,5,5.7256881357,0.7256881357,1.1451376271,5.81024436,Solved
L?AAD?oDDo@kqK,21,5,5.7256881357,0.7256881357,1.1451376271,5.81628968,Solved
L?AA@aHw?wV?BS,21,5,5.7256881357,0.7256881357,1.1451376271,5.82363992,Solved
L?AAF@ck?sEocg,22,5,5.7256881357,0.7256881357,1.1451376271,5.83208819,Solved
L?AA@BOTCoFoic,22,5,5.7256881357,0.7256881357,1.1451376271,5.81185697,Solved
L?AA@agTCQf_RO,22,5,5.7256881357,0.7256881357,1.1451376271,5.82392013,Solved
L?AA@aHwAhF_BS,22,5,5.7256881355,0.7256881355,1.1451376271,5.81428003,Solved
L?AA@AWs?[tO^?,22,5,5.7256881354,0.7256881354,1.1451376271,5.81006192,Solved
L?AEB?c{@kBKcW,23,5,5.7256881353,0.7256881353,1.1451376271,5.82635410,Solved
L?AAD?wLAQ|?VO,23,5,5.7256881353,0.7256881353,1.1451376271,5.82317540,Solved
L?AA@BOTCsF_Jg,22,5,5.7256881352,0.7256881352,1.1451376270,5.82391561,Solved
L?AADBOVAiDc}?,24,5,5.7256881352,0.7256881352,1.1451376270,5.81825307,Solved
L?AAD@WK_u]?QS,22,5,5.7256881351,0.7256881351,1.1451376270,5.83504207,Solved
L?AA@AWsDSDq^?,23,5,5.7256881351,0.7256881351,1.1451376270,5.80973329,Solved
L?AA@BOBloTO^?,23,5,5.7256881349,0.7256881349,1.1451376270,5.81822888,Solved
L?AA@aHRRHZ?^?,24,5,5.7256881349,0.7256881349,1.1451376270,5.80153342,Solved
L?AA@BORBoROJg,22,5,5.7256881348,0.7256881348,1.1451376270,5.81657459,Solved
L?AEB?WHJgAwsC,22,5,5.7256881347,0.7256881347,1.1451376269,5.83371252,Solved
L?AA@AWT?{]?ic,22,5,5.7256881346,0.7256881346,1.1451376269,5.81463277,Solved
L?AA@BOV@sUOJg,23,5,5.7256881346,0.7256881346,1.1451376269,5.81870104,Solved
L?AEB?c{@kQKaY,24,5,5.7256881345,0.7256881345,1.1451376269,5.80205319,Solved
L?AAD?oFDo@kqG,21,5,5.7256881345,0.7256881345,1.1451376269,5.83990175,Solved
L?AA@BORBoDsm_,23,5,5.7256881343,0.7256881343,1.1451376269,5.81108946,Solved
L?AA@BOmDSJ_Jg,23,5,5.7256881342,0.7256881342,1.1451376268,5.82150813,Solved
L?AEB?c{@kQKFo,24,5,5.7256881340,0.7256881340,1.1451376268,5.82415666,Solved
L?AAD?w[CSBoBs,22,5,5.7256860419,0.7256860419,1.1451372084,5.80747701,Solved
L?AAD@OM@[CsVO,22,5,5.7256810462,0.7256810462,1.1451362092,5.82156176,Solved
L?AAD@oI_w@[m?,21,5,5.7256513415,0.7256513415,1.1451302683,5.81266799,Solved
L?AADBOY@cB_RQ,21,5,5.7256159423,0.7256159423,1.1451231885,5.80303288,Solved
L?AAD?wU?kTOTP,22,5,5.7252896742,0.7252896742,1.1450579348,5.80217098,Solved
L?AAD@W[?wDoBs,22,5,5.7252754270,0.7252754270,1.1450550854,5.80148875,Solved
L?AA@aHw@oAo\?,20,5,5.7249318458,0.7249318458,1.1449863692,5.80304323,Solved
L?AAD?Ws?wDOHk,20,5,5.7247878289,0.7247878289,1.1449575658,5.81662343,Solved
L?AAD?Wk?YN_N_,22,5,5.7247807720,0.7247807720,1.1449561544,5.81689372,Solved
L?AAD?oX?kBWec,21,5,5.7247684161,0.7247684161,1.1449536832,5.80432101,Solved
L?AADBOM?[J_FO,21,5,5.7246454073,0.7246454073,1.1449290815,5.83345268,Solved
L?AAD@oI_w@km?,21,5,5.7243900366,0.7243900366,1.1448780073,5.81656594,Solved
L?AAD@oTDoDoac,22,5,5.7243099830,0.7243099830,1.1448619966,5.80372764,Solved
L?AADAoY?s@wN?,21,5,5.7241314136,0.7241314136,1.1448262827,5.83629924,Solved
L?AA@AW[?UJ_F_,20,5,5.7239541983,0.7239541983,1.1447908397,5.80746538,Solved
L?AADb_R@oBoBg,22,5,5.7236410439,0.7236410439,1.1447282088,5.82474578,Solved
L?AAD@oI_w\?TS,22,5,5.7236140598,0.7236140598,1.1447228120,5.81317340,Solved
L?AA@AWs?[F_Fo,21,5,5.7231886176,0.7231886176,1.1446377235,5.80131582,Solved
L?AAD@OJ@o@km_,21,5,5.7231512515,0.7231512515,1.1446302503,5.80089159,Solved
L?AA@BOBdoBWe_,21,5,5.7228429831,0.7228429831,1.1445685966,5.80237341,Solved
L?AAD?wT?{TODo,22,5,5.7224920539,0.7224920539,1.1444984108,5.82706514,Solved
L?AADAoLAo@WF_,20,5,5.7221249350,0.7221249350,1.1444249870,5.82777670,Solved
L?AAD@OI?{M_Aw,20,5,5.7221041130,0.7221041130,1.1444208226,5.81672404,Solved
L?AA@_wiAgPHL_,21,5,5.7220236268,0.7220236268,1.1444047254,5.81701690,Solved
L?AADAoMAg@oRG,20,5,5.7220230893,0.7220230893,1.1444046179,5.80547430,Solved
L?AADAoFAgDODo,20,5,5.7216908738,0.7216908738,1.1443381748,5.81130040,Solved
L?AAD?w[?s@Y^?,22,5,5.7216365513,0.7216365513,1.1443273103,5.82044888,Solved
L?AAD@OL@[DS^?,22,5,5.7216190034,0.7216190034,1.1443238007,5.80247966,Solved
L?AA@AWs@[BoEo,21,5,5.7215444435,0.7215444435,1.1443088887,5.82367725,Solved
L?AADBOIdoJ_TS,23,5,5.7212986416,0.7212986416,1.1442597283,5.80051745,Solved
L?AAD@OM@KJGi_,20,5,5.7212901016,0.7212901016,1.1442580203,5.80646489,Solved
L?AADAoMAWBoBg,21,5,5.7212899227,0.7212899227,1.1442579845,5.82211707,Solved
L?AAD@OM?[M_Jg,21,5,5.7212743950,0.7212743950,1.1442548790,5.81326143,Solved
L?AAD@OM@[Cs^?,22,5,5.7212094998,0.7212094998,1.1442419000,5.81240738,Solved
L?AA@aHMBGAsy@,22,5,5.7211254480,0.7211254480,1.1442250896,5.81186271,Solved
L?AAD?Ws?wDoHK,20,5,5.7210798502,0.7210798502,1.1442159700,5.80275379,Solved
L?AAD?wT?uTOFO,22,5,5.7208984954,0.7208984954,1.1441796991,5.81511607,Solved
L?AADAoFAgDOEo,20,5,5.7206788452,0.7206788452,1.1441357690,5.80561387,Solved
L?AAD?Ws?wDoHk,21,5,5.7206448166,0.7206448166,1.1441289633,5.81413737,Solved
L?AAD?wTCSawF_,22,5,5.7205906488,0.7205906488,1.1441181298,5.81497549,Solved
L?AAD?sX?sZ?ac,21,5,5.7205716686,0.7205716686,1.1441143337,5.80284342,Solved
L?AA@AWT@S]?As,20,5,5.7204518568,0.7204518568,1.1440903714,5.80390119,Solved
L?AADAoFAgDOFo,21,5,5.7204354818,0.7204354818,1.1440870964,5.81050875,Solved
L?AAD?oq?yJ_Cs,21,5,5.7202029017,0.7202029017,1.1440405803,5.80406229,Solved
L?AAD@oX?sUOA{,22,5,5.7200850112,0.7200850112,1.1440170022,5.80437520,Solved
L?AEB?WU@HM_Ar,22,5,5.7197586901,0.7197586901,1.1439517380,5.81430689,Solved
L?AAD?WkAYM_As,21,5,5.7196769204,0.7196769204,1.1439353841,5.82265078,Solved
L?AAD@oI_wN?Bw,22,5,5.7196619525,0.7196619525,1.1439323905,5.81768720,Solved
L?AAD?oFBo@kJ_,21,5,5.7196059610,0.7196059610,1.1439211922,5.80361071,Solved
L?AE@`H[@WZ?Hg,22,5,5.7195671009,0.7195671009,1.1439134202,5.81471574,Solved
L?AAD?oFBo@kN_,22,5,5.7195432453,0.7195432453,1.1439086491,5.80073238,Solved
L?AAD@oI_wV?Bw,22,5,5.7193470870,0.7193470870,1.1438694174,5.82438750,Solved
L?AAD?sXCcFORA,21,5,5.7189022460,0.7189022460,1.1437804492,5.80999347,Solved
L?AA@AW[AwHgk`,22,5,5.7185842901,0.7185842901,1.1437168580,5.80045798,Solved
L?AADAoMAw@wFO,22,5,5.7184895218,0.7184895218,1.1436979044,5.83738750,Solved
L?ABAaIeB_D_G[,21,5,5.7182244421,0.7182244421,1.1436448884,5.80230719,Solved
L?AAD@Oi?{FOVO,22,5,5.7182159107,0.7182159107,1.1436431821,5.81118535,Solved
L?AAD?wT?y@w{@,23,5,5.7177923370,0.7177923370,1.1435584674,5.82719515,Solved
L?AAD?Ws?eH_XI,20,5,5.7177187186,0.7177187186,1.1435437437,5.81779632,Solved
L?AA@aHiAgN?Dg,21,5,5.7174502542,0.7174502542,1.1434900508,5.83272374,Solved
L?AA@aHwAgF?Dc,20,5,5.7172635739,0.7172635739,1.1434527148,5.80266556,Solved
L?AAD@OJ?s\?Do,20,5,5.7171707400,0.7171707400,1.1434341480,5.82048106,Solved
L?AAD@oK_wHgm?,21,5,5.7171178169,0.7171178169,1.1434235634,5.82624216,Solved
L?AA@aHMBGROL_,21,5,5.7170060132,0.7170060132,1.1434012026,5.83370852,Solved
L?AAD?oX?kHgBw,21,5,5.7169105257,0.7169105257,1.1433821051,5.82282263,Solved
L?AAD@oK_wHgu?,21,5,5.7168677224,0.7168677224,1.1433735445,5.80282228,Solved
L?AAD?wT?{TOFO,22,5,5.7167279024,0.7167279024,1.1433455805,5.84999525,Solved
L?AAD?wT?uTODo,22,5,5.7167279016,0.7167279016,1.1433455803,5.80149972,Solved
L?AADBOF@cHg}?,22,5,5.7167278985,0.7167278985,1.1433455797,5.80071524,Solved
L?AADb_RBoBoBg,23,5,5.7163981372,0.7163981372,1.1432796274,5.81846096,Solved
L?AADbGY?sE_Dg,21,5,5.7160303545,0.7160303545,1.1432060709,5.84677793,Solved
L?AAD@oTFOBgDo,22,5,5.7159298298,0.7159298298,1.1431859660,5.81837558,Solved
L?AAD@OM?[N_Jg,22,5,5.7158383171,0.7158383171,1.1431676634,5.80034892,Solved
L?AAD@OM@[DSVO,22,5,5.7157402701,0.7157402701,1.1431480540,5.81631633,Solved
L?AAD?sY?sTOCs,21,5,5.7156231603,0.7156231603,1.1431246321,5.80100972,Solved
L?AAD@OIBg@[N_,21,5,5.7153370346,0.7153370346,1.1430674069,5.80605832,Solved
L?AADAoMAg@oEo,20,5,5.7153269360,0.7153269360,1.1430653872,5.80805926,Solved
L?AA@aHw?kM_m?,21,5,5.7152181794,0.7152181794,1.1430436359,5.80522527,Solved
L?AAD@oX?sF_Bw,22,5,5.7151354684,0.7151354684,1.1430270937,5.80752873,Solved
L?AA@aHwAgF?Dg,20,5,5.7149774920,0.7149774920,1.1429954984,5.80182290,Solved
L?AA@_gaRgZ?Hc,21,5,5.7145378443,0.7145378443,1.1429075689,5.81838394,Solved
L?AADAoLAoHgM_,21,5,5.7141063229,0.7141063229,1.1428212646,5.81615106,Solved
L?AAD?cU?s]?Bo,20,5,5.7141063157,0.7141063157,1.1428212631,5.81312989,Solved
L?AAD@oK_YJ_m?,21,5,5.7140777649,0.7140777649,1.1428155530,5.82978922,Solved
L?AAD?sY?sL_DS,21,5,5.7140479510,0.7140479510,1.1428095902,5.80454028,Solved
L?AAD?oX?kROEs,21,5,5.7137367628,0.7137367628,1.1427473526,5.80228518,Solved
L?AAD?wTCSboFO,22,5,5.7137084395,0.7137084395,1.1427416879,5.81871398,Solved
L?AAD?wT?{Awic,23,5,5.7136988138,0.7136988138,1.1427397628,5.82034706,Solved
L?AAD?oy?yJ_Do,22,5,5.7136388484,0.7136388484,1.1427277697,5.83182270,Solved
L?AADAoU@sHgN?,22,5,5.7135539090,0.7135539090,1.1427107818,5.84122280,Solved
L?AA@BOi?[JGDS,20,5,5.7127520981,0.7127520981,1.1425504196,5.80215576,Solved
L?AADAoMAg@oFo,21,5,5.7126516442,0.7126516442,1.1425303288,5.82101800,Solved
L?AA@aHi@oI_Dc,20,5,5.7126109032,0.7126109032,1.1425221806,5.80075068,Solved
L?AAD@oK_YJ_m_,22,5,5.7119519933,0.7119519933,1.1423903987,5.80084361,Solved
L?AAD?sX?sPQ}?,22,5,5.7116190385,0.7116190385,1.1423238077,5.80068457,Solved
L?AAD@OM@KJ_iG,20,5,5.7115283869,0.7115283869,1.1423056774,5.80621616,Solved
L?AAD?Ws@SBWHk,21,5,5.7115267266,0.7115267266,1.1423053453,5.80510758,Solved
L?AAD?sYCSL_CU,21,5,5.7114178873,0.7114178873,1.1422835775,5.80002699,Solved
L?AA@aHi@oI_Ck,20,5,5.7111404721,0.7111404721,1.1422280944,5.81866268,Solved
L?AAD?oT@sAw}?,22,5,5.7111102836,0.7111102836,1.1422220567,5.80861105,Solved
L?AADAoMAgHgAi,21,5,5.7107356920,0.7107356920,1.1421471384,5.80698608,Solved
L?AADAoU?[M_RO,21,5,5.7105918822,0.7105918822,1.1421183764,5.81454412,Solved
L?AA@AWT@SBgEo,20,5,5.7105720731,0.7105720731,1.1421144146,5.81939904,Solved
L?AADAoU?[FOFo,22,5,5.7105221134,0.7105221134,1.1421044227,5.80563833,Solved
L?AADAoMAWBgJ_,21,5,5.7104950385,0.7104950385,1.1420990077,5.80567502,Solved
L?AAD@OM@K@kk_,20,5,5.7104603449,0.7104603449,1.1420920690,5.80010096,Solved
L?AAD@oIagUOAY,21,5,5.7104538283,0.7104538283,1.1420907657,5.80644049,Solved
L?AADb_E_\N?V?,23,5,5.7102223624,0.7102223624,1.1420444725,5.82812735,Solved
L?AA@AW[DSIgV?,21,5,5.7101224369,0.7101224369,1.1420244874,5.80616907,Solved
L?AADBOKeoDoHg,22,5,5.7101208843,0.7101208843,1.1420241769,5.80790364,Solved
L?AA@AW[?]BoM_,21,5,5.7100245104,0.7100245104,1.1420049021,5.82129417,Solved
L?AAD@oX?wROcc,21,5,5.7097639610,0.7097639610,1.1419527922,5.80686933,Solved
L?AA@BOm?u@we_,22,5,5.7095782216,0.7095782216,1.1419156443,5.81901928,Solved
L?AAD?sY?[AYZ?,21,5,5.7095652666,0.7095652666,1.1419130533,5.80972147,Solved
L?ABAaIeB_F_G[,22,5,5.7094497405,0.7094497405,1.1418899481,5.80732695,Solved
L?AAD?WkAw@wN_,22,5,5.7090112741,0.7090112741,1.1418022548,5.80022836,Solved
L?AADAoY?s@wJ_,21,5,5.7085752778,0.7085752778,1.1417150556,5.81120065,Solved
L?AAF@cM?sBW{?,22,5,5.7084111874,0.7084111874,1.1416822375,5.81006992,Solved
L?AADAoYAWBgBw,22,5,5.7083438063,0.7083438063,1.1416687613,5.80313748,Solved
L?AAD?wTDOboFO,22,5,5.7083285731,0.7083285731,1.1416657146,5.81768895,Solved
L?AADb_J?sN?Bg,22,5,5.7083173650,0.7083173650,1.1416634730,5.86873374,Solved
L?AADBOY@KB_Bg,20,5,5.7083087056,0.7083087056,1.1416617411,5.80490194,Solved
L?AA@bGw?YAok_,20,5,5.7081676008,0.7081676008,1.1416335202,5.80076409,Solved
L?AAD@WHe_dom_,23,5,5.7080787046,0.7080787046,1.1416157409,5.82097110,Solved
L?AAD@OM?mTCL_,21,5,5.7080598782,0.7080598782,1.1416119756,5.80263564,Solved
L?AAD?w[?[Bgk_,21,5,5.7080425738,0.7080425738,1.1416085148,5.80653891,Solved
L?AAD@oIagHgm?,21,5,5.7079566302,0.7079566302,1.1415913260,5.80734710,Solved
L?AADBOY?wDoBg,21,5,5.7079218071,0.7079218071,1.1415843614,5.82341251,Solved
L?AA@aHMBGZ?Hg,21,5,5.7075229457,0.7075229457,1.1415045891,5.82759794,Solved
L?AA@AWTDcHg]?,21,5,5.7074098063,0.7074098063,1.1414819613,5.80086520,Solved
L?AA@aHiBGBON?,20,5,5.7073287941,0.7073287941,1.1414657588,5.80579781,Solved
L?AAD@oK_YJ_u?,21,5,5.7071642050,0.7071642050,1.1414328410,5.80957318,Solved
L?AA@aHw?kN?\?,21,5,5.7069107164,0.7069107164,1.1413821433,5.81944101,Solved
L?AADAoMAWBoBw,22,5,5.7068086967,0.7068086967,1.1413617393,5.81085648,Solved
L?AAD?sXAoROac,21,5,5.7067876449,0.7067876449,1.1413575290,5.82673719,Solved
L?AAD@OIAwCsN_,21,5,5.7066025357,0.7066025357,1.1413205071,5.80735291,Solved
L?AAD@OX@oBoAw,20,5,5.7065124535,0.7065124535,1.1413024907,5.81590154,Solved
L?AAD@OM@KAwi_,20,5,5.7064774411,0.7064774411,1.1412954882,5.80628585,Solved
L?AADBOF@c@wm?,21,5,5.7063919009,0.7063919009,1.1412783802,5.83062794,Solved
L?AAD@OM@KBgi_,20,5,5.7063797249,0.7063797249,1.1412759450,5.80588806,Solved
L?AAD@OJ?sM_ig,21,5,5.7062879630,0.7062879630,1.1412575926,5.80993619,Solved
L?AAD@OJ@sUOVO,22,5,5.7062498306,0.7062498306,1.1412499661,5.81287836,Solved
L?AAD?w[?sN_Bs,23,5,5.7062261354,0.7062261354,1.1412452271,5.80303879,Solved
L?AADBOM?]J_FO,22,5,5.7061168159,0.7061168159,1.1412233632,5.83782119,Solved
L?AADBOY@KB_Bo,20,5,5.7060942331,0.7060942331,1.1412188466,5.80703564,Solved
L?AAD?wX?k@w{?,21,5,5.7060831918,0.7060831918,1.1412166384,5.80341424,Solved
L?AAD?wU?kTOFO,21,5,5.7060741822,0.7060741822,1.1412148364,5.80134558,Solved
L?AADBOF@s@wm?,22,5,5.7060537243,0.7060537243,1.1412107449,5.85546482,Solved
L?AAD@oK_YJ_}?,22,5,5.7059752200,0.7059752200,1.1411950440,5.80576144,Solved
L?AA@aHw?lN?\?,22,5,5.7059694049,0.7059694049,1.1411938810,5.80824383,Solved
L?AADBOJEoFOHg,22,5,5.7058267385,0.7058267385,1.1411653477,5.83557579,Solved
L?AADAoLBo@wF_,22,5,5.7057780883,0.7057780883,1.1411556177,5.82794369,Solved
L?AA@agXCcHg]?,21,5,5.7057400031,0.7057400031,1.1411480006,5.80196543,Solved
L?AA@AW{?{@wM_,22,5,5.7056824693,0.7056824693,1.1411364939,5.82546777,Solved
L?AAD?sXAoUOac,21,5,5.7056572867,0.7056572867,1.1411314573,5.80426282,Solved
L?AADBOIdoBoAw,22,5,5.7056221978,0.7056221978,1.1411244396,5.80251608,Solved
L?AAD@OM@[@wi_,21,5,5.7053699778,0.7053699778,1.1410739956,5.80227733,Solved
L?AADAoLAoHgBw,22,5,5.7053574505,0.7053574505,1.1410714901,5.80515607,Solved
L?AADAoY?sJ_RG,21,5,5.7050723417,0.7050723417,1.1410144683,5.80242374,Solved
L?AADAoY?wIgi_,21,5,5.7049573445,0.7049573445,1.1409914689,5.81870565,Solved
L?AA@aHiBGAoU?,19,5,5.7049045345,0.7049045345,1.1409809069,5.80239964,Solved
L?AA@agXE_BOAs,20,5,5.7048507637,0.7048507637,1.1409701527,5.81798353,Solved
L?AADAoFFOAwM_,22,5,5.7048303483,0.7048303483,1.1409660697,5.83918954,Solved
L?AAD?sY?sL_Ds,22,5,5.7046937232,0.7046937232,1.1409387446,5.81891760,Solved
L?AA@ags?UK`e_,21,5,5.7046695480,0.7046695480,1.1409339096,5.81751541,Solved
L?AAD?sY?sTODs,22,5,5.7046528911,0.7046528911,1.1409305782,5.80112041,Solved
L?AAD@oK_w^?RS,23,5,5.7046047625,0.7046047625,1.1409209525,5.80041987,Solved
L?AA@aHMBHROL_,22,5,5.7045465480,0.7045465480,1.1409093096,5.84202472,Solved
L?AAD?wT?{Bgic,23,5,5.7045421786,0.7045421786,1.1409084357,5.82830516,Solved
L?AAD?w[?[RODo,21,5,5.7045037491,0.7045037491,1.1409007498,5.80112738,Solved
L?AADbGY@WAoLG,21,5,5.7044365063,0.7044365063,1.1408873013,5.80107807,Solved
L?AAD@OI@WBODs,19,5,5.7039117220,0.7039117220,1.1407823444,5.80269221,Solved
L?AAD@OI@gAwAy,20,5,5.7039117182,0.7039117182,1.1407823436,5.80068004,Solved
L?AA@BOq@gDOAq,19,5,5.7039117175,0.7039117175,1.1407823435,5.80311350,Solved
L?AAD@OX@oBOA{,20,5,5.7039117168,0.7039117168,1.1407823434,5.80570189,Solved
L?AA@AWs@c@gJ_,19,5,5.7039117149,0.7039117149,1.1407823430,5.81266749,Solved
L?AA@AWs@c@gFo,20,5,5.7039117147,0.7039117147,1.1407823429,5.80241737,Solved
L?AAD@OI@WBoCs,19,5,5.7039117143,0.7039117143,1.1407823429,5.83475729,Solved
L?AA@AOFAoDOBw,19,5,5.7039117140,0.7039117140,1.1407823428,5.80415939,Solved
L?AA@AOq?sEoDo,19,5,5.7039117121,0.7039117121,1.1407823424,5.80926489,Solved
L?AA@AWs@c@oFo,20,5,5.7039117105,0.7039117105,1.1407823421,5.80605115,Solved
L?AA@AOU?[F_FO,19,5,5.7039117099,0.7039117099,1.1407823420,5.80795371,Solved
L?AA@AOU@SF_TQ,20,5,5.7039117099,0.7039117099,1.1407823420,5.81810208,Solved
L?AAD@OX@oBOAs,19,5,5.7039117091,0.7039117091,1.1407823418,5.83540965,Solved
L?AA@AOU@g@WFO,18,5,5.7039117088,0.7039117088,1.1407823418,5.81030287,Solved
L?AADAoM?wHGBo,20,5,5.7039117087,0.7039117087,1.1407823417,5.86467381,Solved
L?AA@AOU@SIg^?,20,5,5.7039117086,0.7039117086,1.1407823417,5.80079612,Solved
L?AA@BOq@gAgAb,19,5,5.7039117080,0.7039117080,1.1407823416,5.80911877,Solved
L?AA@AWs@c@oEo,19,5,5.7039117077,0.7039117077,1.1407823415,5.82737620,Solved
L?AAD@OI@WBOCs,18,5,5.7039117076,0.7039117076,1.1407823415,5.81721125,Solved
L?AA@AWs@c@gEo,19,5,5.7039117075,0.7039117075,1.1407823415,5.83122185,Solved
L?AA@AOYAgBGDo,18,5,5.7039117074,0.7039117074,1.1407823415,5.80151361,Solved
L?AAD?Ws?sD_HK,19,5,5.7039088474,0.7039088474,1.1407817695,5.80071104,Solved
L?AA@AWs?sD_BS,19,5,5.7039088433,0.7039088433,1.1407817687,5.80042932,Solved
L?AA@AWs?sD_Bs,20,5,5.7039086748,0.7039086748,1.1407817350,5.82401100,Solved
L?AAD?oLAo@oQW,19,5,5.7039001446,0.7039001446,1.1407800289,5.81630890,Solved
L?AAD?WHIoM_ac,20,5,5.7038959764,0.7038959764,1.1407791953,5.82408301,Solved
L?AA@BOi?[AWM_,19,5,5.7038888115,0.7038888115,1.1407777623,5.81135726,Solved
L?AAD@OI?sF_Ds,20,5,5.7038733311,0.7038733311,1.1407746662,5.80217023,Solved
L?AADAoM?wHGEo,20,5,5.7038692830,0.7038692830,1.1407738566,5.81687665,Solved
L?AADAoXAWBOAw,20,5,5.7038685427,0.7038685427,1.1407737085,5.80200168,Solved
L?AAD@Oi@gBODc,19,5,5.7038685398,0.7038685398,1.1407737080,5.80396811,Solved
L?AAD@Oi@gAoAw,19,5,5.7038685363,0.7038685363,1.1407737073,5.80019917,Solved
L?AADAoM?wHGFo,21,5,5.7038671538,0.7038671538,1.1407734308,5.82908604,Solved
L?AA@AOY?kM_QQ,19,5,5.7038640066,0.7038640066,1.1407728013,5.80110422,Solved
L?AAD?oX?sEoAk,20,5,5.7038640057,0.7038640057,1.1407728011,5.82415681,Solved
L?AA@AOY?kBgV?,19,5,5.7038510599,0.7038510599,1.1407702120,5.81323607,Solved
L?AAD@OM@K@s\?,20,5,5.7038424494,0.7038424494,1.1407684899,5.81847827,Solved
L?AAD?wX?sAY]?,21,5,5.7038414199,0.7038414199,1.1407682840,5.80979642,Solved
L?AA@BOTDOEOaS,19,5,5.7038294439,0.7038294439,1.1407658888,5.80482539,Solved
L?AA@aHi@oI_Dk,21,5,5.7038271206,0.7038271206,1.1407654241,5.80314827,Solved
L?AAD@Oi?wFODs,21,5,5.7038115563,0.7038115563,1.1407623113,5.81416686,Solved
L?AAD?oX?sN?Es,21,5,5.7038115554,0.7038115554,1.1407623111,5.80069591,Solved
L?AAD?wT?y\?Do,22,5,5.7038000995,0.7038000995,1.1407600199,5.84132756,Solved
L?AAD?oX?sHgCs,20,5,5.7037616771,0.7037616771,1.1407523354,5.81003819,Solved
L?AAD@WE`g\?Do,21,5,5.7037580186,0.7037580186,1.1407516037,5.83676567,Solved
L?AADAoMAg@WUO,20,5,5.7037540378,0.7037540378,1.1407508076,5.80181317,Solved
L?AA@AWs?sDoBo,20,5,5.7037314118,0.7037314118,1.1407462824,5.83815230,Solved
L?AA@AOU@SF_VO,20,5,5.7037197186,0.7037197186,1.1407439437,5.80415111,Solved
L?AAD?oq?wAwUO,20,5,5.7037188858,0.7037188858,1.1407437772,5.81179896,Solved
L?AAD@Oi?wFOEo,20,5,5.7037028985,0.7037028985,1.1407405797,5.80863929,Solved
L?AA@BOT?sDOUO,19,5,5.7037028961,0.7037028961,1.1407405792,5.80299646,Solved
L?AAD?oq?wAwVO,21,5,5.7036986625,0.7036986625,1.1407397325,5.80471524,Solved
L?AAD@OM@[DS^?,22,5,5.7036933743,0.7036933743,1.1407386749,5.80371841,Solved
L?AAD@Oi?wFOFo,21,5,5.7036933733,0.7036933733,1.1407386747,5.82346729,Solved
L?AAD@OI@WBoDs,20,5,5.7036933687,0.7036933687,1.1407386737,5.82069406,Solved
L?AADAoY?kBgN?,21,5,5.7036785425,0.7036785425,1.1407357085,5.82152411,Solved
L?AADAoMAg@WF_,20,5,5.7036652368,0.7036652368,1.1407330474,5.84614026,Solved
L?AA@BOi?eFOBg,20,5,5.7036515528,0.7036515528,1.1407303106,5.80868711,Solved
L?AADAoY?w@oRO,20,5,5.7036508753,0.7036508753,1.1407301751,5.82005145,Solved
L?AA@AOFAoDoBw,20,5,5.7036342376,0.7036342376,1.1407268475,5.80104157,Solved
L?AADAoMAWBoVO,22,5,5.7036269995,0.7036269995,1.1407253999,5.81301956,Solved
L?AA@AWs?sDoBs,21,5,5.7036256200,0.7036256200,1.1407251240,5.81906183,Solved
L?AAD?oq?wJGDs,21,5,5.7035917251,0.7035917251,1.1407183450,5.80596431,Solved
L?AA@AWs@c@wEo,20,5,5.7035622802,0.7035622802,1.1407124560,5.82814774,Solved
L?AA@AWs?[FOco,20,5,5.7035621461,0.7035621461,1.1407124292,5.80836458,Solved
L?AA@AWs?sDoFO,20,5,5.7034817323,0.7034817323,1.1406963465,5.80340017,Solved
L?AADAoM?wHgEo,21,5,5.7034758908,0.7034758908,1.1406951782,5.83442927,Solved
L?AADAoMAg@WVO,21,5,5.7034687247,0.7034687247,1.1406937449,5.81594791,Solved
L?AA@AWU@gPWM_,20,5,5.7034637710,0.7034637710,1.1406927542,5.81637950,Solved
L?AA@AWs?[fOco,21,5,5.7034550813,0.7034550813,1.1406910163,5.80356980,Solved
L?AAD?w[?YBok_,21,5,5.7034501857,0.7034501857,1.1406900371,5.84720466,Solved
L?AADAoYAiJ_i_,22,5,5.7034468790,0.7034468790,1.1406893758,5.82056981,Solved
L?AE@`HY?wAsu?,22,5,5.7034443029,0.7034443029,1.1406888606,5.80204373,Solved
L?AADBOY@WAoBo,20,5,5.7034307789,0.7034307789,1.1406861558,5.82360056,Solved
L?AADBOY@WAgBg,20,5,5.7033834396,0.7033834396,1.1406766879,5.80873812,Solved
L?AAD@OM@[@sZ?,21,5,5.7033366181,0.7033366181,1.1406673236,5.80279456,Solved
L?AAD@OM@[@s^?,22,5,5.7033280335,0.7033280335,1.1406656067,5.81135458,Solved
L?AA@AWs@WFOcq,21,5,5.7033183074,0.7033183074,1.1406636615,5.81583691,Solved
L?AA@BOi?sBGJg,20,5,5.7032971954,0.7032971954,1.1406594391,5.81428019,Solved
L?AAD@OJEoCsN_,22,5,5.7032863696,0.7032863696,1.1406572739,5.80141685,Solved
L?AA@AWs?sDoFo,21,5,5.7032748338,0.7032748338,1.1406549668,5.80588129,Solved
L?AAD?oLAo@kF_,20,5,5.7032513678,0.7032513678,1.1406502736,5.81610483,Solved
L?AA@_gaQgV?Dc,20,5,5.7032334273,0.7032334273,1.1406466855,5.80179365,Solved
L?AADAoY?wBgM_,21,5,5.7032061560,0.7032061560,1.1406412312,5.80837788,Solved
L?AAD?oU?s@kN?,20,5,5.7032037429,0.7032037429,1.1406407486,5.80713846,Solved
L?AA@ag[?kPHk_,21,5,5.7031134146,0.7031134146,1.1406226829,5.80631417,Solved
L?AA@aHX?k\?]?,21,5,5.7031017484,0.7031017484,1.1406203497,5.82959462,Solved
L?AA@AWs?[FOEo,20,5,5.7030985697,0.7030985697,1.1406197139,5.84062438,Solved
L?AA@AWs?[FOFo,21,5,5.7030985520,0.7030985520,1.1406197104,5.81570954,Solved
L?AA@BWN@kXG]?,23,5,5.7029586003,0.7029586003,1.1405917201,5.83294592,Solved
L?AA@aHw?lM_m?,22,5,5.7029444309,0.7029444309,1.1405888862,5.80468832,Solved
L?AE@`HX@oZ?Hg,22,5,5.7029418881,0.7029418881,1.1405883776,5.80597571,Solved
L?AA@AOTBoTOeO,20,5,5.7029276402,0.7029276402,1.1405855280,5.80133990,Solved
L?AAD?oLAwHKBo,21,5,5.7028872969,0.7028872969,1.1405774594,5.81886105,Solved
L?AAD@oX?wBOec,21,5,5.7028784540,0.7028784540,1.1405756908,5.80160990,Solved
L?AA@aHX?k\?N?,21,5,5.7028639904,0.7028639904,1.1405727981,5.80568993,Solved
L?AADBOY@cB_Bo,20,5,5.7028256399,0.7028256399,1.1405651280,5.81167958,Solved
L?AAD?sY?k@w{?,21,5,5.7028225335,0.7028225335,1.1405645067,5.82011721,Solved
L?AA@AWs?[FOeo,21,5,5.7028114439,0.7028114439,1.1405622888,5.81046260,Solved
L?AADAoY?wBoRO,21,5,5.7027947268,0.7027947268,1.1405589454,5.81029093,Solved
L?AE@`HJ@LZ?m?,23,5,5.7027851060,0.7027851060,1.1405570212,5.80469299,Solved
L?AADAoM?wHgBo,21,5,5.7027819981,0.7027819981,1.1405563996,5.86487263,Solved
L?AADAoM?wHgFo,22,5,5.7027531731,0.7027531731,1.1405506346,5.83274506,Solved
L?AAD@oRFOAwFO,22,5,5.7027385611,0.7027385611,1.1405477122,5.83541112,Solved
L?AAD?wV?m\?FO,23,5,5.7027192277,0.7027192277,1.1405438455,5.85361330,Solved
L?AE@`HY?wAs}?,23,5,5.7026964486,0.7026964486,1.1405392897,5.80055232,Solved
L?AAD@W[@[F_Bs,23,5,5.7026964485,0.7026964485,1.1405392897,5.80446866,Solved
L?AAD@Oi@cAwN_,21,5,5.7026953248,0.7026953248,1.1405390650,5.81586290,Solved
L?AA@AOY?{F_Ds,21,5,5.7026837937,0.7026837937,1.1405367587,5.81689723,Solved
L?AAD@Oi@sAwN_,22,5,5.7026456067,0.7026456067,1.1405291213,5.81079164,Solved
L?AA@aHw@cBOXG,20,5,5.7026431300,0.7026431300,1.1405286260,5.80527374,Solved
L?AAD?oLAo@oRW,20,5,5.7026290022,0.7026290022,1.1405258004,5.80195675,Solved
L?AAD@Oi?{FOFo,22,5,5.7026280642,0.7026280642,1.1405256128,5.81255713,Solved
L?AAD?WHIoQQZ@,21,5,5.7026272595,0.7026272595,1.1405254519,5.80287564,Solved
L?AAD?wX?sAYZ@,22,5,5.7026272594,0.7026272594,1.1405254519,5.80221722,Solved
L?AAD@Oi?sAqN_,21,5,5.7026219979,0.7026219979,1.1405243996,5.80067802,Solved
L?AA@BOJ?{N?Bw,22,5,5.7026190567,0.7026190567,1.1405238113,5.80615120,Solved
L?AA@AWs?[fOEo,21,5,5.7025965087,0.7025965087,1.1405193017,5.82274203,Solved
L?AA@agwAWAoFC,20,5,5.7025801510,0.7025801510,1.1405160302,5.80484472,Solved
L?AADAoMAwBoBW,22,5,5.7025544608,0.7025544608,1.1405108922,5.81511500,Solved
L?AA@AWUBgIgab,22,5,5.7024932872,0.7024932872,1.1404986574,5.80406935,Solved
L?AAD@Oi?{FODs,22,5,5.7024932864,0.7024932864,1.1404986573,5.81829641,Solved
L?AAD@ON@[M_Jg,23,5,5.7024932802,0.7024932802,1.1404986560,5.80408052,Solved
L?AAD_sYCSROXA,22,5,5.7024816736,0.7024816736,1.1404963347,5.85485312,Solved
L?AAD`gDf?boM_,23,5,5.7022258799,0.7022258799,1.1404451760,5.87505223,Solved
L?AAD@oRQwUOm?,23,5,5.7021563824,0.7021563824,1.1404312765,5.83711324,Solved
L?AA@aHiAgFODg,21,5,5.7020376973,0.7020376973,1.1404075395,5.81083019,Solved
L?AAD?sX?sPQ^?,22,5,5.7020022182,0.7020022182,1.1404004436,5.81105136,Solved
L?AADb_L?s@s^?,23,5,5.7018879668,0.7018879668,1.1403775934,5.81228366,Solved
L?AADb_T?s@s^?,23,5,5.7018879664,0.7018879664,1.1403775933,5.80373957,Solved
L?AE@`HM@LZ?Z?,23,5,5.7018879660,0.7018879660,1.1403775932,5.80578482,Solved
L?AAD?Ws@W@wk_,20,5,5.7017316054,0.7017316054,1.1403463211,5.80605947,Solved
L?AA@AWs@[FOco,21,5,5.7017179883,0.7017179883,1.1403435977,5.81372502,Solved
L?AAD?WkAYM_Bs,22,5,5.7017131065,0.7017131065,1.1403426213,5.80036168,Solved
L?AADBOY@WAgAh,20,5,5.7016652047,0.7016652047,1.1403330409,5.80082103,Solved
L?AADBOMDSJ_TO,22,5,5.7016296716,0.7016296716,1.1403259343,5.81192244,Solved
L?AAD?w[AWBoBc,21,5,5.7014247324,0.7014247324,1.1402849465,5.80266468,Solved
L?AADbGY@WAoHg,21,5,5.7013920502,0.7013920502,1.1402784100,5.82008990,Solved
L?AAD@oI_iJ_m?,21,5,5.7013198852,0.7013198852,1.1402639770,5.83365808,Solved
L?AADAoT@sHgN?,22,5,5.7013196372,0.7013196372,1.1402639274,5.83910532,Solved
L?AAD@oVAiTOm?,23,5,5.7013192279,0.7013192279,1.1402638456,5.84323681,Solved
L?AAD?wLEOAhk_,21,5,5.7012814520,0.7012814520,1.1402562904,5.80081288,Solved
L?AAD@oTDoTOVO,23,5,5.7012636767,0.7012636767,1.1402527353,5.80349499,Solved
L?AA@AWTDSN?eO,21,5,5.7012541955,0.7012541955,1.1402508391,5.80297221,Solved
L?AADAoFBoHgF_,22,5,5.7011218238,0.7011218238,1.1402243648,5.81778634,Solved
L?AAD?w[?]ROEo,22,5,5.7009437995,0.7009437995,1.1401887599,5.80732164,Solved
L?AAD?w[?{J_BS,22,5,5.7008668412,0.7008668412,1.1401733682,5.80996669,Solved
L?AADAoU@sHgZ?,22,5,5.7008320461,0.7008320461,1.1401664092,5.81583386,Solved
L?AAD?Ws@WUOBs,21,5,5.7005961277,0.7005961277,1.1401192255,5.80007657,Solved
L?AADAoU?]F_RO,22,5,5.7005885590,0.7005885590,1.1401177118,5.80692347,Solved
L?AAD?oU?[TOTO,20,5,5.7005739901,0.7005739901,1.1401147980,5.81216036,Solved
L?AAD@OM@KPS\?,20,5,5.7005739881,0.7005739881,1.1401147976,5.81055665,Solved
L?AAD?oFBWHKL_,21,5,5.7005739837,0.7005739837,1.1401147967,5.80561864,Solved
L?AAD?wU?kHgk_,21,5,5.7005739808,0.7005739808,1.1401147962,5.83133754,Solved
L?AAD?wLEOAwi_,21,5,5.7005193214,0.7005193214,1.1401038643,5.80673767,Solved
L?AADAoY?[HgN?,21,5,5.7004487991,0.7004487991,1.1400897598,5.80270578,Solved
L?AADBOY@WAoBg,20,5,5.7004286086,0.7004286086,1.1400857217,5.80160168,Solved
L?AADAoXAW@Wi_,20,5,5.7004203797,0.7004203797,1.1400840759,5.84932547,Solved
L?AAD@OXCcAwak,21,5,5.7004203792,0.7004203792,1.1400840758,5.82691051,Solved
L?AAD?WkAaKcZ?,20,5,5.7004203770,0.7004203770,1.1400840754,5.81853723,Solved
L?AAD?Wk@WJGXG,20,5,5.7004203766,0.7004203766,1.1400840753,5.80583654,Solved
L?AA@AOq@sEoRG,20,5,5.7004203759,0.7004203759,1.1400840752,5.83214766,Solved
L?AAD@oXCcAwi_,21,5,5.7004203756,0.7004203756,1.1400840751,5.81576415,Solved
L?AADBOQPoB_HK,20,5,5.7004203748,0.7004203748,1.1400840750,5.84949799,Solved
L?AAD?oeBGHgqG,20,5,5.7004203746,0.7004203746,1.1400840749,5.81479964,Solved
L?AA@AOTBoTOJg,21,5,5.7004203742,0.7004203742,1.1400840748,5.81861530,Solved
L?AA@AOUDS@s\?,20,5,5.7004203739,0.7004203739,1.1400840748,5.81117933,Solved
L?AA@AODEoLCJ_,19,5,5.7004203733,0.7004203733,1.1400840747,5.80111295,Solved
L?AAD@oXCcAwV?,21,5,5.7004203733,0.7004203733,1.1400840747,5.84675048,Solved
L?AAD?WHM_L_TO,20,5,5.7004203731,0.7004203731,1.1400840746,5.85187896,Solved
L?AA@AOy@sEoZG,22,5,5.7004203731,0.7004203731,1.1400840746,5.81761685,Solved
L?AA@AOY@SI_Dc,18,5,5.7004203731,0.7004203731,1.1400840746,5.81680038,Solved
L?AA@AOT?k\?JG,19,5,5.7004203730,0.7004203730,1.1400840746,5.81484536,Solved
L?AA@BOi@c@oTC,19,5,5.7004203729,0.7004203729,1.1400840746,5.85057482,Solved
L?AA@AOYAgTOBg,19,5,5.7004203724,0.7004203724,1.1400840745,5.83407930,Solved
L?AAD@oXCcAw}?,22,5,5.7004203724,0.7004203724,1.1400840745,5.82534835,Solved
L?AAD@oXCcAwm?,21,5,5.7004203722,0.7004203722,1.1400840744,5.83697677,Solved
L?AA@AOQAgTOBg,18,5,5.7004203721,0.7004203721,1.1400840744,5.81790671,Solved
L?AAD@oXCcAw^?,22,5,5.7004203721,0.7004203721,1.1400840744,5.84299251,Solved
L?AA@AOq@gFOAi,19,5,5.7004203720,0.7004203720,1.1400840744,5.82695542,Solved
L?AA@AOU@gTOBg,19,5,5.7004203719,0.7004203719,1.1400840744,5.81991867,Solved
L?AAD@OXCcAw]?,20,5,5.7004203716,0.7004203716,1.1400840743,5.85411437,Solved
L?AA@AOQAgTOJg,19,5,5.7004203712,0.7004203712,1.1400840742,5.81481773,Solved
L?AA@AOU@gPOBg,18,5,5.7004203711,0.7004203711,1.1400840742,5.83746773,Solved
L?AAD?oqAaB_HE,19,5,5.7004203711,0.7004203711,1.1400840742,5.83754028,Solved
L?AA@BORDODoKc,20,5,5.7004203711,0.7004203711,1.1400840742,5.84418084,Solved
L?AAD@OXCcAw^?,21,5,5.7004203709,0.7004203709,1.1400840742,5.84720791,Solved
L?AA@AOq@gFORG,19,5,5.7004203706,0.7004203706,1.1400840741,5.84169673,Solved
L?AAD@oXCcAwm_,22,5,5.7004203705,0.7004203705,1.1400840741,5.82927627,Solved
L?AA@AOTCsL_Ig,20,5,5.7004203705,0.7004203705,1.1400840741,5.82563549,Solved
L?AA@AOq@sEoZG,21,5,5.7004203705,0.7004203705,1.1400840741,5.82649322,Solved
L?AA@AOU@gPOQI,18,5,5.7004203705,0.7004203705,1.1400840741,5.81881469,Solved
L?AAD@OXCcAw}?,21,5,5.7004203705,0.7004203705,1.1400840741,5.83947311,Solved
L?AA@BOi?[FOTC,20,5,5.7004203704,0.7004203704,1.1400840741,5.83921884,Solved
L?AA@AOUDSM_Jg,21,5,5.7004203703,0.7004203703,1.1400840741,5.81072639,Solved
L?AA@AWs@cDoRA,20,5,5.7004203703,0.7004203703,1.1400840741,5.83973949,Solved
L?AA@BOi?sDoTC,20,5,5.7004203703,0.7004203703,1.1400840741,5.83227230,Solved
L?AA@AOQAgPOJg,18,5,5.7004203702,0.7004203702,1.1400840740,5.81066368,Solved
L?AAD@OXCcAwaK,20,5,5.7004203701,0.7004203701,1.1400840740,5.82392735,Solved
L?AA@BOi?sM_JG,20,5,5.7004203700,0.7004203700,1.1400840740,5.82878745,Solved
L?AAD@oXCcAwN_,22,5,5.7004203699,0.7004203699,1.1400840740,5.82534539,Solved
L?AAD@oXCcAw]?,21,5,5.7004203698,0.7004203698,1.1400840740,5.83400742,Solved
L?AAD?WkAaD_XG,19,5,5.7004203694,0.7004203694,1.1400840739,5.81005021,Solved
L?AA@AWs@c@oRA,19,5,5.7004203693,0.7004203693,1.1400840739,5.83712375,Solved
L?AAD@oXCcAwe_,21,5,5.7004203692,0.7004203692,1.1400840738,5.84896609,Solved
L?AAD@oXCcAwM_,21,5,5.7004203689,0.7004203689,1.1400840738,5.82821388,Solved
L?AAD@OXCcAwac,20,5,5.7004203687,0.7004203687,1.1400840737,5.82234686,Solved
L?AAD@oXCcAwJ_,21,5,5.7004203686,0.7004203686,1.1400840737,5.80831250,Solved
L?AAD@oXCcAwy?,21,5,5.7004203686,0.7004203686,1.1400840737,5.82209078,Solved
L?AA@AOq?sEoZG,20,5,5.7004203685,0.7004203685,1.1400840737,5.82236182,Solved
L?AAD@oXCcAwu?,21,5,5.7004203685,0.7004203685,1.1400840737,5.82692466,Solved
L?AA@AOq?sEoRG,19,5,5.7004203684,0.7004203684,1.1400840737,5.81950347,Solved
L?AAD@oXCcAwF_,21,5,5.7004203684,0.7004203684,1.1400840737,5.84183985,Solved
L?AA@AOU@gDoQI,19,5,5.7004203682,0.7004203682,1.1400840736,5.82174024,Solved
L?AA@BOTDOFOJG,20,5,5.7004203681,0.7004203681,1.1400840736,5.84144248,Solved
L?AA@AOU@gPOJg,19,5,5.7004203680,0.7004203680,1.1400840736,5.82998675,Solved
L?AAD@oXCcAwFo,22,5,5.7004203679,0.7004203679,1.1400840736,5.84127436,Solved
L?AA@AOq@gFOZG,20,5,5.7004203676,0.7004203676,1.1400840735,5.83079405,Solved
L?AAD@OXCcAwm_,21,5,5.7004203675,0.7004203675,1.1400840735,5.82553386,Solved
L?AA@BOTDOBGJG,19,5,5.7004203674,0.7004203674,1.1400840735,5.84109098,Solved
L?AAD@oXCc@oDo,20,5,5.7004203673,0.7004203673,1.1400840735,5.82619305,Solved
L?AAD@OXCcAwRO,20,5,5.7004203670,0.7004203670,1.1400840734,5.81004093,Solved
L?AAD@OXCcAwFO,20,5,5.7004203670,0.7004203670,1.1400840734,5.82356236,Solved
L?AAD?cSCcAwm_,20,5,5.7004203666,0.7004203666,1.1400840733,5.80253673,Solved
L?AAD@OXCcAwec,21,5,5.7004203664,0.7004203664,1.1400840733,5.81676493,Solved
L?AAD@OXCcAwVO,21,5,5.7004203664,0.7004203664,1.1400840733,5.80227802,Solved
L?AAD@OICcBGAY,18,5,5.7004203664,0.7004203664,1.1400840733,5.80260165,Solved
L?AA@AOUAgPOJg,19,5,5.7004203663,0.7004203663,1.1400840733,5.81634470,Solved
L?AA@AOYAgEoIa,19,5,5.7004203663,0.7004203663,1.1400840733,5.80661832,Solved
L?AAD?cSCcAwe_,19,5,5.7004203663,0.7004203663,1.1400840733,5.80883072,Solved
L?AA@AOYAgTOJg,20,5,5.7004203662,0.7004203662,1.1400840732,5.82520636,Solved
L?AA@AODBOTOJg,19,5,5.7004203661,0.7004203661,1.1400840732,5.80454084,Solved
L?AA@BOTDOBGA[,19,5,5.7004203661,0.7004203661,1.1400840732,5.82902950,Solved
L?AA@AOYAgXGRW,20,5,5.7004203660,0.7004203660,1.1400840732,5.80395276,Solved
L?AAD@OL@cHgBw,21,5,5.7004203660,0.7004203660,1.1400840732,5.80206766,Solved
L?AA@AODBOTOBg,18,5,5.7004203660,0.7004203660,1.1400840732,5.80205208,Solved
L?AA@AOYAgPGRW,19,5,5.7004203659,0.7004203659,1.1400840732,5.81972084,Solved
L?AA@AOTBoXGRW,21,5,5.7004203659,0.7004203659,1.1400840732,5.81452131,Solved
L?AAD@OXCcAwu?,20,5,5.7004203659,0.7004203659,1.1400840732,5.81391566,Solved
L?AA@AOYAgPGBW,18,5,5.7004203658,0.7004203658,1.1400840732,5.82877307,Solved
L?AA@AOYDSM_Jg,21,5,5.7004203658,0.7004203658,1.1400840732,5.82109820,Solved
L?AAD?WHJ_Aocc,19,5,5.7004203658,0.7004203658,1.1400840732,5.82458210,Solved
L?AA@AOq@gHcTO,19,5,5.7004203658,0.7004203658,1.1400840732,5.81481195,Solved
L?AA@AOU@gDoaa,19,5,5.7004203658,0.7004203658,1.1400840732,5.82747150,Solved
L?AAD@OXCcAwe_,20,5,5.7004203658,0.7004203658,1.1400840732,5.83434857,Solved
L?AAD@OXCcAwN_,21,5,5.7004203657,0.7004203657,1.1400840731,5.80995898,Solved
L?AA@AOq@gDci_,19,5,5.7004203657,0.7004203657,1.1400840731,5.81212359,Solved
L?AAD@OXCcAwy?,20,5,5.7004203657,0.7004203657,1.1400840731,5.83592010,Solved
L?AA@AOU@gTOJg,20,5,5.7004203657,0.7004203657,1.1400840731,5.81187363,Solved
L?AA@AOU@g@oaa,18,5,5.7004203657,0.7004203657,1.1400840731,5.83146619,Solved
L?AAD@OXCcDoDo,20,5,5.7004203656,0.7004203656,1.1400840731,5.80981806,Solved
L?AAD@OXCcAwFo,21,5,5.7004203656,0.7004203656,1.1400840731,5.83650156,Solved
L?AA@AOUAgTOJg,20,5,5.7004203656,0.7004203656,1.1400840731,5.82702629,Solved
L?AA@AOYAgBGAY,18,5,5.7004203656,0.7004203656,1.1400840731,5.80970960,Solved
L?AAD@OXCcDoHg,20,5,5.7004203656,0.7004203656,1.1400840731,5.83866662,Solved
L?AAD@OXCcAwV?,20,5,5.7004203656,0.7004203656,1.1400840731,5.83627906,Solved
L?AAD?cSCcAw^?,20,5,5.7004203655,0.7004203655,1.1400840731,5.81892784,Solved
L?AA@AOUAgTOBg,19,5,5.7004203655,0.7004203655,1.1400840731,5.82446012,Solved
L?AA@AOYAgRGQW,19,5,5.7004203654,0.7004203654,1.1400840731,5.81182257,Solved
L?AAD?cSCcAw}?,20,5,5.7004203652,0.7004203652,1.1400840730,5.81552602,Solved
L?AA@BOTDOEOJG,19,5,5.7004203652,0.7004203652,1.1400840730,5.82826969,Solved
L?AADBOY@gAoBg,20,5,5.7003589686,0.7003589686,1.1400717937,5.80390712,Solved
L?AAD?oX?sJ_Cs,20,5,5.7003342926,0.7003342926,1.1400668585,5.81716411,Solved
L?AA@AWs@WBWM_,20,5,5.7003184167,0.7003184167,1.1400636833,5.81298221,Solved
L?AA@AWs@[BWM_,21,5,5.7003055106,0.7003055106,1.1400611021,5.81622297,Solved
L?AAD?wT?m\?UO,22,5,5.7003004039,0.7003004039,1.1400600808,5.80984163,Solved
L?AAD@OLBoDoBw,22,5,5.7002263637,0.7002263637,1.1400452727,5.80947965,Solved
L?AAD@WK_YfOF_,22,5,5.7002033381,0.7002033381,1.1400406676,5.80586888,Solved
L?AAD@OL@cHgu?,20,5,5.7000870930,0.7000870930,1.1400174186,5.80308226,Solved
L?AAD@OL@LZ?i_,21,5,5.7000054621,0.7000054621,1.1400010924,5.80360868,Solved
L?AA@aHiAgN?Ck,21,5,5.6999355225,0.6999355225,1.1399871045,5.81554402,Solved
L?AAD@oI_wHgm?,21,5,5.6998460096,0.6998460096,1.1399692019,5.80961904,Solved
L?AA@aHMBHRO{?,22,5,5.6998289482,0.6998289482,1.1399657896,5.80421951,Solved
L?AAD?oq?kBg^?,21,5,5.6997626172,0.6997626172,1.1399525234,5.80390011,Solved
L?AAD@oI_wHgk_,21,5,5.6997399622,0.6997399622,1.1399479924,5.81997436,Solved
L?AA@AWs@WFOeo,21,5,5.6996535513,0.6996535513,1.1399307103,5.80797240,Solved
L?AAD?oXAwBWCs,21,5,5.6996167021,0.6996167021,1.1399233404,5.80593204,Solved
L?AA@AWs@[FOeo,22,5,5.6995979112,0.6995979112,1.1399195822,5.80113810,Solved
L?AAD@oI_w\?Bg,21,5,5.6995645174,0.6995645174,1.1399129035,5.80110072,Solved
L?AAD@OM@KJ_ig,21,5,5.6994777498,0.6994777498,1.1398955500,5.80119515,Solved
L?AADBOY@W@oFO,20,5,5.6994312191,0.6994312191,1.1398862438,5.80435500,Solved
L?AAD?w[?k@i\?,21,5,5.6993933991,0.6993933991,1.1398786798,5.80273385,Solved
L?AAD@OM@[J_ig,22,5,5.6993417984,0.6993417984,1.1398683597,5.82679099,Solved
L?AADBOQPoB_k_,20,5,5.6993018690,0.6993018690,1.1398603738,5.80819868,Solved
L?AADAoY?s@wN_,22,5,5.6992292234,0.6992292234,1.1398458447,5.81568403,Solved
L?AAD?w[?UBok_,21,5,5.6991657285,0.6991657285,1.1398331457,5.80545720,Solved
L?AA@agT?UfOL_,22,5,5.6991647161,0.6991647161,1.1398329432,5.81138927,Solved
L?AA@AWT@SEoaS,20,5,5.6991064863,0.6991064863,1.1398212973,5.80245507,Solved
L?AADAoMAgHgL_,21,5,5.6990829605,0.6990829605,1.1398165921,5.80539594,Solved
L?AADAoU@wHgAw,22,5,5.6990770799,0.6990770799,1.1398154160,5.80974470,Solved
L?AAD?w[?k@wk_,21,5,5.6990586703,0.6990586703,1.1398117341,5.80482078,Solved
L?AADAoY?wHcm_,22,5,5.6990237107,0.6990237107,1.1398047421,5.80042743,Solved
L?AAD?oX?sEoA{,21,5,5.6989759278,0.6989759278,1.1397951856,5.81781482,Solved
L?AAD@OM@KM_ig,21,5,5.6989691860,0.6989691860,1.1397938372,5.81027556,Solved
L?AAD@OI?{M_Bw,21,5,5.6989544558,0.6989544558,1.1397908912,5.80222725,Solved
L?AADAoLAoHgA{,22,5,5.6988983543,0.6988983543,1.1397796709,5.80511953,Solved
L?AADAoXAWBGAw,20,5,5.6987756253,0.6987756253,1.1397551251,5.80636734,Solved
L?AAD?oq?wAwi_,20,5,5.6987368383,0.6987368383,1.1397473677,5.81003990,Solved
L?AA@BOTDOAWk_,19,5,5.6987195906,0.6987195906,1.1397439181,5.82853014,Solved
L?AA@AOU?kDOYI,19,5,5.6987195882,0.6987195882,1.1397439176,5.81223398,Solved
L?AA@BOR@cM_Cs,20,5,5.6987195873,0.6987195873,1.1397439175,5.81548558,Solved
L?AA@BOTDOAXk_,20,5,5.6987195861,0.6987195861,1.1397439172,5.83063728,Solved
L?AA@AOq@gDcm_,20,5,5.6987195853,0.6987195853,1.1397439171,5.81172269,Solved
L?AA@BOT@cPWco,20,5,5.6987195853,0.6987195853,1.1397439171,5.81433953,Solved
L?AAD@OI@gQQDs,20,5,5.6987195851,0.6987195851,1.1397439170,5.81261434,Solved
L?AAD@OICcAqXA,19,5,5.6987195850,0.6987195850,1.1397439170,5.80253966,Solved
L?AA@AOFBOTOJg,20,5,5.6987195850,0.6987195850,1.1397439170,5.81313354,Solved
L?AA@BOTDOEOJg,20,5,5.6987195845,0.6987195845,1.1397439169,5.83765779,Solved
L?AAD?oqAaD_HE,19,5,5.6987195841,0.6987195841,1.1397439168,5.80450658,Solved
L?AA@BOi@cB_TC,19,5,5.6987195840,0.6987195840,1.1397439168,5.83023539,Solved
L?AA@AOq@gIgRW,20,5,5.6987195837,0.6987195837,1.1397439167,5.81974295,Solved
L?AAD?Ws?eCck_,19,5,5.6987195836,0.6987195836,1.1397439167,5.82525098,Solved
L?AA@BOi@c@s\?,20,5,5.6987195831,0.6987195831,1.1397439166,5.81988581,Solved
L?AA@AOqAgDOZG,19,5,5.6987195830,0.6987195830,1.1397439166,5.80728202,Solved
L?AA@AOeAgLCAY,19,5,5.6987195828,0.6987195828,1.1397439166,5.80708518,Solved
L?AA@AOT?kT?ZG,19,5,5.6987195827,0.6987195827,1.1397439165,5.80704864,Solved
L?AAD@OX@cBgCs,20,5,5.6987195827,0.6987195827,1.1397439165,5.81708010,Solved
L?AAD@OX@cCsec,21,5,5.6987195825,0.6987195825,1.1397439165,5.81436118,Solved
L?AA@AOq@W@gi_,18,5,5.6987195818,0.6987195818,1.1397439164,5.81346216,Solved
L?AAD@OI@cBGCs,18,5,5.6987195817,0.6987195817,1.1397439163,5.80344333,Solved
L?AA@BOTDOHgaS,20,5,5.6987195816,0.6987195816,1.1397439163,5.81359048,Solved
L?AA@AOY@SBGQW,18,5,5.6987195814,0.6987195814,1.1397439163,5.81117043,Solved
L?AAD@OX@cCsRA,20,5,5.6987195814,0.6987195814,1.1397439163,5.80615910,Solved
L?AAD@OX@cTCCt,21,5,5.6987195813,0.6987195813,1.1397439163,5.81659688,Solved
L?AA@AOqAgDORG,18,5,5.6987195812,0.6987195812,1.1397439162,5.80393929,Solved
L?AAD@OX@cCs}?,21,5,5.6987195810,0.6987195810,1.1397439162,5.81904255,Solved
L?AAD?oqAaL_HE,20,5,5.6987195810,0.6987195810,1.1397439162,5.82230126,Solved
L?AA@BORDO@sqO,20,5,5.6987195809,0.6987195809,1.1397439162,5.81058251,Solved
L?AAD@OX@cCsak,21,5,5.6987195806,0.6987195806,1.1397439161,5.80902953,Solved
L?AA@?Oq@WROFo,19,5,5.6987195805,0.6987195805,1.1397439161,5.80312859,Solved
L?AA@BOi?eIak_,20,5,5.6987195803,0.6987195803,1.1397439161,5.83671663,Solved
L?AA@AOq@gDoaa,19,5,5.6987195803,0.6987195803,1.1397439161,5.80091072,Solved
L?AA@AOq@gHcDS,19,5,5.6987195802,0.6987195802,1.1397439160,5.81316991,Solved
L?AA@AOq@gDcaa,19,5,5.6987195799,0.6987195799,1.1397439160,5.80002858,Solved
L?AA@AOU@SEoTA,19,5,5.6987195799,0.6987195799,1.1397439160,5.81715929,Solved
L?AA@AOeAgDCN_,19,5,5.6987195798,0.6987195798,1.1397439160,5.81319493,Solved
L?AAD@Oi@gAWk_,19,5,5.6987195796,0.6987195796,1.1397439159,5.80226851,Solved
L?AA@BORCcE_TO,19,5,5.6987195796,0.6987195796,1.1397439159,5.80154587,Solved
L?AA@AOq?wDOZG,19,5,5.6987195796,0.6987195796,1.1397439159,5.80343832,Solved
L?AA@BOTDO@gJG,19,5,5.6987195795,0.6987195795,1.1397439159,5.81604593,Solved
L?AA@BOR@cDSy?,20,5,5.6987195793,0.6987195793,1.1397439159,5.82874517,Solved
L?AA@_gaU_HgTC,20,5,5.6987195792,0.6987195792,1.1397439158,5.81714663,Solved
L?AA@AOq@gDce_,19,5,5.6987195791,0.6987195791,1.1397439158,5.81447546,Solved
L?AAD@OX@cCsBY,21,5,5.6987195791,0.6987195791,1.1397439158,5.82367645,Solved
L?AAD@Oi@gAWHH,19,5,5.6987195791,0.6987195791,1.1397439158,5.81888769,Solved
L?AAD@OX@cCsA],21,5,5.6987195790,0.6987195790,1.1397439158,5.81858008,Solved
L?AA@AOQ?wTOJg,19,5,5.6987195790,0.6987195790,1.1397439158,5.81004913,Solved
L?AA@AOY?kTOJg,20,5,5.6987195790,0.6987195790,1.1397439158,5.81540976,Solved
L?AA@AOYAgFOIi,20,5,5.6987195788,0.6987195788,1.1397439158,5.80468314,Solved
L?AA@BOT@c@Wco,19,5,5.6987195788,0.6987195788,1.1397439158,5.81307626,Solved
L?AA@AOq@gHcVO,20,5,5.6987195788,0.6987195788,1.1397439158,5.81494136,Solved
L?AA@BOT@cTODo,20,5,5.6987195788,0.6987195788,1.1397439158,5.80922791,Solved
L?AAD@OI@gAYk_,19,5,5.6987195787,0.6987195787,1.1397439157,5.82551045,Solved
L?AA@AOU?kDOQI,18,5,5.6987195787,0.6987195787,1.1397439157,5.81402928,Solved
L?AA@BOi@cL_Jg,21,5,5.6987195787,0.6987195787,1.1397439157,5.80893454,Solved
L?AA@BOi@cIgCs,20,5,5.6987195786,0.6987195786,1.1397439157,5.83683320,Solved
L?AA@BORCcE_Do,19,5,5.6987195786,0.6987195786,1.1397439157,5.80566440,Solved
L?AA@BOq@gAgk_,19,5,5.6987195786,0.6987195786,1.1397439157,5.81095780,Solved
L?AAD@OX@cCsRQ,21,5,5.6987195786,0.6987195786,1.1397439157,5.81998632,Solved
L?AA@AOq@gDoZG,20,5,5.6987195783,0.6987195783,1.1397439157,5.81059408,Solved
L?AA@BOi@cH_Jg,20,5,5.6987195782,0.6987195782,1.1397439156,5.82190001,Solved
L?AA@BOi@cH_Bg,19,5,5.6987195782,0.6987195782,1.1397439156,5.84986409,Solved
L?AAD@OX@cFOCs,20,5,5.6987195782,0.6987195782,1.1397439156,5.81410666,Solved
L?AA@AOTBoHKuO,21,5,5.6987195781,0.6987195781,1.1397439156,5.80328574,Solved
L?AAD@OX@cCsm_,21,5,5.6987195780,0.6987195780,1.1397439156,5.82835814,Solved
L?AAD@OXCoHgaK,20,5,5.6987195779,0.6987195779,1.1397439156,5.81955315,Solved
L?AAD?oEEPM_RW,21,5,5.6987089068,0.6987089068,1.1397417814,5.82571873,Solved
L?AA@AOU@[LCm_,21,5,5.6987089060,0.6987089060,1.1397417812,5.82770865,Solved
L?AAD?oeBGHKVO,21,5,5.6987089058,0.6987089058,1.1397417812,5.80304451,Solved
L?AA@AOq?sL_Lc,20,5,5.6987089055,0.6987089055,1.1397417811,5.82258142,Solved
L?AA@AOTDoDSN_,21,5,5.6987089052,0.6987089052,1.1397417810,5.82716183,Solved
L?AADAoX?eROL_,21,5,5.6987089047,0.6987089047,1.1397417809,5.83394417,Solved
L?AAD?WkAaD_HI,19,5,5.6987089047,0.6987089047,1.1397417809,5.82768713,Solved
L?AA@AOUAgDoia,20,5,5.6987089046,0.6987089046,1.1397417809,5.82864547,Solved
L?AADAoX?eEoBw,22,5,5.6987089045,0.6987089045,1.1397417809,5.83211252,Solved
L?AA@agkAgXGRC,21,5,5.6987089044,0.6987089044,1.1397417809,5.82671970,Solved
L?AAD@oX?kPScc,21,5,5.6987089043,0.6987089043,1.1397417809,5.80991372,Solved
L?AAD?Ws@WIgHK,20,5,5.6987089041,0.6987089041,1.1397417808,5.83647529,Solved
L?AAD?Ws?kCsTO,20,5,5.6987089040,0.6987089040,1.1397417808,5.80313624,Solved
L?AA@AWsAWEOJc,20,5,5.6987089039,0.6987089039,1.1397417808,5.84415873,Solved
L?AADBOY@K@oQQ,20,5,5.6987089037,0.6987089037,1.1397417807,5.85196782,Solved
L?AAD?WsBHL_VO,22,5,5.6987089036,0.6987089036,1.1397417807,5.81869110,Solved
L?AA@AOeAgDSZG,20,5,5.6987089035,0.6987089035,1.1397417807,5.82863178,Solved
L?AA@AWs@cL_Jc,21,5,5.6987089035,0.6987089035,1.1397417807,5.83071037,Solved
L?AADAoX?eJ_TO,21,5,5.6987089028,0.6987089028,1.1397417806,5.82424526,Solved
L?AA@aHiB_BOCk,20,5,5.6987089026,0.6987089026,1.1397417805,5.84319449,Solved
L?AADBOQPgF?HK,20,5,5.6987089025,0.6987089025,1.1397417805,5.83775050,Solved
L?AA@AOU@TM_m_,21,5,5.6987089024,0.6987089024,1.1397417805,5.81539583,Solved
L?AA@AOUAg@oia,19,5,5.6987089024,0.6987089024,1.1397417805,5.82332944,Solved
L?AA@AOeAg@SN_,19,5,5.6987089023,0.6987089023,1.1397417805,5.82028815,Solved
L?AA@BOq?wEOBH,19,5,5.6987089023,0.6987089023,1.1397417805,5.81772100,Solved
L?AAD@oX?kZ?cc,21,5,5.6987089022,0.6987089022,1.1397417804,5.84168255,Solved
L?AAD?WkAaL_BE,20,5,5.6987089022,0.6987089022,1.1397417804,5.82212799,Solved
L?AA@BOTDOFOJg,21,5,5.6987089020,0.6987089020,1.1397417804,5.83973391,Solved
L?AAD?oqAXIg^?,22,5,5.6987089018,0.6987089018,1.1397417804,5.81651472,Solved
L?AADBOY@KAgk_,20,5,5.6987089018,0.6987089018,1.1397417804,5.80505811,Solved
L?AA@AWT@cL_aE,20,5,5.6987089017,0.6987089017,1.1397417803,5.80401807,Solved
L?AA@AOU@wTOJg,21,5,5.6987089017,0.6987089017,1.1397417803,5.82650799,Solved
L?AADAoX?eJ_L_,21,5,5.6987089017,0.6987089017,1.1397417803,5.81223039,Solved
L?AADBOY@KAg\?,20,5,5.6987089016,0.6987089016,1.1397417803,5.82160567,Solved
L?AAD@oX?kFOcc,21,5,5.6987089015,0.6987089015,1.1397417803,5.82321052,Solved
L?AADAoX?eEoac,21,5,5.6987089015,0.6987089015,1.1397417803,5.82563217,Solved
L?AA@BOR@cV?Bg,20,5,5.6987089015,0.6987089015,1.1397417803,5.84867477,Solved
L?AADAoX?eEoRW,22,5,5.6987089014,0.6987089014,1.1397417803,5.83800158,Solved
L?AA@BOLDSN?Jg,22,5,5.6987089012,0.6987089012,1.1397417802,5.83166751,Solved
L?AADAoX?eEoeC,21,5,5.6987089012,0.6987089012,1.1397417802,5.83406173,Solved
L?AA@BOi?wFOTC,20,5,5.6987089011,0.6987089011,1.1397417802,5.83592991,Solved
L?AA@AOFAoTOJg,20,5,5.6987089010,0.6987089010,1.1397417802,5.83562542,Solved
L?AAD?oLAoXCRW,21,5,5.6987089008,0.6987089008,1.1397417802,5.84219429,Solved
L?AADAoX?eEoEo,21,5,5.6987089008,0.6987089008,1.1397417802,5.83624435,Solved
L?AADAoX?eZ?L_,21,5,5.6987089007,0.6987089007,1.1397417801,5.80187626,Solved
L?AA@bGw?YCoga,20,5,5.6987089006,0.6987089006,1.1397417801,5.81736494,Solved
L?AA@BOi?sM_Jg,21,5,5.6987089005,0.6987089005,1.1397417801,5.82903336,Solved
L?AAD?oq?wHcLC,20,5,5.6987089005,0.6987089005,1.1397417801,5.84685190,Solved
L?AADAoX?eEoA{,22,5,5.6987089005,0.6987089005,1.1397417801,5.81350169,Solved
L?AA@AOq@wFOZG,21,5,5.6987089005,0.6987089005,1.1397417801,5.82469796,Solved
L?AAD@oX?kBWcc,21,5,5.6987089005,0.6987089005,1.1397417801,5.82535160,Solved
L?AAD@oX?kROcc,21,5,5.6987089004,0.6987089004,1.1397417801,5.82813361,Solved
L?AA@BOTDOFODa,20,5,5.6987089002,0.6987089002,1.1397417800,5.83143208,Solved
L?AA@AOq@sL_Lc,21,5,5.6987089002,0.6987089002,1.1397417800,5.82136271,Solved
L?AA@AOq?wFOZG,20,5,5.6987089001,0.6987089001,1.1397417800,5.81386824,Solved
L?AAD@oX?kBocc,21,5,5.6987089001,0.6987089001,1.1397417800,5.84660915,Solved
L?AA@AOeAgDSN_,20,5,5.6987089000,0.6987089000,1.1397417800,5.82843643,Solved
L?AA@BOi?wBOTC,19,5,5.6987089000,0.6987089000,1.1397417800,5.83736389,Solved
L?AA@AOy@sL_Jg,22,5,5.6987089000,0.6987089000,1.1397417800,5.82653642,Solved
L?AA@BOi?sM_Bg,20,5,5.6987088999,0.6987088999,1.1397417800,5.82794445,Solved
L?AA@AOFBoTOJg,21,5,5.6987088997,0.6987088997,1.1397417799,5.82169276,Solved
L?AA@AOq@sL_Dc,20,5,5.6987088996,0.6987088996,1.1397417799,5.82093733,Solved
L?AAD@oX?k@[cc,21,5,5.6987088995,0.6987088995,1.1397417799,5.84641875,Solved
L?AAD?WkAaD_BE,19,5,5.6987088995,0.6987088995,1.1397417799,5.84463899,Solved
L?AA@BOR@cV?Jg,21,5,5.6987088995,0.6987088995,1.1397417799,5.84786790,Solved
L?AA@BOq@gFOAi,20,5,5.6987088994,0.6987088994,1.1397417799,5.82919465,Solved
L?AADAoX?eEoFo,22,5,5.6987088994,0.6987088994,1.1397417799,5.82474126,Solved
L?AADAoX?eEoEs,22,5,5.6987088993,0.6987088993,1.1397417799,5.84356661,Solved
L?AA@AOTBoDSm_,21,5,5.6987088993,0.6987088993,1.1397417799,5.82314152,Solved
L?AAD@oIaW@[y?,21,5,5.6987088992,0.6987088992,1.1397417798,5.83325026,Solved
L?AADAoXAWJGCU,21,5,5.6987088992,0.6987088992,1.1397417798,5.83981702,Solved
L?AA@BOT?sT?D`,19,5,5.6987088991,0.6987088991,1.1397417798,5.81324727,Solved
L?AADAoX?eEoqA,21,5,5.6987088991,0.6987088991,1.1397417798,5.83544005,Solved
L?AA@BOT?sT?Jg,20,5,5.6987088989,0.6987088989,1.1397417798,5.83996051,Solved
L?AA@AOTDoDSZG,21,5,5.6987088989,0.6987088989,1.1397417798,5.82655312,Solved
L?AADAoXAWBGeC,20,5,5.6987088989,0.6987088989,1.1397417798,5.85103304,Solved
L?AAD?WHM_L_AU,20,5,5.6987088988,0.6987088988,1.1397417798,5.81927294,Solved
L?AAD?Ws@WKcVO,21,5,5.6987088987,0.6987088987,1.1397417797,5.80861344,Solved
L?AADAoXAWBGCU,20,5,5.6987088986,0.6987088986,1.1397417797,5.83592053,Solved
L?AA@AOy@[EoZG,22,5,5.6987088986,0.6987088986,1.1397417797,5.82201196,Solved
L?AA@aHw?sZ?Ck,21,5,5.6987088986,0.6987088986,1.1397417797,5.83608289,Solved
L?AA@AOU?kDoYI,20,5,5.6987088986,0.6987088986,1.1397417797,5.82558772,Solved
L?AA@aHkBOHgTG,21,5,5.6987088985,0.6987088985,1.1397417797,5.85291798,Solved
L?AA@AOU@[TOZG,21,5,5.6987088985,0.6987088985,1.1397417797,5.83577061,Solved
L?AA@AOq?sL_Dc,19,5,5.6987088984,0.6987088984,1.1397417797,5.81937841,Solved
L?AA@AOTBoDoic,21,5,5.6987088984,0.6987088984,1.1397417797,5.82429707,Solved
L?AAD?oUEPM_RW,22,5,5.6987088984,0.6987088984,1.1397417797,5.83676118,Solved
L?AA@AWsAWEOBc,19,5,5.6987088984,0.6987088984,1.1397417797,5.84499408,Solved
L?AAD@OL@c@wRQ,21,5,5.6987088982,0.6987088982,1.1397417796,5.80195437,Solved
L?AADAoX?eEoAs,21,5,5.6987088981,0.6987088981,1.1397417796,5.83989217,Solved
L?AAD?WHM_L_VO,21,5,5.6987088981,0.6987088981,1.1397417796,5.84528188,Solved
L?AADAoXAWJGeC,21,5,5.6987088980,0.6987088980,1.1397417796,5.84381625,Solved
L?AA@BOiBgFOJg,22,5,5.6987088980,0.6987088980,1.1397417796,5.82390744,Solved
L?AAD?Ws?kCoTO,19,5,5.6987088979,0.6987088979,1.1397417796,5.83414320,Solved
L?AADAoX?eEoAk,21,5,5.6987088979,0.6987088979,1.1397417796,5.80307374,Solved
L?AAD@OXCT@kJg,22,5,5.6987088978,0.6987088978,1.1397417796,5.84023674,Solved
L?AA@AOU?[TOZG,20,5,5.6987088978,0.6987088978,1.1397417796,5.81989714,Solved
L?AA@AOq?sF_ZG,20,5,5.6987088978,0.6987088978,1.1397417796,5.82623045,Solved
L?AADAoX?wAWL_,20,5,5.6987088978,0.6987088978,1.1397417796,5.82830643,Solved
L?AA@AOU?kDoQI,19,5,5.6987088978,0.6987088978,1.1397417796,5.81654795,Solved
L?AA@_gkAgHgaQ,20,5,5.6987088977,0.6987088977,1.1397417795,5.84710216,Solved
L?AA@AOq@sL_Jg,21,5,5.6987088977,0.6987088977,1.1397417795,5.82407363,Solved
L?AA@_gaU_M_BQ,20,5,5.6987088976,0.6987088976,1.1397417795,5.82985571,Solved
L?AADBOY@KAoTO,20,5,5.6987088975,0.6987088975,1.1397417795,5.81420547,Solved
L?AADAoX?eEoBI,21,5,5.6987088974,0.6987088974,1.1397417795,5.83343467,Solved
L?AA@AOeBgDSN_,21,5,5.6987088973,0.6987088973,1.1397417795,5.80850110,Solved
L?AADAoX?eEoaE,21,5,5.6987088973,0.6987088973,1.1397417795,5.81263101,Solved
L?AA@AOuBPIg^?,22,5,5.6987088972,0.6987088972,1.1397417794,5.80535395,Solved
L?AAD?oeBGHgaI,20,5,5.6987088972,0.6987088972,1.1397417794,5.83178744,Solved
L?AA@AOuBPIgRW,22,5,5.6987088970,0.6987088970,1.1397417794,5.81110291,Solved
L?AAD?WkAaL_HI,20,5,5.6987088970,0.6987088970,1.1397417794,5.84021720,Solved
L?AA@AOq?sL_Jg,20,5,5.6987088970,0.6987088970,1.1397417794,5.83392911,Solved
L?AADAoX?eZ?TO,21,5,5.6987088970,0.6987088970,1.1397417794,5.81903694,Solved
L?AADAoX?eEoec,22,5,5.6987088969,0.6987088969,1.1397417794,5.83797778,Solved
L?AADAoX?eEoRI,22,5,5.6987088969,0.6987088969,1.1397417794,5.84236311,Solved
L?AA@AOyAwJGZG,22,5,5.6987088969,0.6987088969,1.1397417794,5.81362776,Solved
L?AAD@oX?wROac,21,5,5.6986259848,0.6986259848,1.1397251970,5.82682147,Solved
L?AA@AWsDcBWBs,22,5,5.6986176128,0.6986176128,1.1397235226,5.80179955,Solved
L?AAD?WkAYF_Do,21,5,5.6986066597,0.6986066597,1.1397213319,5.80171611,Solved
L?AAD?oq?wAwm_,21,5,5.6985579404,0.6985579404,1.1397115881,5.80218511,Solved
L?AA@aHiBGBOL_,20,5,5.6985511363,0.6985511363,1.1397102273,5.81131127,Solved
L?AA@aHw@cBOBs,21,5,5.6985501894,0.6985501894,1.1397100379,5.80637340,Solved
L?AADAoY?w@oVO,21,5,5.6985105996,0.6985105996,1.1397021199,5.80422934,Solved
L?AADAoMAwHgL_,22,5,5.6983732712,0.6983732712,1.1396746542,5.82938099,Solved
L?AAD@OM@KEoUQ,21,5,5.6983217161,0.6983217161,1.1396643432,5.80367066,Solved
L?AADBOY@W@wM_,21,5,5.6983097094,0.6983097094,1.1396619419,5.81207336,Solved
L?AA@aHiAoAo\?,20,5,5.6983090483,0.6983090483,1.1396618097,5.82959005,Solved
L?AAD?wX?sM_Es,22,5,5.6983033447,0.6983033447,1.1396606689,5.80298322,Solved
L?AADAoY?[J_FO,21,5,5.6983016557,0.6983016557,1.1396603311,5.83614023,Solved
L?AADAoY?{@we_,22,5,5.6983016430,0.6983016430,1.1396603286,5.80282452,Solved
L?AADAoU?{@wN?,22,5,5.6982818882,0.6982818882,1.1396563776,5.84784449,Solved
L?AADAoMAWJGBw,22,5,5.6982203998,0.6982203998,1.1396440800,5.80047242,Solved
L?AAD@oI_wIgk_,21,5,5.6981809902,0.6981809902,1.1396361980,5.81477191,Solved
L?AA@bGw?wAqe_,21,5,5.6981328832,0.6981328832,1.1396265766,5.80732044,Solved
L?AA@AOYCsDS^?,21,5,5.6981201362,0.6981201362,1.1396240272,5.82111091,Solved
L?AA@AOT?kV?Ik,20,5,5.6981201351,0.6981201351,1.1396240270,5.80502164,Solved
L?AAD@Oi@gJGAY,20,5,5.6981201348,0.6981201348,1.1396240270,5.84084225,Solved
L?AA@AOq@gHcN_,20,5,5.6981201337,0.6981201337,1.1396240267,5.82488031,Solved
L?AAD?Ws@LIgXG,21,5,5.6981201335,0.6981201335,1.1396240267,5.80972063,Solved
L?AA@AODEoDoic,20,5,5.6981201329,0.6981201329,1.1396240266,5.80604231,Solved
L?AA@AOU@gHDJg,20,5,5.6981201323,0.6981201323,1.1396240265,5.80833128,Solved
L?AA@aHw?[HgXG,21,5,5.6981201320,0.6981201320,1.1396240264,5.81037957,Solved
L?AA@AOUDSLCJg,21,5,5.6981201318,0.6981201318,1.1396240264,5.82856242,Solved
L?AA@AOuBPEo\?,21,5,5.6981201318,0.6981201318,1.1396240264,5.81545962,Solved
L?AAD@OX@LUOBX,22,5,5.6981201318,0.6981201318,1.1396240264,5.83802599,Solved
L?AA@AOY?km_m_,21,5,5.6981201317,0.6981201317,1.1396240263,5.81424861,Solved
L?AAD@OX@LUOBw,22,5,5.6981201317,0.6981201317,1.1396240263,5.80219552,Solved
L?AAD@OX@LUOig,22,5,5.6981201315,0.6981201315,1.1396240263,5.80080465,Solved
L?AA@AOqBWDSm_,21,5,5.6981201311,0.6981201311,1.1396240262,5.81271698,Solved
L?AA@AOY?ktOJg,21,5,5.6981201310,0.6981201310,1.1396240262,5.82187110,Solved
L?AAD@OX@LUOQR,22,5,5.6981201306,0.6981201306,1.1396240261,5.80473943,Solved
L?AAD@OX@sAwHg,21,5,5.6981201305,0.6981201305,1.1396240261,5.81755276,Solved
L?AA@AOYAgRODc,19,5,5.6981201305,0.6981201305,1.1396240261,5.81234849,Solved
L?AAD@OICcM_Ds,20,5,5.6981201303,0.6981201303,1.1396240261,5.83956989,Solved
L?AAD@OX@LUOA{,22,5,5.6981201302,0.6981201302,1.1396240260,5.81222071,Solved
L?AAD?Ws@KKcTO,20,5,5.6981201300,0.6981201300,1.1396240260,5.80868202,Solved
L?AA@AOTFODcA[,20,5,5.6981201295,0.6981201295,1.1396240259,5.80719239,Solved
L?AA@AOTDSEoJg,21,5,5.6981201291,0.6981201291,1.1396240258,5.83118229,Solved
L?AAD@OX@LUO}?,22,5,5.6981201288,0.6981201288,1.1396240258,5.83651381,Solved
L?AA@AOq?sDSZG,20,5,5.6981201287,0.6981201287,1.1396240257,5.83402741,Solved
L?AA@BORDODoTA,20,5,5.6981201284,0.6981201284,1.1396240257,5.82217180,Solved
L?AA@AOQBgROLc,20,5,5.6981201284,0.6981201284,1.1396240257,5.81009630,Solved
L?AA@AOq@g@TZG,20,5,5.6981201284,0.6981201284,1.1396240257,5.83275829,Solved
L?AA@BOi@cBoTC,20,5,5.6981201281,0.6981201281,1.1396240256,5.85110804,Solved
L?AA@AOq@sDSZG,21,5,5.6981201280,0.6981201280,1.1396240256,5.82134589,Solved
L?AA@AOTFOBgZG,21,5,5.6981201280,0.6981201280,1.1396240256,5.81085270,Solved
L?AAD?WHJ_AwSS,20,5,5.6981201271,0.6981201271,1.1396240254,5.82185569,Solved
L?AAD@OX@LUOak,22,5,5.6981201270,0.6981201270,1.1396240254,5.81959581,Solved
L?AA@AOqAgEoaa,19,5,5.6981201270,0.6981201270,1.1396240254,5.80535373,Solved
L?AA@AOqAgAoZG,19,5,5.6981201270,0.6981201270,1.1396240254,5.80729806,Solved
L?AA@AOTFOEoic,21,5,5.6981201269,0.6981201269,1.1396240254,5.80472459,Solved
L?AA@BOLDcL_Bg,21,5,5.6981201269,0.6981201269,1.1396240254,5.83744976,Solved
L?AAD@OX@LUOA\,22,5,5.6981201269,0.6981201269,1.1396240254,5.82934908,Solved
L?AA@aHwAW@wXG,21,5,5.6981201266,0.6981201266,1.1396240253,5.83696276,Solved
L?AA@AOTFODcVO,21,5,5.6981201264,0.6981201264,1.1396240253,5.81768317,Solved
L?AAD@OICcm_Ds,21,5,5.6981201264,0.6981201264,1.1396240253,5.81910112,Solved
L?AA@AOT?k\?ZG,20,5,5.6981201263,0.6981201263,1.1396240253,5.81129538,Solved
L?AADBOX@K@[i_,21,5,5.6981201262,0.6981201262,1.1396240252,5.82706969,Solved
L?AAD@OXDPAwHg,21,5,5.6981201261,0.6981201261,1.1396240252,5.84134160,Solved
L?AAD@OX@TAwHg,21,5,5.6981201261,0.6981201261,1.1396240252,5.81929858,Solved
L?AAD@OX@LUOm_,22,5,5.6981201260,0.6981201260,1.1396240252,5.83711298,Solved
L?AA@AOTDoEoIk,21,5,5.6981201258,0.6981201258,1.1396240252,5.81910119,Solved
L?AAD@Oi@cJGCs,20,5,5.6981201256,0.6981201256,1.1396240251,5.82775930,Solved
L?AA@AOqDSDcLc,21,5,5.6981201256,0.6981201256,1.1396240251,5.81154790,Solved
L?AA@AOeAgLCAi,19,5,5.6981201255,0.6981201255,1.1396240251,5.81968510,Solved
L?AAD?oqAaF_HE,20,5,5.6981201254,0.6981201254,1.1396240251,5.82916609,Solved
L?AAD@OX@LUOec,22,5,5.6981201254,0.6981201254,1.1396240251,5.83057202,Solved
L?AA@AOeAgLCIi,20,5,5.6981201253,0.6981201253,1.1396240251,5.81986030,Solved
L?AA@AOq@gBoZG,20,5,5.6981201253,0.6981201253,1.1396240251,5.82216467,Solved
L?AAD?oqCTAYm_,22,5,5.6981201251,0.6981201251,1.1396240250,5.82700899,Solved
L?AA@BORCcE_q@,19,5,5.6981201251,0.6981201251,1.1396240250,5.81820018,Solved
L?AADBOX@KBOcc,20,5,5.6981201250,0.6981201250,1.1396240250,5.82840393,Solved
L?AAD@OX@LROk_,21,5,5.6981201247,0.6981201247,1.1396240249,5.84620549,Solved
L?AA@AOTBo@kIK,20,5,5.6981201245,0.6981201245,1.1396240249,5.82049384,Solved
L?AAD?oq?UHcHE,20,5,5.6981201244,0.6981201244,1.1396240249,5.82033491,Solved
L?AAD?WX@KY?TO,19,5,5.6981201244,0.6981201244,1.1396240249,5.83287356,Solved
L?AADBOY@cAYTO,21,5,5.6981201243,0.6981201243,1.1396240249,5.83330898,Solved
L?AA@BOi?[L_TC,20,5,5.6981201243,0.6981201243,1.1396240249,5.83821686,Solved
L?AAD?WkAaKc^?,21,5,5.6981201242,0.6981201242,1.1396240248,5.81765101,Solved
L?AA@AOTFODcic,21,5,5.6981201241,0.6981201241,1.1396240248,5.81783270,Solved
L?AA@AOq@gFoZG,21,5,5.6981201240,0.6981201240,1.1396240248,5.80927337,Solved
L?AA@AOYAwTOJg,21,5,5.6981201239,0.6981201239,1.1396240248,5.81944976,Solved
L?AAD@OI@cJGCs,19,5,5.6981201238,0.6981201238,1.1396240248,5.83314760,Solved
L?AA@BOi@cIaN_,21,5,5.6981201238,0.6981201238,1.1396240248,5.84248929,Solved
L?AADBOX@K@Wi_,20,5,5.6981201238,0.6981201238,1.1396240248,5.82619571,Solved
L?AAD@OXDSAwHg,21,5,5.6981201237,0.6981201237,1.1396240247,5.80988467,Solved
L?AAD@OX@LUOAV,22,5,5.6981201237,0.6981201237,1.1396240247,5.80693809,Solved
L?AA@BORDODocc,20,5,5.6981201237,0.6981201237,1.1396240247,5.83807593,Solved
L?AA@BOT@cTOqA,20,5,5.6981201236,0.6981201236,1.1396240247,5.82717754,Solved
L?AA@BOT@cTOJg,21,5,5.6981201236,0.6981201236,1.1396240247,5.84772008,Solved
L?AAD?oqDS@[Cs,21,5,5.6981201235,0.6981201235,1.1396240247,5.83857341,Solved
L?AAD@OX@LUO^?,22,5,5.6981201235,0.6981201235,1.1396240247,5.81897322,Solved
L?AAD?WHM_IgCs,20,5,5.6981201235,0.6981201235,1.1396240247,5.83898058,Solved
L?AA@AOqDSM_Lc,21,5,5.6981201234,0.6981201234,1.1396240247,5.81642662,Solved
L?AA@BORCcE_Bg,19,5,5.6981201234,0.6981201234,1.1396240247,5.84348856,Solved
L?AAD@OiDcJGCs,21,5,5.6981201233,0.6981201233,1.1396240247,5.83116452,Solved
L?AAD@OXCoBgA[,20,5,5.6981201233,0.6981201233,1.1396240247,5.85213898,Solved
L?AA@BOTDODcm_,21,5,5.6981201233,0.6981201233,1.1396240247,5.83222498,Solved
L?AAD?WHM_Ig^?,21,5,5.6981201233,0.6981201233,1.1396240247,5.84736766,Solved
L?AAD@OX@LUORP,22,5,5.6981201232,0.6981201232,1.1396240246,5.82447065,Solved
L?AA@BORDODokc,21,5,5.6981201232,0.6981201232,1.1396240246,5.83857694,Solved
L?AAD@OX?sUOHg,20,5,5.6981201231,0.6981201231,1.1396240246,5.84613915,Solved
L?AAD?oq@K`kag,21,5,5.6981201231,0.6981201231,1.1396240246,5.81381053,Solved
L?AAD?cSFO@qak,21,5,5.6981201231,0.6981201231,1.1396240246,5.82642893,Solved
L?AA@BOLDcL_qC,21,5,5.6981201231,0.6981201231,1.1396240246,5.80551807,Solved
L?AA@AOQAgROLc,19,5,5.6981201231,0.6981201231,1.1396240246,5.80835515,Solved
L?AA@BORCcE_Jg,20,5,5.6981201230,0.6981201230,1.1396240246,5.84536149,Solved
L?AA@AOqAgEoia,20,5,5.6981201230,0.6981201230,1.1396240246,5.81401765,Solved
L?AA@BOiCsM_JG,21,5,5.6981201230,0.6981201230,1.1396240246,5.82763464,Solved
L?AAD@OX@oAwHg,20,5,5.6981201230,0.6981201230,1.1396240246,5.81509716,Solved
L?AAD@OX@LUON_,22,5,5.6981201229,0.6981201229,1.1396240246,5.81469461,Solved
L?AA@AOq@gHcAi,19,5,5.6981201229,0.6981201229,1.1396240246,5.81051881,Solved
L?AAD@OXCoUOHi,21,5,5.6981201228,0.6981201228,1.1396240246,5.85215725,Solved
L?AAD@OXEoUOHi,22,5,5.6981201228,0.6981201228,1.1396240246,5.83385208,Solved
L?AAD@OX@LUOJg,22,5,5.6981201228,0.6981201228,1.1396240246,5.82573980,Solved
L?AADAoUBgHgBw,23,5,5.6981135909,0.6981135909,1.1396227182,5.80983118,Solved
L?AAD?w[AWBoBs,22,5,5.6980755113,0.6980755113,1.1396151023,5.81216402,Solved
L?AA@aHY@KZ?\?,21,5,5.6980566769,0.6980566769,1.1396113354,5.83032016,Solved
L?AA@AOy?{EoZG,22,5,5.6980544143,0.6980544143,1.1396108829,5.80383608,Solved
L?AAD?Ws?Ykc^?,22,5,5.6980544135,0.6980544135,1.1396108827,5.80649146,Solved
L?AA@agwAW@wga,21,5,5.6980544119,0.6980544119,1.1396108824,5.80419659,Solved
L?AAD?WeBgHgXK,22,5,5.6980544116,0.6980544116,1.1396108823,5.81764902,Solved
L?AA@AOTCsDS^?,21,5,5.6980544114,0.6980544114,1.1396108823,5.81143837,Solved
L?AA@BOmDcL_Jg,23,5,5.6980544107,0.6980544107,1.1396108821,5.81247628,Solved
L?AA@aHRFOM_kC,22,5,5.6980544105,0.6980544105,1.1396108821,5.83425461,Solved
L?AA@AOUDSJ_Jg,21,5,5.6980544105,0.6980544105,1.1396108821,5.81589955,Solved
L?AAD?sYCS@wZ?,21,5,5.6980544103,0.6980544103,1.1396108821,5.82484093,Solved
L?AADBOQPoF_HK,21,5,5.6980544098,0.6980544098,1.1396108820,5.83037459,Solved
L?AA@AWsAWDoca,20,5,5.6980544098,0.6980544098,1.1396108820,5.80517191,Solved
L?AA@AOq@sLcN_,22,5,5.6980544097,0.6980544097,1.1396108819,5.80269085,Solved
L?AAD?WkAqKc^?,22,5,5.6980544093,0.6980544093,1.1396108819,5.81004336,Solved
L?AA@BOi@XJGVO,22,5,5.6980544084,0.6980544084,1.1396108817,5.81130963,Solved
L?AAD?We@HM_FO,20,5,5.6980544084,0.6980544084,1.1396108817,5.83375943,Solved
L?AA@agLAWXGkA,21,5,5.6980544083,0.6980544083,1.1396108817,5.82667860,Solved
L?AAD?s[EoHgaK,22,5,5.6980544082,0.6980544082,1.1396108816,5.81255595,Solved
L?AA@BOZ@wUOJg,23,5,5.6980544082,0.6980544082,1.1396108816,5.80533127,Solved
L?AA@aHi?wM?BP,20,5,5.6980544081,0.6980544081,1.1396108816,5.80964624,Solved
L?AA@BOi@XIgVO,22,5,5.6980544080,0.6980544080,1.1396108816,5.81369572,Solved
L?AA@BOR@TUO^?,22,5,5.6980544077,0.6980544077,1.1396108815,5.81867939,Solved
L?AAD?oq?ihc^?,22,5,5.6980544076,0.6980544076,1.1396108815,5.81949508,Solved
L?AAD?c{BWJGUW,23,5,5.6980544075,0.6980544075,1.1396108815,5.81592192,Solved
L?AADBOKbWIgL_,22,5,5.6980544074,0.6980544074,1.1396108815,5.80292581,Solved
L?AA@BORDcV?Jg,22,5,5.6980544073,0.6980544073,1.1396108815,5.82430607,Solved
L?AAD?wX?qz?TO,22,5,5.6980544073,0.6980544073,1.1396108815,5.81784238,Solved
L?AA@aHiB_J_BQ,21,5,5.6980544073,0.6980544073,1.1396108815,5.81890577,Solved
L?AA@AOq?sHcN_,20,5,5.6980544072,0.6980544072,1.1396108814,5.80117587,Solved
L?AA@BORCcF_Jg,21,5,5.6980544070,0.6980544070,1.1396108814,5.82096251,Solved
L?AAD?WHMoIg^?,22,5,5.6980544066,0.6980544066,1.1396108813,5.82667184,Solved
L?AA@ag[?wXGBS,21,5,5.6980544064,0.6980544064,1.1396108813,5.80199105,Solved
L?AA@BOT?sTOBg,20,5,5.6980544063,0.6980544063,1.1396108813,5.81214401,Solved
L?AAD?WHMoM_VO,22,5,5.6980544063,0.6980544063,1.1396108813,5.83080243,Solved
L?AAD?WeBHM_VO,22,5,5.6980544062,0.6980544062,1.1396108812,5.82746217,Solved
L?AA@aH[FOJ_BS,22,5,5.6980544062,0.6980544062,1.1396108812,5.82504315,Solved
L?AA@AOUDS@s^?,21,5,5.6980544062,0.6980544062,1.1396108812,5.80316010,Solved
L?AADBOKdSIgL_,22,5,5.6980544061,0.6980544061,1.1396108812,5.81301886,Solved
L?ABAaIs@oTGG[,22,5,5.6980544060,0.6980544060,1.1396108812,5.80903034,Solved
L?ABAaIs?w@wTG,22,5,5.6980544060,0.6980544060,1.1396108812,5.81965492,Solved
L?AA@bGw?YF_DK,21,5,5.6980544059,0.6980544059,1.1396108812,5.82388574,Solved
L?AA@agRBgXGkC,22,5,5.6980544058,0.6980544058,1.1396108812,5.81230278,Solved
L?AAD?o]BgXCRW,23,5,5.6980544057,0.6980544057,1.1396108811,5.81736372,Solved
L?AAD?oeBG@LVO,21,5,5.6980544056,0.6980544056,1.1396108811,5.81741178,Solved
L?AA@BOT?sTOJg,21,5,5.6980544055,0.6980544055,1.1396108811,5.81806547,Solved
L?AADBOK`[IgL_,22,5,5.6980544055,0.6980544055,1.1396108811,5.82576103,Solved
L?AA@AOTDSDs^?,22,5,5.6980544055,0.6980544055,1.1396108811,5.80618744,Solved
L?AA@AWT@Seo}?,22,5,5.6980544054,0.6980544054,1.1396108811,5.80950856,Solved
L?AA@AOuBPDoN_,22,5,5.6980544052,0.6980544052,1.1396108810,5.80392597,Solved
L?AA@BOyCqDSeo,23,5,5.6980544049,0.6980544049,1.1396108810,5.80213212,Solved
L?AAD?WXMoIg^?,23,5,5.6980544048,0.6980544048,1.1396108810,5.80684663,Solved
L?AA@ag[?YJ_aS,21,5,5.6980544047,0.6980544047,1.1396108809,5.82352602,Solved
L?AA@bGwAYF_DK,22,5,5.6980544044,0.6980544044,1.1396108809,5.81337195,Solved
L?AA@BOT@sTOJg,22,5,5.6980544043,0.6980544043,1.1396108809,5.81603165,Solved
L?AA@AOq@sHcN_,21,5,5.6980544043,0.6980544043,1.1396108809,5.81131603,Solved
L?AA@AOq@sBoZG,21,5,5.6980544042,0.6980544042,1.1396108808,5.80677380,Solved
L?AAD?cuBoIgUW,23,5,5.6980544040,0.6980544040,1.1396108808,5.81681729,Solved
L?AA@AOUDSDs^?,22,5,5.6980544040,0.6980544040,1.1396108808,5.80148317,Solved
L?AA@AWT@k\?ic,22,5,5.6980544040,0.6980544040,1.1396108808,5.80870160,Solved
L?AAD?WHM_F_BQ,20,5,5.6980544039,0.6980544039,1.1396108808,5.81079998,Solved
L?AAD?We@HM_VO,21,5,5.6980544038,0.6980544038,1.1396108808,5.83653109,Solved
L?AA@AOuBPEoN_,22,5,5.6980544038,0.6980544038,1.1396108808,5.80606277,Solved
L?AADAoX?wJGeC,21,5,5.6980544037,0.6980544037,1.1396108807,5.80896204,Solved
L?AAD?Wk?qL_HI,20,5,5.6980544037,0.6980544037,1.1396108807,5.81762176,Solved
L?AA@BOi?[IaN_,21,5,5.6980544037,0.6980544037,1.1396108807,5.81849341,Solved
L?AAD?WHJg\?US,22,5,5.6980544036,0.6980544036,1.1396108807,5.82236219,Solved
L?AADBOKaiEoBw,23,5,5.6980544035,0.6980544035,1.1396108807,5.82770195,Solved
L?AA@AWsAW@oka,20,5,5.6980544035,0.6980544035,1.1396108807,5.81540282,Solved
L?AA@AWsDcL_Jc,22,5,5.6980544034,0.6980544034,1.1396108807,5.80501087,Solved
L?AADAoY?sBWQW,21,5,5.6980544033,0.6980544033,1.1396108807,5.83333214,Solved
L?AA@BOyAiDcVO,23,5,5.6980544033,0.6980544033,1.1396108807,5.80758295,Solved
L?AA@BORDcF_Jg,22,5,5.6980544033,0.6980544033,1.1396108807,5.81858428,Solved
L?AA@aHiAWM_kA,21,5,5.6980544032,0.6980544032,1.1396108806,5.82800212,Solved
L?AA@AOy?{FOZG,22,5,5.6980544032,0.6980544032,1.1396108806,5.80707203,Solved
L?AA@AWT@k\?ac,21,5,5.6980544032,0.6980544032,1.1396108806,5.80364572,Solved
L?AAD?wXCcAw\?,21,5,5.6980544031,0.6980544031,1.1396108806,5.83170261,Solved
L?AADb_T@SAogc,21,5,5.6980544031,0.6980544031,1.1396108806,5.81104940,Solved
L?AA@BOi?sIaN_,21,5,5.6980544031,0.6980544031,1.1396108806,5.81386255,Solved
L?AA@aHLAW\?kA,21,5,5.6980544028,0.6980544028,1.1396108806,5.83510407,Solved
L?AA@AWsAWDoka,21,5,5.6980544027,0.6980544027,1.1396108805,5.81934395,Solved
L?AAD?WeBHIg^?,22,5,5.6980544026,0.6980544026,1.1396108805,5.82359391,Solved
L?AA@AOq?sBoZG,20,5,5.6980544026,0.6980544026,1.1396108805,5.80172048,Solved
L?AAD?oqJoIgRW,23,5,5.6980544023,0.6980544023,1.1396108805,5.81084465,Solved
L?AA@_oyEQJ_RW,23,5,5.6980544023,0.6980544023,1.1396108805,5.81766897,Solved
L?AA@aHi@gH_k@,20,5,5.6980544021,0.6980544021,1.1396108804,5.81791865,Solved
L?AAD?WHM_@h^?,21,5,5.6980544020,0.6980544020,1.1396108804,5.81656107,Solved
L?AA@AOq?sLcN_,21,5,5.6980544019,0.6980544019,1.1396108804,5.80543873,Solved
L?AAD?Wk?qL_XI,21,5,5.6980544018,0.6980544018,1.1396108804,5.82462411,Solved
L?AAD?We@gHgXK,21,5,5.6980544018,0.6980544018,1.1396108804,5.81036130,Solved
L?AADBOK_]IgL_,22,5,5.6980544017,0.6980544017,1.1396108803,5.81870656,Solved
L?AADBOKaYEoTO,22,5,5.6980544017,0.6980544017,1.1396108803,5.82319685,Solved
L?AA@BOLEoDoac,21,5,5.6980544016,0.6980544016,1.1396108803,5.82308960,Solved
L?AAD?oLEoHgqK,22,5,5.6980544016,0.6980544016,1.1396108803,5.82172966,Solved
L?AA@BORDcF_Bg,21,5,5.6980544015,0.6980544015,1.1396108803,5.81589759,Solved
L?AAD?WXMoM_VO,23,5,5.6980544011,0.6980544011,1.1396108802,5.81446813,Solved
L?AA@BOTBoTOJg,22,5,5.6980544010,0.6980544010,1.1396108802,5.81565062,Solved
L?AA@aHw?[DoXG,21,5,5.6980544009,0.6980544009,1.1396108802,5.81649533,Solved
L?AAD?We@gHgHK,20,5,5.6980544008,0.6980544008,1.1396108802,5.82284015,Solved
L?AADBOKaiEoJg,23,5,5.6980544008,0.6980544008,1.1396108802,5.82090833,Solved
L?AADBOKaiEoB[,23,5,5.6980544007,0.6980544007,1.1396108801,5.80923227,Solved
L?AADAoUDSJGAw,22,5,5.6980544005,0.6980544005,1.1396108801,5.82844789,Solved
L?AA@ag[CQj_RO,22,5,5.6980544005,0.6980544005,1.1396108801,5.81013652,Solved
L?AADBOKaiEoRS,23,5,5.6980544004,0.6980544004,1.1396108801,5.80644884,Solved
L?AA@AOTAwTOJg,21,5,5.6980544002,0.6980544002,1.1396108800,5.81055659,Solved
L?AAD?sY?k]?FO,21,5,5.6979678094,0.6979678094,1.1395935619,5.80602027,Solved
L?AA@aHX@sROL_,22,5,5.6979603206,0.6979603206,1.1395920641,5.84650840,Solved
L?AAD@oDdo@wM_,22,5,5.6979511576,0.6979511576,1.1395902315,5.83894348,Solved
L?AAF@Sa`oM_iG,22,5,5.6979298205,0.6979298205,1.1395859641,5.82768349,Solved
L?AAD@om?]BoM_,23,5,5.6978959831,0.6978959831,1.1395791966,5.84994161,Solved
L?AAD?wTDcHgy?,22,5,5.6978679948,0.6978679948,1.1395735990,5.80313281,Solved
L?AADBOY@WAWBg,20,5,5.6978466405,0.6978466405,1.1395693281,5.80963707,Solved
L?AAD?w[?k@we_,21,5,5.6978405162,0.6978405162,1.1395681032,5.81035736,Solved
L?AAD?w[?URODo,21,5,5.6978245832,0.6978245832,1.1395649166,5.80168223,Solved
L?AB?qQUAWCgy?,21,5,5.6978068785,0.6978068785,1.1395613757,5.80955563,Solved
L?AAD?wX?sAY^?,22,5,5.6976534988,0.6976534988,1.1395306998,5.80382605,Solved
L?AAD?w[?UBoe_,21,5,5.6975923783,0.6975923783,1.1395184757,5.80523658,Solved
L?AAD?w[?UBom_,22,5,5.6975570627,0.6975570627,1.1395114125,5.80410253,Solved
L?AADBOYAwBgBw,23,5,5.6975399593,0.6975399593,1.1395079919,5.80108307,Solved
L?AA@aHw?kM_u?,21,5,5.6975192405,0.6975192405,1.1395038481,5.80402550,Solved
L?AA@aHw?kM_}?,22,5,5.6975030015,0.6975030015,1.1395006003,5.80470766,Solved
L?AAD@OJEoCsm_,22,5,5.6974941860,0.6974941860,1.1394988372,5.80262178,Solved
L?AAD?oq?wIgi_,20,5,5.6974436854,0.6974436854,1.1394887371,5.80234250,Solved
L?AAD@oI_iJ_y?,21,5,5.6974067625,0.6974067625,1.1394813525,5.82323569,Solved
L?AA@BOiBgJGTS,22,5,5.6974001600,0.6974001600,1.1394800320,5.80826998,Solved
L?AA@BOR@cQW\?,20,5,5.6974001578,0.6974001578,1.1394800316,5.82241900,Solved
L?AA@BOi?sL_Jg,21,5,5.6974001570,0.6974001570,1.1394800314,5.81623589,Solved
L?AADBOX@cHgHg,21,5,5.6974001567,0.6974001567,1.1394800313,5.82642537,Solved
L?AA@AOqDS@[RW,21,5,5.6974001564,0.6974001564,1.1394800313,5.82374649,Solved
L?AA@aHwBGB_BS,20,5,5.6974001556,0.6974001556,1.1394800311,5.82497770,Solved
L?AA@BORDOBOJg,20,5,5.6974001554,0.6974001554,1.1394800311,5.82037951,Solved
L?AA@AOT?kN?ic,20,5,5.6974001553,0.6974001553,1.1394800311,5.80483365,Solved
L?AAD?Ws@cKcHk,21,5,5.6974001551,0.6974001551,1.1394800310,5.82079952,Solved
L?AAD?Ws?eKcTO,20,5,5.6974001548,0.6974001548,1.1394800310,5.82602233,Solved
L?AA@AOq@sM_Lc,21,5,5.6974001545,0.6974001545,1.1394800309,5.80197041,Solved
L?AA@BORDOBOBg,19,5,5.6974001542,0.6974001542,1.1394800308,5.82473881,Solved
L?AA@AOU@SLCeo,20,5,5.6974001542,0.6974001542,1.1394800308,5.82377726,Solved
L?AAD?oXAwXCRW,22,5,5.6974001538,0.6974001538,1.1394800308,5.82095752,Solved
L?AA@BORDOFOBg,20,5,5.6974001526,0.6974001526,1.1394800305,5.83418536,Solved
L?AA@BORDOFOJg,21,5,5.6974001526,0.6974001526,1.1394800305,5.81716930,Solved
L?AA@BOR@cM_cs,21,5,5.6974001525,0.6974001525,1.1394800305,5.82051176,Solved
L?AA@BOi?eUOTS,21,5,5.6974001524,0.6974001524,1.1394800305,5.83821972,Solved
L?AAD?Ws@cKcHc,20,5,5.6974001524,0.6974001524,1.1394800305,5.80730683,Solved
L?AADBOX@cJ_Hg,21,5,5.6974001517,0.6974001517,1.1394800303,5.80783742,Solved
L?AA@AOq?sM_Dc,19,5,5.6974001516,0.6974001516,1.1394800303,5.80708542,Solved
L?AA@BOLDcIgRQ,22,5,5.6974001515,0.6974001515,1.1394800303,5.82305766,Solved
L?AA@AOYCsDSuO,21,5,5.6974001513,0.6974001513,1.1394800303,5.81623693,Solved
L?AA@AOqDSDcRW,21,5,5.6974001510,0.6974001510,1.1394800302,5.81121856,Solved
L?AA@AOqAgFOLc,20,5,5.6974001506,0.6974001506,1.1394800301,5.80343770,Solved
L?AA@AOqAgBOLc,19,5,5.6974001502,0.6974001502,1.1394800300,5.81090670,Solved
L?AA@AOq@WTORW,20,5,5.6974001500,0.6974001500,1.1394800300,5.80906210,Solved
L?AA@BOLDcIgJg,22,5,5.6974001499,0.6974001499,1.1394800300,5.82257016,Solved
L?AA@?Oq@wHgm_,20,5,5.6974001499,0.6974001499,1.1394800300,5.80696525,Solved
L?AAD?oeBGHcaI,20,5,5.6974001499,0.6974001499,1.1394800300,5.82054319,Solved
L?AA@BOq@gUOTO,20,5,5.6974001498,0.6974001498,1.1394800300,5.80595381,Solved
L?AA@?Oq@wTOVO,20,5,5.6974001496,0.6974001496,1.1394800299,5.80074893,Solved
L?AAD?Ws?eK_TO,19,5,5.6974001495,0.6974001495,1.1394800299,5.80858225,Solved
L?AA@BOLDcIgJG,21,5,5.6974001492,0.6974001492,1.1394800298,5.82606581,Solved
L?AA@AOTBoEoic,21,5,5.6974001491,0.6974001491,1.1394800298,5.80132282,Solved
L?AA@AOTFODSZG,21,5,5.6974001489,0.6974001489,1.1394800298,5.81528909,Solved
L?AA@BOLDSIgk_,21,5,5.6974001487,0.6974001487,1.1394800297,5.82043614,Solved
L?AA@aHwBGJ_BS,21,5,5.6974001486,0.6974001486,1.1394800297,5.84096904,Solved
L?AA@BOLDcIgQU,22,5,5.6974001486,0.6974001486,1.1394800297,5.83812677,Solved
L?AA@BOLDcIgBY,22,5,5.6974001484,0.6974001484,1.1394800297,5.80517998,Solved
L?AA@AOq?sM_Lc,20,5,5.6974001480,0.6974001480,1.1394800296,5.81403927,Solved
L?AA@BOL@[Igk_,21,5,5.6974001477,0.6974001477,1.1394800295,5.81835279,Solved
L?AA@AWsAWFOJc,21,5,5.6973240271,0.6973240271,1.1394648054,5.84421404,Solved
L?AA@AWs@sL_Jc,22,5,5.6973240258,0.6973240258,1.1394648052,5.83261764,Solved
L?AAD?oLEoHKVO,22,5,5.6973240244,0.6973240244,1.1394648049,5.84324233,Solved
L?AA@BOT@TV?N_,22,5,5.6973240242,0.6973240242,1.1394648048,5.83841919,Solved
L?AA@BOmBWFOJg,23,5,5.6973240238,0.6973240238,1.1394648048,5.82204658,Solved
L?AA@agk?wHGDH,20,5,5.6973240236,0.6973240236,1.1394648047,5.83845753,Solved
L?AAD?oeBgHKVO,22,5,5.6973240232,0.6973240232,1.1394648046,5.81348143,Solved
L?AA@AWT@SY@N_,21,5,5.6973240228,0.6973240228,1.1394648046,5.84393676,Solved
L?AA@AWs?sL_Jc,21,5,5.6973240228,0.6973240228,1.1394648046,5.85022751,Solved
L?AAD@oDfOIgk_,22,5,5.6973240227,0.6973240227,1.1394648045,5.84020209,Solved
L?AAD?Ws@WCeVO,21,5,5.6973240220,0.6973240220,1.1394648044,5.83696341,Solved
L?AAD?Ws@WBgHK,20,5,5.6973240214,0.6973240214,1.1394648043,5.83710788,Solved
L?AADBOY?wDcDS,21,5,5.6973240213,0.6973240213,1.1394648043,5.82978204,Solved
L?AAD?oq?wEaRW,21,5,5.6973240208,0.6973240208,1.1394648042,5.83934537,Solved
L?AA@agTAY]?aS,22,5,5.6973240205,0.6973240205,1.1394648041,5.83892871,Solved
L?AA@AWTBoEoic,22,5,5.6973240204,0.6973240204,1.1394648041,5.82940030,Solved
L?AA@BOR@sV?Jg,22,5,5.6973240203,0.6973240203,1.1394648041,5.83474119,Solved
L?AAD@oDdSIgk_,22,5,5.6973240202,0.6973240202,1.1394648040,5.83487576,Solved
L?AA@AOU@[Hcm_,21,5,5.6973240201,0.6973240201,1.1394648040,5.83652001,Solved
L?AA@bGw?wEcBS,21,5,5.6973240201,0.6973240201,1.1394648040,5.84904621,Solved
L?AA@aHY?s]?Ck,21,5,5.6973240200,0.6973240200,1.1394648040,5.82079804,Solved
L?AA@aHw?sN?Ck,21,5,5.6973240199,0.6973240199,1.1394648040,5.83788354,Solved
L?AA@aHwBgJ_BS,22,5,5.6973240196,0.6973240196,1.1394648039,5.84401237,Solved
L?AAD?oyBgHKVO,23,5,5.6973240193,0.6973240193,1.1394648039,5.82294430,Solved
L?AADAoY?[Hgi_,21,5,5.6973240188,0.6973240188,1.1394648038,5.84591477,Solved
L?AA@AOU@[Lcm_,22,5,5.6973240186,0.6973240186,1.1394648037,5.82462875,Solved
L?AA@AWs@Sm_N_,22,5,5.6973240186,0.6973240186,1.1394648037,5.81764456,Solved
L?AA@AOuBWFOJg,22,5,5.6973240185,0.6973240185,1.1394648037,5.82367926,Solved
L?AA@BOm@sM_Jg,23,5,5.6973240184,0.6973240184,1.1394648037,5.82617956,Solved
L?AA@AWs@sM_Jc,22,5,5.6973240183,0.6973240183,1.1394648037,5.83625532,Solved
L?AA@AOU?[VOZG,21,5,5.6973240182,0.6973240182,1.1394648036,5.81938152,Solved
L?AAD?oyAXIg^?,23,5,5.6973240182,0.6973240182,1.1394648036,5.81150302,Solved
L?AAD@oDdcIgBg,22,5,5.6973240181,0.6973240181,1.1394648036,5.84652219,Solved
L?AEB?We@gAwXC,21,5,5.6973240180,0.6973240180,1.1394648036,5.80730875,Solved
L?AA@BOR?sV?Bg,20,5,5.6973240180,0.6973240180,1.1394648036,5.83348961,Solved
L?AAF@Sa`WDSXC,22,5,5.6973240179,0.6973240179,1.1394648036,5.81591163,Solved
L?AA@BOTDoFOJg,22,5,5.6973240177,0.6973240177,1.1394648035,5.83937300,Solved
L?AA@AOU@[ROZG,21,5,5.6973240174,0.6973240174,1.1394648035,5.84051770,Solved
L?AA@aHw?wM_BS,21,5,5.6973240174,0.6973240174,1.1394648035,5.84317469,Solved
L?AA@AWsAWBOJc,20,5,5.6973240173,0.6973240173,1.1394648035,5.84031811,Solved
L?AA@agkAgHgaQ,21,5,5.6973240173,0.6973240173,1.1394648035,5.85123752,Solved
L?AAF@Sa`gEOgg,21,5,5.6973240173,0.6973240173,1.1394648035,5.82872041,Solved
L?AAD@oDdcIgBw,23,5,5.6973240170,0.6973240170,1.1394648034,5.84234886,Solved
L?AAD@oDdcIgAN,23,5,5.6973240168,0.6973240168,1.1394648034,5.82035897,Solved
L?AA@AOU?[ROZG,20,5,5.6973240167,0.6973240167,1.1394648033,5.83293001,Solved
L?AAD?cuF_HgUW,23,5,5.6973240166,0.6973240166,1.1394648033,5.83282710,Solved
L?AA@BOmCUDSuO,23,5,5.6973240166,0.6973240166,1.1394648033,5.80635752,Solved
L?AA@aHYF_ROCk,22,5,5.6973240166,0.6973240166,1.1394648033,5.82851548,Solved
L?AA@AWT@[N?ic,22,5,5.6973240164,0.6973240164,1.1394648033,5.82993926,Solved
L?AAD?oFEPM_RW,22,5,5.6973240164,0.6973240164,1.1394648033,5.83200506,Solved
L?AAD?oqIwM_RW,23,5,5.6973240164,0.6973240164,1.1394648033,5.83133839,Solved
L?AA@aHw@gJ_BS,21,5,5.6973240164,0.6973240164,1.1394648033,5.84384340,Solved
L?AAD?oq@gj_RW,22,5,5.6973240163,0.6973240163,1.1394648033,5.84117736,Solved
L?AAD@oIaW@wy?,21,5,5.6973240163,0.6973240163,1.1394648033,5.83726372,Solved
L?AA@BOR?sV?Jg,21,5,5.6973240162,0.6973240162,1.1394648032,5.83215575,Solved
L?AAD?oq?w@kLC,20,5,5.6973240162,0.6973240162,1.1394648032,5.84440930,Solved
L?AAD@OLDSCs}?,22,5,5.6973240162,0.6973240162,1.1394648032,5.80214372,Solved
L?AAD@oDdcL_TO,22,5,5.6973240161,0.6973240161,1.1394648032,5.81960983,Solved
L?AAD?Ws@Hl_VO,22,5,5.6973240158,0.6973240158,1.1394648032,5.84231291,Solved
L?AAD?sY?[TORO,21,5,5.6973240157,0.6973240157,1.1394648031,5.81427039,Solved
L?AADBOQPoB_Bw,21,5,5.6973119639,0.6973119639,1.1394623928,5.80150967,Solved
L?AADBOY@W@oFo,21,5,5.6971955693,0.6971955693,1.1394391139,5.80000635,Solved
L?AAD?sYCcH`m_,22,5,5.6971552653,0.6971552653,1.1394310531,5.81280315,Solved
L?AADBOF@c@wm_,22,5,5.6970483720,0.6970483720,1.1394096744,5.81069235,Solved
L?AA@AWFBoUORP,22,5,5.6969939125,0.6969939125,1.1393987825,5.80173865,Solved
L?AA@aHY@LZ?\?,22,5,5.6969896035,0.6969896035,1.1393979207,5.83779659,Solved
L?AADAoMAgHgN_,22,5,5.6969693739,0.6969693739,1.1393938748,5.81172258,Solved
L?AADAoY?sJ_RO,21,5,5.6969621794,0.6969621794,1.1393924359,5.82640763,Solved
L?AAD?w[?UROXA,21,5,5.6969387516,0.6969387516,1.1393877503,5.82314745,Solved
L?AA@aHXHsROL_,23,5,5.6968866163,0.6968866163,1.1393773233,5.84642357,Solved
L?AAD?w[?UBoLA,21,5,5.6968230719,0.6968230719,1.1393646144,5.81055084,Solved
L?AAD?w[?UROFo,22,5,5.6967134593,0.6967134593,1.1393426919,5.80318161,Solved
L?AADAoMAWBgL_,21,5,5.6966998144,0.6966998144,1.1393399629,5.81357592,Solved
L?AADAoY?wAwL_,21,5,5.6966875657,0.6966875657,1.1393375131,5.81269806,Solved
L?AADAw{?{@wM_,24,5,5.6966769371,0.6966769371,1.1393353874,5.85569631,Solved
L?AADBOFFOAwUO,22,5,5.6966435035,0.6966435035,1.1393287007,5.80001010,Solved
L?AB?qQUAWCg}?,22,5,5.6966299987,0.6966299987,1.1393259997,5.80787758,Solved
L?AA@aHw?lM_}?,23,5,5.6966078728,0.6966078728,1.1393215746,5.80408478,Solved
L?AA@AW[?]BoN?,21,5,5.6965734988,0.6965734988,1.1393146998,5.81413106,Solved
L?AADBOJ?sN?Hg,21,5,5.6965628538,0.6965628538,1.1393125708,5.81658116,Solved
L?AAD@OJ@sM_ig,22,5,5.6965065232,0.6965065232,1.1393013046,5.81399338,Solved
L?AAD?wXCcEoRA,21,5,5.6964777389,0.6964777389,1.1392955478,5.80098229,Solved
L?AAD?w[?UBoXA,21,5,5.6964360040,0.6964360040,1.1392872008,5.81641195,Solved
L?AA@AOT@kTQJg,22,5,5.6964316350,0.6964316350,1.1392863270,5.81615871,Solved
L?AADBOX?wUOHg,21,5,5.6964316330,0.6964316330,1.1392863266,5.82584251,Solved
L?AA@BOR@T\?kc,22,5,5.6964316325,0.6964316325,1.1392863265,5.83052247,Solved
L?AAD?oq?UCqm_,21,5,5.6964316322,0.6964316322,1.1392863264,5.80091592,Solved
L?AAD?WsDcKcHk,22,5,5.6964316314,0.6964316314,1.1392863263,5.83209327,Solved
L?AAD?oq?UCqi_,20,5,5.6964316314,0.6964316314,1.1392863263,5.84454190,Solved
L?AA@AOTFODUZG,22,5,5.6964316313,0.6964316313,1.1392863263,5.81304779,Solved
L?AADBOY@cAYIg,21,5,5.6964316311,0.6964316311,1.1392863262,5.83729212,Solved
L?AA@AOqCsDSZG,21,5,5.6964316300,0.6964316300,1.1392863260,5.84067125,Solved
L?AADBOX?sUOHg,21,5,5.6964316295,0.6964316295,1.1392863259,5.84974174,Solved
L?AADBOXDcCsN_,23,5,5.6964316289,0.6964316289,1.1392863258,5.80558631,Solved
L?AA@BOT@cVOJg,22,5,5.6964316281,0.6964316281,1.1392863256,5.83871293,Solved
L?AA@AOuDSLCJg,22,5,5.6964316278,0.6964316278,1.1392863256,5.82017695,Solved
L?AA@AOqBgEqZG,22,5,5.6964316275,0.6964316275,1.1392863255,5.81168804,Solved
L?AADBOXDcCsm_,23,5,5.6964316275,0.6964316275,1.1392863255,5.82937573,Solved
L?AADBOXDcCsu@,23,5,5.6964316268,0.6964316268,1.1392863254,5.81218752,Solved
L?AAD@cHcoA[k_,21,5,5.6964316268,0.6964316268,1.1392863254,5.84352787,Solved
L?AADBOXDcCseD,23,5,5.6964316266,0.6964316266,1.1392863253,5.81778571,Solved
L?AA@AOTEoEoic,21,5,5.6964316265,0.6964316265,1.1392863253,5.82463505,Solved
L?AADBOXDcCsJg,23,5,5.6964316264,0.6964316264,1.1392863253,5.81460738,Solved
L?AA@AOqCsDSLc,21,5,5.6964316260,0.6964316260,1.1392863252,5.80853293,Solved
L?AA@aHwAY@qXG,22,5,5.6964316258,0.6964316258,1.1392863252,5.81778091,Solved
L?AAD?oq?UK`RW,21,5,5.6964316258,0.6964316258,1.1392863252,5.85170015,Solved
L?AA@AOqAgLcLc,21,5,5.6964316257,0.6964316257,1.1392863251,5.80821550,Solved
L?AA@AOqAgROLc,20,5,5.6964316256,0.6964316256,1.1392863251,5.84795946,Solved
L?AA@AOqAgVOLc,21,5,5.6964316254,0.6964316254,1.1392863251,5.81958963,Solved
L?AA@AOqAgHcIi,20,5,5.6964316254,0.6964316254,1.1392863251,5.80048673,Solved
L?AA@AOqAgHcLc,20,5,5.6964316254,0.6964316254,1.1392863251,5.81913342,Solved
L?AA@BOi?\L_m_,22,5,5.6964316252,0.6964316252,1.1392863250,5.83446076,Solved
L?AA@AOTCsEoIk,21,5,5.6964316251,0.6964316251,1.1392863250,5.82704604,Solved
L?AA@BORDO@sTA,20,5,5.6964316250,0.6964316250,1.1392863250,5.82906207,Solved
L?AA@AOT?k^?ic,21,5,5.6964316248,0.6964316248,1.1392863250,5.80026185,Solved
L?AA@BOi@XM_TS,22,5,5.6964316246,0.6964316246,1.1392863249,5.83630123,Solved
L?AA@AOqBgVOLc,22,5,5.6964316246,0.6964316246,1.1392863249,5.80583703,Solved
L?AADBOX?wAYTO,21,5,5.6964316245,0.6964316245,1.1392863249,5.83799221,Solved
L?AA@BOLDoIgqS,22,5,5.6964316245,0.6964316245,1.1392863249,5.84391225,Solved
L?AA@BOT@cROJg,21,5,5.6964316242,0.6964316242,1.1392863248,5.84845359,Solved
L?AADBOXDcCsec,23,5,5.6964316242,0.6964316242,1.1392863248,5.83210699,Solved
L?AADBOXDcBoHg,22,5,5.6964316240,0.6964316240,1.1392863248,5.82246771,Solved
L?AAD?oXEPHgA{,22,5,5.6964316237,0.6964316237,1.1392863247,5.83027227,Solved
L?AA@AOT@kTQ}?,22,5,5.6964316236,0.6964316236,1.1392863247,5.80429323,Solved
L?AA@AOTEoLCic,21,5,5.6964316233,0.6964316233,1.1392863247,5.81937629,Solved
L?AA@AOqAXM_Lc,21,5,5.6964316232,0.6964316232,1.1392863246,5.83906877,Solved
L?AA@BOiCsL_Jg,22,5,5.6964316231,0.6964316231,1.1392863246,5.83443335,Solved
L?AA@AOqCsM_Lc,21,5,5.6964316230,0.6964316230,1.1392863246,5.84621150,Solved
L?AADBOXDcCs^?,23,5,5.6964316229,0.6964316229,1.1392863246,5.82207317,Solved
L?AA@BORDO@sm_,21,5,5.6964316227,0.6964316227,1.1392863245,5.83986287,Solved
L?AAD?oqDS@[RW,22,5,5.6964316227,0.6964316227,1.1392863245,5.84559625,Solved
L?AA@BORDOVOJg,22,5,5.6964316225,0.6964316225,1.1392863245,5.82786318,Solved
L?AADBOXDcCs}?,23,5,5.6964316225,0.6964316225,1.1392863245,5.82989238,Solved
L?AAD?oq?UK`RO,20,5,5.6964316225,0.6964316225,1.1392863245,5.85213400,Solved
L?AAD?WsAiKcHk,22,5,5.6964316223,0.6964316223,1.1392863245,5.82270851,Solved
L?AAD?oq@K`[i_,21,5,5.6964316223,0.6964316223,1.1392863245,5.84586129,Solved
L?AADBOJ?ecsk_,22,5,5.6964316222,0.6964316222,1.1392863244,5.83338170,Solved
L?AAD@OXDSCsA{,22,5,5.6964316221,0.6964316221,1.1392863244,5.84360417,Solved
L?AAD?w[?UBo\A,22,5,5.6964291180,0.6964291180,1.1392858236,5.81538780,Solved
L?AAD?wT?m\?VO,23,5,5.6964089082,0.6964089082,1.1392817816,5.80906328,Solved
L?AADAoY?[J_RO,21,5,5.6963891075,0.6963891075,1.1392778215,5.81170278,Solved
L?AAD@WLDSIgy?,22,5,5.6963724165,0.6963724165,1.1392744833,5.80726264,Solved
L?AADAoU@sHg^?,23,5,5.6963348649,0.6963348649,1.1392669730,5.81194855,Solved
L?AAD?WsDcDoBs,22,5,5.6963251378,0.6963251378,1.1392650276,5.81318699,Solved
L?AAD?wFF_@we_,22,5,5.6963019049,0.6963019049,1.1392603810,5.82524680,Solved
L?AA@BOVBoTOJg,23,5,5.6962315959,0.6962315959,1.1392463192,5.80359075,Solved
L?AAD?We@gBgXK,21,5,5.6962315944,0.6962315944,1.1392463189,5.81225324,Solved
L?AA@BORDoDsm_,23,5,5.6962315924,0.6962315924,1.1392463185,5.80021826,Solved
L?AA@BOBloL_m_,23,5,5.6962315924,0.6962315924,1.1392463185,5.80120216,Solved
L?AA@aoLAX\?qS,23,5,5.6962315918,0.6962315918,1.1392463184,5.81353220,Solved
L?AA@BORCsV?Jg,22,5,5.6962315915,0.6962315915,1.1392463183,5.80364864,Solved
L?AAF@Sa`gEogg,22,5,5.6962315910,0.6962315910,1.1392463182,5.80708264,Solved
L?AA@BOR?\V?m_,22,5,5.6962315908,0.6962315908,1.1392463182,5.80799611,Solved
L?AAD?oL?yZ?Q[,22,5,5.6962315907,0.6962315907,1.1392463181,5.81435199,Solved
L?AAD?oLEoHMVO,23,5,5.6962315905,0.6962315905,1.1392463181,5.80966598,Solved
L?AAD?We@gJgXK,22,5,5.6962315895,0.6962315895,1.1392463179,5.80214391,Solved
L?AA@_omBWXGRW,23,5,5.6962315892,0.6962315892,1.1392463178,5.81020593,Solved
L?AAD?WeBgKeVO,23,5,5.6962315878,0.6962315878,1.1392463176,5.81096576,Solved
L?AAD?omEPIgVO,23,5,5.6962315871,0.6962315871,1.1392463174,5.80352045,Solved
L?AA@aHRRH]?}?,24,5,5.6962315869,0.6962315869,1.1392463174,5.80248818,Solved
L?AA@BOTCsFOJg,22,5,5.6962315868,0.6962315868,1.1392463174,5.81101116,Solved
L?AAD?WeBgBgXK,22,5,5.6962315865,0.6962315865,1.1392463173,5.81862014,Solved
L?AA@BOV@wUOJg,23,5,5.6962315864,0.6962315864,1.1392463173,5.80699959,Solved
L?AAD?WHJgV?US,22,5,5.6962315861,0.6962315861,1.1392463172,5.81404767,Solved
L?AAD?cmEoIgUW,23,5,5.6962315859,0.6962315859,1.1392463172,5.80675677,Solved
L?AA@agLAWPIkA,21,5,5.6962315857,0.6962315857,1.1392463171,5.80855747,Solved
L?AA@AWT@kZ?ic,22,5,5.6962315856,0.6962315856,1.1392463171,5.81036761,Solved
L?AAD@oIao@[UO,21,5,5.6962315854,0.6962315854,1.1392463171,5.81728490,Solved
L?AADbGR@SDogc,22,5,5.6962315849,0.6962315849,1.1392463170,5.80970180,Solved
L?AADbGR@SCsi_,22,5,5.6962315848,0.6962315848,1.1392463170,5.81385062,Solved
L?AA@AWsCsL_Jc,22,5,5.6962315845,0.6962315845,1.1392463169,5.80995768,Solved
L?AA@AWsAWDqm_,22,5,5.6962315842,0.6962315842,1.1392463168,5.80264790,Solved
L?AA@bGR@SCsi_,21,5,5.6962315842,0.6962315842,1.1392463168,5.80625664,Solved
L?AADb_T?lUOFg,24,5,5.6962315839,0.6962315839,1.1392463168,5.80384895,Solved
L?AA@BOT?sVOJg,22,5,5.6962315839,0.6962315839,1.1392463168,5.80120658,Solved
L?AAD?cmBgJCUW,23,5,5.6962315839,0.6962315839,1.1392463168,5.80763256,Solved
L?AAD?WHJgZAVO,23,5,5.6962315838,0.6962315838,1.1392463168,5.80684583,Solved
L?AA@AWsAWROJc,21,5,5.6962315838,0.6962315838,1.1392463168,5.80021800,Solved
L?AA@aHkAYKc}?,23,5,5.6962315837,0.6962315837,1.1392463167,5.81614475,Solved
L?AAD?WHKom_VO,22,5,5.6962315836,0.6962315836,1.1392463167,5.82183483,Solved
L?AADbGI`LHgi_,23,5,5.6962315830,0.6962315830,1.1392463166,5.80438666,Solved
L?AAD@W[?UtOUO,22,5,5.6962315830,0.6962315830,1.1392463166,5.82161113,Solved
L?AA@agR?]\?gc,22,5,5.6962315822,0.6962315822,1.1392463164,5.80095204,Solved
L?AA@aHiAgN?Dk,22,5,5.6961880732,0.6961880732,1.1392376146,5.82573432,Solved
L?AAD?oTDSBgN_,22,5,5.6961712905,0.6961712905,1.1392342581,5.80713845,Solved
L?AADBOIdoBoBw,23,5,5.6961642672,0.6961642672,1.1392328534,5.83075689,Solved
L?AADBOJ@LZ?N_,23,5,5.6961220791,0.6961220791,1.1392244158,5.80344103,Solved
L?AA@BOBdoFOuO,22,5,5.6960727197,0.6960727197,1.1392145439,5.80500838,Solved
L?AADBOJ?sUOBw,22,5,5.6960423343,0.6960423343,1.1392084669,5.81974267,Solved
L?AAD@WLFOTOTP,23,5,5.6960421662,0.6960421662,1.1392084332,5.80661156,Solved
L?AADBOM?yJ_Aw,22,5,5.6960051884,0.6960051884,1.1392010377,5.81623104,Solved
L?AADAoMAWBgN_,22,5,5.6959438052,0.6959438052,1.1391887610,5.81039050,Solved
L?AAD?w[?UBW\A,22,5,5.6959362354,0.6959362354,1.1391872471,5.80578985,Solved
L?AADBOM?yJ_Bw,23,5,5.6959182738,0.6959182738,1.1391836548,5.80915221,Solved
L?AADAoMAgHgBw,22,5,5.6958950735,0.6958950735,1.1391790147,5.81798105,Solved
L?AAD?s[?UBom?,21,5,5.6958313922,0.6958313922,1.1391662784,5.81611438,Solved
L?AA@agw?w@wM_,21,5,5.6958238087,0.6958238087,1.1391647617,5.81698293,Solved
L?AA@aHw?km_]?,22,5,5.6957531989,0.6957531989,1.1391506398,5.80786238,Solved
L?AADAoFBo@wL_,22,5,5.6957417195,0.6957417195,1.1391483439,5.80634716,Solved
L?AAD?oFFOAwi_,21,5,5.6957408715,0.6957408715,1.1391481743,5.80800600,Solved
L?AADAoU?{@wM_,22,5,5.6957318573,0.6957318573,1.1391463715,5.83708073,Solved
L?AA@bGw?wAqm_,22,5,5.6956913371,0.6956913371,1.1391382674,5.81210547,Solved
L?AEB?WHKam_]?,22,5,5.6956810117,0.6956810117,1.1391362023,5.80177341,Solved
L?AAD?wFF_@wk_,22,5,5.6956229260,0.6956229260,1.1391245852,5.82862415,Solved
L?AADAoU@wHge_,22,5,5.6955629222,0.6955629222,1.1391125844,5.82112088,Solved
L?AADBOJDcFOBw,23,5,5.6955525134,0.6955525134,1.1391105027,5.81332534,Solved
L?AADBOmAw@wFO,23,5,5.6955341657,0.6955341657,1.1391068331,5.81395197,Solved
L?AADBOY@WAgBo,20,5,5.6955258920,0.6955258920,1.1391051784,5.80409818,Solved
L?AAD?wLEOAhm_,22,5,5.6955212464,0.6955212464,1.1391042493,5.80188445,Solved
L?AAD?oFFOAwm_,22,5,5.6954856092,0.6954856092,1.1390971218,5.80463681,Solved
L?AAD?wFF_@wm_,23,5,5.6954628681,0.6954628681,1.1390925736,5.81182860,Solved
L?AADBOY@W@wFO,21,5,5.6954361892,0.6954361892,1.1390872378,5.80680565,Solved
L?AAD?Ws?sDoHk,21,5,5.6954036159,0.6954036159,1.1390807232,5.80166726,Solved
L?AADAoY?kJ_FO,21,5,5.6953950821,0.6953950821,1.1390790164,5.81945480,Solved
L?AADAoY?wIgm_,22,5,5.6953825591,0.6953825591,1.1390765118,5.80126728,Solved
L?AADBOK_{@wm_,23,5,5.6953416193,0.6953416193,1.1390683239,5.80142003,Solved
L?AAD?w[?YBom_,22,5,5.6953324722,0.6953324722,1.1390664944,5.81761680,Solved
L?AA@aHkBOHg\G,22,5,5.6953287227,0.6953287227,1.1390657445,5.83898123,Solved
L?AA@AOU@TN_m_,22,5,5.6953287219,0.6953287219,1.1390657444,5.80259377,Solved
L?AAD?oq@wHcLC,21,5,5.6953287218,0.6953287218,1.1390657444,5.82381679,Solved
L?AA@AOFBoDSm_,21,5,5.6953287213,0.6953287213,1.1390657443,5.80664784,Solved
L?AAD?Ws@LIg\?,21,5,5.6953287211,0.6953287211,1.1390657442,5.81908883,Solved
L?AA@aHw@oHg\G,22,5,5.6953287208,0.6953287208,1.1390657442,5.80928801,Solved
L?AA@BOR@cDS}?,21,5,5.6953287207,0.6953287207,1.1390657441,5.83324228,Solved
L?AA@AOFAoDSm_,20,5,5.6953287206,0.6953287206,1.1390657441,5.81991340,Solved
L?AA@AOuBPFON_,22,5,5.6953287205,0.6953287205,1.1390657441,5.80587587,Solved
L?AA@AOq@g@kVO,20,5,5.6953287204,0.6953287204,1.1390657441,5.81798492,Solved
L?AADBOQPgF_HK,21,5,5.6953287201,0.6953287201,1.1390657440,5.80906117,Solved
L?AA@AOq?wBoZG,20,5,5.6953287200,0.6953287200,1.1390657440,5.81131133,Solved
L?AA@BOi@cIgDs,21,5,5.6953287200,0.6953287200,1.1390657440,5.84111387,Solved
L?AA@AOq@WPWBw,20,5,5.6953287198,0.6953287198,1.1390657440,5.81217682,Solved
L?AAD?Ws?yKc^?,22,5,5.6953287197,0.6953287197,1.1390657439,5.80741442,Solved
L?AA@aHwAYN?\G,23,5,5.6953287196,0.6953287196,1.1390657439,5.80164548,Solved
L?AAD?oq?il_RW,22,5,5.6953287194,0.6953287194,1.1390657439,5.82138942,Solved
L?AA@AOq@sHcJg,21,5,5.6953287192,0.6953287192,1.1390657438,5.80848570,Solved
L?AA@_gaQ`EQ}?,21,5,5.6953287191,0.6953287191,1.1390657438,5.81941024,Solved
L?AA@AOUDSHcJg,21,5,5.6953287190,0.6953287190,1.1390657438,5.81289003,Solved
L?AA@BOi?wEoTC,20,5,5.6953287189,0.6953287189,1.1390657438,5.80953253,Solved
L?AA@BOi?wDcVO,21,5,5.6953287189,0.6953287189,1.1390657438,5.80483106,Solved
L?AADBOQPgD_HK,20,5,5.6953287188,0.6953287188,1.1390657438,5.80842352,Solved
L?AAD?oUCTJGm_,22,5,5.6953287188,0.6953287188,1.1390657438,5.80775122,Solved
L?AA@BOi@XIg^?,22,5,5.6953287188,0.6953287188,1.1390657438,5.80552054,Solved
L?AA@BOR@TUO}?,22,5,5.6953287186,0.6953287186,1.1390657437,5.81318136,Solved
L?AAD@OJEoDcVO,22,5,5.6953287186,0.6953287186,1.1390657437,5.82528977,Solved
L?AA@BOi?[HgqO,20,5,5.6953287183,0.6953287183,1.1390657437,5.80677699,Solved
L?AAD?oLAoHcqK,21,5,5.6953287182,0.6953287182,1.1390657436,5.81838934,Solved
L?AAD@oRCT@wZ?,22,5,5.6953287179,0.6953287179,1.1390657436,5.82101652,Solved
L?AAD?oq?[DoRO,20,5,5.6953287179,0.6953287179,1.1390657436,5.82657404,Solved
L?AA@AOyAwBgZG,22,5,5.6953287176,0.6953287176,1.1390657435,5.80965197,Solved
L?AA@AOq@sDsZG,22,5,5.6953287176,0.6953287176,1.1390657435,5.80159670,Solved
L?AA@AOqDS@kJg,21,5,5.6953287174,0.6953287174,1.1390657435,5.80447879,Solved
L?AA@BOLCeAwA{,22,5,5.6953287173,0.6953287173,1.1390657435,5.82061733,Solved
L?AA@AOT?{TOJg,21,5,5.6953287172,0.6953287172,1.1390657434,5.81079288,Solved
L?AA@BOi?\HgqO,21,5,5.6953287168,0.6953287168,1.1390657434,5.81182528,Solved
L?AA@AOq@wHcN_,21,5,5.6953287167,0.6953287167,1.1390657433,5.81423415,Solved
L?AA@AOq?s@sZG,20,5,5.6953287167,0.6953287167,1.1390657433,5.80660243,Solved
L?AAD?Ws@KM_TO,20,5,5.6953287166,0.6953287166,1.1390657433,5.81038318,Solved
L?AA@bGwAYEc^?,23,5,5.6953287165,0.6953287165,1.1390657433,5.81578469,Solved
L?AA@AOFFOBoZG,21,5,5.6953287164,0.6953287164,1.1390657433,5.81906671,Solved
L?AA@BOLCUAwco,21,5,5.6953287162,0.6953287162,1.1390657432,5.80776610,Solved
L?AA@BOJEoEocc,21,5,5.6953287162,0.6953287162,1.1390657432,5.81346292,Solved
L?AA@AOTCsDSN_,21,5,5.6953287162,0.6953287162,1.1390657432,5.81520993,Solved
L?AA@BOTCcF_Ik,21,5,5.6953287161,0.6953287161,1.1390657432,5.80795242,Solved
L?AADBOKaiAwiB,23,5,5.6953287160,0.6953287160,1.1390657432,5.81274006,Solved
L?AA@BOi@XJ_VO,22,5,5.6953287160,0.6953287160,1.1390657432,5.81080528,Solved
L?AA@AOq@gBgRW,20,5,5.6953287160,0.6953287160,1.1390657432,5.81624676,Solved
L?AA@aHw?]L_XG,22,5,5.6953287159,0.6953287159,1.1390657432,5.81407141,Solved
L?AA@_gaQY]?\C,22,5,5.6953287159,0.6953287159,1.1390657432,5.80400686,Solved
L?AADBOKaiAwBw,23,5,5.6953287159,0.6953287159,1.1390657432,5.80060170,Solved
L?AA@AOu@TL_m_,22,5,5.6953287158,0.6953287158,1.1390657432,5.80348371,Solved
L?AA@BOLFOQWDq,22,5,5.6953287158,0.6953287158,1.1390657432,5.81782953,Solved
L?AA@AWs@Wm_m_,22,5,5.6953287158,0.6953287158,1.1390657432,5.80569254,Solved
L?AAD@OXCTDoBw,22,5,5.6953287157,0.6953287157,1.1390657431,5.82959966,Solved
L?AADBOQRgF_HK,22,5,5.6953287157,0.6953287157,1.1390657431,5.82145120,Solved
L?AA@AOFAoDSe_,19,5,5.6953287156,0.6953287156,1.1390657431,5.81194913,Solved
L?AA@BOi?[J_TC,20,5,5.6953287156,0.6953287156,1.1390657431,5.80736373,Solved
L?AA@AOTDSDsN_,22,5,5.6953287156,0.6953287156,1.1390657431,5.80730994,Solved
L?AA@AOU@TJ_m_,21,5,5.6953287154,0.6953287154,1.1390657431,5.81465897,Solved
L?AA@BOTDoEoIk,22,5,5.6953287150,0.6953287150,1.1390657430,5.81022749,Solved
L?AADBOKaiAwRS,23,5,5.6953287150,0.6953287150,1.1390657430,5.80404640,Solved
L?AADBOKaiAwB[,23,5,5.6953287150,0.6953287150,1.1390657430,5.81247303,Solved
L?AAD?WHM_F_VO,21,5,5.6953287149,0.6953287149,1.1390657430,5.82157688,Solved
L?AAD?WHM_Jg^?,22,5,5.6953287149,0.6953287149,1.1390657430,5.82399828,Solved
L?AA@BOL?UQWDo,20,5,5.6953287149,0.6953287149,1.1390657430,5.82024169,Solved
L?AAD@OXCT@wJg,22,5,5.6953287149,0.6953287149,1.1390657430,5.82236401,Solved
L?AA@BOi?kF_TC,20,5,5.6953287148,0.6953287148,1.1390657430,5.81063642,Solved
L?AA@_gaU_Hg\C,21,5,5.6953287148,0.6953287148,1.1390657430,5.81105629,Solved
L?AADBOL?k\?TO,21,5,5.6953287146,0.6953287146,1.1390657429,5.81396462,Solved
L?AADBOKaiAwAN,23,5,5.6953287146,0.6953287146,1.1390657429,5.80404869,Solved
L?AA@_gkBgXGRS,22,5,5.6953287146,0.6953287146,1.1390657429,5.80830148,Solved
L?AA@AWTFOHgaS,21,5,5.6953287146,0.6953287146,1.1390657429,5.80881067,Solved
L?AAD?sYCcaw\?,22,5,5.6953287146,0.6953287146,1.1390657429,5.83642738,Solved
L?AA@AOUDSDsZG,22,5,5.6953287145,0.6953287145,1.1390657429,5.80965362,Solved
L?AAD?oq@ghc^?,22,5,5.6953287145,0.6953287145,1.1390657429,5.81809821,Solved
L?AA@AOU@TRO^?,21,5,5.6953287145,0.6953287145,1.1390657429,5.80317703,Solved
L?AA@AOFFOFoZG,22,5,5.6953287144,0.6953287144,1.1390657429,5.80270794,Solved
L?AA@AOq@wFoZG,22,5,5.6953287143,0.6953287143,1.1390657429,5.80260966,Solved
L?AA@AOq?sDsZG,21,5,5.6953287143,0.6953287143,1.1390657429,5.81280607,Solved
L?AA@AOuBPDom_,22,5,5.6953287143,0.6953287143,1.1390657429,5.80159071,Solved
L?AA@AOuBPF_N_,22,5,5.6953287142,0.6953287142,1.1390657428,5.80554706,Solved
L?AAD?wXCcAwL_,21,5,5.6953287142,0.6953287142,1.1390657428,5.81229753,Solved
L?AA@BOLCeAwBw,22,5,5.6953287142,0.6953287142,1.1390657428,5.81218733,Solved
L?AADBOL?kHITO,21,5,5.6953287142,0.6953287142,1.1390657428,5.82123448,Solved
L?AA@BOR@cAwTO,20,5,5.6953287141,0.6953287141,1.1390657428,5.80529186,Solved
L?AAD?oq?[DoRW,21,5,5.6953287140,0.6953287140,1.1390657428,5.82375323,Solved
L?AAD@oRCTL_Bw,23,5,5.6953287140,0.6953287140,1.1390657428,5.82103956,Solved
L?AA@_gaQ`V?JA,20,5,5.6953287140,0.6953287140,1.1390657428,5.80595747,Solved
L?AA@ag[CcHGas,21,5,5.6953287139,0.6953287139,1.1390657428,5.83434619,Solved
L?AAD?oeBGBgEQ,20,5,5.6953287139,0.6953287139,1.1390657428,5.81377454,Solved
L?AA@aHw?[L_XG,21,5,5.6953287138,0.6953287138,1.1390657428,5.80754809,Solved
L?AA@AOq@wBoZG,21,5,5.6953287138,0.6953287138,1.1390657428,5.81143432,Solved
L?AA@BOT@TUO^?,22,5,5.6953287137,0.6953287137,1.1390657427,5.81263689,Solved
L?AA@AWs@WEoca,20,5,5.6953287137,0.6953287137,1.1390657427,5.81361859,Solved
L?AADBOKdSAwTQ,23,5,5.6953287137,0.6953287137,1.1390657427,5.82052799,Solved
L?AA@AOq@gJgRW,21,5,5.6953287137,0.6953287137,1.1390657427,5.81379408,Solved
L?AA@AOq@wDoZG,21,5,5.6953287135,0.6953287135,1.1390657427,5.80095520,Solved
L?AA@AOq?sHcJg,20,5,5.6953287135,0.6953287135,1.1390657427,5.80421480,Solved
L?AADBOY@cAwTO,21,5,5.6953287135,0.6953287135,1.1390657427,5.80751068,Solved
L?AAD@oR?VTOy?,22,5,5.6953287134,0.6953287134,1.1390657427,5.81230711,Solved
L?AA@BOLCeAwYB,22,5,5.6953287134,0.6953287134,1.1390657427,5.83092682,Solved
L?AA@AOq?w@oZG,19,5,5.6953287134,0.6953287134,1.1390657427,5.81466359,Solved
L?AA@bGw?YF_LG,21,5,5.6953287134,0.6953287134,1.1390657427,5.83566002,Solved
L?AA@AOy?{DoZG,22,5,5.6953287134,0.6953287134,1.1390657427,5.80508541,Solved
L?AA@AOq?wDoZG,20,5,5.6953287133,0.6953287133,1.1390657427,5.80136018,Solved
L?AA@_gkCQI_BS,19,5,5.6953287133,0.6953287133,1.1390657427,5.81859895,Solved
L?AA@BOLFOAwco,21,5,5.6953287132,0.6953287132,1.1390657426,5.83128922,Solved
L?AAD?oq?ZL_DS,21,5,5.6953287132,0.6953287132,1.1390657426,5.82051513,Solved
L?AAD?sYCcM_Ds,22,5,5.6953287132,0.6953287132,1.1390657426,5.84180377,Solved
L?AADBOJ?VL_i_,22,5,5.6953287132,0.6953287132,1.1390657426,5.82376147,Solved
L?AA@AOU@wDSm_,21,5,5.6953287130,0.6953287130,1.1390657426,5.80587878,Solved
L?AA@BOi?[Ia^?,21,5,5.6953287129,0.6953287129,1.1390657426,5.81411124,Solved
L?AA@ag[DcXGas,23,5,5.6953287128,0.6953287128,1.1390657426,5.82744175,Solved
L?AA@BOJ?V\?qO,21,5,5.6953287128,0.6953287128,1.1390657426,5.81937711,Solved
L?AA@BOi@XHgVO,22,5,5.6953287127,0.6953287127,1.1390657425,5.81263237,Solved
L?AAD?WHM_Bg^?,21,5,5.6953287126,0.6953287126,1.1390657425,5.82920255,Solved
L?AAD?oUDSHKAw,21,5,5.6953287126,0.6953287126,1.1390657425,5.81656424,Solved
L?AAD?sYCcAw\?,21,5,5.6953287126,0.6953287126,1.1390657425,5.82981317,Solved
L?AAD?oeBGBHVO,21,5,5.6953287125,0.6953287125,1.1390657425,5.81891859,Solved
L?AA@BOi?wBoTC,20,5,5.6953287125,0.6953287125,1.1390657425,5.80467027,Solved
L?AA@_gkAgXGRS,21,5,5.6953287124,0.6953287124,1.1390657425,5.81084866,Solved
L?AADBOKaiAwqC,22,5,5.6953287123,0.6953287123,1.1390657425,5.80127717,Solved
L?AA@BOqBg@kVO,22,5,5.6953287122,0.6953287122,1.1390657424,5.80375160,Solved
L?AAD?oLAoHcaK,20,5,5.6953287120,0.6953287120,1.1390657424,5.82928492,Solved
L?AADBOL?kTOTP,22,5,5.6953287119,0.6953287119,1.1390657424,5.82175533,Solved
L?AA@ag[CcHGAs,20,5,5.6953287119,0.6953287119,1.1390657424,5.84798481,Solved
L?AA@_gkCQI_RS,20,5,5.6953287118,0.6953287118,1.1390657424,5.82160768,Solved
L?AB?qQUAWCky?,22,5,5.6952745107,0.6952745107,1.1390549021,5.82003145,Solved
L?AAD@Oi?wDoFo,21,5,5.6952236188,0.6952236188,1.1390447238,5.80779186,Solved
L?AAD?sYCcHgm?,21,5,5.6951399302,0.6951399302,1.1390279860,5.81106937,Solved
L?AAD?w[?]Boe_,22,5,5.6951115542,0.6951115542,1.1390223108,5.82537665,Solved
L?AAD@OM@[M_Bw,22,5,5.6950974878,0.6950974878,1.1390194976,5.81257737,Solved
L?AAD?w[?]Bom_,23,5,5.6950935040,0.6950935040,1.1390187008,5.81159470,Solved
L?AAD@oI_wZ?Bg,21,5,5.6950741381,0.6950741381,1.1390148276,5.80662174,Solved
L?AA@AWs@[FOBs,22,5,5.6950666223,0.6950666223,1.1390133245,5.80045020,Solved
L?AAD?sY?kBW{?,21,5,5.6950501832,0.6950501832,1.1390100366,5.80655455,Solved
L?AADBOI`w@wm?,22,5,5.6950374058,0.6950374058,1.1390074812,5.83411831,Solved
L?AAD@OM@[TOBw,22,5,5.6949121355,0.6949121355,1.1389824271,5.80037942,Solved
L?AADAoMAwHgN_,23,5,5.6948038984,0.6948038984,1.1389607797,5.81953831,Solved
L?AAD?Ws?Ydom_,22,5,5.6948008212,0.6948008212,1.1389601642,5.80604791,Solved
L?AAD?w[?k@q\?,21,5,5.6947415476,0.6947415476,1.1389483095,5.80681885,Solved
L?AA@BOi?{FOBw,22,5,5.6946564694,0.6946564694,1.1389312939,5.80101060,Solved
L?AAD?wT?y\?Bo,22,5,5.6946430769,0.6946430769,1.1389286154,5.81421306,Solved
L?AAD@OM?ZUOJg,22,5,5.6945746180,0.6945746180,1.1389149236,5.80976252,Solved
L?AA@AWs?{FOBs,22,5,5.6945698739,0.6945698739,1.1389139748,5.80008668,Solved
L?AAD@OM@[M_ig,22,5,5.6945450133,0.6945450133,1.1389090027,5.81474627,Solved
L?AADAoFFOFODq,23,5,5.6945372635,0.6945372635,1.1389074527,5.80869614,Solved
L?AA@ag[?YJ_ga,21,5,5.6945029125,0.6945029125,1.1389005825,5.81153532,Solved
L?AADAoLAoHgm_,22,5,5.6944843107,0.6944843107,1.1388968621,5.80129183,Solved
L?AADAoM?wJgBw,23,5,5.6944364982,0.6944364982,1.1388872996,5.80410370,Solved
L?AA@AOQBgAqTO,19,5,5.6943622923,0.6943622923,1.1388724585,5.80707257,Solved
L?AA@AOQ@gIgDs,19,5,5.6943622892,0.6943622892,1.1388724578,5.81135269,Solved
L?AAD?wVAiTO{?,23,5,5.6942912504,0.6942912504,1.1388582501,5.80581074,Solved
L?AADBOJ@LFO}?,23,5,5.6942576486,0.6942576486,1.1388515297,5.81672746,Solved
L?AAD@oX?wUOac,21,5,5.6942142789,0.6942142789,1.1388428558,5.80654285,Solved
L?AAD?wUAiTOF_,22,5,5.6941797446,0.6941797446,1.1388359489,5.83919321,Solved
L?AAD@ON@[M_ig,23,5,5.6941377374,0.6941377374,1.1388275475,5.81285886,Solved
L?AADbGY?wEOHg,21,5,5.6941077328,0.6941077328,1.1388215466,5.81681299,Solved
L?AAD_sYCSI`i_,22,5,5.6941017325,0.6941017325,1.1388203465,5.85280704,Solved
L?AADBOM?]J_RO,22,5,5.6940690215,0.6940690215,1.1388138043,5.80548738,Solved
L?AAD@OMAYUON_,22,5,5.6937810775,0.6937810775,1.1387562155,5.80773987,Solved
L?AADBOFFODoHg,22,5,5.6936926602,0.6936926602,1.1387385320,5.80798271,Solved
L?AADBOMAwHgBw,23,5,5.6936229226,0.6936229226,1.1387245845,5.80196984,Solved
L?AAD@WKbW]?RS,23,5,5.6936137975,0.6936137975,1.1387227595,5.80590999,Solved
L?AAD?wT@[J_Ic,22,5,5.6935037229,0.6935037229,1.1387007446,5.82410106,Solved
L?AAD?W\DSIgy?,22,5,5.6934905811,0.6934905811,1.1386981162,5.80587276,Solved
L?AB?qQUAWCkm?,22,5,5.6934597714,0.6934597714,1.1386919543,5.81860401,Solved
L?AAD@oI_w@s}?,22,5,5.6932990222,0.6932990222,1.1386598044,5.81302619,Solved
L?AA@b_DnOBo\?,23,5,5.6932224697,0.6932224697,1.1386444939,5.80133331,Solved
L?AADb_M?k@s\?,22,5,5.6932008477,0.6932008477,1.1386401695,5.82537716,Solved
L?AE@b_K_w@w]?,22,5,5.6930934836,0.6930934836,1.1386186967,5.80079846,Solved
L?AADBOM@[L_Bg,22,5,5.6930278598,0.6930278598,1.1386055720,5.80263738,Solved
L?AAD?wTCSm_N_,23,5,5.6930275424,0.6930275424,1.1386055085,5.80911963,Solved
L?AADb_R@cAoBg,21,5,5.6930125998,0.6930125998,1.1386025200,5.81058854,Solved
L?AAD@OM@[UOBw,22,5,5.6929806709,0.6929806709,1.1385961342,5.81877492,Solved
L?AAF@Sa`oM_gg,22,5,5.6929360822,0.6929360822,1.1385872164,5.81166696,Solved
L?AAD@oRBoBoBw,23,5,5.6929339195,0.6929339195,1.1385867839,5.80120902,Solved
L?AA@AWT@sF_as,22,5,5.6929338039,0.6929338039,1.1385867608,5.81053126,Solved
L?AA@AWVBoIgi`,23,5,5.6929326571,0.6929326571,1.1385865314,5.80823293,Solved
L?AAD?wUQiTOu?,23,5,5.6928848724,0.6928848724,1.1385769745,5.81827923,Solved
L?AADbGLFOFODg,23,5,5.6928236564,0.6928236564,1.1385647313,5.85741196,Solved
L?AAD@ON@sM_ig,23,5,5.6928235543,0.6928235543,1.1385647109,5.81331944,Solved
L?AAD?sY?k]?Fo,22,5,5.6928228073,0.6928228073,1.1385645615,5.80802161,Solved
L?AB?qQUAWCk}?,23,5,5.6927801097,0.6927801097,1.1385560219,5.81191340,Solved
L?AADb_I_[J?FG,21,5,5.6927151789,0.6927151789,1.1385430358,5.80073279,Solved
L?AADAoY?wHgBg,21,5,5.6926988409,0.6926988409,1.1385397682,5.80161944,Solved
L?AADAoMAwBgBw,23,5,5.6926733661,0.6926733661,1.1385346732,5.81543313,Solved
L?AADAoUAYL_m_,23,5,5.6926318366,0.6926318366,1.1385263673,5.80536028,Solved
L?AADBOF@SN?Hg,21,5,5.6926174190,0.6926174190,1.1385234838,5.82101139,Solved
L?AAD?wT?]]?RO,22,5,5.6925845989,0.6925845989,1.1385169198,5.82230008,Solved
L?AADAoFBoHge_,22,5,5.6924932911,0.6924932911,1.1384986582,5.82788993,Solved
L?AA@agw?s@wN?,21,5,5.6924442765,0.6924442765,1.1384888553,5.80513558,Solved
L?AADBOVBoBgBw,24,5,5.6924399819,0.6924399819,1.1384879964,5.80921995,Solved
L?AADb_M?[J_Dg,22,5,5.6923429676,0.6923429676,1.1384685935,5.81749118,Solved
L?AA@aHMBHEoea,23,5,5.6923417766,0.6923417766,1.1384683553,5.81854743,Solved
L?AA@AW{?]FOJ_,22,5,5.6922429674,0.6922429674,1.1384485935,5.80040380,Solved
L?AAD?wX?erOy?,22,5,5.6922095292,0.6922095292,1.1384419058,5.81630978,Solved
L?AA@agX?sPI]?,21,5,5.6921811792,0.6921811792,1.1384362358,5.80022388,Solved
L?AADAoU@wHgi_,22,5,5.6921502951,0.6921502951,1.1384300590,5.82626854,Solved
L?AAD?wV?m\?TO,23,5,5.6921103265,0.6921103265,1.1384220653,5.82587805,Solved
L?AAD?wU?mTOF_,22,5,5.6920669322,0.6920669322,1.1384133864,5.80054267,Solved
L?AA@qoRDCj_L_,23,5,5.6920161931,0.6920161931,1.1384032386,5.84025944,Solved
L?AAF@Sg`oJ_iG,22,5,5.6919554294,0.6919554294,1.1383910859,5.80898420,Solved
L?AAD@WKaYBoe_,22,5,5.6919532464,0.6919532464,1.1383906493,5.80380436,Solved
L?AAD@Oy?{Aw^?,23,5,5.6919511706,0.6919511706,1.1383902341,5.81028009,Solved
L?AAD@WKaYBom_,23,5,5.6918959268,0.6918959268,1.1383791854,5.80709836,Solved
L?AADAoLAwHgm_,23,5,5.6918755504,0.6918755504,1.1383751101,5.80450173,Solved
L?AADAoy@sBoDs,24,5,5.6918753920,0.6918753920,1.1383750784,5.81086625,Solved
L?AADBOF@SUOBw,22,5,5.6917933127,0.6917933127,1.1383586625,5.81915292,Solved
L?AAD@oR?sTOTO,21,5,5.6917421502,0.6917421502,1.1383484300,5.81056133,Solved
L?AAD?wTAY@w{@,23,5,5.6917123833,0.6917123833,1.1383424767,5.81434296,Solved
L?AAD?s[?UBo}?,22,5,5.6917052087,0.6917052087,1.1383410417,5.81354155,Solved
L?AADAoU@wHgm_,23,5,5.6916602337,0.6916602337,1.1383320467,5.82217293,Solved
L?AADAoY?[Awe_,21,5,5.6915279540,0.6915279540,1.1383055908,5.80015499,Solved
L?AAD?wX?e|?ec,23,5,5.6914755611,0.6914755611,1.1382951122,5.81302332,Solved
L?AB?qQTBOV?PW,22,5,5.6913990711,0.6913990711,1.1382798142,5.82747804,Solved
L?AADb_M?k@s^?,23,5,5.6913734279,0.6913734279,1.1382746856,5.82630712,Solved
L?AAD?wX?el_Fo,23,5,5.6913065705,0.6913065705,1.1382613141,5.81636044,Solved
L?AADBOJ?{N?Hg,22,5,5.6912889373,0.6912889373,1.1382577875,5.80521389,Solved
L?AAD?wTOmJ_yA,24,5,5.6912131615,0.6912131615,1.1382426323,5.82279609,Solved
L?AAD?wT@[M_ic,23,5,5.6911848198,0.6911848198,1.1382369640,5.80443580,Solved
L?AA@agX?sPIN?,21,5,5.6911753887,0.6911753887,1.1382350777,5.80493954,Solved
L?AAD?w[?Um_Fo,23,5,5.6911304555,0.6911304555,1.1382260911,5.82942964,Solved
L?AAD@oX@w@[Fo,23,5,5.6911292360,0.6911292360,1.1382258472,5.81960301,Solved
L?AAD?oU?kHKN_,21,5,5.6910247956,0.6910247956,1.1382049591,5.80215133,Solved
L?AA@aHY?kV?M_,21,5,5.6909672431,0.6909672431,1.1381934486,5.81185706,Solved
L?AAD@omDcJ_RQ,24,5,5.6909220062,0.6909220062,1.1381844012,5.82254835,Solved
L?AAD?wFQiBoia,24,5,5.6908127140,0.6908127140,1.1381625428,5.83606474,Solved
L?AAD?wTDSHgu?,22,5,5.6908030133,0.6908030133,1.1381606027,5.80901839,Solved
L?AA@agw?s@wJ_,21,5,5.6907081438,0.6907081438,1.1381416288,5.80929373,Solved
L?AADBOY@WBODo,20,5,5.6906850825,0.6906850825,1.1381370165,5.80233622,Solved
L?`@CbOM@WGW@w,21,5,5.6906755871,0.6906755871,1.1381351174,5.81657249,Solved
L?AAD@WKaQfOF_,22,5,5.6906507531,0.6906507531,1.1381301506,5.82161978,Solved
L?AADb_M?[J_FG,22,5,5.6906373071,0.6906373071,1.1381274614,5.82549689,Solved
L?AAD?wT?mJgyA,24,5,5.6905383200,0.6905383200,1.1381076640,5.80389174,Solved
L?AA@aHX@w\?Dg,22,5,5.6905367304,0.6905367304,1.1381073461,5.81098071,Solved
L?AA@_gaQgYC}?,21,5,5.6903224195,0.6903224195,1.1380644839,5.80822091,Solved
L?AADBOX?kN?cc,21,5,5.6903224174,0.6903224174,1.1380644835,5.81682992,Solved
L?AA@_gsEQJ_BS,21,5,5.6903224161,0.6903224161,1.1380644832,5.80145539,Solved
L?AA@BOTDcAwBw,22,5,5.6903224135,0.6903224135,1.1380644827,5.80708764,Solved
L?AA@BOTDSAwk_,21,5,5.6903224130,0.6903224130,1.1380644826,5.80116795,Solved
L?AA@ags?s@YqO,21,5,5.6903224121,0.6903224121,1.1380644824,5.80648928,Solved
L?AA@BOTDOAwk_,20,5,5.6903224119,0.6903224119,1.1380644824,5.81130081,Solved
L?AAD?oEBWXCRW,21,5,5.6903224118,0.6903224118,1.1380644824,5.80454660,Solved
L?AADBOY@gBGHH,20,5,5.6903224115,0.6903224115,1.1380644823,5.81151046,Solved
L?AA@_gaU_J_BQ,20,5,5.6903224108,0.6903224108,1.1380644822,5.80092741,Solved
L?AA@BOTDOUOJg,21,5,5.6903224108,0.6903224108,1.1380644822,5.81415537,Solved
L?AA@BOTFOAwk_,21,5,5.6903224106,0.6903224106,1.1380644821,5.80095693,Solved
L?AA@BOTDcAwBY,22,5,5.6903224102,0.6903224102,1.1380644820,5.81037011,Solved
L?AA@AOYDSHKeo,21,5,5.6903224101,0.6903224101,1.1380644820,5.80024654,Solved
L?AAD?oUEPL_RW,22,5,5.6903224100,0.6903224100,1.1380644820,5.80327441,Solved
L?AA@BOTDcAwRQ,22,5,5.6903224099,0.6903224099,1.1380644820,5.80347890,Solved
L?AA@_gs?wXGBS,20,5,5.6903224098,0.6903224098,1.1380644820,5.81099876,Solved
L?AAD?oE@WXCRW,20,5,5.6903224098,0.6903224098,1.1380644820,5.81319493,Solved
L?AAD?oE@WXCBW,19,5,5.6903224088,0.6903224088,1.1380644818,5.80403423,Solved
L?AAD?oq?yAw^?,22,5,5.6902950458,0.6902950458,1.1380590092,5.80882440,Solved
L?AAD@Om?{FOBw,23,5,5.6902949291,0.6902949291,1.1380589858,5.82365381,Solved
L?AA@aHXCsN?m?,22,5,5.6902842816,0.6902842816,1.1380568563,5.81501519,Solved
L?AA@agT?Uf_M_,22,5,5.6902633618,0.6902633618,1.1380526724,5.81509682,Solved
L?AAD?Ws@[@wm_,22,5,5.6902522053,0.6902522053,1.1380504411,5.80976980,Solved
L?AAD@OMAqTCBW,21,5,5.6901491915,0.6901491915,1.1380298383,5.83851850,Solved
L?AA@BOi?\M_m_,22,5,5.6901491914,0.6901491914,1.1380298383,5.81167857,Solved
L?AA@AOUBP@sm_,21,5,5.6901491914,0.6901491914,1.1380298383,5.81032830,Solved
L?AA@AOeAgDTZG,21,5,5.6901491913,0.6901491913,1.1380298383,5.81000596,Solved
L?AAD?WX@cIgCs,20,5,5.6901491912,0.6901491912,1.1380298382,5.82878446,Solved
L?AA@aHYAhV?RO,22,5,5.6901491906,0.6901491906,1.1380298381,5.82786538,Solved
L?AAD@Oi@gBgAY,20,5,5.6901491893,0.6901491893,1.1380298379,5.82677654,Solved
L?`@?b_UEc@[_s,22,5,5.6901491892,0.6901491892,1.1380298378,5.80220888,Solved
L?AA@AOTDoDUZG,22,5,5.6901491889,0.6901491889,1.1380298378,5.80742923,Solved
L?AAD?WkBGIgCq,20,5,5.6901491882,0.6901491882,1.1380298376,5.83494930,Solved
L?AADAoX?ej_TO,22,5,5.6901491882,0.6901491882,1.1380298376,5.82257216,Solved
L?AADAoX@kAYFo,23,5,5.6901491880,0.6901491880,1.1380298376,5.82289102,Solved
L?AADAoX@kBWCs,22,5,5.6901491879,0.6901491879,1.1380298376,5.83201405,Solved
L?AA@BOTDSUOJg,22,5,5.6901491878,0.6901491878,1.1380298376,5.82842967,Solved
L?AA@BOR@c@sm_,21,5,5.6901491877,0.6901491877,1.1380298375,5.81957567,Solved
L?AADAoX@kAYBw,23,5,5.6901491876,0.6901491876,1.1380298375,5.80866507,Solved
L?AA@agsEQ@Ym_,23,5,5.6901491875,0.6901491875,1.1380298375,5.82295936,Solved
L?AA@AOuDSDoZG,22,5,5.6901491873,0.6901491873,1.1380298375,5.80748028,Solved
L?ABAaGE_]J_PK,22,5,5.6901491872,0.6901491872,1.1380298374,5.82820678,Solved
L?AADAoX@kAYRW,23,5,5.6901491872,0.6901491872,1.1380298374,5.81098384,Solved
L?AA@AOUBPDsm_,22,5,5.6901491867,0.6901491867,1.1380298373,5.80306594,Solved
L?AA@AOeAgHcIi,20,5,5.6901491866,0.6901491866,1.1380298373,5.80357416,Solved
L?AA@_gaU_F_BQ,20,5,5.6901491866,0.6901491866,1.1380298373,5.81766337,Solved
L?AADAoX@kAYZ@,23,5,5.6901491865,0.6901491865,1.1380298373,5.80797574,Solved
L?AAD?oq?ZL_Hc,21,5,5.6901491860,0.6901491860,1.1380298372,5.83429271,Solved
L?AADAoX@kAYEs,23,5,5.6901491859,0.6901491859,1.1380298372,5.81856455,Solved
L?AA@BORDcTOJg,22,5,5.6901491858,0.6901491858,1.1380298372,5.81727407,Solved
L?AAD@OXDPDoA{,22,5,5.6901491858,0.6901491858,1.1380298372,5.82810033,Solved
L?AA@AOTEoDoac,20,5,5.6901491857,0.6901491857,1.1380298371,5.80387948,Solved
L?AAD?W[?Ykc^?,22,5,5.6901491856,0.6901491856,1.1380298371,5.82201022,Solved
L?AAD?oEEPHk^?,22,5,5.6901491852,0.6901491852,1.1380298370,5.80496474,Solved
L?AADAoX@kAYA],23,5,5.6901491852,0.6901491852,1.1380298370,5.80173025,Solved
L?AADAoX@sIgCs,22,5,5.6901491851,0.6901491851,1.1380298370,5.80660228,Solved
L?AADBOY@K@wQQ,21,5,5.6901491848,0.6901491848,1.1380298370,5.83334647,Solved
L?AAD@WX@cAYTO,21,5,5.6901491847,0.6901491847,1.1380298369,5.83067579,Solved
L?AAD@W[@KAwSQ,21,5,5.6901491845,0.6901491845,1.1380298369,5.82863024,Solved
L?AAD?oEEPF_RW,21,5,5.6901491844,0.6901491844,1.1380298369,5.83186489,Solved
L?AAD?wX?kQQ{?,21,5,5.6901491844,0.6901491844,1.1380298369,5.82955583,Solved
L?AAD?oqDS@kHc,21,5,5.6901491842,0.6901491842,1.1380298368,5.82538974,Solved
L?AA@AOu@TFOZG,22,5,5.6901491840,0.6901491840,1.1380298368,5.80579818,Solved
L?AA@BORCcM_Jg,21,5,5.6901491840,0.6901491840,1.1380298368,5.82615733,Solved
L?AA@AOqCsL_Jg,21,5,5.6901491839,0.6901491839,1.1380298368,5.81800763,Solved
L?AA@BOiCsM_Jg,22,5,5.6901491839,0.6901491839,1.1380298368,5.81517866,Solved
L?AAD?oqDSHcBw,22,5,5.6901491838,0.6901491838,1.1380298368,5.82695523,Solved
L?AA@_gaQWQD}?,21,5,5.6901491836,0.6901491836,1.1380298367,5.81428637,Solved
L?AAD?oU@wXCRW,22,5,5.6901491836,0.6901491836,1.1380298367,5.81859385,Solved
L?AA@AOeAg@TN_,20,5,5.6901491835,0.6901491835,1.1380298367,5.80246230,Solved
L?AAD@Oi@g@LVO,21,5,5.6901491835,0.6901491835,1.1380298367,5.82691143,Solved
L?AADAoX?wIgeC,21,5,5.6901491834,0.6901491834,1.1380298367,5.82882679,Solved
L?AA@BOTFOEoic,22,5,5.6901491833,0.6901491833,1.1380298367,5.80692004,Solved
L?AA@_gs?Yic^?,22,5,5.6901491833,0.6901491833,1.1380298367,5.82071036,Solved
L?AAD?Ws@Hig^?,22,5,5.6901491833,0.6901491833,1.1380298367,5.83115146,Solved
L?AA@BORFOEokc,22,5,5.6901491832,0.6901491832,1.1380298366,5.80981886,Solved
L?AA@AOTEoDcic,21,5,5.6901491832,0.6901491832,1.1380298366,5.81625404,Solved
L?AA@BOZBgTOJg,23,5,5.6901491832,0.6901491832,1.1380298366,5.80859518,Solved
L?AA@BOLDoHgaS,21,5,5.6901491831,0.6901491831,1.1380298366,5.81753967,Solved
L?AADAoX@kAYqB,23,5,5.6901491831,0.6901491831,1.1380298366,5.80793382,Solved
L?ABA_gaO]L_PK,22,5,5.6901491830,0.6901491830,1.1380298366,5.83016680,Solved
L?AA@AOqBW@sm_,21,5,5.6901491829,0.6901491829,1.1380298366,5.80203721,Solved
L?AADAoX@kAYy@,23,5,5.6901491829,0.6901491829,1.1380298366,5.80005509,Solved
L?AADAoX?sIgCs,21,5,5.6901491828,0.6901491828,1.1380298366,5.82693077,Solved
L?AA@AOqCsL_Lc,21,5,5.6901491827,0.6901491827,1.1380298365,5.80664659,Solved
L?AA@BOT@TEom_,22,5,5.6901491827,0.6901491827,1.1380298365,5.81772192,Solved
L?AA@AOU?k@sYI,20,5,5.6901491826,0.6901491826,1.1380298365,5.81198042,Solved
L?AAD@Oi@gDcAY,20,5,5.6901491826,0.6901491826,1.1380298365,5.80892855,Solved
L?AAD?oZBoXCRW,23,5,5.6901491825,0.6901491825,1.1380298365,5.81094298,Solved
L?AA@AOUBPROJg,21,5,5.6901491825,0.6901491825,1.1380298365,5.82088279,Solved
L?AAD?oqDSHcHc,21,5,5.6901491825,0.6901491825,1.1380298365,5.80951291,Solved
L?AAD?oU?ZXC^?,22,5,5.6901491824,0.6901491824,1.1380298365,5.81887941,Solved
L?AA@BOTDODsm_,22,5,5.6901491824,0.6901491824,1.1380298365,5.81573451,Solved
L?ABAaGiCsMCCk,22,5,5.6901491824,0.6901491824,1.1380298365,5.82678707,Solved
L?AAD?WkBGEoCq,20,5,5.6901491822,0.6901491822,1.1380298364,5.82364426,Solved
L?AAD@oHeoAwSS,22,5,5.6901491821,0.6901491821,1.1380298364,5.80301098,Solved
L?AADAoX@kAYec,23,5,5.6901491821,0.6901491821,1.1380298364,5.81966681,Solved
L?AA@BOLDoHgqS,22,5,5.6901491821,0.6901491821,1.1380298364,5.80905692,Solved
L?AA@BOR@cDsm_,22,5,5.6901491821,0.6901491821,1.1380298364,5.81127472,Solved
L?AA@BOTFODoic,22,5,5.6901491820,0.6901491820,1.1380298364,5.81603331,Solved
L?AA@BOR@cROJg,21,5,5.6901491820,0.6901491820,1.1380298364,5.81998917,Solved
L?AAD?WHJ_@h^?,21,5,5.6901491819,0.6901491819,1.1380298364,5.82876989,Solved
L?AA@AOTEoDoic,21,5,5.6901491819,0.6901491819,1.1380298364,5.81346341,Solved
L?AADAoX?sAYL_,21,5,5.6901491819,0.6901491819,1.1380298364,5.83218535,Solved
L?AA@AOT?{V?Ik,21,5,5.6901491818,0.6901491818,1.1380298364,5.80402806,Solved
L?AA@_gs?YxG^?,22,5,5.6901491818,0.6901491818,1.1380298364,5.81641516,Solved
L?AADAoX@kAYQJ,23,5,5.6901491818,0.6901491818,1.1380298364,5.81882552,Solved
L?AAD@oH_mJ_SS,22,5,5.6901491818,0.6901491818,1.1380298364,5.80703220,Solved
L?AADBOIagcsk_,22,5,5.6901491817,0.6901491817,1.1380298363,5.82491912,Solved
L?AADAoX?[AYL_,21,5,5.6901491817,0.6901491817,1.1380298363,5.82165948,Solved
L?AA@BORFODokc,22,5,5.6901491816,0.6901491816,1.1380298363,5.82057266,Solved
L?AAD?oEEP@k^?,21,5,5.6901491816,0.6901491816,1.1380298363,5.80591152,Solved
L?AA@BOTCcL_Jg,21,5,5.6901491815,0.6901491815,1.1380298363,5.81081535,Solved
L?AAD@oRDcBgm?,22,5,5.6900361257,0.6900361257,1.1380072251,5.81448908,Solved
L?AA@agXE_BOas,21,5,5.6899472933,0.6899472933,1.1379894587,5.80271800,Solved
L?AADbGY@WAoKg,21,5,5.6898806176,0.6898806176,1.1379761235,5.80122851,Solved
L?AA@aHXJoROm?,23,5,5.6898644042,0.6898644042,1.1379728808,5.81070664,Solved
L?AADbGY@WAoLg,22,5,5.6898433878,0.6898433878,1.1379686776,5.81375160,Solved
L?AADBOM@[@wi_,22,5,5.6897938924,0.6897938924,1.1379587785,5.80624931,Solved
L?AADBOY@gBOBo,20,5,5.6896885503,0.6896885503,1.1379377101,5.82403343,Solved
L?AA@aHiAgFOLg,22,5,5.6895852131,0.6895852131,1.1379170426,5.80802163,Solved
L?AA@aHiAWM_Ck,21,5,5.6895147237,0.6895147237,1.1379029447,5.80335488,Solved
L?AA@aHX@sROLg,23,5,5.6894961500,0.6894961500,1.1378992300,5.80954377,Solved
L?AAD?w[AgBwBs,23,5,5.6894603729,0.6894603729,1.1378920746,5.80689960,Solved
L?AADAoUDSHg^?,23,5,5.6894504649,0.6894504649,1.1378900930,5.80492958,Solved
L?AAFBOM?[L_JG,22,5,5.6894426070,0.6894426070,1.1378885214,5.81905848,Solved
L?AA@BOm?{FOBw,23,5,5.6894423434,0.6894423434,1.1378884687,5.81194190,Solved
L?AA@BWmDcJGRQ,24,5,5.6894421881,0.6894421881,1.1378884376,5.81728500,Solved
L?AAD?sY?s@w{?,21,5,5.6893174441,0.6893174441,1.1378634888,5.83380027,Solved
L?AA@agX?kXG]?,21,5,5.6892388354,0.6892388354,1.1378477671,5.80901906,Solved
L?AAD?oq?kJ_Fo,21,5,5.6892349297,0.6892349297,1.1378469859,5.80032090,Solved
L?AADBOY@W@wN_,22,5,5.6892340625,0.6892340625,1.1378468125,5.81122762,Solved
L?AAF@Sa`gN?iG,22,5,5.6891636623,0.6891636623,1.1378327325,5.81972932,Solved
L?AADAoTBoBgBw,23,5,5.6891312219,0.6891312219,1.1378262444,5.82472775,Solved
L?AAD@WEbgTOTO,22,5,5.6891252427,0.6891252427,1.1378250485,5.81668573,Solved
L?AAD@OM?yTON_,22,5,5.6891168882,0.6891168882,1.1378233776,5.81569418,Solved
L?AAD@WEf_@w^?,23,5,5.6891087968,0.6891087968,1.1378217594,5.81546278,Solved
L?AADbGLFOAsm_,24,5,5.6891011968,0.6891011968,1.1378202394,5.81188636,Solved
L?AA@aHX?kN?yA,22,5,5.6890549839,0.6890549839,1.1378109968,5.81764396,Solved
L?AAD?wLEOAwm_,22,5,5.6890105769,0.6890105769,1.1378021154,5.80416904,Solved
L?AAD?oUDSIgN_,22,5,5.6890076953,0.6890076953,1.1378015391,5.80784540,Solved
L?AADbGY@KBODg,21,5,5.6890074419,0.6890074419,1.1378014884,5.84037373,Solved
L?AADAoFFOAwL_,22,5,5.6889969686,0.6889969686,1.1377993937,5.81292807,Solved
L?AADbGY?sEoDg,22,5,5.6889671513,0.6889671513,1.1377934303,5.85489570,Solved
L?AA@aHY?kV?\?,21,5,5.6889588850,0.6889588850,1.1377917770,5.80634786,Solved
L?AADAoY?sHgN?,21,5,5.6889512141,0.6889512141,1.1377902428,5.81201514,Solved
L?AAD@oBdoBgV?,22,5,5.6889509536,0.6889509536,1.1377901907,5.81939786,Solved
L?AA@agX?sPWN?,21,5,5.6889135520,0.6889135520,1.1377827104,5.82449072,Solved
L?AAD?w\FOIgi`,24,5,5.6889025299,0.6889025299,1.1377805060,5.80075018,Solved
L?AB?qQ[AWV?PW,22,5,5.6888545086,0.6888545086,1.1377709017,5.85334878,Solved
L?AB?qQq@WN?HW,22,5,5.6888347822,0.6888347822,1.1377669564,5.85340723,Solved
L?AADAoTBoBgi_,22,5,5.6888307200,0.6888307200,1.1377661440,5.81047934,Solved
L?AAD@oDdo@we_,22,5,5.6888292992,0.6888292992,1.1377658598,5.81071142,Solved
L?AAD@om?]Boe_,23,5,5.6887871749,0.6887871749,1.1377574350,5.82124077,Solved
L?AB?qQRAJV?]?,23,5,5.6887860505,0.6887860505,1.1377572101,5.86789838,Solved
L?AADbGY@KBODc,21,5,5.6886988772,0.6886988772,1.1377397754,5.81085179,Solved
L?AADb_J?s@wm?,22,5,5.6886687605,0.6886687605,1.1377337521,5.84577114,Solved
L?AA@aHX?lN?yA,23,5,5.6886503445,0.6886503445,1.1377300689,5.80582357,Solved
L?AAD@WL@sHgk_,22,5,5.6886002080,0.6886002080,1.1377200416,5.85218598,Solved
L?AAD@WMdcHgN?,23,5,5.6885798991,0.6885798991,1.1377159798,5.86186172,Solved
L?AADb_Bg{N?N?,24,5,5.6885686881,0.6885686881,1.1377137376,5.88319646,Solved
L?AAD@oIaoBoBg,21,5,5.6885624140,0.6885624140,1.1377124828,5.80656510,Solved
L?AA@agw?{J_Dc,22,5,5.6884456486,0.6884456486,1.1376891297,5.82593329,Solved
L?AA@agX?sPW{?,21,5,5.6883789451,0.6883789451,1.1376757890,5.81284800,Solved
L?AAD@oT?s@[^?,22,5,5.6883073239,0.6883073239,1.1376614648,5.81922666,Solved
L?`@CbOWPW@oDc,21,5,5.6882417633,0.6882417633,1.1376483527,5.81536922,Solved
L?AAD?wU@kHgk_,22,5,5.6881270949,0.6881270949,1.1376254190,5.82934631,Solved
L?AAD@OM@[TOVO,22,5,5.6880439925,0.6880439925,1.1376087985,5.80834538,Solved
L?AAD?omEPHgVO,23,5,5.6880416722,0.6880416722,1.1376083344,5.80598124,Solved
L?AAF@Sg`oAw\?,22,5,5.6880416698,0.6880416698,1.1376083340,5.81804883,Solved
L?AAF@Sg_mM_yA,24,5,5.6880416698,0.6880416698,1.1376083340,5.80355590,Solved
L?AAD?WHHw]?US,22,5,5.6880416689,0.6880416689,1.1376083338,5.80748596,Solved
L?AA@bGRDCCsi_,21,5,5.6880416678,0.6880416678,1.1376083336,5.80518392,Solved
L?AAD?WHN_JI^?,23,5,5.6880416671,0.6880416671,1.1376083334,5.80231384,Solved
L?AAD?cmBgJGUW,23,5,5.6880416665,0.6880416665,1.1376083333,5.80656123,Solved
L?AA@_omBWHgqW,23,5,5.6880416663,0.6880416663,1.1376083333,5.81523317,Solved
L?AA@BOR?\UOm_,22,5,5.6880416661,0.6880416661,1.1376083332,5.80666442,Solved
L?AA@BORDcDs^?,23,5,5.6880416655,0.6880416655,1.1376083331,5.80105179,Solved
L?AA@BOTCsTOJg,22,5,5.6880416652,0.6880416652,1.1376083330,5.80469168,Solved
L?AA@bGRDCCsZ?,21,5,5.6880416651,0.6880416651,1.1376083330,5.82035041,Solved
L?AE@b_MEQFOAw,23,5,5.6880416648,0.6880416648,1.1376083330,5.81971343,Solved
L?AAD?cmEoIKVO,23,5,5.6880416647,0.6880416647,1.1376083329,5.80924346,Solved
L?AA@BOTDSDs^?,23,5,5.6880416646,0.6880416646,1.1376083329,5.80082879,Solved
L?AAD?Wk@wKcRS,22,5,5.6880416646,0.6880416646,1.1376083329,5.80426040,Solved
L?AAF@Sg_wUODo,22,5,5.6880416641,0.6880416641,1.1376083328,5.82426443,Solved
L?AAF@SgboAwk_,23,5,5.6880416640,0.6880416640,1.1376083328,5.81386651,Solved
L?AAD?Wk?qF_XI,21,5,5.6880416640,0.6880416640,1.1376083328,5.80255401,Solved
L?AA@BORCsUOJg,22,5,5.6880416634,0.6880416634,1.1376083327,5.80261305,Solved
L?AA@BORCcDs^?,22,5,5.6880416634,0.6880416634,1.1376083327,5.80085158,Solved
L?AAD?WHKoig^?,22,5,5.6880416633,0.6880416633,1.1376083327,5.81752372,Solved
L?AAD?wX?qig}?,23,5,5.6880416629,0.6880416629,1.1376083326,5.80418403,Solved
L?AAD?Wk?qN_XI,22,5,5.6880416625,0.6880416625,1.1376083325,5.81513670,Solved
L?AA@BOR?\UO^?,22,5,5.6880416624,0.6880416624,1.1376083325,5.80115579,Solved
L?AAD?Wk?Ykc^?,22,5,5.6880416622,0.6880416622,1.1376083324,5.81428596,Solved
L?AEB?W[@KAwcQ,21,5,5.6880416621,0.6880416621,1.1376083324,5.81581849,Solved
L?AA@BORCcDsm_,22,5,5.6880416621,0.6880416621,1.1376083324,5.80039719,Solved
L?AAF@Sg_sM_Do,22,5,5.6880416616,0.6880416616,1.1376083323,5.81273725,Solved
L?AAD?WeAiKe^?,23,5,5.6880416614,0.6880416614,1.1376083323,5.80584637,Solved
L?ABAaGiBW@wPK,22,5,5.6880416614,0.6880416614,1.1376083323,5.82442338,Solved
L?AAD?oLAY^?qK,23,5,5.6880416614,0.6880416614,1.1376083323,5.81069627,Solved
L?AAD?oNBoXCRW,23,5,5.6880416613,0.6880416613,1.1376083323,5.80681193,Solved
L?AAD?WeAiF_XK,22,5,5.6880416612,0.6880416612,1.1376083322,5.80479448,Solved
L?AAF@Sg_mM_m_,24,5,5.6880416612,0.6880416612,1.1376083322,5.80335734,Solved
L?AAD?WkBHHi^?,23,5,5.6880416612,0.6880416612,1.1376083322,5.80226140,Solved
L?AA@BOREoDokc,22,5,5.6880416607,0.6880416607,1.1376083321,5.80462564,Solved
L?ABAaIBSsJ_SK,23,5,5.6880416606,0.6880416606,1.1376083321,5.80058920,Solved
L?AE@`HY?kF_u?,22,5,5.6880364752,0.6880364752,1.1376072950,5.81826037,Solved
L?AAD?wUAiTON_,23,5,5.6880361577,0.6880361577,1.1376072315,5.82400497,Solved
L?AA@agTDCj_N_,23,5,5.6879968915,0.6879968915,1.1375993783,5.82174822,Solved
L?AAD@WM_m\?F_,23,5,5.6878751411,0.6878751411,1.1375750282,5.83846160,Solved
L?AA@qoRDCj_N_,24,5,5.6877189596,0.6877189596,1.1375437919,5.83754859,Solved
L?AADAoY?sHg^?,22,5,5.6874999558,0.6874999558,1.1374999912,5.80147378,Solved
L?AADbGJ?k\?LG,22,5,5.6873694479,0.6873694479,1.1374738896,5.80481016,Solved
L?AAD@oIaWV?TS,22,5,5.6873375456,0.6873375456,1.1374675091,5.80299139,Solved
L?AE@`HY?kF_m?,22,5,5.6873086516,0.6873086516,1.1374617303,5.81266706,Solved
L?AAD?oTDSHgN_,22,5,5.6873065197,0.6873065197,1.1374613039,5.80215328,Solved
L?AE@`HY?kF_}?,23,5,5.6872985258,0.6872985258,1.1374597052,5.80609534,Solved
L?AAD@oRDoTOTP,23,5,5.6872590779,0.6872590779,1.1374518156,5.80174944,Solved
L?AEB?oL?{PKBW,22,5,5.6872473825,0.6872473825,1.1374494765,5.81184060,Solved
L?AADb_M?[J_Eg,22,5,5.6871530649,0.6871530649,1.1374306130,5.80173681,Solved
L?AEB?oL?{PKBg,22,5,5.6871084226,0.6871084226,1.1374216845,5.80314710,Solved
L?AEB?oL?{PKBw,23,5,5.6870887252,0.6870887252,1.1374177450,5.80188013,Solved
L?AADb_I_kB_YA,21,5,5.6870619056,0.6870619056,1.1374123811,5.80869247,Solved
L?AA@agX?sPWL_,21,5,5.6867870447,0.6867870447,1.1373574089,5.80003180,Solved
L?AEB?WHKal_}?,23,5,5.6865312289,0.6865312289,1.1373062458,5.82774959,Solved
L?AAD@omDSJ_TQ,24,5,5.6865300271,0.6865300271,1.1373060054,5.82503609,Solved
L?AAD?sY?sHgk_,21,5,5.6864436111,0.6864436111,1.1372887222,5.80405988,Solved
L?AA@agw?s@wN_,22,5,5.6863952836,0.6863952836,1.1372790567,5.80012307,Solved
L?AA@_gwBgBoBs,22,5,5.6863361294,0.6863361294,1.1372672259,5.80185377,Solved
L?AEB?oL?{@ka[,23,5,5.6863131800,0.6863131800,1.1372626360,5.80317488,Solved
L?AADb_I_w@wk_,22,5,5.6863103060,0.6863103060,1.1372620612,5.82874600,Solved
L?AB?qQ[EOCgZ?,21,5,5.6862041940,0.6862041940,1.1372408388,5.83549215,Solved
L?ABAaIRCoM_GY,22,5,5.6862002709,0.6862002709,1.1372400542,5.84488830,Solved
L?AB?qQ[AWV?HW,22,5,5.6861715560,0.6861715560,1.1372343112,5.81923083,Solved
L?AADbGI_kZ?Hg,22,5,5.6861330951,0.6861330951,1.1372266190,5.84604589,Solved
L?AA@agTCUEoM_,22,5,5.6861305523,0.6861305523,1.1372261105,5.81978933,Solved
L?AE@b_T?VF_F_,23,5,5.6861301353,0.6861301353,1.1372260271,5.85459251,Solved
L?`@CbOM@W?{Oq,22,5,5.6860973491,0.6860973491,1.1372194698,5.81420979,Solved
L?AA@aHX@sRO]?,22,5,5.6860956180,0.6860956180,1.1372191236,5.80299923,Solved
L?AA@agX?sF_as,22,5,5.6860889240,0.6860889240,1.1372177848,5.81389057,Solved
L?AADbGY@c@oDg,21,5,5.6860764372,0.6860764372,1.1372152874,5.81870755,Solved
L?AAD?w[?{J_Bs,23,5,5.6860739106,0.6860739106,1.1372147821,5.83284753,Solved
L?AB?qQ[EoCkZ?,23,5,5.6860100884,0.6860100884,1.1372020177,5.85793767,Solved
L?AADb_J?[BSy?,22,5,5.6859771590,0.6859771590,1.1371954318,5.81566746,Solved
L?AADbGy@kFODg,24,5,5.6858985572,0.6858985572,1.1371797114,5.87511955,Solved
L?AADb_M?[As^?,23,5,5.6858661943,0.6858661943,1.1371732389,5.81360972,Solved
L?AAD@oI_wIgm_,22,5,5.6858619626,0.6858619626,1.1371723925,5.83047066,Solved
L?AADAoY?yJ_Aw,22,5,5.6858476676,0.6858476676,1.1371695335,5.81724706,Solved
L?AEB?wLF_BoAu,24,5,5.6858372468,0.6858372468,1.1371674494,5.80416575,Solved
L?AAD?oT?{TOVO,22,5,5.6857139460,0.6857139460,1.1371427892,5.81031216,Solved
L?AADb_M?[J_Fg,23,5,5.6857097420,0.6857097420,1.1371419484,5.81383651,Solved
L?AA@ag[EQROas,23,5,5.6857012085,0.6857012085,1.1371402417,5.80397362,Solved
L?AA@BOiDcIgDs,22,5,5.6857012067,0.6857012067,1.1371402413,5.81462834,Solved
L?AA@aHY@hZ?RO,22,5,5.6857012058,0.6857012058,1.1371402412,5.80410035,Solved
L?AA@BOiDcAwTS,22,5,5.6857012058,0.6857012058,1.1371402412,5.81800483,Solved
L?AA@aHk@WJ?BS,20,5,5.6857012041,0.6857012041,1.1371402408,5.80089793,Solved
L?AA@agLAoHgqS,22,5,5.6857012021,0.6857012021,1.1371402404,5.80666607,Solved
L?AAD?oFBWXCRW,22,5,5.6857012007,0.6857012007,1.1371402401,5.80549903,Solved
L?AA@_gk?wXGRS,21,5,5.6857012002,0.6857012002,1.1371402400,5.80994793,Solved
L?AA@BOJCU\?Bw,22,5,5.6857012001,0.6857012001,1.1371402400,5.81223978,Solved
L?AA@agLAoHgaS,21,5,5.6857012001,0.6857012001,1.1371402400,5.81260468,Solved
L?AA@aHkBOJ_BS,21,5,5.6857011996,0.6857011996,1.1371402399,5.82083804,Solved
L?AADBOIdo@wN_,23,5,5.6856525108,0.6856525108,1.1371305022,5.82095364,Solved
L?AA@aHiBgN?Ck,22,5,5.6855856360,0.6855856360,1.1371171272,5.82121423,Solved
L?AAD?oNBg@[Fo,23,5,5.6855853878,0.6855853878,1.1371170776,5.81658551,Solved
L?AB?qQPTON?Z?,22,5,5.6855637821,0.6855637821,1.1371127564,5.85336395,Solved
L?AB?qQR@JZ?]?,23,5,5.6855637347,0.6855637347,1.1371127469,5.86127146,Solved
L?AEB?s]F_@wF_,24,5,5.6855636184,0.6855636184,1.1371127237,5.87742196,Solved
L?AAD?oNBWXCRW,23,5,5.6855032355,0.6855032355,1.1371006471,5.80276302,Solved
L?AA@_gk@wXGBS,21,5,5.6855032347,0.6855032347,1.1371006469,5.81627799,Solved
L?AAD@oTOmUO}?,24,5,5.6855032341,0.6855032341,1.1371006468,5.80714975,Solved
L?AA@aHkAY\?\G,23,5,5.6855032338,0.6855032338,1.1371006468,5.81614799,Solved
L?AAD?cuF_BgUW,23,5,5.6855032337,0.6855032337,1.1371006467,5.80608298,Solved
L?AADBOIdcAwTS,23,5,5.6855032334,0.6855032334,1.1371006467,5.82134023,Solved
L?AA@BOT@TRON_,22,5,5.6855032331,0.6855032331,1.1371006466,5.80560693,Solved
L?AA@BOR?\ROi_,21,5,5.6855032324,0.6855032324,1.1371006465,5.81433352,Solved
L?AAD?oq@gn_RW,23,5,5.6855032322,0.6855032322,1.1371006464,5.80209642,Solved
L?ABAaQFAwPWBW,23,5,5.6855032320,0.6855032320,1.1371006464,5.80097971,Solved
L?ABAaGEb@tG}?,23,5,5.6855032319,0.6855032319,1.1371006464,5.81741753,Solved
L?AAD?oq@g`k^?,22,5,5.6855032318,0.6855032318,1.1371006464,5.81084406,Solved
L?AADBOYDcIgDs,23,5,5.6855032313,0.6855032313,1.1371006463,5.80117177,Solved
L?AAF@ck?sEoCw,22,5,5.6855032311,0.6855032311,1.1371006462,5.82220362,Solved
L?AAD@OM?yTCBW,21,5,5.6855032310,0.6855032310,1.1371006462,5.81069036,Solved
L?AA@aHw?wBa}?,22,5,5.6855032309,0.6855032309,1.1371006462,5.81567732,Solved
L?AAD?oq@Kl_RW,22,5,5.6855032306,0.6855032306,1.1371006461,5.81150767,Solved
L?AA@BOTDcVOJg,23,5,5.6855032306,0.6855032306,1.1371006461,5.80188973,Solved
L?AA@bGXFO@was,23,5,5.6855032306,0.6855032306,1.1371006461,5.80333288,Solved
L?AAD?oLAq^?qK,23,5,5.6855032303,0.6855032303,1.1371006461,5.80337352,Solved
L?AAD?oq@w@kLC,21,5,5.6855032303,0.6855032303,1.1371006461,5.80213245,Solved
L?AA@BOR?\TOm_,22,5,5.6855032300,0.6855032300,1.1371006460,5.80697944,Solved
L?AAD?wXCcawL_,22,5,5.6855032299,0.6855032299,1.1371006460,5.81164886,Solved
L?AAD?oUAR@[m_,22,5,5.6855032299,0.6855032299,1.1371006460,5.80071553,Solved
L?AA@BOR@sROJg,22,5,5.6855032298,0.6855032298,1.1371006460,5.80284443,Solved
L?AAF@ck@kBoCw,23,5,5.6855032297,0.6855032297,1.1371006459,5.80805032,Solved
L?AA@BOREoEocc,21,5,5.6855032295,0.6855032295,1.1371006459,5.80024683,Solved
L?AADb_E_lKak_,23,5,5.6855032294,0.6855032294,1.1371006459,5.80809165,Solved
L?AAD@oRDcAwTO,22,5,5.6855032291,0.6855032291,1.1371006458,5.80341428,Solved
L?AAD@oBdSHgy?,22,5,5.6855032291,0.6855032291,1.1371006458,5.80013181,Solved
L?AA@_gkEQHi^?,23,5,5.6855032289,0.6855032289,1.1371006458,5.80023878,Solved
L?AA@agTDOhg^?,23,5,5.6855032286,0.6855032286,1.1371006457,5.80695170,Solved
L?AAD?oFEPF_RW,22,5,5.6855032285,0.6855032285,1.1371006457,5.81731488,Solved
L?AA@aHw?wV?FC,21,5,5.6855032285,0.6855032285,1.1371006457,5.81398864,Solved
L?AAD@oTOmUOm_,24,5,5.6855032285,0.6855032285,1.1371006457,5.81058933,Solved
L?ABAaGEb@tG]?,22,5,5.6855032284,0.6855032284,1.1371006457,5.82289812,Solved
L?AA@BOi@XIi^?,23,5,5.6855032283,0.6855032283,1.1371006457,5.80018475,Solved
L?AA@BOi@XAi^?,22,5,5.6855032282,0.6855032282,1.1371006456,5.80664013,Solved
L?AAD?wX?q}?VO,23,5,5.6855032281,0.6855032281,1.1371006456,5.80293814,Solved
L?AADBOTRgCsIk,24,5,5.6855032281,0.6855032281,1.1371006456,5.80917293,Solved
L?AAD@OyAq@[ig,23,5,5.6855032281,0.6855032281,1.1371006456,5.80629990,Solved
L?AAD@OXDSDoA{,22,5,5.6855032280,0.6855032280,1.1371006456,5.81353108,Solved
L?AAD@OX@[PUBw,23,5,5.6855032280,0.6855032280,1.1371006456,5.80878575,Solved
L?AAD?Ws@Hn_VO,23,5,5.6855032280,0.6855032280,1.1371006456,5.80053300,Solved
L?AAD?cmBgHKUW,23,5,5.6855032280,0.6855032280,1.1371006456,5.80161248,Solved
L?AA@aHkBOHi^?,23,5,5.6855032279,0.6855032279,1.1371006456,5.80871336,Solved
L?AA@agTAYV?aS,22,5,5.6855032275,0.6855032275,1.1371006455,5.80943694,Solved
L?AA@aHiAYN?\G,23,5,5.6855032274,0.6855032274,1.1371006455,5.80871840,Solved
L?AA@BOR?sROJg,21,5,5.6855032274,0.6855032274,1.1371006455,5.80999822,Solved
L?AA@AOqCs@sZG,21,5,5.6855032274,0.6855032274,1.1371006455,5.80101054,Solved
L?AA@aoLFOHgqS,23,5,5.6855032274,0.6855032274,1.1371006455,5.81191880,Solved
L?AAD?oq@gf_RW,22,5,5.6855032274,0.6855032274,1.1371006455,5.80120075,Solved
L?AA@BOVBgUOJg,23,5,5.6855032274,0.6855032274,1.1371006455,5.80049766,Solved
L?AAD@oIaiAwk_,22,5,5.6855032273,0.6855032273,1.1371006455,5.80561059,Solved
L?AA@_gk@wXGRS,22,5,5.6855032273,0.6855032273,1.1371006455,5.82084058,Solved
L?AA@BOVBoUOJg,23,5,5.6855032272,0.6855032272,1.1371006454,5.80184178,Solved
L?ABA_gaQ`rO}?,23,5,5.6855032271,0.6855032271,1.1371006454,5.80922032,Solved
L?AA@AOuDSHcJg,22,5,5.6855032270,0.6855032270,1.1371006454,5.81134124,Solved
L?AAD@W[?UuOUO,22,5,5.6855032270,0.6855032270,1.1371006454,5.81481084,Solved
L?AAD?oqDS@{RW,23,5,5.6855032270,0.6855032270,1.1371006454,5.80322271,Solved
L?AA@aHkBWN?RS,23,5,5.6855032269,0.6855032269,1.1371006454,5.81002007,Solved
L?AA@agX?[\?as,22,5,5.6855032268,0.6855032268,1.1371006454,5.80592123,Solved
L?AA@bGX?[\?ac,21,5,5.6855032268,0.6855032268,1.1371006454,5.82330158,Solved
L?AA@BOREoEokc,22,5,5.6855032267,0.6855032267,1.1371006453,5.81084430,Solved
L?AADBOIaqN?Aw,22,5,5.6855032267,0.6855032267,1.1371006453,5.81213253,Solved
L?AAD@OM?ZTCVO,22,5,5.6855032267,0.6855032267,1.1371006453,5.80913372,Solved
L?AA@agX?[PQy?,21,5,5.6855032267,0.6855032267,1.1371006453,5.80621811,Solved
L?AA@aHw@wL_BS,22,5,5.6855032266,0.6855032266,1.1371006453,5.81392660,Solved
L?AA@BOR?\FOm_,22,5,5.6855032266,0.6855032266,1.1371006453,5.80127929,Solved
L?AA@bGX?[\?as,22,5,5.6855032266,0.6855032266,1.1371006453,5.81731876,Solved
L?AAD@oyDcIgDs,24,5,5.6855032265,0.6855032265,1.1371006453,5.80661934,Solved
L?AAD?cmF_IgUW,23,5,5.6855032265,0.6855032265,1.1371006453,5.80697774,Solved
L?AEB?WT@KQHDo,21,5,5.6855032265,0.6855032265,1.1371006453,5.80482602,Solved
L?AA@_gkCQHi^?,22,5,5.6855032265,0.6855032265,1.1371006453,5.80290751,Solved
L?AA@BORCsTOJg,22,5,5.6855032265,0.6855032265,1.1371006453,5.80756341,Solved
L?AAD?cmBgIKUW,23,5,5.6855032264,0.6855032264,1.1371006453,5.80807524,Solved
L?AAD@oX@[@wak,23,5,5.6855032263,0.6855032263,1.1371006453,5.81544149,Solved
L?AA@AWT@[Z?ic,22,5,5.6855032263,0.6855032263,1.1371006453,5.81046833,Solved
L?AA@bGR@LPWZ?,22,5,5.6855032262,0.6855032262,1.1371006452,5.80208200,Solved
L?AAD?cuF_BKVO,23,5,5.6855032262,0.6855032262,1.1371006452,5.80922247,Solved
L?AA@AOuAXFOJg,22,5,5.6855032262,0.6855032262,1.1371006452,5.80044761,Solved
L?ABAaGYB`ROCk,22,5,5.6855032262,0.6855032262,1.1371006452,5.81896542,Solved
L?AA@AOuCsLCJg,22,5,5.6855032262,0.6855032262,1.1371006452,5.80054356,Solved
L?AA@aHw@wJ_BS,22,5,5.6855032261,0.6855032261,1.1371006452,5.80240290,Solved
L?AADBOTRgCsJg,24,5,5.6855032261,0.6855032261,1.1371006452,5.81094281,Solved
L?AAD@OXDSDsA{,23,5,5.6855032261,0.6855032261,1.1371006452,5.80380844,Solved
L?AAD?omEPJGVO,23,5,5.6855032259,0.6855032259,1.1371006452,5.80019048,Solved
L?AA@aHw?[l_XG,22,5,5.6855032259,0.6855032259,1.1371006452,5.80627336,Solved
L?AA@_gkCQF_RS,21,5,5.6855032258,0.6855032258,1.1371006452,5.81302260,Solved
L?AAD?oqDSHgBw,22,5,5.6855032258,0.6855032258,1.1371006452,5.81565051,Solved
L?AA@b_qRWF_BW,23,5,5.6855032256,0.6855032256,1.1371006451,5.80720865,Solved
L?AA@BOTCsUOJg,22,5,5.6855032256,0.6855032256,1.1371006451,5.80533297,Solved
L?AAD?Ws@Hbg^?,22,5,5.6855032255,0.6855032255,1.1371006451,5.81210462,Solved
L?AAD?Ws@Hf_VO,22,5,5.6855032255,0.6855032255,1.1371006451,5.81071378,Solved
L?AAD?oqDS@wRW,22,5,5.6855032250,0.6855032250,1.1371006450,5.82121196,Solved
L?ABAaITCoD_GY,21,5,5.6855015507,0.6855015507,1.1371003101,5.81206060,Solved
L?`@Cb_HQc@oEg,21,5,5.6854596118,0.6854596118,1.1370919224,5.81421149,Solved
L?`@CbOWO[DgDc,22,5,5.6854156706,0.6854156706,1.1370831341,5.81697789,Solved
L?AA@_wwBgBoBs,23,5,5.6852739020,0.6852739020,1.1370547804,5.81083419,Solved
L?AAD?sY?s@wm?,21,5,5.6852391240,0.6852391240,1.1370478248,5.80937993,Solved
L?AADb_B_xN?V?,23,5,5.6852247315,0.6852247315,1.1370449463,5.83377354,Solved
L?AB?qQU@WCk{?,22,5,5.6851543013,0.6851543013,1.1370308603,5.82276480,Solved
L?AEB?WXF_@wJ_,22,5,5.6851342788,0.6851342788,1.1370268558,5.81304338,Solved
L?AB?qQq@WN?PW,22,5,5.6849461462,0.6849461462,1.1369892292,5.82152876,Solved
L?AADBOIdoF_Bw,23,5,5.6848561144,0.6848561144,1.1369712229,5.81230558,Solved
L?AA@aHw?kF_]?,21,5,5.6848042020,0.6848042020,1.1369608404,5.81298475,Solved
L?AB?qQPToL_]?,23,5,5.6847331123,0.6847331123,1.1369466225,5.86200475,Solved
L?AB?qQP\oL_]?,24,5,5.6847275343,0.6847275343,1.1369455069,5.88247693,Solved
L?AE@b_F?ZN?J_,23,5,5.6846428900,0.6846428900,1.1369285780,5.81936730,Solved
L?AADbGJ?k\?Kg,22,5,5.6846172511,0.6846172511,1.1369234502,5.80151218,Solved
L?AA@bGw?kBa^?,22,5,5.6846123724,0.6846123724,1.1369224745,5.80719877,Solved
L?AADbGJ?k\?Hg,22,5,5.6845981534,0.6845981534,1.1369196307,5.82041776,Solved
L?AAD?wT@[J_ic,23,5,5.6845381542,0.6845381542,1.1369076308,5.81841958,Solved
L?AA@b_DeQF_]?,22,5,5.6845060754,0.6845060754,1.1369012151,5.81276706,Solved
L?AA@agX?s]?as,22,5,5.6844222464,0.6844222464,1.1368844493,5.81299883,Solved
L?AA@b_DdoFOBw,23,5,5.6843581502,0.6843581502,1.1368716300,5.80571688,Solved
L?AEBAo]@w@wF_,24,5,5.6843283633,0.6843283633,1.1368656727,5.87380376,Solved
L?AA@aHiAoM_Dk,22,5,5.6842916030,0.6842916030,1.1368583206,5.81153330,Solved
L?AADAoY?yJ_Bw,23,5,5.6842640894,0.6842640894,1.1368528179,5.82126488,Solved
L?ABAaIHSoM_]?,22,5,5.6842489233,0.6842489233,1.1368497847,5.83145084,Solved
L?AA@r_D_x\?V?,23,5,5.6842026581,0.6842026581,1.1368405316,5.83603388,Solved
L?AA@aHX@sEoec,23,5,5.6841936930,0.6841936930,1.1368387386,5.83120375,Solved
L?`@CbOWPW@sDc,22,5,5.6841855678,0.6841855678,1.1368371136,5.80617512,Solved
L?AAD@oNBg@[Fo,24,5,5.6841181447,0.6841181447,1.1368236289,5.84473625,Solved
L?AA@aHY?kV?N?,21,5,5.6840898099,0.6840898099,1.1368179620,5.80638857,Solved
L?AEBBo]@w@wF_,25,5,5.6840230979,0.6840230979,1.1368046196,5.88877000,Solved
L?AA@agT@kFOas,23,5,5.6839982221,0.6839982221,1.1367996444,5.81595864,Solved
L?AAD`gDbOboM_,23,5,5.6839622201,0.6839622201,1.1367924440,5.80024914,Solved
L?AADb_I_wN?Bo,22,5,5.6839167116,0.6839167116,1.1367833423,5.83812675,Solved
L?ABAaITCoF_GY,22,5,5.6839132804,0.6839132804,1.1367826561,5.81160699,Solved
L?AAD@om@sBoBw,24,5,5.6838772355,0.6838772355,1.1367754471,5.84007410,Solved
L?AA@agw?sDoBs,22,5,5.6835348946,0.6835348946,1.1367069789,5.80359375,Solved
L?AADb_M?[Bc^?,23,5,5.6835065485,0.6835065485,1.1367013097,5.80955297,Solved
L?AADb_M?wVOBw,24,5,5.6834247940,0.6834247940,1.1366849588,5.81273244,Solved
L?AA@aHiBgN?Dk,23,5,5.6832460425,0.6832460425,1.1366492085,5.82181307,Solved
L?AAD@oK_wHgi_,21,5,5.6832364583,0.6832364583,1.1366472917,5.80252979,Solved
L?AE@b_F?ZFO]?,23,5,5.6831844446,0.6831844446,1.1366368889,5.82077734,Solved
L?AADAoNAYJ_m_,24,5,5.6831839716,0.6831839716,1.1366367943,5.83422859,Solved
L?AE@b_F?ZN?N_,24,5,5.6831816072,0.6831816072,1.1366363214,5.81577606,Solved
L?AADb_I_[J?Eg,21,5,5.6831686196,0.6831686196,1.1366337239,5.80458350,Solved
L?ABA`oc`W@iy?,22,5,5.6830977217,0.6830977217,1.1366195443,5.80527658,Solved
L?AA@aHY@LM_uA,23,5,5.6830542431,0.6830542431,1.1366108486,5.81224202,Solved
L?AA@b_NBgBoBw,24,5,5.6830537678,0.6830537678,1.1366107536,5.82248962,Solved
L?AAD@oK_wHgm_,22,5,5.6830008748,0.6830008748,1.1366001750,5.81082329,Solved
L?AAD@oKaYJ_m_,23,5,5.6829340393,0.6829340393,1.1365868079,5.80110254,Solved
L?`@Cb_HQoBO@w,21,5,5.6828131913,0.6828131913,1.1365626383,5.80291098,Solved
L?AA@aHXHsEoec,24,5,5.6827586747,0.6827586747,1.1365517349,5.82827632,Solved
L?AADAw{@sBoBs,25,5,5.6827053194,0.6827053194,1.1365410639,5.83887776,Solved
L?AADAoY?wAwN_,22,5,5.6826662973,0.6826662973,1.1365332595,5.81838642,Solved
L?AEFBo]@wBoBo,26,5,5.6826478556,0.6826478556,1.1365295711,5.90686147,Solved
L?AAD@WKaWfOF_,22,5,5.6826472211,0.6826472211,1.1365294442,5.81050106,Solved
L?AAFBOL@S@sZ?,22,5,5.6825321181,0.6825321181,1.1365064236,5.80305585,Solved
L?AADAoY?[J_Fo,22,5,5.6824823571,0.6824823571,1.1364964714,5.81365361,Solved
L?AADAoFEo@wN_,23,5,5.6822408577,0.6822408577,1.1364481715,5.80716934,Solved
L?AAD@oBdoBgN?,22,5,5.6821870496,0.6821870496,1.1364374099,5.81823964,Solved
L?AADbGJ?k\?Lg,23,5,5.6821820110,0.6821820110,1.1364364022,5.81238443,Solved
L?AB?qQFBOGkm?,22,5,5.6820553974,0.6820553974,1.1364110795,5.82413243,Solved
L?AE@`HHeoF_]?,23,5,5.6820470641,0.6820470641,1.1364094128,5.83798953,Solved
L?AE@`HX@oAsy?,22,5,5.6818826678,0.6818826678,1.1363765336,5.81859357,Solved
L?AE@`HM@LJ_u?,23,5,5.6818802160,0.6818802160,1.1363760432,5.81146684,Solved
L?AADb_M?[Bs^?,24,5,5.6818256633,0.6818256633,1.1363651327,5.80676882,Solved
L?AAFBOJBoBoHg,23,5,5.6818051456,0.6818051456,1.1363610291,5.81013241,Solved
L?AE@`HM@LZ?\?,23,5,5.6817926865,0.6817926865,1.1363585373,5.82362286,Solved
L?AADbGY?kF_LG,22,5,5.6817853520,0.6817853520,1.1363570704,5.82036583,Solved
L?AE@`HM@LZ?^?,24,5,5.6817536506,0.6817536506,1.1363507301,5.81389350,Solved
L?AADb_]@wBoBW,24,5,5.6817159302,0.6817159302,1.1363431860,5.80589064,Solved
L?AAD`gDeOeo\?,23,5,5.6816878953,0.6816878953,1.1363375791,5.80092408,Solved
L?AAD@WK_{FORS,23,5,5.6816777507,0.6816777507,1.1363355501,5.81436040,Solved
L?ABAaIHSom_]?,23,5,5.6815905195,0.6815905195,1.1363181039,5.83648617,Solved
L?AADBOI`w@wk_,22,5,5.6815661659,0.6815661659,1.1363132332,5.80413387,Solved
L?AAD?wT?{\?Do,22,5,5.6814649583,0.6814649583,1.1362929917,5.83459423,Solved
L?AE@`H[@WAsy?,22,5,5.6813236754,0.6813236754,1.1362647351,5.82188159,Solved
L?AB?qQq@WJ_G[,22,5,5.6812735758,0.6812735758,1.1362547152,5.82284429,Solved
L?AB?qQU@IL_{?,22,5,5.6811966443,0.6811966443,1.1362393289,5.81688358,Solved
L?AE@`HJ?lN?y?,23,5,5.6811710065,0.6811710065,1.1362342013,5.82806238,Solved
L?AADb_B_tN?e_,23,5,5.6809089266,0.6809089266,1.1361817853,5.80745920,Solved
L?AB?qQTDOGkN?,22,5,5.6809084298,0.6809084298,1.1361816860,5.80107284,Solved
L?AADBOY?{FOBg,22,5,5.6808664731,0.6808664731,1.1361732946,5.81673038,Solved
L?AADb_I_[J?Dg,21,5,5.6807868374,0.6807868374,1.1361573675,5.81421191,Solved
L?AAD?w[?{ROBs,23,5,5.6807860039,0.6807860039,1.1361572008,5.81877964,Solved
L?AAD`oJCSROTA,22,5,5.6807859886,0.6807859886,1.1361571977,5.81716222,Solved
L?AE@b_U?wFOAw,22,5,5.6807827052,0.6807827052,1.1361565410,5.80225513,Solved
L?`@CbOWO[AqHW,22,5,5.6805707612,0.6805707612,1.1361141522,5.81788226,Solved
L?AA@aHX?k\?^?,22,5,5.6803658320,0.6803658320,1.1360731664,5.80575267,Solved
L?ABAaIRCoCh\?,22,5,5.6803481520,0.6803481520,1.1360696304,5.80316839,Solved
L?ABAaIHSoN?Z?,22,5,5.6801717526,0.6801717526,1.1360343505,5.80101540,Solved
L?AAF@Sa`oDS[C,22,5,5.6801434639,0.6801434639,1.1360286928,5.81120590,Solved
L?AAD@OM@[@wm_,22,5,5.6801429781,0.6801429781,1.1360285956,5.80074246,Solved
L?AE@`HHeoF_m?,23,5,5.6801336446,0.6801336446,1.1360267289,5.81447595,Solved
L?AA@aHR@LZ?\?,22,5,5.6800362613,0.6800362613,1.1360072523,5.80040683,Solved
L?AB?qQFEoCkZ?,23,5,5.6800338694,0.6800338694,1.1360067739,5.82471368,Solved
L?AB?qQYAJV?V?,23,5,5.6799837262,0.6799837262,1.1359967452,5.82856614,Solved
L?AADb_J?s@s}?,23,5,5.6799801528,0.6799801528,1.1359960306,5.85055547,Solved
L?AADBOY?sDoBo,21,5,5.6799577804,0.6799577804,1.1359915561,5.80931760,Solved
L?AA@agT?Un?M_,22,5,5.6798975138,0.6798975138,1.1359795028,5.80664476,Solved
L?AADb_J?[BS}?,23,5,5.6798795741,0.6798795741,1.1359759148,5.80765908,Solved
L?AADb_Y?w@wN_,23,5,5.6798795717,0.6798795717,1.1359759143,5.81813242,Solved
L?ABAaIHSoJ_\?,22,5,5.6798408462,0.6798408462,1.1359681692,5.81153784,Solved
L?AADBOM?[M_FO,21,5,5.6798200931,0.6798200931,1.1359640186,5.81598287,Solved
L?AAD@oI_iJ_m_,22,5,5.6798098965,0.6798098965,1.1359619793,5.80691180,Solved
L?AADbGY?kF_Kg,22,5,5.6797896210,0.6797896210,1.1359579242,5.81545185,Solved
L?AADAoU?{@w^?,23,5,5.6797770571,0.6797770571,1.1359554114,5.82061536,Solved
L?AE@`HHmoF_]?,24,5,5.6797680908,0.6797680908,1.1359536182,5.84596775,Solved
L?AE@b_F?]N?L_,23,5,5.6797650423,0.6797650423,1.1359530085,5.80676553,Solved
L?AE@b_F?VN?L_,23,5,5.6797277843,0.6797277843,1.1359455569,5.80809876,Solved
L?AE@b_U?wDoAw,22,5,5.6797030765,0.6797030765,1.1359406153,5.81270410,Solved
L?AE@b_DboJ_Bw,24,5,5.6796022962,0.6796022962,1.1359204592,5.80242659,Solved
L?ABAaITCoF_HY,23,5,5.6795633363,0.6795633363,1.1359126673,5.80253245,Solved
L?AADb_I_[J?Fg,22,5,5.6795322404,0.6795322404,1.1359064481,5.81185423,Solved
L?AAD?sY?UBo}?,22,5,5.6794883885,0.6794883885,1.1358976777,5.80406029,Solved
L?`@CbOWO[AqJG,22,5,5.6794835466,0.6794835466,1.1358967093,5.82801526,Solved
L?AAF@Sa`oM_ig,23,5,5.6794418861,0.6794418861,1.1358883772,5.81996110,Solved
L?AAD@WLDcHgN_,23,5,5.6793911194,0.6793911194,1.1358782239,5.81598405,Solved
L?AAD@WK_m\?N_,23,5,5.6793909466,0.6793909466,1.1358781893,5.80285897,Solved
L?AAD@WKaiTO\?,22,5,5.6793400835,0.6793400835,1.1358680167,5.81713628,Solved
L?AA@agTBoFOas,23,5,5.6793190830,0.6793190830,1.1358638166,5.80654433,Solved
L?AA@aHX?l\?^?,23,5,5.6792570953,0.6792570953,1.1358514191,5.80297865,Solved
L?AE@b_U?wFOBw,23,5,5.6791118753,0.6791118753,1.1358223751,5.80589176,Solved
L?AADbGY@gBoDg,22,5,5.6790708027,0.6790708027,1.1358141605,5.83189187,Solved
L?AA@aHMBGRON_,22,5,5.6790355986,0.6790355986,1.1358071197,5.81273059,Solved
L?AADbGY?kF_Hg,22,5,5.6789736283,0.6789736283,1.1357947257,5.83657940,Solved
L?AAD@oBdoAwN?,22,5,5.6788585928,0.6788585928,1.1357717186,5.83139408,Solved
L?AE@b_U?wDoBo,22,5,5.6788261595,0.6788261595,1.1357652319,5.81668578,Solved
L?AA@aHXCsF_m?,22,5,5.6786704432,0.6786704432,1.1357340886,5.80314083,Solved
L?AA@aHMBHRON_,23,5,5.6786196662,0.6786196662,1.1357239332,5.81302094,Solved
L?AAD?o]?{J_Bw,23,5,5.6786044282,0.6786044282,1.1357208856,5.80506547,Solved
L?AADb_L?s@s}?,23,5,5.6785640841,0.6785640841,1.1357128168,5.82454611,Solved
L?AAD@oTCsF_ic,23,5,5.6785465971,0.6785465971,1.1357093194,5.81011019,Solved
L?AE@b_U?wDoBw,23,5,5.6784750757,0.6784750757,1.1356950151,5.80782880,Solved
L?AA@agTCUN?e_,22,5,5.6784249660,0.6784249660,1.1356849932,5.82120658,Solved
L?AAD?wT@Sj_N_,23,5,5.6779434504,0.6779434504,1.1355886901,5.80372278,Solved
L?AADbGLFOBoDg,23,5,5.6779111166,0.6779111166,1.1355822233,5.83157433,Solved
L?AADb_B_tN?M_,23,5,5.6778631405,0.6778631405,1.1355726281,5.83279563,Solved
L?AB?qQU@WGk{?,22,5,5.6778609774,0.6778609774,1.1355721955,5.80473379,Solved
L?AADbGLFOAsN_,24,5,5.6777159435,0.6777159435,1.1355431887,5.83494688,Solved
L?AAD?sYF_BgDo,22,5,5.6776956339,0.6776956339,1.1355391268,5.81767961,Solved
L?AAFBOL@S@s^?,23,5,5.6775580709,0.6775580709,1.1355116142,5.81781640,Solved
L?AE@b_F?]N?M_,23,5,5.6774991209,0.6774991209,1.1354998242,5.83001362,Solved
L?AAD?w\F_@wFO,23,5,5.6773170556,0.6773170556,1.1354634111,5.83964597,Solved
L?AAD?w[?{@ym_,24,5,5.6773131562,0.6773131562,1.1354626312,5.80952072,Solved
L?AAFBOM?[M_FO,22,5,5.6773069922,0.6773069922,1.1354613984,5.81487946,Solved
L?AADb_B_lN?M_,23,5,5.6772772351,0.6772772351,1.1354554470,5.85287051,Solved
L?AA@agwCsBoDk,23,5,5.6771109952,0.6771109952,1.1354221990,5.81053012,Solved
L?AA@agTCsN?as,23,5,5.6770704801,0.6770704801,1.1354140960,5.81556884,Solved
L?AE@b_F?VN?M_,23,5,5.6770689513,0.6770689513,1.1354137903,5.81948368,Solved
L?AE@b_DeQF_]?,23,5,5.6770432714,0.6770432714,1.1354086543,5.82563963,Solved
L?AAD`gDeOeoe_,23,5,5.6770315976,0.6770315976,1.1354063195,5.82135801,Solved
L?AAD`gDeOeom_,24,5,5.6770291193,0.6770291193,1.1354058239,5.83506982,Solved
L?AADBOY@wAwFO,22,5,5.6770063348,0.6770063348,1.1354012670,5.80680336,Solved
L?AA@_ww?{J_Bs,23,5,5.6770044681,0.6770044681,1.1354008936,5.80326875,Solved
L?AEB?WHHoM_aT,22,5,5.6769541479,0.6769541479,1.1353908296,5.80934338,Solved
L?AEB?WHKan?ZA,23,5,5.6768917191,0.6768917191,1.1353783438,5.80615923,Solved
L?AE@`HJ?lV?y?,23,5,5.6768679646,0.6768679646,1.1353735929,5.80034345,Solved
L?AAD@omDSIg^?,24,5,5.6768213734,0.6768213734,1.1353642747,5.80550992,Solved
L?AADBOM?[J_Fo,22,5,5.6768199957,0.6768199957,1.1353639991,5.82010704,Solved
L?`@CbOWO[AqJW,23,5,5.6767472896,0.6767472896,1.1353494579,5.82512453,Solved
L?AADbGY@KBOKg,21,5,5.6766982668,0.6766982668,1.1353396534,5.80475584,Solved
L?AA@aHY?kF_}?,22,5,5.6766646685,0.6766646685,1.1353329337,5.80961419,Solved
L?AAD@OM@[@km_,22,5,5.6766550625,0.6766550625,1.1353310125,5.81435422,Solved
L?AAD?w[?k@Y^?,22,5,5.6765999961,0.6765999961,1.1353199992,5.81405123,Solved
L?ABAaQFEoCkZ?,23,5,5.6765978323,0.6765978323,1.1353195665,5.80944169,Solved
L?AAD@WLDoHgi_,22,5,5.6765127615,0.6765127615,1.1353025523,5.80972615,Solved
L?AA@aHX@sRQLg,24,5,5.6764778756,0.6764778756,1.1352955751,5.80283871,Solved
L?AE@b_F?]N?J_,23,5,5.6764753437,0.6764753437,1.1352950687,5.83655129,Solved
L?AE@`HHmoF_m?,24,5,5.6764731892,0.6764731892,1.1352946378,5.81894313,Solved
L?AADbGY?wEoHg,22,5,5.6764335178,0.6764335178,1.1352867036,5.82269002,Solved
L?AB?qQq@WN?G[,22,5,5.6764325338,0.6764325338,1.1352865068,5.81892198,Solved
L?AAD?w[?Ubo^?,23,5,5.6764293535,0.6764293535,1.1352858707,5.83044785,Solved
L?ABAaIHSoN?LG,22,5,5.6764151343,0.6764151343,1.1352830269,5.80476140,Solved
L?AAD?wT?{TOVO,23,5,5.6764052649,0.6764052649,1.1352810530,5.83355975,Solved
L?AAD@oT?s@s^?,22,5,5.6763707365,0.6763707365,1.1352741473,5.80176786,Solved
L?AAD@oT?sN_Bw,23,5,5.6763700873,0.6763700873,1.1352740175,5.80373110,Solved
L?AAD@OMAwPSN_,22,5,5.6763597401,0.6763597401,1.1352719480,5.80500564,Solved
L?AADBOM@[@wm_,23,5,5.6763566124,0.6763566124,1.1352713225,5.80937516,Solved
L?AAD@oI_wHgm_,22,5,5.6763518552,0.6763518552,1.1352703710,5.81062571,Solved
L?AADb_B_tN?V?,23,5,5.6763346398,0.6763346398,1.1352669280,5.81369555,Solved
L?AA@_ww?]Bo^?,23,5,5.6763107854,0.6763107854,1.1352621571,5.80162892,Solved
L?AAD@OMAwFoig,23,5,5.6763061510,0.6763061510,1.1352612302,5.80335402,Solved
L?AADbGY?kF_Lg,23,5,5.6762926924,0.6762926924,1.1352585385,5.82349886,Solved
L?AA@_ww?{@y^?,24,5,5.6762831946,0.6762831946,1.1352566389,5.80174878,Solved
L?AAF@Sa`gN?ig,23,5,5.6762784224,0.6762784224,1.1352556845,5.80265548,Solved
L?AADb_BawN?Fg,24,5,5.6762703833,0.6762703833,1.1352540767,5.82244662,Solved
L?AA@agw?{VODk,24,5,5.6762550897,0.6762550897,1.1352510179,5.81204593,Solved
L?ABAaIHSoN?\G,23,5,5.6761363150,0.6761363150,1.1352272630,5.80488720,Solved
L?AA@agTCUN?m_,23,5,5.6761339284,0.6761339284,1.1352267857,5.80974746,Solved
L?AAD@om@wIgi`,24,5,5.6761151626,0.6761151626,1.1352230325,5.80407028,Solved
L?AAD?wTDSBgL_,22,5,5.6760170489,0.6760170489,1.1352034098,5.81110532,Solved
L?AAD?wTDSBgN_,23,5,5.6759344681,0.6759344681,1.1351868936,5.82553337,Solved
L?AE@b_F@[N?Aw,23,5,5.6757861348,0.6757861348,1.1351572270,5.83168927,Solved
L?AADb_D_{F_yC,24,5,5.6757702855,0.6757702855,1.1351540571,5.82279334,Solved
L?AEB?suBo@wF_,24,5,5.6757652004,0.6757652004,1.1351530401,5.80466200,Solved
L?AADBOIdo@kN_,23,5,5.6757050094,0.6757050094,1.1351410019,5.80704954,Solved
L?AADBOIdoFoBw,24,5,5.6756253613,0.6756253613,1.1351250723,5.81504894,Solved
L?AAFBOJBoBoFo,24,5,5.6755809903,0.6755809903,1.1351161981,5.80427500,Solved
L?ABAaGE`Bn?\?,22,5,5.6755246983,0.6755246983,1.1351049397,5.80598797,Solved
L?AADbGI_kZ?Kg,22,5,5.6754548832,0.6754548832,1.1350909766,5.80783756,Solved
L?AADAoFFOAwN_,23,5,5.6754548794,0.6754548794,1.1350909759,5.81955677,Solved
L?AA@agT?Un?m_,23,5,5.6754033671,0.6754033671,1.1350806734,5.80232690,Solved
L?AB?qQq@WJ_HS,22,5,5.6753574229,0.6753574229,1.1350714846,5.80176853,Solved
L?AA@agTBoVOas,24,5,5.6753453759,0.6753453759,1.1350690752,5.80568960,Solved
L?AE@`H[FOAs^?,24,5,5.6752911631,0.6752911631,1.1350582326,5.80851348,Solved
L?AADbGY@cBoDc,22,5,5.6752765376,0.6752765376,1.1350553075,5.81655350,Solved
L?AE@b_F?]N?N_,24,5,5.6752599315,0.6752599315,1.1350519863,5.82674862,Solved
L?AAD@om@w@wFO,23,5,5.6750796205,0.6750796205,1.1350159241,5.81544944,Solved
L?AAF@Sa`oJ_ig,23,5,5.6750514077,0.6750514077,1.1350102815,5.80123292,Solved
L?AA@r_D_x\?Z?,23,5,5.6750507211,0.6750507211,1.1350101442,5.83315958,Solved
L?AADb_E_\N?L_,23,5,5.6750247390,0.6750247390,1.1350049478,5.83632191,Solved
L?AADb_E_\N?N_,24,5,5.6750242375,0.6750242375,1.1350048475,5.85377155,Solved
L?AE@b_MAw@wF_,23,5,5.6749305933,0.6749305933,1.1349861187,5.82218242,Solved
L?AE@b_F@[N?Bw,24,5,5.6749011247,0.6749011247,1.1349802249,5.83334171,Solved
L?AADb_MCsBoBw,24,5,5.6748871007,0.6748871007,1.1349774201,5.83416959,Solved
L?AE@`HY?wCs}?,23,5,5.6748547373,0.6748547373,1.1349709475,5.80097422,Solved
L?AA@bGw?lBo^?,23,5,5.6747880321,0.6747880321,1.1349576064,5.81288447,Solved
L?AE@b_M?{J_Bw,24,5,5.6747815581,0.6747815581,1.1349563116,5.81943222,Solved
L?AAD?w[?kN_Bs,23,5,5.6747376028,0.6747376028,1.1349475206,5.80088005,Solved
L?AA@ags?]BoM_,22,5,5.6747364859,0.6747364859,1.1349472972,5.80701232,Solved
L?AADb_Bg{N?\?,24,5,5.6747287612,0.6747287612,1.1349457522,5.80810980,Solved
L?AE@b_M?{N_Bw,25,5,5.6746965124,0.6746965124,1.1349393025,5.81347350,Solved
L?AAD`gDf?bom_,24,5,5.6746414917,0.6746414917,1.1349282983,5.81193550,Solved
L?AE@b_F?VN?N_,24,5,5.6746156767,0.6746156767,1.1349231353,5.82937829,Solved
L?AEB?Wk?Um_N_,23,5,5.6746118243,0.6746118243,1.1349223649,5.80706054,Solved
L?AADBOM?]Bg^?,23,5,5.6745940776,0.6745940776,1.1349188155,5.81874136,Solved
L?AAD@o]AwBoBw,24,5,5.6745226465,0.6745226465,1.1349045293,5.82836846,Solved
L?AB?qQ[EOCgV?,21,5,5.6745199485,0.6745199485,1.1349039897,5.80357770,Solved
L?AADAoXAW@WFO,20,5,5.6745151730,0.6745151730,1.1349030346,5.80368447,Solved
L?AA@BOm?u@weO,22,5,5.6745151722,0.6745151722,1.1349030344,5.80663594,Solved
L?AADBOFBo@wUO,22,5,5.6745151711,0.6745151711,1.1349030342,5.80437686,Solved
L?AAD?oX?sJ_Aw,20,5,5.6745151709,0.6745151709,1.1349030342,5.81493558,Solved
L?AADBOFFO@wUO,22,5,5.6745151668,0.6745151668,1.1349030334,5.80020080,Solved
L?AAD?oLAo@SF_,19,5,5.6745151662,0.6745151662,1.1349030332,5.80118814,Solved
L?AA@AWT@SJG]?,20,5,5.6745151656,0.6745151656,1.1349030331,5.80042493,Solved
L?AAD@OX?sV?As,20,5,5.6745151655,0.6745151655,1.1349030331,5.80769513,Solved
L?AADBOY?w@wVO,22,5,5.6745139637,0.6745139637,1.1349027927,5.80053128,Solved
L?AADBOFAq@w}?,23,5,5.6745034096,0.6745034096,1.1349006819,5.80597015,Solved
L?AAD?sY?k@w}?,22,5,5.6745004587,0.6745004587,1.1349000917,5.80932404,Solved
L?AAFBOM?[L_FO,22,5,5.6744809373,0.6744809373,1.1348961875,5.80123594,Solved
L?AAD@OJ@cJ_Ig,20,5,5.6744694082,0.6744694082,1.1348938816,5.80625963,Solved
L?AAD?oq?[HcCs,20,5,5.6744694029,0.6744694029,1.1348938806,5.80038469,Solved
L?AADBOFBo@wVO,23,5,5.6744225005,0.6744225005,1.1348845001,5.80652467,Solved
L?AB?qQU@WGky?,22,5,5.6744166371,0.6744166371,1.1348833274,5.81283737,Solved
L?AA@b_DbWBoyC,23,5,5.6744149151,0.6744149151,1.1348829830,5.80950216,Solved
L?AB?qQ[EOCg^?,22,5,5.6744042590,0.6744042590,1.1348808518,5.80688829,Solved
L?AA@aHiB_AoN?,20,5,5.6743904173,0.6743904173,1.1348780835,5.81189930,Solved
L?AADBOY@WBOBg,20,5,5.6743813901,0.6743813901,1.1348762780,5.81261265,Solved
L?AA@BOi?mJGTO,21,5,5.6743760216,0.6743760216,1.1348752043,5.80131839,Solved
L?ABAaIHSon?LG,23,5,5.6743757080,0.6743757080,1.1348751416,5.80738604,Solved
L?AADAoY?UB_M_,20,5,5.6743635860,0.6743635860,1.1348727172,5.81269389,Solved
L?AADAoY?UJ_RO,21,5,5.6743478674,0.6743478674,1.1348695735,5.81585006,Solved
L?AB?qQU@WGk}?,23,5,5.6743365252,0.6743365252,1.1348673050,5.82152039,Solved
L?AADb_BiwN?Fg,25,5,5.6743318089,0.6743318089,1.1348663618,5.80094327,Solved
L?AADb_DawN?Fg,24,5,5.6742979843,0.6742979843,1.1348595969,5.80460490,Solved
L?AE@b_FBo@{N_,25,5,5.6742589795,0.6742589795,1.1348517959,5.81788970,Solved
L?AAD?w[?{@y^?,24,5,5.6742501625,0.6742501625,1.1348500325,5.82185318,Solved
L?AAD@oIawIgm_,23,5,5.6742431366,0.6742431366,1.1348486273,5.81744730,Solved
L?AA@r_D_x\?k_,23,5,5.6742308343,0.6742308343,1.1348461669,5.80444158,Solved
L?AAD?s[?k\?FO,21,5,5.6742055959,0.6742055959,1.1348411192,5.80229565,Solved
L?AE@`HHmoF_V?,24,5,5.6741952119,0.6741952119,1.1348390424,5.81877443,Solved
L?AAD?s[?s@wm?,21,5,5.6741135269,0.6741135269,1.1348227054,5.82380810,Solved
L?`@Cb_HOsBcoc,22,5,5.6740843890,0.6740843890,1.1348168778,5.81176110,Solved
L?AE@b_DboF_Bw,24,5,5.6740799896,0.6740799896,1.1348159979,5.82163407,Solved
L?ABAaIRCoM_HY,23,5,5.6740741663,0.6740741663,1.1348148333,5.81139348,Solved
L?AAD@omCsBoBw,24,5,5.6740593825,0.6740593825,1.1348118765,5.81235727,Solved
L?AADBOMCsDoBw,23,5,5.6740499797,0.6740499797,1.1348099959,5.80213254,Solved
L?AAD?w\FOBgDo,23,5,5.6740421133,0.6740421133,1.1348084227,5.82313715,Solved
L?AADb_Bg{N?^?,25,5,5.6739966027,0.6739966027,1.1347993205,5.81236885,Solved
L?AADBOY?s@wN_,22,5,5.6739745497,0.6739745497,1.1347949099,5.81232172,Solved
L?AB?qQU@WGkm@,23,5,5.6739743131,0.6739743131,1.1347948626,5.81208077,Solved
L?AAD@WKaiTO^?,23,5,5.6739707051,0.6739707051,1.1347941410,5.82435712,Solved
L?AB?qQ[EoCk^?,24,5,5.6739705458,0.6739705458,1.1347941092,5.82773999,Solved
L?AAD@OX?sF_ac,20,5,5.6739657137,0.6739657137,1.1347931427,5.81796841,Solved
L?AAD?cSFOHgJc,21,5,5.6739532804,0.6739532804,1.1347906561,5.80468423,Solved
L?AA@AOTDoJGZG,21,5,5.6739532802,0.6739532802,1.1347906560,5.80365222,Solved
L?AAD?cS?sUODo,19,5,5.6739532789,0.6739532789,1.1347906558,5.80355542,Solved
L?AAD?cSFODoRO,20,5,5.6739532789,0.6739532789,1.1347906558,5.80062465,Solved
L?AA@BOT@cROqA,20,5,5.6739532786,0.6739532786,1.1347906557,5.81016557,Solved
L?AAD?WX@L]?TO,21,5,5.6739532779,0.6739532779,1.1347906556,5.82861365,Solved
L?AADBOY@S@[cc,21,5,5.6739532774,0.6739532774,1.1347906555,5.81788641,Solved
L?AA@BOR@T\?m_,22,5,5.6739532774,0.6739532774,1.1347906555,5.80009042,Solved
L?AAD?oq?ZL_ag,21,5,5.6739532774,0.6739532774,1.1347906555,5.80025319,Solved
L?AA@AOTDoBgZG,21,5,5.6739532768,0.6739532768,1.1347906554,5.80526883,Solved
L?AA@BOTDOBgaS,20,5,5.6739532762,0.6739532762,1.1347906552,5.80140220,Solved
L?AA@BOLDoIgJG,21,5,5.6739532760,0.6739532760,1.1347906552,5.81128210,Solved
L?AAD@OXDSCscc,21,5,5.6739532753,0.6739532753,1.1347906551,5.80100199,Solved
L?AAD?cUDcM_sG,21,5,5.6739532753,0.6739532753,1.1347906551,5.81734588,Solved
L?AA@AOT@kVOJg,22,5,5.6739532741,0.6739532741,1.1347906548,5.80377540,Solved
L?AAD@OI@cJGAY,19,5,5.6739532740,0.6739532740,1.1347906548,5.81167251,Solved
L?AA@BOTDODcaS,20,5,5.6739532735,0.6739532735,1.1347906547,5.80496332,Solved
L?AAD@OX@oAwcc,20,5,5.6739532734,0.6739532734,1.1347906547,5.81444496,Solved
L?AAD?oXEPHgak,22,5,5.6739532734,0.6739532734,1.1347906547,5.80085564,Solved
L?AAD?cEF_IgL_,20,5,5.6739532732,0.6739532732,1.1347906546,5.82981821,Solved
L?AA@AOTCsEoJg,21,5,5.6739532730,0.6739532730,1.1347906546,5.81517507,Solved
L?AAD@OXCcawA{,22,5,5.6739532726,0.6739532726,1.1347906545,5.80838870,Solved
L?AA@BOJLoIg\?,22,5,5.6739532726,0.6739532726,1.1347906545,5.80251681,Solved
L?AAD?c{@kIgqI,23,5,5.6739532722,0.6739532722,1.1347906544,5.80724418,Solved
L?AA@AOTDoEoJg,21,5,5.6739532720,0.6739532720,1.1347906544,5.80403362,Solved
L?AADBOX?sIgcc,21,5,5.6739532718,0.6739532718,1.1347906544,5.81258518,Solved
L?AA@BORDOEQJg,21,5,5.6739532713,0.6739532713,1.1347906543,5.80570366,Solved
L?AAD@Oi@cHHCs,20,5,5.6739532711,0.6739532711,1.1347906542,5.80131249,Solved
L?AAD?oq?UHgHE,20,5,5.6739532710,0.6739532710,1.1347906542,5.81953201,Solved
L?AADAoLAaH_qC,20,5,5.6739532709,0.6739532709,1.1347906542,5.80973466,Solved
L?AAD@OICcAwXA,19,5,5.6739532709,0.6739532709,1.1347906542,5.80900892,Solved
L?AAD@cHf_BITO,22,5,5.6739532708,0.6739532708,1.1347906542,5.81307522,Solved
L?AAD@OXDP@k^?,22,5,5.6739532708,0.6739532708,1.1347906542,5.82807722,Solved
L?AA@AOq@gHce_,19,5,5.6739532708,0.6739532708,1.1347906542,5.80296238,Solved
L?AAD@OX?sUOCs,20,5,5.6739532707,0.6739532707,1.1347906541,5.80303112,Solved
L?AAD@Oi@cJGAY,20,5,5.6739532706,0.6739532706,1.1347906541,5.81335860,Solved
L?AAD@OXCcaw}?,22,5,5.6739532704,0.6739532704,1.1347906541,5.80755611,Solved
L?AA@BOTDODcN_,21,5,5.6739532704,0.6739532704,1.1347906541,5.80535812,Solved
L?AA@AOTCsDcL_,20,5,5.6739532701,0.6739532701,1.1347906540,5.81151954,Solved
L?AADBOY@cAYQQ,21,5,5.6739532700,0.6739532700,1.1347906540,5.80284683,Solved
L?AA@BOi@XJ_m_,22,5,5.6739532699,0.6739532699,1.1347906540,5.80570958,Solved
L?AAD?cUDcAw\?,21,5,5.6739532697,0.6739532697,1.1347906539,5.83472590,Solved
L?AAD@OXDSCsBw,22,5,5.6739532697,0.6739532697,1.1347906539,5.81793440,Solved
L?AA@BOi@cIaJg,21,5,5.6739532697,0.6739532697,1.1347906539,5.81646041,Solved
L?AAD?cSFODoak,21,5,5.6739532696,0.6739532696,1.1347906539,5.81587371,Solved
L?AAD@OX@LROcc,21,5,5.6739532695,0.6739532695,1.1347906539,5.80109659,Solved
L?AA@aHwAYF_XG,22,5,5.6739532694,0.6739532694,1.1347906539,5.80288000,Solved
L?AA@AOU@gPPN_,20,5,5.6739532694,0.6739532694,1.1347906539,5.80006088,Solved
L?AAD@OXCcaw^?,22,5,5.6739532694,0.6739532694,1.1347906539,5.80809001,Solved
L?AAD?WHJ_Eocc,20,5,5.6739532693,0.6739532693,1.1347906539,5.80626840,Solved
L?AA@AOqDSAqJg,21,5,5.6739532693,0.6739532693,1.1347906539,5.80344451,Solved
L?AA@AWs@Wig\?,21,5,5.6739532693,0.6739532693,1.1347906539,5.80081644,Solved
L?AA@aHiAWKcBo,21,5,5.6739532691,0.6739532691,1.1347906538,5.80932489,Solved
L?AA@BOi@cIaJG,20,5,5.6739532691,0.6739532691,1.1347906538,5.80562769,Solved
L?AA@BOi?ZXGTS,22,5,5.6739532690,0.6739532690,1.1347906538,5.80417098,Solved
L?AA@_gMCQICRO,19,5,5.6739532690,0.6739532690,1.1347906538,5.80190396,Solved
L?AAD@OI@cAYQQ,19,5,5.6739532689,0.6739532689,1.1347906538,5.80940737,Solved
L?AA@BORDO@skc,21,5,5.6739532688,0.6739532688,1.1347906538,5.82377638,Solved
L?AA@AOQ@gROBg,18,5,5.6739532688,0.6739532688,1.1347906538,5.80075203,Solved
L?AAD@OX?sCscc,20,5,5.6739532688,0.6739532688,1.1347906538,5.80447940,Solved
L?AA@AOTDoDcVO,21,5,5.6739532685,0.6739532685,1.1347906537,5.80626590,Solved
L?AA@AOTEoLCIk,21,5,5.6739532685,0.6739532685,1.1347906537,5.80581039,Solved
L?AA@BOi@c@sTC,20,5,5.6739532685,0.6739532685,1.1347906537,5.81854905,Solved
L?AAD?c{@kIgN_,23,5,5.6739532685,0.6739532685,1.1347906537,5.80474914,Solved
L?AAD?WHJ_UOSS,20,5,5.6739532685,0.6739532685,1.1347906537,5.80660147,Solved
L?AA@BORDOUQJg,22,5,5.6739532684,0.6739532684,1.1347906537,5.81669747,Solved
L?AA@BOR@TROy?,21,5,5.6739532681,0.6739532681,1.1347906536,5.81671584,Solved
L?AAD@OXDP@wHg,21,5,5.6739532681,0.6739532681,1.1347906536,5.82017982,Solved
L?AA@AOYAgRGBW,19,5,5.6739532677,0.6739532677,1.1347906535,5.81398852,Solved
L?AA@BOT@cDsic,22,5,5.6739532677,0.6739532677,1.1347906535,5.81481089,Solved
L?AA@BOTDOEoJG,20,5,5.6739532677,0.6739532677,1.1347906535,5.80555370,Solved
L?AAD@OXEoBgaK,21,5,5.6739532677,0.6739532677,1.1347906535,5.80705008,Solved
L?AAD@OICcJGAY,19,5,5.6739532676,0.6739532676,1.1347906535,5.80518473,Solved
L?AAD?cSDcAw^?,21,5,5.6739532676,0.6739532676,1.1347906535,5.80646470,Solved
L?AA@BORDO@scc,20,5,5.6739532673,0.6739532673,1.1347906535,5.82755645,Solved
L?AAD@OXCoBgaK,20,5,5.6739532673,0.6739532673,1.1347906535,5.81348368,Solved
L?AA@BOR@TFOy?,21,5,5.6739532669,0.6739532669,1.1347906534,5.80372003,Solved
L?AADBOJ?]N?N_,23,5,5.6738546061,0.6738546061,1.1347709212,5.82421539,Solved
L?ABAaIeAwM_G],24,5,5.6738515899,0.6738515899,1.1347703180,5.81915906,Solved
L?AAD?oLAo@SFo,20,5,5.6738449735,0.6738449735,1.1347689947,5.80207292,Solved
L?AAD@oDeo@wV?,22,5,5.6738092441,0.6738092441,1.1347618488,5.81046721,Solved
L?AA@_gaQgZ?Dc,20,5,5.6738072661,0.6738072661,1.1347614532,5.80395326,Solved
L?AA@AOYAwRGRW,21,5,5.6737864666,0.6737864666,1.1347572933,5.82099028,Solved
L?AA@AOFBOVOJg,21,5,5.6737864639,0.6737864639,1.1347572928,5.81479858,Solved
L?AADAoLAaH_Do,20,5,5.6737864636,0.6737864636,1.1347572927,5.81185930,Solved
L?AADAoLAa@oDo,20,5,5.6737864633,0.6737864633,1.1347572927,5.84439267,Solved
L?AA@AOU@SI`N_,20,5,5.6737864622,0.6737864622,1.1347572924,5.82340260,Solved
L?AAD@OLDcAwig,22,5,5.6737864620,0.6737864620,1.1347572924,5.81090598,Solved
L?AAD@OLDcAwm_,22,5,5.6737864616,0.6737864616,1.1347572923,5.80146397,Solved
L?AAD@OiBW@kUO,21,5,5.6737864602,0.6737864602,1.1347572920,5.81230085,Solved
L?AA@BOTDOEoJg,21,5,5.6737864599,0.6737864599,1.1347572920,5.82577114,Solved
L?AAD@OLFOUODq,22,5,5.6737864595,0.6737864595,1.1347572919,5.81399002,Solved
L?AAD?sYCcAi{?,21,5,5.6737864592,0.6737864592,1.1347572918,5.82960030,Solved
L?AAD@OLDcAw}?,22,5,5.6737864588,0.6737864588,1.1347572918,5.80222099,Solved
L?AA@AOq?wDcm_,20,5,5.6737864588,0.6737864588,1.1347572918,5.80185312,Solved
L?AA@AOFBOROJg,20,5,5.6737864587,0.6737864587,1.1347572917,5.82171082,Solved
L?AA@BOTCcD_ac,19,5,5.6737864587,0.6737864587,1.1347572917,5.81168589,Solved
L?AA@AOTDoDcN_,21,5,5.6737864585,0.6737864585,1.1347572917,5.80140363,Solved
L?AA@BOi?e@[uO,21,5,5.6737864581,0.6737864581,1.1347572916,5.80557182,Solved
L?AA@_gMCQYCCi,20,5,5.6737864580,0.6737864580,1.1347572916,5.81721805,Solved
L?AA@AOq?wDce_,19,5,5.6737864580,0.6737864580,1.1347572916,5.81383167,Solved
L?AA@AOeAgDcN_,20,5,5.6737864580,0.6737864580,1.1347572916,5.81733652,Solved
L?AAD@OI?sJGAw,19,5,5.6737864579,0.6737864579,1.1347572916,5.83495388,Solved
L?AAD@OLDPUODq,22,5,5.6737864579,0.6737864579,1.1347572916,5.80594701,Solved
L?AAD@OI@gUODs,20,5,5.6737864579,0.6737864579,1.1347572916,5.81585310,Solved
L?AA@AOY?kROJg,20,5,5.6737864578,0.6737864578,1.1347572916,5.80993944,Solved
L?AAD@OJFO@kUO,21,5,5.6737864576,0.6737864576,1.1347572915,5.83297091,Solved
L?AAD@OLDcAwAN,22,5,5.6737864575,0.6737864575,1.1347572915,5.80738659,Solved
L?AA@AOeBgHcVO,21,5,5.6737864574,0.6737864574,1.1347572915,5.80491504,Solved
L?AA@AOQ@wROJg,20,5,5.6737864574,0.6737864574,1.1347572915,5.81010505,Solved
L?AA@BOi?eJGAw,20,5,5.6737864573,0.6737864573,1.1347572915,5.80358583,Solved
L?AA@AOQ@wVOJg,21,5,5.6737864573,0.6737864573,1.1347572915,5.80536185,Solved
L?AA@AOFFOHcuO,21,5,5.6737864573,0.6737864573,1.1347572915,5.80600527,Solved
L?AA@BOi?s@[uO,21,5,5.6737864571,0.6737864571,1.1347572914,5.82068521,Solved
L?AA@AOq@wDcm_,21,5,5.6737864571,0.6737864571,1.1347572914,5.80674926,Solved
L?AAD@OLBWUODo,21,5,5.6737864570,0.6737864570,1.1347572914,5.82903847,Solved
L?AAD@OM@KAwk_,20,5,5.6737864570,0.6737864570,1.1347572914,5.82092315,Solved
L?AA@_gaU_IaBQ,20,5,5.6737864568,0.6737864568,1.1347572914,5.81211734,Solved
L?AA@AOY?kVOJg,21,5,5.6737864568,0.6737864568,1.1347572914,5.80425958,Solved
L?AAD@Oi?sJGAw,20,5,5.6737864568,0.6737864568,1.1347572914,5.84536742,Solved
L?AA@AOe?wLCJg,20,5,5.6737864564,0.6737864564,1.1347572913,5.81735552,Solved
L?AA@AOe?wHCJg,19,5,5.6737864563,0.6737864563,1.1347572913,5.80306640,Solved
L?AAD?oq?eFOAw,20,5,5.6737864561,0.6737864561,1.1347572912,5.83087773,Solved
L?AAD@OLDc@kDo,21,5,5.6737864559,0.6737864559,1.1347572912,5.80703375,Solved
L?AAD?oq?sJGCs,20,5,5.6737864558,0.6737864558,1.1347572912,5.82464644,Solved
L?AA@BOTCcD_ic,20,5,5.6737864556,0.6737864556,1.1347572911,5.82589805,Solved
L?AA@_gMCQICCi,19,5,5.6737864555,0.6737864555,1.1347572911,5.81811864,Solved
L?AAD@OL@cBgBY,21,5,5.6737864555,0.6737864555,1.1347572911,5.80280348,Solved
L?AAD@Oi@gAwk_,20,5,5.6737864554,0.6737864554,1.1347572911,5.82595553,Solved
L?AAD@OL@[UODo,21,5,5.6737864554,0.6737864554,1.1347572911,5.80377320,Solved
L?AAD@OLDc@wDo,21,5,5.6737864552,0.6737864552,1.1347572910,5.81794781,Solved
L?AAD@OLDcAw^?,22,5,5.6737864552,0.6737864552,1.1347572910,5.81791985,Solved
L?AAD@OLDcAwak,22,5,5.6737864551,0.6737864551,1.1347572910,5.82785177,Solved
L?AA@BOR@c\?Jg,21,5,5.6737864551,0.6737864551,1.1347572910,5.82098866,Solved
L?AA@_gaU_AUm_,21,5,5.6737864549,0.6737864549,1.1347572910,5.80456848,Solved
L?AA@AOTBoFOIk,21,5,5.6737864548,0.6737864548,1.1347572910,5.82115427,Solved
L?AAD?oq?[HcHc,20,5,5.6737864547,0.6737864547,1.1347572909,5.83048322,Solved
L?AA@_gaU_FOCk,20,5,5.6737864546,0.6737864546,1.1347572909,5.81011009,Solved
L?AA@BOi?kM_Jg,21,5,5.6737864546,0.6737864546,1.1347572909,5.80261360,Solved
L?AA@_gaQ`V?Ck,20,5,5.6737864546,0.6737864546,1.1347572909,5.81593233,Solved
L?AA@AOY?kfO^?,21,5,5.6737864543,0.6737864543,1.1347572909,5.80548282,Solved
L?AA@BOiCs@[uO,22,5,5.6737864542,0.6737864542,1.1347572908,5.80875003,Solved
L?AA@_gaToYCCk,21,5,5.6737864542,0.6737864542,1.1347572908,5.81470058,Solved
L?AAD@Oi@WBGBW,19,5,5.6737864542,0.6737864542,1.1347572908,5.84185864,Solved
L?AA@AOQ?wROJg,19,5,5.6737864541,0.6737864541,1.1347572908,5.80479831,Solved
L?AAD@OLDcHgDo,21,5,5.6737864540,0.6737864540,1.1347572908,5.81596016,Solved
L?AADAoLAWAXTO,21,5,5.6737864540,0.6737864540,1.1347572908,5.84101861,Solved
L?AAD@OI@gAwk_,19,5,5.6737864539,0.6737864539,1.1347572908,5.81774906,Solved
L?ABAaQJ?Z\?{?,23,5,5.6737751417,0.6737751417,1.1347550283,5.82183659,Solved
L?ABAaIeAwM_H[,24,5,5.6737643917,0.6737643917,1.1347528783,5.82207297,Solved
L?AA@aHY?k]?\?,21,5,5.6737485849,0.6737485849,1.1347497170,5.80236875,Solved
L?AAFBOM?[L_Jg,23,5,5.6737471617,0.6737471617,1.1347494323,5.81032624,Solved
L?AAD@WMdcHg^?,24,5,5.6737454095,0.6737454095,1.1347490819,5.83294431,Solved
L?AADbGy?lEom_,25,5,5.6737293593,0.6737293593,1.1347458719,5.83136004,Solved
L?AAD?wFQiTON_,24,5,5.6736951341,0.6736951341,1.1347390268,5.83280022,Solved
L?AADBOM@[@{m_,24,5,5.6736931754,0.6736931754,1.1347386351,5.81387203,Solved
L?AADAoY?k@wM_,21,5,5.6736639212,0.6736639212,1.1347327842,5.83244170,Solved
L?AAD@ou?]BoV?,23,5,5.6736441218,0.6736441218,1.1347288244,5.81278211,Solved
L?AADAoY?kBWM_,21,5,5.6736387379,0.6736387379,1.1347277476,5.80008229,Solved
L?AA@AW[@[YGM_,21,5,5.6736366667,0.6736366667,1.1347273333,5.80588278,Solved
L?AADBOY@WBoBg,21,5,5.6736301991,0.6736301991,1.1347260398,5.80390526,Solved
L?AADAoY?wHgAw,21,5,5.6735883496,0.6735883496,1.1347176699,5.80694051,Solved
L?AADAoY?w@wRO,21,5,5.6735864735,0.6735864735,1.1347172947,5.81846340,Solved
L?AA@AW{?]BWk_,22,5,5.6735856283,0.6735856283,1.1347171257,5.80841968,Solved
L?AADAoY?wHgBw,22,5,5.6735575714,0.6735575714,1.1347115143,5.81511459,Solved
L?AADAoX@kAwEs,23,5,5.6735437667,0.6735437667,1.1347087533,5.81469846,Solved
L?AA@aHkBOIcRS,22,5,5.6735437661,0.6735437661,1.1347087532,5.83458178,Solved
L?AA@AOeAgFoJg,21,5,5.6735437657,0.6735437657,1.1347087531,5.80745011,Solved
L?AADBOIageoHg,22,5,5.6735437652,0.6735437652,1.1347087530,5.82076656,Solved
L?AAD?s[CSAwk_,21,5,5.6735437641,0.6735437641,1.1347087528,5.82475109,Solved
L?AAD?oLAo@kaK,20,5,5.6735437635,0.6735437635,1.1347087527,5.82477948,Solved
L?AAD@OiBW@[RO,21,5,5.6735437629,0.6735437629,1.1347087526,5.83399309,Solved
L?AA@aHw?wEcRO,21,5,5.6735437627,0.6735437627,1.1347087525,5.80912871,Solved
L?AA@BOR@c^?Jg,22,5,5.6735437627,0.6735437627,1.1347087525,5.81877629,Solved
L?AA@_gkAgPHRS,21,5,5.6735437626,0.6735437626,1.1347087525,5.82449859,Solved
L?AADAoX@kAwA{,23,5,5.6735437619,0.6735437619,1.1347087524,5.80530053,Solved
L?AAD?sY?kIg{?,21,5,5.6735437616,0.6735437616,1.1347087523,5.80448756,Solved
L?AA@BOR@cZ?Jg,21,5,5.6735437613,0.6735437613,1.1347087523,5.82141634,Solved
L?AAD@OXDP@wJg,22,5,5.6735437612,0.6735437612,1.1347087522,5.82354024,Solved
L?AA@_gaQ`l_}?,22,5,5.6735437611,0.6735437611,1.1347087522,5.80273694,Solved
L?AADAoY?eig\?,22,5,5.6735437607,0.6735437607,1.1347087521,5.83132553,Solved
L?AA@aoXEoXGRW,23,5,5.6735437607,0.6735437607,1.1347087521,5.82460133,Solved
L?AA@AOU?kHDN_,20,5,5.6735437603,0.6735437603,1.1347087521,5.80231861,Solved
L?AAD?oq@[HcHc,21,5,5.6735437602,0.6735437602,1.1347087520,5.81861678,Solved
L?AA@AOU?kBoYI,20,5,5.6735437596,0.6735437596,1.1347087519,5.80271919,Solved
L?AA@BOR@TFO}?,22,5,5.6735437595,0.6735437595,1.1347087519,5.81081556,Solved
L?AA@aHkBOIcBS,21,5,5.6735437594,0.6735437594,1.1347087519,5.83124507,Solved
L?AA@AOuBPBgRW,22,5,5.6735437592,0.6735437592,1.1347087518,5.80697455,Solved
L?AA@AOu@wDoZG,22,5,5.6735437592,0.6735437592,1.1347087518,5.80463692,Solved
L?AADBOY@W@wi_,21,5,5.6735437590,0.6735437590,1.1347087518,5.81166206,Solved
L?AAD@W[@KEoSQ,21,5,5.6735437589,0.6735437589,1.1347087518,5.83208166,Solved
L?AA@BOi?\M_N_,22,5,5.6735437588,0.6735437588,1.1347087518,5.81150342,Solved
L?AAD@OXDPDoBw,22,5,5.6735437588,0.6735437588,1.1347087518,5.82274095,Solved
L?AA@agkAgXGRS,22,5,5.6735437588,0.6735437588,1.1347087518,5.81314768,Solved
L?AAD?WkBHAwL_,21,5,5.6735437584,0.6735437584,1.1347087517,5.81967749,Solved
L?AADAoX@kBWDo,22,5,5.6735437583,0.6735437583,1.1347087517,5.80547087,Solved
L?AA@AWU@gPPN_,21,5,5.6735437583,0.6735437583,1.1347087517,5.83207826,Solved
L?AA@AWT@Sn?N_,22,5,5.6735437581,0.6735437581,1.1347087516,5.80202887,Solved
L?AAD?WX@cM_Cs,20,5,5.6735437580,0.6735437580,1.1347087516,5.82460701,Solved
L?AAD?WkBGAwL_,20,5,5.6735437578,0.6735437578,1.1347087516,5.81440012,Solved
L?AA@BOR?sDS}?,21,5,5.6735437577,0.6735437577,1.1347087515,5.81441431,Solved
L?AA@AWs@Wig^?,22,5,5.6735437573,0.6735437573,1.1347087515,5.80608779,Solved
L?AADAoX@kAwy@,23,5,5.6735437573,0.6735437573,1.1347087515,5.80185107,Solved
L?AA@AOTDoFoJg,22,5,5.6735437573,0.6735437573,1.1347087515,5.80143610,Solved
L?AA@AWs@WfO^?,22,5,5.6735437572,0.6735437572,1.1347087514,5.80839195,Solved
L?AA@BOTDODsN_,22,5,5.6735437572,0.6735437572,1.1347087514,5.81575256,Solved
L?AADAoX?sAwL_,21,5,5.6735437570,0.6735437570,1.1347087514,5.82277860,Solved
L?AA@BOTDOBoJg,21,5,5.6735437568,0.6735437568,1.1347087514,5.82974375,Solved
L?AADAoX@kAwQJ,23,5,5.6735437567,0.6735437567,1.1347087513,5.81046280,Solved
L?AA@AOTAwFOIk,21,5,5.6735437564,0.6735437564,1.1347087513,5.81330668,Solved
L?AAD@oH`kZ?SS,22,5,5.6735437563,0.6735437563,1.1347087513,5.81625002,Solved
L?AA@BOLEoTOJg,22,5,5.6735437562,0.6735437562,1.1347087512,5.80248541,Solved
L?AA@AOU@w@sm_,21,5,5.6735437562,0.6735437562,1.1347087512,5.80902221,Solved
L?AA@BOT@TN?m_,22,5,5.6735437561,0.6735437561,1.1347087512,5.81193070,Solved
L?AAD?oLAo@kqK,21,5,5.6735437560,0.6735437560,1.1347087512,5.83010418,Solved
L?AA@BOR@c@s}?,21,5,5.6735437559,0.6735437559,1.1347087512,5.83024903,Solved
L?AA@AOFAo@sm_,20,5,5.6735437559,0.6735437559,1.1347087512,5.81733626,Solved
L?AA@AOeAg@sN_,20,5,5.6735437558,0.6735437558,1.1347087512,5.80971948,Solved
L?AA@AOFBoVOJg,22,5,5.6735437558,0.6735437558,1.1347087512,5.80083185,Solved
L?AAD?oq@[@ki_,21,5,5.6735437557,0.6735437557,1.1347087511,5.81972541,Solved
L?AADBOMCsJGAw,22,5,5.6735437557,0.6735437557,1.1347087511,5.82351757,Solved
L?AAD?wX?kQQ\?,21,5,5.6735437556,0.6735437556,1.1347087511,5.82481476,Solved
L?AAD@Oi@g@kJG,20,5,5.6735437556,0.6735437556,1.1347087511,5.81161427,Solved
L?AA@AOFAoVOJg,21,5,5.6735437556,0.6735437556,1.1347087511,5.81125679,Solved
L?AADBOY@SBWCs,21,5,5.6735437555,0.6735437555,1.1347087511,5.80013499,Solved
L?AA@agX?[PIZ?,21,5,5.6735437555,0.6735437555,1.1347087511,5.81467757,Solved
L?AAD?sY?k}?TO,22,5,5.6735437554,0.6735437554,1.1347087511,5.80624968,Solved
L?AA@AOFBo@sm_,21,5,5.6735437553,0.6735437553,1.1347087511,5.80162944,Solved
L?AA@AOT@sN_Ik,22,5,5.6735437552,0.6735437552,1.1347087510,5.80703871,Solved
L?AA@BOi?{M_Jg,22,5,5.6735437551,0.6735437551,1.1347087510,5.80269156,Solved
L?AA@AWs@WuO^?,22,5,5.6735437550,0.6735437550,1.1347087510,5.80900988,Solved
L?AA@AWs@WBoca,20,5,5.6735437550,0.6735437550,1.1347087510,5.80883553,Solved
L?AAD?oLAoXERW,22,5,5.6735437547,0.6735437547,1.1347087509,5.81531752,Solved
L?AAD?s[?UAwk_,21,5,5.6735437546,0.6735437546,1.1347087509,5.82924299,Solved
L?AAD?oLAwHcqK,22,5,5.6735437546,0.6735437546,1.1347087509,5.82984006,Solved
L?AA@AOqCsDcN_,21,5,5.6735437545,0.6735437545,1.1347087509,5.81424754,Solved
L?AAD@oH`kJGSS,22,5,5.6735437544,0.6735437544,1.1347087509,5.81556169,Solved
L?AA@AOU@wVOJg,22,5,5.6735437543,0.6735437543,1.1347087509,5.80507626,Solved
L?AA@AOT?{V?Jg,21,5,5.6735437543,0.6735437543,1.1347087509,5.80873457,Solved
L?AA@aHw?wHg\G,22,5,5.6735437542,0.6735437542,1.1347087508,5.80197140,Solved
L?AA@AOuDSDc^?,22,5,5.6735437540,0.6735437540,1.1347087508,5.80760429,Solved
L?AA@AOq?{L_Lc,21,5,5.6735437539,0.6735437539,1.1347087508,5.80346306,Solved
L?AA@AOu@wFOZG,22,5,5.6735437539,0.6735437539,1.1347087508,5.81174763,Solved
L?AADBOJ@THgy?,22,5,5.6735437538,0.6735437538,1.1347087508,5.82711255,Solved
L?AA@AOTCsDcN_,21,5,5.6735437538,0.6735437538,1.1347087508,5.81437315,Solved
L?AAD@OJ@o@kiG,20,5,5.6735437538,0.6735437538,1.1347087508,5.81583833,Solved
L?AADBOIcsJGAw,22,5,5.6735437538,0.6735437538,1.1347087508,5.81912265,Solved
L?AAD?oyBW@kTO,22,5,5.6735437537,0.6735437537,1.1347087507,5.81017353,Solved
L?AADAoU@Kig\?,22,5,5.6735437535,0.6735437535,1.1347087507,5.82286270,Solved
L?AA@AOU?kFoYI,21,5,5.6735437535,0.6735437535,1.1347087507,5.80269723,Solved
L?AA@AOFBoROJg,21,5,5.6735437534,0.6735437534,1.1347087507,5.80453135,Solved
L?AA@AOeBg@sN_,21,5,5.6735437534,0.6735437534,1.1347087507,5.81019149,Solved
L?AA@BOJLoUO^?,23,5,5.6735437534,0.6735437534,1.1347087507,5.80547148,Solved
L?AA@_gaU_EaBQ,20,5,5.6735437534,0.6735437534,1.1347087507,5.81694996,Solved
L?AA@AOeAwEoZG,21,5,5.6735437533,0.6735437533,1.1347087507,5.80320668,Solved
L?AA@AOU@wROJg,21,5,5.6735437533,0.6735437533,1.1347087507,5.81245838,Solved
L?AADAoX@kAwec,23,5,5.6735437533,0.6735437533,1.1347087507,5.81792315,Solved
L?AEF@oFBoDoBg,24,5,5.6735222171,0.6735222171,1.1347044434,5.86162260,Solved
L?AAD?oU?sHKN?,20,5,5.6735218030,0.6735218030,1.1347043606,5.80361384,Solved
L?AA@r_D_x\?\?,23,5,5.6735142988,0.6735142988,1.1347028598,5.80977185,Solved
L?AADAoY?]J_RO,22,5,5.6735115654,0.6735115654,1.1347023131,5.81908690,Solved
L?AADAoYAYJ_Bw,23,5,5.6735060909,0.6735060909,1.1347012182,5.80490892,Solved
L?ABAaIHSon?\G,24,5,5.6735043414,0.6735043414,1.1347008683,5.80919034,Solved
L?AADAoY?UB_J_,20,5,5.6735010021,0.6735010021,1.1347002004,5.81077458,Solved
L?AAD@OJDoDcVO,22,5,5.6734943696,0.6734943696,1.1346988739,5.80968092,Solved
L?AA@AOFAwVOJg,22,5,5.6734943676,0.6734943676,1.1346988735,5.80000286,Solved
L?AA@aHkBOHi\G,23,5,5.6734943669,0.6734943669,1.1346988734,5.81660281,Solved
L?AAD@OXDSDoBw,22,5,5.6734943668,0.6734943668,1.1346988734,5.81408250,Solved
L?AA@AWs@WrO^?,22,5,5.6734943665,0.6734943665,1.1346988733,5.80153362,Solved
L?AAD@OX@[TSBw,23,5,5.6734943657,0.6734943657,1.1346988731,5.81021586,Solved
L?AAD@OJBWTSBw,23,5,5.6734943657,0.6734943657,1.1346988731,5.80663803,Solved
L?AA@aHRTSDoHg,23,5,5.6734943655,0.6734943655,1.1346988731,5.80375969,Solved
L?AADAoY?im_RW,23,5,5.6734943651,0.6734943651,1.1346988730,5.80726118,Solved
L?AAD@OJFOHgJg,22,5,5.6734943633,0.6734943633,1.1346988727,5.80886135,Solved
L?AAD?WXLcAwL_,22,5,5.6734943630,0.6734943630,1.1346988726,5.80461478,Solved
L?AAD?oLAqHM}?,23,5,5.6734943629,0.6734943629,1.1346988726,5.80019097,Solved
L?AAD@OXDS@wJg,22,5,5.6734943623,0.6734943623,1.1346988725,5.81078764,Solved
L?AAD@OJDoBgJG,21,5,5.6734943621,0.6734943621,1.1346988724,5.81138269,Solved
L?AADBOJ@[Hgy?,22,5,5.6734943603,0.6734943603,1.1346988721,5.80278221,Solved
L?AAD@OXDSDsBw,23,5,5.6734943590,0.6734943590,1.1346988718,5.80253780,Solved
L?AAD?sY?eBoJA,21,5,5.6734838547,0.6734838547,1.1346967709,5.80811928,Solved
L?AAD?sY?eBoXA,21,5,5.6734535535,0.6734535535,1.1346907107,5.80726490,Solved
L?`@CbOWOk@qJG,22,5,5.6734357716,0.6734357716,1.1346871543,5.81319361,Solved
L?AA@AWT@SN?as,21,5,5.6734299342,0.6734299342,1.1346859868,5.80355086,Solved
L?AA@BOJDoFOBw,22,5,5.6734169590,0.6734169590,1.1346833918,5.80071967,Solved
L?AA@AWTDSN?as,22,5,5.6734069456,0.6734069456,1.1346813891,5.81179013,Solved
L?AAD?oLAwHKM_,21,5,5.6734062974,0.6734062974,1.1346812595,5.80747101,Solved
L?AAD?oX?k@kVO,21,5,5.6733917026,0.6733917026,1.1346783405,5.80939172,Solved
L?AAD?sXAoPOeC,20,5,5.6733903698,0.6733903698,1.1346780740,5.80571649,Solved
L?AAD?oU?VM_RG,21,5,5.6733827268,0.6733827268,1.1346765454,5.80268955,Solved
L?AADAoY?UB_N_,21,5,5.6733734974,0.6733734974,1.1346746995,5.80909700,Solved
L?AA@aHY?kZ?\?,21,5,5.6733682162,0.6733682162,1.1346736432,5.82214518,Solved
L?AAD?wTDcHgu?,22,5,5.6733504757,0.6733504757,1.1346700951,5.82348523,Solved
L?AA@BOm@sDoBw,23,5,5.6733298970,0.6733298970,1.1346659794,5.80318879,Solved
L?AAD?wTDcHg{?,22,5,5.6733298962,0.6733298962,1.1346659792,5.81563015,Solved
L?AB?qQPTON?\?,22,5,5.6733261916,0.6733261916,1.1346652383,5.82379147,Solved
L?AADBOY?wAwN_,22,5,5.6732572908,0.6732572908,1.1346514582,5.80133000,Solved
L?AAD@oDaw\?Fo,23,5,5.6732401901,0.6732401901,1.1346480380,5.82481225,Solved
L?AAD@oDfOFOFo,23,5,5.6732383881,0.6732383881,1.1346476776,5.81549352,Solved
L?AADBOM@[@w^?,23,5,5.6732364883,0.6732364883,1.1346472977,5.80375624,Solved
L?AAD?oq?[Awm_,21,5,5.6732256949,0.6732256949,1.1346451390,5.80022358,Solved
L?AAD?oU@sHKN?,21,5,5.6732035461,0.6732035461,1.1346407092,5.80775860,Solved
L?AA@AW[@sDosP,22,5,5.6732030130,0.6732030130,1.1346406026,5.80030669,Solved
L?AAD@oV?]Bo}?,24,5,5.6731875816,0.6731875816,1.1346375163,5.81896758,Solved
L?AA@aHY?kM_}?,22,5,5.6731863078,0.6731863078,1.1346372616,5.81415913,Solved
L?AA@agT?U}?m_,23,5,5.6731837242,0.6731837242,1.1346367448,5.80921001,Solved
L?AAD@oX?sV?A{,22,5,5.6731632327,0.6731632327,1.1346326465,5.81121019,Solved
L?AAD@oX@wROac,22,5,5.6731576146,0.6731576146,1.1346315229,5.82938005,Solved
L?AADb_M?kVOBw,24,5,5.6731465653,0.6731465653,1.1346293131,5.81282372,Solved
L?AAD?sY?eBoZA,22,5,5.6730788588,0.6730788588,1.1346157718,5.81166072,Solved
L?AADBOIdc@kN_,23,5,5.6730349075,0.6730349075,1.1346069815,5.80273027,Solved
L?AE@b_U?]F_J_,23,5,5.6729881994,0.6729881994,1.1345976399,5.82614104,Solved
L?AADBOY@SB_Bo,20,5,5.6729707309,0.6729707309,1.1345941462,5.82262939,Solved
L?AAD@oK_wIgi_,21,5,5.6729707232,0.6729707232,1.1345941446,5.82059869,Solved
L?AAD@oM_]Bo}?,24,5,5.6729655082,0.6729655082,1.1345931016,5.83491843,Solved
L?AEB?oVBg@[Fo,24,5,5.6729599541,0.6729599541,1.1345919908,5.81384501,Solved
L?AA@r_D_x\?e_,23,5,5.6729498711,0.6729498711,1.1345899742,5.82066009,Solved
L?AAD?oq?[J_FO,20,5,5.6729437118,0.6729437118,1.1345887424,5.80872394,Solved
L?AADAoY?wHgi_,21,5,5.6729372606,0.6729372606,1.1345874521,5.81569064,Solved
L?AADbGY@cAqN_,23,5,5.6729228954,0.6729228954,1.1345845791,5.80947982,Solved
L?AA@ag[?kPHN?,21,5,5.6729162106,0.6729162106,1.1345832421,5.80630895,Solved
L?AAD?oLAo@[RW,21,5,5.6729073536,0.6729073536,1.1345814707,5.80042643,Solved
L?AAD?oU?VM_RW,22,5,5.6728994066,0.6728994066,1.1345798813,5.80578341,Solved
L?AAD?oTDoAwN_,22,5,5.6728747202,0.6728747202,1.1345749440,5.80318567,Solved
L?AA@AW[?]BWM_,21,5,5.6728148790,0.6728148790,1.1345629758,5.81464664,Solved
L?AADBOY?sDoBg,21,5,5.6727976380,0.6727976380,1.1345595276,5.81409348,Solved
L?AADAoY?w@wVO,22,5,5.6727868094,0.6727868094,1.1345573619,5.82061430,Solved
L?AAD?wTDcHg}?,23,5,5.6727635502,0.6727635502,1.1345527100,5.81283957,Solved
L?AAD@OJ@cJGi_,20,5,5.6727141523,0.6727141523,1.1345428305,5.80411306,Solved
L?AAD?sXAoBOcc,20,5,5.6727141506,0.6727141506,1.1345428301,5.80651014,Solved
L?AAD@WX?sM_cc,21,5,5.6727141495,0.6727141495,1.1345428299,5.80682233,Solved
L?AAD?oU?{@sN?,21,5,5.6727038035,0.6727038035,1.1345407607,5.80613101,Solved
L?AA@AWT@SJGeo,21,5,5.6727038022,0.6727038022,1.1345407604,5.80752683,Solved
L?AAD?sX?sN?cc,21,5,5.6727020613,0.6727020613,1.1345404123,5.81104536,Solved
L?AA@aH[@KZ?N?,21,5,5.6727019398,0.6727019398,1.1345403880,5.82118904,Solved
L?AA@r_DbWBoyC,24,5,5.6726900328,0.6726900328,1.1345380066,5.83534255,Solved
L?AAD@oBeoBgV?,22,5,5.6726888959,0.6726888959,1.1345377792,5.81775938,Solved
L?AA@AWTDSJGeo,22,5,5.6726885806,0.6726885806,1.1345377161,5.81159274,Solved
L?AAD?s[?]Bom?,22,5,5.6726780574,0.6726780574,1.1345356115,5.82495462,Solved
L?AAD@W[?{F_BS,22,5,5.6726753991,0.6726753991,1.1345350798,5.81098631,Solved
L?AA@ags?kM_aQ,21,5,5.6726424769,0.6726424769,1.1345284954,5.80021584,Solved
L?AAD@oBeoBgN?,22,5,5.6726200575,0.6726200575,1.1345240115,5.81136364,Solved
L?AAD?oqDSBoDs,22,5,5.6726057137,0.6726057137,1.1345211427,5.80228722,Solved
L?AB?qQRDAboPW,23,5,5.6726043074,0.6726043074,1.1345208615,5.81048999,Solved
L?AAD@oB`wV?Fo,23,5,5.6726018656,0.6726018656,1.1345203731,5.81483706,Solved
L?AADb_K_[^?Fg,24,5,5.6725924850,0.6725924850,1.1345184970,5.81096819,Solved
L?AA@AW{?]FOEo,22,5,5.6725917210,0.6725917210,1.1345183442,5.81258504,Solved
L?AEBAoFEo@wL_,23,5,5.6725872673,0.6725872673,1.1345174535,5.80017577,Solved
L?AA@aH[@w\?Dg,22,5,5.6725820914,0.6725820914,1.1345164183,5.82484765,Solved
L?AADAoY?w@wJ_,21,5,5.6725730362,0.6725730362,1.1345146072,5.81971133,Solved
L?AA@aHw@LM_u?,22,5,5.6725688384,0.6725688384,1.1345137677,5.80004722,Solved
L?AAD?oLAw@[Eo,21,5,5.6725664284,0.6725664284,1.1345132857,5.80155017,Solved
L?AAD?oLAo@[Fo,21,5,5.6725573224,0.6725573224,1.1345114645,5.80488476,Solved
L?AADBOM?{@we_,22,5,5.6725542062,0.6725542062,1.1345108412,5.82122282,Solved
L?AAD?oq?{Awm_,22,5,5.6725517589,0.6725517589,1.1345103518,5.81318120,Solved
L?AAD@oBdoAwM_,22,5,5.6725253968,0.6725253968,1.1345050794,5.83000033,Solved
L?AADAoY?w@wM_,21,5,5.6725194525,0.6725194525,1.1345038905,5.83805206,Solved
L?AAD?sXAoROcc,21,5,5.6725141885,0.6725141885,1.1345028377,5.80493897,Solved
L?AE@`HJ?l\?\?,23,5,5.6725050925,0.6725050925,1.1345010185,5.80980650,Solved
L?AE@`HJ?l\?^?,24,5,5.6725050915,0.6725050915,1.1345010183,5.81052107,Solved
L?ABAaQFEoL_HY,24,5,5.6725050902,0.6725050902,1.1345010180,5.80655451,Solved
L?AA@aHiAgEok_,21,5,5.6724908607,0.6724908607,1.1344981721,5.80911531,Solved
L?AA@aHXCsEok_,22,5,5.6724895969,0.6724895969,1.1344979194,5.81091915,Solved
L?AADBOX?sV?As,21,5,5.6724640455,0.6724640455,1.1344928091,5.80312010,Solved
L?AAD@oRFO@wFO,22,5,5.6724638419,0.6724638419,1.1344927684,5.81746814,Solved
L?AADBOJ?\FOy?,22,5,5.6724601919,0.6724601919,1.1344920384,5.80586417,Solved
L?AAD?wVAiTOu?,23,5,5.6724597469,0.6724597469,1.1344919494,5.83222273,Solved
L?AAD?s[?k\?Fo,22,5,5.6724413786,0.6724413786,1.1344882757,5.80464743,Solved
L?AA@AW[?]BWm_,22,5,5.6723795339,0.6723795339,1.1344759068,5.80850249,Solved
L?AA@agTCQeok_,22,5,5.6723774637,0.6723774637,1.1344754927,5.81336640,Solved
L?AA@aHXKsEok_,23,5,5.6723772558,0.6723772558,1.1344754512,5.81641912,Solved
L?AB?oY{EoCkwO,24,5,5.6723688915,0.6723688915,1.1344737783,5.80151212,Solved
L?AADAoY?wHgm_,22,5,5.6723274941,0.6723274941,1.1344654988,5.82865987,Solved
L?AAD?oU?{F_Bw,22,5,5.6723154046,0.6723154046,1.1344630809,5.80390350,Solved
L?AAD@oBawBg}?,23,5,5.6723103002,0.6723103002,1.1344620600,5.81427697,Solved
L?AEB?oNBg@[Do,23,5,5.6722221774,0.6722221774,1.1344444355,5.80506583,Solved
L?AA@r_D_\]?Z?,23,5,5.6722095399,0.6722095399,1.1344419080,5.83486843,Solved
L?AEB?WLCQ}?Hi,23,5,5.6722067904,0.6722067904,1.1344413581,5.80790159,Solved
L?AAD?wTCSj_N_,23,5,5.6722029632,0.6722029632,1.1344405926,5.80612087,Solved
L?AAD?wTAwFoic,24,5,5.6721950631,0.6721950631,1.1344390126,5.81144489,Solved
L?AA@r_D_xXAV?,23,5,5.6721693720,0.6721693720,1.1344338744,5.80570049,Solved
L?AAD?cUDcHgm?,21,5,5.6721534812,0.6721534812,1.1344306962,5.81378675,Solved
L?AA@AW{?]BWm_,23,5,5.6721469520,0.6721469520,1.1344293904,5.80464282,Solved
L?AA@BOm?{@we_,22,5,5.6721368304,0.6721368304,1.1344273661,5.80840525,Solved
L?AA@BWN@kXGm?,23,5,5.6721095936,0.6721095936,1.1344219187,5.81421498,Solved
L?AADAoFBo@wM_,22,5,5.6720649678,0.6720649678,1.1344129936,5.84086125,Solved
L?AADAoT@sHg]?,22,5,5.6720075201,0.6720075201,1.1344015040,5.82474827,Solved
L?AEBAoFFOAwL_,23,5,5.6719892317,0.6719892317,1.1343978463,5.81575135,Solved
L?AADBOIdcBoBw,23,5,5.6719689503,0.6719689503,1.1343937901,5.81414844,Solved
L?AADbGY@KBOLG,21,5,5.6719568048,0.6719568048,1.1343913610,5.80474028,Solved
L?AAD?sY?s@w}?,22,5,5.6719556911,0.6719556911,1.1343911382,5.81882264,Solved
L?AAD?oy?{Awi_,22,5,5.6719157323,0.6719157323,1.1343831465,5.81346838,Solved
L?AA@r_D_x\?^?,24,5,5.6719122664,0.6719122664,1.1343824533,5.82225124,Solved
L?AAD?oNBoBoBw,23,5,5.6719066259,0.6719066259,1.1343813252,5.80432756,Solved
L?AAD@oBoyJ_}?,24,5,5.6718944849,0.6718944849,1.1343788970,5.81642628,Solved
L?AADAoYAYJ_m_,23,5,5.6718723008,0.6718723008,1.1343744602,5.81314110,Solved
L?AADAoY?w@wN_,22,5,5.6718609509,0.6718609509,1.1343721902,5.82266233,Solved
L?AADAoTBoHgm_,23,5,5.6718533607,0.6718533607,1.1343706721,5.81621338,Solved
L?AAD@oyDSJ_TQ,24,5,5.6718492332,0.6718492332,1.1343698466,5.80456867,Solved
L?AADAoFBoHgi_,22,5,5.6718082118,0.6718082118,1.1343616424,5.83413813,Solved
L?AADAoFBoHgm_,23,5,5.6718079275,0.6718079275,1.1343615855,5.82845028,Solved
L?AADBOM?{@wm_,23,5,5.6717972096,0.6717972096,1.1343594419,5.81977360,Solved
L?AADb_B_tFO}?,24,5,5.6717829108,0.6717829108,1.1343565822,5.82289441,Solved
L?AAD?sY?sV?Cs,21,5,5.6717656600,0.6717656600,1.1343531320,5.81043778,Solved
L?AAD@WK_Yf_M_,22,5,5.6717585733,0.6717585733,1.1343517147,5.82290966,Solved
L?AAD@oEo]V?M_,23,5,5.6716978338,0.6716978338,1.1343395668,5.81693261,Solved
L?AADAoNBoBoBw,24,5,5.6716902727,0.6716902727,1.1343380545,5.80464029,Solved
L?AAD@om@s@wFo,24,5,5.6716886959,0.6716886959,1.1343377392,5.80044239,Solved
L?AAD?sX?sQQ^?,22,5,5.6716790852,0.6716790852,1.1343358170,5.80381554,Solved
L?AB?qQq@WN?HS,22,5,5.6716634837,0.6716634837,1.1343326967,5.81919698,Solved
L?AADb_m@sBoAw,24,5,5.6716496191,0.6716496191,1.1343299238,5.82562047,Solved
L?AADAw{@s@wFo,25,5,5.6716491183,0.6716491183,1.1343298237,5.80386101,Solved
L?AADb_I_wAs}?,23,5,5.6716090067,0.6716090067,1.1343218013,5.83363468,Solved
L?AAD?oLAw@[Fo,22,5,5.6715894168,0.6715894168,1.1343178834,5.80033528,Solved
L?AAD?wVAiTOy?,23,5,5.6715832177,0.6715832177,1.1343166435,5.83214856,Solved
L?AAD?s[?s@i^?,22,5,5.6715586093,0.6715586093,1.1343117219,5.80359940,Solved
L?AADAo]?]J_RO,23,5,5.6715517168,0.6715517168,1.1343103434,5.83351099,Solved
L?AADAo]AYJ_m_,24,5,5.6715399272,0.6715399272,1.1343079854,5.82405310,Solved
L?AA@BOq@gHgDS,20,5,5.6715319582,0.6715319582,1.1343063916,5.80774276,Solved
L?AAD?oy?{Awm_,23,5,5.6715158240,0.6715158240,1.1343031648,5.80276349,Solved
L?AADAoFBo@wN_,23,5,5.6715137729,0.6715137729,1.1343027546,5.82412602,Solved
L?AAD?wVAiTO}?,24,5,5.6715115584,0.6715115584,1.1343023117,5.82140578,Solved
L?AADb_M?{@{m_,25,5,5.6714881849,0.6714881849,1.1342976370,5.82826333,Solved
L?AADAo]?]J_VO,24,5,5.6714526628,0.6714526628,1.1342905326,5.80070856,Solved
L?AAD@oX@w@YFo,23,5,5.6714285095,0.6714285095,1.1342857019,5.81982832,Solved
L?AAD?w{DcJ_RQ,24,5,5.6714188963,0.6714188963,1.1342837793,5.82498743,Solved
L?AA@bGyBWAsN_,24,5,5.6713941983,0.6713941983,1.1342788397,5.81074230,Solved
L?AAD`gDeOboN?,23,5,5.6713580823,0.6713580823,1.1342716165,5.83721016,Solved
L?AA@AOYCs@s\?,20,5,5.6712573329,0.6712573329,1.1342514666,5.80077381,Solved
L?AAD@OX@oAwk_,20,5,5.6712573294,0.6712573294,1.1342514659,5.80001785,Solved
L?AAD@OXDcAw]?,21,5,5.6712573290,0.6712573290,1.1342514658,5.80117659,Solved
L?AA@aHi@WI_sA,20,5,5.6712573287,0.6712573287,1.1342514657,5.80676086,Solved
L?AAD@OXDcAw^?,22,5,5.6712573286,0.6712573286,1.1342514657,5.80248737,Solved
L?AAD?WHN_IgZ?,21,5,5.6712573285,0.6712573285,1.1342514657,5.80772784,Solved
L?AA@_gMCQAcRO,19,5,5.6712573281,0.6712573281,1.1342514656,5.81567225,Solved
L?AADAoLAWJGqC,21,5,5.6712573275,0.6712573275,1.1342514655,5.80840158,Solved
L?AAD@OX?sUODo,20,5,5.6712573271,0.6712573271,1.1342514654,5.80218639,Solved
L?AA@aHiAgn?RO,22,5,5.6712555254,0.6712555254,1.1342511051,5.80216887,Solved
L?AAD?cmAwIKqG,22,5,5.6712555244,0.6712555244,1.1342511049,5.80800433,Solved
L?AAD?wLAQz?TO,22,5,5.6712555231,0.6712555231,1.1342511046,5.80612886,Solved
L?AA@agq@ghgV?,22,5,5.6712555220,0.6712555220,1.1342511044,5.80868243,Solved
L?AAD@oXDc@wDo,22,5,5.6712555215,0.6712555215,1.1342511043,5.80727483,Solved
L?AAD@oXDcBgDo,22,5,5.6712555209,0.6712555209,1.1342511042,5.80489740,Solved
L?AAD@oX?mBok_,22,5,5.6712555206,0.6712555206,1.1342511041,5.80329704,Solved
L?AAD@oXDcAwak,23,5,5.6712555198,0.6712555198,1.1342511040,5.80002488,Solved
L?AA@agq?wHgLC,21,5,5.6712555194,0.6712555194,1.1342511039,5.81561038,Solved
L?AA@AWs@cH`N_,21,5,5.6712555190,0.6712555190,1.1342511038,5.80460778,Solved
L?AADBOKaiFOHg,22,5,5.6712555182,0.6712555182,1.1342511036,5.80224893,Solved
L?AAD@OM?ZM_iG,21,5,5.6712555181,0.6712555181,1.1342511036,5.81124075,Solved
L?AA@bGw?YF_CM,21,5,5.6712555179,0.6712555179,1.1342511036,5.80220157,Solved
L?AADAoY?sAYQW,21,5,5.6712555160,0.6712555160,1.1342511032,5.81280144,Solved
L?AAD@OM@g@kiG,20,5,5.6712555155,0.6712555155,1.1342511031,5.81008814,Solved
L?AAD?wXCcAw{?,21,5,5.6712555153,0.6712555153,1.1342511031,5.80124594,Solved
L?AAD?oLEoXCVO,22,5,5.6712555151,0.6712555151,1.1342511030,5.80531090,Solved
L?AAD?Ws@KIgk_,20,5,5.6712555143,0.6712555143,1.1342511029,5.80503485,Solved
L?AAD@oXDcAwA{,23,5,5.6712555142,0.6712555142,1.1342511028,5.80126244,Solved
L?AAD@OM@g@kaI,20,5,5.6712555140,0.6712555140,1.1342511028,5.80371820,Solved
L?AA@aHJBg\?sC,22,5,5.6712555139,0.6712555139,1.1342511028,5.80422134,Solved
L?AAD?WHJg\?VO,22,5,5.6712555137,0.6712555137,1.1342511027,5.80863722,Solved
L?AA@agJE_@hTG,21,5,5.6712555137,0.6712555137,1.1342511027,5.80517713,Solved
L?AAD@oXDcAwFo,23,5,5.6712555137,0.6712555137,1.1342511027,5.80904943,Solved
L?AAD@oX?sAwk_,21,5,5.6712555136,0.6712555136,1.1342511027,5.81220808,Solved
L?AAD?WHLoIgZ?,21,5,5.6712555134,0.6712555134,1.1342511027,5.81491271,Solved
L?AA@aHkFOM_RS,23,5,5.6712523369,0.6712523369,1.1342504674,5.80766678,Solved
L?AAD?WkBHIgN?,21,5,5.6712523352,0.6712523352,1.1342504670,5.80310328,Solved
L?AAD@Oi@sJGCs,21,5,5.6712523347,0.6712523347,1.1342504669,5.80850976,Solved
L?AAD?WHLoIg^?,22,5,5.6712523346,0.6712523346,1.1342504669,5.80505467,Solved
L?AAD?WHN_Ig^?,22,5,5.6712523337,0.6712523337,1.1342504667,5.81085618,Solved
L?AAD@O\DcAw^?,23,5,5.6712523336,0.6712523336,1.1342504667,5.80216416,Solved
L?AAD@OyBgCsDs,23,5,5.6712523335,0.6712523335,1.1342504667,5.80397461,Solved
L?AA@BOTDSEoJg,22,5,5.6712523332,0.6712523332,1.1342504666,5.80846829,Solved
L?ABAaGJFO@wXG,22,5,5.6712523328,0.6712523328,1.1342504666,5.80934227,Solved
L?AAD?oq@sJGCs,21,5,5.6712523326,0.6712523326,1.1342504665,5.80819263,Solved
L?AAD?oq@s@[Cs,21,5,5.6712523326,0.6712523326,1.1342504665,5.81477166,Solved
L?AAD?WHLoBg\?,21,5,5.6712523325,0.6712523325,1.1342504665,5.80721844,Solved
L?AA@_gaQYN?TK,22,5,5.6712523323,0.6712523323,1.1342504665,5.80157340,Solved
L?AAD?WHJgV?VO,22,5,5.6712523323,0.6712523323,1.1342504665,5.80327753,Solved
L?AAD?WkBHIg^?,22,5,5.6712523321,0.6712523321,1.1342504664,5.80143814,Solved
L?AAD@O\DcAwy?,22,5,5.6712523304,0.6712523304,1.1342504661,5.80123653,Solved
L?AAD?WLDoBgXG,21,5,5.6712523303,0.6712523303,1.1342504661,5.80027597,Solved
L?ABAaGE`B}?iO,22,5,5.6712523303,0.6712523303,1.1342504661,5.81232015,Solved
L?AAD@oRDcAw\?,22,5,5.6712523303,0.6712523303,1.1342504661,5.80074565,Solved
L?AA@BORCcEoBg,20,5,5.6712523302,0.6712523302,1.1342504660,5.81036355,Solved
L?AA@bGRCSCogc,20,5,5.6712523298,0.6712523298,1.1342504660,5.81147958,Solved
L?AAD@OIDcM_Ds,21,5,5.6712523297,0.6712523297,1.1342504659,5.80865958,Solved
L?AAD?WHLoIgN?,21,5,5.6712523296,0.6712523296,1.1342504659,5.80154943,Solved
L?AA@bGX?[PWHg,21,5,5.6712523296,0.6712523296,1.1342504659,5.80942081,Solved
L?AA@bGRDCCsy?,21,5,5.6712523295,0.6712523295,1.1342504659,5.80219693,Solved
L?ABAaIeAh@wV?,23,5,5.6712523294,0.6712523294,1.1342504659,5.80332981,Solved
L?AAD?oU?VJGm_,22,5,5.6712523293,0.6712523293,1.1342504659,5.80273026,Solved
L?ABAaGi?]KcZ?,22,5,5.6712523290,0.6712523290,1.1342504658,5.80055592,Solved
L?ABAaG[?sTGGY,21,5,5.6712523285,0.6712523285,1.1342504657,5.82373174,Solved
L?AA@agR@wXGkC,22,5,5.6712523280,0.6712523280,1.1342504656,5.80472823,Solved
L?AAD?WHN_IgN?,21,5,5.6712523279,0.6712523279,1.1342504656,5.81662240,Solved
L?AA@aoLFOXGRW,23,5,5.6712523279,0.6712523279,1.1342504656,5.80476465,Solved
L?AA@BORCcEoJg,21,5,5.6712523279,0.6712523279,1.1342504656,5.81312287,Solved
L?AAD?Wk?yKc^?,22,5,5.6712523279,0.6712523279,1.1342504656,5.80118779,Solved
L?AAD@WHf_EoTO,22,5,5.6712523279,0.6712523279,1.1342504656,5.80870458,Solved
L?AA@_gMCQYCTI,21,5,5.6712523279,0.6712523279,1.1342504656,5.81237280,Solved
L?AA@AOYCs@s^?,21,5,5.6712523275,0.6712523275,1.1342504655,5.80285309,Solved
L?AA@BOi?VJGm_,22,5,5.6712523275,0.6712523275,1.1342504655,5.80266803,Solved
L?AA@BOTFOTOJg,22,5,5.6712523274,0.6712523274,1.1342504655,5.80749688,Solved
L?AAD@OiBgCsDs,22,5,5.6712523274,0.6712523274,1.1342504655,5.81796808,Solved
L?AADAoU@sJGAw,22,5,5.6712523273,0.6712523273,1.1342504655,5.81290560,Solved
L?AA@BORFOUOJg,22,5,5.6712523271,0.6712523271,1.1342504654,5.80897310,Solved
L?AAD@OIBgCsDs,21,5,5.6712523270,0.6712523270,1.1342504654,5.80689473,Solved
L?AADBOM@sJGAw,22,5,5.6712523270,0.6712523270,1.1342504654,5.81416377,Solved
L?AAD@OZDcAw\?,22,5,5.6712523265,0.6712523265,1.1342504653,5.81374972,Solved
L?AA@_gMCQYCDI,20,5,5.6712523264,0.6712523264,1.1342504653,5.81736435,Solved
L?AADbGY@KBOLg,22,5,5.6712501618,0.6712501618,1.1342500324,5.81725722,Solved
L?AB?qQq@WN?H[,23,5,5.6712268461,0.6712268461,1.1342453692,5.82907041,Solved
L?`@CbOWOk@qJW,23,5,5.6712141059,0.6712141059,1.1342428212,5.80885666,Solved
L?AB?qQ[AWV?PX,23,5,5.6712105914,0.6712105914,1.1342421183,5.82056068,Solved
L?AE@b_U@wDoBw,24,5,5.6712052379,0.6712052379,1.1342410476,5.81666383,Solved
L?AADb_I_[Bs}?,24,5,5.6711698878,0.6711698878,1.1342339776,5.81454181,Solved
L?AB?qQRAJN?mA,24,5,5.6711506750,0.6711506750,1.1342301350,5.83868038,Solved
L?AADb_BboFOFg,24,5,5.6711471270,0.6711471270,1.1342294254,5.84406536,Solved
L?AB?qQPTON?RG,22,5,5.6711400796,0.6711400796,1.1342280159,5.82413317,Solved
L?ABCeWUBON_H[,25,5,5.6711324183,0.6711324183,1.1342264837,5.82533560,Solved
L?AB?qQR@JZ?\?,23,5,5.6711302914,0.6711302914,1.1342260583,5.83427456,Solved
L?AB?qQR@J\?u?,23,5,5.6711212907,0.6711212907,1.1342242581,5.82976619,Solved
L?AAD@WKaQf_m?,22,5,5.6710844698,0.6710844698,1.1342168940,5.80476572,Solved
L?AAD@oB`w\?Fo,23,5,5.6710312881,0.6710312881,1.1342062576,5.83416546,Solved
L?AADb_B_lFO}?,24,5,5.6710307944,0.6710307944,1.1342061589,5.85348869,Solved
L?AADBokboJ_RS,25,5,5.6710117037,0.6710117037,1.1342023407,5.81711431,Solved
L?AADbGY?wEODg,21,5,5.6709340009,0.6709340009,1.1341868002,5.84462974,Solved
L?ABA_wkAW@qgR,23,5,5.6709092527,0.6709092527,1.1341818505,5.80118328,Solved
L?AEF@oFDoDoBo,24,5,5.6709083430,0.6709083430,1.1341816686,5.85737449,Solved
L?AAD`oJCSROXA,22,5,5.6709037289,0.6709037289,1.1341807458,5.84959254,Solved
L?AB?qQPRoV?RG,23,5,5.6708316412,0.6708316412,1.1341663282,5.83949311,Solved
L?AB?qQPTOM_N?,22,5,5.6707877920,0.6707877920,1.1341575584,5.80543931,Solved
L?AAD@OM@[Bgig,22,5,5.6707767974,0.6707767974,1.1341553595,5.80540576,Solved
L?AADb_FFOAsN_,24,5,5.6707757961,0.6707757961,1.1341551592,5.84967918,Solved
L?`@Cb_HQc@oEk,22,5,5.6707568370,0.6707568370,1.1341513674,5.80322329,Solved
L?AB?qQRBWZ?G\,24,5,5.6707457318,0.6707457318,1.1341491464,5.80041945,Solved
L?AA@agJE_BOBQ,20,5,5.6707153192,0.6707153192,1.1341430638,5.80152982,Solved
L?AADbGK`LF_u?,23,5,5.6706904746,0.6706904746,1.1341380949,5.84498189,Solved
L?AEB?WTF_@wN_,23,5,5.6706172310,0.6706172310,1.1341234462,5.80464712,Solved
L?AA@b_m@wBoBw,24,5,5.6706146533,0.6706146533,1.1341229307,5.81010664,Solved
L?AEB?wVF_@wFO,24,5,5.6705854181,0.6705854181,1.1341170836,5.84937245,Solved
L?AAD`KNBWQSm_,25,5,5.6705824355,0.6705824355,1.1341164871,5.86006545,Solved
L?`@Cb_D_\HIl@,24,5,5.6704499082,0.6704499082,1.1340899816,5.81686497,Solved
L?AADb_BksBo}?,25,5,5.6704234158,0.6704234158,1.1340846832,5.81452178,Solved
L?AADBOF@SN?Bw,22,5,5.6702365479,0.6702365479,1.1340473096,5.80777221,Solved
L?AAD?wT?]]?Fo,23,5,5.6701493338,0.6701493338,1.1340298668,5.80563219,Solved
L?AEB?wFOm\?Z?,24,5,5.6701160189,0.6701160189,1.1340232038,5.83666787,Solved
L?AADAoFBoAwN_,23,5,5.6700421211,0.6700421211,1.1340084242,5.80029632,Solved
L?AADBOM?[M_Do,21,5,5.6700083418,0.6700083418,1.1340016684,5.80131991,Solved
L?AB?qQR@JV?y?,23,5,5.6699143142,0.6699143142,1.1339828628,5.81891174,Solved
L?AB?qQPTON?JG,22,5,5.6698458840,0.6698458840,1.1339691768,5.81314957,Solved
L?AB?qQR@JZ?N?,23,5,5.6698457143,0.6698457143,1.1339691429,5.82471793,Solved
L?AA@aHiAoAoN?,20,5,5.6698120435,0.6698120435,1.1339624087,5.81272967,Solved
L?AB?qQPTON?ZG,23,5,5.6697909613,0.6697909613,1.1339581923,5.82745989,Solved
L?AB?qQR@JZ?^?,24,5,5.6697805382,0.6697805382,1.1339561076,5.84126196,Solved
L?AADBOY@gBODo,20,5,5.6697736213,0.6697736213,1.1339547243,5.80871359,Solved
L?AAD?sY?{@w}?,23,5,5.6697538891,0.6697538891,1.1339507778,5.81409390,Solved
L?AADbGI`LZ?N_,24,5,5.6697308202,0.6697308202,1.1339461640,5.83652018,Solved
L?AB?qQR@JN?uA,24,5,5.6697221751,0.6697221751,1.1339444350,5.82940484,Solved
L?AEB?Wk?]M_J_,22,5,5.6697112651,0.6697112651,1.1339422530,5.81781461,Solved
L?AEB?syBoBoDs,25,5,5.6696750047,0.6696750047,1.1339350009,5.84210750,Solved
L?AA@agJE_BOBq,21,5,5.6696744888,0.6696744888,1.1339348978,5.80887158,Solved
L?AA@agw?{J_Dg,22,5,5.6696607926,0.6696607926,1.1339321585,5.80045402,Solved
L?AA@agwCsBoBs,23,5,5.6696571415,0.6696571415,1.1339314283,5.80092564,Solved
L?AAD@oIawHgm_,23,5,5.6695915869,0.6695915869,1.1339183174,5.80061014,Solved
L?AA@agX?sN?As,21,5,5.6695761958,0.6695761958,1.1339152392,5.81718204,Solved
L?AA@ag[Cc@gZA,21,5,5.6695382373,0.6695382373,1.1339076475,5.80311263,Solved
L?AADbGI_kZ?LG,22,5,5.6695187133,0.6695187133,1.1339037427,5.81223824,Solved
L?AADbGI_kZ?Lg,23,5,5.6695166779,0.6695166779,1.1339033356,5.82407688,Solved
L?AADbGHfOFOLg,24,5,5.6695126540,0.6695126540,1.1339025308,5.83674307,Solved
L?AA@b_m?]Boe_,23,5,5.6694702114,0.6694702114,1.1338940423,5.80798018,Solved
L?AA@b_mCsBoBw,24,5,5.6694647034,0.6694647034,1.1338929407,5.81211845,Solved
L?AB?qQR@JN?}?,24,5,5.6694507158,0.6694507158,1.1338901432,5.80360747,Solved
L?AB?qQq@WJ_H[,23,5,5.6694507149,0.6694507149,1.1338901430,5.81761633,Solved
L?AA@b_DfON_Fg,24,5,5.6694416586,0.6694416586,1.1338883317,5.80497789,Solved
L?AA@ag[?YQPZ@,22,5,5.6694156448,0.6694156448,1.1338831290,5.80296701,Solved
L?AADAoFBoJGAw,22,5,5.6694057972,0.6694057972,1.1338811594,5.81112716,Solved
L?AAD?w[?uJ_As,22,5,5.6692197295,0.6692197295,1.1338439459,5.80483775,Solved
L?AEB?W\F_@wJ_,23,5,5.6692082489,0.6692082489,1.1338416498,5.83430875,Solved
L?AB?qQPPXV?]?,23,5,5.6691657450,0.6691657450,1.1338331490,5.83171276,Solved
L?AAD@oBoyF_}?,24,5,5.6691633754,0.6691633754,1.1338326751,5.81444898,Solved
L?AE@b_DfON_Fg,25,5,5.6691560484,0.6691560484,1.1338312097,5.82002237,Solved
L?AB?qQqBWN?H[,24,5,5.6691210146,0.6691210146,1.1338242029,5.83459739,Solved
L?AA@r_D_\\?Z?,23,5,5.6690817701,0.6690817701,1.1338163540,5.82456534,Solved
L?AB?qQPRoV?ZG,24,5,5.6690377898,0.6690377898,1.1338075580,5.84053426,Solved
L?AB?qQ]EoCkZG,25,5,5.6690205481,0.6690205481,1.1338041096,5.84695329,Solved
L?AAD@OJ@cJ_ag,20,5,5.6688694962,0.6688694962,1.1337738992,5.80285199,Solved
L?AEF@oFBoDoBw,25,5,5.6688555231,0.6688555231,1.1337711046,5.85079462,Solved
L?AEBAou@w@wF_,24,5,5.6688430818,0.6688430818,1.1337686164,5.83995409,Solved
L?AAD?oq?[Aw^?,21,5,5.6688180577,0.6688180577,1.1337636115,5.80493101,Solved
L?AEBAo]@wBoBw,25,5,5.6688147503,0.6688147503,1.1337629501,5.85123841,Solved
L?AADAoFFO@wN_,23,5,5.6688028868,0.6688028868,1.1337605774,5.81325663,Solved
L?AEBBo]@wBoBw,26,5,5.6687841199,0.6687841199,1.1337568240,5.86034294,Solved
L?AADBOY@g@oFO,20,5,5.6686353158,0.6686353158,1.1337270632,5.81539229,Solved
L?AAD?sY?eBo{?,21,5,5.6685960076,0.6685960076,1.1337192015,5.81451823,Solved
L?AA@agX?sPW]?,21,5,5.6685512696,0.6685512696,1.1337102539,5.82807783,Solved
L?AADb_R?]N?FG,23,5,5.6685300564,0.6685300564,1.1337060113,5.80149868,Solved
L?AEB?wFOm\?\?,24,5,5.6682809605,0.6682809605,1.1336561921,5.82165242,Solved
L?AEB?WHKa~?ZA,24,5,5.6682511257,0.6682511257,1.1336502251,5.80130064,Solved
L?AADBOY@SAoBo,20,5,5.6682470637,0.6682470637,1.1336494127,5.80497656,Solved
L?AA@ag[?kXGN?,21,5,5.6682390510,0.6682390510,1.1336478102,5.81121300,Solved
L?AAD@OLDSFOVO,22,5,5.6680655394,0.6680655394,1.1336131079,5.80024660,Solved
L?AB?qQU@W\?HK,22,5,5.6679959903,0.6679959903,1.1335991981,5.80269714,Solved
L?AAD?wTDSHgL_,22,5,5.6679832187,0.6679832187,1.1335966437,5.80553652,Solved
L?AA@aHY@KZ?N?,21,5,5.6679731801,0.6679731801,1.1335946360,5.82172106,Solved
L?AAFBOM@K@s\?,22,5,5.6679620857,0.6679620857,1.1335924171,5.82676034,Solved
L?AA@agX?sN?as,22,5,5.6679457845,0.6679457845,1.1335891569,5.81988872,Solved
L?ABAaQJ?ZN?u?,23,5,5.6679414131,0.6679414131,1.1335882826,5.81799288,Solved
L?AAD?s[?s@wy?,21,5,5.6679140780,0.6679140780,1.1335828156,5.81430928,Solved
L?AAD@oKaWTOTO,21,5,5.6679021363,0.6679021363,1.1335804273,5.80150838,Solved
L?AADbGJ?lN?L_,23,5,5.6678560596,0.6678560596,1.1335712119,5.80197365,Solved
L?AA@aHi@WI_M_,20,5,5.6678337121,0.6678337121,1.1335667424,5.80337502,Solved
L?AA@agJE_@wM_,21,5,5.6678277810,0.6678277810,1.1335655562,5.81405103,Solved
L?AAD?sY?[N?Dc,21,5,5.6678275103,0.6678275103,1.1335655021,5.80298111,Solved
L?AAD?sY?[N?Ds,22,5,5.6678244600,0.6678244600,1.1335648920,5.80885741,Solved
L?AAFBOM?[L_Fo,23,5,5.6676891823,0.6676891823,1.1335378365,5.80208952,Solved
L?AAD?wTDSEoVO,23,5,5.6676660303,0.6676660303,1.1335332061,5.80247912,Solved
L?AA@r_DfOM_Fg,24,5,5.6676592059,0.6676592059,1.1335318412,5.80856265,Solved
L?AA@bGw?[Aq^?,22,5,5.6676247872,0.6676247872,1.1335249574,5.81613211,Solved
L?AA@aHiB_Ao^?,21,5,5.6675560051,0.6675560051,1.1335112010,5.80026255,Solved
L?AAF?UyDoF_FO,24,5,5.6675527058,0.6675527058,1.1335105412,5.84042514,Solved
L?AADbGY?wEoDc,22,5,5.6674841037,0.6674841037,1.1334968207,5.81342968,Solved
L?AAD?s[?s@w}?,22,5,5.6674839056,0.6674839056,1.1334967811,5.82118497,Solved
L?AADBOY@g@oFo,21,5,5.6674736998,0.6674736998,1.1334947400,5.81083421,Solved
L?AADBOY@S@wN?,21,5,5.6674662460,0.6674662460,1.1334932492,5.81254637,Solved
L?ABAaQT@QDcaS,22,5,5.6674516480,0.6674516480,1.1334903296,5.82464325,Solved
L?ABAaQJ@JZ?V?,23,5,5.6674208804,0.6674208804,1.1334841761,5.82641594,Solved
L?AAD?sYCSI`m_,22,5,5.6673570903,0.6673570903,1.1334714181,5.81279455,Solved
L?AA@aH[@KZ?V?,21,5,5.6673536032,0.6673536032,1.1334707206,5.81057164,Solved
L?AADbGY@cBoDg,22,5,5.6673471842,0.6673471842,1.1334694368,5.83595033,Solved
L?AE@`gNF_@wF_,24,5,5.6673471622,0.6673471622,1.1334694324,5.80921895,Solved
L?AADBOY?wDoBo,21,5,5.6673317659,0.6673317659,1.1334663532,5.82428215,Solved
L?AAD?wTDcHgL_,22,5,5.6673179648,0.6673179648,1.1334635930,5.83125910,Solved
L?AAD@oIawROTC,22,5,5.6672456439,0.6672456439,1.1334491288,5.80122355,Solved
L?AAD?w[?Uj_Fo,23,5,5.6672335390,0.6672335390,1.1334467078,5.82086831,Solved
L?AE@`gNF_BoBq,25,5,5.6671757165,0.6671757165,1.1334351433,5.80186991,Solved
L?AAD?oq?eBoZ?,20,5,5.6671485463,0.6671485463,1.1334297093,5.80878224,Solved
L?AAD?sY?eBo}?,22,5,5.6671235677,0.6671235677,1.1334247135,5.81905302,Solved
L?AAD@oB`wZ?Fo,23,5,5.6671098000,0.6671098000,1.1334219600,5.81188960,Solved
L?AADb_B_xFO}?,24,5,5.6671097218,0.6671097218,1.1334219444,5.82916607,Solved
L?AA@r_D_x\?i_,23,5,5.6671065068,0.6671065068,1.1334213014,5.82356306,Solved
L?AADb_I_kB_qA,21,5,5.6671029601,0.6671029601,1.1334205920,5.82097542,Solved
L?AAD?wTDSJGN_,23,5,5.6670974512,0.6670974512,1.1334194902,5.80804261,Solved
L?AADb_E_\Z?N_,24,5,5.6670893138,0.6670893138,1.1334178628,5.82661091,Solved
L?AEBAoFFOAwN_,24,5,5.6670825136,0.6670825136,1.1334165027,5.82815011,Solved
L?AA@aH[@KZ?^?,22,5,5.6670817874,0.6670817874,1.1334163575,5.81071592,Solved
L?AEB?wFOm\?^?,25,5,5.6670646311,0.6670646311,1.1334129262,5.84145169,Solved
L?AADb_K_w@s}?,23,5,5.6670506743,0.6670506743,1.1334101349,5.82793612,Solved
L?AADBOY@gBoDo,21,5,5.6670395902,0.6670395902,1.1334079180,5.81780061,Solved
L?`@Cb_HQcBOBg,21,5,5.6670193986,0.6670193986,1.1334038797,5.83347566,Solved
L?AADAoXAwBgAw,22,5,5.6670089215,0.6670089215,1.1334017843,5.81546228,Solved
L?AA@ags?sDoBs,22,5,5.6669767574,0.6669767574,1.1333953515,5.81470696,Solved
L?AADBOM?[M_Fo,22,5,5.6669512201,0.6669512201,1.1333902440,5.80867006,Solved
L?AAD@WXF_@wFO,22,5,5.6669188170,0.6669188170,1.1333837634,5.81723866,Solved
L?AE@b_LBo@wF_,23,5,5.6669186565,0.6669186565,1.1333837313,5.83527059,Solved
L?AEB?s]Do@wF_,24,5,5.6669130761,0.6669130761,1.1333826152,5.80126444,Solved
L?AA@ags?]FOJ_,22,5,5.6668973896,0.6668973896,1.1333794779,5.82762312,Solved
L?AADAoY?wJGBw,22,5,5.6668929318,0.6668929318,1.1333785864,5.80377554,Solved
L?AAD?wT@[TOVO,23,5,5.6668774445,0.6668774445,1.1333754889,5.81831076,Solved
L?AA@ags@[FOBs,23,5,5.6668714607,0.6668714607,1.1333742921,5.81925005,Solved
L?AAD?wTDSHgN_,23,5,5.6668400789,0.6668400789,1.1333680158,5.82203837,Solved
L?AADb_I_kB_iA,21,5,5.6668327760,0.6668327760,1.1333665552,5.81711733,Solved
L?AB?qQU@IL_m?,22,5,5.6668282550,0.6668282550,1.1333656510,5.83572784,Solved
L?AE@b_]Aw@wF_,24,5,5.6668169915,0.6668169915,1.1333633983,5.83304327,Solved
L?AAD?s[?]Bo}?,23,5,5.6668142983,0.6668142983,1.1333628597,5.81561289,Solved
L?AA@r_D_x\?m_,24,5,5.6668106621,0.6668106621,1.1333621324,5.81569877,Solved
L?AAD@oR?VM_Fo,23,5,5.6667333843,0.6667333843,1.1333466769,5.80663425,Solved
L?AADb_E_\\?N_,24,5,5.6666928396,0.6666928396,1.1333385679,5.84131897,Solved
L?AE@b_]AwBoBw,25,5,5.6666699848,0.6666699848,1.1333339970,5.83258982,Solved
L?AADAoFBoJGBw,23,5,5.6666345185,0.6666345185,1.1333269037,5.81463988,Solved
L?AB?qQU@I\?Z?,22,5,5.6666185966,0.6666185966,1.1333237193,5.83369395,Solved
L?AADAoFBo@{VO,24,5,5.6666104238,0.6666104238,1.1333220848,5.80811526,Solved
L?AAFBOM?[M_Fo,23,5,5.6665059089,0.6665059089,1.1333011818,5.81043731,Solved
L?AAD?oq?eBo^?,21,5,5.6664836795,0.6664836795,1.1332967359,5.80355029,Solved
L?AA@aH[@LZ?^?,23,5,5.6664230782,0.6664230782,1.1332846156,5.80448191,Solved
L?AAFBOM@K@s^?,23,5,5.6664113039,0.6664113039,1.1332822608,5.82682773,Solved
L?AE@b_LBoBoBw,24,5,5.6664096228,0.6664096228,1.1332819246,5.83744159,Solved
L?AADb_I_kB_yA,22,5,5.6664067261,0.6664067261,1.1332813452,5.82070325,Solved
L?AA@aHiAgL_Ck,21,5,5.6663913397,0.6663913397,1.1332782679,5.81638462,Solved
L?`@CbOM@W?{Os,22,5,5.6663905572,0.6663905572,1.1332781114,5.82553002,Solved
L?AADbGY?wEoDg,22,5,5.6663857811,0.6663857811,1.1332771562,5.84777271,Solved
L?AE@b_U?]F_F_,23,5,5.6663642088,0.6663642088,1.1332728418,5.84165166,Solved
L?AEB?c{Aw@wN_,24,5,5.6663384744,0.6663384744,1.1332676949,5.80638169,Solved
L?AAD?sY?UBo[A,21,5,5.6663311089,0.6663311089,1.1332662218,5.82119668,Solved
L?AAD@oB`w^?Fo,24,5,5.6663264634,0.6663264634,1.1332652927,5.81569432,Solved
L?AADb_B`sBs}?,25,5,5.6663094657,0.6663094657,1.1332618931,5.83331354,Solved
L?AB?qQU@IL_}?,23,5,5.6662400328,0.6662400328,1.1332480066,5.82853219,Solved
L?AEF@oM?{N_Bw,26,5,5.6662197677,0.6662197677,1.1332439535,5.84776647,Solved
L?AB?qQU@WCky?,22,5,5.6662184912,0.6662184912,1.1332436982,5.83396048,Solved
L?AEB?WXF_@wN_,23,5,5.6662095926,0.6662095926,1.1332419185,5.80178143,Solved
L?AADbGH`wEouC,24,5,5.6662065607,0.6662065607,1.1332413121,5.82784023,Solved
L?`@CbOM@W?{OU,22,5,5.6662057238,0.6662057238,1.1332411448,5.82281090,Solved
L?AA@r_D_\\?^?,24,5,5.6661826739,0.6661826739,1.1332365348,5.83419631,Solved
L?AADbGJEoEoHg,23,5,5.6661795934,0.6661795934,1.1332359187,5.84530542,Solved
L?AB?qQTBOCku?,22,5,5.6661741734,0.6661741734,1.1332348347,5.84416585,Solved
L?`@CbOM@W?{Ou,23,5,5.6660986616,0.6660986616,1.1332197323,5.82037937,Solved
L?AE@b_U?{F_Bw,24,5,5.6660909504,0.6660909504,1.1332181901,5.83729769,Solved
L?AADBOY?w@wN_,22,5,5.6660671599,0.6660671599,1.1332134320,5.82525612,Solved
L?AADb_B_tF_\?,23,5,5.6660613855,0.6660613855,1.1332122771,5.80846807,Solved
L?AAD?oU?VM_Fo,22,5,5.6659754360,0.6659754360,1.1331950872,5.81679828,Solved
L?ABAaQJ?Z]?\?,23,5,5.6659484855,0.6659484855,1.1331896971,5.80527810,Solved
L?AADBOL?]N?FO,22,5,5.6658128483,0.6658128483,1.1331625697,5.82648560,Solved
L?AE@`gFEQN?Di,24,5,5.6656318076,0.6656318076,1.1331263615,5.80454980,Solved
L?AADBOM?[N_Fo,23,5,5.6656245452,0.6656245452,1.1331249090,5.80426015,Solved
L?AAD?wTDSJgN_,24,5,5.6655937772,0.6655937772,1.1331187554,5.81541140,Solved
L?AAD?wTDcHgN_,23,5,5.6655885493,0.6655885493,1.1331177099,5.83286833,Solved
L?AADb_E_\^?N_,25,5,5.6655354273,0.6655354273,1.1331070855,5.83703159,Solved
L?ABA_gaQHv?^?,23,5,5.6655320201,0.6655320201,1.1331064040,5.82464537,Solved
L?AB?qQU@WCkm?,22,5,5.6654991766,0.6654991766,1.1330998353,5.83242089,Solved
L?AB?qQYAJV?\?,23,5,5.6654865270,0.6654865270,1.1330973054,5.84360973,Solved
L?AE@`HH`sZ?]?,23,5,5.6654689238,0.6654689238,1.1330937848,5.80454128,Solved
L?AAD?oXAw@[Fo,22,5,5.6654415922,0.6654415922,1.1330883184,5.80835501,Solved
L?AB?qQYAJF_m?,23,5,5.6654036978,0.6654036978,1.1330807396,5.84324910,Solved
L?AAD@oVAiTOm_,24,5,5.6653761352,0.6653761352,1.1330752270,5.80463001,Solved
L?AADBOFBo@wN_,23,5,5.6653680093,0.6653680093,1.1330736019,5.83691501,Solved
L?AADBOIbo@wN_,23,5,5.6653591390,0.6653591390,1.1330718278,5.80918872,Solved
L?AAF?UyDoF_Fo,25,5,5.6653273084,0.6653273084,1.1330654617,5.84628097,Solved
L?AA@agTCs]?as,23,5,5.6651694895,0.6651694895,1.1330338979,5.80014796,Solved
L?AAFBOM?[N_Fo,24,5,5.6651261884,0.6651261884,1.1330252377,5.81419097,Solved
L?AADbGY?{EoDg,23,5,5.6650945798,0.6650945798,1.1330189160,5.80367414,Solved
L?AADBO]?]F_N_,24,5,5.6650833453,0.6650833453,1.1330166691,5.81177061,Solved
L?AA@r_DfOBs^?,25,5,5.6649315497,0.6649315497,1.1329863099,5.82420539,Solved
L?AADbGY@cBoHg,22,5,5.6647918210,0.6647918210,1.1329583642,5.80618613,Solved
L?AB?qQU@WCk}?,23,5,5.6645684778,0.6645684778,1.1329136956,5.83293401,Solved
L?AEB?WVF_DoBo,23,5,5.6644712458,0.6644712458,1.1328942492,5.81009250,Solved
L?AB?qQYAJV?^?,24,5,5.6644194130,0.6644194130,1.1328838826,5.84421436,Solved
L?AEBAoFDo@[M_,23,5,5.6643886636,0.6643886636,1.1328777327,5.80237286,Solved
L?AEF@oFBoFoBw,26,5,5.6643484956,0.6643484956,1.1328696991,5.84363781,Solved
L?AADb_D`wN?Bw,24,5,5.6643446182,0.6643446182,1.1328689236,5.80420590,Solved
L?ABAaQT@QDcas,23,5,5.6643022261,0.6643022261,1.1328604452,5.80136172,Solved
L?AADBW{?{@wV?,24,5,5.6642941677,0.6642941677,1.1328588335,5.81324393,Solved
L?AA@agqDSBoDk,23,5,5.6642499520,0.6642499520,1.1328499904,5.80617389,Solved
L?AA@aHiAgFON?,21,5,5.6640745610,0.6640745610,1.1328149122,5.81803949,Solved
L?AA@agTCQf_M_,22,5,5.6640293072,0.6640293072,1.1328058614,5.82480859,Solved
L?AB?qQPPXV?y?,23,5,5.6640143552,0.6640143552,1.1328028710,5.81753941,Solved
L?AA@aHX@sRON?,22,5,5.6640027713,0.6640027713,1.1328005543,5.83834459,Solved
L?AA@AOq@WBgBW,19,5,5.6639826321,0.6639826321,1.1327965264,5.80393718,Solved
L?AA@BOL?UQWk_,20,5,5.6639826310,0.6639826310,1.1327965262,5.80067087,Solved
L?AA@AOq@g@kZG,20,5,5.6639826303,0.6639826303,1.1327965261,5.80689662,Solved
L?AA@BOq@gBgDS,20,5,5.6639826301,0.6639826301,1.1327965260,5.80072881,Solved
L?AA@BOq@gIgDs,21,5,5.6639826290,0.6639826290,1.1327965258,5.80776036,Solved
L?AA@BOJ?V\?i_,21,5,5.6639826288,0.6639826288,1.1327965258,5.80182122,Solved
L?AA@BOJ?VHgqO,21,5,5.6639826284,0.6639826284,1.1327965257,5.81150402,Solved
L?AA@AOq@gDcRW,20,5,5.6639826277,0.6639826277,1.1327965255,5.80068662,Solved
L?AA@AOq@g@kJG,19,5,5.6639826274,0.6639826274,1.1327965255,5.80286818,Solved
L?AA@r_D_\]?\?,23,5,5.6639609940,0.6639609940,1.1327921988,5.83909138,Solved
L?AEB?Wk?]M_N_,23,5,5.6639146557,0.6639146557,1.1327829311,5.80213759,Solved
L?AADBOY?{F_Bg,22,5,5.6639071439,0.6639071439,1.1327814288,5.83087644,Solved
L?AADBO]?]F_FO,23,5,5.6639060753,0.6639060753,1.1327812151,5.83503653,Solved
L?AEB?o]@w@[Fo,24,5,5.6638826184,0.6638826184,1.1327765237,5.81067250,Solved
L?AA@agT@wFOas,23,5,5.6638314062,0.6638314062,1.1327662812,5.82301241,Solved
L?AA@b_m@sBoBw,24,5,5.6638312966,0.6638312966,1.1327662593,5.83738945,Solved
L?AAD`gDeOdoM_,23,5,5.6636523762,0.6636523762,1.1327304752,5.80267238,Solved
L?AB?qQP\oL_{?,24,5,5.6636318209,0.6636318209,1.1327263642,5.80940994,Solved
L?AEBAo]@w@wEo,24,5,5.6636033734,0.6636033734,1.1327206747,5.81198930,Solved
L?ABCdKedoKg]?,25,5,5.6636030716,0.6636030716,1.1327206143,5.82736570,Solved
L?AA@bGHmoDo^?,24,5,5.6635628134,0.6635628134,1.1327125627,5.81437444,Solved
L?AA@agTCUF_e_,22,5,5.6634604171,0.6634604171,1.1326920834,5.80794081,Solved
L?AAD@WLDoHgk_,22,5,5.6633610301,0.6633610301,1.1326722060,5.83382107,Solved
L?ABAaQJ?ZN?{?,23,5,5.6632320914,0.6632320914,1.1326464183,5.84101499,Solved
L?AA@r_DnOBo\?,24,5,5.6632063324,0.6632063324,1.1326412665,5.84029213,Solved
L?AEB?WLCQn?Hi,23,5,5.6632036280,0.6632036280,1.1326407256,5.80581736,Solved
L?AADb_J?kBS}?,23,5,5.6631262090,0.6631262090,1.1326252418,5.80929828,Solved
L?AEBAoFBoDoDo,23,5,5.6631143750,0.6631143750,1.1326228750,5.80902230,Solved
L?AB?qQYAJF_u?,23,5,5.6630618106,0.6630618106,1.1326123621,5.80438986,Solved
L?AA@agTCsF_as,23,5,5.6630455039,0.6630455039,1.1326091008,5.80061919,Solved
L?AAD@Om@[F_Bw,23,5,5.6630247941,0.6630247941,1.1326049588,5.80184941,Solved
L?AB?qQPTO]?ZG,23,5,5.6629783722,0.6629783722,1.1325956744,5.80411996,Solved
L?AB?qQR@JF_uA,24,5,5.6629780849,0.6629780849,1.1325956170,5.80457586,Solved
L?AAD?syBoBgDo,23,5,5.6629586652,0.6629586652,1.1325917330,5.83476609,Solved
L?AAD?oq?{Aw^?,22,5,5.6629437898,0.6629437898,1.1325887580,5.81300926,Solved
L?AEB?W\FOAwL_,23,5,5.6628227234,0.6628227234,1.1325645447,5.80803229,Solved
L?AAD?w{CsBoBs,24,5,5.6627731689,0.6627731689,1.1325546338,5.81474955,Solved
L?AA@r_LfOAsV?,24,5,5.6627444823,0.6627444823,1.1325488965,5.81783985,Solved
L?AADbGY@kF_Dg,23,5,5.6627402348,0.6627402348,1.1325480470,5.85241838,Solved
L?AAD@oi`sIg^?,24,5,5.6627396082,0.6627396082,1.1325479216,5.80905609,Solved
L?ABAaIeBoM_H[,24,5,5.6626914733,0.6626914733,1.1325382947,5.83604456,Solved
L?AAD?sY?[Z?Do,21,5,5.6626116741,0.6626116741,1.1325223348,5.81174760,Solved
L?AADbGY@SAoLG,21,5,5.6626116734,0.6626116734,1.1325223347,5.81445870,Solved
L?AADbGY?sE_Hg,21,5,5.6626055875,0.6626055875,1.1325211175,5.82075389,Solved
L?AADbGY?sEoDc,22,5,5.6626036735,0.6626036735,1.1325207347,5.82969957,Solved
L?AAD_sYCSROTA,22,5,5.6625983277,0.6625983277,1.1325196655,5.82743384,Solved
L?AEB?syBoBoFo,25,5,5.6625895190,0.6625895190,1.1325179038,5.80663971,Solved
L?AADbGY?kfOL_,23,5,5.6625729028,0.6625729028,1.1325145806,5.84205357,Solved
L?AAD?oy?{Aw^?,23,5,5.6625616760,0.6625616760,1.1325123352,5.81878923,Solved
L?AE@`gFEQEou?,23,5,5.6625242822,0.6625242822,1.1325048564,5.80306366,Solved
L?AAD@wFf_@wV?,24,5,5.6624902983,0.6624902983,1.1324980597,5.85288911,Solved
L?AAD?wV?m\?Bo,23,5,5.6624853917,0.6624853917,1.1324970783,5.80660052,Solved
L?AADBOM?{@w^?,23,5,5.6624635169,0.6624635169,1.1324927034,5.83129107,Solved
L?ABAaIL@JZ?]?,23,5,5.6624524084,0.6624524084,1.1324904817,5.80127953,Solved
L?AAFBOMBgDoBw,24,5,5.6624516317,0.6624516317,1.1324903263,5.80458725,Solved
L?AE@`gN@kXGu?,24,5,5.6624502514,0.6624502514,1.1324900503,5.81212978,Solved
L?AE@`gN@kZ?qQ,25,5,5.6624280521,0.6624280521,1.1324856104,5.80176443,Solved
L?AADBOm@[F_Bw,24,5,5.6623758220,0.6623758220,1.1324751644,5.82292868,Solved
L?AAD@W[?k@Y^?,22,5,5.6623213360,0.6623213360,1.1324642672,5.80478950,Solved
L?AEB?ouAw@wF_,23,5,5.6622232357,0.6622232357,1.1324446471,5.80166148,Solved
L?AADb_F@[N?Dg,23,5,5.6621444672,0.6621444672,1.1324288934,5.82937474,Solved
L?`@Cb_HOsBcsc,23,5,5.6621082026,0.6621082026,1.1324216405,5.80721123,Solved
L?AADAoU?[F_Eo,21,5,5.6620941083,0.6620941083,1.1324188217,5.80713622,Solved
L?ABAaIRCoCl^?,24,5,5.6620694888,0.6620694888,1.1324138978,5.80189906,Solved
L?AA@bGHe_do^?,23,5,5.6620435286,0.6620435286,1.1324087057,5.83005824,Solved
L?AA@aHJAg\?Dg,21,5,5.6619702505,0.6619702505,1.1323940501,5.80194353,Solved
L?AADbGY?sEoHg,22,5,5.6619700621,0.6619700621,1.1323940124,5.82867380,Solved
L?AE@b_T?{@w^?,24,5,5.6619464444,0.6619464444,1.1323892889,5.81290883,Solved
L?AA@r_DnOBoZ?,24,5,5.6619369030,0.6619369030,1.1323873806,5.85987157,Solved
L?AADBOM?{@{m_,24,5,5.6619290073,0.6619290073,1.1323858015,5.81403292,Solved
L?AADBOF@s@w}?,23,5,5.6618921154,0.6618921154,1.1323784231,5.81072766,Solved
L?AAD?wV@kHgk`,24,5,5.6618691353,0.6618691353,1.1323738271,5.80303131,Solved
L?AADBO]@[F_Bw,24,5,5.6618642633,0.6618642633,1.1323728527,5.81232504,Solved
L?AEB?sZF_BoBq,25,5,5.6618442330,0.6618442330,1.1323688466,5.81204675,Solved
L?AB?rOJ?\N?oU,24,5,5.6617532258,0.6617532258,1.1323506452,5.83241704,Solved
L?ABA_gaOwV?PL,22,5,5.6617464677,0.6617464677,1.1323492935,5.80236942,Solved
L?AAD@oyAwAwFo,24,5,5.6617103024,0.6617103024,1.1323420605,5.80890405,Solved
L?AA@agTKUFOL_,23,5,5.6616718635,0.6616718635,1.1323343727,5.81307453,Solved
L?AEB?Wk@[M_Bs,23,5,5.6616557616,0.6616557616,1.1323311523,5.81029839,Solved
L?ABA_gaQHf_mA,23,5,5.6616393278,0.6616393278,1.1323278656,5.80276442,Solved
L?AAD@oBawZ?Fo,23,5,5.6616393232,0.6616393232,1.1323278646,5.80068633,Solved
L?AA@r_D_\]?^?,24,5,5.6615699817,0.6615699817,1.1323139963,5.84876546,Solved
L?AADAoY?sAwJ_,21,5,5.6615633558,0.6615633558,1.1323126712,5.80485050,Solved
L?AADbGY?kFOLG,22,5,5.6615630188,0.6615630188,1.1323126038,5.82735622,Solved
L?AADAoUDSIgZ?,22,5,5.6615621281,0.6615621281,1.1323124256,5.80483955,Solved
L?AE@b_F?VM_M_,23,5,5.6615575154,0.6615575154,1.1323115031,5.83224809,Solved
L?AAD?wV?m\?Fo,24,5,5.6615323230,0.6615323230,1.1323064646,5.81305583,Solved
L?AA@r_DnOJ_Fg,25,5,5.6615214370,0.6615214370,1.1323042874,5.80368932,Solved
L?AA@aHJAgTOL_,21,5,5.6615214106,0.6615214106,1.1323042821,5.81164793,Solved
L?AADb_I_kZ?Bg,22,5,5.6615201022,0.6615201022,1.1323040204,5.82659777,Solved
L?AE@b_]@wBoBw,25,5,5.6615180343,0.6615180343,1.1323036069,5.84833909,Solved
L?AAD@o]@sBoBw,24,5,5.6614863626,0.6614863626,1.1322972725,5.81368794,Solved
L?AB?qQPTOZ?ZG,23,5,5.6614597196,0.6614597196,1.1322919439,5.80682923,Solved
L?AAD?wVAiTON_,24,5,5.6614246834,0.6614246834,1.1322849367,5.84209159,Solved
L?AADb_J?sN?Bo,22,5,5.6613742414,0.6613742414,1.1322748483,5.84009888,Solved
L?AB?qQU@I\?JG,22,5,5.6613548391,0.6613548391,1.1322709678,5.80901102,Solved
L?AE@b_LBo@wFG,23,5,5.6613527484,0.6613527484,1.1322705497,5.80619763,Solved
L?`@Cb_HQcBOBw,22,5,5.6613331771,0.6613331771,1.1322666354,5.81012817,Solved
L?AEBAoFBoAwN_,24,5,5.6613320493,0.6613320493,1.1322664099,5.81319417,Solved
L?AB?qQYAJZ?^?,24,5,5.6613279692,0.6613279692,1.1322655938,5.80693669,Solved
L?AEB?wF_m]?^?,25,5,5.6613279585,0.6613279585,1.1322655917,5.81863116,Solved
L?AAD@wVF_@wFo,25,5,5.6613220486,0.6613220486,1.1322644097,5.81504215,Solved
L?AB?qQRAJV?N?,23,5,5.6613049502,0.6613049502,1.1322609900,5.84149711,Solved
L?AE@bHyBoF_Lg,26,5,5.6613021113,0.6613021113,1.1322604223,5.80451352,Solved
L?AADbGy@kBoDg,24,5,5.6612778102,0.6612778102,1.1322555620,5.80976254,Solved
L?AB?qQPTO^?ZG,24,5,5.6612418527,0.6612418527,1.1322483705,5.81227857,Solved
L?AB?qQU@I\?ZG,23,5,5.6612041361,0.6612041361,1.1322408272,5.81448558,Solved
L?AB?qQRBHSIF`,24,5,5.6611621502,0.6611621502,1.1322324300,5.81062238,Solved
L?AAD@WKaYV?\?,22,5,5.6611471227,0.6611471227,1.1322294245,5.81123936,Solved
L?AA@aHX?{ROL_,22,5,5.6611277386,0.6611277386,1.1322255477,5.81804147,Solved
L?AB?qQRBgZ?HX,24,5,5.6610820190,0.6610820190,1.1322164038,5.81799172,Solved
L?AADb_J?kBs}?,24,5,5.6610499506,0.6610499506,1.1322099901,5.81399980,Solved
L?`@Cb_HOsYOBg,22,5,5.6610216681,0.6610216681,1.1322043336,5.81544626,Solved
L?AAD@oy?{Aw^?,24,5,5.6609514713,0.6609514713,1.1321902943,5.80191936,Solved
L?AAD`gDeOboM_,23,5,5.6609484349,0.6609484349,1.1321896870,5.84373560,Solved
L?AEB?W\F_@wN_,24,5,5.6609269221,0.6609269221,1.1321853844,5.82565256,Solved
L?AB?qQR@JN_uA,25,5,5.6608508561,0.6608508561,1.1321701712,5.81761850,Solved
L?AEB?W\F_DoBq,24,5,5.6608347545,0.6608347545,1.1321669509,5.81513100,Solved
L?AADbGJ?kZ?Lg,23,5,5.6607896839,0.6607896839,1.1321579368,5.80964201,Solved
L?AB?qQPToL_y?,23,5,5.6607857610,0.6607857610,1.1321571522,5.83839088,Solved
L?AEBAo]Aw@wF_,24,5,5.6607824040,0.6607824040,1.1321564808,5.85091197,Solved
L?AEB?o]@wBgBw,24,5,5.6607661675,0.6607661675,1.1321532335,5.80544522,Solved
L?AEBAoFBo@wL_,23,5,5.6607594342,0.6607594342,1.1321518868,5.82775873,Solved
L?AADBO]?]F_Fo,24,5,5.6606554357,0.6606554357,1.1321310871,5.80999318,Solved
L?AAD@wFf_@w^?,25,5,5.6606416674,0.6606416674,1.1321283335,5.81624509,Solved
L?AB?qQU@IDc}?,23,5,5.6606075489,0.6606075489,1.1321215098,5.80365454,Solved
L?AAD?wVDc^?RQ,25,5,5.6604730484,0.6604730484,1.1320946097,5.80844205,Solved
L?AADBOJ@kN?Bg,22,5,5.6604455137,0.6604455137,1.1320891027,5.81895349,Solved
L?AA@aHXKsBoL_,23,5,5.6604393307,0.6604393307,1.1320878661,5.81903786,Solved
L?AA@aHiAgL_Dk,22,5,5.6604056888,0.6604056888,1.1320811378,5.80122547,Solved
L?AADb_F?\N?L_,23,5,5.6603201144,0.6603201144,1.1320640229,5.84100634,Solved
L?AAD_sYCSFOTA,22,5,5.6603199256,0.6603199256,1.1320639851,5.80066646,Solved
L?AEB?wF_m\?\?,24,5,5.6603036637,0.6603036637,1.1320607327,5.84690914,Solved
L?AE@bGyAwBoDg,24,5,5.6602678121,0.6602678121,1.1320535624,5.82266406,Solved
L?AAD?oU?{@[^?,22,5,5.6602589616,0.6602589616,1.1320517923,5.80706711,Solved
L?AB?qQU@ILc}?,24,5,5.6602173629,0.6602173629,1.1320434726,5.80548397,Solved
L?AEB?wLbWAwy@,25,5,5.6601797217,0.6601797217,1.1320359443,5.82211088,Solved
L?AA@b_DnOBo^?,24,5,5.6601474982,0.6601474982,1.1320294996,5.83936623,Solved
L?AA@b_NBg@wFg,24,5,5.6601350930,0.6601350930,1.1320270186,5.80302309,Solved
L?AEB?syBoBgFo,25,5,5.6600952400,0.6600952400,1.1320190480,5.80137749,Solved
L?AB?qQqBWJ_H[,24,5,5.6600952387,0.6600952387,1.1320190477,5.81968928,Solved
L?AE@b_T?VF_N_,24,5,5.6600383649,0.6600383649,1.1320076730,5.80709133,Solved
L?AA@bGHawDouC,23,5,5.6600313597,0.6600313597,1.1320062719,5.80903742,Solved
L?AADbGY?sAqN_,23,5,5.6599721832,0.6599721832,1.1319944366,5.81977619,Solved
L?AEB?s]?mFoyA,26,5,5.6599545175,0.6599545175,1.1319909035,5.82276288,Solved
L?AAD?w\FO@wFO,23,5,5.6598645615,0.6598645615,1.1319729123,5.80143257,Solved
L?AE@`HHhsZ?]?,24,5,5.6598110529,0.6598110529,1.1319622106,5.80087106,Solved
L?AAD`gFDSJ_gc,23,5,5.6597772338,0.6597772338,1.1319554468,5.80515253,Solved
L?AB?qQqAJL_m?,23,5,5.6597089791,0.6597089791,1.1319417958,5.83851718,Solved
L?AB?qQPToL_u?,23,5,5.6596877269,0.6596877269,1.1319375454,5.80188152,Solved
L?AE@bGy?lM_N_,25,5,5.6596858593,0.6596858593,1.1319371719,5.80156613,Solved
L?AAD`gFAYUOM_,23,5,5.6596833653,0.6596833653,1.1319366731,5.81500047,Solved
L?AEBAo]@w@wDo,24,5,5.6595947392,0.6595947392,1.1319189478,5.82058407,Solved
L?AE@bGyBWAsN_,25,5,5.6595597517,0.6595597517,1.1319119503,5.82821505,Solved
L?AADbGY@gBoDc,22,5,5.6595482143,0.6595482143,1.1319096429,5.80505497,Solved
L?AADb_J?sN?Fg,23,5,5.6594735898,0.6594735898,1.1318947180,5.81050312,Solved
L?AAD`gD`sBoyC,24,5,5.6594574780,0.6594574780,1.1318914956,5.81943609,Solved
L?AA@r_D_xTOiC,23,5,5.6594531806,0.6594531806,1.1318906361,5.81180382,Solved
L?AAD`omDS@[TB,25,5,5.6594356533,0.6594356533,1.1318871307,5.80184248,Solved
L?AEBAoFEo@wJ_,23,5,5.6594185588,0.6594185588,1.1318837118,5.81710918,Solved
L?AADb_L?[BS}?,23,5,5.6594185572,0.6594185572,1.1318837114,5.80239201,Solved
L?AB?qQRAJV?}?,24,5,5.6594181224,0.6594181224,1.1318836245,5.80775850,Solved
L?AEB?s]F_@wFo,25,5,5.6594073475,0.6594073475,1.1318814695,5.81654876,Solved
L?AE@b_U?]Bo\?,23,5,5.6594040570,0.6594040570,1.1318808114,5.82617447,Solved
L?AADb_]@[BoBo,24,5,5.6594040530,0.6594040530,1.1318808106,5.80439998,Solved
L?AB?qQPToL_}?,24,5,5.6593939464,0.6593939464,1.1318787893,5.81075326,Solved
L?AAD_sYCSI`m_,23,5,5.6593924519,0.6593924519,1.1318784904,5.80137397,Solved
L?AAD`gDeOfON_,24,5,5.6593921479,0.6593921479,1.1318784296,5.80948291,Solved
L?AADbGY@kFODk,24,5,5.6593888602,0.6593888602,1.1318777720,5.81685117,Solved
L?AEBAo]@w@wFo,25,5,5.6593887198,0.6593887198,1.1318777440,5.82047700,Solved
L?AAD_kRSdN?{?,24,5,5.6593646490,0.6593646490,1.1318729298,5.81949947,Solved
L?AB?qQP\oL_y?,24,5,5.6593434999,0.6593434999,1.1318687000,5.85324991,Solved
L?AA@aHJAgTON_,22,5,5.6593149600,0.6593149600,1.1318629920,5.80380269,Solved
L?AB?qQTBOCku@,23,5,5.6592959971,0.6592959971,1.1318591994,5.81423359,Solved
L?`@CbOWO[BQJW,23,5,5.6592907077,0.6592907077,1.1318581415,5.80574692,Solved
L?ABAaQJ?ZZ?y?,23,5,5.6592907067,0.6592907067,1.1318581413,5.80907008,Solved
L?AAD`gDeOeoN_,24,5,5.6592649927,0.6592649927,1.1318529985,5.80227756,Solved
L?AAD`gDeOf_N_,24,5,5.6592648398,0.6592648398,1.1318529680,5.80263324,Solved
L?AADb_J?sAs}?,23,5,5.6592648378,0.6592648378,1.1318529676,5.82929218,Solved
L?AB?qQYAJM_mA,24,5,5.6591850551,0.6591850551,1.1318370110,5.82009862,Solved
L?AADbGY?kESe_,22,5,5.6590243219,0.6590243219,1.1318048644,5.80508891,Solved
L?AE@b_U?]F_FG,23,5,5.6590229079,0.6590229079,1.1318045816,5.80926459,Solved
L?AA@aHX?{Eoec,23,5,5.6590050378,0.6590050378,1.1318010076,5.81214331,Solved
L?ABAaG]?lTG\?,23,5,5.6589592398,0.6589592398,1.1317918480,5.80799652,Solved
L?AAD@oBaw\?Fo,23,5,5.6589536989,0.6589536989,1.1317907398,5.81987495,Solved
L?AEB?wVF_@wJ_,24,5,5.6589290518,0.6589290518,1.1317858104,5.83027772,Solved
L?AB?qQYAJF_mA,24,5,5.6589237312,0.6589237312,1.1317847462,5.81800114,Solved
L?AB?qQPRoV?^?,24,5,5.6588602436,0.6588602436,1.1317720487,5.80348248,Solved
L?AE@`gJBo@wcL,24,5,5.6588479316,0.6588479316,1.1317695863,5.80897097,Solved
L?AB?qQT@WZ?HX,23,5,5.6588476327,0.6588476327,1.1317695265,5.80734598,Solved
L?AAD@WNDcHge_,23,5,5.6588271819,0.6588271819,1.1317654364,5.80496719,Solved
L?AADb_Bg{N?L_,24,5,5.6588256048,0.6588256048,1.1317651210,5.81785966,Solved
L?AADbGI_l\?N_,24,5,5.6588094636,0.6588094636,1.1317618927,5.80925911,Solved
L?AEBAo]@wBoFo,25,5,5.6588086994,0.6588086994,1.1317617399,5.80606927,Solved
L?AADb_B_tF_}?,24,5,5.6588029853,0.6588029853,1.1317605971,5.81842804,Solved
L?AE@b_U?]Bo^?,24,5,5.6588029829,0.6588029829,1.1317605966,5.82345207,Solved
L?AE@b_Bo{N?^?,25,5,5.6588029812,0.6588029812,1.1317605962,5.80326001,Solved
L?ABAaQHRoZ?ZG,24,5,5.6588029811,0.6588029811,1.1317605962,5.82339162,Solved
L?AE@b_Bo{N?\?,24,5,5.6588029810,0.6588029810,1.1317605962,5.80684278,Solved
L?AADbGy?lFON_,25,5,5.6587872048,0.6587872048,1.1317574410,5.81617087,Solved
L?AADb_I_kZ?Fg,23,5,5.6587658748,0.6587658748,1.1317531750,5.81182738,Solved
L?AADb_J?[Bs}?,24,5,5.6587119542,0.6587119542,1.1317423908,5.80939372,Solved
L?AEB?wLfOAw^?,25,5,5.6586899735,0.6586899735,1.1317379947,5.82941008,Solved
L?AE@`gDmQF_]?,24,5,5.6586427608,0.6586427608,1.1317285522,5.82015988,Solved
L?AA@aHJAhEoia,23,5,5.6586022513,0.6586022513,1.1317204503,5.80375677,Solved
L?AA@aHiBgL_Dk,23,5,5.6586012196,0.6586012196,1.1317202439,5.80132634,Solved
L?AA@aHXG{Eoec,24,5,5.6586007998,0.6586007998,1.1317201600,5.80731387,Solved
L?AB?qQYAJN_mA,25,5,5.6585815825,0.6585815825,1.1317163165,5.81085114,Solved
L?AB?qQRAJV?\?,23,5,5.6585627478,0.6585627478,1.1317125496,5.80820729,Solved
L?AB?qQP\oL_u?,24,5,5.6585614375,0.6585614375,1.1317122875,5.81762085,Solved
L?AAD?wT@[Bgic,23,5,5.6585374091,0.6585374091,1.1317074818,5.80852594,Solved
L?AAD?wFQiDoia,24,5,5.6585089019,0.6585089019,1.1317017804,5.81360768,Solved
L?AB?qQRAJV?^?,24,5,5.6584847015,0.6584847015,1.1316969403,5.81660545,Solved
L?AB?qQP\oL_}?,25,5,5.6583928683,0.6583928683,1.1316785737,5.81681739,Solved
L?AE@`g]EQF_Di,25,5,5.6583146140,0.6583146140,1.1316629228,5.81751877,Solved
L?ABCeWRDoM_PW,24,5,5.6582988569,0.6582988569,1.1316597714,5.82195190,Solved
L?ABAr_{?\BoN?,25,5,5.6582983360,0.6582983360,1.1316596672,5.82878084,Solved
L?AEF?wDvOBo\?,25,5,5.6582863216,0.6582863216,1.1316572643,5.86449709,Solved
L?AEF?wDvOJ_L_,25,5,5.6582847514,0.6582847514,1.1316569503,5.84332674,Solved
L?AAD@oy@wBoDs,24,5,5.6582799721,0.6582799721,1.1316559944,5.80406315,Solved
L?AADbGHfOAsN_,24,5,5.6582417397,0.6582417397,1.1316483479,5.80276124,Solved
L?AAFBOm?]FOFo,25,5,5.6581826396,0.6581826396,1.1316365279,5.80735221,Solved
L?AAD?oU?{M_Bw,22,5,5.6581359212,0.6581359212,1.1316271842,5.80055284,Solved
L?AAD?wT@SdoVO,23,5,5.6581269051,0.6581269051,1.1316253810,5.80100513,Solved
L?AAD@oBawAw}?,23,5,5.6580660393,0.6580660393,1.1316132079,5.81481200,Solved
L?AADb_]@wBoBw,25,5,5.6580432753,0.6580432753,1.1316086551,5.82953565,Solved
L?AA@bGHe_j_N_,23,5,5.6579649701,0.6579649701,1.1315929940,5.80184608,Solved
L?AAD@oNBgBWBw,24,5,5.6578691035,0.6578691035,1.1315738207,5.81131239,Solved
L?AEBBo]@w@wFo,26,5,5.6577183723,0.6577183723,1.1315436745,5.83804380,Solved
L?AAD?smF_BoBq,24,5,5.6576424416,0.6576424416,1.1315284883,5.80292378,Solved
L?AEF@oV?]Bo}?,26,5,5.6576194711,0.6576194711,1.1315238942,5.84169739,Solved
L?AEBAoFEo@wM_,23,5,5.6575513122,0.6575513122,1.1315102624,5.82072506,Solved
L?AB?qQPPXN?u?,23,5,5.6575454716,0.6575454716,1.1315090943,5.80498606,Solved
L?ABAaQJ?ZN?{A,24,5,5.6574070005,0.6574070005,1.1314814001,5.80595170,Solved
L?AAD?wT@SboVO,23,5,5.6572710768,0.6572710768,1.1314542154,5.80361555,Solved
L?AB?qQPVOV?ZG,24,5,5.6572024673,0.6572024673,1.1314404935,5.82502929,Solved
L?AAF@SBv_Bo^?,25,5,5.6571751861,0.6571751861,1.1314350372,5.80573891,Solved
L?AAD@oBawBw}?,24,5,5.6571711158,0.6571711158,1.1314342232,5.80025256,Solved
L?ABAagLBoPIDh,24,5,5.6571427453,0.6571427453,1.1314285491,5.81440899,Solved
L?AA@aHJAhTON_,23,5,5.6570674926,0.6570674926,1.1314134985,5.80738731,Solved
L?AAD@oBhwM_Fo,24,5,5.6570444149,0.6570444149,1.1314088830,5.80684796,Solved
L?AAD@oX?sUOCs,21,5,5.6569253637,0.6569253637,1.1313850727,5.80858513,Solved
L?AA@BOi?wDcuO,21,5,5.6569253614,0.6569253614,1.1313850723,5.80255375,Solved
L?AA@aHw?[TOHg,21,5,5.6569253614,0.6569253614,1.1313850723,5.81208312,Solved
L?ABAaGEdAmCm?,22,5,5.6569253611,0.6569253611,1.1313850722,5.80720759,Solved
L?AAD?sY?eUOTO,21,5,5.6569253608,0.6569253608,1.1313850722,5.80780712,Solved
L?AAD?Ws@cM_Hc,20,5,5.6569253607,0.6569253607,1.1313850721,5.80155295,Solved
L?AA@BOTDoEoJg,22,5,5.6569253605,0.6569253605,1.1313850721,5.80460923,Solved
L?AAD?sYCcaw{?,22,5,5.6569253603,0.6569253603,1.1313850721,5.80834834,Solved
L?AAD?sYCcAw{?,21,5,5.6569253594,0.6569253594,1.1313850719,5.81724638,Solved
L?AADBOF@cCs\?,21,5,5.6569253593,0.6569253593,1.1313850719,5.80468206,Solved
L?AADBOQPgV?HK,21,5,5.6569253588,0.6569253588,1.1313850718,5.80647330,Solved
L?AAD@oXDcAYVO,23,5,5.6569253583,0.6569253583,1.1313850717,5.80863195,Solved
L?AA@bGw@WPWBs,22,5,5.6569253580,0.6569253580,1.1313850716,5.80028260,Solved
L?AADAoY?sJGCs,21,5,5.6569253578,0.6569253578,1.1313850716,5.81335371,Solved
L?AAD@OJEoTCVO,22,5,5.6569253577,0.6569253577,1.1313850715,5.80193174,Solved
L?AAD?oq?[HgHc,20,5,5.6569253575,0.6569253575,1.1313850715,5.81334787,Solved
L?AAD?Ws@KAwk_,20,5,5.6569253575,0.6569253575,1.1313850715,5.80693673,Solved
L?AA@BOi?[Aqm_,21,5,5.6569253572,0.6569253572,1.1313850714,5.80254476,Solved
L?AA@BOi@XHgTS,22,5,5.6569253567,0.6569253567,1.1313850713,5.80520018,Solved
L?AA@aHwBHJ_BS,22,5,5.6569253566,0.6569253566,1.1313850713,5.81204518,Solved
L?AAD?oXAYPSy?,21,5,5.6569253566,0.6569253566,1.1313850713,5.80746174,Solved
L?AA@BOi?sJ_Jg,21,5,5.6569253564,0.6569253564,1.1313850713,5.80344793,Solved
L?AA@BOLBoROJg,22,5,5.6569253560,0.6569253560,1.1313850712,5.80566947,Solved
L?AAD?oq?[CqRW,21,5,5.6569253555,0.6569253555,1.1313850711,5.80107922,Solved
L?AAD@oXDcBWCs,22,5,5.6569253551,0.6569253551,1.1313850710,5.80699559,Solved
L?AADBOL@[Igk_,22,5,5.6569253549,0.6569253549,1.1313850710,5.80515520,Solved
L?AAD_kRP[FOck,25,5,5.6569022841,0.6569022841,1.1313804568,5.82258597,Solved
L?AAD?w[?Un_Fo,24,5,5.6568365276,0.6568365276,1.1313673055,5.81427854,Solved
L?AB?qQqAJL_}?,24,5,5.6567305529,0.6567305529,1.1313461106,5.82451808,Solved
L?AAD?w[?uJ_Bs,23,5,5.6566518133,0.6566518133,1.1313303627,5.80248082,Solved
L?AEB?wVF_@wEo,24,5,5.6565481897,0.6565481897,1.1313096379,5.80186414,Solved
L?AAD?syBoAwFo,24,5,5.6561187017,0.6561187017,1.1312237403,5.80716383,Solved
L?ABCdWJCsKg}?,25,5,5.6560686836,0.6560686836,1.1312137367,5.80922390,Solved
L?AAD@WKaQv?Eo,22,5,5.6560582052,0.6560582052,1.1312116410,5.82147259,Solved
L?AA@AWTBoBoic,22,5,5.6560582041,0.6560582041,1.1312116408,5.80337550,Solved
L?AAF@ck@kAweg,24,5,5.6560582040,0.6560582040,1.1312116408,5.81722977,Solved
L?AA@BOR?\FO}?,22,5,5.6560582038,0.6560582038,1.1312116408,5.81480517,Solved
L?AA@BOuBWFOJg,23,5,5.6560582027,0.6560582027,1.1312116405,5.80041255,Solved
L?AAD?w[CsJGAs,22,5,5.6560582025,0.6560582025,1.1312116405,5.81861586,Solved
L?AAF@SI_]TCZ?,23,5,5.6560582016,0.6560582016,1.1312116403,5.82290368,Solved
L?AA@AWs@sJ_Jc,22,5,5.6560582011,0.6560582011,1.1312116402,5.81271468,Solved
L?AA@aHw?wEcBS,21,5,5.6560582005,0.6560582005,1.1312116401,5.80996419,Solved
L?AAD?cmBgHKuG,23,5,5.6560581999,0.6560581999,1.1312116400,5.81206440,Solved
L?AA@BOTCoFoJg,22,5,5.6560581992,0.6560581992,1.1312116398,5.81150029,Solved
L?AA@BOR?s@s}?,21,5,5.6560581986,0.6560581986,1.1312116397,5.80562695,Solved
L?AAD?wLAQ}?VO,23,5,5.6560581982,0.6560581982,1.1312116396,5.80647476,Solved
L?AA@BOTCsF_ic,22,5,5.6560581974,0.6560581974,1.1312116395,5.80978080,Solved
L?AAD?w[?s@YUO,21,5,5.6560581967,0.6560581967,1.1312116393,5.82038425,Solved
L?AA@AWs?[fO^?,22,5,5.6560581967,0.6560581967,1.1312116393,5.80515501,Solved
L?AA@agX?[PQZ?,21,5,5.6560581966,0.6560581966,1.1312116393,5.81659374,Solved
L?AA@AWs?sDq^?,22,5,5.6560581960,0.6560581960,1.1312116392,5.80930330,Solved
L?AADAoLBoHIVO,23,5,5.6560581960,0.6560581960,1.1312116392,5.81128404,Solved
L?AA@AWs?s@q^?,21,5,5.6560581955,0.6560581955,1.1312116391,5.81466977,Solved
L?AA@aHw@hJ_BS,22,5,5.6560581954,0.6560581954,1.1312116391,5.82306035,Solved
L?AA@BOVDoFOJg,23,5,5.6560581953,0.6560581953,1.1312116391,5.80434964,Solved
L?AA@aHkFOIcRS,23,5,5.6560581952,0.6560581952,1.1312116390,5.81901585,Solved
L?AADBOUOyROBw,24,5,5.6560581950,0.6560581950,1.1312116390,5.80145164,Solved
L?AA@BOREoFOJg,22,5,5.6560581948,0.6560581948,1.1312116390,5.80680576,Solved
L?AAD?oy@wHKVO,23,5,5.6560581947,0.6560581947,1.1312116389,5.80856991,Solved
L?AAF@ckCsAwL_,23,5,5.6560581944,0.6560581944,1.1312116389,5.81499396,Solved
L?AA@AWs?{M_Jc,22,5,5.6560581941,0.6560581941,1.1312116388,5.80385108,Solved
L?AA@BOR?sZ?Jg,21,5,5.6560581940,0.6560581940,1.1312116388,5.80767377,Solved
L?AA@AWs?[m_N_,22,5,5.6560581936,0.6560581936,1.1312116387,5.81126990,Solved
L?AAF@Sa`WTOXC,22,5,5.6560581932,0.6560581932,1.1312116386,5.80292823,Solved
L?AAD?oL?yHK}?,22,5,5.6560581928,0.6560581928,1.1312116386,5.81974960,Solved
L?AA@AWT@[J_ic,22,5,5.6560581927,0.6560581927,1.1312116385,5.81286327,Solved
L?AAD?oLAwXERW,23,5,5.6560581927,0.6560581927,1.1312116385,5.80853857,Solved
L?AADb_R@cAs\?,22,5,5.6560581923,0.6560581923,1.1312116385,5.83168074,Solved
L?AAF@ck?sEoDo,22,5,5.6560581923,0.6560581923,1.1312116385,5.82151682,Solved
L?AAD?w[BgBwBs,24,5,5.6560265036,0.6560265036,1.1312053007,5.80675510,Solved
L?AB?qQRAJN?}?,24,5,5.6559409649,0.6559409649,1.1311881930,5.80517214,Solved
L?AA@r_DnOBo^?,25,5,5.6559341080,0.6559341080,1.1311868216,5.85371625,Solved
L?AAFBOm@[FOJg,25,5,5.6558753821,0.6558753821,1.1311750764,5.80041982,Solved
L?AADb_y@sBoDk,25,5,5.6558211529,0.6558211529,1.1311642306,5.80423961,Solved
L?AADbGY?kEcm_,23,5,5.6556774958,0.6556774958,1.1311354992,5.80015058,Solved
L?AE@b_F?]M_M_,23,5,5.6556249936,0.6556249936,1.1311249987,5.80258204,Solved
L?AADAwNBgIgi`,25,5,5.6555490519,0.6555490519,1.1311098104,5.80408121,Solved
L?AADbGJEoCsN_,24,5,5.6555319587,0.6555319587,1.1311063917,5.83132544,Solved
L?AEBAoFBoEoBw,24,5,5.6554300381,0.6554300381,1.1310860076,5.80681957,Solved
L?AAD@WkdoM_RS,24,5,5.6554149994,0.6554149994,1.1310829999,5.80120605,Solved
L?AA@ags@[@ym_,24,5,5.6554149944,0.6554149944,1.1310829989,5.80151917,Solved
L?`@CbOWO[Dc`c,22,5,5.6553421467,0.6553421467,1.1310684293,5.80192716,Solved
L?AADBOLBoBgBw,23,5,5.6553070212,0.6553070212,1.1310614042,5.80189847,Solved
L?AE@b_FDo@wJ_,23,5,5.6553070207,0.6553070207,1.1310614041,5.80571931,Solved
L?AE@`gJ?lXG\?,23,5,5.6552887859,0.6552887859,1.1310577572,5.80795181,Solved
L?AEBAoF@sM_Bw,24,5,5.6552468941,0.6552468941,1.1310493788,5.80150608,Solved
L?AEBAo]Aw@wFo,25,5,5.6551292483,0.6551292483,1.1310258497,5.80576351,Solved
L?AB?qQP\o\?ZG,25,5,5.6550904073,0.6550904073,1.1310180815,5.83531509,Solved
L?AE@`gJBgXGDh,24,5,5.6550198211,0.6550198211,1.1310039642,5.81546059,Solved
L?AAD?wT?yFoic,24,5,5.6550084932,0.6550084932,1.1310016986,5.80396603,Solved
L?AADbGy?lEoN_,25,5,5.6549431548,0.6549431548,1.1309886310,5.81332671,Solved
L?AAD?wFQiFoia,25,5,5.6549281339,0.6549281339,1.1309856268,5.80316945,Solved
L?AAFAw{?]Bom_,26,5,5.6549243781,0.6549243781,1.1309848756,5.80836973,Solved
L?AADbGy?lF_N_,25,5,5.6548904230,0.6548904230,1.1309780846,5.81007491,Solved
L?AA@r_DbW]?Fg,24,5,5.6548544312,0.6548544312,1.1309708862,5.80742655,Solved
L?AE@b_T@wDoA{,24,5,5.6548544309,0.6548544309,1.1309708862,5.80115886,Solved
L?AE@poJ?\YAV?,24,5,5.6548544304,0.6548544304,1.1309708861,5.80292145,Solved
L?AB?qQPQXN?mC,24,5,5.6548533716,0.6548533716,1.1309706743,5.82214686,Solved
L?AE@`gJ?lXG^?,24,5,5.6547623184,0.6547623184,1.1309524637,5.80342498,Solved
L?AAD@WKaYRO^?,23,5,5.6547386339,0.6547386339,1.1309477268,5.80209976,Solved
L?AA@BOR?\ROy?,21,5,5.6547362300,0.6547362300,1.1309472460,5.80270649,Solved
L?AADBOJDcAwHg,22,5,5.6547362283,0.6547362283,1.1309472457,5.80415492,Solved
L?AA@bGX?[PQHg,21,5,5.6547362264,0.6547362264,1.1309472453,5.80003521,Solved
L?AA@BOTCsEoJg,22,5,5.6547362255,0.6547362255,1.1309472451,5.80094468,Solved
L?AA@_gaOhv?sG,21,5,5.6547362239,0.6547362239,1.1309472448,5.81176278,Solved
L?`@?b_U?xOil?,22,5,5.6547362236,0.6547362236,1.1309472447,5.80193884,Solved
L?AAD?wX?eeoTO,22,5,5.6547362235,0.6547362235,1.1309472447,5.80334385,Solved
L?AADb_F?\Z?N_,24,5,5.6547176352,0.6547176352,1.1309435270,5.82671390,Solved
L?AEB?w{BWBoBs,25,5,5.6547159286,0.6547159286,1.1309431857,5.82145353,Solved
L?AADbGy?lBoN_,25,5,5.6546880338,0.6546880338,1.1309376068,5.80662499,Solved
L?AE@b_]BgBoBw,25,5,5.6546875481,0.6546875481,1.1309375096,5.80046418,Solved
L?AB?rOBjoF_oT,25,5,5.6546697841,0.6546697841,1.1309339568,5.81936325,Solved
L?ABAr_{?\Bo^?,26,5,5.6546568856,0.6546568856,1.1309313771,5.81548387,Solved
L?AEBBo]?y@w^?,26,5,5.6546339271,0.6546339271,1.1309267854,5.80807926,Solved
L?AEBAoFEo@wN_,24,5,5.6545792896,0.6545792896,1.1309158579,5.81235843,Solved
L?AE@`HHdoZ?M_,23,5,5.6543439957,0.6543439957,1.1308687991,5.80507154,Solved
L?AE@b_U?{N_Bw,25,5,5.6543316732,0.6543316732,1.1308663346,5.81953170,Solved
L?AE@b_FDo@wM_,23,5,5.6543255964,0.6543255964,1.1308651193,5.80872052,Solved
L?AADBOV?]Bo}?,24,5,5.6542363414,0.6542363414,1.1308472683,5.80560542,Solved
L?AB?qQPPXV?N?,23,5,5.6542137445,0.6542137445,1.1308427489,5.80117729,Solved
L?AA@qoZF_Hccd,25,5,5.6539761387,0.6539761387,1.1307952277,5.80394976,Solved
L?AEB?wLfOJ_Dq,25,5,5.6539145878,0.6539145878,1.1307829176,5.81994529,Solved
L?AE@b_]?{@{^?,26,5,5.6538844255,0.6538844255,1.1307768851,5.80254609,Solved
L?AAD@o]Aw@sFo,24,5,5.6536812881,0.6536812881,1.1307362576,5.80140860,Solved
L?AE@`gJ?lN_qQ,25,5,5.6535477238,0.6535477238,1.1307095448,5.80321413,Solved
L?AB?qQPPXN?mC,24,5,5.6534473708,0.6534473708,1.1306894742,5.80821641,Solved
L?AB?qQPRoLcmC,25,5,5.6533814499,0.6533814499,1.1306762900,5.82180501,Solved
L?AEB?W\F_FoBq,25,5,5.6533801447,0.6533801447,1.1306760289,5.80107464,Solved
L?AADBOF@sN?Bw,23,5,5.6530730354,0.6530730354,1.1306146071,5.80238569,Solved
L?AAD?w\F_@wFo,24,5,5.6530723798,0.6530723798,1.1306144760,5.80698038,Solved
L?AB?qQ\AwCku@,25,5,5.6530115564,0.6530115564,1.1306023113,5.80786144,Solved
L?AB?rO\BoCkad,25,5,5.6529050292,0.6529050292,1.1305810058,5.80811708,Solved
L?AB?qQ]EoLcHY,26,5,5.6528880418,0.6528880418,1.1305776084,5.81777027,Solved
L?AE@`HHhsZ?m?,24,5,5.6528869791,0.6528869791,1.1305773958,5.80288360,Solved
L?AEB?wL_mN_yA,26,5,5.6527998830,0.6527998830,1.1305599766,5.81287424,Solved
L?AADBOFBo@{N_,24,5,5.6527208628,0.6527208628,1.1305441726,5.80002891,Solved
L?AB?rOL?\WI\?,23,5,5.6526107656,0.6526107656,1.1305221531,5.80138933,Solved
L?AAD@o]AwBWBw,24,5,5.6525703003,0.6525703003,1.1305140601,5.80264706,Solved
L?AADb_]AwBoBw,25,5,5.6524039178,0.6524039178,1.1304807836,5.80002703,Solved
L?AA@r_D_xL_yC,24,5,5.6522614050,0.6522614050,1.1304522810,5.80677565,Solved
L?AADb_k`sBsBw,26,5,5.6518325159,0.6518325159,1.1303665032,5.80770233,Solved
L?AADb_BmoBoN_,25,5,5.6515538793,0.6515538793,1.1303107759,5.80498689,Solved
L?AADbGY@gBoHg,22,5,5.6514023224,0.6514023224,1.1302804645,5.80540311,Solved
L?AE@b_TBo@wFG,23,5,5.6513845560,0.6513845560,1.1302769112,5.80844160,Solved
L?AADbGLFOBoHg,23,5,5.6513815318,0.6513815318,1.1302763064,5.80670999,Solved
L?AE@b_MAw@wJ_,23,5,5.6513410479,0.6513410479,1.1302682096,5.80076770,Solved
L?AADb_E`[N?Dg,23,5,5.6513245345,0.6513245345,1.1302649069,5.82716054,Solved
L?AADbGY?keom_,24,5,5.6513035519,0.6513035519,1.1302607104,5.81116816,Solved
L?AE@`gDmQF_Z?,24,5,5.6513035490,0.6513035490,1.1302607098,5.81599246,Solved
L?`@Cb_LAE`wFI,24,5,5.6513035486,0.6513035486,1.1302607097,5.80004612,Solved
L?AAD?wV?{]?Bp,24,5,5.6512909600,0.6512909600,1.1302581920,5.80701414,Solved
L?AAD@o]AwBwBw,25,5,5.6512257028,0.6512257028,1.1302451406,5.80281540,Solved
L?AE@poJ?\YA\?,24,5,5.6512117706,0.6512117706,1.1302423541,5.82798762,Solved
L?AADb_E_lDo}?,24,5,5.6512117693,0.6512117693,1.1302423539,5.82243317,Solved
L?AADb_]@[BoDg,24,5,5.6512117663,0.6512117663,1.1302423533,5.80421755,Solved
L?ABBb_u?\BoN?,25,5,5.6509394697,0.6509394697,1.1301878939,5.80190154,Solved
L?AEBAw{@w@wFo,26,5,5.6509394669,0.6509394669,1.1301878934,5.81354082,Solved
L?AE@poJ?\YA^?,25,5,5.6509394646,0.6509394646,1.1301878929,5.82413797,Solved
L?AEBAo]AwBoBw,25,5,5.6509394636,0.6509394636,1.1301878927,5.83326676,Solved
L?AEB?sZ@sAwy@,25,5,5.6509394633,0.6509394633,1.1301878927,5.81231399,Solved
L?AE@poZF_@sF_,25,5,5.6509394623,0.6509394623,1.1301878925,5.80848944,Solved
L?AA@r_{AwBoBk,25,5,5.6508382213,0.6508382213,1.1301676443,5.80171398,Solved
L?AAD?sY?sN?Dc,21,5,5.6502815534,0.6502815534,1.1300563107,5.82476162,Solved
L?AAD@W[@WBoBc,21,5,5.6502815520,0.6502815520,1.1300563104,5.81927732,Solved
L?ABAaG[?sCLV?,21,5,5.6502815507,0.6502815507,1.1300563101,5.81243410,Solved
L?AEB?oT@w@[FO,22,5,5.6502815503,0.6502815503,1.1300563101,5.83175026,Solved
L?AAD@WK`wFORS,23,5,5.6502815503,0.6502815503,1.1300563101,5.83460900,Solved
L?AADAoUDSIg\?,22,5,5.6502815499,0.6502815499,1.1300563100,5.81248596,Solved
L?AADBO]?{DoBg,23,5,5.6502815490,0.6502815490,1.1300563098,5.80081835,Solved
L?AAD?sYCSAh}?,22,5,5.6502815489,0.6502815489,1.1300563098,5.80244720,Solved
L?AAD@OJ@cHgm_,21,5,5.6502815487,0.6502815487,1.1300563097,5.80404566,Solved
L?AADBOJ?sV?Bw,22,5,5.6502815486,0.6502815486,1.1300563097,5.83420418,Solved
L?AE@b_F?VM_L_,23,5,5.6502815486,0.6502815486,1.1300563097,5.83872059,Solved
L?AAD@WKaYV?^?,23,5,5.6502815484,0.6502815484,1.1300563097,5.82512995,Solved
L?AADBOJ?{@w}?,23,5,5.6502815484,0.6502815484,1.1300563097,5.80949023,Solved
L?AAD@Om@[FOBw,23,5,5.6502815484,0.6502815484,1.1300563097,5.82857173,Solved
L?AEB?oyAwBoDo,23,5,5.6502815482,0.6502815482,1.1300563096,5.84474688,Solved
L?AAD@Oi?sBgN_,21,5,5.6502815481,0.6502815481,1.1300563096,5.80163377,Solved
L?AADAoLAWIgi_,21,5,5.6502815481,0.6502815481,1.1300563096,5.80112930,Solved
L?AADb_FFOFOEg,23,5,5.6502815481,0.6502815481,1.1300563096,5.80339954,Solved
L?AAD?sY?sAw{?,21,5,5.6502815479,0.6502815479,1.1300563096,5.82325949,Solved
L?AADAoU@wIgi_,22,5,5.6502815479,0.6502815479,1.1300563096,5.82960868,Solved
L?ABAaQJ@JZ?]?,23,5,5.6502815477,0.6502815477,1.1300563095,5.86063035,Solved
L?AADBOJ?sN?Bw,22,5,5.6502815476,0.6502815476,1.1300563095,5.80782948,Solved
L?AADAoLAoIgi_,21,5,5.6502815475,0.6502815475,1.1300563095,5.80915352,Solved
L?AADAoUDSIg^?,23,5,5.6502815472,0.6502815472,1.1300563094,5.81150910,Solved
L?AAD?sY?{Aw}?,23,5,5.6502815472,0.6502815472,1.1300563094,5.82823188,Solved
L?AAD?sY?sAw}?,22,5,5.6502815470,0.6502815470,1.1300563094,5.83426929,Solved
L?AAD@oDfOF_Fo,23,5,5.6502815468,0.6502815468,1.1300563094,5.83720137,Solved
L?AAD?sYCSIgm?,21,5,5.6502815468,0.6502815468,1.1300563094,5.82132149,Solved
L?AADbGI_k\?Lg,23,5,5.6502815467,0.6502815467,1.1300563093,5.83260364,Solved
L?AADBOJ?sN?Bg,21,5,5.6502815467,0.6502815467,1.1300563093,5.84711888,Solved
L?AADBOKdoDoBw,23,5,5.6502815467,0.6502815467,1.1300563093,5.81977908,Solved
L?AADAoU?[F_Fo,22,5,5.6502815464,0.6502815464,1.1300563093,5.82405988,Solved
L?AAD@WNDcHgi_,23,5,5.6502815463,0.6502815463,1.1300563093,5.80919810,Solved
L?AADBOJ?{N?Bg,22,5,5.6502815460,0.6502815460,1.1300563092,5.84439878,Solved
L?AAD`gDf?boN?,23,5,5.6502815459,0.6502815459,1.1300563092,5.87205226,Solved
L?AADbGY@SAoLg,22,5,5.6502815458,0.6502815458,1.1300563092,5.82787867,Solved
L?AAD@Oi@WAoFo,20,5,5.6502815457,0.6502815457,1.1300563091,5.80028113,Solved
L?AAD@WK`wHgm?,22,5,5.6502815457,0.6502815457,1.1300563091,5.84344703,Solved
L?AAD@OJ@cHgm?,20,5,5.6502815455,0.6502815455,1.1300563091,5.81213238,Solved
L?AADAoY?sAwN?,21,5,5.6502815455,0.6502815455,1.1300563091,5.83094055,Solved
L?AAD@Oi@WAoFO,19,5,5.6502815454,0.6502815454,1.1300563091,5.80514908,Solved
L?AAD@W[?sD_Bc,20,5,5.6502815452,0.6502815452,1.1300563090,5.81380141,Solved
L?AAD@OLBoBoBw,22,5,5.6502815452,0.6502815452,1.1300563090,5.81578116,Solved
L?AAD@OJ@sV?Bw,22,5,5.6502815452,0.6502815452,1.1300563090,5.82090774,Solved
L?ABAaGi?dl_XG,22,5,5.6502815451,0.6502815451,1.1300563090,5.82351297,Solved
L?AADbGY@SAoKg,21,5,5.6502815451,0.6502815451,1.1300563090,5.82570223,Solved
L?AAD@Oi?sF_VO,21,5,5.6502815449,0.6502815449,1.1300563090,5.80455633,Solved
L?AE@b_F?VM_J_,23,5,5.6502815448,0.6502815448,1.1300563090,5.84581039,Solved
L?AADbGH`sF_sC,23,5,5.6502815448,0.6502815448,1.1300563090,5.81219207,Solved
L?AADAoLAWBOFO,20,5,5.6502815447,0.6502815447,1.1300563089,5.82233556,Solved
L?AADbGI_k\?Hg,22,5,5.6502815445,0.6502815445,1.1300563089,5.83432060,Solved
L?AADAoY?[BgN?,21,5,5.6502815443,0.6502815443,1.1300563089,5.82741702,Solved
L?AAD@oDdo@wN?,22,5,5.6502815442,0.6502815442,1.1300563088,5.83727220,Solved
L?AADbGY?kFOLg,23,5,5.6502815442,0.6502815442,1.1300563088,5.83464120,Solved
L?AADBOJ?\FO}?,23,5,5.6502815442,0.6502815442,1.1300563088,5.83418768,Solved
L?AADb_B`wN?Dg,23,5,5.6502815441,0.6502815441,1.1300563088,5.85891259,Solved
L?AAD@OJ@sJ_ig,22,5,5.6502815440,0.6502815440,1.1300563088,5.82574764,Solved
L?AAD@W[?Um_Fo,23,5,5.6502815440,0.6502815440,1.1300563088,5.82656194,Solved
L?AADbGI_kN?Hg,22,5,5.6502815440,0.6502815440,1.1300563088,5.80066017,Solved
L?AADb_I_w@s}?,23,5,5.6502815436,0.6502815436,1.1300563087,5.85234085,Solved
L?AAD@Oi@wFOVO,22,5,5.6502815436,0.6502815436,1.1300563087,5.80641716,Solved
L?AAD@OJ@cBgi_,20,5,5.6502815436,0.6502815436,1.1300563087,5.80925091,Solved
L?ABAaGi?dl_\G,23,5,5.6502815436,0.6502815436,1.1300563087,5.82807197,Solved
L?AADbGY?kFOHg,22,5,5.6502815436,0.6502815436,1.1300563087,5.84466595,Solved
L?AADAoU?[F_FO,21,5,5.6502815434,0.6502815434,1.1300563087,5.82521124,Solved
L?AADb_B_xN?N?,23,5,5.6502815434,0.6502815434,1.1300563087,5.84782414,Solved
L?AADAoLAWBOVO,21,5,5.6502815432,0.6502815432,1.1300563086,5.80660296,Solved
L?AAD@OJDoHgk_,21,5,5.6502815432,0.6502815432,1.1300563086,5.81627984,Solved
L?AAD@W[?{F_Bs,23,5,5.6502815431,0.6502815431,1.1300563086,5.83873658,Solved
L?AADbGY?kFOKg,22,5,5.6502815430,0.6502815430,1.1300563086,5.83612595,Solved
L?AAD@Oi@WBoFO,20,5,5.6502815429,0.6502815429,1.1300563086,5.81273345,Solved
L?AADb_I_w@sy?,22,5,5.6502815429,0.6502815429,1.1300563086,5.84867102,Solved
L?AADAoNBo@wFO,23,5,5.6502815429,0.6502815429,1.1300563086,5.83388699,Solved
L?AADb_E_l\?L_,23,5,5.6502815429,0.6502815429,1.1300563086,5.84316018,Solved
L?AAD?sY?[]?Fo,22,5,5.6502815429,0.6502815429,1.1300563086,5.82291243,Solved
L?AAD@WK`wTOVO,23,5,5.6502815428,0.6502815428,1.1300563086,5.80233435,Solved
L?AAD@WK`wHgm_,23,5,5.6502815427,0.6502815427,1.1300563085,5.83834716,Solved
L?AAD?sY?[]?FO,21,5,5.6502815427,0.6502815427,1.1300563085,5.81964762,Solved
L?AAD@OX?sN?ak,21,5,5.6502815426,0.6502815426,1.1300563085,5.80025813,Solved
L?AAD@Oi@WBOFO,19,5,5.6502815423,0.6502815423,1.1300563085,5.80720369,Solved
L?AADBOJ?\N?N_,23,5,5.6502815423,0.6502815423,1.1300563085,5.82748749,Solved
L?AADAoU?]M_FO,22,5,5.6502815423,0.6502815423,1.1300563085,5.83250891,Solved
L?AAD@OLCTFO^?,22,5,5.6502815423,0.6502815423,1.1300563085,5.81315056,Solved
L?AADAoU?[M_FO,21,5,5.6502815422,0.6502815422,1.1300563084,5.82706108,Solved
L?AADAoLAWBOTO,20,5,5.6502815421,0.6502815421,1.1300563084,5.80660919,Solved
L?AAD`oJ?s@wm?,22,5,5.6502815421,0.6502815421,1.1300563084,5.80727050,Solved
L?AAD@OJ@cV?Bw,21,5,5.6502815420,0.6502815420,1.1300563084,5.80517536,Solved
L?AAD?s[?s@Y^?,22,5,5.6502815420,0.6502815420,1.1300563084,5.82472463,Solved
L?AADAoY?sAwN_,22,5,5.6502815420,0.6502815420,1.1300563084,5.81472626,Solved
L?AAD@OX?sPS]?,20,5,5.6502815419,0.6502815419,1.1300563084,5.81312904,Solved
L?AADb_I_wN?Bg,22,5,5.6502815419,0.6502815419,1.1300563084,5.86724206,Solved
L?AAD?sY?sAwm?,21,5,5.6502815419,0.6502815419,1.1300563084,5.84050211,Solved
L?AAD@WLDSIgm?,22,5,5.6502815417,0.6502815417,1.1300563083,5.85045737,Solved
L?AAD@W[?sD_Bs,21,5,5.6502815417,0.6502815417,1.1300563083,5.81388302,Solved
L?AADAoY?sAwL_,21,5,5.6502815417,0.6502815417,1.1300563083,5.81218378,Solved
L?AAD?sY?sN?Cs,21,5,5.6502815416,0.6502815416,1.1300563083,5.82583348,Solved
L?AAD@OJ?sV?Bw,21,5,5.6502815414,0.6502815414,1.1300563083,5.81965289,Solved
L?AEB?oT@w@[Fo,23,5,5.6502815414,0.6502815414,1.1300563083,5.82522995,Solved
L?AAD@WKaWf_M_,22,5,5.6502815414,0.6502815414,1.1300563083,5.83437210,Solved
L?AADAoLAo@WFO,20,5,5.6502815413,0.6502815413,1.1300563083,5.83356382,Solved
L?AAD@W[@WBoBs,22,5,5.6502815413,0.6502815413,1.1300563083,5.82554473,Solved
L?AAD@WNDcHgm?,23,5,5.6502815412,0.6502815412,1.1300563082,5.84261953,Solved
L?AAD@Oy?yF_Do,22,5,5.6502815412,0.6502815412,1.1300563082,5.81917530,Solved
L?ABEb_M?[J_FG,23,5,5.6502815412,0.6502815412,1.1300563082,5.81411562,Solved
L?AADbGI_k\?Kg,22,5,5.6502815412,0.6502815412,1.1300563082,5.83341998,Solved
L?AADAoU?]F_FO,22,5,5.6502815412,0.6502815412,1.1300563082,5.83114663,Solved
L?`@Cb_HOs@sSc,22,5,5.6502815412,0.6502815412,1.1300563082,5.84659228,Solved
L?AADAoU?]Bg^?,23,5,5.6502815411,0.6502815411,1.1300563082,5.82180412,Solved
L?AEBAoFBo@wM_,23,5,5.6502815410,0.6502815410,1.1300563082,5.85170939,Solved
L?AADAoLAo@wFO,21,5,5.6502815409,0.6502815409,1.1300563082,5.82612197,Solved
L?AAD@WL@sTOTP,23,5,5.6502815406,0.6502815406,1.1300563081,5.80091748,Solved
L?AAD@Oi@wAwFO,21,5,5.6502815406,0.6502815406,1.1300563081,5.80943721,Solved
L?AAD@om?]BoN?,23,5,5.6502815404,0.6502815404,1.1300563081,5.84650768,Solved
L?AAD@W{Bg@wFO,23,5,5.6502815403,0.6502815403,1.1300563081,5.83951882,Solved
L?AAD?sY?sN?Ds,22,5,5.6502815402,0.6502815402,1.1300563080,5.82541971,Solved
L?AAD@OJBo@sN_,22,5,5.6502815402,0.6502815402,1.1300563080,5.81427427,Solved
L?AAD@Oi@wHgk_,21,5,5.6502815401,0.6502815401,1.1300563080,5.80461350,Solved
L?AAD@Oi@WBgM_,20,5,5.6502815401,0.6502815401,1.1300563080,5.80596583,Solved
L?AAD`gFAYUOm?,23,5,5.6502814880,0.6502814880,1.1300562976,5.80804553,Solved
L?AADb_Bg{N?M_,24,5,5.6502814758,0.6502814758,1.1300562952,5.87506212,Solved
L?AEB?wF_m\?Z?,24,5,5.6502813753,0.6502813753,1.1300562751,5.86822852,Solved
L?AEB?wVF_@wF_,24,5,5.6502811832,0.6502811832,1.1300562366,5.86980855,Solved
L?AADb_F?\N?N_,24,5,5.6502811306,0.6502811306,1.1300562261,5.85838416,Solved
L?AAFBOJBo@sN_,24,5,5.6502811014,0.6502811014,1.1300562203,5.85896135,Solved
L?AADBOL?{N?Bw,23,5,5.6502810430,0.6502810430,1.1300562086,5.80449386,Solved
L?AAD?{{Bo@wFO,24,5,5.6502809715,0.6502809715,1.1300561943,5.85346080,Solved
L?AEF?wDvOJ_F_,25,5,5.6502809386,0.6502809386,1.1300561877,5.87828688,Solved
L?AADb_E_l\?N_,24,5,5.6502805962,0.6502805962,1.1300561192,5.85207845,Solved
L?AAD@WkdoHg^?,24,5,5.6502804587,0.6502804587,1.1300560917,5.82644120,Solved
L?AAFBOm@[BoBo,24,5,5.6502802936,0.6502802936,1.1300560587,5.83100979,Solved
L?AADBOm@[FOBw,24,5,5.6502798827,0.6502798827,1.1300559765,5.84327419,Solved
L?AAD@oBpwBo}?,24,5,5.6502797513,0.6502797513,1.1300559503,5.84552817,Solved
L?AADb_Bg{FO}?,25,5,5.6502796891,0.6502796891,1.1300559378,5.86170150,Solved
L?AADb_B`wN?Fg,24,5,5.6502787697,0.6502787697,1.1300557539,5.85266977,Solved
L?AAFBOJ?sV?Bw,23,5,5.6502787434,0.6502787434,1.1300557487,5.82153416,Solved
L?AADBOJ?{N?Bw,23,5,5.6502786981,0.6502786981,1.1300557396,5.81158904,Solved
L?AAFBOJBoBoBw,24,5,5.6502783678,0.6502783678,1.1300556736,5.82283052,Solved
L?AEBAoFBo@wN_,24,5,5.6502782482,0.6502782482,1.1300556496,5.84622201,Solved
L?AADb_y@sBoEg,24,5,5.6502780444,0.6502780444,1.1300556089,5.81170890,Solved
L?AAD@WLDSIgm_,23,5,5.6502777447,0.6502777447,1.1300555489,5.80778558,Solved
L?AAD`gDf?boN_,24,5,5.6502776753,0.6502776753,1.1300555351,5.81923137,Solved
L?AAD@WNDcHgm_,24,5,5.6502774376,0.6502774376,1.1300554875,5.81466436,Solved
L?AAD@om?]BoN_,24,5,5.6502765946,0.6502765946,1.1300553189,5.80963722,Solved
L?AADb_Bg{N?N_,25,5,5.6502765685,0.6502765685,1.1300553137,5.82425571,Solved
L?AEB?oNBg@[Fo,24,5,5.6502759776,0.6502759776,1.1300551955,5.84358872,Solved
L?AE@b_F?VM_N_,24,5,5.6502751572,0.6502751572,1.1300550314,5.84841693,Solved
L?AADb_FFOFOFg,24,5,5.6502750659,0.6502750659,1.1300550132,5.82271760,Solved
L?AEB?wF_m\?^?,25,5,5.6502749220,0.6502749220,1.1300549844,5.85864321,Solved
L?AEB`gFF_@wJ_,24,5,5.6502747076,0.6502747076,1.1300549415,5.82425254,Solved
L?AAFAw{@[BoBo,25,5,5.6502740689,0.6502740689,1.1300548138,5.83419041,Solved
L?AAD@oy@wBoFo,24,5,5.6502691225,0.6502691225,1.1300538245,5.80642066,Solved
L?AAD?s]F_@wFo,24,5,5.6502678040,0.6502678040,1.1300535608,5.81587704,Solved
L?AAD`gDf?fON_,24,5,5.6502649250,0.6502649250,1.1300529850,5.81297467,Solved
L?AADbGH`sEouC,24,5,5.6502643108,0.6502643108,1.1300528622,5.84536445,Solved
L?AAD@o]@wBoBw,24,5,5.6502640677,0.6502640677,1.1300528135,5.84708340,Solved
L?AADb_y@sBoFg,25,5,5.6502622103,0.6502622103,1.1300524421,5.82895144,Solved
L?AAF?UyDoFOFo,25,5,5.6502618344,0.6502618344,1.1300523669,5.85930237,Solved
L?AADb_m@sBoBw,25,5,5.6502528796,0.6502528796,1.1300505759,5.85408955,Solved
L?AAFBOLBoDoBw,24,5,5.6502455396,0.6502455396,1.1300491079,5.81588408,Solved
L?AAD@oy@wAwFo,24,5,5.6502435573,0.6502435573,1.1300487115,5.82249573,Solved
L?AAFBOm?]FON_,25,5,5.6502387888,0.6502387888,1.1300477578,5.82408234,Solved
L?AADBO]?{F_Bw,24,5,5.6502355241,0.6502355241,1.1300471048,5.82176677,Solved
L?AEF?wDvOBo^?,26,5,5.6502315095,0.6502315095,1.1300463019,5.87535234,Solved
L?AADbGY@kFOLg,24,5,5.6502228186,0.6502228186,1.1300445637,5.80189091,Solved
L?AAFBOm@[FOBw,25,5,5.6502074860,0.6502074860,1.1300414972,5.83064503,Solved
L?AADb_]@w@sN_,25,5,5.6502026682,0.6502026682,1.1300405336,5.81360703,Solved
L?AADbGIfOEoLg,24,5,5.6501791232,0.6501791232,1.1300358246,5.80913778,Solved
L?AADbGy@kFOLg,25,5,5.6501791210,0.6501791210,1.1300358242,5.81122840,Solved
L?AAD@WM`wIgi`,24,5,5.6501653335,0.6501653335,1.1300330667,5.81727962,Solved
L?AAD?sY?sAim?,21,5,5.6501606777,0.6501606777,1.1300321355,5.80490432,Solved
L?AAD?sY?sV?Ds,22,5,5.6501476894,0.6501476894,1.1300295379,5.82024782,Solved
L?AADbGy@kFODk,25,5,5.6501414098,0.6501414098,1.1300282820,5.81387594,Solved
L?AADb_I_wN?Fg,23,5,5.6501390774,0.6501390774,1.1300278155,5.80735847,Solved
L?AADAoNBo@wFo,24,5,5.6501327468,0.6501327468,1.1300265494,5.80263817,Solved
L?AADAw{?{@wN_,25,5,5.6501313509,0.6501313509,1.1300262702,5.80658553,Solved
L?AAD?{{Bo@wFo,25,5,5.6501285253,0.6501285253,1.1300257051,5.82622745,Solved
L?AAD?syBoBoDs,24,5,5.6501284376,0.6501284376,1.1300256875,5.80933865,Solved
L?AAD?s[?sN_Bs,23,5,5.6501252455,0.6501252455,1.1300250491,5.81134139,Solved
L?AAD?{{BoBoBs,25,5,5.6501240847,0.6501240847,1.1300248169,5.82405422,Solved
L?AAD@W[?s@Y^?,22,5,5.6500872955,0.6500872955,1.1300174591,5.80836105,Solved
L?AAD@WLDoTOTP,23,5,5.6500840029,0.6500840029,1.1300168006,5.82296878,Solved
L?AAD`gDeOfOLa,24,5,5.6500838597,0.6500838597,1.1300167719,5.80108354,Solved
L?AAD`gDf?f_N_,24,5,5.6500830772,0.6500830772,1.1300166154,5.80928507,Solved
L?AAD@oX?sZ?ak,22,5,5.6500774410,0.6500774410,1.1300154882,5.81004023,Solved
L?AAD?smBoIgi`,24,5,5.6500768083,0.6500768083,1.1300153617,5.81202481,Solved
L?AAFAw{?]BoN_,26,5,5.6500722258,0.6500722258,1.1300144452,5.84101261,Solved
L?AAD@OJDo@wN_,22,5,5.6500560724,0.6500560724,1.1300112145,5.80420613,Solved
L?AEBAo]@w@wN_,25,5,5.6500252979,0.6500252979,1.1300050596,5.81240352,Solved
L?AADbGY?kTOKg,22,5,5.6500028779,0.6500028779,1.1300005756,5.81671182,Solved
L?AADAoU?yM_Bw,23,5,5.6500028763,0.6500028763,1.1300005753,5.82036212,Solved
L?AAD?sYCSIg}?,22,5,5.6499946250,0.6499946250,1.1299989250,5.80446703,Solved
L?ABEb_M?[J_Dg,23,5,5.6499832066,0.6499832066,1.1299966413,5.80147254,Solved
L?AAD@oy@w@wFo,24,5,5.6499832038,0.6499832038,1.1299966408,5.81222043,Solved
L?AADb_]@w@sFg,25,5,5.6499796400,0.6499796400,1.1299959280,5.82458584,Solved
L?AADb_I_wBs}?,24,5,5.6499721221,0.6499721221,1.1299944244,5.80290072,Solved
L?AADb_]@wAsFg,25,5,5.6499684806,0.6499684806,1.1299936961,5.80356079,Solved
L?AADbGY?kESm_,23,5,5.6499615829,0.6499615829,1.1299923166,5.81710535,Solved
L?AADb_K_]Bom_,24,5,5.6499614424,0.6499614424,1.1299922885,5.80967865,Solved
L?ABEb_M?[J_Fg,24,5,5.6499538519,0.6499538519,1.1299907704,5.80164641,Solved
L?AEB`gFF_DoBq,25,5,5.6499530318,0.6499530318,1.1299906064,5.80202550,Solved
L?AAD@WKbWV?RS,23,5,5.6499146209,0.6499146209,1.1299829242,5.82488541,Solved
L?AAD@WkdoL_RS,24,5,5.6499089960,0.6499089960,1.1299817992,5.82344517,Solved
L?AEB?s]F_@wN_,25,5,5.6499084505,0.6499084505,1.1299816901,5.81514417,Solved
L?AEBBo]?{@w^?,26,5,5.6498847245,0.6498847245,1.1299769449,5.82374497,Solved
L?`@Cb_HOs@soc,22,5,5.6498846889,0.6498846889,1.1299769378,5.80875122,Solved
L?AADbGy?lFOLg,25,5,5.6498645848,0.6498645848,1.1299729170,5.81046740,Solved
L?AAFAw{@sBoBs,26,5,5.6498167769,0.6498167769,1.1299633554,5.83528675,Solved
L?AEBAoFFO@wM_,23,5,5.6498094984,0.6498094984,1.1299618997,5.82914733,Solved
L?`@Cb_HOs@ssc,23,5,5.6497892188,0.6497892188,1.1299578438,5.82358756,Solved
L?AEB?oT@wBWA{,23,5,5.6497855402,0.6497855402,1.1299571080,5.80746807,Solved
L?AEBAoFBoDoBw,24,5,5.6497745885,0.6497745885,1.1299549177,5.83625476,Solved
L?AEBBo]@w@wN_,26,5,5.6497732734,0.6497732734,1.1299546547,5.81509978,Solved
L?AEFBo]@wBoFo,27,5,5.6497730491,0.6497730491,1.1299546098,5.84327597,Solved
L?AAD@W[?Ubo^?,23,5,5.6497559832,0.6497559832,1.1299511966,5.81967509,Solved
L?AEB`gFF_@wM_,24,5,5.6497421077,0.6497421077,1.1299484215,5.80858366,Solved
L?AEB`gFF_@wN_,25,5,5.6497418004,0.6497418004,1.1299483601,5.81093857,Solved
L?AADb_y@sBSFg,25,5,5.6497193037,0.6497193037,1.1299438607,5.80374670,Solved
L?AAD@omBWHgk`,24,5,5.6496676902,0.6496676902,1.1299335380,5.80098534,Solved
L?AADb_I_kBs}?,24,5,5.6496377000,0.6496377000,1.1299275400,5.82018296,Solved
L?ABAaGE`Bm_VA,23,5,5.6496114589,0.6496114589,1.1299222918,5.80330597,Solved
L?AAD?smFOAwN_,24,5,5.6495824373,0.6495824373,1.1299164875,5.80893015,Solved
L?AB?qQZEoN_HY,26,5,5.6495756334,0.6495756334,1.1299151267,5.80019468,Solved
L?ABAaQJ@JZ?}?,24,5,5.6495484904,0.6495484904,1.1299096981,5.80113165,Solved
L?AADb_F@[N?Bw,24,5,5.6495435497,0.6495435497,1.1299087099,5.81067587,Solved
L?AAD`KZBoROck,25,5,5.6495321298,0.6495321298,1.1299064260,5.81123677,Solved
L?ABAaQJ@JN?uA,24,5,5.6495277988,0.6495277988,1.1299055598,5.83323083,Solved
L?AEB?wVF_@wFo,25,5,5.6495082406,0.6495082406,1.1299016481,5.81134522,Solved
L?AADb_B_lF_}?,24,5,5.6494610009,0.6494610009,1.1298922002,5.84727926,Solved
L?AAFBOm?]F_N_,25,5,5.6494610008,0.6494610008,1.1298922002,5.81621220,Solved
L?AEB?wF_mL_yA,25,5,5.6494360658,0.6494360658,1.1298872132,5.84025381,Solved
L?AAD@oX?s^?ak,23,5,5.6494278299,0.6494278299,1.1298855660,5.80790560,Solved
L?AADb_K_wVOBw,24,5,5.6494276331,0.6494276331,1.1298855266,5.82110075,Solved
L?ABCeWUAWN_H[,25,5,5.6494268361,0.6494268361,1.1298853672,5.83418240,Solved
L?AADb_F@s@{m_,25,5,5.6494035567,0.6494035567,1.1298807113,5.80508374,Solved
L?AADb_]@s@sN_,25,5,5.6493998204,0.6493998204,1.1298799641,5.80629358,Solved
L?AEF?wDvOJ_Fo,26,5,5.6493960343,0.6493960343,1.1298792069,5.80863205,Solved
L?AEB_k]F_BoBq,26,5,5.6493960309,0.6493960309,1.1298792062,5.81490585,Solved
L?ABCeWU@WN_H[,25,5,5.6493711225,0.6493711225,1.1298742245,5.81183601,Solved
L?ABCeWUBWN_H[,26,5,5.6493699181,0.6493699181,1.1298739836,5.81663141,Solved
L?AADAw]BgIgi`,25,5,5.6493558673,0.6493558673,1.1298711735,5.81978166,Solved
L?AAD@W[?sDoBc,21,5,5.6493419261,0.6493419261,1.1298683852,5.80012681,Solved
L?AAFAw{?uFOFo,26,5,5.6493326264,0.6493326264,1.1298665253,5.80424302,Solved
L?AAFAw{?mFOFo,26,5,5.6493322945,0.6493322945,1.1298664589,5.81477255,Solved
L?`@C`oJ?NWQMB,24,5,5.6492851458,0.6492851458,1.1298570292,5.80785876,Solved
L?AAD@WK_Yf_m?,22,5,5.6492843058,0.6492843058,1.1298568612,5.80879299,Solved
L?ABAaQuBoCkZG,25,5,5.6492816862,0.6492816862,1.1298563372,5.82587687,Solved
L?AEBBo]@[@wN_,26,5,5.6492793782,0.6492793782,1.1298558756,5.80027621,Solved
L?AEB_NJ`wN?{G,27,5,5.6492480398,0.6492480398,1.1298496080,5.82192377,Solved
L?AEBBo\@wBoBw,26,5,5.6492480307,0.6492480307,1.1298496061,5.84153230,Solved
L?ABAaGi?lL_LG,22,5,5.6492366672,0.6492366672,1.1298473334,5.80725672,Solved
L?AEBAoFFO@wJ_,23,5,5.6491896898,0.6491896898,1.1298379380,5.81532044,Solved
L?ABAaGi@hL_Dk,23,5,5.6491896887,0.6491896887,1.1298379377,5.80618810,Solved
L?AADBOJEoBoBg,22,5,5.6491737852,0.6491737852,1.1298347570,5.81453724,Solved
L?AADAoU@wBgBw,23,5,5.6491697218,0.6491697218,1.1298339444,5.80520844,Solved
L?AADb_B_xF_}?,24,5,5.6491583160,0.6491583160,1.1298316632,5.82631037,Solved
L?AADb_FFO@sJ_,23,5,5.6491583155,0.6491583155,1.1298316631,5.83295261,Solved
L?AAD_kRQwUOm?,24,5,5.6491583155,0.6491583155,1.1298316631,5.80994271,Solved
L?AAD@OJBo@[N_,22,5,5.6488635369,0.6488635369,1.1297727074,5.80110044,Solved
L?AAD@WK_Yv?^?,23,5,5.6488431102,0.6488431102,1.1297686220,5.80534116,Solved
L?AEB?W\FOAwN_,24,5,5.6487478148,0.6487478148,1.1297495630,5.80431207,Solved
L?AEBAo]@wBgBW,24,5,5.6486288602,0.6486288602,1.1297257720,5.80880137,Solved
L?AA@aHX@sF_ec,23,5,5.6484370074,0.6484370074,1.1296874015,5.80342710,Solved
L?AADAoU?[M_Fo,22,5,5.6484274896,0.6484274896,1.1296854979,5.80046986,Solved
L?AAD@OJ@sN?Bw,22,5,5.6482572730,0.6482572730,1.1296514546,5.80606881,Solved
L?AADBOJEo@sN_,23,5,5.6481594467,0.6481594467,1.1296318893,5.81006606,Solved
L?AADbGY?kCsm_,23,5,5.6481556385,0.6481556385,1.1296311277,5.80708759,Solved
L?AE@bGyAwAsN_,25,5,5.6481064651,0.6481064651,1.1296212930,5.81285282,Solved
L?AAD@WK_{EoRS,23,5,5.6478599370,0.6478599370,1.1295719874,5.81551791,Solved
L?AAD@WKaYL_m_,23,5,5.6478309934,0.6478309934,1.1295661987,5.81174155,Solved
L?AADbGY?kEsm_,24,5,5.6478245971,0.6478245971,1.1295649194,5.80954563,Solved
L?AAD@WKdoN_RS,24,5,5.6477836837,0.6477836837,1.1295567367,5.81452798,Solved
L?AADb_L?[Bs}?,24,5,5.6474578258,0.6474578258,1.1294915652,5.80658543,Solved
L?AEBAoF@sN?Bw,24,5,5.6474490959,0.6474490959,1.1294898192,5.82241351,Solved
L?AAD@W[BgBoBs,23,5,5.6474311726,0.6474311726,1.1294862345,5.81526795,Solved
L?AAD@WKaYTO^?,23,5,5.6474263833,0.6474263833,1.1294852767,5.81572820,Solved
L?AE@b_F@[M_Bw,24,5,5.6474238922,0.6474238922,1.1294847784,5.81500006,Solved
L?AAD?wTDcBgN_,23,5,5.6474233364,0.6474233364,1.1294846673,5.80399671,Solved
L?AEBAoFFO@wN_,24,5,5.6474186799,0.6474186799,1.1294837360,5.82237875,Solved
L?AADb_FFO@sN_,24,5,5.6473673567,0.6473673567,1.1294734713,5.84054566,Solved
L?AAF?UyF_F_Fo,25,5,5.6473622159,0.6473622159,1.1294724432,5.80872734,Solved
L?AAD@W[?{@y^?,24,5,5.6473568653,0.6473568653,1.1294713731,5.81126206,Solved
L?AADb_B`w^?Fg,25,5,5.6473478124,0.6473478124,1.1294695625,5.82981636,Solved
L?AAD@WkdoF_RS,24,5,5.6473473415,0.6473473415,1.1294694683,5.82057514,Solved
L?AEB?wVF_BoBq,25,5,5.6473403380,0.6473403380,1.1294680676,5.83627578,Solved
L?AAF?Uy@wBw}?,26,5,5.6473402044,0.6473402044,1.1294680409,5.80793090,Solved
L?AE@bGy?lN_N_,26,5,5.6471676624,0.6471676624,1.1294335325,5.81635165,Solved
L?AAD@WKaQeoFo,23,5,5.6471239463,0.6471239463,1.1294247893,5.80171123,Solved
L?AAFBOJBoFOBw,24,5,5.6470829554,0.6470829554,1.1294165911,5.81416555,Solved
L?AE@b_F?ZM_N_,24,5,5.6470401793,0.6470401793,1.1294080359,5.80527444,Solved
L?AADb_F@sN?Bw,24,5,5.6470315189,0.6470315189,1.1294063038,5.81204351,Solved
L?AAD@WKaYVO^?,24,5,5.6470155278,0.6470155278,1.1294031056,5.81080437,Solved
L?AADb_]@s@sFg,25,5,5.6470001452,0.6470001452,1.1294000290,5.81406708,Solved
L?AEB?w{Bg@wFo,25,5,5.6469776264,0.6469776264,1.1293955253,5.80649186,Solved
L?AADBOJ?\Fo}?,24,5,5.6469655227,0.6469655227,1.1293931045,5.81967371,Solved
L?AEB?oy?{N_Ds,25,5,5.6469572295,0.6469572295,1.1293914459,5.80538698,Solved
L?AEBAoFBo@{N_,25,5,5.6469331849,0.6469331849,1.1293866370,5.82544817,Solved
L?AAD@WkdoN_RS,25,5,5.6468982705,0.6468982705,1.1293796541,5.80801434,Solved
L?AADb_FBoFoBw,25,5,5.6468698074,0.6468698074,1.1293739615,5.80300640,Solved
L?AE@b_F?VFo\A,25,5,5.6468550559,0.6468550559,1.1293710112,5.80667575,Solved
L?AADb_F?\^?N_,25,5,5.6467916214,0.6467916214,1.1293583243,5.83909548,Solved
L?AA@r_D_x\A^?,25,5,5.6467866174,0.6467866174,1.1293573235,5.80112370,Solved
L?AEB?wFf_N_Bq,26,5,5.6467836687,0.6467836687,1.1293567337,5.83109458,Solved
L?AEB?wDvON_Fo,26,5,5.6467796527,0.6467796527,1.1293559305,5.80775881,Solved
L?AEF@oV?{@{^?,27,5,5.6465501786,0.6465501786,1.1293100357,5.80090766,Solved
L?AAFBOJBo@{N_,25,5,5.6463134790,0.6463134790,1.1292626958,5.80673595,Solved
L?AADb_Bhs^?Fg,26,5,5.6463130340,0.6463130340,1.1292626068,5.80495251,Solved
L?AADb_BnOBoN_,25,5,5.6462402772,0.6462402772,1.1292480554,5.82217095,Solved
L?AEF@o]?\Bo^?,26,5,5.6462274392,0.6462274392,1.1292454878,5.81356490,Solved
L?AADb_Bg{^?N_,26,5,5.6462172273,0.6462172273,1.1292434455,5.81427043,Solved
L?AEB@wDpwFoyC,27,5,5.6462010890,0.6462010890,1.1292402178,5.80372756,Solved
L?AEF@o]?{@{^?,27,5,5.6462010877,0.6462010877,1.1292402175,5.81134924,Solved
L?AA@r_D_x]?m_,24,5,5.6459468323,0.6459468323,1.1291893665,5.80506629,Solved
L?AA@b_m@s@kFg,24,5,5.6459005897,0.6459005897,1.1291801179,5.80483513,Solved
L?AADbGY?kboe_,23,5,5.6458920809,0.6458920809,1.1291784162,5.80298844,Solved
L?AE@b_F?]M_N_,24,5,5.6451139920,0.6451139920,1.1290227984,5.80690410,Solved
L?AB?qQP]oN?ZG,25,5,5.6441160760,0.6441160760,1.1288232152,5.80947295,Solved
L?AEB?o]Aw@kFO,23,5,5.6440939596,0.6440939596,1.1288187919,5.80041752,Solved
L?AAD@W[?Uf_Eo,22,5,5.6440235487,0.6440235487,1.1288047097,5.80133664,Solved
L?AEBAoFDo@sM_,23,5,5.6440055709,0.6440055709,1.1288011142,5.80911576,Solved
L?AAD@OJ@sBgig,22,5,5.6439591371,0.6439591371,1.1287918274,5.80482906,Solved
L?AEBAoFDo@sN_,24,5,5.6439131543,0.6439131543,1.1287826309,5.80270740,Solved
L?AADAoNBoBgBw,24,5,5.6439131536,0.6439131536,1.1287826307,5.81184529,Solved
L?ABAaGE`Bj_\G,23,5,5.6439027893,0.6439027893,1.1287805579,5.81024848,Solved
L?AAD@W[?Uf_Fo,23,5,5.6438128654,0.6438128654,1.1287625731,5.81865158,Solved
L?AAD@WK`sN_RS,24,5,5.6438044503,0.6438044503,1.1287608901,5.80047379,Solved
L?AAD@om@wBoBw,24,5,5.6438044482,0.6438044482,1.1287608896,5.81815364,Solved
L?AAD@W[?Un_Fo,24,5,5.6437560247,0.6437560247,1.1287512049,5.81088945,Solved
L?AAD@o]@w@[Fo,24,5,5.6437560238,0.6437560238,1.1287512048,5.82679461,Solved
L?AB?qQqAJ^?ZG,25,5,5.6437369469,0.6437369469,1.1287473894,5.80179308,Solved
L?AEB?wFOm]?^?,25,5,5.6437313684,0.6437313684,1.1287462737,5.81486268,Solved
L?AEB?o]AwBgBw,24,5,5.6435146370,0.6435146370,1.1287029274,5.80167863,Solved
L?AADb_B_lN?N_,24,5,5.6434874577,0.6434874577,1.1286974915,5.81094032,Solved
L?AAFBOm@wDoBw,25,5,5.6434841292,0.6434841292,1.1286968258,5.81405319,Solved
L?AADb_]@sBoBw,25,5,5.6434738148,0.6434738148,1.1286947630,5.80859853,Solved
L?AE@bGY?{N_Dk,25,5,5.6434738146,0.6434738146,1.1286947629,5.80986129,Solved
L?AEB?w{Bg@wN_,25,5,5.6434738141,0.6434738141,1.1286947628,5.80153010,Solved
L?AE@bGY?kl_N_,24,5,5.6434738139,0.6434738139,1.1286947628,5.82168378,Solved
L?AAD?smFOBoDq,24,5,5.6434738132,0.6434738132,1.1286947626,5.81458192,Solved
L?AADAw{@wBoBs,25,5,5.6434738125,0.6434738125,1.1286947625,5.82095906,Solved
L?AAD`KNBWROci,25,5,5.6434738124,0.6434738124,1.1286947625,5.80038380,Solved
L?AE@bGYBWFoDk,25,5,5.6434738122,0.6434738122,1.1286947624,5.81388485,Solved
L?AAFAw{@wBoBs,26,5,5.6434738114,0.6434738114,1.1286947623,5.81627522,Solved
L?AA@AOQ?{N_Lc,21,5,5.6430952137,0.6430952137,1.1286190427,5.81286420,Solved
L?AA@AOuAXF_VO,22,5,5.6430952131,0.6430952131,1.1286190426,5.80345959,Solved
L?AAD@Oy?mEok_,22,5,5.6430952128,0.6430952128,1.1286190426,5.81142079,Solved
L?AAD@OiBW@kVO,22,5,5.6430952127,0.6430952127,1.1286190425,5.80698096,Solved
L?AA@AOeAwDcF_,20,5,5.6430952125,0.6430952125,1.1286190425,5.81090510,Solved
L?AAD@OZDcAwL_,22,5,5.6430952123,0.6430952123,1.1286190425,5.80264703,Solved
L?AA@AOY?kbo^?,21,5,5.6430952117,0.6430952117,1.1286190423,5.81855610,Solved
L?AAD@Oi@WBgBW,20,5,5.6430952117,0.6430952117,1.1286190423,5.82564357,Solved
L?AAD@Oi@sBWCs,21,5,5.6430952116,0.6430952116,1.1286190423,5.82213467,Solved
L?AA@AOFEoDcm_,21,5,5.6430952109,0.6430952109,1.1286190422,5.80098523,Solved
L?AA@AOe?wHcJg,20,5,5.6430952094,0.6430952094,1.1286190419,5.80694717,Solved
L?AA@AOFEoDce_,20,5,5.6430952093,0.6430952093,1.1286190419,5.81322054,Solved
L?AAD@OJDcAwL_,21,5,5.6430952089,0.6430952089,1.1286190418,5.80305622,Solved
L?AAD@Oi@wHgJG,21,5,5.6430952088,0.6430952088,1.1286190418,5.81690663,Solved
L?AA@AOQAwAqN_,20,5,5.6430952087,0.6430952087,1.1286190417,5.80991690,Solved
L?AA@AOY?kj_N_,21,5,5.6430952083,0.6430952083,1.1286190417,5.80839510,Solved
L?AA@BOi?VBWuO,22,5,5.6430952083,0.6430952083,1.1286190417,5.80086951,Solved
L?AA@AOeAwLcRW,22,5,5.6430952082,0.6430952082,1.1286190416,5.80238672,Solved
L?AA@AOYCs@sN_,21,5,5.6430952082,0.6430952082,1.1286190416,5.82661591,Solved
L?AAD@OI@kUODs,21,5,5.6430952080,0.6430952080,1.1286190416,5.81704802,Solved
L?AA@BOi?uFOCs,21,5,5.6430952078,0.6430952078,1.1286190416,5.82270635,Solved
L?AA@AOQ@{N_Lc,22,5,5.6430952075,0.6430952075,1.1286190415,5.80804012,Solved
L?AAD@OJFO@kVO,22,5,5.6430952075,0.6430952075,1.1286190415,5.81280606,Solved
L?AA@AOY?{VOJg,22,5,5.6430952074,0.6430952074,1.1286190415,5.81801532,Solved
L?AAD?oq?u@[m_,22,5,5.6430952072,0.6430952072,1.1286190414,5.81318494,Solved
L?AA@AOQ?{J_Lc,20,5,5.6430952072,0.6430952072,1.1286190414,5.80781740,Solved
L?AA@AOYCsDsN_,22,5,5.6430952071,0.6430952071,1.1286190414,5.81271959,Solved
L?AAD@OiDcEoDs,22,5,5.6430952071,0.6430952071,1.1286190414,5.81175654,Solved
L?AA@AOQAwFoLc,21,5,5.6430952070,0.6430952070,1.1286190414,5.81104905,Solved
L?AA@AOY?{ROJg,21,5,5.6430952069,0.6430952069,1.1286190414,5.81821827,Solved
L?AA@AOeAwDcN_,21,5,5.6430952068,0.6430952068,1.1286190414,5.80567798,Solved
L?AAD@O\@LEoaF,23,5,5.6430952067,0.6430952067,1.1286190413,5.80168239,Solved
L?AA@BOi?VJGeo,22,5,5.6430952064,0.6430952064,1.1286190413,5.80028507,Solved
L?AAD@Oi@WHgBw,21,5,5.6430952062,0.6430952062,1.1286190412,5.83449523,Solved
L?AAD?sY?sZ?Dc,21,5,5.6427581744,0.6427581744,1.1285516349,5.80347878,Solved
L?AADbGI_kEciA,22,5,5.6414091288,0.6414091288,1.1282818258,5.80899373,Solved
L?ABAaGJCcn?HY,23,5,5.6411827866,0.6411827866,1.1282365573,5.80574360,Solved
L?AE@`gMBWAsqP,24,5,5.6411827093,0.6411827093,1.1282365419,5.80259317,Solved
L?AE@`gTBoPIDh,24,5,5.6411817747,0.6411817747,1.1282363549,5.81088184,Solved
L?`@Cb_F?\GYl@,24,5,5.6411816152,0.6411816152,1.1282363230,5.81559977,Solved
L?AE@`g\BoAsqP,25,5,5.6411815963,0.6411815963,1.1282363193,5.80252703,Solved
L?AE@`gZEQF_Di,25,5,5.6411815276,0.6411815276,1.1282363055,5.82025091,Solved
L?ABAagF?lN?gU,24,5,5.6411705337,0.6411705337,1.1282341067,5.83038306,Solved
L?ABAaQuBoDcH[,25,5,5.6411679446,0.6411679446,1.1282335889,5.81683466,Solved
L?AE@poJBg@ssD,25,5,5.6411674479,0.6411674479,1.1282334896,5.83066933,Solved
L?AEBBo]@sBoBw,26,5,5.6411622463,0.6411622463,1.1282324493,5.82927375,Solved
L?ABAaQuBoLcH[,26,5,5.6411603860,0.6411603860,1.1282320772,5.80670157,Solved
L?AE@poJ?\N_sE,26,5,5.6411603860,0.6411603860,1.1282320772,5.81840349,Solved
L?AADbGY?kfOKg,23,5,5.6406648929,0.6406648929,1.1281329786,5.81071829,Solved
L?AADbGY?ktOKg,23,5,5.6405573352,0.6405573352,1.1281114670,5.80942174,Solved
L?ABBb_V?\Bo}?,26,5,5.6404825668,0.6404825668,1.1280965134,5.80438867,Solved
L?AEBAoFEoDoBg,23,5,5.6403451582,0.6403451582,1.1280690316,5.80321285,Solved
L?AADb_M`w@s}?,25,5,5.6402804935,0.6402804935,1.1280560987,5.80121442,Solved
L?AAD?sY?sAq}?,22,5,5.6402698937,0.6402698937,1.1280539787,5.81154084,Solved
L?AE@poBh[]?^?,26,5,5.6402613154,0.6402613154,1.1280522631,5.80927088,Solved
L?AEFBo]@sBoFo,27,5,5.6402348706,0.6402348706,1.1280469741,5.80978339,Solved
L?AEB?ouBWBoDo,23,5,5.6398978188,0.6398978188,1.1279795638,5.80310628,Solved
L?AAD?s[?uJ_Bs,23,5,5.6397353376,0.6397353376,1.1279470675,5.81146585,Solved
L?AADbGY?keSm_,24,5,5.6396896295,0.6396896295,1.1279379259,5.80410912,Solved
L?AA@b_yAwAsN_,24,5,5.6396567310,0.6396567310,1.1279313462,5.80132354,Solved
L?AA@_gkCQH_DG,18,5,5.6392526601,0.6392526601,1.1278505320,5.80000721,Solved
L?`@Cb_FDgGYBW,23,5,5.6388891908,0.6388891908,1.1277778382,5.80514040,Solved
L?AAD_kRSdN?m?,24,5,5.6388561191,0.6388561191,1.1277712238,5.81632950,Solved
L?AAD?sY?kfO}?,23,5,5.6388552684,0.6388552684,1.1277710537,5.80478141,Solved
L?AAD@W[?uF_Bs,23,5,5.6388411417,0.6388411417,1.1277682283,5.80108880,Solved
L?AAD@WKaWf_m_,23,5,5.6387136964,0.6387136964,1.1277427393,5.80407182,Solved
L?AAD@oJ`s@s}?,24,5,5.6386897236,0.6386897236,1.1277379447,5.80482682,Solved
L?AAD?WHM_J_JA,20,5,5.6386809780,0.6386809780,1.1277361956,5.80131051,Solved
L?AA@_gaU_L_DK,20,5,5.6386809779,0.6386809779,1.1277361956,5.80269992,Solved
L?AAD?oq?ZM_UO,21,5,5.6386809774,0.6386809774,1.1277361955,5.80252483,Solved
L?AADAoX?kBQTO,21,5,5.6386809760,0.6386809760,1.1277361952,5.80115705,Solved
L?AA@_gkCQH_TI,20,5,5.6386809757,0.6386809757,1.1277361951,5.81560813,Solved
L?AADAoX?kIgm?,21,5,5.6386809752,0.6386809752,1.1277361950,5.80234421,Solved
L?AA@bGw?YE_FC,20,5,5.6386809744,0.6386809744,1.1277361949,5.82537806,Solved
L?AAD?oqAXM_VO,22,5,5.6386809744,0.6386809744,1.1277361949,5.80155403,Solved
L?AA@AOeAWEoJg,20,5,5.6386809743,0.6386809743,1.1277361949,5.80670763,Solved
L?AAD?WHHoI_AT,19,5,5.6386809738,0.6386809738,1.1277361948,5.81441701,Solved
L?AADBOY@K@gi_,20,5,5.6386809738,0.6386809738,1.1277361948,5.80924145,Solved
L?AA@aHiAWIa{?,21,5,5.6386809737,0.6386809737,1.1277361947,5.80268887,Solved
L?AADAoX?kIgm_,22,5,5.6386809736,0.6386809736,1.1277361947,5.80054546,Solved
L?AA@_gkCQH_DI,19,5,5.6386809730,0.6386809730,1.1277361946,5.82839325,Solved
L?AA@BOTDODoDa,20,5,5.6386809720,0.6386809720,1.1277361944,5.80947069,Solved
L?AAD?oq@gJGRW,21,5,5.6386809718,0.6386809718,1.1277361944,5.80870391,Solved
L?AADAoX?kBWTO,21,5,5.6386809712,0.6386809712,1.1277361942,5.80095368,Solved
L?AAD?WHJ_J_aE,20,5,5.6386809710,0.6386809710,1.1277361942,5.80661911,Solved
L?AAD@o]@w@sFo,24,5,5.6383919113,0.6383919113,1.1276783823,5.80300525,Solved
L?AE@`gTF_PIDh,24,5,5.6383363554,0.6383363554,1.1276672711,5.80852606,Solved
L?AAD`oJCc~?RQ,25,5,5.6382483306,0.6382483306,1.1276496661,5.80046459,Solved
L?AEB?oyAwAwN_,24,5,5.6379546631,0.6379546631,1.1275909326,5.81065431,Solved
L?AEB?oy@[Aw^?,24,5,5.6376434443,0.6376434443,1.1275286889,5.80278981,Solved
L?AA@AWs@WBgBS,20,5,5.6374834134,0.6374834134,1.1274966827,5.81781987,Solved
L?AA@AOU@XRON_,21,5,5.6374834127,0.6374834127,1.1274966825,5.81791369,Solved
L?AAD?oq?ZM_VO,22,5,5.6374834117,0.6374834117,1.1274966823,5.81181301,Solved
L?AAD?oq?yM_RW,22,5,5.6374834110,0.6374834110,1.1274966822,5.80792730,Solved
L?AA@BOT@TFO}?,22,5,5.6374834109,0.6374834109,1.1274966822,5.81615911,Solved
L?AA@AWs@Whg^?,22,5,5.6374834106,0.6374834106,1.1274966821,5.80463005,Solved
L?AA@AOeAWBoJg,20,5,5.6374834104,0.6374834104,1.1274966821,5.81345378,Solved
L?AA@AWs@wHgJC,21,5,5.6374834102,0.6374834102,1.1274966820,5.81820169,Solved
L?AA@aHiAW]?TK,22,5,5.6374834086,0.6374834086,1.1274966817,5.81900792,Solved
L?AAD@Oi?wDcBW,20,5,5.6374834077,0.6374834077,1.1274966815,5.81957978,Solved
L?AA@BOJCsF_cc,21,5,5.6374834075,0.6374834075,1.1274966815,5.82958844,Solved
L?AA@AOu@wHgZG,22,5,5.6374834075,0.6374834075,1.1274966815,5.80621441,Solved
L?AADAoY?kig\?,22,5,5.6374834074,0.6374834074,1.1274966815,5.82579367,Solved
L?AADAoY?kIg\?,21,5,5.6374834067,0.6374834067,1.1274966813,5.81453058,Solved
L?AADBOIeoBWAw,22,5,5.6374834064,0.6374834064,1.1274966813,5.81403227,Solved
L?AADBOYBWAiVO,23,5,5.6374834062,0.6374834062,1.1274966812,5.80268661,Solved
L?AAD@OiAwDcBW,21,5,5.6374834061,0.6374834061,1.1274966812,5.83329196,Solved
L?AA@AWs@W@iVO,21,5,5.6374834059,0.6374834059,1.1274966812,5.81965334,Solved
L?AAD?oq@gBgRW,21,5,5.6374834058,0.6374834058,1.1274966812,5.83446980,Solved
L?AADAoT@kAw^?,23,5,5.6374834057,0.6374834057,1.1274966811,5.80596891,Solved
L?AA@AOu@XFO^?,22,5,5.6374834055,0.6374834055,1.1274966811,5.80822822,Solved
L?AADAoT@kAwic,23,5,5.6374834052,0.6374834052,1.1274966810,5.80966213,Solved
L?AADBOY@WBgDS,21,5,5.6374834051,0.6374834051,1.1274966810,5.82252313,Solved
L?AA@AOeBWFoJg,22,5,5.6374834050,0.6374834050,1.1274966810,5.80885111,Solved
L?AAD?oq@gJgRW,22,5,5.6374834049,0.6374834049,1.1274966810,5.82214047,Solved
L?AA@AOeBWBoJg,21,5,5.6374834048,0.6374834048,1.1274966810,5.80987616,Solved
L?AA@AOU@XFom_,22,5,5.6374834047,0.6374834047,1.1274966809,5.80428832,Solved
L?AADBOYBWBgDS,22,5,5.6374834046,0.6374834046,1.1274966809,5.81247283,Solved
L?AA@AOeAWFoJg,21,5,5.6374834045,0.6374834045,1.1274966809,5.81060224,Solved
L?AA@AOU@XBom_,21,5,5.6374834042,0.6374834042,1.1274966808,5.80324121,Solved
L?AAD?oq@gBgBW,20,5,5.6374834037,0.6374834037,1.1274966807,5.83294735,Solved
L?AAD@oVBgBWBw,24,5,5.6372797554,0.6372797554,1.1274559511,5.80699638,Solved
L?AAD@o]@wBWBw,24,5,5.6372797499,0.6372797499,1.1274559500,5.80845745,Solved
L?AEF?wDvOJ_J_,25,5,5.6370276266,0.6370276266,1.1274055253,5.80214448,Solved
L?AADb_m?]FOFg,25,5,5.6370276248,0.6370276248,1.1274055250,5.82215220,Solved
L?AAD_kRPwFOck,25,5,5.6370276228,0.6370276228,1.1274055246,5.81683838,Solved
L?AAD_kyF_Hgch,25,5,5.6370276208,0.6370276208,1.1274055242,5.80297057,Solved
L?AEF@o]?uF_Bw,26,5,5.6370276189,0.6370276189,1.1274055238,5.80035804,Solved
L?AEF?wDvOJ_N_,26,5,5.6330642206,0.6330642206,1.1266128441,5.80879311,Solved
L?AAD@W[Bg@yFo,24,5,5.6330642189,0.6330642189,1.1266128438,5.80091551,Solved
L?AAFAw{?uFOBs,26,5,5.6330642145,0.6330642145,1.1266128429,5.81333871,Solved
L?AAD@W[@gBwBs,23,5,5.6330642145,0.6330642145,1.1266128429,5.80509587,Solved
L?AAD@o]@w@{Fo,25,5,5.6330642142,0.6330642142,1.1266128428,5.80869616,Solved
L?AAF?UyDoFoFo,26,5,5.6330642137,0.6330642137,1.1266128427,5.80200182,Solved
L?AEB_NJ`wN?sK,27,5,5.6330642137,0.6330642137,1.1266128427,5.80150721,Solved
L?AA@AW[?{L_Bc,21,5,5.6236820861,0.6236820861,1.1247364172,5.80018373,Solved
L?AA@bGw?YF_FC,21,5,5.6236820852,0.6236820852,1.1247364170,5.80396274,Solved
L?AADBOJEoBgBW,22,5,5.6153065652,0.6153065652,1.1230613130,5.80104988,Solved
L?AAD?oq?yF_RW,22,5,5.6153065625,0.6153065625,1.1230613125,5.80413869,Solved
L?AAD@oX?sEoCs,21,5,5.6138529702,0.6138529702,1.1227705940,5.80206464,Solved
L?AAD@WHe_eo\?,22,5,5.6126556803,0.6126556803,1.1225311361,5.80861788,Solved
L?AADAoUARFOEo,22,5,5.6048816222,0.6048816222,1.1209763244,5.80170924,Solved
L?AADAo]@sJGQW,23,5,5.6030376823,0.6030376823,1.1206075365,5.80389048,Solved
L?AAF@cEf_EoDo,23,5,5.5943863439,0.5943863439,1.1188772688,5.80206975,Solved
L?AAD?om@w@kTO,22,5,5.5943863391,0.5943863391,1.1188772678,5.80455439,Solved
L?AADbGY?[Csi_,22,5,5.5938624156,0.5938624156,1.1187724831,5.80190792,Solved
L?AA@bGw?[CsZ?,21,5,5.5938624125,0.5938624125,1.1187724825,5.80134174,Solved
L?AAFBOM@KAw\?,22,5,5.5938624112,0.5938624112,1.1187724822,5.80436828,Solved
L?AAD?om@wHKVO,23,5,5.5931201686,0.5931201686,1.1186240337,5.80705349,Solved
L?AAD@oy@wBgBW,23,5,5.5931201669,0.5931201669,1.1186240334,5.81262007,Solved
L?AAD?oy@w@kVO,23,5,5.5931201638,0.5931201638,1.1186240328,5.80404919,Solved
L?AAD@WKaQfOEo,22,5,5.5931201637,0.5931201637,1.1186240327,5.81375739,Solved
L?AAD@W[?UfOEo,22,5,5.5931201632,0.5931201632,1.1186240326,5.80069171,Solved
L?AA@aHiDoJ_TK,23,5,5.5931201606,0.5931201606,1.1186240321,5.80061503,Solved
L?AADBOmBWBgBW,23,5,5.5931201599,0.5931201599,1.1186240320,5.80596053,Solved
L?AAD@omBWBgBW,23,5,5.5789011897,0.5789011897,1.1157802379,5.80232227,Solved
L?AA@_gaOhv?^?,22,5,5.5789011876,0.5789011876,1.1157802375,5.80112807,Solved
L?AA@bGB`L\?Z?,22,5,5.5789011871,0.5789011871,1.1157802374,5.81679098,Solved
L?AAD?omBW@kVO,23,5,5.5789011858,0.5789011858,1.1157802372,5.80601712,Solved
L?AAD?omBWBgRW,23,5,5.5789011833,0.5789011833,1.1157802367,5.80653975,Solved
L?AADBO]?uFOAw,23,5,5.5786406038,0.5786406038,1.1157281208,5.80641584,Solved
L?AADAom@wIgRW,24,5,5.5752285607,0.5752285607,1.1150457121,5.80807530,Solved
L?AAD?om@wBgRW,23,5,5.5752285562,0.5752285562,1.1150457112,5.80375858,Solved
L?AAD@om@w@kFO,23,5,5.5752285556,0.5752285556,1.1150457111,5.82348207,Solved
L?AAD?om@w@kVO,23,5,5.5752285531,0.5752285531,1.1150457106,5.81364516,Solved
L?AADAou?ZF_VO,24,5,5.5752285522,0.5752285522,1.1150457104,5.81165119,Solved
L?AADBOm?ZBg^?,24,5,5.5752285522,0.5752285522,1.1150457104,5.80968307,Solved
L?AADBOm?ZF_VO,24,5,5.5752285517,0.5752285517,1.1150457103,5.80372225,Solved
L?AADAom@wJGRW,24,5,5.5752285516,0.5752285516,1.1150457103,5.81003022,Solved
L?AADAom?yN_RW,25,5,5.5676818959,0.5676818959,1.1135363792,5.82240846,Solved
L?AADAom@wBgRW,24,5,5.5676818955,0.5676818955,1.1135363791,5.82940210,Solved
L?AADAoN?y^?RW,25,5,5.5676818943,0.5676818943,1.1135363789,5.81422563,Solved
L?AADAom@wJgRW,25,5,5.5676818936,0.5676818936,1.1135363787,5.82160655,Solved
